Ticker,Date,Open,High,Low,Close,Adj Close,Volume
ATO,1983-12-28,5.583333015441895,5.75,5.583333015441895,5.583333015441895,1.3461381196975708,19200
ATO,1983-12-29,5.5416669845581055,5.75,5.5416669845581055,5.5416669845581055,1.336092829704285,93900
ATO,1983-12-30,5.5416669845581055,5.75,5.5416669845581055,5.5416669845581055,1.336092829704285,79800
ATO,1984-01-03,5.5416669845581055,5.6666669845581055,5.5,5.5,1.32604718208313,33000
ATO,1984-01-04,5.5,5.5416669845581055,5.4166669845581055,5.4166669845581055,1.3059555292129517,51600
ATO,1984-01-05,5.4166669845581055,5.5416669845581055,5.4166669845581055,5.4166669845581055,1.3059555292129517,35100
ATO,1984-01-06,5.5,5.6666669845581055,5.5,5.5,1.32604718208313,60600
ATO,1984-01-09,5.5416669845581055,5.75,5.5416669845581055,5.5416669845581055,1.336092829704285,40200
ATO,1984-01-10,5.5416669845581055,5.6666669845581055,5.5416669845581055,5.5416669845581055,1.336092829704285,44400
ATO,1984-01-11,5.5416669845581055,5.6666669845581055,5.5,5.5,1.32604718208313,60000
ATO,1984-01-12,5.5,5.6666669845581055,5.5,5.5,1.32604718208313,27900
ATO,1984-01-13,5.5,5.6666669845581055,5.5,5.5,1.32604718208313,32700
ATO,1984-01-16,5.5416669845581055,5.6666669845581055,5.5416669845581055,5.5416669845581055,1.336092829704285,31800
ATO,1984-01-17,5.5416669845581055,5.6666669845581055,5.5,5.5,1.32604718208313,75600
ATO,1984-01-18,5.5,5.5416669845581055,5.5,5.5,1.32604718208313,54600
ATO,1984-01-19,5.5,5.6666669845581055,5.5,5.5,1.32604718208313,65700
ATO,1984-01-20,5.5,5.5416669845581055,5.5,5.5,1.32604718208313,46500
ATO,1984-01-23,5.5,5.6666669845581055,5.5,5.5,1.32604718208313,84900
ATO,1984-01-24,5.5,5.6666669845581055,5.5,5.5,1.32604718208313,27600
ATO,1984-01-25,5.5,5.6666669845581055,5.5,5.5,1.32604718208313,28200
ATO,1984-01-26,5.5,5.6666669845581055,5.5,5.5,1.32604718208313,16500
ATO,1984-01-27,5.6666669845581055,5.9166669845581055,5.6666669845581055,5.6666669845581055,1.366230845451355,21900
ATO,1984-01-30,5.6666669845581055,5.7916669845581055,5.6666669845581055,5.6666669845581055,1.366230845451355,47400
ATO,1984-01-31,5.6666669845581055,5.7916669845581055,5.5416669845581055,5.5416669845581055,1.336092829704285,28800
ATO,1984-02-01,5.6666669845581055,5.7916669845581055,5.6666669845581055,5.6666669845581055,1.366230845451355,20700
ATO,1984-02-02,5.75,5.9166669845581055,5.75,5.75,1.386321783065796,28500
ATO,1984-02-03,5.9166669845581055,6.0416669845581055,5.9166669845581055,5.9166669845581055,1.4265060424804688,14100
ATO,1984-02-06,5.9166669845581055,6.0,5.7916669845581055,5.7916669845581055,1.396368145942688,39900
ATO,1984-02-07,5.7916669845581055,6.0,5.7916669845581055,5.7916669845581055,1.396368145942688,23100
ATO,1984-02-08,6.0,6.1666669845581055,6.0,6.0,1.4465970993041992,33300
ATO,1984-02-09,6.0,6.1666669845581055,6.0,6.0,1.4465970993041992,14100
ATO,1984-02-10,6.0416669845581055,6.1666669845581055,6.0416669845581055,6.0416669845581055,1.456642508506775,43500
ATO,1984-02-13,6.0,6.0,5.7916669845581055,5.7916669845581055,1.396368145942688,31800
ATO,1984-02-14,5.7916669845581055,6.0,5.7916669845581055,5.7916669845581055,1.396368145942688,14400
ATO,1984-02-15,5.7916669845581055,6.0,5.7916669845581055,5.7916669845581055,1.396368145942688,8400
ATO,1984-02-16,5.7916669845581055,5.9166669845581055,5.7916669845581055,5.7916669845581055,1.396368145942688,11100
ATO,1984-02-17,5.9166669845581055,6.0416669845581055,5.9166669845581055,5.9166669845581055,1.4265060424804688,25200
ATO,1984-02-21,5.9166669845581055,6.0,5.7916669845581055,5.7916669845581055,1.396368145942688,23100
ATO,1984-02-22,5.7916669845581055,5.9166669845581055,5.75,5.75,1.386321783065796,6600
ATO,1984-02-23,5.75,5.7916669845581055,5.75,5.75,1.386321783065796,51900
ATO,1984-02-24,5.75,5.9166669845581055,5.75,5.75,1.386321783065796,18600
ATO,1984-02-27,5.75,5.7916669845581055,5.6666669845581055,5.6666669845581055,1.366230845451355,15600
ATO,1984-02-28,5.6666669845581055,5.7916669845581055,5.6666669845581055,5.6666669845581055,1.366230845451355,21600
ATO,1984-02-29,5.6666669845581055,5.7916669845581055,5.6666669845581055,5.6666669845581055,1.366230845451355,12000
ATO,1984-03-01,5.6666669845581055,5.7916669845581055,5.6666669845581055,5.6666669845581055,1.366230845451355,3300
ATO,1984-03-02,5.6666669845581055,5.7916669845581055,5.6666669845581055,5.6666669845581055,1.366230845451355,17700
ATO,1984-03-05,5.6666669845581055,5.7916669845581055,5.6666669845581055,5.6666669845581055,1.366230845451355,15300
ATO,1984-03-06,5.75,6.0,5.75,5.75,1.386321783065796,12900
ATO,1984-03-07,5.75,5.75,5.6666669845581055,5.6666669845581055,1.366230845451355,24300
ATO,1984-03-08,5.6666669845581055,5.7916669845581055,5.6666669845581055,5.6666669845581055,1.366230845451355,12300
ATO,1984-03-09,5.75,5.7916669845581055,5.75,5.75,1.386321783065796,3300
ATO,1984-03-12,5.7916669845581055,6.0,5.7916669845581055,5.7916669845581055,1.396368145942688,18000
ATO,1984-03-13,5.7916669845581055,6.0,5.7916669845581055,5.7916669845581055,1.396368145942688,8400
ATO,1984-03-14,5.7916669845581055,6.0,5.7916669845581055,5.7916669845581055,1.396368145942688,19800
ATO,1984-03-15,5.7916669845581055,6.0,5.7916669845581055,5.7916669845581055,1.396368145942688,3600
ATO,1984-03-16,5.7916669845581055,6.0,5.7916669845581055,5.7916669845581055,1.396368145942688,68700
ATO,1984-03-19,5.7916669845581055,6.0,5.7916669845581055,5.7916669845581055,1.396368145942688,13800
ATO,1984-03-20,5.7916669845581055,6.0,5.7916669845581055,5.7916669845581055,1.396368145942688,39000
ATO,1984-03-21,5.7916669845581055,6.0,5.7916669845581055,5.7916669845581055,1.396368145942688,3600
ATO,1984-03-22,5.7916669845581055,6.0,5.7916669845581055,5.7916669845581055,1.396368145942688,8100
ATO,1984-03-23,5.7916669845581055,6.0,5.7916669845581055,5.7916669845581055,1.396368145942688,19500
ATO,1984-03-26,5.833333015441895,6.0,5.833333015441895,5.833333015441895,1.4064130783081057,43200
ATO,1984-03-27,5.833333015441895,6.0,5.833333015441895,5.833333015441895,1.4064130783081057,21300
ATO,1984-03-28,5.833333015441895,6.0,5.833333015441895,5.833333015441895,1.4064130783081057,12300
ATO,1984-03-29,5.833333015441895,6.0,5.833333015441895,5.833333015441895,1.4064130783081057,26100
ATO,1984-03-30,5.833333015441895,6.0,5.833333015441895,5.833333015441895,1.4064130783081057,20700
ATO,1984-04-02,5.833333015441895,5.9166669845581055,5.7916669845581055,5.7916669845581055,1.396368145942688,30000
ATO,1984-04-03,5.7916669845581055,5.7916669845581055,5.6666669845581055,5.6666669845581055,1.366230845451355,15900
ATO,1984-04-04,5.6666669845581055,5.7916669845581055,5.6666669845581055,5.6666669845581055,1.366230845451355,66000
ATO,1984-04-05,5.6666669845581055,5.75,5.5416669845581055,5.5416669845581055,1.336092829704285,46500
ATO,1984-04-06,5.5416669845581055,5.75,5.5416669845581055,5.5416669845581055,1.336092829704285,23100
ATO,1984-04-09,5.5416669845581055,5.75,5.5416669845581055,5.5416669845581055,1.336092829704285,6900
ATO,1984-04-10,5.5416669845581055,5.75,5.5416669845581055,5.5416669845581055,1.336092829704285,6300
ATO,1984-04-11,5.6666669845581055,5.7916669845581055,5.6666669845581055,5.6666669845581055,1.366230845451355,25500
ATO,1984-04-12,5.6666669845581055,5.75,5.6666669845581055,5.6666669845581055,1.366230845451355,15000
ATO,1984-04-13,5.6666669845581055,5.75,5.5416669845581055,5.5416669845581055,1.336092829704285,14400
ATO,1984-04-16,5.5416669845581055,5.6666669845581055,5.5416669845581055,5.5416669845581055,1.336092829704285,18900
ATO,1984-04-17,5.5416669845581055,5.6666669845581055,5.5,5.5,1.32604718208313,9600
ATO,1984-04-18,5.5,5.6666669845581055,5.5,5.5,1.32604718208313,9600
ATO,1984-04-19,5.5,5.6666669845581055,5.5,5.5,1.32604718208313,10500
ATO,1984-04-23,5.5,5.5416669845581055,5.4166669845581055,5.4166669845581055,1.3059555292129517,9600
ATO,1984-04-24,5.4166669845581055,5.5416669845581055,5.4166669845581055,5.4166669845581055,1.3059555292129517,15300
ATO,1984-04-25,5.4166669845581055,5.5,5.2916669845581055,5.2916669845581055,1.2758179903030396,5100
ATO,1984-04-26,5.2916669845581055,5.5,5.2916669845581055,5.2916669845581055,1.2758179903030396,6600
ATO,1984-04-27,5.2916669845581055,5.5,5.2916669845581055,5.2916669845581055,1.2758179903030396,19800
ATO,1984-04-30,5.5,5.6666669845581055,5.5,5.5,1.32604718208313,34500
ATO,1984-05-01,5.7916669845581055,5.9166669845581055,5.7916669845581055,5.7916669845581055,1.396368145942688,33000
ATO,1984-05-02,5.7916669845581055,5.7916669845581055,5.6666669845581055,5.6666669845581055,1.366230845451355,32100
ATO,1984-05-03,5.75,5.9166669845581055,5.75,5.75,1.386321783065796,35400
ATO,1984-05-04,5.7916669845581055,6.0,5.7916669845581055,5.7916669845581055,1.396368145942688,40200
ATO,1984-05-07,5.7916669845581055,6.0,5.7916669845581055,5.7916669845581055,1.396368145942688,32400
ATO,1984-05-08,5.9166669845581055,6.0416669845581055,5.9166669845581055,5.9166669845581055,1.4265060424804688,28800
ATO,1984-05-09,6.0,6.1666669845581055,6.0,6.0,1.4465970993041992,37800
ATO,1984-05-10,6.0,6.0416669845581055,6.0,6.0,1.4465970993041992,12600
ATO,1984-05-11,6.0,6.0416669845581055,6.0,6.0,1.4465970993041992,31200
ATO,1984-05-14,6.0,6.0416669845581055,5.9166669845581055,5.9166669845581055,1.4265060424804688,6000
ATO,1984-05-15,5.9166669845581055,6.0416669845581055,5.9166669845581055,5.9166669845581055,1.4265060424804688,7500
ATO,1984-05-16,5.9166669845581055,6.0416669845581055,5.9166669845581055,5.9166669845581055,1.4265060424804688,7500
ATO,1984-05-17,5.9166669845581055,6.0416669845581055,5.9166669845581055,5.9166669845581055,1.4265060424804688,26100
ATO,1984-05-18,5.9166669845581055,6.0416669845581055,5.9166669845581055,5.9166669845581055,1.4265060424804688,7500
ATO,1984-05-21,5.9166669845581055,6.0416669845581055,5.9166669845581055,5.9166669845581055,1.4265060424804688,9300
ATO,1984-05-22,5.9166669845581055,6.0,5.75,5.75,1.386321783065796,24600
ATO,1984-05-23,5.75,5.9166669845581055,5.75,5.75,1.386321783065796,6900
ATO,1984-05-24,5.6666669845581055,5.6666669845581055,5.5416669845581055,5.5416669845581055,1.336092829704285,19200
ATO,1984-05-25,5.5416669845581055,5.6666669845581055,5.5,5.5,1.32604718208313,12600
ATO,1984-05-29,5.5,5.6666669845581055,5.5,5.5,1.32604718208313,8400
ATO,1984-05-30,5.5,5.5416669845581055,5.5,5.5,1.32604718208313,6600
ATO,1984-05-31,5.5,5.5416669845581055,5.5,5.5,1.32604718208313,5400
ATO,1984-06-01,5.5,5.6666669845581055,5.5,5.5,1.32604718208313,20400
ATO,1984-06-04,5.6666669845581055,5.75,5.6666669845581055,5.6666669845581055,1.366230845451355,48600
ATO,1984-06-05,5.6666669845581055,5.75,5.5416669845581055,5.5416669845581055,1.336092829704285,6900
ATO,1984-06-06,5.5416669845581055,5.75,5.5416669845581055,5.5416669845581055,1.336092829704285,3000
ATO,1984-06-07,5.5416669845581055,5.75,5.5416669845581055,5.5416669845581055,1.336092829704285,2700
ATO,1984-06-08,5.5416669845581055,5.7916669845581055,5.5416669845581055,5.5416669845581055,1.336092829704285,10500
ATO,1984-06-11,5.5416669845581055,5.75,5.5416669845581055,5.5416669845581055,1.336092829704285,16800
ATO,1984-06-12,5.5416669845581055,5.6666669845581055,5.5416669845581055,5.5416669845581055,1.336092829704285,22500
ATO,1984-06-13,5.5416669845581055,5.6666669845581055,5.5416669845581055,5.5416669845581055,1.336092829704285,9300
ATO,1984-06-14,5.5416669845581055,5.6666669845581055,5.5416669845581055,5.5416669845581055,1.336092829704285,9900
ATO,1984-06-15,5.5416669845581055,5.7916669845581055,5.5416669845581055,5.5416669845581055,1.336092829704285,12300
ATO,1984-06-18,5.6666669845581055,5.7916669845581055,5.6666669845581055,5.6666669845581055,1.366230845451355,21300
ATO,1984-06-19,5.6666669845581055,5.7916669845581055,5.6666669845581055,5.6666669845581055,1.366230845451355,6000
ATO,1984-06-20,5.6666669845581055,5.7916669845581055,5.6666669845581055,5.6666669845581055,1.366230845451355,6000
ATO,1984-06-21,5.6666669845581055,5.7916669845581055,5.6666669845581055,5.6666669845581055,1.366230845451355,17700
ATO,1984-06-22,5.6666669845581055,5.7916669845581055,5.6666669845581055,5.6666669845581055,1.366230845451355,5400
ATO,1984-06-25,5.6666669845581055,5.7916669845581055,5.6666669845581055,5.6666669845581055,1.366230845451355,3000
ATO,1984-06-26,5.75,5.9166669845581055,5.75,5.75,1.386321783065796,35700
ATO,1984-06-27,5.9166669845581055,6.0,5.9166669845581055,5.9166669845581055,1.4265060424804688,27900
ATO,1984-06-28,5.9166669845581055,6.0,5.7916669845581055,5.7916669845581055,1.396368145942688,4800
ATO,1984-06-29,5.7916669845581055,5.9166669845581055,5.7916669845581055,5.7916669845581055,1.396368145942688,20100
ATO,1984-07-02,5.7916669845581055,5.9166669845581055,5.75,5.75,1.386321783065796,11100
ATO,1984-07-03,5.75,5.9166669845581055,5.75,5.75,1.386321783065796,1500
ATO,1984-07-05,5.75,5.9166669845581055,5.75,5.75,1.386321783065796,1800
ATO,1984-07-06,5.75,5.9166669845581055,5.75,5.75,1.386321783065796,5400
ATO,1984-07-09,5.75,5.9166669845581055,5.75,5.75,1.386321783065796,6600
ATO,1984-07-10,5.75,5.9166669845581055,5.75,5.75,1.386321783065796,3900
ATO,1984-07-11,5.7916669845581055,5.9166669845581055,5.7916669845581055,5.7916669845581055,1.396368145942688,6600
ATO,1984-07-12,5.7916669845581055,5.9166669845581055,5.7916669845581055,5.7916669845581055,1.396368145942688,78900
ATO,1984-07-13,5.7916669845581055,5.7916669845581055,5.75,5.75,1.386321783065796,3600
ATO,1984-07-16,5.75,5.7916669845581055,5.75,5.75,1.386321783065796,900
ATO,1984-07-17,5.75,5.7916669845581055,5.75,5.75,1.386321783065796,3900
ATO,1984-07-18,5.75,5.7916669845581055,5.75,5.75,1.386321783065796,4500
ATO,1984-07-19,5.75,5.7916669845581055,5.75,5.75,1.386321783065796,8100
ATO,1984-07-20,5.75,5.7916669845581055,5.6666669845581055,5.6666669845581055,1.366230845451355,1200
ATO,1984-07-23,5.6666669845581055,5.75,5.5416669845581055,5.5416669845581055,1.336092829704285,3000
ATO,1984-07-24,5.5416669845581055,5.6666669845581055,5.5,5.5,1.32604718208313,16800
ATO,1984-07-25,5.5,5.6666669845581055,5.4166669845581055,5.4166669845581055,1.3059555292129517,8400
ATO,1984-07-26,5.5,5.6666669845581055,5.5,5.5,1.32604718208313,2100
ATO,1984-07-27,5.5,5.6666669845581055,5.5,5.5,1.32604718208313,3900
ATO,1984-07-30,5.5,5.6666669845581055,5.5,5.5,1.32604718208313,6000
ATO,1984-07-31,5.5,5.6666669845581055,5.5,5.5,1.32604718208313,11700
ATO,1984-08-01,5.5,5.6666669845581055,5.5,5.5,1.32604718208313,3900
ATO,1984-08-02,5.5,5.5416669845581055,5.5,5.5,1.32604718208313,10200
ATO,1984-08-03,5.5,5.5416669845581055,5.5,5.5,1.32604718208313,1800
ATO,1984-08-06,5.5,5.5416669845581055,5.5,5.5,1.32604718208313,3600
ATO,1984-08-07,5.5,5.5416669845581055,5.4166669845581055,5.4166669845581055,1.3059555292129517,5400
ATO,1984-08-08,5.4166669845581055,5.5416669845581055,5.4166669845581055,5.4166669845581055,1.3059555292129517,4500
ATO,1984-08-09,5.4166669845581055,5.5416669845581055,5.4166669845581055,5.4166669845581055,1.3059555292129517,600
ATO,1984-08-10,5.4166669845581055,5.5416669845581055,5.4166669845581055,5.4166669845581055,1.3059555292129517,5400
ATO,1984-08-13,5.4166669845581055,5.5,5.2916669845581055,5.2916669845581055,1.2758179903030396,900
ATO,1984-08-14,5.4166669845581055,5.5,5.4166669845581055,5.4166669845581055,1.3059555292129517,5400
ATO,1984-08-15,5.4166669845581055,5.5,5.2916669845581055,5.2916669845581055,1.2758179903030396,3600
ATO,1984-08-16,5.2916669845581055,5.5,5.2916669845581055,5.2916669845581055,1.2758179903030396,7800
ATO,1984-08-17,5.2916669845581055,5.5,5.2916669845581055,5.2916669845581055,1.2758179903030396,3000
ATO,1984-08-20,5.4166669845581055,5.5,5.4166669845581055,5.4166669845581055,1.3059555292129517,10800
ATO,1984-08-21,5.4166669845581055,5.4166669845581055,5.2916669845581055,5.2916669845581055,1.2758179903030396,11700
ATO,1984-08-22,5.2916669845581055,5.4166669845581055,5.2916669845581055,5.2916669845581055,1.2758179903030396,3300
ATO,1984-08-23,5.2916669845581055,5.4166669845581055,5.2916669845581055,5.2916669845581055,1.2758179903030396,1800
ATO,1984-08-24,5.2916669845581055,5.4166669845581055,5.2916669845581055,5.2916669845581055,1.2758179903030396,2100
ATO,1984-08-27,5.2916669845581055,5.2916669845581055,5.1666669845581055,5.1666669845581055,1.2456812858581543,15000
ATO,1984-08-28,5.1666669845581055,5.2916669845581055,5.1666669845581055,5.1666669845581055,1.2456812858581543,6300
ATO,1984-08-29,5.1666669845581055,5.2916669845581055,5.1666669845581055,5.1666669845581055,1.2456812858581543,3600
ATO,1984-08-30,5.1666669845581055,5.2916669845581055,5.0416669845581055,5.0416669845581055,1.2155430316925049,17700
ATO,1984-08-31,5.1666669845581055,5.25,5.1666669845581055,5.1666669845581055,1.2456812858581543,2400
ATO,1984-09-04,5.1666669845581055,5.25,5.1666669845581055,5.1666669845581055,1.2456812858581543,6000
ATO,1984-09-05,5.1666669845581055,5.25,5.1666669845581055,5.1666669845581055,1.2456812858581543,13500
ATO,1984-09-06,5.1666669845581055,5.2916669845581055,5.1666669845581055,5.1666669845581055,1.2456812858581543,8700
ATO,1984-09-07,5.25,5.4166669845581055,5.25,5.25,1.265772819519043,25500
ATO,1984-09-10,5.25,5.4166669845581055,5.25,5.25,1.265772819519043,5400
ATO,1984-09-11,5.2916669845581055,5.5,5.2916669845581055,5.2916669845581055,1.2758179903030396,21000
ATO,1984-09-12,5.4166669845581055,5.5416669845581055,5.4166669845581055,5.4166669845581055,1.3059555292129517,8400
ATO,1984-09-13,5.4166669845581055,5.5,5.4166669845581055,5.4166669845581055,1.3059555292129517,89100
ATO,1984-09-14,5.4166669845581055,5.5416669845581055,5.2916669845581055,5.2916669845581055,1.2758179903030396,14100
ATO,1984-09-17,5.2916669845581055,5.5,5.2916669845581055,5.2916669845581055,1.2758179903030396,36300
ATO,1984-09-18,5.2916669845581055,5.5,5.2916669845581055,5.2916669845581055,1.2758179903030396,33300
ATO,1984-09-19,5.2916669845581055,5.5,5.2916669845581055,5.2916669845581055,1.2758179903030396,52200
ATO,1984-09-20,5.4166669845581055,5.5416669845581055,5.4166669845581055,5.4166669845581055,1.3059555292129517,87300
ATO,1984-09-21,5.5,5.5416669845581055,5.5,5.5,1.32604718208313,12000
ATO,1984-09-24,5.5,5.5416669845581055,5.5,5.5,1.32604718208313,9300
ATO,1984-09-25,5.5,5.5416669845581055,5.5,5.5,1.32604718208313,39600
ATO,1984-09-26,5.5,5.5416669845581055,5.4166669845581055,5.4166669845581055,1.3059555292129517,17400
ATO,1984-09-27,5.5,5.5416669845581055,5.5,5.5,1.32604718208313,1800
ATO,1984-09-28,5.5416669845581055,5.75,5.5416669845581055,5.5416669845581055,1.336092829704285,10500
ATO,1984-10-01,5.5416669845581055,5.75,5.5416669845581055,5.5416669845581055,1.336092829704285,600
ATO,1984-10-02,5.5416669845581055,5.75,5.5416669845581055,5.5416669845581055,1.336092829704285,12900
ATO,1984-10-03,5.5416669845581055,5.75,5.5416669845581055,5.5416669845581055,1.336092829704285,1500
ATO,1984-10-04,5.6666669845581055,5.75,5.6666669845581055,5.6666669845581055,1.366230845451355,15600
ATO,1984-10-05,5.6666669845581055,5.7916669845581055,5.6666669845581055,5.6666669845581055,1.366230845451355,10800
ATO,1984-10-08,5.6666669845581055,5.7916669845581055,5.6666669845581055,5.6666669845581055,1.366230845451355,12600
ATO,1984-10-09,5.6666669845581055,5.7916669845581055,5.6666669845581055,5.6666669845581055,1.366230845451355,7800
ATO,1984-10-10,5.6666669845581055,5.75,5.6666669845581055,5.6666669845581055,1.366230845451355,5700
ATO,1984-10-11,5.6666669845581055,5.75,5.6666669845581055,5.6666669845581055,1.366230845451355,5400
ATO,1984-10-12,5.6666669845581055,5.6666669845581055,5.5416669845581055,5.5416669845581055,1.336092829704285,14100
ATO,1984-10-15,5.5416669845581055,5.6666669845581055,5.5416669845581055,5.5416669845581055,1.336092829704285,2700
ATO,1984-10-16,5.5416669845581055,5.6666669845581055,5.5416669845581055,5.5416669845581055,1.336092829704285,3600
ATO,1984-10-17,5.5416669845581055,5.6666669845581055,5.5416669845581055,5.5416669845581055,1.336092829704285,900
ATO,1984-10-18,5.5416669845581055,5.6666669845581055,5.5416669845581055,5.5416669845581055,1.336092829704285,16800
ATO,1984-10-19,5.5416669845581055,5.75,5.5416669845581055,5.5416669845581055,1.336092829704285,4200
ATO,1984-10-22,5.5416669845581055,5.75,5.5416669845581055,5.5416669845581055,1.336092829704285,2700
ATO,1984-10-23,5.5416669845581055,5.6666669845581055,5.5416669845581055,5.5416669845581055,1.336092829704285,15300
ATO,1984-10-24,5.5416669845581055,5.6666669845581055,5.5416669845581055,5.5416669845581055,1.336092829704285,3600
ATO,1984-10-25,5.5416669845581055,5.6666669845581055,5.5416669845581055,5.5416669845581055,1.336092829704285,26700
ATO,1984-10-26,5.5416669845581055,5.6666669845581055,5.5416669845581055,5.5416669845581055,1.336092829704285,10200
ATO,1984-10-29,5.6666669845581055,5.75,5.6666669845581055,5.6666669845581055,1.366230845451355,18600
ATO,1984-10-30,5.75,5.9166669845581055,5.75,5.75,1.386321783065796,22500
ATO,1984-10-31,5.7916669845581055,6.0,5.7916669845581055,5.7916669845581055,1.396368145942688,31800
ATO,1984-11-01,6.1666669845581055,6.2916669845581055,6.1666669845581055,6.1666669845581055,1.4867806434631348,30300
ATO,1984-11-02,6.5,6.6666669845581055,6.5,6.5,1.567147135734558,58200
ATO,1984-11-05,6.5416669845581055,6.75,6.5416669845581055,6.5416669845581055,1.5771924257278442,42000
ATO,1984-11-06,6.5416669845581055,6.6666669845581055,6.5,6.5,1.567147135734558,12900
ATO,1984-11-07,6.2916669845581055,6.2916669845581055,6.25,6.25,1.506871461868286,15000
ATO,1984-11-08,6.2916669845581055,6.5,6.2916669845581055,6.2916669845581055,1.516917705535889,12000
ATO,1984-11-09,6.5,6.6666669845581055,6.5,6.5,1.567147135734558,27000
ATO,1984-11-12,6.5,6.5416669845581055,6.5,6.5,1.567147135734558,27300
ATO,1984-11-13,6.5,6.5416669845581055,6.5,6.5,1.567147135734558,24900
ATO,1984-11-14,6.5,6.5416669845581055,6.5,6.5,1.567147135734558,108300
ATO,1984-11-15,6.5,6.5416669845581055,6.5,6.5,1.567147135734558,43500
ATO,1984-11-16,6.5,6.6666669845581055,6.5,6.5,1.567147135734558,19200
ATO,1984-11-19,6.5,6.5416669845581055,6.5,6.5,1.567147135734558,10200
ATO,1984-11-20,6.5,6.5416669845581055,6.5,6.5,1.567147135734558,2400
ATO,1984-11-21,6.5,6.6666669845581055,6.5,6.5,1.567147135734558,25500
ATO,1984-11-23,6.5,6.6666669845581055,6.5,6.5,1.567147135734558,2700
ATO,1984-11-26,6.5416669845581055,6.75,6.5416669845581055,6.5416669845581055,1.5771924257278442,46200
ATO,1984-11-27,6.5416669845581055,6.5416669845581055,6.4166669845581055,6.4166669845581055,1.5470550060272217,46500
ATO,1984-11-28,6.4166669845581055,6.5,6.2916669845581055,6.2916669845581055,1.516917705535889,21900
ATO,1984-11-29,6.4166669845581055,6.5,6.4166669845581055,6.4166669845581055,1.5470550060272217,40500
ATO,1984-11-30,6.4166669845581055,6.5,6.2916669845581055,6.2916669845581055,1.516917705535889,21600
ATO,1984-12-03,6.5,6.5416669845581055,6.5,6.5,1.567147135734558,15000
ATO,1984-12-04,6.5,6.5416669845581055,6.4166669845581055,6.4166669845581055,1.5470550060272217,12600
ATO,1984-12-05,6.4166669845581055,6.5416669845581055,6.4166669845581055,6.4166669845581055,1.5470550060272217,3300
ATO,1984-12-06,6.4166669845581055,6.5416669845581055,6.4166669845581055,6.4166669845581055,1.5470550060272217,26400
ATO,1984-12-07,6.4166669845581055,6.5416669845581055,6.4166669845581055,6.4166669845581055,1.5470550060272217,5400
ATO,1984-12-10,6.5,6.5416669845581055,6.5,6.5,1.567147135734558,10200
ATO,1984-12-11,6.5,6.5416669845581055,6.5,6.5,1.567147135734558,23700
ATO,1984-12-12,6.5,6.5416669845581055,6.5,6.5,1.567147135734558,5400
ATO,1984-12-13,6.5416669845581055,6.6666669845581055,6.5416669845581055,6.5416669845581055,1.5771924257278442,16500
ATO,1984-12-14,6.5416669845581055,6.75,6.5416669845581055,6.5416669845581055,1.5771924257278442,23100
ATO,1984-12-17,6.5416669845581055,6.75,6.5416669845581055,6.5416669845581055,1.5771924257278442,9300
ATO,1984-12-18,6.5416669845581055,6.75,6.5416669845581055,6.5416669845581055,1.5771924257278442,17400
ATO,1984-12-19,6.5416669845581055,6.6666669845581055,6.5416669845581055,6.5416669845581055,1.5771924257278442,16800
ATO,1984-12-20,6.5,6.5,6.4166669845581055,6.4166669845581055,1.5470550060272217,36600
ATO,1984-12-21,6.4166669845581055,6.5,6.4166669845581055,6.4166669845581055,1.5470550060272217,5400
ATO,1984-12-24,6.4166669845581055,6.5416669845581055,6.4166669845581055,6.4166669845581055,1.5470550060272217,11700
ATO,1984-12-26,6.4166669845581055,6.5,6.4166669845581055,6.4166669845581055,1.5470550060272217,6000
ATO,1984-12-27,6.4166669845581055,6.5,6.4166669845581055,6.4166669845581055,1.5470550060272217,11100
ATO,1984-12-28,6.6666669845581055,6.7916669845581055,6.6666669845581055,6.6666669845581055,1.607330083847046,51900
ATO,1984-12-31,6.6666669845581055,6.75,6.5416669845581055,6.5416669845581055,1.5771924257278442,16200
ATO,1985-01-02,6.5416669845581055,6.6666669845581055,6.5,6.5,1.567147135734558,11700
ATO,1985-01-03,6.5416669845581055,6.75,6.5416669845581055,6.5416669845581055,1.5771924257278442,48300
ATO,1985-01-04,6.5416669845581055,6.5416669845581055,6.5,6.5,1.567147135734558,23100
ATO,1985-01-07,6.5,6.5416669845581055,6.5,6.5,1.567147135734558,9000
ATO,1985-01-08,6.5,6.5416669845581055,6.5,6.5,1.567147135734558,32400
ATO,1985-01-09,6.5416669845581055,6.75,6.5416669845581055,6.5416669845581055,1.5771924257278442,45600
ATO,1985-01-10,6.6666669845581055,6.75,6.6666669845581055,6.6666669845581055,1.607330083847046,44700
ATO,1985-01-11,6.6666669845581055,6.75,6.5416669845581055,6.5416669845581055,1.5771924257278442,29400
ATO,1985-01-14,6.5416669845581055,6.6666669845581055,6.5416669845581055,6.5416669845581055,1.5771924257278442,63600
ATO,1985-01-15,6.5416669845581055,6.6666669845581055,6.5,6.5,1.567147135734558,14400
ATO,1985-01-16,6.5,6.6666669845581055,6.5,6.5,1.567147135734558,4200
ATO,1985-01-17,6.5,6.5416669845581055,6.4166669845581055,6.4166669845581055,1.5470550060272217,26700
ATO,1985-01-18,6.4166669845581055,6.5416669845581055,6.4166669845581055,6.4166669845581055,1.5470550060272217,6000
ATO,1985-01-21,6.4166669845581055,6.5416669845581055,6.4166669845581055,6.4166669845581055,1.5470550060272217,3300
ATO,1985-01-22,6.5,6.6666669845581055,6.5,6.5,1.567147135734558,25500
ATO,1985-01-23,6.5416669845581055,6.75,6.5416669845581055,6.5416669845581055,1.5771924257278442,19500
ATO,1985-01-24,6.5416669845581055,6.75,6.5416669845581055,6.5416669845581055,1.5771924257278442,15900
ATO,1985-01-25,6.6666669845581055,6.7916669845581055,6.6666669845581055,6.6666669845581055,1.607330083847046,14700
ATO,1985-01-28,7.0,7.0416669845581055,7.0,7.0,1.687697172164917,48000
ATO,1985-01-29,7.0,7.0416669845581055,7.0,7.0,1.687697172164917,66300
ATO,1985-01-30,7.0,7.0416669845581055,7.0,7.0,1.687697172164917,153300
ATO,1985-01-31,7.0,7.0416669845581055,7.0,7.0,1.687697172164917,16500
ATO,1985-02-01,7.0416669845581055,7.25,7.0416669845581055,7.0416669845581055,1.697742581367493,29700
ATO,1985-02-04,7.0416669845581055,7.1666669845581055,7.0416669845581055,7.0416669845581055,1.697742581367493,11400
ATO,1985-02-05,7.0416669845581055,7.1666669845581055,7.0416669845581055,7.0416669845581055,1.697742581367493,12000
ATO,1985-02-06,7.0416669845581055,7.1666669845581055,7.0416669845581055,7.0416669845581055,1.697742581367493,2700
ATO,1985-02-07,7.0416669845581055,7.1666669845581055,7.0416669845581055,7.0416669845581055,1.697742581367493,5400
ATO,1985-02-08,7.0416669845581055,7.1666669845581055,7.0416669845581055,7.0416669845581055,1.697742581367493,2100
ATO,1985-02-11,7.0,7.0,6.9166669845581055,6.9166669845581055,1.6676056385040283,43800
ATO,1985-02-12,6.9166669845581055,7.0,6.9166669845581055,6.9166669845581055,1.6676056385040283,20700
ATO,1985-02-13,6.7916669845581055,6.7916669845581055,6.6666669845581055,6.6666669845581055,1.607330083847046,60000
ATO,1985-02-14,6.75,6.9166669845581055,6.75,6.75,1.627422332763672,73200
ATO,1985-02-15,7.0,7.1666669845581055,7.0,7.0,1.687697172164917,70800
ATO,1985-02-19,7.0,7.1666669845581055,7.0,7.0,1.687697172164917,47400
ATO,1985-02-20,7.1666669845581055,7.2916669845581055,7.1666669845581055,7.1666669845581055,1.7278798818588257,28200
ATO,1985-02-21,7.25,7.2916669845581055,7.25,7.25,1.747971534729004,30300
ATO,1985-02-22,7.2916669845581055,7.4166669845581055,7.2916669845581055,7.2916669845581055,1.7580173015594482,10500
ATO,1985-02-25,7.2916669845581055,7.2916669845581055,7.1666669845581055,7.1666669845581055,1.7278798818588257,30600
ATO,1985-02-26,7.1666669845581055,7.25,7.1666669845581055,7.1666669845581055,1.7278798818588257,45300
ATO,1985-02-27,7.1666669845581055,7.25,7.0416669845581055,7.0416669845581055,1.697742581367493,11400
ATO,1985-02-28,7.0416669845581055,7.1666669845581055,7.0,7.0,1.687697172164917,66900
ATO,1985-03-01,7.0,7.0416669845581055,7.0,7.0,1.687697172164917,66900
ATO,1985-03-04,7.0,7.1666669845581055,7.0,7.0,1.687697172164917,27600
ATO,1985-03-05,7.0,7.0,6.9166669845581055,6.9166669845581055,1.6676056385040283,28500
ATO,1985-03-06,6.9166669845581055,7.0,6.9166669845581055,6.9166669845581055,1.6676056385040283,9000
ATO,1985-03-07,6.9166669845581055,7.0,6.9166669845581055,6.9166669845581055,1.6676056385040283,12300
ATO,1985-03-08,6.9166669845581055,7.0,6.9166669845581055,6.9166669845581055,1.6676056385040283,1200
ATO,1985-03-11,6.9166669845581055,7.0,6.9166669845581055,6.9166669845581055,1.6676056385040283,9900
ATO,1985-03-12,6.9166669845581055,7.0,6.9166669845581055,6.9166669845581055,1.6676056385040283,39900
ATO,1985-03-13,6.9166669845581055,7.0,6.9166669845581055,6.9166669845581055,1.6676056385040283,23700
ATO,1985-03-14,6.9166669845581055,7.0,6.9166669845581055,6.9166669845581055,1.6676056385040283,2100
ATO,1985-03-15,6.9166669845581055,7.0,6.9166669845581055,6.9166669845581055,1.6676056385040283,2100
ATO,1985-03-18,6.9166669845581055,7.0,6.9166669845581055,6.9166669845581055,1.6676056385040283,4500
ATO,1985-03-19,6.9166669845581055,7.0,6.9166669845581055,6.9166669845581055,1.6676056385040283,43500
ATO,1985-03-20,6.9166669845581055,7.0,6.7916669845581055,6.7916669845581055,1.6374675035476685,47700
ATO,1985-03-21,6.9166669845581055,6.9166669845581055,6.9166669845581055,6.9166669845581055,1.6676056385040283,1500
ATO,1985-03-22,6.9166669845581055,6.9166669845581055,6.75,6.75,1.627422332763672,2400
ATO,1985-03-25,6.7916669845581055,6.9166669845581055,6.7916669845581055,6.7916669845581055,1.6374675035476685,2700
ATO,1985-03-26,6.9166669845581055,6.9166669845581055,6.9166669845581055,6.9166669845581055,1.6676056385040283,66900
ATO,1985-03-27,6.9166669845581055,6.9166669845581055,6.9166669845581055,6.9166669845581055,1.6676056385040283,67200
ATO,1985-03-28,6.9166669845581055,6.9166669845581055,6.7916669845581055,6.7916669845581055,1.6374675035476685,21300
ATO,1985-03-29,6.7916669845581055,7.0,6.7916669845581055,6.9166669845581055,1.6676056385040283,12900
ATO,1985-04-01,6.9166669845581055,6.9166669845581055,6.9166669845581055,6.9166669845581055,1.6676056385040283,2400
ATO,1985-04-02,7.0,7.0,7.0,7.0,1.687697172164917,44100
ATO,1985-04-03,7.0416669845581055,7.0416669845581055,7.0416669845581055,7.0416669845581055,1.697742581367493,135000
ATO,1985-04-04,7.0416669845581055,7.1666669845581055,7.0,7.1666669845581055,1.7278798818588257,29100
ATO,1985-04-08,7.1666669845581055,7.1666669845581055,7.1666669845581055,7.1666669845581055,1.7278798818588257,9000
ATO,1985-04-09,7.1666669845581055,7.2083330154418945,7.1666669845581055,7.1666669845581055,1.7278798818588257,37800
ATO,1985-04-10,7.5,7.5,7.5,7.5,1.8082458972930908,26700
ATO,1985-04-11,7.7916669845581055,8.0,7.7916669845581055,7.7916669845581055,1.8785673379898071,57900
ATO,1985-04-12,7.7916669845581055,8.0,7.75,7.9166669845581055,1.90870463848114,42300
ATO,1985-04-15,7.9166669845581055,7.9166669845581055,7.75,7.75,1.868521213531494,3900
ATO,1985-04-16,7.7916669845581055,7.7916669845581055,7.7916669845581055,7.7916669845581055,1.8785673379898071,3600
ATO,1985-04-17,7.8333330154418945,7.8333330154418945,7.8333330154418945,7.8333330154418945,1.888612985610962,34800
ATO,1985-04-18,8.25,8.25,8.25,8.25,1.989071130752564,60600
ATO,1985-04-19,8.25,8.291666984558105,8.0,8.0,1.9287950992584229,69300
ATO,1985-04-22,8.0,8.041666984558105,8.0,8.0,1.9287950992584229,36600
ATO,1985-04-23,8.0,8.041666984558105,7.9166669845581055,7.9166669845581055,1.90870463848114,42600
ATO,1985-04-24,7.9166669845581055,8.0,7.6666669845581055,7.6666669845581055,1.848429560661316,28800
ATO,1985-04-25,7.75,7.75,7.75,7.75,1.868521213531494,8100
ATO,1985-04-26,7.75,7.7916669845581055,7.6666669845581055,7.75,1.868521213531494,11700
ATO,1985-04-29,7.7916669845581055,7.9166669845581055,7.7916669845581055,7.7916669845581055,1.8785673379898071,15600
ATO,1985-04-30,7.7916669845581055,7.7916669845581055,7.6666669845581055,7.6666669845581055,1.848429560661316,4800
ATO,1985-05-01,7.75,7.9166669845581055,7.75,7.75,1.868521213531494,29100
ATO,1985-05-02,7.75,7.9166669845581055,7.75,7.75,1.868521213531494,7200
ATO,1985-05-03,7.75,7.9166669845581055,7.75,7.9166669845581055,1.90870463848114,29100
ATO,1985-05-06,7.9583330154418945,8.0,7.9583330154418945,7.9583330154418945,1.918750047683716,16200
ATO,1985-05-07,8.25,8.291666984558105,8.25,8.25,1.989071130752564,58200
ATO,1985-05-08,8.541666984558105,8.666666984558105,8.541666984558105,8.541666984558105,2.0593905448913574,103200
ATO,1985-05-09,8.916666984558105,9.0,8.916666984558105,8.916666984558105,2.1498050689697266,154200
ATO,1985-05-10,8.916666984558105,9.041666984558104,8.791666984558105,9.041666984558104,2.179941415786743,98100
ATO,1985-05-13,9.25,9.291666984558104,9.25,9.25,2.2301692962646484,45300
ATO,1985-05-14,9.25,9.291666984558104,9.041666984558104,9.041666984558104,2.179941415786743,41400
ATO,1985-05-15,9.25,9.25,9.25,9.25,2.2301692962646484,24600
ATO,1985-05-16,9.291666984558104,9.291666984558104,9.291666984558104,9.291666984558104,2.2402164936065674,14100
ATO,1985-05-17,9.291666984558104,9.5,9.166666984558104,9.5,2.290445566177368,55200
ATO,1985-05-20,9.416666984558104,9.416666984558104,9.166666984558104,9.166666984558104,2.210078001022339,75900
ATO,1985-05-21,9.166666984558104,9.166666984558104,8.791666984558105,8.791666984558105,2.119667053222656,56700
ATO,1985-05-22,8.916666984558105,8.916666984558105,8.916666984558105,8.916666984558105,2.1498050689697266,11400
ATO,1985-05-23,8.916666984558105,9.0,8.75,8.75,2.1096203327178955,47400
ATO,1985-05-24,8.75,8.75,8.75,8.75,2.1096203327178955,3000
ATO,1985-05-28,8.75,8.916666984558105,8.75,8.75,2.1096203327178955,12300
ATO,1985-05-29,8.75,8.916666984558105,8.541666984558105,8.541666984558105,2.0593905448913574,12600
ATO,1985-05-30,8.541666984558105,8.791666984558105,8.5,8.5,2.049345731735229,34200
ATO,1985-05-31,8.666666984558105,8.666666984558105,8.666666984558105,8.666666984558105,2.089528560638428,55800
ATO,1985-06-03,8.666666984558105,8.666666984558105,8.666666984558105,8.666666984558105,2.089528560638428,3600
ATO,1985-06-04,8.75,8.75,8.75,8.75,2.1096203327178955,30900
ATO,1985-06-05,9.041666984558104,9.166666984558104,9.041666984558104,9.041666984558104,2.179941415786743,70500
ATO,1985-06-06,9.125,9.166666984558104,9.125,9.125,2.200033903121948,112500
ATO,1985-06-07,9.125,9.166666984558104,9.041666984558104,9.041666984558104,2.179941415786743,23700
ATO,1985-06-10,9.25,9.25,9.25,9.25,2.2301692962646484,130500
ATO,1985-06-11,9.25,9.291666984558104,9.166666984558104,9.166666984558104,2.210078001022339,113400
ATO,1985-06-12,9.25,9.25,9.25,9.25,2.2301692962646484,31200
ATO,1985-06-13,9.25,9.5,9.25,9.25,2.2301692962646484,27600
ATO,1985-06-14,9.25,9.333333015441896,9.166666984558104,9.166666984558104,2.210078001022339,51900
ATO,1985-06-17,9.333333015441896,9.333333015441896,9.333333015441896,9.333333015441896,2.250262498855591,15000
ATO,1985-06-18,9.416666984558104,9.5,9.416666984558104,9.416666984558104,2.270354986190796,87450
ATO,1985-06-19,9.416666984558104,9.5,9.333333015441896,9.333333015441896,2.250262498855591,51750
ATO,1985-06-20,9.666666984558104,9.666666984558104,9.666666984558104,9.666666984558104,2.330627918243408,20700
ATO,1985-06-21,9.833333015441896,9.833333015441896,9.833333015441896,9.833333015441896,2.370813131332397,22050
ATO,1985-06-24,10.0,10.166666984558104,10.0,10.0,2.410994291305542,17550
ATO,1985-06-25,10.0,10.0,9.666666984558104,9.666666984558104,2.330627918243408,53250
ATO,1985-06-26,9.666666984558104,9.833333015441896,9.666666984558104,9.666666984558104,2.330627918243408,21750
ATO,1985-06-27,9.666666984558104,9.666666984558104,9.333333015441896,9.333333015441896,2.250262498855591,13650
ATO,1985-06-28,9.5,9.5,9.5,9.5,2.290445566177368,5700
ATO,1985-07-01,9.5,9.5,9.5,9.5,2.290445566177368,7800
ATO,1985-07-02,9.5,9.666666984558104,9.5,9.5,2.290445566177368,22200
ATO,1985-07-03,9.5,9.666666984558104,9.5,9.5,2.290445566177368,9000
ATO,1985-07-05,9.5,9.666666984558104,9.5,9.5,2.290445566177368,88350
ATO,1985-07-08,9.666666984558104,9.666666984558104,9.666666984558104,9.666666984558104,2.330627918243408,4500
ATO,1985-07-09,9.666666984558104,9.666666984558104,9.416666984558104,9.416666984558104,2.270354986190796,19950
ATO,1985-07-10,9.5,9.5,9.5,9.5,2.290445566177368,190200
ATO,1985-07-11,9.5,9.583333015441896,9.5,9.5,2.290445566177368,38850
ATO,1985-07-12,9.5,9.5,9.333333015441896,9.333333015441896,2.250262498855591,27450
ATO,1985-07-15,9.333333015441896,9.416666984558104,9.25,9.25,2.2301692962646484,28800
ATO,1985-07-16,9.416666984558104,9.416666984558104,9.416666984558104,9.416666984558104,2.270354986190796,4800
ATO,1985-07-17,9.416666984558104,9.5,9.416666984558104,9.416666984558104,2.270354986190796,40500
ATO,1985-07-18,9.416666984558104,9.5,9.333333015441896,9.333333015441896,2.250262498855591,20400
ATO,1985-07-19,9.333333015441896,9.5,9.333333015441896,9.333333015441896,2.250262498855591,9900
ATO,1985-07-22,9.333333015441896,9.416666984558104,9.166666984558104,9.166666984558104,2.210078001022339,10050
ATO,1985-07-23,9.166666984558104,9.416666984558104,9.166666984558104,9.166666984558104,2.210078001022339,32850
ATO,1985-07-24,9.25,9.25,9.25,9.25,2.2301692962646484,21150
ATO,1985-07-25,9.166666984558104,9.166666984558104,9.083333015441896,9.083333015441896,2.1899869441986084,13200
ATO,1985-07-26,9.0,9.0,9.0,9.0,2.169895887374878,13950
ATO,1985-07-29,9.0,9.0,8.833333015441895,8.833333015441895,2.129713535308838,21750
ATO,1985-07-30,8.833333015441895,8.833333015441895,8.666666984558105,8.666666984558105,2.089528560638428,55050
ATO,1985-07-31,8.666666984558105,8.666666984558105,8.666666984558105,8.666666984558105,2.089528560638428,28050
ATO,1985-08-01,8.75,8.75,8.75,8.75,2.1096203327178955,13650
ATO,1985-08-02,8.75,8.75,8.75,8.75,2.1096203327178955,22200
ATO,1985-08-05,8.75,8.75,8.666666984558105,8.666666984558105,2.089528560638428,15600
ATO,1985-08-06,8.75,8.75,8.75,8.75,2.1096203327178955,4800
ATO,1985-08-07,8.666666984558105,8.666666984558105,8.666666984558105,8.666666984558105,2.089528560638428,4350
ATO,1985-08-08,8.666666984558105,8.833333015441895,8.666666984558105,8.666666984558105,2.089528560638428,8850
ATO,1985-08-09,8.666666984558105,8.833333015441895,8.666666984558105,8.666666984558105,2.089528560638428,9600
ATO,1985-08-12,8.833333015441895,8.833333015441895,8.833333015441895,8.833333015441895,2.129713535308838,4950
ATO,1985-08-13,8.833333015441895,8.833333015441895,8.833333015441895,8.833333015441895,2.129713535308838,3150
ATO,1985-08-14,8.833333015441895,8.833333015441895,8.833333015441895,8.833333015441895,2.129713535308838,9000
ATO,1985-08-15,8.833333015441895,8.833333015441895,8.833333015441895,8.833333015441895,2.129713535308838,20100
ATO,1985-08-16,8.833333015441895,9.166666984558104,8.666666984558105,8.666666984558105,2.089528560638428,10950
ATO,1985-08-19,8.75,8.833333015441895,8.75,8.75,2.1096203327178955,28950
ATO,1985-08-20,8.833333015441895,8.833333015441895,8.833333015441895,8.833333015441895,2.129713535308838,11850
ATO,1985-08-21,8.833333015441895,8.833333015441895,8.666666984558105,8.666666984558105,2.089528560638428,4350
ATO,1985-08-22,8.666666984558105,8.833333015441895,8.666666984558105,8.666666984558105,2.089528560638428,5250
ATO,1985-08-23,8.75,8.833333015441895,8.75,8.75,2.1096203327178955,16200
ATO,1985-08-26,8.75,8.75,8.75,8.75,2.1096203327178955,2400
ATO,1985-08-27,8.75,8.75,8.75,8.75,2.1096203327178955,8100
ATO,1985-08-28,8.75,8.75,8.75,8.75,2.1096203327178955,300
ATO,1985-08-29,8.75,8.75,8.666666984558105,8.666666984558105,2.089528560638428,1350
ATO,1985-08-30,8.666666984558105,8.666666984558105,8.666666984558105,8.666666984558105,2.089528560638428,300
ATO,1985-09-03,8.666666984558105,8.75,8.666666984558105,8.666666984558105,2.089528560638428,1800
ATO,1985-09-04,8.75,8.75,8.75,8.75,2.1096203327178955,600
ATO,1985-09-05,8.75,8.75,8.75,8.75,2.1096203327178955,48300
ATO,1985-09-06,8.833333015441895,8.833333015441895,8.833333015441895,8.833333015441895,2.129713535308838,12300
ATO,1985-09-09,9.083333015441896,9.083333015441896,9.083333015441896,9.083333015441896,2.1899869441986084,67950
ATO,1985-09-10,9.083333015441896,9.333333015441896,9.0,9.0,2.169895887374878,10650
ATO,1985-09-11,9.0,9.333333015441896,9.0,9.0,2.169895887374878,10200
ATO,1985-09-12,9.0,9.333333015441896,9.0,9.0,2.169895887374878,21750
ATO,1985-09-13,9.0,9.166666984558104,8.916666984558105,8.916666984558105,2.1498050689697266,34050
ATO,1985-09-16,8.916666984558105,8.916666984558105,8.916666984558105,8.916666984558105,2.1498050689697266,12900
ATO,1985-09-17,8.833333015441895,8.833333015441895,8.666666984558105,8.666666984558105,2.089528560638428,59850
ATO,1985-09-18,8.666666984558105,8.833333015441895,8.666666984558105,8.666666984558105,2.089528560638428,9450
ATO,1985-09-19,8.666666984558105,8.833333015441895,8.5,8.5,2.049345731735229,33750
ATO,1985-09-20,8.5,8.666666984558105,8.5,8.5,2.049345731735229,4650
ATO,1985-09-23,8.5,8.666666984558105,8.5,8.5,2.049345731735229,15750
ATO,1985-09-24,8.5,8.5,8.5,8.5,2.049345731735229,150
ATO,1985-09-25,8.5,8.75,8.5,8.5,2.049345731735229,3300
ATO,1985-09-26,8.75,8.75,8.75,8.75,2.1096203327178955,16500
ATO,1985-09-30,8.75,8.833333015441895,8.75,8.75,2.1096203327178955,27750
ATO,1985-10-01,8.75,8.75,8.583333015441895,8.583333015441895,2.069437265396118,2850
ATO,1985-10-02,8.583333015441895,8.75,8.583333015441895,8.583333015441895,2.069437265396118,1500
ATO,1985-10-03,8.75,8.75,8.75,8.75,2.1096203327178955,4350
ATO,1985-10-04,8.583333015441895,8.583333015441895,8.583333015441895,8.583333015441895,2.069437265396118,150
ATO,1985-10-07,8.666666984558105,8.833333015441895,8.666666984558105,8.666666984558105,2.089528560638428,13050
ATO,1985-10-08,8.666666984558105,8.833333015441895,8.666666984558105,8.666666984558105,2.089528560638428,11250
ATO,1985-10-09,8.666666984558105,8.75,8.666666984558105,8.666666984558105,2.089528560638428,4350
ATO,1985-10-10,8.75,8.75,8.75,8.75,2.1096203327178955,32700
ATO,1985-10-11,8.75,8.75,8.666666984558105,8.666666984558105,2.089528560638428,16050
ATO,1985-10-14,8.75,8.75,8.75,8.75,2.1096203327178955,2700
ATO,1985-10-15,8.75,8.75,8.75,8.75,2.1096203327178955,12600
ATO,1985-10-16,8.75,8.916666984558105,8.75,8.75,2.1096203327178955,21450
ATO,1985-10-17,8.75,8.916666984558105,8.666666984558105,8.666666984558105,2.089528560638428,31650
ATO,1985-10-18,8.75,8.916666984558105,8.75,8.75,2.1096203327178955,12600
ATO,1985-10-21,9.25,9.25,9.25,9.25,2.2301692962646484,44250
ATO,1985-10-22,9.833333015441896,9.833333015441896,9.833333015441896,9.833333015441896,2.370813131332397,35250
ATO,1985-10-23,9.833333015441896,10.083333015441896,9.75,9.75,2.3507204055786133,4200
ATO,1985-10-24,10.0,10.0,10.0,10.0,2.410994291305542,9450
ATO,1985-10-25,9.916666984558104,9.916666984558104,9.833333015441896,9.833333015441896,2.370813131332397,4800
ATO,1985-10-28,9.916666984558104,10.0,9.916666984558104,9.916666984558104,2.390904426574707,9900
ATO,1985-10-29,9.916666984558104,9.916666984558104,9.916666984558104,9.916666984558104,2.390904426574707,8850
ATO,1985-10-30,9.916666984558104,9.916666984558104,9.916666984558104,9.916666984558104,2.390904426574707,1950
ATO,1985-10-31,9.916666984558104,9.916666984558104,9.916666984558104,9.916666984558104,2.390904426574707,1200
ATO,1985-11-01,10.25,10.25,10.25,10.25,2.471269369125366,34500
ATO,1985-11-04,10.333333015441896,10.5,10.333333015441896,10.333333015441896,2.491361618041992,8700
ATO,1985-11-05,10.333333015441896,10.333333015441896,10.333333015441896,10.333333015441896,2.491361618041992,8250
ATO,1985-11-06,10.333333015441896,10.333333015441896,10.333333015441896,10.333333015441896,2.491361618041992,13500
ATO,1985-11-07,10.333333015441896,10.333333015441896,10.166666984558104,10.166666984558104,2.45117735862732,7950
ATO,1985-11-08,10.166666984558104,10.166666984558104,10.166666984558104,10.166666984558104,2.45117735862732,1650
ATO,1985-11-11,10.25,10.333333015441896,10.25,10.25,2.471269369125366,7500
ATO,1985-11-12,10.25,10.416666984558104,10.25,10.25,2.471269369125366,5850
ATO,1985-11-13,10.416666984558104,10.416666984558104,10.416666984558104,10.416666984558104,2.511453866958618,3300
ATO,1985-11-14,10.5,10.5,10.5,10.5,2.531545639038086,3150
ATO,1985-11-15,10.5,10.5,10.5,10.5,2.531545639038086,5100
ATO,1985-11-18,10.833333015441896,10.833333015441896,10.833333015441896,10.833333015441896,2.611911058425904,24000
ATO,1985-11-19,10.833333015441896,10.833333015441896,10.833333015441896,10.833333015441896,2.611911058425904,19650
ATO,1985-11-20,10.833333015441896,11.0,10.75,10.75,2.59181809425354,24150
ATO,1985-11-21,11.0,11.0,11.0,11.0,2.65209436416626,9000
ATO,1985-11-22,11.083333015441896,11.333333015441896,11.083333015441896,11.083333015441896,2.672185182571411,4200
ATO,1985-11-25,11.083333015441896,11.333333015441896,11.083333015441896,11.083333015441896,2.672185182571411,5850
ATO,1985-11-26,11.083333015441896,11.25,11.083333015441896,11.083333015441896,2.672185182571411,4950
ATO,1985-11-27,11.083333015441896,11.166666984558104,11.0,11.0,2.65209436416626,5400
ATO,1985-11-29,11.0,11.083333015441896,10.833333015441896,10.916666984558104,2.632002353668213,7800
ATO,1985-12-02,10.916666984558104,11.0,10.416666984558104,10.5,2.531545639038086,19800
ATO,1985-12-03,10.5,10.666666984558104,10.416666984558104,10.583333015441896,2.551635503768921,3600
ATO,1985-12-04,10.666666984558104,11.166666984558104,10.666666984558104,11.083333015441896,2.672185182571411,30000
ATO,1985-12-05,11.083333015441896,11.166666984558104,10.833333015441896,11.166666984558104,2.6922762393951416,23700
ATO,1985-12-06,11.166666984558104,11.166666984558104,11.0,11.166666984558104,2.6922762393951416,40800
ATO,1985-12-09,11.166666984558104,11.25,11.083333015441896,11.25,2.7123687267303467,6000
ATO,1985-12-10,11.25,11.333333015441896,11.0,11.0,2.65209436416626,53550
ATO,1985-12-11,11.0,11.0,10.75,10.75,2.59181809425354,10800
ATO,1985-12-12,10.75,11.0,10.666666984558104,11.0,2.65209436416626,5850
ATO,1985-12-13,11.0,11.0,10.75,10.833333015441896,2.611911058425904,4200
ATO,1985-12-16,10.833333015441896,10.916666984558104,10.5,10.5,2.531545639038086,31050
ATO,1985-12-17,10.583333015441896,10.833333015441896,10.583333015441896,10.583333015441896,2.551635503768921,6300
ATO,1985-12-18,10.583333015441896,10.666666984558104,10.25,10.583333015441896,2.551635503768921,88950
ATO,1985-12-19,10.583333015441896,10.75,10.416666984558104,10.75,2.59181809425354,13650
ATO,1985-12-20,10.75,10.833333015441896,10.666666984558104,10.833333015441896,2.611911058425904,2400
ATO,1985-12-23,10.833333015441896,10.833333015441896,10.666666984558104,10.666666984558104,2.571727514266968,10650
ATO,1985-12-24,10.666666984558104,10.833333015441896,10.666666984558104,10.666666984558104,2.571727514266968,3750
ATO,1985-12-26,10.666666984558104,10.666666984558104,10.5,10.5,2.531545639038086,4050
ATO,1985-12-27,10.5,10.75,10.5,10.666666984558104,2.571727514266968,13650
ATO,1985-12-30,10.666666984558104,10.75,10.666666984558104,10.666666984558104,2.571727514266968,600
ATO,1985-12-31,10.666666984558104,10.75,10.666666984558104,10.666666984558104,2.571727514266968,1500
ATO,1986-01-02,10.666666984558104,10.75,10.583333015441896,10.583333015441896,2.551635503768921,26700
ATO,1986-01-03,10.583333015441896,10.75,10.5,10.666666984558104,2.571727514266968,22650
ATO,1986-01-06,10.666666984558104,10.666666984558104,10.5,10.666666984558104,2.571727514266968,12450
ATO,1986-01-07,10.666666984558104,11.333333015441896,10.666666984558104,11.333333015441896,2.73246169090271,21000
ATO,1986-01-08,11.333333015441896,11.333333015441896,11.083333015441896,11.083333015441896,2.672185182571411,4950
ATO,1986-01-09,11.083333015441896,11.166666984558104,11.0,11.0,2.65209436416626,4800
ATO,1986-01-10,11.0,11.166666984558104,10.916666984558104,11.083333015441896,2.672185182571411,9600
ATO,1986-01-13,11.083333015441896,11.166666984558104,11.0,11.083333015441896,2.672185182571411,8100
ATO,1986-01-14,11.083333015441896,11.083333015441896,11.0,11.0,2.65209436416626,5850
ATO,1986-01-15,11.0,11.25,11.0,11.0,2.65209436416626,900
ATO,1986-01-16,11.0,11.166666984558104,11.0,11.166666984558104,2.6922762393951416,11550
ATO,1986-01-17,11.166666984558104,11.166666984558104,11.0,11.166666984558104,2.6922762393951416,4950
ATO,1986-01-20,11.166666984558104,11.25,11.166666984558104,11.25,2.7123687267303467,1950
ATO,1986-01-21,11.25,11.333333015441896,11.083333015441896,11.333333015441896,2.73246169090271,4500
ATO,1986-01-22,11.333333015441896,11.333333015441896,11.083333015441896,11.083333015441896,2.672185182571411,4800
ATO,1986-01-23,11.083333015441896,11.833333015441896,11.083333015441896,11.833333015441896,2.853012084960937,50700
ATO,1986-01-24,11.833333015441896,11.833333015441896,11.416666984558104,11.416666984558104,2.7525534629821777,7350
ATO,1986-01-27,11.5,11.666666984558104,11.5,11.5,2.772643566131592,8400
ATO,1986-01-28,11.5,11.666666984558104,11.5,11.666666984558104,2.812826156616211,6900
ATO,1986-01-29,11.666666984558104,11.666666984558104,11.416666984558104,11.5,2.772643566131592,29850
ATO,1986-01-30,11.5,11.5,11.333333015441896,11.333333015441896,2.73246169090271,11100
ATO,1986-01-31,11.333333015441896,11.416666984558104,11.333333015441896,11.416666984558104,2.7525534629821777,5400
ATO,1986-02-03,11.333333015441896,11.333333015441896,11.166666984558104,11.166666984558104,2.6922762393951416,2700
ATO,1986-02-04,11.166666984558104,11.416666984558104,11.166666984558104,11.416666984558104,2.7525534629821777,1500
ATO,1986-02-05,11.333333015441896,11.333333015441896,11.166666984558104,11.166666984558104,2.6922762393951416,14850
ATO,1986-02-06,11.166666984558104,11.333333015441896,11.083333015441896,11.083333015441896,2.672185182571411,49800
ATO,1986-02-07,11.083333015441896,11.166666984558104,11.083333015441896,11.083333015441896,2.672185182571411,8850
ATO,1986-02-10,11.083333015441896,11.166666984558104,11.083333015441896,11.083333015441896,2.672185182571411,16050
ATO,1986-02-11,11.083333015441896,11.166666984558104,11.083333015441896,11.083333015441896,2.672185182571411,23250
ATO,1986-02-12,11.083333015441896,11.166666984558104,10.666666984558104,11.0,2.65209436416626,29850
ATO,1986-02-13,11.0,11.0,10.833333015441896,10.833333015441896,2.611911058425904,24900
ATO,1986-02-14,10.833333015441896,11.0,10.583333015441896,10.833333015441896,2.611911058425904,46500
ATO,1986-02-18,10.833333015441896,10.833333015441896,10.333333015441896,10.416666984558104,2.511453866958618,32250
ATO,1986-02-19,10.416666984558104,10.583333015441896,10.25,10.416666984558104,2.511453866958618,20700
ATO,1986-02-20,10.416666984558104,10.5,10.25,10.416666984558104,2.511453866958618,7350
ATO,1986-02-21,10.333333015441896,10.333333015441896,9.666666984558104,9.75,2.3507204055786133,48150
ATO,1986-02-24,9.75,9.916666984558104,9.25,9.416666984558104,2.270354986190796,19650
ATO,1986-02-25,9.416666984558104,9.666666984558104,9.25,9.666666984558104,2.330627918243408,29250
ATO,1986-02-26,9.666666984558104,10.166666984558104,9.583333015441896,10.166666984558104,2.45117735862732,32850
ATO,1986-02-27,10.25,10.416666984558104,10.25,10.416666984558104,2.511453866958618,18000
ATO,1986-02-28,10.416666984558104,10.416666984558104,10.25,10.416666984558104,2.511453866958618,13050
ATO,1986-03-03,10.416666984558104,10.416666984558104,10.166666984558104,10.166666984558104,2.45117735862732,18150
ATO,1986-03-04,10.166666984558104,10.416666984558104,10.083333015441896,10.166666984558104,2.45117735862732,14400
ATO,1986-03-05,10.166666984558104,10.333333015441896,10.166666984558104,10.333333015441896,2.491361618041992,6300
ATO,1986-03-06,10.333333015441896,10.5,10.25,10.5,2.531545639038086,13050
ATO,1986-03-07,10.5,10.583333015441896,10.416666984558104,10.5,2.531545639038086,9600
ATO,1986-03-10,10.5,10.583333015441896,10.416666984558104,10.583333015441896,2.551635503768921,14250
ATO,1986-03-11,10.583333015441896,10.583333015441896,10.416666984558104,10.583333015441896,2.551635503768921,9600
ATO,1986-03-12,10.583333015441896,10.666666984558104,10.5,10.666666984558104,2.571727514266968,18450
ATO,1986-03-13,10.666666984558104,10.833333015441896,10.583333015441896,10.666666984558104,2.571727514266968,17100
ATO,1986-03-14,10.666666984558104,10.75,10.583333015441896,10.583333015441896,2.551635503768921,23400
ATO,1986-03-17,10.583333015441896,10.75,10.583333015441896,10.75,2.59181809425354,6150
ATO,1986-03-18,10.75,10.75,10.583333015441896,10.75,2.59181809425354,29850
ATO,1986-03-19,10.75,10.916666984558104,10.666666984558104,10.833333015441896,2.611911058425904,19800
ATO,1986-03-20,10.833333015441896,11.0,10.666666984558104,10.916666984558104,2.632002353668213,26550
ATO,1986-03-21,10.916666984558104,11.0,10.833333015441896,11.0,2.65209436416626,26850
ATO,1986-03-24,11.0,11.0,10.833333015441896,11.0,2.65209436416626,17700
ATO,1986-03-25,11.0,11.333333015441896,11.0,11.25,2.7123687267303467,77550
ATO,1986-03-26,11.25,11.333333015441896,10.833333015441896,11.0,2.65209436416626,10500
ATO,1986-03-27,10.916666984558104,10.916666984558104,10.75,10.75,2.59181809425354,11700
ATO,1986-03-31,10.75,10.916666984558104,10.75,10.916666984558104,2.632002353668213,3600
ATO,1986-04-01,10.916666984558104,10.916666984558104,10.583333015441896,10.583333015441896,2.551635503768921,8100
ATO,1986-04-02,10.583333015441896,10.75,10.583333015441896,10.666666984558104,2.571727514266968,3300
ATO,1986-04-03,10.583333015441896,10.583333015441896,10.5,10.5,2.531545639038086,4950
ATO,1986-04-04,10.5,10.583333015441896,10.333333015441896,10.5,2.531545639038086,27750
ATO,1986-04-07,10.5,10.583333015441896,10.416666984558104,10.416666984558104,2.511453866958618,18150
ATO,1986-04-08,10.416666984558104,10.5,10.416666984558104,10.416666984558104,2.511453866958618,2550
ATO,1986-04-09,10.416666984558104,10.666666984558104,10.416666984558104,10.583333015441896,2.551635503768921,19800
ATO,1986-04-10,10.583333015441896,10.583333015441896,10.333333015441896,10.333333015441896,2.491361618041992,15900
ATO,1986-04-11,10.333333015441896,10.416666984558104,10.083333015441896,10.166666984558104,2.45117735862732,22050
ATO,1986-04-14,10.166666984558104,10.25,9.916666984558104,10.0,2.410994291305542,21300
ATO,1986-04-15,9.833333015441896,9.833333015441896,9.583333015441896,9.666666984558104,2.330627918243408,17850
ATO,1986-04-16,9.666666984558104,9.833333015441896,9.583333015441896,9.833333015441896,2.370813131332397,6750
ATO,1986-04-17,9.833333015441896,9.833333015441896,9.666666984558104,9.833333015441896,2.370813131332397,19500
ATO,1986-04-18,9.833333015441896,9.833333015441896,9.666666984558104,9.666666984558104,2.330627918243408,2250
ATO,1986-04-21,9.666666984558104,9.833333015441896,9.666666984558104,9.666666984558104,2.330627918243408,10950
ATO,1986-04-22,9.666666984558104,9.833333015441896,9.666666984558104,9.833333015441896,2.370813131332397,9600
ATO,1986-04-23,9.75,9.75,9.5,9.5,2.290445566177368,28050
ATO,1986-04-24,9.583333015441896,9.75,9.583333015441896,9.75,2.3507204055786133,13800
ATO,1986-04-25,9.75,9.75,9.666666984558104,9.75,2.3507204055786133,23700
ATO,1986-04-28,9.75,9.75,9.583333015441896,9.583333015441896,2.310537338256836,6750
ATO,1986-04-29,9.583333015441896,9.75,9.583333015441896,9.583333015441896,2.310537338256836,3750
ATO,1986-04-30,9.583333015441896,9.75,9.583333015441896,9.583333015441896,2.310537338256836,5550
ATO,1986-05-01,9.583333015441896,9.666666984558104,9.583333015441896,9.666666984558104,2.330627918243408,53100
ATO,1986-05-02,9.666666984558104,9.666666984558104,9.5,9.666666984558104,2.330627918243408,21000
ATO,1986-05-05,9.666666984558104,9.666666984558104,9.5,9.5,2.290445566177368,1800
ATO,1986-05-06,9.5,9.666666984558104,9.5,9.666666984558104,2.330627918243408,33900
ATO,1986-05-07,9.666666984558104,9.666666984558104,9.5,9.5,2.290445566177368,3000
ATO,1986-05-08,9.5,9.666666984558104,9.5,9.666666984558104,2.330627918243408,29550
ATO,1986-05-09,9.666666984558104,9.666666984558104,9.583333015441896,9.666666984558104,2.330627918243408,46050
ATO,1986-05-12,9.666666984558104,9.75,9.583333015441896,9.583333015441896,2.310537338256836,4500
ATO,1986-05-13,9.583333015441896,9.75,9.416666984558104,9.416666984558104,2.270354986190796,16500
ATO,1986-05-14,9.416666984558104,9.666666984558104,9.416666984558104,9.583333015441896,2.310537338256836,2400
ATO,1986-05-15,9.583333015441896,9.666666984558104,9.5,9.666666984558104,2.330627918243408,10050
ATO,1986-05-16,9.666666984558104,9.75,9.5,9.75,2.3507204055786133,15750
ATO,1986-05-19,9.75,9.75,9.5,9.666666984558104,2.330627918243408,4500
ATO,1986-05-20,9.666666984558104,9.666666984558104,9.5,9.666666984558104,2.330627918243408,4950
ATO,1986-05-21,9.666666984558104,9.75,9.583333015441896,9.75,2.3507204055786133,2400
ATO,1986-05-22,9.75,9.75,9.583333015441896,9.75,2.3507204055786133,5700
ATO,1986-05-23,9.75,9.916666984558104,9.666666984558104,9.916666984558104,2.390904426574707,10800
ATO,1986-05-27,9.916666984558104,10.0,9.833333015441896,9.833333015441896,2.370813131332397,17250
ATO,1986-05-28,10.0,10.5,10.0,10.333333015441896,2.491361618041992,41550
ATO,1986-05-29,10.333333015441896,10.5,9.916666984558104,10.166666984558104,2.45117735862732,10500
ATO,1986-05-30,10.166666984558104,10.166666984558104,9.916666984558104,10.166666984558104,2.45117735862732,6900
ATO,1986-06-02,10.166666984558104,10.25,10.0,10.166666984558104,2.45117735862732,11100
ATO,1986-06-03,10.166666984558104,10.25,10.083333015441896,10.083333015441896,2.4310858249664307,5550
ATO,1986-06-04,10.083333015441896,10.25,10.083333015441896,10.25,2.471269369125366,25050
ATO,1986-06-05,10.25,10.25,10.166666984558104,10.166666984558104,2.45117735862732,27600
ATO,1986-06-06,10.166666984558104,10.25,10.0,10.0,2.410994291305542,20400
ATO,1986-06-09,10.0,10.083333015441896,9.833333015441896,9.833333015441896,2.370813131332397,21750
ATO,1986-06-10,9.833333015441896,10.0,9.75,9.833333015441896,2.370813131332397,30600
ATO,1986-06-11,9.833333015441896,10.0,9.75,9.833333015441896,2.370813131332397,30600
ATO,1986-06-12,9.916666984558104,10.083333015441896,9.916666984558104,10.083333015441896,2.4310858249664307,9150
ATO,1986-06-13,10.083333015441896,10.166666984558104,10.0,10.0,2.410994291305542,11100
ATO,1986-06-16,10.0,10.083333015441896,10.0,10.0,2.410994291305542,11400
ATO,1986-06-17,10.0,10.166666984558104,10.0,10.083333015441896,2.4310858249664307,31050
ATO,1986-06-18,10.083333015441896,10.083333015441896,9.916666984558104,10.083333015441896,2.4310858249664307,15450
ATO,1986-06-19,10.083333015441896,10.083333015441896,9.916666984558104,10.083333015441896,2.4310858249664307,24900
ATO,1986-06-20,10.083333015441896,10.25,10.0,10.083333015441896,2.4310858249664307,42300
ATO,1986-06-23,10.083333015441896,10.25,10.083333015441896,10.166666984558104,2.45117735862732,7950
ATO,1986-06-24,10.166666984558104,10.416666984558104,10.083333015441896,10.333333015441896,2.491361618041992,22650
ATO,1986-06-25,10.333333015441896,10.666666984558104,10.25,10.5,2.531545639038086,52650
ATO,1986-06-26,10.666666984558104,10.916666984558104,10.666666984558104,10.916666984558104,2.632002353668213,54900
ATO,1986-06-27,10.916666984558104,10.916666984558104,10.75,10.75,2.59181809425354,19650
ATO,1986-06-30,10.833333015441896,10.916666984558104,10.833333015441896,10.833333015441896,2.611911058425904,28650
ATO,1986-07-01,10.833333015441896,10.916666984558104,10.75,10.833333015441896,2.611911058425904,45750
ATO,1986-07-02,10.833333015441896,10.833333015441896,10.666666984558104,10.833333015441896,2.611911058425904,9750
ATO,1986-07-03,10.833333015441896,10.833333015441896,10.583333015441896,10.833333015441896,2.611911058425904,23550
ATO,1986-07-07,10.75,10.75,10.5,10.5,2.531545639038086,20550
ATO,1986-07-08,10.5,10.666666984558104,10.25,10.25,2.471269369125366,17400
ATO,1986-07-09,10.25,10.5,10.25,10.333333015441896,2.491361618041992,28050
ATO,1986-07-10,10.416666984558104,10.666666984558104,10.416666984558104,10.666666984558104,2.571727514266968,22650
ATO,1986-07-11,10.666666984558104,10.666666984558104,10.5,10.5,2.531545639038086,6750
ATO,1986-07-14,10.5,10.666666984558104,10.083333015441896,10.25,2.471269369125366,25050
ATO,1986-07-15,10.25,10.25,10.083333015441896,10.083333015441896,2.4310858249664307,9750
ATO,1986-07-16,10.083333015441896,10.25,10.083333015441896,10.25,2.471269369125366,2100
ATO,1986-07-17,10.25,10.416666984558104,10.25,10.25,2.471269369125366,14100
ATO,1986-07-18,10.083333015441896,10.083333015441896,9.333333015441896,9.666666984558104,2.330627918243408,44250
ATO,1986-07-21,9.666666984558104,9.916666984558104,9.666666984558104,9.666666984558104,2.330627918243408,20550
ATO,1986-07-22,9.666666984558104,10.0,9.666666984558104,10.0,2.410994291305542,16200
ATO,1986-07-23,10.0,10.166666984558104,9.916666984558104,10.166666984558104,2.45117735862732,5700
ATO,1986-07-24,10.166666984558104,10.166666984558104,9.75,9.75,2.3507204055786133,18300
ATO,1986-07-25,9.75,9.833333015441896,9.75,9.833333015441896,2.370813131332397,5100
ATO,1986-07-28,9.833333015441896,9.916666984558104,9.0,9.25,2.2301692962646484,40350
ATO,1986-07-29,9.25,9.25,8.833333015441895,9.0,2.169895887374878,22200
ATO,1986-07-30,9.0,9.166666984558104,8.916666984558105,9.0,2.169895887374878,16650
ATO,1986-07-31,9.0,9.666666984558104,9.0,9.5,2.290445566177368,20850
ATO,1986-08-01,9.5,9.666666984558104,9.5,9.5,2.290445566177368,3000
ATO,1986-08-04,9.5,9.833333015441896,9.5,9.833333015441896,2.370813131332397,11850
ATO,1986-08-05,9.833333015441896,9.916666984558104,9.75,9.833333015441896,2.370813131332397,20100
ATO,1986-08-06,9.833333015441896,9.833333015441896,9.75,9.75,2.3507204055786133,15150
ATO,1986-08-07,9.75,10.25,9.75,10.083333015441896,2.4310858249664307,16050
ATO,1986-08-08,10.083333015441896,10.5,10.0,10.416666984558104,2.511453866958618,18000
ATO,1986-08-11,10.416666984558104,10.666666984558104,10.0,10.0,2.410994291305542,20550
ATO,1986-08-12,10.0,10.25,9.916666984558104,10.0,2.410994291305542,19050
ATO,1986-08-13,10.0,10.166666984558104,9.5,9.583333015441896,2.310537338256836,19650
ATO,1986-08-14,9.583333015441896,9.833333015441896,9.416666984558104,9.583333015441896,2.310537338256836,12750
ATO,1986-08-15,9.583333015441896,9.75,9.5,9.5,2.290445566177368,13350
ATO,1986-08-18,9.5,9.583333015441896,9.416666984558104,9.583333015441896,2.310537338256836,22800
ATO,1986-08-19,9.583333015441896,9.666666984558104,9.5,9.583333015441896,2.310537338256836,17250
ATO,1986-08-20,9.666666984558104,9.75,9.666666984558104,9.75,2.3507204055786133,1800
ATO,1986-08-21,9.75,9.916666984558104,9.583333015441896,9.833333015441896,2.370813131332397,29850
ATO,1986-08-22,9.833333015441896,10.666666984558104,9.833333015441896,10.583333015441896,2.551635503768921,58950
ATO,1986-08-25,10.583333015441896,10.666666984558104,10.5,10.5,2.531545639038086,24450
ATO,1986-08-26,10.5,10.666666984558104,10.416666984558104,10.666666984558104,2.571727514266968,43200
ATO,1986-08-27,10.666666984558104,10.666666984558104,10.5,10.666666984558104,2.571727514266968,18000
ATO,1986-08-28,10.666666984558104,10.666666984558104,10.5,10.666666984558104,2.571727514266968,12000
ATO,1986-08-29,10.666666984558104,11.0,10.5,10.666666984558104,2.571727514266968,37050
ATO,1986-09-02,10.666666984558104,10.833333015441896,10.666666984558104,10.666666984558104,2.571727514266968,12000
ATO,1986-09-03,10.666666984558104,10.75,10.5,10.583333015441896,2.551635503768921,32700
ATO,1986-09-04,10.583333015441896,10.75,10.583333015441896,10.666666984558104,2.571727514266968,2250
ATO,1986-09-05,10.583333015441896,10.583333015441896,10.583333015441896,10.583333015441896,2.551635503768921,300
ATO,1986-09-08,10.583333015441896,10.666666984558104,10.5,10.5,2.531545639038086,24000
ATO,1986-09-09,10.5,10.583333015441896,10.416666984558104,10.5,2.531545639038086,29250
ATO,1986-09-10,10.583333015441896,10.833333015441896,10.583333015441896,10.583333015441896,2.551635503768921,23700
ATO,1986-09-11,10.583333015441896,10.666666984558104,10.166666984558104,10.333333015441896,2.491361618041992,64650
ATO,1986-09-12,10.083333015441896,10.083333015441896,9.75,9.916666984558104,2.390904426574707,18150
ATO,1986-09-15,9.916666984558104,9.916666984558104,9.75,9.75,2.3507204055786133,3300
ATO,1986-09-16,9.75,9.916666984558104,9.666666984558104,9.833333015441896,2.370813131332397,12150
ATO,1986-09-17,9.833333015441896,10.083333015441896,9.75,9.916666984558104,2.390904426574707,14550
ATO,1986-09-18,9.916666984558104,9.916666984558104,9.916666984558104,9.916666984558104,2.390904426574707,750
ATO,1986-09-19,9.916666984558104,9.916666984558104,9.916666984558104,9.916666984558104,2.390904426574707,450
ATO,1986-09-22,9.916666984558104,10.166666984558104,9.916666984558104,10.0,2.410994291305542,10800
ATO,1986-09-23,10.0,10.166666984558104,10.0,10.0,2.410994291305542,10500
ATO,1986-09-24,10.0,10.166666984558104,10.0,10.166666984558104,2.45117735862732,2250
ATO,1986-09-25,10.166666984558104,10.416666984558104,10.083333015441896,10.25,2.471269369125366,33150
ATO,1986-09-26,10.25,10.25,10.25,10.25,2.471269369125366,150
ATO,1986-09-29,10.333333015441896,10.5,10.333333015441896,10.333333015441896,2.491361618041992,12600
ATO,1986-09-30,10.333333015441896,10.666666984558104,10.333333015441896,10.583333015441896,2.551635503768921,28350
ATO,1986-10-01,10.666666984558104,11.083333015441896,10.666666984558104,11.083333015441896,2.672185182571411,45450
ATO,1986-10-02,11.083333015441896,11.416666984558104,10.916666984558104,10.916666984558104,2.632002353668213,40050
ATO,1986-10-03,10.916666984558104,11.0,10.833333015441896,10.833333015441896,2.611911058425904,23100
ATO,1986-10-06,10.833333015441896,11.0,10.833333015441896,10.833333015441896,2.611911058425904,25650
ATO,1986-10-07,10.833333015441896,10.833333015441896,10.666666984558104,10.666666984558104,2.571727514266968,14550
ATO,1986-10-08,10.666666984558104,10.833333015441896,10.666666984558104,10.833333015441896,2.611911058425904,42450
ATO,1986-10-09,10.833333015441896,10.916666984558104,10.666666984558104,10.833333015441896,2.611911058425904,10800
ATO,1986-10-10,10.833333015441896,11.0,10.833333015441896,10.833333015441896,2.611911058425904,1200
ATO,1986-10-13,10.833333015441896,11.0,10.833333015441896,10.833333015441896,2.611911058425904,5250
ATO,1986-10-14,10.833333015441896,11.0,10.833333015441896,10.916666984558104,2.632002353668213,5250
ATO,1986-10-15,10.916666984558104,11.083333015441896,10.916666984558104,11.083333015441896,2.672185182571411,26400
ATO,1986-10-16,11.083333015441896,11.083333015441896,11.0,11.0,2.65209436416626,14700
ATO,1986-10-17,11.0,11.166666984558104,11.0,11.0,2.65209436416626,21000
ATO,1986-10-20,11.0,11.166666984558104,10.75,10.833333015441896,2.611911058425904,70200
ATO,1986-10-21,10.833333015441896,10.833333015441896,10.75,10.75,2.59181809425354,2100
ATO,1986-10-22,10.75,10.833333015441896,10.75,10.75,2.59181809425354,11850
ATO,1986-10-23,10.75,10.75,10.75,10.75,2.59181809425354,9150
ATO,1986-10-24,10.75,10.833333015441896,10.666666984558104,10.666666984558104,2.571727514266968,8400
ATO,1986-10-27,10.666666984558104,10.666666984558104,10.666666984558104,10.666666984558104,2.571727514266968,6300
ATO,1986-10-28,10.666666984558104,10.833333015441896,10.583333015441896,10.583333015441896,2.551635503768921,21300
ATO,1986-10-29,10.583333015441896,10.583333015441896,10.583333015441896,10.583333015441896,2.551635503768921,1650
ATO,1986-10-30,10.583333015441896,10.75,10.583333015441896,10.75,2.59181809425354,18750
ATO,1986-10-31,10.75,10.75,10.583333015441896,10.75,2.59181809425354,24600
ATO,1986-11-03,10.666666984558104,10.666666984558104,10.5,10.5,2.531545639038086,3300
ATO,1986-11-04,10.5,10.5,10.5,10.5,2.531545639038086,300
ATO,1986-11-05,10.5,10.666666984558104,10.5,10.5,2.531545639038086,1950
ATO,1986-11-06,10.5,10.583333015441896,10.416666984558104,10.416666984558104,2.511453866958618,3750
ATO,1986-11-07,10.416666984558104,10.416666984558104,10.416666984558104,10.416666984558104,2.511453866958618,2100
ATO,1986-11-10,10.416666984558104,10.416666984558104,10.416666984558104,10.416666984558104,2.511453866958618,11550
ATO,1986-11-11,10.416666984558104,10.5,10.416666984558104,10.416666984558104,2.511453866958618,2550
ATO,1986-11-12,10.416666984558104,10.5,10.416666984558104,10.416666984558104,2.511453866958618,24150
ATO,1986-11-13,10.5,10.666666984558104,10.5,10.5,2.531545639038086,21000
ATO,1986-11-14,10.666666984558104,10.666666984558104,10.666666984558104,10.666666984558104,2.571727514266968,1200
ATO,1986-11-17,10.666666984558104,10.75,10.583333015441896,10.583333015441896,2.551635503768921,6450
ATO,1986-11-18,10.583333015441896,10.75,10.583333015441896,10.75,2.59181809425354,4350
ATO,1986-11-19,10.75,10.75,10.583333015441896,10.583333015441896,2.551635503768921,2250
ATO,1986-11-20,10.583333015441896,10.75,10.583333015441896,10.666666984558104,2.571727514266968,53400
ATO,1986-11-21,10.666666984558104,10.666666984558104,10.583333015441896,10.666666984558104,2.571727514266968,6750
ATO,1986-11-24,10.666666984558104,10.666666984558104,10.583333015441896,10.583333015441896,2.551635503768921,9150
ATO,1986-11-25,10.583333015441896,10.583333015441896,10.583333015441896,10.583333015441896,2.551635503768921,1650
ATO,1986-11-26,10.583333015441896,10.666666984558104,10.583333015441896,10.666666984558104,2.571727514266968,12150
ATO,1986-11-28,10.666666984558104,10.666666984558104,10.666666984558104,10.666666984558104,2.571727514266968,1950
ATO,1986-12-01,10.666666984558104,10.75,10.666666984558104,10.666666984558104,2.571727514266968,6750
ATO,1986-12-02,10.666666984558104,10.75,10.666666984558104,10.666666984558104,2.571727514266968,6000
ATO,1986-12-03,10.666666984558104,10.75,10.583333015441896,10.583333015441896,2.551635503768921,30300
ATO,1986-12-04,10.583333015441896,10.583333015441896,10.416666984558104,10.416666984558104,2.511453866958618,14100
ATO,1986-12-05,10.416666984558104,10.5,10.166666984558104,10.166666984558104,2.45117735862732,31650
ATO,1986-12-08,10.166666984558104,10.166666984558104,10.083333015441896,10.166666984558104,2.45117735862732,6600
ATO,1986-12-09,10.166666984558104,10.25,10.166666984558104,10.166666984558104,2.45117735862732,1800
ATO,1986-12-10,10.25,10.416666984558104,10.25,10.416666984558104,2.511453866958618,7050
ATO,1986-12-11,10.416666984558104,10.416666984558104,10.083333015441896,10.166666984558104,2.45117735862732,22050
ATO,1986-12-12,10.166666984558104,10.25,10.0,10.083333015441896,2.4310858249664307,11400
ATO,1986-12-15,10.083333015441896,10.166666984558104,10.0,10.166666984558104,2.45117735862732,9600
ATO,1986-12-16,10.166666984558104,10.333333015441896,10.083333015441896,10.25,2.471269369125366,27150
ATO,1986-12-17,10.25,10.333333015441896,10.083333015441896,10.083333015441896,2.4310858249664307,6600
ATO,1986-12-18,10.083333015441896,10.166666984558104,10.0,10.0,2.410994291305542,11100
ATO,1986-12-19,10.0,10.083333015441896,9.916666984558104,9.916666984558104,2.390904426574707,10200
ATO,1986-12-22,9.916666984558104,10.083333015441896,9.916666984558104,9.916666984558104,2.390904426574707,10050
ATO,1986-12-23,9.916666984558104,10.166666984558104,9.916666984558104,9.916666984558104,2.390904426574707,23550
ATO,1986-12-24,10.083333015441896,10.166666984558104,10.083333015441896,10.083333015441896,2.4310858249664307,11700
ATO,1986-12-26,9.916666984558104,9.916666984558104,9.916666984558104,9.916666984558104,2.390904426574707,750
ATO,1986-12-29,9.916666984558104,10.0,9.916666984558104,9.916666984558104,2.390904426574707,3000
ATO,1986-12-30,9.916666984558104,9.916666984558104,9.916666984558104,9.916666984558104,2.390904426574707,1500
ATO,1986-12-31,9.916666984558104,10.083333015441896,9.916666984558104,9.916666984558104,2.390904426574707,5400
ATO,1987-01-02,9.916666984558104,10.083333015441896,9.916666984558104,9.916666984558104,2.390904426574707,3000
ATO,1987-01-05,10.0,10.166666984558104,10.0,10.166666984558104,2.45117735862732,1800
ATO,1987-01-06,10.166666984558104,10.166666984558104,10.0,10.083333015441896,2.4310858249664307,4950
ATO,1987-01-07,9.916666984558104,9.916666984558104,9.916666984558104,9.916666984558104,2.390904426574707,600
ATO,1987-01-08,9.916666984558104,10.083333015441896,9.916666984558104,10.083333015441896,2.4310858249664307,56400
ATO,1987-01-09,9.916666984558104,9.916666984558104,9.75,9.916666984558104,2.390904426574707,2100
ATO,1987-01-12,9.916666984558104,9.916666984558104,9.75,9.916666984558104,2.390904426574707,9750
ATO,1987-01-13,9.916666984558104,10.0,9.75,10.0,2.410994291305542,2850
ATO,1987-01-14,10.0,10.5,10.0,10.5,2.531545639038086,25650
ATO,1987-01-15,10.5,10.5,10.333333015441896,10.5,2.531545639038086,1050
ATO,1987-01-16,10.5,10.5,10.25,10.25,2.471269369125366,3000
ATO,1987-01-19,10.25,10.333333015441896,10.083333015441896,10.333333015441896,2.491361618041992,11250
ATO,1987-01-20,10.333333015441896,10.333333015441896,10.166666984558104,10.333333015441896,2.491361618041992,1500
ATO,1987-01-21,10.25,10.25,9.833333015441896,10.0,2.410994291305542,39750
ATO,1987-01-22,10.0,10.0,9.75,9.916666984558104,2.390904426574707,18300
ATO,1987-01-23,10.0,10.083333015441896,10.0,10.0,2.410994291305542,7650
ATO,1987-01-26,10.0,10.0,9.916666984558104,9.916666984558104,2.390904426574707,2700
ATO,1987-01-27,9.916666984558104,10.083333015441896,9.833333015441896,10.083333015441896,2.4310858249664307,4800
ATO,1987-01-28,10.083333015441896,10.083333015441896,9.916666984558104,10.083333015441896,2.4310858249664307,23700
ATO,1987-01-29,10.083333015441896,10.25,10.083333015441896,10.25,2.471269369125366,11100
ATO,1987-01-30,10.25,10.416666984558104,10.166666984558104,10.416666984558104,2.511453866958618,25200
ATO,1987-02-02,10.416666984558104,10.416666984558104,10.25,10.25,2.471269369125366,2850
ATO,1987-02-03,10.25,10.416666984558104,10.166666984558104,10.166666984558104,2.45117735862732,6300
ATO,1987-02-04,10.166666984558104,10.25,10.083333015441896,10.25,2.471269369125366,30600
ATO,1987-02-05,10.25,10.25,10.083333015441896,10.166666984558104,2.45117735862732,20400
ATO,1987-02-06,10.166666984558104,10.25,10.083333015441896,10.25,2.471269369125366,8700
ATO,1987-02-09,10.25,10.25,10.0,10.0,2.410994291305542,7050
ATO,1987-02-10,10.0,10.166666984558104,9.916666984558104,9.916666984558104,2.390904426574707,9150
ATO,1987-02-11,9.916666984558104,9.916666984558104,9.833333015441896,9.916666984558104,2.390904426574707,13350
ATO,1987-02-12,9.916666984558104,10.0,9.75,9.916666984558104,2.390904426574707,7950
ATO,1987-02-13,9.916666984558104,10.166666984558104,9.916666984558104,10.166666984558104,2.45117735862732,7650
ATO,1987-02-17,10.083333015441896,10.083333015441896,9.916666984558104,9.916666984558104,2.390904426574707,21150
ATO,1987-02-18,9.916666984558104,10.166666984558104,9.916666984558104,10.166666984558104,2.45117735862732,29550
ATO,1987-02-19,10.166666984558104,10.166666984558104,10.0,10.0,2.410994291305542,13950
ATO,1987-02-20,10.0,10.166666984558104,10.0,10.0,2.410994291305542,4350
ATO,1987-02-23,10.0,10.0,10.0,10.0,2.410994291305542,4800
ATO,1987-02-24,10.0,10.083333015441896,9.833333015441896,9.833333015441896,2.370813131332397,9300
ATO,1987-02-25,9.833333015441896,10.0,9.75,9.833333015441896,2.370813131332397,4800
ATO,1987-02-26,9.833333015441896,9.916666984558104,9.75,9.75,2.3507204055786133,7050
ATO,1987-02-27,9.75,9.833333015441896,9.666666984558104,9.833333015441896,2.370813131332397,4650
ATO,1987-03-02,9.75,9.75,9.333333015441896,9.5,2.290445566177368,41250
ATO,1987-03-03,9.416666984558104,9.416666984558104,9.25,9.333333015441896,2.250262498855591,30450
ATO,1987-03-04,9.333333015441896,9.666666984558104,9.166666984558104,9.666666984558104,2.330627918243408,16200
ATO,1987-03-05,9.583333015441896,9.583333015441896,9.5,9.5,2.290445566177368,9000
ATO,1987-03-06,9.5,9.583333015441896,9.416666984558104,9.416666984558104,2.270354986190796,3150
ATO,1987-03-09,9.416666984558104,9.416666984558104,9.416666984558104,9.416666984558104,2.270354986190796,2400
ATO,1987-03-10,9.416666984558104,9.5,9.416666984558104,9.5,2.290445566177368,13350
ATO,1987-03-11,9.5,9.666666984558104,9.416666984558104,9.583333015441896,2.310537338256836,43800
ATO,1987-03-12,9.583333015441896,9.666666984558104,9.5,9.5,2.290445566177368,9150
ATO,1987-03-13,9.5,9.666666984558104,9.5,9.5,2.290445566177368,4650
ATO,1987-03-16,9.5,9.666666984558104,9.416666984558104,9.583333015441896,2.310537338256836,5250
ATO,1987-03-17,9.583333015441896,9.583333015441896,9.416666984558104,9.416666984558104,2.270354986190796,2550
ATO,1987-03-18,9.416666984558104,9.583333015441896,9.416666984558104,9.5,2.290445566177368,5550
ATO,1987-03-19,9.5,9.583333015441896,9.333333015441896,9.333333015441896,2.250262498855591,5850
ATO,1987-03-20,9.333333015441896,9.5,9.333333015441896,9.5,2.290445566177368,7800
ATO,1987-03-23,9.5,9.5,9.25,9.333333015441896,2.250262498855591,8700
ATO,1987-03-24,9.333333015441896,9.416666984558104,9.166666984558104,9.416666984558104,2.270354986190796,9600
ATO,1987-03-25,9.416666984558104,9.666666984558104,9.166666984558104,9.666666984558104,2.330627918243408,40350
ATO,1987-03-26,9.666666984558104,9.833333015441896,9.583333015441896,9.75,2.3507204055786133,42900
ATO,1987-03-27,9.75,9.75,9.583333015441896,9.666666984558104,2.330627918243408,7350
ATO,1987-03-30,9.5,9.5,9.416666984558104,9.416666984558104,2.270354986190796,7350
ATO,1987-03-31,9.416666984558104,9.583333015441896,9.416666984558104,9.416666984558104,2.270354986190796,9600
ATO,1987-04-01,9.416666984558104,9.5,9.416666984558104,9.5,2.290445566177368,8400
ATO,1987-04-02,9.5,9.666666984558104,9.5,9.583333015441896,2.310537338256836,19950
ATO,1987-04-03,9.583333015441896,9.666666984558104,9.583333015441896,9.583333015441896,2.310537338256836,9450
ATO,1987-04-06,9.583333015441896,9.666666984558104,9.5,9.5,2.290445566177368,10650
ATO,1987-04-07,9.5,9.5,9.25,9.416666984558104,2.270354986190796,15150
ATO,1987-04-08,9.416666984558104,9.5,9.25,9.333333015441896,2.250262498855591,3750
ATO,1987-04-09,9.333333015441896,9.5,9.25,9.333333015441896,2.250262498855591,6450
ATO,1987-04-10,9.333333015441896,9.333333015441896,9.166666984558104,9.166666984558104,2.210078001022339,24750
ATO,1987-04-13,9.166666984558104,9.333333015441896,9.083333015441896,9.166666984558104,2.210078001022339,9750
ATO,1987-04-14,9.166666984558104,9.166666984558104,9.0,9.166666984558104,2.210078001022339,19800
ATO,1987-04-15,9.166666984558104,9.416666984558104,9.083333015441896,9.333333015441896,2.250262498855591,17850
ATO,1987-04-16,9.333333015441896,9.5,9.25,9.5,2.290445566177368,27750
ATO,1987-04-20,9.5,9.5,9.333333015441896,9.333333015441896,2.250262498855591,1500
ATO,1987-04-21,9.333333015441896,9.333333015441896,9.166666984558104,9.25,2.2301692962646484,16050
ATO,1987-04-22,9.25,9.333333015441896,9.166666984558104,9.333333015441896,2.250262498855591,3750
ATO,1987-04-23,9.333333015441896,9.416666984558104,9.25,9.416666984558104,2.270354986190796,3000
ATO,1987-04-24,9.416666984558104,9.5,9.333333015441896,9.5,2.290445566177368,9150
ATO,1987-04-27,9.5,9.5,9.25,9.333333015441896,2.250262498855591,5100
ATO,1987-04-28,9.333333015441896,9.583333015441896,9.333333015441896,9.5,2.290445566177368,13800
ATO,1987-04-29,9.5,9.666666984558104,9.5,9.583333015441896,2.310537338256836,5700
ATO,1987-04-30,9.583333015441896,9.833333015441896,9.583333015441896,9.833333015441896,2.370813131332397,35700
ATO,1987-05-01,9.75,9.75,9.583333015441896,9.75,2.3507204055786133,4200
ATO,1987-05-04,9.75,9.75,9.5,9.5,2.290445566177368,13650
ATO,1987-05-05,9.666666984558104,9.666666984558104,9.666666984558104,9.666666984558104,2.330627918243408,1350
ATO,1987-05-06,9.666666984558104,9.666666984558104,9.5,9.5,2.290445566177368,5250
ATO,1987-05-07,9.5,9.666666984558104,9.5,9.5,2.290445566177368,41550
ATO,1987-05-08,9.5,9.666666984558104,9.5,9.583333015441896,2.310537338256836,7050
ATO,1987-05-11,9.583333015441896,9.75,9.583333015441896,9.666666984558104,2.330627918243408,3750
ATO,1987-05-12,9.666666984558104,9.833333015441896,9.666666984558104,9.833333015441896,2.370813131332397,5550
ATO,1987-05-13,9.833333015441896,9.833333015441896,9.583333015441896,9.583333015441896,2.310537338256836,4950
ATO,1987-05-14,9.583333015441896,9.666666984558104,9.5,9.666666984558104,2.330627918243408,13350
ATO,1987-05-15,9.666666984558104,9.666666984558104,9.5,9.5,2.290445566177368,5400
ATO,1987-05-18,9.5,9.583333015441896,9.333333015441896,9.333333015441896,2.250262498855591,4950
ATO,1987-05-19,9.333333015441896,9.416666984558104,9.333333015441896,9.333333015441896,2.250262498855591,10200
ATO,1987-05-20,9.333333015441896,9.416666984558104,9.166666984558104,9.416666984558104,2.270354986190796,5850
ATO,1987-05-21,9.416666984558104,9.416666984558104,9.25,9.416666984558104,2.270354986190796,24000
ATO,1987-05-22,9.333333015441896,9.333333015441896,9.333333015441896,9.333333015441896,2.250262498855591,1350
ATO,1987-05-26,9.416666984558104,9.5,9.416666984558104,9.416666984558104,2.270354986190796,2850
ATO,1987-05-27,9.333333015441896,9.333333015441896,9.333333015441896,9.333333015441896,2.250262498855591,3450
ATO,1987-05-28,9.333333015441896,9.416666984558104,9.25,9.25,2.2301692962646484,7500
ATO,1987-05-29,9.25,9.416666984558104,9.166666984558104,9.166666984558104,2.210078001022339,5850
ATO,1987-06-01,9.166666984558104,9.333333015441896,9.166666984558104,9.166666984558104,2.210078001022339,1500
ATO,1987-06-02,9.166666984558104,9.166666984558104,9.166666984558104,9.166666984558104,2.210078001022339,4200
ATO,1987-06-03,9.166666984558104,9.333333015441896,9.166666984558104,9.166666984558104,2.210078001022339,1650
ATO,1987-06-04,9.166666984558104,9.333333015441896,9.166666984558104,9.333333015441896,2.250262498855591,3150
ATO,1987-06-05,9.333333015441896,9.333333015441896,9.166666984558104,9.333333015441896,2.250262498855591,3000
ATO,1987-06-08,9.166666984558104,9.166666984558104,9.083333015441896,9.083333015441896,2.1899869441986084,2400
ATO,1987-06-09,9.083333015441896,9.333333015441896,9.083333015441896,9.166666984558104,2.210078001022339,7800
ATO,1987-06-10,9.166666984558104,9.25,9.083333015441896,9.25,2.2301692962646484,11850
ATO,1987-06-11,9.25,9.25,9.083333015441896,9.083333015441896,2.1899869441986084,3900
ATO,1987-06-12,9.166666984558104,9.25,9.166666984558104,9.25,2.2301692962646484,1200
ATO,1987-06-15,9.25,9.333333015441896,9.166666984558104,9.333333015441896,2.250262498855591,6150
ATO,1987-06-16,9.166666984558104,9.166666984558104,9.166666984558104,9.166666984558104,2.210078001022339,450
ATO,1987-06-17,9.166666984558104,9.333333015441896,9.166666984558104,9.333333015441896,2.250262498855591,1650
ATO,1987-06-18,9.333333015441896,9.333333015441896,9.166666984558104,9.166666984558104,2.210078001022339,16200
ATO,1987-06-19,9.166666984558104,9.25,9.166666984558104,9.25,2.2301692962646484,8700
ATO,1987-06-22,9.25,9.333333015441896,9.166666984558104,9.166666984558104,2.210078001022339,2850
ATO,1987-06-23,9.166666984558104,9.333333015441896,9.166666984558104,9.25,2.2301692962646484,7950
ATO,1987-06-24,9.25,9.333333015441896,9.083333015441896,9.333333015441896,2.250262498855591,2100
ATO,1987-06-25,9.25,9.25,9.083333015441896,9.083333015441896,2.1899869441986084,4200
ATO,1987-06-26,9.083333015441896,9.25,9.083333015441896,9.166666984558104,2.210078001022339,10050
ATO,1987-06-29,9.166666984558104,9.333333015441896,9.166666984558104,9.166666984558104,2.210078001022339,6450
ATO,1987-06-30,9.333333015441896,9.416666984558104,9.333333015441896,9.416666984558104,2.270354986190796,17550
ATO,1987-07-01,9.416666984558104,9.416666984558104,9.25,9.333333015441896,2.250262498855591,24900
ATO,1987-07-02,9.333333015441896,9.333333015441896,9.25,9.333333015441896,2.250262498855591,1050
ATO,1987-07-06,9.333333015441896,9.333333015441896,9.25,9.25,2.2301692962646484,3450
ATO,1987-07-07,9.25,9.333333015441896,9.166666984558104,9.166666984558104,2.210078001022339,30450
ATO,1987-07-08,9.166666984558104,9.25,9.083333015441896,9.083333015441896,2.1899869441986084,14400
ATO,1987-07-09,9.083333015441896,9.25,9.083333015441896,9.25,2.2301692962646484,66300
ATO,1987-07-10,9.25,9.25,9.0,9.166666984558104,2.210078001022339,32700
ATO,1987-07-13,9.166666984558104,9.166666984558104,9.0,9.0,2.169895887374878,24750
ATO,1987-07-14,9.0,9.166666984558104,9.0,9.166666984558104,2.210078001022339,6150
ATO,1987-07-15,9.166666984558104,9.166666984558104,9.083333015441896,9.166666984558104,2.210078001022339,16200
ATO,1987-07-16,9.166666984558104,9.166666984558104,9.083333015441896,9.166666984558104,2.210078001022339,5700
ATO,1987-07-17,9.166666984558104,9.166666984558104,9.083333015441896,9.166666984558104,2.210078001022339,15150
ATO,1987-07-20,9.166666984558104,9.166666984558104,9.083333015441896,9.083333015441896,2.1899869441986084,7200
ATO,1987-07-21,9.083333015441896,9.25,9.083333015441896,9.083333015441896,2.1899869441986084,9750
ATO,1987-07-22,9.166666984558104,9.25,9.166666984558104,9.166666984558104,2.210078001022339,6900
ATO,1987-07-23,9.166666984558104,9.166666984558104,9.083333015441896,9.166666984558104,2.210078001022339,6600
ATO,1987-07-24,9.166666984558104,9.25,9.083333015441896,9.25,2.2301692962646484,1650
ATO,1987-07-27,9.25,9.25,9.083333015441896,9.166666984558104,2.210078001022339,5850
ATO,1987-07-28,9.166666984558104,9.25,9.0,9.083333015441896,2.1899869441986084,13350
ATO,1987-07-29,9.083333015441896,9.083333015441896,9.0,9.0,2.169895887374878,13650
ATO,1987-07-30,9.0,9.166666984558104,9.0,9.0,2.169895887374878,8550
ATO,1987-07-31,9.0,9.166666984558104,8.916666984558105,8.916666984558105,2.1498050689697266,20550
ATO,1987-08-03,8.916666984558105,9.0,8.833333015441895,8.833333015441895,2.129713535308838,13200
ATO,1987-08-04,8.833333015441895,9.0,8.833333015441895,8.916666984558105,2.1498050689697266,15900
ATO,1987-08-05,8.916666984558105,9.0,8.833333015441895,9.0,2.169895887374878,9900
ATO,1987-08-06,9.0,9.0,8.916666984558105,9.0,2.169895887374878,10200
ATO,1987-08-07,9.0,9.0,8.916666984558105,9.0,2.169895887374878,5550
ATO,1987-08-10,9.0,9.166666984558104,8.916666984558105,9.0,2.169895887374878,15300
ATO,1987-08-11,9.0,9.166666984558104,9.0,9.0,2.169895887374878,16350
ATO,1987-08-12,9.083333015441896,9.5,9.083333015441896,9.333333015441896,2.250262498855591,75600
ATO,1987-08-13,9.416666984558104,9.75,9.416666984558104,9.666666984558104,2.330627918243408,44400
ATO,1987-08-14,9.666666984558104,9.666666984558104,9.5,9.583333015441896,2.310537338256836,4200
ATO,1987-08-17,9.583333015441896,9.583333015441896,9.333333015441896,9.416666984558104,2.270354986190796,25200
ATO,1987-08-18,9.416666984558104,9.416666984558104,9.333333015441896,9.416666984558104,2.270354986190796,9900
ATO,1987-08-19,9.416666984558104,9.583333015441896,9.333333015441896,9.583333015441896,2.310537338256836,17400
ATO,1987-08-20,9.583333015441896,9.666666984558104,9.416666984558104,9.5,2.290445566177368,22350
ATO,1987-08-21,9.5,9.666666984558104,9.5,9.5,2.290445566177368,11550
ATO,1987-08-24,9.5,9.75,9.416666984558104,9.5,2.290445566177368,24000
ATO,1987-08-25,9.5,9.666666984558104,9.416666984558104,9.666666984558104,2.330627918243408,8400
ATO,1987-08-26,9.666666984558104,9.666666984558104,9.5,9.5,2.290445566177368,9150
ATO,1987-08-27,9.5,9.666666984558104,9.416666984558104,9.5,2.290445566177368,29400
ATO,1987-08-28,9.5,9.5,9.333333015441896,9.333333015441896,2.250262498855591,6900
ATO,1987-08-31,9.333333015441896,9.5,9.333333015441896,9.5,2.290445566177368,5850
ATO,1987-09-01,9.5,9.583333015441896,9.416666984558104,9.416666984558104,2.270354986190796,36300
ATO,1987-09-02,9.416666984558104,9.416666984558104,9.25,9.333333015441896,2.250262498855591,22800
ATO,1987-09-03,9.25,9.25,9.25,9.25,2.2301692962646484,3450
ATO,1987-09-04,9.25,9.5,9.25,9.333333015441896,2.250262498855591,29100
ATO,1987-09-08,9.333333015441896,9.333333015441896,9.25,9.25,2.2301692962646484,13800
ATO,1987-09-09,9.25,9.25,9.083333015441896,9.083333015441896,2.1899869441986084,12900
ATO,1987-09-10,9.166666984558104,9.333333015441896,9.166666984558104,9.25,2.2301692962646484,4650
ATO,1987-09-11,9.25,9.333333015441896,9.166666984558104,9.333333015441896,2.250262498855591,25050
ATO,1987-09-14,9.333333015441896,9.416666984558104,9.166666984558104,9.25,2.2301692962646484,10350
ATO,1987-09-15,9.25,9.5,9.25,9.416666984558104,2.270354986190796,46050
ATO,1987-09-16,9.416666984558104,9.416666984558104,9.25,9.25,2.2301692962646484,11250
ATO,1987-09-17,9.25,9.333333015441896,9.166666984558104,9.333333015441896,2.250262498855591,4650
ATO,1987-09-18,9.333333015441896,9.416666984558104,9.166666984558104,9.416666984558104,2.270354986190796,8550
ATO,1987-09-21,9.416666984558104,9.416666984558104,9.25,9.25,2.2301692962646484,2850
ATO,1987-09-22,9.25,9.416666984558104,9.166666984558104,9.333333015441896,2.250262498855591,7500
ATO,1987-09-23,9.333333015441896,9.416666984558104,9.166666984558104,9.416666984558104,2.270354986190796,4500
ATO,1987-09-24,9.416666984558104,9.416666984558104,9.25,9.333333015441896,2.250262498855591,5400
ATO,1987-09-25,9.333333015441896,9.416666984558104,9.25,9.25,2.2301692962646484,17400
ATO,1987-09-28,9.25,9.333333015441896,9.166666984558104,9.166666984558104,2.210078001022339,5100
ATO,1987-09-29,9.166666984558104,9.333333015441896,9.166666984558104,9.25,2.2301692962646484,19350
ATO,1987-09-30,9.25,9.333333015441896,9.166666984558104,9.25,2.2301692962646484,18300
ATO,1987-10-01,9.25,9.333333015441896,9.25,9.25,2.2301692962646484,6300
ATO,1987-10-02,9.25,9.333333015441896,9.25,9.333333015441896,2.250262498855591,26550
ATO,1987-10-05,9.333333015441896,9.416666984558104,9.333333015441896,9.416666984558104,2.270354986190796,44400
ATO,1987-10-06,9.416666984558104,9.5,9.333333015441896,9.416666984558104,2.270354986190796,5700
ATO,1987-10-07,9.416666984558104,9.416666984558104,9.333333015441896,9.416666984558104,2.270354986190796,22650
ATO,1987-10-08,9.416666984558104,9.5,9.333333015441896,9.333333015441896,2.250262498855591,2550
ATO,1987-10-09,9.333333015441896,9.416666984558104,9.333333015441896,9.416666984558104,2.270354986190796,1500
ATO,1987-10-12,9.416666984558104,9.416666984558104,9.333333015441896,9.416666984558104,2.270354986190796,3150
ATO,1987-10-13,9.416666984558104,9.416666984558104,9.333333015441896,9.416666984558104,2.270354986190796,6900
ATO,1987-10-14,9.416666984558104,9.416666984558104,9.333333015441896,9.333333015441896,2.250262498855591,15300
ATO,1987-10-15,9.333333015441896,9.416666984558104,9.333333015441896,9.333333015441896,2.250262498855591,12000
ATO,1987-10-16,9.333333015441896,9.416666984558104,9.25,9.416666984558104,2.270354986190796,50850
ATO,1987-10-19,9.416666984558104,9.416666984558104,9.083333015441896,9.166666984558104,2.210078001022339,196200
ATO,1987-10-20,9.166666984558104,9.25,8.75,8.75,2.1096203327178955,70650
ATO,1987-10-21,8.75,9.333333015441896,8.666666984558105,9.166666984558104,2.210078001022339,26100
ATO,1987-10-22,9.083333015441896,9.083333015441896,8.833333015441895,9.0,2.169895887374878,34200
ATO,1987-10-23,8.916666984558105,8.916666984558105,8.833333015441895,8.916666984558105,2.1498050689697266,16500
ATO,1987-10-26,8.75,8.75,7.1666669845581055,7.1666669845581055,1.7278798818588257,25800
ATO,1987-10-27,7.4166669845581055,7.75,7.4166669845581055,7.5833330154418945,1.8283379077911377,28350
ATO,1987-10-28,7.5833330154418945,7.6666669845581055,7.5,7.6666669845581055,1.848429560661316,55200
ATO,1987-10-29,7.6666669845581055,7.9166669845581055,7.5,7.9166669845581055,1.90870463848114,26850
ATO,1987-10-30,8.0,8.333333015441895,8.0,8.333333015441895,2.0091629028320312,18150
ATO,1987-11-02,8.333333015441895,8.333333015441895,8.166666984558105,8.166666984558105,1.968980073928833,1500
ATO,1987-11-03,8.25,8.333333015441895,8.25,8.25,1.989071130752564,750
ATO,1987-11-04,8.25,8.333333015441895,8.083333015441895,8.083333015441895,1.9488863945007324,14250
ATO,1987-11-05,8.166666984558105,8.333333015441895,8.166666984558105,8.333333015441895,2.0091629028320312,7500
ATO,1987-11-06,8.25,8.25,8.166666984558105,8.25,1.989071130752564,7950
ATO,1987-11-09,8.166666984558105,8.166666984558105,7.9166669845581055,8.083333015441895,1.9488863945007324,13350
ATO,1987-11-10,8.083333015441895,8.25,7.9166669845581055,8.25,1.989071130752564,34050
ATO,1987-11-11,8.25,8.416666984558105,8.083333015441895,8.416666984558105,2.029254674911499,45750
ATO,1987-11-12,8.5,8.916666984558105,8.5,8.916666984558105,2.1498050689697266,55350
ATO,1987-11-13,8.916666984558105,9.166666984558104,8.833333015441895,9.083333015441896,2.1899869441986084,10050
ATO,1987-11-16,9.166666984558104,9.333333015441896,9.166666984558104,9.166666984558104,2.210078001022339,1350
ATO,1987-11-17,9.166666984558104,9.333333015441896,9.0,9.0,2.169895887374878,23850
ATO,1987-11-18,9.0,9.166666984558104,9.0,9.083333015441896,2.1899869441986084,2550
ATO,1987-11-19,9.0,9.0,8.916666984558105,8.916666984558105,2.1498050689697266,6600
ATO,1987-11-20,8.916666984558105,9.0,8.75,9.0,2.169895887374878,13050
ATO,1987-11-23,8.916666984558105,8.916666984558105,8.666666984558105,8.916666984558105,2.1498050689697266,2700
ATO,1987-11-24,8.833333015441895,8.833333015441895,8.666666984558105,8.666666984558105,2.089528560638428,9450
ATO,1987-11-25,8.666666984558105,8.916666984558105,8.666666984558105,8.833333015441895,2.129713535308838,3750
ATO,1987-11-27,8.833333015441895,8.833333015441895,8.833333015441895,8.833333015441895,2.129713535308838,1500
ATO,1987-11-30,8.75,8.75,8.5,8.5,2.049345731735229,11550
ATO,1987-12-01,8.5,8.666666984558105,8.5,8.583333015441895,2.069437265396118,6750
ATO,1987-12-02,8.583333015441895,8.583333015441895,8.416666984558105,8.583333015441895,2.069437265396118,3600
ATO,1987-12-03,8.416666984558105,8.416666984558105,8.166666984558105,8.333333015441895,2.0091629028320312,9150
ATO,1987-12-04,8.083333015441895,8.083333015441895,7.9166669845581055,8.0,1.9287950992584229,3450
ATO,1987-12-07,8.0,8.083333015441895,8.0,8.0,1.9287950992584229,4200
ATO,1987-12-08,8.0,8.166666984558105,8.0,8.166666984558105,1.968980073928833,8700
ATO,1987-12-09,8.25,8.25,8.25,8.25,1.989071130752564,900
ATO,1987-12-10,8.083333015441895,8.083333015441895,7.9166669845581055,8.0,1.9287950992584229,4500
ATO,1987-12-11,8.0,8.0,7.9166669845581055,8.0,1.9287950992584229,6450
ATO,1987-12-14,8.0,8.0,7.9166669845581055,8.0,1.9287950992584229,8850
ATO,1987-12-15,8.0,8.166666984558105,7.9166669845581055,8.166666984558105,1.968980073928833,15450
ATO,1987-12-16,8.166666984558105,8.25,8.083333015441895,8.25,1.989071130752564,7350
ATO,1987-12-17,8.25,8.25,8.083333015441895,8.083333015441895,1.9488863945007324,1950
ATO,1987-12-18,8.083333015441895,8.333333015441895,8.083333015441895,8.083333015441895,1.9488863945007324,1050
ATO,1987-12-21,8.25,8.416666984558105,8.25,8.25,1.989071130752564,8700
ATO,1987-12-22,8.25,8.25,8.25,8.25,1.989071130752564,1650
ATO,1987-12-23,8.25,8.5,8.25,8.5,2.049345731735229,7650
ATO,1987-12-24,8.5,8.5,8.25,8.25,1.989071130752564,2250
ATO,1987-12-28,8.25,8.5,8.25,8.25,1.989071130752564,6600
ATO,1987-12-29,8.333333015441895,8.333333015441895,8.333333015441895,8.333333015441895,2.0091629028320312,600
ATO,1987-12-30,8.333333015441895,8.333333015441895,8.166666984558105,8.333333015441895,2.0091629028320312,4800
ATO,1987-12-31,8.333333015441895,8.333333015441895,8.166666984558105,8.166666984558105,1.968980073928833,9000
ATO,1988-01-04,8.166666984558105,8.5,8.166666984558105,8.5,2.049345731735229,3450
ATO,1988-01-05,8.583333015441895,8.833333015441895,8.583333015441895,8.833333015441895,2.129713535308838,10650
ATO,1988-01-06,8.833333015441895,8.833333015441895,8.666666984558105,8.666666984558105,2.089528560638428,1500
ATO,1988-01-07,8.75,9.0,8.75,9.0,2.169895887374878,4950
ATO,1988-01-08,9.0,9.25,9.0,9.0,2.169895887374878,7050
ATO,1988-01-11,9.0,9.166666984558104,9.0,9.166666984558104,2.210078001022339,12300
ATO,1988-01-12,9.166666984558104,9.166666984558104,9.0,9.0,2.169895887374878,17100
ATO,1988-01-13,9.0,9.083333015441896,8.916666984558105,8.916666984558105,2.1498050689697266,2550
ATO,1988-01-14,8.916666984558105,9.083333015441896,8.916666984558105,8.916666984558105,2.1498050689697266,0
ATO,1988-01-15,9.0,9.083333015441896,9.0,9.0,2.169895887374878,4050
ATO,1988-01-18,9.0,9.166666984558104,9.0,9.0,2.169895887374878,10800
ATO,1988-01-19,9.0,9.25,9.0,9.25,2.2301692962646484,16350
ATO,1988-01-20,9.25,9.25,9.083333015441896,9.083333015441896,2.1899869441986084,3750
ATO,1988-01-21,9.083333015441896,9.25,9.083333015441896,9.083333015441896,2.1899869441986084,16050
ATO,1988-01-22,9.083333015441896,9.083333015441896,9.083333015441896,9.083333015441896,2.1899869441986084,900
ATO,1988-01-25,9.083333015441896,9.25,9.083333015441896,9.083333015441896,2.1899869441986084,8700
ATO,1988-01-26,9.25,9.25,9.25,9.25,2.2301692962646484,3150
ATO,1988-01-27,9.166666984558104,9.166666984558104,9.083333015441896,9.083333015441896,2.1899869441986084,70950
ATO,1988-01-28,9.083333015441896,9.166666984558104,9.0,9.166666984558104,2.210078001022339,1800
ATO,1988-01-29,9.166666984558104,9.5,9.083333015441896,9.25,2.2301692962646484,67050
ATO,1988-02-01,9.25,9.25,9.083333015441896,9.083333015441896,2.1899869441986084,14400
ATO,1988-02-02,9.083333015441896,9.416666984558104,9.083333015441896,9.25,2.2301692962646484,16200
ATO,1988-02-03,9.25,9.416666984558104,9.25,9.25,2.2301692962646484,8550
ATO,1988-02-04,9.25,9.333333015441896,9.25,9.25,2.2301692962646484,23550
ATO,1988-02-05,9.25,9.416666984558104,9.25,9.416666984558104,2.270354986190796,14850
ATO,1988-02-08,9.416666984558104,9.416666984558104,9.25,9.25,2.2301692962646484,5400
ATO,1988-02-09,9.25,9.416666984558104,9.25,9.416666984558104,2.270354986190796,33750
ATO,1988-02-10,9.416666984558104,10.0,9.416666984558104,9.75,2.3507204055786133,19650
ATO,1988-02-11,9.75,10.0,9.75,9.916666984558104,2.390904426574707,54150
ATO,1988-02-12,9.916666984558104,10.166666984558104,9.75,10.166666984558104,2.45117735862732,57000
ATO,1988-02-16,10.166666984558104,10.166666984558104,10.0,10.0,2.410994291305542,14550
ATO,1988-02-17,10.0,10.166666984558104,10.0,10.0,2.410994291305542,46050
ATO,1988-02-18,10.0,10.166666984558104,10.0,10.083333015441896,2.4310858249664307,10350
ATO,1988-02-19,10.0,10.0,9.916666984558104,10.0,2.410994291305542,11850
ATO,1988-02-22,10.0,10.083333015441896,9.916666984558104,10.0,2.410994291305542,18150
ATO,1988-02-23,10.0,10.166666984558104,10.0,10.0,2.410994291305542,13650
ATO,1988-02-24,10.0,10.166666984558104,10.0,10.083333015441896,2.4310858249664307,37950
ATO,1988-02-25,10.083333015441896,10.333333015441896,10.083333015441896,10.25,2.471269369125366,10650
ATO,1988-02-26,10.25,10.25,10.083333015441896,10.166666984558104,2.45117735862732,14550
ATO,1988-02-29,10.25,10.333333015441896,10.25,10.25,2.471269369125366,9600
ATO,1988-03-01,10.25,10.416666984558104,10.25,10.25,2.471269369125366,6750
ATO,1988-03-02,10.25,10.333333015441896,10.25,10.25,2.471269369125366,5550
ATO,1988-03-03,10.25,10.416666984558104,10.083333015441896,10.083333015441896,2.4310858249664307,21450
ATO,1988-03-04,10.083333015441896,10.333333015441896,10.083333015441896,10.333333015441896,2.491361618041992,2250
ATO,1988-03-07,10.083333015441896,10.083333015441896,10.083333015441896,10.083333015441896,2.4310858249664307,11400
ATO,1988-03-08,10.083333015441896,10.333333015441896,10.083333015441896,10.25,2.471269369125366,8700
ATO,1988-03-09,10.25,10.25,9.916666984558104,10.083333015441896,2.4310858249664307,17400
ATO,1988-03-10,10.083333015441896,10.166666984558104,9.916666984558104,10.0,2.410994291305542,17400
ATO,1988-03-11,10.0,10.166666984558104,10.0,10.0,2.410994291305542,3000
ATO,1988-03-14,10.0,10.166666984558104,9.916666984558104,10.166666984558104,2.45117735862732,750
ATO,1988-03-15,10.083333015441896,10.083333015441896,10.0,10.083333015441896,2.4310858249664307,24150
ATO,1988-03-16,10.083333015441896,10.083333015441896,10.0,10.083333015441896,2.4310858249664307,12150
ATO,1988-03-17,10.083333015441896,10.083333015441896,10.083333015441896,10.083333015441896,2.4310858249664307,150
ATO,1988-03-18,10.083333015441896,10.666666984558104,10.0,10.416666984558104,2.511453866958618,23550
ATO,1988-03-21,10.416666984558104,10.666666984558104,10.416666984558104,10.5,2.531545639038086,9450
ATO,1988-03-22,10.416666984558104,10.416666984558104,10.416666984558104,10.416666984558104,2.511453866958618,2700
ATO,1988-03-23,10.416666984558104,10.5,10.416666984558104,10.416666984558104,2.511453866958618,3000
ATO,1988-03-24,10.416666984558104,10.5,10.25,10.416666984558104,2.511453866958618,8550
ATO,1988-03-25,10.416666984558104,10.5,10.25,10.25,2.471269369125366,2700
ATO,1988-03-28,10.25,10.416666984558104,10.166666984558104,10.166666984558104,2.45117735862732,16800
ATO,1988-03-29,10.166666984558104,10.416666984558104,10.166666984558104,10.166666984558104,2.45117735862732,9150
ATO,1988-03-30,10.166666984558104,10.166666984558104,10.166666984558104,10.166666984558104,2.45117735862732,750
ATO,1988-03-31,10.166666984558104,10.416666984558104,10.166666984558104,10.416666984558104,2.511453866958618,4800
ATO,1988-04-04,10.333333015441896,10.333333015441896,10.166666984558104,10.166666984558104,2.45117735862732,11250
ATO,1988-04-05,10.166666984558104,10.333333015441896,10.166666984558104,10.166666984558104,2.45117735862732,12000
ATO,1988-04-06,10.166666984558104,10.333333015441896,10.166666984558104,10.333333015441896,2.491361618041992,11550
ATO,1988-04-07,10.333333015441896,10.416666984558104,10.333333015441896,10.333333015441896,2.491361618041992,13350
ATO,1988-04-08,10.333333015441896,10.5,10.333333015441896,10.5,2.531545639038086,2550
ATO,1988-04-11,10.5,10.5,10.416666984558104,10.416666984558104,2.511453866958618,6450
ATO,1988-04-12,10.416666984558104,10.416666984558104,10.416666984558104,10.416666984558104,2.511453866958618,750
ATO,1988-04-13,10.416666984558104,10.5,10.416666984558104,10.416666984558104,2.511453866958618,2700
ATO,1988-04-14,10.416666984558104,10.416666984558104,10.166666984558104,10.166666984558104,2.45117735862732,7650
ATO,1988-04-15,10.166666984558104,10.416666984558104,10.083333015441896,10.416666984558104,2.511453866958618,24900
ATO,1988-04-18,10.333333015441896,10.333333015441896,10.333333015441896,10.333333015441896,2.491361618041992,1950
ATO,1988-04-19,10.333333015441896,10.5,10.333333015441896,10.333333015441896,2.491361618041992,7950
ATO,1988-04-20,10.333333015441896,10.416666984558104,10.25,10.25,2.471269369125366,3750
ATO,1988-04-21,10.25,10.5,10.25,10.5,2.531545639038086,4200
ATO,1988-04-22,10.416666984558104,10.416666984558104,10.25,10.333333015441896,2.491361618041992,14100
ATO,1988-04-25,10.5,10.5,10.5,10.5,2.531545639038086,2250
ATO,1988-04-26,10.333333015441896,10.333333015441896,10.333333015441896,10.333333015441896,2.491361618041992,2700
ATO,1988-04-27,10.333333015441896,10.333333015441896,10.333333015441896,10.333333015441896,2.491361618041992,3450
ATO,1988-04-28,10.333333015441896,10.5,10.333333015441896,10.5,2.531545639038086,2550
ATO,1988-04-29,10.5,10.5,10.333333015441896,10.416666984558104,2.511453866958618,12000
ATO,1988-05-02,10.416666984558104,10.5,10.25,10.333333015441896,2.491361618041992,16200
ATO,1988-05-03,10.333333015441896,10.5,10.333333015441896,10.333333015441896,2.491361618041992,1800
ATO,1988-05-04,10.333333015441896,10.5,10.333333015441896,10.333333015441896,2.491361618041992,4350
ATO,1988-05-05,10.333333015441896,10.416666984558104,10.25,10.333333015441896,2.491361618041992,5550
ATO,1988-05-06,10.333333015441896,10.583333015441896,10.333333015441896,10.583333015441896,2.551635503768921,11850
ATO,1988-05-09,10.583333015441896,10.583333015441896,10.333333015441896,10.333333015441896,2.491361618041992,6600
ATO,1988-05-10,10.5,10.666666984558104,10.5,10.666666984558104,2.571727514266968,12600
ATO,1988-05-11,10.666666984558104,10.916666984558104,10.5,10.75,2.59181809425354,119400
ATO,1988-05-12,10.75,10.833333015441896,10.666666984558104,10.833333015441896,2.611911058425904,31950
ATO,1988-05-13,10.833333015441896,10.833333015441896,10.666666984558104,10.833333015441896,2.611911058425904,27300
ATO,1988-05-16,10.833333015441896,11.0,10.833333015441896,10.833333015441896,2.611911058425904,48000
ATO,1988-05-17,10.833333015441896,11.0,10.833333015441896,10.833333015441896,2.611911058425904,6900
ATO,1988-05-18,10.833333015441896,11.0,10.666666984558104,10.75,2.59181809425354,28950
ATO,1988-05-19,10.75,10.75,10.416666984558104,10.583333015441896,2.551635503768921,22800
ATO,1988-05-20,10.583333015441896,10.583333015441896,10.416666984558104,10.416666984558104,2.511453866958618,20550
ATO,1988-05-23,10.416666984558104,10.5,10.083333015441896,10.083333015441896,2.4310858249664307,8100
ATO,1988-05-24,10.083333015441896,10.333333015441896,10.083333015441896,10.333333015441896,2.491361618041992,6000
ATO,1988-05-25,10.333333015441896,10.333333015441896,10.166666984558104,10.166666984558104,2.45117735862732,2850
ATO,1988-05-26,10.166666984558104,10.25,10.0,10.0,2.410994291305542,15900
ATO,1988-05-27,10.0,10.166666984558104,10.0,10.083333015441896,2.4310858249664307,7500
ATO,1988-05-31,10.083333015441896,10.166666984558104,10.0,10.0,2.410994291305542,4050
ATO,1988-06-01,10.0,10.166666984558104,10.0,10.0,2.410994291305542,1500
ATO,1988-06-02,10.0,10.166666984558104,10.0,10.0,2.410994291305542,2400
ATO,1988-06-03,10.0,10.166666984558104,10.0,10.0,2.410994291305542,2700
ATO,1988-06-06,10.0,10.166666984558104,10.0,10.0,2.410994291305542,1500
ATO,1988-06-07,10.0,10.166666984558104,10.0,10.166666984558104,2.45117735862732,6000
ATO,1988-06-08,10.166666984558104,10.166666984558104,10.0,10.166666984558104,2.45117735862732,6750
ATO,1988-06-09,10.166666984558104,10.166666984558104,10.0,10.083333015441896,2.4310858249664307,10650
ATO,1988-06-10,10.083333015441896,10.25,10.0,10.25,2.471269369125366,20100
ATO,1988-06-13,10.25,10.333333015441896,10.083333015441896,10.25,2.471269369125366,14100
ATO,1988-06-14,10.25,10.25,9.916666984558104,9.916666984558104,2.390904426574707,19800
ATO,1988-06-15,9.916666984558104,10.083333015441896,9.916666984558104,9.916666984558104,2.390904426574707,1045050
ATO,1988-06-16,9.916666984558104,10.0,9.916666984558104,9.916666984558104,2.390904426574707,187650
ATO,1988-06-17,9.916666984558104,10.0,9.916666984558104,9.916666984558104,2.390904426574707,108750
ATO,1988-06-20,9.916666984558104,10.083333015441896,9.916666984558104,10.083333015441896,2.4310858249664307,61200
ATO,1988-06-21,10.083333015441896,10.083333015441896,9.916666984558104,9.916666984558104,2.390904426574707,153900
ATO,1988-06-22,9.916666984558104,10.083333015441896,9.916666984558104,10.083333015441896,2.4310858249664307,206250
ATO,1988-06-23,10.083333015441896,10.166666984558104,10.0,10.166666984558104,2.45117735862732,36750
ATO,1988-06-24,10.166666984558104,10.416666984558104,10.0,10.25,2.471269369125366,64650
ATO,1988-06-27,10.25,10.416666984558104,10.25,10.416666984558104,2.511453866958618,45000
ATO,1988-06-28,10.416666984558104,10.416666984558104,10.25,10.333333015441896,2.491361618041992,76050
ATO,1988-06-29,10.333333015441896,10.333333015441896,10.166666984558104,10.333333015441896,2.491361618041992,244200
ATO,1988-06-30,10.333333015441896,10.333333015441896,10.166666984558104,10.25,2.471269369125366,53550
ATO,1988-07-01,10.25,10.416666984558104,10.166666984558104,10.333333015441896,2.491361618041992,26850
ATO,1988-07-05,10.333333015441896,10.5,10.333333015441896,10.416666984558104,2.511453866958618,32400
ATO,1988-07-06,10.416666984558104,10.833333015441896,10.416666984558104,10.666666984558104,2.571727514266968,75600
ATO,1988-07-07,10.666666984558104,10.916666984558104,10.666666984558104,10.916666984558104,2.632002353668213,48600
ATO,1988-07-08,10.916666984558104,11.0,10.75,11.0,2.65209436416626,34800
ATO,1988-07-11,11.0,11.416666984558104,10.833333015441896,11.083333015441896,2.672185182571411,104700
ATO,1988-07-12,11.083333015441896,11.25,11.0,11.0,2.65209436416626,43950
ATO,1988-07-13,11.0,11.083333015441896,10.833333015441896,10.916666984558104,2.632002353668213,146700
ATO,1988-07-14,10.916666984558104,11.083333015441896,10.833333015441896,11.0,2.65209436416626,19650
ATO,1988-07-15,11.0,11.0,10.833333015441896,10.916666984558104,2.632002353668213,37950
ATO,1988-07-18,10.916666984558104,11.083333015441896,10.916666984558104,11.0,2.65209436416626,22800
ATO,1988-07-19,11.0,11.083333015441896,10.916666984558104,11.083333015441896,2.672185182571411,9000
ATO,1988-07-20,11.083333015441896,11.166666984558104,10.916666984558104,10.916666984558104,2.632002353668213,65400
ATO,1988-07-21,10.916666984558104,11.0,10.833333015441896,11.0,2.65209436416626,7950
ATO,1988-07-22,11.0,11.0,10.75,10.916666984558104,2.632002353668213,26250
ATO,1988-07-25,10.916666984558104,10.916666984558104,10.833333015441896,10.833333015441896,2.611911058425904,18600
ATO,1988-07-26,10.833333015441896,10.916666984558104,10.75,10.75,2.59181809425354,28200
ATO,1988-07-27,10.75,11.0,10.75,10.75,2.59181809425354,9750
ATO,1988-07-28,10.75,10.916666984558104,10.75,10.916666984558104,2.632002353668213,6450
ATO,1988-07-29,10.916666984558104,11.0,10.75,10.916666984558104,2.632002353668213,7350
ATO,1988-08-01,10.916666984558104,11.0,10.75,11.0,2.65209436416626,9450
ATO,1988-08-02,11.0,11.083333015441896,10.833333015441896,11.0,2.65209436416626,20700
ATO,1988-08-03,11.0,11.166666984558104,11.0,11.166666984558104,2.6922762393951416,66150
ATO,1988-08-04,11.166666984558104,11.416666984558104,11.166666984558104,11.416666984558104,2.7525534629821777,91200
ATO,1988-08-05,11.416666984558104,11.416666984558104,11.25,11.416666984558104,2.7525534629821777,15450
ATO,1988-08-08,11.416666984558104,11.416666984558104,11.25,11.416666984558104,2.7525534629821777,39450
ATO,1988-08-09,11.416666984558104,11.416666984558104,11.0,11.166666984558104,2.6922762393951416,33600
ATO,1988-08-10,11.083333015441896,11.083333015441896,10.25,10.25,2.471269369125366,93900
ATO,1988-08-11,10.25,10.416666984558104,9.833333015441896,10.25,2.471269369125366,86850
ATO,1988-08-12,10.416666984558104,10.666666984558104,10.416666984558104,10.666666984558104,2.571727514266968,10500
ATO,1988-08-15,10.416666984558104,10.416666984558104,10.416666984558104,10.416666984558104,2.511453866958618,7200
ATO,1988-08-16,10.416666984558104,10.5,10.25,10.416666984558104,2.511453866958618,21000
ATO,1988-08-17,10.416666984558104,10.416666984558104,10.333333015441896,10.416666984558104,2.511453866958618,33300
ATO,1988-08-18,10.416666984558104,10.416666984558104,10.333333015441896,10.416666984558104,2.511453866958618,8700
ATO,1988-08-19,10.333333015441896,10.333333015441896,10.083333015441896,10.083333015441896,2.4310858249664307,25200
ATO,1988-08-22,10.083333015441896,10.25,9.916666984558104,10.083333015441896,2.4310858249664307,22950
ATO,1988-08-23,10.083333015441896,10.083333015441896,9.916666984558104,9.916666984558104,2.390904426574707,4950
ATO,1988-08-24,9.916666984558104,10.083333015441896,9.916666984558104,10.0,2.410994291305542,80850
ATO,1988-08-25,10.0,10.083333015441896,9.916666984558104,10.0,2.410994291305542,5700
ATO,1988-08-26,10.0,10.083333015441896,9.916666984558104,10.083333015441896,2.4310858249664307,61800
ATO,1988-08-29,10.083333015441896,10.166666984558104,9.916666984558104,10.0,2.410994291305542,90750
ATO,1988-08-30,10.0,10.166666984558104,10.0,10.0,2.410994291305542,32700
ATO,1988-08-31,10.0,10.083333015441896,10.0,10.083333015441896,2.4310858249664307,38850
ATO,1988-09-01,10.083333015441896,10.166666984558104,10.0,10.0,2.410994291305542,19350
ATO,1988-09-02,10.0,10.166666984558104,10.0,10.166666984558104,2.45117735862732,4650
ATO,1988-09-06,10.166666984558104,10.166666984558104,10.0,10.0,2.410994291305542,9150
ATO,1988-09-07,10.0,10.166666984558104,10.0,10.083333015441896,2.4310858249664307,16650
ATO,1988-09-08,10.083333015441896,10.333333015441896,10.0,10.166666984558104,2.45117735862732,21300
ATO,1988-09-09,10.25,10.583333015441896,10.25,10.583333015441896,2.551635503768921,39900
ATO,1988-09-12,10.583333015441896,10.833333015441896,10.5,10.833333015441896,2.611911058425904,16200
ATO,1988-09-13,10.833333015441896,11.0,10.666666984558104,10.833333015441896,2.611911058425904,20100
ATO,1988-09-14,10.833333015441896,10.833333015441896,10.666666984558104,10.666666984558104,2.571727514266968,6150
ATO,1988-09-15,10.666666984558104,11.0,10.666666984558104,11.0,2.65209436416626,82350
ATO,1988-09-16,11.0,11.166666984558104,11.0,11.083333015441896,2.672185182571411,118800
ATO,1988-09-19,11.083333015441896,11.083333015441896,11.0,11.083333015441896,2.672185182571411,33300
ATO,1988-09-20,11.083333015441896,11.166666984558104,11.0,11.0,2.65209436416626,64350
ATO,1988-09-21,11.0,11.166666984558104,11.0,11.083333015441896,2.672185182571411,18600
ATO,1988-09-22,11.083333015441896,11.083333015441896,10.916666984558104,10.916666984558104,2.632002353668213,38700
ATO,1988-09-23,10.916666984558104,11.0,10.916666984558104,10.916666984558104,2.632002353668213,9900
ATO,1988-09-26,10.916666984558104,11.0,10.75,10.75,2.59181809425354,21150
ATO,1988-09-27,10.75,10.75,10.5,10.666666984558104,2.571727514266968,32400
ATO,1988-09-28,10.666666984558104,10.833333015441896,10.5,10.833333015441896,2.611911058425904,13200
ATO,1988-09-29,10.833333015441896,10.833333015441896,10.666666984558104,10.833333015441896,2.611911058425904,5550
ATO,1988-09-30,10.833333015441896,10.833333015441896,10.666666984558104,10.75,2.59181809425354,9900
ATO,1988-10-03,10.75,10.833333015441896,10.666666984558104,10.833333015441896,2.611911058425904,29700
ATO,1988-10-04,10.833333015441896,10.833333015441896,10.75,10.833333015441896,2.611911058425904,7050
ATO,1988-10-05,10.833333015441896,10.916666984558104,10.75,10.833333015441896,2.611911058425904,30900
ATO,1988-10-06,10.833333015441896,10.916666984558104,10.833333015441896,10.916666984558104,2.632002353668213,10650
ATO,1988-10-07,10.916666984558104,11.083333015441896,10.833333015441896,11.083333015441896,2.672185182571411,27000
ATO,1988-10-10,11.083333015441896,11.166666984558104,11.0,11.0,2.65209436416626,12300
ATO,1988-10-11,11.0,11.083333015441896,11.0,11.083333015441896,2.672185182571411,14400
ATO,1988-10-12,11.083333015441896,11.083333015441896,11.0,11.083333015441896,2.672185182571411,7800
ATO,1988-10-13,11.083333015441896,11.083333015441896,11.0,11.0,2.65209436416626,6000
ATO,1988-10-14,11.0,11.0,11.0,11.0,2.65209436416626,4950
ATO,1988-10-17,11.0,11.083333015441896,11.0,11.0,2.65209436416626,16200
ATO,1988-10-18,11.0,11.083333015441896,11.0,11.083333015441896,2.672185182571411,6000
ATO,1988-10-19,11.083333015441896,11.083333015441896,11.0,11.0,2.65209436416626,12600
ATO,1988-10-20,11.0,11.083333015441896,11.0,11.083333015441896,2.672185182571411,1800
ATO,1988-10-21,11.083333015441896,11.083333015441896,11.0,11.0,2.65209436416626,5700
ATO,1988-10-24,11.0,11.166666984558104,11.0,11.083333015441896,2.672185182571411,11550
ATO,1988-10-25,11.083333015441896,11.166666984558104,11.083333015441896,11.083333015441896,2.672185182571411,4950
ATO,1988-10-26,11.083333015441896,11.25,11.083333015441896,11.25,2.7123687267303467,3750
ATO,1988-10-27,11.25,11.333333015441896,11.25,11.25,2.7123687267303467,27750
ATO,1988-10-28,11.25,11.333333015441896,11.25,11.333333015441896,2.73246169090271,12150
ATO,1988-10-31,11.333333015441896,11.416666984558104,11.25,11.333333015441896,2.73246169090271,6300
ATO,1988-11-01,11.333333015441896,11.416666984558104,11.333333015441896,11.416666984558104,2.7525534629821777,1350
ATO,1988-11-02,11.416666984558104,11.416666984558104,11.25,11.333333015441896,2.73246169090271,7350
ATO,1988-11-03,11.333333015441896,11.5,11.333333015441896,11.416666984558104,2.7525534629821777,10500
ATO,1988-11-04,11.416666984558104,11.5,11.333333015441896,11.416666984558104,2.7525534629821777,5100
ATO,1988-11-07,11.333333015441896,11.333333015441896,11.25,11.333333015441896,2.73246169090271,7200
ATO,1988-11-08,11.333333015441896,11.333333015441896,11.166666984558104,11.166666984558104,2.6922762393951416,4500
ATO,1988-11-09,11.166666984558104,11.333333015441896,11.083333015441896,11.166666984558104,2.6922762393951416,17700
ATO,1988-11-10,11.166666984558104,11.333333015441896,11.083333015441896,11.333333015441896,2.73246169090271,9900
ATO,1988-11-11,11.333333015441896,11.416666984558104,11.333333015441896,11.333333015441896,2.73246169090271,3750
ATO,1988-11-14,11.333333015441896,11.416666984558104,11.25,11.416666984558104,2.7525534629821777,6750
ATO,1988-11-15,11.416666984558104,11.416666984558104,11.25,11.416666984558104,2.7525534629821777,6150
ATO,1988-11-16,11.416666984558104,11.416666984558104,11.25,11.333333015441896,2.73246169090271,5400
ATO,1988-11-17,11.25,11.25,11.166666984558104,11.25,2.7123687267303467,8850
ATO,1988-11-18,10.916666984558104,10.916666984558104,10.666666984558104,10.666666984558104,2.571727514266968,10500
ATO,1988-11-21,10.666666984558104,10.666666984558104,10.583333015441896,10.666666984558104,2.571727514266968,6000
ATO,1988-11-22,10.666666984558104,10.666666984558104,10.666666984558104,10.666666984558104,2.571727514266968,15450
ATO,1988-11-23,10.666666984558104,10.666666984558104,10.666666984558104,10.666666984558104,2.571727514266968,3450
ATO,1988-11-25,10.75,10.75,10.75,10.75,2.59181809425354,900
ATO,1988-11-28,10.75,10.833333015441896,10.666666984558104,10.833333015441896,2.611911058425904,15450
ATO,1988-11-29,10.833333015441896,10.916666984558104,10.75,10.916666984558104,2.632002353668213,3900
ATO,1988-11-30,10.916666984558104,11.0,10.833333015441896,10.833333015441896,2.611911058425904,5100
ATO,1988-12-01,10.833333015441896,11.083333015441896,10.666666984558104,11.083333015441896,2.672185182571411,20400
ATO,1988-12-02,10.916666984558104,10.916666984558104,10.75,10.75,2.59181809425354,8550
ATO,1988-12-05,10.75,10.833333015441896,10.75,10.833333015441896,2.611911058425904,3000
ATO,1988-12-06,10.833333015441896,11.0,10.833333015441896,10.833333015441896,2.611911058425904,2550
ATO,1988-12-07,10.833333015441896,10.916666984558104,10.833333015441896,10.833333015441896,2.611911058425904,6300
ATO,1988-12-08,10.833333015441896,11.0,10.833333015441896,11.0,2.65209436416626,6900
ATO,1988-12-09,11.0,11.25,10.916666984558104,11.083333015441896,2.672185182571411,20250
ATO,1988-12-12,11.083333015441896,11.166666984558104,11.0,11.166666984558104,2.6922762393951416,15900
ATO,1988-12-13,11.166666984558104,11.166666984558104,10.916666984558104,10.916666984558104,2.632002353668213,18450
ATO,1988-12-14,10.916666984558104,11.0,10.75,10.75,2.59181809425354,9900
ATO,1988-12-15,10.75,10.916666984558104,10.75,10.75,2.59181809425354,7350
ATO,1988-12-16,10.833333015441896,10.916666984558104,10.833333015441896,10.833333015441896,2.611911058425904,9150
ATO,1988-12-19,10.833333015441896,10.833333015441896,10.666666984558104,10.666666984558104,2.571727514266968,4800
ATO,1988-12-20,10.666666984558104,10.833333015441896,10.666666984558104,10.75,2.59181809425354,10050
ATO,1988-12-21,10.75,10.833333015441896,10.583333015441896,10.583333015441896,2.551635503768921,36450
ATO,1988-12-22,10.583333015441896,10.583333015441896,10.583333015441896,10.583333015441896,2.551635503768921,2550
ATO,1988-12-23,10.583333015441896,10.666666984558104,10.583333015441896,10.583333015441896,2.551635503768921,3900
ATO,1988-12-27,10.583333015441896,10.666666984558104,10.583333015441896,10.666666984558104,2.571727514266968,3900
ATO,1988-12-28,10.666666984558104,10.75,10.666666984558104,10.75,2.59181809425354,9300
ATO,1988-12-29,10.75,10.833333015441896,10.75,10.75,2.59181809425354,7950
ATO,1988-12-30,10.75,10.833333015441896,10.75,10.833333015441896,2.611911058425904,6150
ATO,1989-01-03,10.833333015441896,10.833333015441896,10.833333015441896,10.833333015441896,2.611911058425904,5850
ATO,1989-01-04,10.833333015441896,11.0,10.833333015441896,10.916666984558104,2.632002353668213,13650
ATO,1989-01-05,10.916666984558104,11.0,10.916666984558104,10.916666984558104,2.632002353668213,11250
ATO,1989-01-06,10.916666984558104,11.0,10.833333015441896,10.916666984558104,2.632002353668213,42150
ATO,1989-01-09,10.916666984558104,11.083333015441896,10.833333015441896,11.0,2.65209436416626,42000
ATO,1989-01-10,11.0,11.0,10.916666984558104,10.916666984558104,2.632002353668213,12600
ATO,1989-01-11,10.916666984558104,10.916666984558104,10.833333015441896,10.833333015441896,2.611911058425904,10050
ATO,1989-01-12,10.833333015441896,10.916666984558104,10.833333015441896,10.833333015441896,2.611911058425904,5700
ATO,1989-01-13,10.833333015441896,10.916666984558104,10.75,10.75,2.59181809425354,10350
ATO,1989-01-16,10.833333015441896,10.833333015441896,10.833333015441896,10.833333015441896,2.611911058425904,9300
ATO,1989-01-17,10.833333015441896,10.833333015441896,10.75,10.75,2.59181809425354,7050
ATO,1989-01-18,10.75,10.916666984558104,10.666666984558104,10.916666984558104,2.632002353668213,10650
ATO,1989-01-19,10.916666984558104,10.916666984558104,10.833333015441896,10.833333015441896,2.611911058425904,14400
ATO,1989-01-20,10.833333015441896,11.0,10.75,10.75,2.59181809425354,14700
ATO,1989-01-23,10.666666984558104,10.666666984558104,10.083333015441896,10.25,2.471269369125366,45150
ATO,1989-01-24,10.25,10.25,10.083333015441896,10.083333015441896,2.4310858249664307,6750
ATO,1989-01-25,10.083333015441896,10.166666984558104,10.083333015441896,10.083333015441896,2.4310858249664307,24300
ATO,1989-01-26,10.083333015441896,10.083333015441896,10.083333015441896,10.083333015441896,2.4310858249664307,24900
ATO,1989-01-27,10.083333015441896,10.25,10.083333015441896,10.166666984558104,2.45117735862732,25200
ATO,1989-01-30,10.166666984558104,10.5,10.166666984558104,10.5,2.531545639038086,37650
ATO,1989-01-31,10.5,10.583333015441896,10.25,10.25,2.471269369125366,12300
ATO,1989-02-01,10.25,10.25,10.083333015441896,10.166666984558104,2.45117735862732,16500
ATO,1989-02-02,10.166666984558104,10.333333015441896,10.166666984558104,10.166666984558104,2.45117735862732,7950
ATO,1989-02-03,10.166666984558104,10.333333015441896,10.166666984558104,10.25,2.471269369125366,4050
ATO,1989-02-06,10.333333015441896,10.5,10.333333015441896,10.416666984558104,2.511453866958618,10800
ATO,1989-02-07,10.416666984558104,10.416666984558104,10.333333015441896,10.416666984558104,2.511453866958618,2250
ATO,1989-02-08,10.416666984558104,10.5,10.416666984558104,10.5,2.531545639038086,4650
ATO,1989-02-09,10.5,10.5,10.25,10.25,2.471269369125366,16200
ATO,1989-02-10,10.25,10.333333015441896,10.25,10.333333015441896,2.491361618041992,6150
ATO,1989-02-13,10.333333015441896,10.416666984558104,10.25,10.416666984558104,2.511453866958618,6450
ATO,1989-02-14,10.416666984558104,10.583333015441896,10.416666984558104,10.5,2.531545639038086,10650
ATO,1989-02-15,10.416666984558104,10.416666984558104,10.416666984558104,10.416666984558104,2.511453866958618,3600
ATO,1989-02-16,10.416666984558104,10.583333015441896,10.416666984558104,10.583333015441896,2.551635503768921,8550
ATO,1989-02-17,10.5,10.5,10.333333015441896,10.5,2.531545639038086,7950
ATO,1989-02-21,10.5,10.583333015441896,10.416666984558104,10.583333015441896,2.551635503768921,8700
ATO,1989-02-22,10.5,10.5,10.416666984558104,10.5,2.531545639038086,4050
ATO,1989-02-23,10.5,10.5,10.416666984558104,10.416666984558104,2.511453866958618,4350
ATO,1989-02-24,10.416666984558104,10.416666984558104,10.333333015441896,10.416666984558104,2.511453866958618,10200
ATO,1989-02-27,10.333333015441896,10.333333015441896,10.25,10.25,2.471269369125366,9900
ATO,1989-02-28,10.25,10.333333015441896,10.25,10.25,2.471269369125366,3300
ATO,1989-03-01,10.25,10.333333015441896,10.25,10.333333015441896,2.491361618041992,20100
ATO,1989-03-02,10.333333015441896,10.416666984558104,10.25,10.333333015441896,2.491361618041992,3750
ATO,1989-03-03,10.333333015441896,10.416666984558104,10.333333015441896,10.333333015441896,2.491361618041992,6750
ATO,1989-03-06,10.333333015441896,10.416666984558104,10.333333015441896,10.333333015441896,2.491361618041992,1350
ATO,1989-03-07,10.333333015441896,10.416666984558104,10.333333015441896,10.333333015441896,2.491361618041992,5850
ATO,1989-03-08,10.333333015441896,10.5,10.333333015441896,10.416666984558104,2.511453866958618,3600
ATO,1989-03-09,10.416666984558104,10.416666984558104,10.333333015441896,10.416666984558104,2.511453866958618,750
ATO,1989-03-10,10.416666984558104,10.416666984558104,10.25,10.333333015441896,2.491361618041992,8400
ATO,1989-03-13,10.333333015441896,10.333333015441896,10.25,10.25,2.471269369125366,7650
ATO,1989-03-14,10.25,10.25,10.166666984558104,10.25,2.471269369125366,7800
ATO,1989-03-15,10.25,10.25,10.166666984558104,10.25,2.471269369125366,2700
ATO,1989-03-16,10.25,10.416666984558104,10.083333015441896,10.416666984558104,2.511453866958618,29100
ATO,1989-03-17,10.416666984558104,10.416666984558104,10.166666984558104,10.333333015441896,2.491361618041992,17250
ATO,1989-03-20,10.25,10.25,10.083333015441896,10.083333015441896,2.4310858249664307,8100
ATO,1989-03-21,10.083333015441896,10.166666984558104,10.083333015441896,10.083333015441896,2.4310858249664307,14550
ATO,1989-03-22,10.083333015441896,10.166666984558104,10.083333015441896,10.083333015441896,2.4310858249664307,4800
ATO,1989-03-23,10.083333015441896,10.166666984558104,10.0,10.166666984558104,2.45117735862732,23100
ATO,1989-03-27,10.166666984558104,10.416666984558104,10.166666984558104,10.416666984558104,2.511453866958618,7050
ATO,1989-03-28,10.416666984558104,10.5,10.333333015441896,10.333333015441896,2.491361618041992,7950
ATO,1989-03-29,10.333333015441896,10.416666984558104,10.25,10.416666984558104,2.511453866958618,6900
ATO,1989-03-30,10.416666984558104,10.5,10.416666984558104,10.5,2.531545639038086,3450
ATO,1989-03-31,10.5,10.5,10.333333015441896,10.416666984558104,2.511453866958618,2550
ATO,1989-04-03,10.416666984558104,10.5,10.416666984558104,10.416666984558104,2.511453866958618,10050
ATO,1989-04-04,10.416666984558104,10.5,10.416666984558104,10.416666984558104,2.511453866958618,1950
ATO,1989-04-05,10.416666984558104,10.416666984558104,10.333333015441896,10.333333015441896,2.491361618041992,3750
ATO,1989-04-06,10.333333015441896,10.333333015441896,10.25,10.25,2.471269369125366,13200
ATO,1989-04-07,10.25,10.416666984558104,10.166666984558104,10.416666984558104,2.511453866958618,26100
ATO,1989-04-10,10.416666984558104,10.416666984558104,10.25,10.25,2.471269369125366,6450
ATO,1989-04-11,10.25,10.333333015441896,10.25,10.25,2.471269369125366,2550
ATO,1989-04-12,10.25,10.333333015441896,10.25,10.25,2.471269369125366,3600
ATO,1989-04-13,10.25,10.333333015441896,10.25,10.25,2.471269369125366,2250
ATO,1989-04-14,10.25,10.416666984558104,10.25,10.416666984558104,2.511453866958618,3300
ATO,1989-04-17,10.416666984558104,10.416666984558104,10.25,10.25,2.471269369125366,2850
ATO,1989-04-18,10.25,10.333333015441896,10.25,10.333333015441896,2.491361618041992,20550
ATO,1989-04-19,10.25,10.25,10.25,10.25,2.471269369125366,3150
ATO,1989-04-20,10.25,10.25,10.166666984558104,10.166666984558104,2.45117735862732,44400
ATO,1989-04-21,10.166666984558104,10.25,10.166666984558104,10.25,2.471269369125366,8100
ATO,1989-04-24,10.25,10.25,10.166666984558104,10.25,2.471269369125366,2250
ATO,1989-04-25,10.25,10.25,10.166666984558104,10.25,2.471269369125366,2550
ATO,1989-04-26,10.25,10.333333015441896,10.25,10.333333015441896,2.491361618041992,7050
ATO,1989-04-27,10.333333015441896,10.333333015441896,10.25,10.333333015441896,2.491361618041992,9600
ATO,1989-04-28,10.333333015441896,10.416666984558104,10.333333015441896,10.333333015441896,2.491361618041992,7500
ATO,1989-05-01,10.333333015441896,10.416666984558104,10.25,10.333333015441896,2.491361618041992,12150
ATO,1989-05-02,10.333333015441896,10.333333015441896,10.25,10.333333015441896,2.491361618041992,9600
ATO,1989-05-03,10.333333015441896,10.416666984558104,10.25,10.25,2.471269369125366,4350
ATO,1989-05-04,10.25,10.25,10.166666984558104,10.25,2.471269369125366,17850
ATO,1989-05-05,10.25,10.333333015441896,10.25,10.25,2.471269369125366,1800
ATO,1989-05-08,10.25,10.333333015441896,10.166666984558104,10.166666984558104,2.45117735862732,5700
ATO,1989-05-09,10.25,10.333333015441896,10.25,10.25,2.471269369125366,2700
ATO,1989-05-10,10.25,10.333333015441896,10.25,10.25,2.471269369125366,3300
ATO,1989-05-11,10.25,10.333333015441896,10.25,10.25,2.471269369125366,5850
ATO,1989-05-12,10.333333015441896,10.416666984558104,10.333333015441896,10.416666984558104,2.511453866958618,10800
ATO,1989-05-15,10.416666984558104,10.416666984558104,10.25,10.25,2.471269369125366,5550
ATO,1989-05-16,10.25,10.416666984558104,10.25,10.333333015441896,2.491361618041992,13500
ATO,1989-05-17,10.333333015441896,10.333333015441896,10.25,10.333333015441896,2.491361618041992,5400
ATO,1989-05-18,10.333333015441896,10.416666984558104,10.25,10.25,2.471269369125366,3600
ATO,1989-05-19,10.25,10.333333015441896,10.25,10.333333015441896,2.491361618041992,6000
ATO,1989-05-22,10.25,10.25,10.166666984558104,10.166666984558104,2.45117735862732,24150
ATO,1989-05-23,10.083333015441896,10.083333015441896,10.0,10.083333015441896,2.4310858249664307,17550
ATO,1989-05-24,10.083333015441896,10.083333015441896,10.0,10.083333015441896,2.4310858249664307,7500
ATO,1989-05-25,10.083333015441896,10.083333015441896,10.0,10.0,2.410994291305542,8700
ATO,1989-05-26,10.0,10.083333015441896,10.0,10.083333015441896,2.4310858249664307,7800
ATO,1989-05-30,10.083333015441896,10.166666984558104,10.083333015441896,10.166666984558104,2.45117735862732,21600
ATO,1989-05-31,10.166666984558104,10.166666984558104,10.0,10.166666984558104,2.45117735862732,10950
ATO,1989-06-01,10.166666984558104,10.166666984558104,10.0,10.083333015441896,2.4310858249664307,9900
ATO,1989-06-02,10.083333015441896,10.25,10.083333015441896,10.083333015441896,2.4310858249664307,7950
ATO,1989-06-05,10.083333015441896,10.166666984558104,10.083333015441896,10.166666984558104,2.45117735862732,4200
ATO,1989-06-06,10.166666984558104,10.25,10.083333015441896,10.166666984558104,2.45117735862732,13500
ATO,1989-06-07,10.166666984558104,10.416666984558104,10.166666984558104,10.333333015441896,2.491361618041992,18150
ATO,1989-06-08,10.25,10.25,10.166666984558104,10.25,2.471269369125366,14100
ATO,1989-06-09,10.25,10.333333015441896,10.166666984558104,10.25,2.471269369125366,9300
ATO,1989-06-12,10.25,10.333333015441896,10.166666984558104,10.25,2.471269369125366,3750
ATO,1989-06-13,10.25,10.25,10.166666984558104,10.166666984558104,2.45117735862732,8850
ATO,1989-06-14,10.166666984558104,10.166666984558104,10.083333015441896,10.083333015441896,2.4310858249664307,13800
ATO,1989-06-15,10.166666984558104,10.166666984558104,10.166666984558104,10.166666984558104,2.45117735862732,300
ATO,1989-06-16,10.166666984558104,10.166666984558104,10.083333015441896,10.166666984558104,2.45117735862732,12300
ATO,1989-06-19,10.166666984558104,10.25,10.083333015441896,10.166666984558104,2.45117735862732,13500
ATO,1989-06-20,10.166666984558104,10.25,10.083333015441896,10.083333015441896,2.4310858249664307,10650
ATO,1989-06-21,10.083333015441896,10.166666984558104,10.083333015441896,10.083333015441896,2.4310858249664307,36600
ATO,1989-06-22,10.083333015441896,10.166666984558104,10.083333015441896,10.166666984558104,2.45117735862732,10500
ATO,1989-06-23,10.166666984558104,10.166666984558104,10.083333015441896,10.083333015441896,2.4310858249664307,24450
ATO,1989-06-26,10.083333015441896,10.166666984558104,10.0,10.083333015441896,2.4310858249664307,9300
ATO,1989-06-27,10.083333015441896,10.166666984558104,10.0,10.0,2.410994291305542,16050
ATO,1989-06-28,10.0,10.083333015441896,10.0,10.0,2.410994291305542,14400
ATO,1989-06-29,10.0,10.083333015441896,9.916666984558104,9.916666984558104,2.390904426574707,31200
ATO,1989-06-30,10.0,10.0,9.916666984558104,10.0,2.410994291305542,6150
ATO,1989-07-03,10.0,10.0,9.916666984558104,10.0,2.410994291305542,1650
ATO,1989-07-05,9.916666984558104,9.916666984558104,9.833333015441896,9.916666984558104,2.390904426574707,17100
ATO,1989-07-06,10.0,10.0,9.833333015441896,9.916666984558104,2.390904426574707,4800
ATO,1989-07-07,10.0,10.0,9.833333015441896,9.833333015441896,2.370813131332397,10050
ATO,1989-07-10,9.916666984558104,9.916666984558104,9.75,9.833333015441896,2.370813131332397,3150
ATO,1989-07-11,10.0,10.166666984558104,10.0,10.166666984558104,2.45117735862732,10350
ATO,1989-07-12,10.166666984558104,10.25,10.083333015441896,10.25,2.471269369125366,8100
ATO,1989-07-13,10.333333015441896,10.333333015441896,10.25,10.25,2.471269369125366,19500
ATO,1989-07-14,10.166666984558104,10.25,10.166666984558104,10.166666984558104,2.45117735862732,7650
ATO,1989-07-17,10.25,10.25,10.166666984558104,10.25,2.471269369125366,11550
ATO,1989-07-18,10.25,10.25,10.083333015441896,10.25,2.471269369125366,7800
ATO,1989-07-19,10.25,10.416666984558104,10.25,10.333333015441896,2.491361618041992,9450
ATO,1989-07-20,10.25,10.25,10.0,10.083333015441896,2.4310858249664307,15000
ATO,1989-07-21,10.083333015441896,10.333333015441896,10.083333015441896,10.25,2.471269369125366,23550
ATO,1989-07-24,10.25,10.333333015441896,10.25,10.25,2.471269369125366,4200
ATO,1989-07-25,10.25,10.333333015441896,10.25,10.333333015441896,2.491361618041992,8700
ATO,1989-07-26,10.333333015441896,10.416666984558104,10.25,10.333333015441896,2.491361618041992,7950
ATO,1989-07-27,10.333333015441896,10.5,10.333333015441896,10.416666984558104,2.511453866958618,3900
ATO,1989-07-28,10.5,10.666666984558104,10.416666984558104,10.583333015441896,2.551635503768921,32850
ATO,1989-07-31,10.666666984558104,10.666666984558104,10.666666984558104,10.666666984558104,2.571727514266968,6150
ATO,1989-08-01,10.666666984558104,10.75,10.666666984558104,10.666666984558104,2.571727514266968,3300
ATO,1989-08-02,10.583333015441896,10.583333015441896,10.5,10.5,2.531545639038086,6600
ATO,1989-08-03,10.583333015441896,10.583333015441896,10.416666984558104,10.5,2.531545639038086,29850
ATO,1989-08-04,10.5,10.5,10.416666984558104,10.416666984558104,2.511453866958618,2700
ATO,1989-08-07,10.333333015441896,10.416666984558104,10.333333015441896,10.416666984558104,2.511453866958618,10800
ATO,1989-08-08,10.416666984558104,10.5,10.333333015441896,10.416666984558104,2.511453866958618,16050
ATO,1989-08-09,10.333333015441896,10.416666984558104,10.25,10.416666984558104,2.511453866958618,61050
ATO,1989-08-10,10.416666984558104,10.75,10.416666984558104,10.666666984558104,2.571727514266968,61950
ATO,1989-08-11,10.75,10.833333015441896,10.583333015441896,10.666666984558104,2.571727514266968,10950
ATO,1989-08-14,10.75,10.75,10.416666984558104,10.583333015441896,2.551635503768921,44400
ATO,1989-08-15,10.666666984558104,10.75,10.583333015441896,10.75,2.59181809425354,4950
ATO,1989-08-16,10.666666984558104,10.75,10.666666984558104,10.75,2.59181809425354,4350
ATO,1989-08-17,10.75,10.75,10.666666984558104,10.75,2.59181809425354,8250
ATO,1989-08-18,10.75,10.75,10.666666984558104,10.75,2.59181809425354,7650
ATO,1989-08-21,10.416666984558104,10.583333015441896,10.416666984558104,10.5,2.576280117034912,78750
ATO,1989-08-22,10.583333015441896,10.583333015441896,10.5,10.5,2.576280117034912,21000
ATO,1989-08-23,10.5,10.583333015441896,10.5,10.5,2.576280117034912,62400
ATO,1989-08-24,10.5,10.583333015441896,10.5,10.583333015441896,2.596726894378662,9300
ATO,1989-08-25,10.583333015441896,10.75,10.583333015441896,10.666666984558104,2.617173433303833,60450
ATO,1989-08-28,10.75,10.75,10.583333015441896,10.666666984558104,2.617173433303833,4500
ATO,1989-08-29,10.666666984558104,10.75,10.666666984558104,10.666666984558104,2.617173433303833,3450
ATO,1989-08-30,10.666666984558104,10.75,10.583333015441896,10.666666984558104,2.617173433303833,3900
ATO,1989-08-31,10.833333015441896,10.833333015441896,10.75,10.75,2.6376190185546875,22500
ATO,1989-09-01,10.75,10.833333015441896,10.75,10.75,2.6376190185546875,10050
ATO,1989-09-05,10.833333015441896,10.833333015441896,10.666666984558104,10.75,2.6376190185546875,3600
ATO,1989-09-06,10.666666984558104,10.666666984558104,10.5,10.583333015441896,2.596726894378662,75750
ATO,1989-09-07,10.75,10.833333015441896,10.666666984558104,10.833333015441896,2.658066272735596,10800
ATO,1989-09-08,10.75,10.833333015441896,10.666666984558104,10.75,2.6376190185546875,9150
ATO,1989-09-11,10.666666984558104,10.75,10.583333015441896,10.75,2.6376190185546875,9150
ATO,1989-09-12,10.666666984558104,10.916666984558104,10.666666984558104,10.916666984558104,2.6785123348236084,5550
ATO,1989-09-13,11.0,11.25,10.916666984558104,11.166666984558104,2.73985242843628,10500
ATO,1989-09-14,11.166666984558104,11.25,11.083333015441896,11.166666984558104,2.73985242843628,11550
ATO,1989-09-15,11.166666984558104,11.416666984558104,11.166666984558104,11.333333015441896,2.780747413635254,17700
ATO,1989-09-18,11.416666984558104,11.5,11.416666984558104,11.5,2.821640491485596,3750
ATO,1989-09-19,11.583333015441896,11.583333015441896,11.333333015441896,11.416666984558104,2.801194429397583,5100
ATO,1989-09-20,11.5,11.5,11.333333015441896,11.5,2.821640491485596,3300
ATO,1989-09-21,11.583333015441896,11.583333015441896,11.5,11.5,2.821640491485596,7950
ATO,1989-09-22,11.5,11.583333015441896,11.5,11.583333015441896,2.8420867919921875,2850
ATO,1989-09-25,11.5,11.583333015441896,11.416666984558104,11.5,2.821640491485596,8850
ATO,1989-09-26,11.583333015441896,11.583333015441896,11.333333015441896,11.416666984558104,2.801194429397583,6450
ATO,1989-09-27,11.333333015441896,11.333333015441896,11.25,11.25,2.760300397872925,3150
ATO,1989-09-28,11.166666984558104,11.333333015441896,11.166666984558104,11.25,2.760300397872925,8400
ATO,1989-09-29,11.333333015441896,11.333333015441896,11.083333015441896,11.083333015441896,2.7194058895111084,4800
ATO,1989-10-02,11.166666984558104,11.166666984558104,11.0,11.166666984558104,2.73985242843628,4650
ATO,1989-10-03,11.083333015441896,11.166666984558104,11.0,11.0,2.698960065841675,3450
ATO,1989-10-04,11.0,11.166666984558104,11.0,11.083333015441896,2.7194058895111084,7350
ATO,1989-10-05,11.083333015441896,11.083333015441896,11.083333015441896,11.083333015441896,2.7194058895111084,3150
ATO,1989-10-06,11.166666984558104,11.166666984558104,11.083333015441896,11.083333015441896,2.7194058895111084,12600
ATO,1989-10-09,11.166666984558104,11.166666984558104,11.083333015441896,11.166666984558104,2.73985242843628,2700
ATO,1989-10-10,11.166666984558104,11.25,11.083333015441896,11.166666984558104,2.73985242843628,4500
ATO,1989-10-11,11.083333015441896,11.25,11.083333015441896,11.166666984558104,2.73985242843628,5700
ATO,1989-10-12,11.083333015441896,11.083333015441896,11.0,11.083333015441896,2.7194058895111084,9300
ATO,1989-10-13,11.0,11.0,10.833333015441896,10.833333015441896,2.658066272735596,11100
ATO,1989-10-16,10.833333015441896,10.916666984558104,10.75,10.916666984558104,2.6785123348236084,4200
ATO,1989-10-17,10.833333015441896,10.833333015441896,10.75,10.833333015441896,2.658066272735596,8400
ATO,1989-10-18,10.833333015441896,10.833333015441896,10.666666984558104,10.666666984558104,2.617173433303833,5250
ATO,1989-10-19,10.666666984558104,10.75,10.5,10.75,2.6376190185546875,10800
ATO,1989-10-20,10.666666984558104,11.0,10.583333015441896,10.916666984558104,2.6785123348236084,8100
ATO,1989-10-23,10.916666984558104,11.0,10.916666984558104,10.916666984558104,2.6785123348236084,2400
ATO,1989-10-24,10.833333015441896,10.916666984558104,10.833333015441896,10.833333015441896,2.658066272735596,1950
ATO,1989-10-25,11.0,11.083333015441896,10.916666984558104,10.916666984558104,2.6785123348236084,6000
ATO,1989-10-26,10.833333015441896,10.833333015441896,10.666666984558104,10.75,2.6376190185546875,5700
ATO,1989-10-27,10.833333015441896,10.916666984558104,10.833333015441896,10.916666984558104,2.6785123348236084,18450
ATO,1989-10-30,10.833333015441896,10.833333015441896,10.833333015441896,10.833333015441896,2.658066272735596,750
ATO,1989-10-31,10.75,10.833333015441896,10.666666984558104,10.833333015441896,2.658066272735596,3000
ATO,1989-11-01,10.75,10.916666984558104,10.75,10.833333015441896,2.658066272735596,1350
ATO,1989-11-02,10.833333015441896,10.833333015441896,10.833333015441896,10.833333015441896,2.658066272735596,900
ATO,1989-11-03,10.833333015441896,10.833333015441896,10.833333015441896,10.833333015441896,2.658066272735596,12150
ATO,1989-11-06,10.666666984558104,10.833333015441896,10.666666984558104,10.666666984558104,2.617173433303833,10650
ATO,1989-11-07,10.666666984558104,10.833333015441896,10.666666984558104,10.833333015441896,2.658066272735596,6900
ATO,1989-11-08,11.0,11.166666984558104,10.916666984558104,11.083333015441896,2.7194058895111084,18150
ATO,1989-11-09,11.166666984558104,11.166666984558104,11.0,11.0,2.698960065841675,11400
ATO,1989-11-10,10.916666984558104,10.916666984558104,10.833333015441896,10.916666984558104,2.6785123348236084,2700
ATO,1989-11-13,10.833333015441896,10.916666984558104,10.833333015441896,10.916666984558104,2.6785123348236084,5550
ATO,1989-11-14,10.916666984558104,11.0,10.916666984558104,11.0,2.698960065841675,2700
ATO,1989-11-15,11.0,11.0,10.916666984558104,11.0,2.698960065841675,3150
ATO,1989-11-16,11.0,11.0,10.916666984558104,10.916666984558104,2.6785123348236084,1800
ATO,1989-11-17,10.833333015441896,11.25,10.75,11.083333015441896,2.768434524536133,14250
ATO,1989-11-20,11.166666984558104,11.166666984558104,11.166666984558104,11.166666984558104,2.789250135421753,4650
ATO,1989-11-21,11.083333015441896,11.25,11.083333015441896,11.166666984558104,2.789250135421753,9450
ATO,1989-11-22,11.083333015441896,11.25,11.083333015441896,11.25,2.8100664615631104,3750
ATO,1989-11-24,11.166666984558104,11.25,11.166666984558104,11.25,2.8100664615631104,3300
ATO,1989-11-27,11.25,11.25,11.166666984558104,11.25,2.8100664615631104,10050
ATO,1989-11-28,11.166666984558104,11.25,11.166666984558104,11.25,2.8100664615631104,1950
ATO,1989-11-29,11.25,11.25,11.083333015441896,11.166666984558104,2.789250135421753,16950
ATO,1989-11-30,11.166666984558104,11.25,11.083333015441896,11.083333015441896,2.768434524536133,6900
ATO,1989-12-01,11.083333015441896,11.25,11.083333015441896,11.166666984558104,2.789250135421753,5400
ATO,1989-12-04,11.083333015441896,11.166666984558104,11.083333015441896,11.083333015441896,2.768434524536133,8100
ATO,1989-12-05,11.25,11.25,11.166666984558104,11.166666984558104,2.789250135421753,4950
ATO,1989-12-06,11.25,11.333333015441896,11.25,11.333333015441896,2.8308820724487305,17850
ATO,1989-12-07,11.333333015441896,11.333333015441896,11.166666984558104,11.333333015441896,2.8308820724487305,34350
ATO,1989-12-08,11.333333015441896,11.333333015441896,11.25,11.25,2.8100664615631104,3750
ATO,1989-12-11,11.25,11.333333015441896,11.166666984558104,11.333333015441896,2.8308820724487305,9900
ATO,1989-12-12,11.333333015441896,11.5,11.333333015441896,11.5,2.8725128173828125,5700
ATO,1989-12-13,11.416666984558104,11.5,11.416666984558104,11.5,2.8725128173828125,2550
ATO,1989-12-14,11.5,11.5,11.333333015441896,11.5,2.8725128173828125,19500
ATO,1989-12-15,11.5,11.5,11.25,11.416666984558104,2.851696729660034,20550
ATO,1989-12-18,11.333333015441896,11.416666984558104,11.25,11.333333015441896,2.8308820724487305,6150
ATO,1989-12-19,11.416666984558104,11.416666984558104,11.25,11.25,2.8100664615631104,10650
ATO,1989-12-20,11.25,11.333333015441896,11.25,11.25,2.8100664615631104,750
ATO,1989-12-21,11.333333015441896,11.333333015441896,11.333333015441896,11.333333015441896,2.8308820724487305,17100
ATO,1989-12-22,11.333333015441896,11.5,11.333333015441896,11.416666984558104,2.851696729660034,9750
ATO,1989-12-26,11.5,11.583333015441896,11.5,11.5,2.8725128173828125,1500
ATO,1989-12-27,11.5,11.583333015441896,11.416666984558104,11.583333015441896,2.893325090408325,3600
ATO,1989-12-28,11.583333015441896,11.75,11.5,11.666666984558104,2.914142608642578,7800
ATO,1989-12-29,11.833333015441896,12.0,11.666666984558104,11.916666984558104,2.976588249206543,7350
ATO,1990-01-02,12.0,12.0,11.833333015441896,11.833333015441896,2.9557738304138184,17550
ATO,1990-01-03,11.666666984558104,11.75,11.583333015441896,11.583333015441896,2.893325090408325,11250
ATO,1990-01-04,11.5,11.5,11.25,11.333333015441896,2.8308820724487305,15600
ATO,1990-01-05,11.166666984558104,11.666666984558104,11.0,11.666666984558104,2.914142608642578,34950
ATO,1990-01-08,11.5,11.75,11.5,11.75,2.9349582195281982,9450
ATO,1990-01-09,11.75,12.0,11.75,12.0,2.997403383255005,18450
ATO,1990-01-10,12.0,12.166666984558104,12.0,12.166666984558104,3.039035558700561,18600
ATO,1990-01-11,12.25,12.5,12.25,12.333333015441896,3.080665111541748,20100
ATO,1990-01-12,12.416666984558104,12.416666984558104,12.0,12.166666984558104,3.039035558700561,12450
ATO,1990-01-15,12.083333015441896,12.166666984558104,12.0,12.0,2.997403383255005,3000
ATO,1990-01-16,11.916666984558104,12.0,11.833333015441896,11.916666984558104,2.976588249206543,7200
ATO,1990-01-17,12.0,12.0,12.0,12.0,2.997403383255005,4200
ATO,1990-01-18,11.916666984558104,12.0,11.916666984558104,12.0,2.997403383255005,2400
ATO,1990-01-19,11.916666984558104,12.0,11.833333015441896,11.916666984558104,2.976588249206543,2850
ATO,1990-01-22,11.916666984558104,12.0,11.916666984558104,12.0,2.997403383255005,7350
ATO,1990-01-23,11.916666984558104,12.0,11.833333015441896,12.0,2.997403383255005,6600
ATO,1990-01-24,11.833333015441896,11.833333015441896,11.583333015441896,11.833333015441896,2.9557738304138184,10650
ATO,1990-01-25,11.833333015441896,11.833333015441896,11.75,11.833333015441896,2.9557738304138184,4200
ATO,1990-01-26,11.75,11.833333015441896,11.75,11.833333015441896,2.9557738304138184,2400
ATO,1990-01-29,11.833333015441896,11.916666984558104,11.75,11.916666984558104,2.976588249206543,3000
ATO,1990-01-30,12.0,12.0,11.75,11.833333015441896,2.9557738304138184,13050
ATO,1990-01-31,11.75,11.833333015441896,11.75,11.75,2.9349582195281982,6000
ATO,1990-02-01,11.833333015441896,11.916666984558104,11.833333015441896,11.916666984558104,2.976588249206543,3450
ATO,1990-02-02,11.916666984558104,11.916666984558104,11.833333015441896,11.916666984558104,2.976588249206543,1500
ATO,1990-02-05,12.0,12.0,11.833333015441896,11.916666984558104,2.976588249206543,3000
ATO,1990-02-06,11.833333015441896,11.916666984558104,11.833333015441896,11.916666984558104,2.976588249206543,1500
ATO,1990-02-07,11.916666984558104,12.0,11.916666984558104,12.0,2.997403383255005,6000
ATO,1990-02-08,12.083333015441896,12.166666984558104,12.0,12.083333015441896,3.0182180404663086,8100
ATO,1990-02-09,12.083333015441896,12.25,12.083333015441896,12.166666984558104,3.039035558700561,3450
ATO,1990-02-12,12.25,12.25,12.083333015441896,12.25,3.059849977493286,7500
ATO,1990-02-13,12.25,12.333333015441896,12.25,12.333333015441896,3.080665111541748,5850
ATO,1990-02-14,12.333333015441896,12.5,12.25,12.25,3.059849977493286,24750
ATO,1990-02-15,12.25,12.416666984558104,12.25,12.416666984558104,3.1014811992645264,7800
ATO,1990-02-16,12.416666984558104,12.5,12.333333015441896,12.333333015441896,3.080665111541748,5850
ATO,1990-02-20,11.916666984558104,12.166666984558104,11.916666984558104,12.166666984558104,3.0874335765838623,6300
ATO,1990-02-21,12.166666984558104,12.166666984558104,12.0,12.166666984558104,3.0874335765838623,5850
ATO,1990-02-22,12.0,12.0,11.833333015441896,11.916666984558104,3.0239903926849365,3750
ATO,1990-02-23,12.0,12.0,11.75,11.75,2.981698751449585,8400
ATO,1990-02-26,11.666666984558104,11.75,11.583333015441896,11.75,2.981698751449585,6000
ATO,1990-02-27,11.666666984558104,11.75,11.666666984558104,11.75,2.981698751449585,450
ATO,1990-02-28,11.666666984558104,11.75,11.666666984558104,11.666666984558104,2.960552453994751,2850
ATO,1990-03-01,11.416666984558104,11.666666984558104,11.416666984558104,11.666666984558104,2.960552453994751,9150
ATO,1990-03-02,11.666666984558104,11.666666984558104,11.583333015441896,11.583333015441896,2.939404964447021,1800
ATO,1990-03-05,11.583333015441896,11.666666984558104,11.5,11.666666984558104,2.960552453994751,4350
ATO,1990-03-06,11.666666984558104,11.666666984558104,11.583333015441896,11.583333015441896,2.939404964447021,3450
ATO,1990-03-07,11.666666984558104,11.666666984558104,11.666666984558104,11.666666984558104,2.960552453994751,1500
ATO,1990-03-08,11.583333015441896,11.583333015441896,11.583333015441896,11.583333015441896,2.939404964447021,1800
ATO,1990-03-09,11.583333015441896,11.666666984558104,11.5,11.5,2.918256521224976,7950
ATO,1990-03-12,11.666666984558104,11.666666984558104,11.5,11.583333015441896,2.939404964447021,5700
ATO,1990-03-13,11.583333015441896,11.666666984558104,11.5,11.583333015441896,2.939404964447021,85200
ATO,1990-03-14,11.5,11.666666984558104,11.5,11.666666984558104,2.960552453994751,6600
ATO,1990-03-15,11.583333015441896,11.666666984558104,11.5,11.666666984558104,2.960552453994751,6150
ATO,1990-03-16,11.666666984558104,11.833333015441896,11.666666984558104,11.666666984558104,2.960552453994751,7200
ATO,1990-03-19,11.75,11.75,11.666666984558104,11.666666984558104,2.960552453994751,2100
ATO,1990-03-20,11.833333015441896,11.833333015441896,11.666666984558104,11.75,2.981698751449585,2850
ATO,1990-03-21,11.666666984558104,11.666666984558104,11.666666984558104,11.666666984558104,2.960552453994751,3600
ATO,1990-03-22,11.666666984558104,11.75,11.666666984558104,11.75,2.981698751449585,4050
ATO,1990-03-23,11.666666984558104,11.833333015441896,11.666666984558104,11.75,2.981698751449585,3300
ATO,1990-03-26,11.833333015441896,12.0,11.833333015441896,11.916666984558104,3.0239903926849365,11850
ATO,1990-03-27,12.0,12.166666984558104,12.0,12.0,3.0451407432556152,8400
ATO,1990-03-28,12.0,12.0,11.916666984558104,12.0,3.0451407432556152,1650
ATO,1990-03-29,12.0,12.0,11.833333015441896,11.916666984558104,3.0239903926849365,4950
ATO,1990-03-30,12.0,12.0,11.833333015441896,12.0,3.0451407432556152,3000
ATO,1990-04-02,12.0,12.0,11.833333015441896,11.833333015441896,3.002845048904419,1050
ATO,1990-04-03,11.666666984558104,11.75,11.666666984558104,11.666666984558104,2.960552453994751,2550
ATO,1990-04-04,11.583333015441896,11.75,11.583333015441896,11.75,2.981698751449585,750
ATO,1990-04-05,11.666666984558104,11.75,11.583333015441896,11.75,2.981698751449585,3000
ATO,1990-04-06,11.833333015441896,11.833333015441896,11.666666984558104,11.666666984558104,2.960552453994751,2700
ATO,1990-04-09,11.666666984558104,11.75,11.666666984558104,11.75,2.981698751449585,3450
ATO,1990-04-10,11.666666984558104,11.833333015441896,11.583333015441896,11.833333015441896,3.002845048904419,6300
ATO,1990-04-11,11.75,11.75,11.666666984558104,11.75,2.981698751449585,5100
ATO,1990-04-12,11.75,11.75,11.583333015441896,11.666666984558104,2.960552453994751,8250
ATO,1990-04-16,11.75,11.75,11.583333015441896,11.666666984558104,2.960552453994751,3000
ATO,1990-04-17,11.75,11.75,11.583333015441896,11.583333015441896,2.939404964447021,2250
ATO,1990-04-18,11.666666984558104,11.75,11.583333015441896,11.75,2.981698751449585,4650
ATO,1990-04-19,11.75,11.833333015441896,11.75,11.833333015441896,3.002845048904419,3750
ATO,1990-04-20,11.833333015441896,12.0,11.833333015441896,11.833333015441896,3.002845048904419,8250
ATO,1990-04-23,11.75,11.833333015441896,11.666666984558104,11.666666984558104,2.960552453994751,4650
ATO,1990-04-24,11.583333015441896,11.666666984558104,11.5,11.666666984558104,2.960552453994751,3000
ATO,1990-04-25,11.666666984558104,11.666666984558104,11.5,11.5,2.918256521224976,32400
ATO,1990-04-26,11.416666984558104,11.416666984558104,11.25,11.25,2.854818105697632,4350
ATO,1990-04-27,11.25,11.25,11.25,11.25,2.854818105697632,0
ATO,1990-04-30,11.25,11.25,11.166666984558104,11.25,2.854818105697632,4500
ATO,1990-05-01,11.25,11.25,11.25,11.25,2.854818105697632,2700
ATO,1990-05-02,11.25,11.25,11.166666984558104,11.25,2.854818105697632,1350
ATO,1990-05-03,11.166666984558104,11.25,11.166666984558104,11.166666984558104,2.8336706161499023,3000
ATO,1990-05-04,11.25,11.416666984558104,11.25,11.416666984558104,2.8971121311187744,3450
ATO,1990-05-07,11.5,11.75,11.416666984558104,11.416666984558104,2.8971121311187744,9150
ATO,1990-05-08,11.416666984558104,11.416666984558104,11.416666984558104,11.416666984558104,2.8971121311187744,1500
ATO,1990-05-09,11.333333015441896,11.666666984558104,11.25,11.666666984558104,2.960552453994751,9150
ATO,1990-05-10,11.666666984558104,11.666666984558104,11.583333015441896,11.583333015441896,2.939404964447021,4200
ATO,1990-05-11,11.583333015441896,11.916666984558104,11.583333015441896,11.916666984558104,3.0239903926849365,6150
ATO,1990-05-14,11.666666984558104,11.833333015441896,11.666666984558104,11.833333015441896,3.002845048904419,2850
ATO,1990-05-15,11.75,11.916666984558104,11.75,11.833333015441896,3.002845048904419,9450
ATO,1990-05-16,11.75,11.75,11.666666984558104,11.666666984558104,2.960552453994751,1500
ATO,1990-05-17,11.666666984558104,11.833333015441896,11.5,11.5,2.918256521224976,3600
ATO,1990-05-18,11.5,11.5,11.416666984558104,11.5,2.918256521224976,1500
ATO,1990-05-21,11.333333015441896,11.416666984558104,11.166666984558104,11.416666984558104,2.94665002822876,5400
ATO,1990-05-22,11.333333015441896,11.583333015441896,11.333333015441896,11.583333015441896,2.989665985107422,5700
ATO,1990-05-23,11.5,11.75,11.5,11.75,3.0326826572418213,4350
ATO,1990-05-24,11.666666984558104,11.833333015441896,11.583333015441896,11.833333015441896,3.0541908740997314,3150
ATO,1990-05-25,11.666666984558104,11.666666984558104,11.583333015441896,11.666666984558104,3.0111749172210693,3150
ATO,1990-05-29,11.583333015441896,11.583333015441896,11.583333015441896,11.583333015441896,2.989665985107422,6000
ATO,1990-05-30,11.416666984558104,11.416666984558104,11.416666984558104,11.416666984558104,2.94665002822876,1050
ATO,1990-05-31,11.333333015441896,11.416666984558104,11.333333015441896,11.416666984558104,2.94665002822876,7050
ATO,1990-06-01,11.416666984558104,11.416666984558104,11.25,11.333333015441896,2.9251410961151123,7950
ATO,1990-06-04,11.333333015441896,11.416666984558104,11.166666984558104,11.166666984558104,2.8821239471435547,12150
ATO,1990-06-05,11.166666984558104,11.333333015441896,11.166666984558104,11.333333015441896,2.9251410961151123,3300
ATO,1990-06-06,11.25,11.333333015441896,11.25,11.333333015441896,2.9251410961151123,1050
ATO,1990-06-07,11.25,11.25,11.166666984558104,11.166666984558104,2.8821239471435547,3000
ATO,1990-06-08,11.083333015441896,11.25,11.083333015441896,11.083333015441896,2.8606157302856445,10200
ATO,1990-06-11,11.083333015441896,11.333333015441896,11.083333015441896,11.083333015441896,2.8606157302856445,14400
ATO,1990-06-12,11.166666984558104,11.166666984558104,11.0,11.166666984558104,2.8821239471435547,4650
ATO,1990-06-13,11.083333015441896,11.166666984558104,11.0,11.166666984558104,2.8821239471435547,5100
ATO,1990-06-14,11.166666984558104,11.25,11.083333015441896,11.166666984558104,2.8821239471435547,8700
ATO,1990-06-15,11.083333015441896,11.25,11.083333015441896,11.25,2.903632640838623,4650
ATO,1990-06-18,11.166666984558104,11.25,11.166666984558104,11.166666984558104,2.8821239471435547,1350
ATO,1990-06-19,11.25,11.25,11.25,11.25,2.903632640838623,900
ATO,1990-06-20,11.25,11.25,10.916666984558104,10.916666984558104,2.8175973892211914,10950
ATO,1990-06-21,10.833333015441896,10.833333015441896,10.583333015441896,10.833333015441896,2.796088933944702,19650
ATO,1990-06-22,10.833333015441896,11.083333015441896,10.833333015441896,11.083333015441896,2.8606157302856445,3300
ATO,1990-06-25,11.166666984558104,11.166666984558104,10.833333015441896,10.833333015441896,2.796088933944702,7050
ATO,1990-06-26,10.916666984558104,11.0,10.833333015441896,11.0,2.839107036590576,4650
ATO,1990-06-27,11.0,11.0,10.75,10.916666984558104,2.8175973892211914,3450
ATO,1990-06-28,10.916666984558104,11.0,10.833333015441896,11.0,2.839107036590576,11550
ATO,1990-06-29,10.916666984558104,11.083333015441896,10.916666984558104,11.083333015441896,2.8606157302856445,5550
ATO,1990-07-02,11.083333015441896,11.25,11.0,11.25,2.903632640838623,3300
ATO,1990-07-03,11.333333015441896,11.333333015441896,11.166666984558104,11.166666984558104,2.8821239471435547,450
ATO,1990-07-05,11.166666984558104,11.333333015441896,11.166666984558104,11.333333015441896,2.9251410961151123,7050
ATO,1990-07-06,11.333333015441896,11.416666984558104,11.166666984558104,11.333333015441896,2.9251410961151123,2250
ATO,1990-07-09,11.333333015441896,11.416666984558104,11.333333015441896,11.333333015441896,2.9251410961151123,4050
ATO,1990-07-10,11.333333015441896,11.416666984558104,11.25,11.25,2.903632640838623,2100
ATO,1990-07-11,11.333333015441896,11.416666984558104,11.25,11.416666984558104,2.94665002822876,4950
ATO,1990-07-12,11.25,11.416666984558104,11.25,11.416666984558104,2.94665002822876,3000
ATO,1990-07-13,11.416666984558104,11.416666984558104,11.25,11.416666984558104,2.94665002822876,3900
ATO,1990-07-16,11.333333015441896,11.333333015441896,11.25,11.25,2.903632640838623,6900
ATO,1990-07-17,11.25,11.5,11.25,11.5,2.968156337738037,17100
ATO,1990-07-18,11.333333015441896,11.416666984558104,11.25,11.416666984558104,2.94665002822876,2550
ATO,1990-07-19,11.333333015441896,11.5,11.25,11.25,2.903632640838623,3150
ATO,1990-07-20,11.333333015441896,11.416666984558104,11.0,11.0,2.839107036590576,33750
ATO,1990-07-23,10.916666984558104,11.083333015441896,10.916666984558104,11.0,2.839107036590576,5550
ATO,1990-07-24,11.166666984558104,11.416666984558104,11.083333015441896,11.25,2.903632640838623,3750
ATO,1990-07-25,11.25,11.416666984558104,11.25,11.333333015441896,2.9251410961151123,1950
ATO,1990-07-26,11.333333015441896,11.416666984558104,11.333333015441896,11.416666984558104,2.94665002822876,600
ATO,1990-07-27,11.5,11.5,11.416666984558104,11.5,2.968156337738037,2250
ATO,1990-07-30,11.5,11.5,11.416666984558104,11.5,2.968156337738037,5400
ATO,1990-07-31,11.5,11.5,11.416666984558104,11.5,2.968156337738037,4500
ATO,1990-08-01,11.5,11.5,11.416666984558104,11.5,2.968156337738037,6450
ATO,1990-08-02,11.5,11.5,11.333333015441896,11.416666984558104,2.94665002822876,3150
ATO,1990-08-03,11.416666984558104,11.416666984558104,11.25,11.333333015441896,2.9251410961151123,3600
ATO,1990-08-06,11.333333015441896,11.5,11.333333015441896,11.5,2.968156337738037,3300
ATO,1990-08-07,11.5,11.666666984558104,11.5,11.666666984558104,3.0111749172210693,2100
ATO,1990-08-08,11.833333015441896,11.916666984558104,11.583333015441896,11.833333015441896,3.0541908740997314,9150
ATO,1990-08-09,11.916666984558104,11.916666984558104,11.833333015441896,11.916666984558104,3.075698137283325,750
ATO,1990-08-10,11.916666984558104,12.0,11.75,11.75,3.0326826572418213,19800
ATO,1990-08-13,11.916666984558104,11.916666984558104,11.666666984558104,11.833333015441896,3.0541908740997314,7200
ATO,1990-08-14,11.666666984558104,11.666666984558104,11.333333015441896,11.333333015441896,2.9251410961151123,2550
ATO,1990-08-15,11.416666984558104,11.416666984558104,11.333333015441896,11.333333015441896,2.9251410961151123,1650
ATO,1990-08-16,11.333333015441896,11.333333015441896,11.083333015441896,11.166666984558104,2.8821239471435547,4350
ATO,1990-08-17,11.25,11.25,11.083333015441896,11.166666984558104,2.8821239471435547,7500
ATO,1990-08-20,11.0,11.25,11.0,11.25,2.954789876937866,17250
ATO,1990-08-21,11.25,11.25,11.25,11.25,2.954789876937866,900
ATO,1990-08-22,11.333333015441896,11.5,11.083333015441896,11.083333015441896,2.911015272140503,28650
ATO,1990-08-23,11.0,11.083333015441896,11.0,11.083333015441896,2.911015272140503,3600
ATO,1990-08-24,11.25,11.5,11.25,11.333333015441896,2.976677417755127,13800
ATO,1990-08-27,11.833333015441896,12.0,11.666666984558104,11.833333015441896,3.1080007553100586,13500
ATO,1990-08-28,11.833333015441896,12.25,11.833333015441896,12.166666984558104,3.1955509185791016,4500
ATO,1990-08-29,12.166666984558104,12.166666984558104,12.0,12.166666984558104,3.1955509185791016,6450
ATO,1990-08-30,12.0,12.083333015441896,12.0,12.083333015441896,3.1736624240875244,6000
ATO,1990-08-31,12.0,12.0,12.0,12.0,3.151777505874634,1800
ATO,1990-09-04,12.166666984558104,12.166666984558104,11.833333015441896,11.833333015441896,3.1080007553100586,5700
ATO,1990-09-05,11.666666984558104,11.833333015441896,11.5,11.583333015441896,3.0423390865325928,7200
ATO,1990-09-06,11.583333015441896,11.583333015441896,11.5,11.583333015441896,3.0423390865325928,3750
ATO,1990-09-07,11.583333015441896,11.666666984558104,11.166666984558104,11.166666984558104,2.932902574539185,41250
ATO,1990-09-10,11.416666984558104,11.75,11.333333015441896,11.583333015441896,3.0423390865325928,11850
ATO,1990-09-11,11.583333015441896,11.666666984558104,11.416666984558104,11.5,3.0204503536224365,4650
ATO,1990-09-12,11.416666984558104,11.416666984558104,11.333333015441896,11.333333015441896,2.976677417755127,750
ATO,1990-09-13,11.333333015441896,11.333333015441896,11.25,11.25,2.954789876937866,2100
ATO,1990-09-14,11.333333015441896,11.333333015441896,11.166666984558104,11.166666984558104,2.932902574539185,900
ATO,1990-09-17,11.333333015441896,11.5,11.166666984558104,11.5,3.0204503536224365,5100
ATO,1990-09-18,11.5,11.5,11.166666984558104,11.166666984558104,2.932902574539185,5100
ATO,1990-09-19,11.083333015441896,11.333333015441896,11.083333015441896,11.333333015441896,2.976677417755127,3150
ATO,1990-09-20,11.166666984558104,11.5,11.166666984558104,11.5,3.0204503536224365,5700
ATO,1990-09-21,11.5,11.5,11.333333015441896,11.333333015441896,2.976677417755127,6000
ATO,1990-09-24,11.25,11.5,11.25,11.416666984558104,2.9985647201538086,7350
ATO,1990-09-25,11.416666984558104,11.416666984558104,11.166666984558104,11.166666984558104,2.932902574539185,9750
ATO,1990-09-26,11.333333015441896,11.333333015441896,11.166666984558104,11.166666984558104,2.932902574539185,3000
ATO,1990-09-27,11.166666984558104,11.166666984558104,11.166666984558104,11.166666984558104,2.932902574539185,0
ATO,1990-09-28,11.25,11.25,11.25,11.25,2.954789876937866,450
ATO,1990-10-01,11.166666984558104,11.333333015441896,11.166666984558104,11.333333015441896,2.976677417755127,2400
ATO,1990-10-02,11.25,11.333333015441896,11.25,11.333333015441896,2.976677417755127,5850
ATO,1990-10-03,11.25,11.333333015441896,11.25,11.333333015441896,2.976677417755127,3150
ATO,1990-10-04,11.25,11.25,11.25,11.25,2.954789876937866,450
ATO,1990-10-05,11.333333015441896,11.333333015441896,11.333333015441896,11.333333015441896,2.976677417755127,450
ATO,1990-10-08,11.333333015441896,11.333333015441896,11.333333015441896,11.333333015441896,2.976677417755127,2400
ATO,1990-10-09,11.25,11.333333015441896,11.166666984558104,11.333333015441896,2.976677417755127,2850
ATO,1990-10-10,11.333333015441896,11.333333015441896,11.25,11.333333015441896,2.976677417755127,4800
ATO,1990-10-11,11.333333015441896,11.333333015441896,11.166666984558104,11.333333015441896,2.976677417755127,2700
ATO,1990-10-12,11.166666984558104,11.166666984558104,11.083333015441896,11.083333015441896,2.911015272140503,2550
ATO,1990-10-15,10.916666984558104,10.916666984558104,10.666666984558104,10.666666984558104,2.801579236984253,9750
ATO,1990-10-16,10.583333015441896,10.833333015441896,10.583333015441896,10.833333015441896,2.8453519344329834,1200
ATO,1990-10-17,10.666666984558104,10.833333015441896,10.5,10.666666984558104,2.801579236984253,4200
ATO,1990-10-18,10.666666984558104,10.833333015441896,10.666666984558104,10.833333015441896,2.8453519344329834,1350
ATO,1990-10-19,10.75,10.916666984558104,10.5,10.5,2.7578039169311523,8250
ATO,1990-10-22,10.416666984558104,10.833333015441896,10.416666984558104,10.583333015441896,2.779691457748413,12600
ATO,1990-10-23,10.5,10.833333015441896,10.5,10.833333015441896,2.8453519344329834,6600
ATO,1990-10-24,10.916666984558104,10.916666984558104,10.916666984558104,10.916666984558104,2.867239236831665,600
ATO,1990-10-25,10.916666984558104,11.0,10.833333015441896,10.916666984558104,2.867239236831665,2550
ATO,1990-10-26,10.916666984558104,11.0,10.916666984558104,11.0,2.8891282081604004,6000
ATO,1990-10-29,10.833333015441896,10.833333015441896,10.833333015441896,10.833333015441896,2.8453519344329834,1200
ATO,1990-10-30,10.833333015441896,11.0,10.833333015441896,11.0,2.8891282081604004,5100
ATO,1990-10-31,11.0,11.0,11.0,11.0,2.8891282081604004,0
ATO,1990-11-01,11.0,11.083333015441896,11.0,11.083333015441896,2.911015272140503,600
ATO,1990-11-02,10.916666984558104,11.083333015441896,10.916666984558104,10.916666984558104,2.867239236831665,1800
ATO,1990-11-05,10.833333015441896,11.0,10.833333015441896,11.0,2.8891282081604004,2100
ATO,1990-11-06,10.916666984558104,11.166666984558104,10.916666984558104,11.166666984558104,2.932902574539185,6600
ATO,1990-11-07,11.333333015441896,11.5,11.333333015441896,11.333333015441896,2.976677417755127,5250
ATO,1990-11-08,11.333333015441896,11.333333015441896,11.333333015441896,11.333333015441896,2.976677417755127,6750
ATO,1990-11-09,11.25,11.333333015441896,11.25,11.333333015441896,2.976677417755127,1950
ATO,1990-11-12,11.166666984558104,11.333333015441896,11.166666984558104,11.333333015441896,2.976677417755127,3600
ATO,1990-11-13,11.333333015441896,11.333333015441896,11.25,11.25,2.954789876937866,11850
ATO,1990-11-14,11.333333015441896,11.333333015441896,11.333333015441896,11.333333015441896,2.976677417755127,4950
ATO,1990-11-15,11.333333015441896,11.333333015441896,11.166666984558104,11.25,2.954789876937866,5850
ATO,1990-11-16,11.25,11.25,11.166666984558104,11.25,2.954789876937866,1200
ATO,1990-11-19,10.833333015441896,10.833333015441896,10.666666984558104,10.666666984558104,2.8522865772247314,4950
ATO,1990-11-20,10.666666984558104,10.666666984558104,10.666666984558104,10.666666984558104,2.8522865772247314,5700
ATO,1990-11-21,10.75,10.833333015441896,10.666666984558104,10.833333015441896,2.8968517780303955,2850
ATO,1990-11-23,10.75,10.75,10.666666984558104,10.666666984558104,2.8522865772247314,450
ATO,1990-11-26,10.75,11.0,10.75,11.0,2.941420078277588,9450
ATO,1990-11-27,11.0,11.0,11.0,11.0,2.941420078277588,450
ATO,1990-11-28,11.0,11.0,11.0,11.0,2.941420078277588,750
ATO,1990-11-29,11.0,11.0,11.0,11.0,2.941420078277588,1200
ATO,1990-11-30,11.166666984558104,11.166666984558104,11.166666984558104,11.166666984558104,2.9859867095947266,600
ATO,1990-12-03,11.166666984558104,11.166666984558104,11.166666984558104,11.166666984558104,2.9859867095947266,0
ATO,1990-12-04,11.0,11.0,10.833333015441896,11.0,2.941420078277588,1650
ATO,1990-12-05,10.833333015441896,10.916666984558104,10.75,10.75,2.874570369720459,1800
ATO,1990-12-06,11.0,11.166666984558104,11.0,11.0,2.941420078277588,9450
ATO,1990-12-07,11.083333015441896,11.083333015441896,11.0,11.083333015441896,2.963703393936157,1500
ATO,1990-12-10,11.083333015441896,11.333333015441896,11.0,11.333333015441896,3.0305540561676025,11250
ATO,1990-12-11,11.416666984558104,11.416666984558104,11.083333015441896,11.333333015441896,3.0305540561676025,94200
ATO,1990-12-12,11.333333015441896,11.333333015441896,11.333333015441896,11.333333015441896,3.0305540561676025,317250
ATO,1990-12-13,11.166666984558104,11.166666984558104,11.166666984558104,11.166666984558104,2.9859867095947266,450
ATO,1990-12-14,11.0,11.083333015441896,10.916666984558104,10.916666984558104,2.919135332107544,2850
ATO,1990-12-17,10.75,10.75,10.666666984558104,10.75,2.874570369720459,3000
ATO,1990-12-18,10.666666984558104,10.916666984558104,10.666666984558104,10.916666984558104,2.919135332107544,4050
ATO,1990-12-19,11.0,11.083333015441896,11.0,11.083333015441896,2.963703393936157,6150
ATO,1990-12-20,10.833333015441896,11.0,10.75,10.75,2.874570369720459,21600
ATO,1990-12-21,10.833333015441896,10.916666984558104,10.833333015441896,10.833333015441896,2.8968517780303955,34050
ATO,1990-12-24,10.833333015441896,10.916666984558104,10.75,10.916666984558104,2.919135332107544,27900
ATO,1990-12-26,10.916666984558104,10.916666984558104,10.75,10.75,2.874570369720459,1800
ATO,1990-12-27,10.916666984558104,10.916666984558104,10.583333015441896,10.833333015441896,2.8968517780303955,40800
ATO,1990-12-28,10.916666984558104,10.916666984558104,10.666666984558104,10.666666984558104,2.8522865772247314,2550
ATO,1990-12-31,10.833333015441896,11.083333015441896,10.75,11.083333015441896,2.963703393936157,57900
ATO,1991-01-02,10.916666984558104,10.916666984558104,10.833333015441896,10.916666984558104,2.919135332107544,3900
ATO,1991-01-03,10.666666984558104,10.833333015441896,10.666666984558104,10.833333015441896,2.8968517780303955,16050
ATO,1991-01-04,10.75,10.833333015441896,10.75,10.833333015441896,2.8968517780303955,1500
ATO,1991-01-07,10.916666984558104,11.166666984558104,10.916666984558104,11.083333015441896,2.963703393936157,12450
ATO,1991-01-08,11.083333015441896,11.083333015441896,10.833333015441896,10.833333015441896,2.8968517780303955,13800
ATO,1991-01-09,11.0,11.0,10.833333015441896,10.833333015441896,2.8968517780303955,11550
ATO,1991-01-10,10.916666984558104,11.0,10.833333015441896,10.916666984558104,2.919135332107544,8850
ATO,1991-01-11,10.916666984558104,11.0,10.833333015441896,10.833333015441896,2.8968517780303955,4950
ATO,1991-01-14,10.666666984558104,10.666666984558104,10.5,10.5,2.8077189922332764,13050
ATO,1991-01-15,10.666666984558104,10.666666984558104,10.583333015441896,10.583333015441896,2.830002546310425,1350
ATO,1991-01-16,10.5,10.666666984558104,10.5,10.583333015441896,2.830002546310425,1650
ATO,1991-01-17,10.75,10.916666984558104,10.666666984558104,10.75,2.874570369720459,3600
ATO,1991-01-18,10.666666984558104,10.916666984558104,10.666666984558104,10.666666984558104,2.8522865772247314,3000
ATO,1991-01-21,10.5,10.666666984558104,10.5,10.666666984558104,2.8522865772247314,1200
ATO,1991-01-22,10.666666984558104,10.75,10.666666984558104,10.75,2.874570369720459,6000
ATO,1991-01-23,10.666666984558104,10.833333015441896,10.666666984558104,10.833333015441896,2.8968517780303955,2250
ATO,1991-01-24,10.666666984558104,10.75,10.666666984558104,10.75,2.874570369720459,750
ATO,1991-01-25,10.75,10.833333015441896,10.75,10.833333015441896,2.8968517780303955,15300
ATO,1991-01-28,10.75,10.833333015441896,10.75,10.75,2.874570369720459,11250
ATO,1991-01-29,10.833333015441896,10.916666984558104,10.75,10.916666984558104,2.919135332107544,2700
ATO,1991-01-30,10.916666984558104,11.0,10.833333015441896,10.833333015441896,2.8968517780303955,3450
ATO,1991-01-31,10.75,10.833333015441896,10.5,10.5,2.8077189922332764,11700
ATO,1991-02-01,10.666666984558104,10.75,10.5,10.666666984558104,2.8522865772247314,9600
ATO,1991-02-04,10.583333015441896,10.833333015441896,10.583333015441896,10.833333015441896,2.8968517780303955,15150
ATO,1991-02-05,10.75,11.0,10.75,11.0,2.941420078277588,12900
ATO,1991-02-06,11.0,11.0,10.916666984558104,11.0,2.941420078277588,5250
ATO,1991-02-07,10.916666984558104,11.0,10.75,10.916666984558104,2.919135332107544,4500
ATO,1991-02-08,10.916666984558104,11.166666984558104,10.916666984558104,11.166666984558104,2.9859867095947266,10950
ATO,1991-02-11,11.0,11.083333015441896,10.916666984558104,11.083333015441896,2.963703393936157,5100
ATO,1991-02-12,10.916666984558104,11.083333015441896,10.916666984558104,11.083333015441896,2.963703393936157,7800
ATO,1991-02-13,11.333333015441896,11.333333015441896,11.25,11.25,3.008270502090454,23250
ATO,1991-02-14,11.25,11.25,11.25,11.25,3.008270502090454,4050
ATO,1991-02-15,11.166666984558104,11.333333015441896,11.166666984558104,11.333333015441896,3.0305540561676025,21450
ATO,1991-02-19,11.0,11.0,11.0,11.0,2.994259595870972,22350
ATO,1991-02-20,11.083333015441896,11.25,11.0,11.166666984558104,3.039627313613892,12300
ATO,1991-02-21,11.25,11.416666984558104,11.25,11.416666984558104,3.1076788902282715,22800
ATO,1991-02-22,11.333333015441896,11.416666984558104,11.166666984558104,11.333333015441896,3.08499526977539,5850
ATO,1991-02-25,11.333333015441896,11.416666984558104,11.333333015441896,11.333333015441896,3.08499526977539,10350
ATO,1991-02-26,11.333333015441896,11.333333015441896,11.083333015441896,11.25,3.062311172485352,25350
ATO,1991-02-27,11.166666984558104,11.416666984558104,11.166666984558104,11.416666984558104,3.1076788902282715,15300
ATO,1991-02-28,11.416666984558104,11.5,11.333333015441896,11.5,3.130360841751098,15300
ATO,1991-03-01,11.5,11.583333015441896,11.416666984558104,11.5,3.130360841751098,44400
ATO,1991-03-04,11.416666984558104,11.5,11.333333015441896,11.5,3.130360841751098,26250
ATO,1991-03-05,11.583333015441896,11.583333015441896,11.416666984558104,11.416666984558104,3.1076788902282715,3900
ATO,1991-03-06,11.5,11.5,11.416666984558104,11.416666984558104,3.1076788902282715,49800
ATO,1991-03-07,11.5,11.5,11.25,11.5,3.130360841751098,900
ATO,1991-03-08,11.416666984558104,11.416666984558104,11.333333015441896,11.333333015441896,3.08499526977539,1800
ATO,1991-03-11,11.333333015441896,11.333333015441896,11.0,11.166666984558104,3.039627313613892,5700
ATO,1991-03-12,11.25,11.25,10.833333015441896,10.833333015441896,2.9488916397094727,5700
ATO,1991-03-13,10.916666984558104,11.083333015441896,10.916666984558104,11.083333015441896,3.0169425010681152,1500
ATO,1991-03-14,11.25,11.25,11.166666984558104,11.166666984558104,3.039627313613892,1200
ATO,1991-03-15,11.0,11.083333015441896,11.0,11.083333015441896,3.0169425010681152,1050
ATO,1991-03-18,11.0,11.083333015441896,11.0,11.083333015441896,3.0169425010681152,7050
ATO,1991-03-19,11.0,11.25,11.0,11.25,3.062311172485352,37650
ATO,1991-03-20,11.25,11.333333015441896,11.166666984558104,11.25,3.062311172485352,17100
ATO,1991-03-21,11.25,11.333333015441896,11.25,11.333333015441896,3.08499526977539,5550
ATO,1991-03-22,11.25,11.333333015441896,11.25,11.333333015441896,3.08499526977539,3900
ATO,1991-03-25,11.333333015441896,11.333333015441896,11.166666984558104,11.333333015441896,3.08499526977539,10950
ATO,1991-03-26,11.25,11.333333015441896,11.25,11.25,3.062311172485352,34650
ATO,1991-03-27,11.083333015441896,11.083333015441896,11.083333015441896,11.083333015441896,3.0169425010681152,600
ATO,1991-03-28,11.083333015441896,11.333333015441896,11.083333015441896,11.333333015441896,3.08499526977539,15000
ATO,1991-04-01,11.333333015441896,11.333333015441896,11.083333015441896,11.083333015441896,3.0169425010681152,15450
ATO,1991-04-02,11.166666984558104,11.25,11.083333015441896,11.25,3.062311172485352,2400
ATO,1991-04-03,11.083333015441896,11.083333015441896,11.0,11.0,2.994259595870972,14400
ATO,1991-04-04,11.166666984558104,11.25,11.0,11.25,3.062311172485352,11700
ATO,1991-04-05,11.25,11.25,11.083333015441896,11.166666984558104,3.039627313613892,9900
ATO,1991-04-08,11.083333015441896,11.25,11.083333015441896,11.25,3.062311172485352,6450
ATO,1991-04-09,11.333333015441896,11.333333015441896,11.166666984558104,11.166666984558104,3.039627313613892,13800
ATO,1991-04-10,11.333333015441896,11.333333015441896,11.166666984558104,11.166666984558104,3.039627313613892,10050
ATO,1991-04-11,11.166666984558104,11.333333015441896,11.166666984558104,11.166666984558104,3.039627313613892,8550
ATO,1991-04-12,11.166666984558104,11.333333015441896,11.166666984558104,11.333333015441896,3.08499526977539,21600
ATO,1991-04-15,11.25,11.25,11.166666984558104,11.166666984558104,3.039627313613892,3750
ATO,1991-04-16,11.25,11.333333015441896,11.25,11.333333015441896,3.08499526977539,5550
ATO,1991-04-17,11.166666984558104,11.166666984558104,11.083333015441896,11.166666984558104,3.039627313613892,20550
ATO,1991-04-18,11.083333015441896,11.166666984558104,11.083333015441896,11.083333015441896,3.0169425010681152,11250
ATO,1991-04-19,11.0,11.166666984558104,11.0,11.166666984558104,3.039627313613892,26850
ATO,1991-04-22,11.083333015441896,11.166666984558104,11.083333015441896,11.166666984558104,3.039627313613892,7650
ATO,1991-04-23,11.25,11.333333015441896,11.166666984558104,11.166666984558104,3.039627313613892,4650
ATO,1991-04-24,11.25,11.333333015441896,11.166666984558104,11.25,3.062311172485352,3450
ATO,1991-04-25,11.166666984558104,11.25,11.166666984558104,11.166666984558104,3.039627313613892,1950
ATO,1991-04-26,11.166666984558104,11.25,11.166666984558104,11.166666984558104,3.039627313613892,1350
ATO,1991-04-29,11.166666984558104,11.166666984558104,11.083333015441896,11.083333015441896,3.0169425010681152,750
ATO,1991-04-30,11.083333015441896,11.083333015441896,11.083333015441896,11.083333015441896,3.0169425010681152,3750
ATO,1991-05-01,11.166666984558104,11.166666984558104,11.166666984558104,11.166666984558104,3.039627313613892,900
ATO,1991-05-02,11.333333015441896,11.333333015441896,11.25,11.25,3.062311172485352,5100
ATO,1991-05-03,11.25,11.333333015441896,11.083333015441896,11.333333015441896,3.08499526977539,10350
ATO,1991-05-06,11.333333015441896,11.333333015441896,11.333333015441896,11.333333015441896,3.08499526977539,1650
ATO,1991-05-07,11.25,11.5,11.166666984558104,11.333333015441896,3.08499526977539,6900
ATO,1991-05-08,11.416666984558104,11.5,11.083333015441896,11.333333015441896,3.08499526977539,7800
ATO,1991-05-09,11.25,11.5,11.25,11.416666984558104,3.1076788902282715,2100
ATO,1991-05-10,11.416666984558104,11.5,11.333333015441896,11.333333015441896,3.08499526977539,3750
ATO,1991-05-13,11.333333015441896,11.5,11.166666984558104,11.5,3.130360841751098,13050
ATO,1991-05-14,11.5,11.5,11.416666984558104,11.5,3.130360841751098,2550
ATO,1991-05-15,11.416666984558104,11.583333015441896,11.416666984558104,11.5,3.130360841751098,3900
ATO,1991-05-16,11.583333015441896,11.583333015441896,11.5,11.5,3.130360841751098,10950
ATO,1991-05-17,11.5,11.666666984558104,11.5,11.666666984558104,3.1757302284240723,3150
ATO,1991-05-20,11.25,11.5,11.25,11.5,3.1849608421325684,7800
ATO,1991-05-21,11.333333015441896,11.833333015441896,11.333333015441896,11.75,3.254199981689453,13950
ATO,1991-05-22,11.75,11.75,11.5,11.5,3.1849608421325684,3600
ATO,1991-05-23,11.583333015441896,11.666666984558104,11.583333015441896,11.666666984558104,3.231120109558105,450
ATO,1991-05-24,11.666666984558104,11.666666984558104,11.583333015441896,11.583333015441896,3.208041191101074,2250
ATO,1991-05-28,11.5,11.666666984558104,11.5,11.666666984558104,3.231120109558105,2250
ATO,1991-05-29,11.583333015441896,11.666666984558104,11.5,11.666666984558104,3.231120109558105,3300
ATO,1991-05-30,11.666666984558104,11.666666984558104,11.583333015441896,11.666666984558104,3.231120109558105,5100
ATO,1991-05-31,11.666666984558104,11.75,11.666666984558104,11.75,3.254199981689453,1050
ATO,1991-06-03,11.666666984558104,11.666666984558104,11.5,11.583333015441896,3.208041191101074,11850
ATO,1991-06-04,11.5,11.666666984558104,11.5,11.583333015441896,3.208041191101074,5100
ATO,1991-06-05,11.666666984558104,11.75,11.583333015441896,11.666666984558104,3.231120109558105,12450
ATO,1991-06-06,11.75,11.75,11.5,11.5,3.1849608421325684,4050
ATO,1991-06-07,11.5,11.666666984558104,11.5,11.666666984558104,3.231120109558105,2100
ATO,1991-06-10,11.583333015441896,11.833333015441896,11.583333015441896,11.833333015441896,3.277277708053589,7950
ATO,1991-06-11,11.833333015441896,11.916666984558104,11.75,11.75,3.254199981689453,4050
ATO,1991-06-12,11.666666984558104,11.75,11.583333015441896,11.75,3.254199981689453,4950
ATO,1991-06-13,11.75,11.75,11.583333015441896,11.583333015441896,3.208041191101074,1200
ATO,1991-06-14,11.75,11.833333015441896,11.583333015441896,11.75,3.254199981689453,9300
ATO,1991-06-17,11.833333015441896,12.0,11.75,11.833333015441896,3.277277708053589,20700
ATO,1991-06-18,11.666666984558104,11.75,11.583333015441896,11.583333015441896,3.208041191101074,3150
ATO,1991-06-19,11.75,11.75,11.583333015441896,11.75,3.254199981689453,4950
ATO,1991-06-20,11.75,11.833333015441896,11.666666984558104,11.833333015441896,3.277277708053589,13200
ATO,1991-06-21,11.666666984558104,12.0,11.583333015441896,12.0,3.323438882827759,7050
ATO,1991-06-24,12.0,12.083333015441896,11.833333015441896,11.833333015441896,3.277277708053589,6300
ATO,1991-06-25,11.916666984558104,11.916666984558104,11.583333015441896,11.583333015441896,3.208041191101074,26100
ATO,1991-06-26,11.583333015441896,11.75,11.583333015441896,11.75,3.254199981689453,1050
ATO,1991-06-27,11.75,11.75,11.583333015441896,11.666666984558104,3.231120109558105,3450
ATO,1991-06-28,11.583333015441896,11.75,11.583333015441896,11.666666984558104,3.231120109558105,13350
ATO,1991-07-01,11.583333015441896,11.583333015441896,11.5,11.5,3.1849608421325684,9750
ATO,1991-07-02,11.666666984558104,11.666666984558104,11.333333015441896,11.5,3.1849608421325684,17700
ATO,1991-07-03,11.5,11.5,11.5,11.5,3.1849608421325684,300
ATO,1991-07-05,11.5,11.666666984558104,11.5,11.5,3.1849608421325684,5550
ATO,1991-07-08,11.583333015441896,11.583333015441896,11.5,11.5,3.1849608421325684,2250
ATO,1991-07-09,11.583333015441896,11.583333015441896,11.416666984558104,11.583333015441896,3.208041191101074,2100
ATO,1991-07-10,11.583333015441896,11.583333015441896,11.5,11.5,3.1849608421325684,6900
ATO,1991-07-11,11.416666984558104,11.583333015441896,11.416666984558104,11.583333015441896,3.208041191101074,3900
ATO,1991-07-12,11.583333015441896,11.583333015441896,11.583333015441896,11.583333015441896,3.208041191101074,6150
ATO,1991-07-15,11.5,11.666666984558104,11.5,11.666666984558104,3.231120109558105,6450
ATO,1991-07-16,11.666666984558104,11.666666984558104,11.583333015441896,11.583333015441896,3.208041191101074,1200
ATO,1991-07-17,11.583333015441896,11.583333015441896,11.5,11.583333015441896,3.208041191101074,2250
ATO,1991-07-18,11.666666984558104,11.75,11.583333015441896,11.75,3.254199981689453,8700
ATO,1991-07-19,11.916666984558104,11.916666984558104,11.75,11.833333015441896,3.277277708053589,3750
ATO,1991-07-22,11.666666984558104,11.833333015441896,11.666666984558104,11.833333015441896,3.277277708053589,5550
ATO,1991-07-23,11.833333015441896,11.916666984558104,11.583333015441896,11.583333015441896,3.208041191101074,6450
ATO,1991-07-24,11.583333015441896,11.833333015441896,11.583333015441896,11.666666984558104,3.231120109558105,4800
ATO,1991-07-25,11.666666984558104,11.75,11.583333015441896,11.75,3.254199981689453,4650
ATO,1991-07-26,11.833333015441896,11.833333015441896,11.666666984558104,11.833333015441896,3.277277708053589,3750
ATO,1991-07-29,11.75,11.916666984558104,11.583333015441896,11.583333015441896,3.208041191101074,10950
ATO,1991-07-30,11.75,11.833333015441896,11.75,11.75,3.254199981689453,2400
ATO,1991-07-31,11.666666984558104,12.0,11.666666984558104,12.0,3.323438882827759,8400
ATO,1991-08-01,11.833333015441896,12.166666984558104,11.833333015441896,12.083333015441896,3.346517324447632,6450
ATO,1991-08-02,11.833333015441896,12.083333015441896,11.75,12.083333015441896,3.346517324447632,7200
ATO,1991-08-05,12.0,12.083333015441896,12.0,12.0,3.323438882827759,2250
ATO,1991-08-06,12.0,12.083333015441896,11.833333015441896,12.0,3.323438882827759,4500
ATO,1991-08-07,12.166666984558104,12.166666984558104,12.083333015441896,12.166666984558104,3.369598627090454,6000
ATO,1991-08-08,12.25,12.666666984558104,12.166666984558104,12.5,3.461913585662842,16500
ATO,1991-08-09,12.5,12.5,12.416666984558104,12.416666984558104,3.438835620880127,7650
ATO,1991-08-12,12.333333015441896,12.666666984558104,12.083333015441896,12.666666984558104,3.508074283599853,7200
ATO,1991-08-13,12.5,13.0,12.5,12.75,3.531151294708252,20400
ATO,1991-08-14,12.75,12.75,12.333333015441896,12.5,3.461913585662842,27000
ATO,1991-08-15,12.333333015441896,12.5,12.166666984558104,12.333333015441896,3.4157564640045166,5700
ATO,1991-08-16,12.166666984558104,12.333333015441896,12.0,12.0,3.323438882827759,13500
ATO,1991-08-19,12.0,12.0,11.75,11.916666984558104,3.3003592491149902,11550
ATO,1991-08-20,11.666666984558104,12.166666984558104,11.666666984558104,12.166666984558104,3.427113771438598,15150
ATO,1991-08-21,12.25,12.666666984558104,12.25,12.5,3.5210089683532715,12900
ATO,1991-08-22,12.416666984558104,12.5,12.333333015441896,12.333333015441896,3.474061965942383,4500
ATO,1991-08-23,12.583333015441896,12.666666984558104,12.166666984558104,12.166666984558104,3.427113771438598,8250
ATO,1991-08-26,12.333333015441896,12.333333015441896,12.083333015441896,12.333333015441896,3.474061965942383,12000
ATO,1991-08-27,12.5,13.0,12.5,12.916666984558104,3.638376235961914,38100
ATO,1991-08-28,12.916666984558104,13.333333015441896,12.916666984558104,13.083333015441896,3.685321092605591,20550
ATO,1991-08-29,13.0,13.083333015441896,13.0,13.0,3.661846876144409,12150
ATO,1991-08-30,13.0,13.166666984558104,13.0,13.166666984558104,3.7087960243225098,8400
ATO,1991-09-03,13.083333015441896,13.166666984558104,13.0,13.166666984558104,3.7087960243225098,12900
ATO,1991-09-04,13.25,13.5,13.166666984558104,13.5,3.802689552307129,40350
ATO,1991-09-05,13.583333015441896,13.583333015441896,13.083333015441896,13.333333015441896,3.7557430267333984,22650
ATO,1991-09-06,13.416666984558104,13.666666984558104,13.333333015441896,13.666666984558104,3.84963583946228,20700
ATO,1991-09-09,13.666666984558104,13.75,13.583333015441896,13.583333015441896,3.826163291931152,9900
ATO,1991-09-10,13.5,13.833333015441896,13.416666984558104,13.75,3.873110055923462,26100
ATO,1991-09-11,13.916666984558104,13.916666984558104,13.583333015441896,13.75,3.873110055923462,17100
ATO,1991-09-12,13.666666984558104,14.166666984558104,13.666666984558104,13.833333015441896,3.896584272384644,20250
ATO,1991-09-13,13.916666984558104,14.0,13.666666984558104,13.833333015441896,3.896584272384644,39150
ATO,1991-09-16,13.666666984558104,13.833333015441896,13.5,13.833333015441896,3.896584272384644,23400
ATO,1991-09-17,14.0,14.0,13.5,13.666666984558104,3.84963583946228,36900
ATO,1991-09-18,13.5,14.0,13.5,13.833333015441896,3.896584272384644,18750
ATO,1991-09-19,13.666666984558104,13.916666984558104,13.666666984558104,13.75,3.873110055923462,10950
ATO,1991-09-20,13.916666984558104,14.0,13.833333015441896,13.916666984558104,3.920055866241455,10950
ATO,1991-09-23,13.833333015441896,14.0,13.75,13.75,3.873110055923462,19050
ATO,1991-09-24,13.666666984558104,13.833333015441896,13.666666984558104,13.75,3.873110055923462,6450
ATO,1991-09-25,13.75,13.833333015441896,13.583333015441896,13.833333015441896,3.896584272384644,4650
ATO,1991-09-26,13.666666984558104,13.833333015441896,13.666666984558104,13.833333015441896,3.896584272384644,3300
ATO,1991-09-27,13.833333015441896,13.833333015441896,13.666666984558104,13.833333015441896,3.896584272384644,3750
ATO,1991-09-30,13.75,14.0,13.75,14.0,3.9435300827026367,4350
ATO,1991-10-01,14.0,14.0,13.75,13.916666984558104,3.920055866241455,11400
ATO,1991-10-02,13.75,14.0,13.75,13.833333015441896,3.896584272384644,18900
ATO,1991-10-03,13.833333015441896,14.0,13.833333015441896,14.0,3.9435300827026367,3150
ATO,1991-10-04,14.0,14.333333015441896,13.833333015441896,14.333333015441896,4.037424087524414,18150
ATO,1991-10-07,14.166666984558104,14.416666984558104,14.0,14.166666984558104,3.990475654602051,17550
ATO,1991-10-08,14.166666984558104,14.583333015441896,14.166666984558104,14.5,4.08436918258667,17400
ATO,1991-10-09,14.333333015441896,14.5,14.166666984558104,14.166666984558104,3.990475654602051,13500
ATO,1991-10-10,14.083333015441896,14.083333015441896,13.583333015441896,13.666666984558104,3.84963583946228,9150
ATO,1991-10-11,13.666666984558104,13.916666984558104,13.666666984558104,13.833333015441896,3.896584272384644,6900
ATO,1991-10-14,13.916666984558104,13.916666984558104,13.75,13.75,3.873110055923462,8250
ATO,1991-10-15,13.666666984558104,13.75,13.416666984558104,13.583333015441896,3.826163291931152,10950
ATO,1991-10-16,13.583333015441896,13.666666984558104,13.333333015441896,13.416666984558104,3.779216051101685,7050
ATO,1991-10-17,13.416666984558104,13.5,13.083333015441896,13.083333015441896,3.685321092605591,14550
ATO,1991-10-18,13.166666984558104,13.25,13.083333015441896,13.25,3.7322685718536377,13500
ATO,1991-10-21,13.25,13.333333015441896,13.083333015441896,13.333333015441896,3.7557430267333984,29550
ATO,1991-10-22,13.333333015441896,13.333333015441896,13.083333015441896,13.25,3.7322685718536377,12750
ATO,1991-10-23,13.166666984558104,13.25,13.166666984558104,13.25,3.7322685718536377,2550
ATO,1991-10-24,13.083333015441896,13.166666984558104,13.0,13.0,3.661846876144409,16200
ATO,1991-10-25,13.166666984558104,13.25,12.833333015441896,12.833333015441896,3.614901781082153,12300
ATO,1991-10-28,13.0,13.083333015441896,13.0,13.083333015441896,3.685321092605591,1800
ATO,1991-10-29,13.166666984558104,13.333333015441896,13.166666984558104,13.333333015441896,3.7557430267333984,18300
ATO,1991-10-30,13.25,13.416666984558104,13.25,13.416666984558104,3.779216051101685,17850
ATO,1991-10-31,13.416666984558104,13.416666984558104,13.333333015441896,13.416666984558104,3.779216051101685,4050
ATO,1991-11-01,13.333333015441896,13.666666984558104,13.333333015441896,13.666666984558104,3.84963583946228,12600
ATO,1991-11-04,13.75,13.916666984558104,13.666666984558104,13.833333015441896,3.896584272384644,10050
ATO,1991-11-05,13.833333015441896,13.916666984558104,13.833333015441896,13.916666984558104,3.920055866241455,4050
ATO,1991-11-06,13.916666984558104,14.0,13.75,14.0,3.9435300827026367,10050
ATO,1991-11-07,14.0,14.416666984558104,14.0,14.333333015441896,4.037424087524414,4500
ATO,1991-11-08,14.25,14.333333015441896,14.166666984558104,14.25,4.013948440551758,1800
ATO,1991-11-11,14.25,14.25,14.166666984558104,14.166666984558104,3.990475654602051,1950
ATO,1991-11-12,14.25,14.25,14.166666984558104,14.25,4.013948440551758,2850
ATO,1991-11-13,14.083333015441896,14.083333015441896,14.0,14.0,3.9435300827026367,2550
ATO,1991-11-14,14.083333015441896,14.25,13.916666984558104,14.25,4.013948440551758,7650
ATO,1991-11-15,14.25,14.5,14.166666984558104,14.25,4.013948440551758,23400
ATO,1991-11-18,14.083333015441896,14.25,13.5,14.0,3.9435300827026367,19200
ATO,1991-11-19,13.666666984558104,13.75,13.5,13.75,3.931139469146729,6900
ATO,1991-11-20,13.833333015441896,13.916666984558104,13.75,13.916666984558104,3.978792190551758,41700
ATO,1991-11-21,13.833333015441896,13.833333015441896,13.583333015441896,13.583333015441896,3.88349199295044,9300
ATO,1991-11-22,13.75,13.833333015441896,13.666666984558104,13.75,3.931139469146729,20250
ATO,1991-11-25,13.833333015441896,13.916666984558104,13.833333015441896,13.916666984558104,3.978792190551758,8850
ATO,1991-11-26,13.916666984558104,13.916666984558104,13.916666984558104,13.916666984558104,3.978792190551758,1050
ATO,1991-11-27,13.833333015441896,13.916666984558104,13.833333015441896,13.833333015441896,3.954967975616455,2700
ATO,1991-11-29,13.833333015441896,13.833333015441896,13.833333015441896,13.833333015441896,3.954967975616455,300
ATO,1991-12-02,13.75,14.166666984558104,13.75,14.166666984558104,4.050266265869141,17100
ATO,1991-12-03,14.083333015441896,14.166666984558104,14.0,14.166666984558104,4.050266265869141,7650
ATO,1991-12-04,14.0,14.25,13.916666984558104,14.166666984558104,4.050266265869141,34950
ATO,1991-12-05,14.166666984558104,14.25,13.833333015441896,13.833333015441896,3.954967975616455,7350
ATO,1991-12-06,13.833333015441896,14.0,13.833333015441896,13.916666984558104,3.978792190551758,3900
ATO,1991-12-09,14.0,14.0,13.666666984558104,13.75,3.931139469146729,11250
ATO,1991-12-10,13.583333015441896,13.75,13.583333015441896,13.75,3.931139469146729,1650
ATO,1991-12-11,13.75,13.75,13.583333015441896,13.666666984558104,3.907314538955689,3450
ATO,1991-12-12,13.5,13.666666984558104,13.5,13.583333015441896,3.88349199295044,5100
ATO,1991-12-13,13.5,13.666666984558104,13.416666984558104,13.666666984558104,3.907314538955689,8550
ATO,1991-12-16,13.5,14.083333015441896,13.5,14.083333015441896,4.026443004608154,15300
ATO,1991-12-17,14.166666984558104,14.333333015441896,14.083333015441896,14.083333015441896,4.026443004608154,1650
ATO,1991-12-18,14.0,14.0,13.75,13.833333015441896,3.954967975616455,4050
ATO,1991-12-19,13.666666984558104,13.833333015441896,13.666666984558104,13.833333015441896,3.954967975616455,3150
ATO,1991-12-20,13.916666984558104,14.0,13.75,13.75,3.931139469146729,5700
ATO,1991-12-23,13.75,14.333333015441896,13.75,14.333333015441896,4.097916126251221,11850
ATO,1991-12-24,14.333333015441896,14.5,14.333333015441896,14.333333015441896,4.097916126251221,2250
ATO,1991-12-26,14.583333015441896,14.75,14.5,14.5,4.145565509796143,5700
ATO,1991-12-27,14.5,14.75,14.416666984558104,14.416666984558104,4.121740818023682,5250
ATO,1991-12-30,14.416666984558104,14.666666984558104,14.416666984558104,14.583333015441896,4.169393539428711,4950
ATO,1991-12-31,14.75,15.333333015441896,14.75,15.333333015441896,4.383817672729492,9900
ATO,1992-01-02,15.333333015441896,15.333333015441896,15.083333015441896,15.166666984558104,4.336167812347412,11400
ATO,1992-01-03,15.083333015441896,15.166666984558104,15.083333015441896,15.083333015441896,4.312339782714844,2250
ATO,1992-01-06,14.833333015441896,15.083333015441896,14.583333015441896,14.666666984558104,4.193218231201172,30150
ATO,1992-01-07,14.583333015441896,14.666666984558104,14.0,14.0,4.0026164054870605,15900
ATO,1992-01-08,14.083333015441896,14.083333015441896,13.833333015441896,13.833333015441896,3.954967975616455,6150
ATO,1992-01-09,13.833333015441896,14.0,13.833333015441896,14.0,4.0026164054870605,11100
ATO,1992-01-10,13.916666984558104,14.0,13.833333015441896,13.916666984558104,3.978792190551758,9600
ATO,1992-01-13,13.833333015441896,14.0,13.666666984558104,14.0,4.0026164054870605,23850
ATO,1992-01-14,13.916666984558104,14.0,13.916666984558104,14.0,4.0026164054870605,26700
ATO,1992-01-15,14.0,14.5,14.0,14.333333015441896,4.097916126251221,14550
ATO,1992-01-16,14.166666984558104,14.333333015441896,14.166666984558104,14.333333015441896,4.097916126251221,4500
ATO,1992-01-17,14.25,14.333333015441896,13.916666984558104,14.166666984558104,4.050266265869141,2850
ATO,1992-01-20,14.166666984558104,14.166666984558104,13.916666984558104,14.0,4.0026164054870605,9300
ATO,1992-01-21,14.166666984558104,14.166666984558104,13.916666984558104,14.0,4.0026164054870605,8250
ATO,1992-01-22,14.166666984558104,14.25,14.083333015441896,14.25,4.074092388153076,13200
ATO,1992-01-23,14.166666984558104,14.5,14.083333015441896,14.333333015441896,4.097916126251221,7800
ATO,1992-01-24,14.166666984558104,14.25,14.0,14.0,4.0026164054870605,4500
ATO,1992-01-27,14.166666984558104,14.166666984558104,13.833333015441896,14.0,4.0026164054870605,9000
ATO,1992-01-28,14.0,14.0,13.75,13.833333015441896,3.954967975616455,8700
ATO,1992-01-29,13.75,13.916666984558104,13.666666984558104,13.833333015441896,3.954967975616455,11250
ATO,1992-01-30,13.75,13.75,13.666666984558104,13.666666984558104,3.907314538955689,7950
ATO,1992-01-31,13.666666984558104,13.833333015441896,13.583333015441896,13.833333015441896,3.954967975616455,7500
ATO,1992-02-03,13.833333015441896,14.0,13.833333015441896,13.916666984558104,3.978792190551758,4350
ATO,1992-02-04,13.916666984558104,14.0,13.75,13.916666984558104,3.978792190551758,3900
ATO,1992-02-05,13.916666984558104,14.0,13.833333015441896,13.833333015441896,3.954967975616455,4350
ATO,1992-02-06,13.833333015441896,13.833333015441896,13.416666984558104,13.416666984558104,3.8358404636383057,13800
ATO,1992-02-07,13.5,13.75,13.5,13.666666984558104,3.907314538955689,7650
ATO,1992-02-10,13.75,13.833333015441896,13.666666984558104,13.666666984558104,3.907314538955689,10650
ATO,1992-02-11,13.583333015441896,13.75,13.583333015441896,13.666666984558104,3.907314538955689,4500
ATO,1992-02-12,13.666666984558104,13.75,13.5,13.666666984558104,3.907314538955689,11850
ATO,1992-02-13,13.666666984558104,13.75,13.583333015441896,13.666666984558104,3.907314538955689,6750
ATO,1992-02-14,13.666666984558104,13.75,13.583333015441896,13.666666984558104,3.907314538955689,5250
ATO,1992-02-18,13.666666984558104,13.833333015441896,13.583333015441896,13.833333015441896,3.954967975616455,18150
ATO,1992-02-19,13.75,13.75,13.666666984558104,13.75,3.9907631874084473,8850
ATO,1992-02-20,13.75,13.75,13.583333015441896,13.666666984558104,3.9665732383728014,5700
ATO,1992-02-21,13.583333015441896,13.666666984558104,13.416666984558104,13.666666984558104,3.9665732383728014,10650
ATO,1992-02-24,13.5,13.75,13.5,13.583333015441896,3.9423887729644775,8100
ATO,1992-02-25,13.666666984558104,13.75,13.5,13.666666984558104,3.9665732383728014,51300
ATO,1992-02-26,13.666666984558104,13.916666984558104,13.666666984558104,13.75,3.9907631874084473,10050
ATO,1992-02-27,13.75,13.75,13.583333015441896,13.75,3.9907631874084473,3450
ATO,1992-02-28,13.75,13.833333015441896,13.583333015441896,13.583333015441896,3.9423887729644775,5250
ATO,1992-03-02,13.583333015441896,13.833333015441896,13.583333015441896,13.583333015441896,3.9423887729644775,9300
ATO,1992-03-03,13.583333015441896,13.666666984558104,13.583333015441896,13.666666984558104,3.9665732383728014,8250
ATO,1992-03-04,13.583333015441896,13.75,13.583333015441896,13.666666984558104,3.9665732383728014,3900
ATO,1992-03-05,13.583333015441896,13.583333015441896,13.5,13.5,3.9182028770446777,1950
ATO,1992-03-06,13.416666984558104,13.5,13.25,13.333333015441896,3.869828701019287,13350
ATO,1992-03-09,13.416666984558104,13.583333015441896,13.416666984558104,13.416666984558104,3.894017457962036,12450
ATO,1992-03-10,13.416666984558104,13.583333015441896,13.416666984558104,13.5,3.9182028770446777,2250
ATO,1992-03-11,13.666666984558104,13.666666984558104,13.333333015441896,13.333333015441896,3.869828701019287,7200
ATO,1992-03-12,13.416666984558104,13.416666984558104,13.333333015441896,13.333333015441896,3.869828701019287,4200
ATO,1992-03-13,13.416666984558104,13.416666984558104,13.416666984558104,13.416666984558104,3.894017457962036,900
ATO,1992-03-16,13.416666984558104,13.416666984558104,13.333333015441896,13.333333015441896,3.869828701019287,4650
ATO,1992-03-17,13.416666984558104,13.416666984558104,13.333333015441896,13.333333015441896,3.869828701019287,8250
ATO,1992-03-18,13.333333015441896,13.416666984558104,13.25,13.333333015441896,3.869828701019287,7200
ATO,1992-03-19,13.25,13.333333015441896,13.166666984558104,13.166666984558104,3.821455955505371,7350
ATO,1992-03-20,13.333333015441896,13.333333015441896,13.25,13.333333015441896,3.869828701019287,5400
ATO,1992-03-23,13.333333015441896,13.333333015441896,13.25,13.25,3.8456435203552246,2700
ATO,1992-03-24,13.333333015441896,13.333333015441896,13.25,13.25,3.8456435203552246,6000
ATO,1992-03-25,13.25,13.333333015441896,13.25,13.333333015441896,3.869828701019287,1050
ATO,1992-03-26,13.25,13.333333015441896,13.25,13.333333015441896,3.869828701019287,4500
ATO,1992-03-27,13.25,13.25,13.25,13.25,3.8456435203552246,8700
ATO,1992-03-30,13.25,13.333333015441896,13.25,13.333333015441896,3.869828701019287,1350
ATO,1992-03-31,13.333333015441896,13.333333015441896,13.333333015441896,13.333333015441896,3.869828701019287,11550
ATO,1992-04-01,13.416666984558104,13.416666984558104,13.416666984558104,13.416666984558104,3.894017457962036,1050
ATO,1992-04-02,13.416666984558104,13.583333015441896,13.416666984558104,13.416666984558104,3.894017457962036,29400
ATO,1992-04-03,13.333333015441896,13.583333015441896,13.333333015441896,13.5,3.9182028770446777,11100
ATO,1992-04-06,13.583333015441896,13.75,13.5,13.583333015441896,3.9423887729644775,8700
ATO,1992-04-07,13.5,13.833333015441896,13.5,13.666666984558104,3.9665732383728014,8100
ATO,1992-04-08,13.75,13.833333015441896,13.666666984558104,13.75,3.9907631874084473,2400
ATO,1992-04-09,13.833333015441896,14.5,13.833333015441896,14.5,4.208439826965332,18600
ATO,1992-04-10,14.666666984558104,14.666666984558104,14.166666984558104,14.166666984558104,4.111693382263184,8250
ATO,1992-04-13,14.25,14.333333015441896,14.25,14.333333015441896,4.160067558288574,18000
ATO,1992-04-14,14.166666984558104,14.333333015441896,14.166666984558104,14.25,4.135880947113037,7650
ATO,1992-04-15,14.166666984558104,14.25,13.833333015441896,13.833333015441896,4.014951229095459,32700
ATO,1992-04-16,13.333333015441896,13.5,13.333333015441896,13.5,3.9182028770446777,10050
ATO,1992-04-20,13.416666984558104,13.583333015441896,13.416666984558104,13.583333015441896,3.9423887729644775,3750
ATO,1992-04-21,13.5,13.583333015441896,13.416666984558104,13.5,3.9182028770446777,5550
ATO,1992-04-22,13.583333015441896,13.666666984558104,13.416666984558104,13.416666984558104,3.894017457962036,5550
ATO,1992-04-23,13.333333015441896,13.333333015441896,13.25,13.25,3.8456435203552246,12150
ATO,1992-04-24,13.166666984558104,13.25,13.166666984558104,13.25,3.8456435203552246,14400
ATO,1992-04-27,13.333333015441896,13.333333015441896,13.083333015441896,13.166666984558104,3.821455955505371,14250
ATO,1992-04-28,13.083333015441896,13.166666984558104,13.083333015441896,13.166666984558104,3.821455955505371,1350
ATO,1992-04-29,13.166666984558104,13.166666984558104,13.083333015441896,13.166666984558104,3.821455955505371,1650
ATO,1992-04-30,13.166666984558104,13.166666984558104,13.083333015441896,13.166666984558104,3.821455955505371,5700
ATO,1992-05-01,13.166666984558104,13.166666984558104,13.166666984558104,13.166666984558104,3.821455955505371,6300
ATO,1992-05-04,13.166666984558104,13.166666984558104,13.166666984558104,13.166666984558104,3.821455955505371,1650
ATO,1992-05-05,13.083333015441896,13.416666984558104,13.083333015441896,13.333333015441896,3.869828701019287,4650
ATO,1992-05-06,13.333333015441896,13.5,13.25,13.5,3.9182028770446777,7650
ATO,1992-05-07,13.5,13.833333015441896,13.5,13.833333015441896,4.014951229095459,7050
ATO,1992-05-08,13.833333015441896,14.0,13.833333015441896,14.0,4.063319683074951,9600
ATO,1992-05-11,13.833333015441896,14.0,13.833333015441896,14.0,4.063319683074951,1800
ATO,1992-05-12,13.916666984558104,14.0,13.833333015441896,14.0,4.063319683074951,2550
ATO,1992-05-13,13.833333015441896,13.833333015441896,13.666666984558104,13.833333015441896,4.014951229095459,14400
ATO,1992-05-14,14.0,14.0,13.916666984558104,14.0,4.063319683074951,1950
ATO,1992-05-15,14.083333015441896,14.166666984558104,13.916666984558104,14.0,4.063319683074951,6750
ATO,1992-05-18,14.166666984558104,14.583333015441896,14.083333015441896,14.583333015441896,4.232626914978027,7800
ATO,1992-05-19,14.25,14.25,14.0,14.166666984558104,4.170799732208252,7650
ATO,1992-05-20,14.0,14.0,13.666666984558104,13.666666984558104,4.023593902587891,3000
ATO,1992-05-21,13.666666984558104,13.666666984558104,13.666666984558104,13.666666984558104,4.023593902587891,6000
ATO,1992-05-22,13.75,13.75,13.75,13.75,4.048130512237549,750
ATO,1992-05-26,13.75,13.833333015441896,13.333333015441896,13.583333015441896,3.999060869216919,13650
ATO,1992-05-27,13.75,13.75,13.416666984558104,13.583333015441896,3.999060869216919,3150
ATO,1992-05-28,13.416666984558104,13.416666984558104,13.333333015441896,13.333333015441896,3.925457715988159,5700
ATO,1992-05-29,13.416666984558104,13.416666984558104,13.333333015441896,13.333333015441896,3.925457715988159,10050
ATO,1992-06-01,13.416666984558104,13.416666984558104,13.333333015441896,13.333333015441896,3.925457715988159,3750
ATO,1992-06-02,13.166666984558104,13.333333015441896,13.166666984558104,13.333333015441896,3.925457715988159,4800
ATO,1992-06-03,13.333333015441896,13.416666984558104,13.166666984558104,13.25,3.900925874710083,9900
ATO,1992-06-04,13.25,13.416666984558104,13.25,13.333333015441896,3.925457715988159,2400
ATO,1992-06-05,13.333333015441896,13.333333015441896,13.25,13.25,3.900925874710083,1800
ATO,1992-06-08,13.333333015441896,13.583333015441896,13.25,13.5,3.9745280742645264,10950
ATO,1992-06-09,13.333333015441896,13.5,13.333333015441896,13.5,3.9745280742645264,6150
ATO,1992-06-10,13.416666984558104,13.583333015441896,13.333333015441896,13.333333015441896,3.925457715988159,3000
ATO,1992-06-11,13.5,13.666666984558104,13.416666984558104,13.583333015441896,3.999060869216919,7050
ATO,1992-06-12,13.5,13.666666984558104,13.416666984558104,13.416666984558104,3.9499940872192383,4500
ATO,1992-06-15,13.416666984558104,13.833333015441896,13.333333015441896,13.75,4.048130512237549,6900
ATO,1992-06-16,13.75,13.833333015441896,13.75,13.833333015441896,4.072665214538574,1200
ATO,1992-06-17,13.75,14.0,13.75,13.833333015441896,4.072665214538574,3450
ATO,1992-06-18,14.0,14.0,13.666666984558104,13.666666984558104,4.023593902587891,3600
ATO,1992-06-19,13.5,13.583333015441896,13.333333015441896,13.416666984558104,3.9499940872192383,15900
ATO,1992-06-22,13.416666984558104,13.583333015441896,13.416666984558104,13.416666984558104,3.9499940872192383,4050
ATO,1992-06-23,13.416666984558104,13.416666984558104,13.25,13.25,3.900925874710083,30300
ATO,1992-06-24,13.25,13.333333015441896,13.0,13.0,3.827321767807007,16950
ATO,1992-06-25,13.0,13.0,12.666666984558104,12.666666984558104,3.7291855812072754,45450
ATO,1992-06-26,12.666666984558104,12.916666984558104,12.666666984558104,12.916666984558104,3.802787780761719,4800
ATO,1992-06-29,12.833333015441896,13.0,12.833333015441896,13.0,3.827321767807007,3000
ATO,1992-06-30,12.916666984558104,13.083333015441896,12.916666984558104,13.0,3.827321767807007,4050
ATO,1992-07-01,13.166666984558104,13.25,13.0,13.0,3.827321767807007,3900
ATO,1992-07-02,13.083333015441896,13.25,13.083333015441896,13.25,3.900925874710083,1950
ATO,1992-07-06,13.25,13.25,13.166666984558104,13.166666984558104,3.87639045715332,5100
ATO,1992-07-07,13.166666984558104,13.25,13.166666984558104,13.25,3.900925874710083,750
ATO,1992-07-08,13.166666984558104,13.25,13.083333015441896,13.25,3.900925874710083,4950
ATO,1992-07-09,13.166666984558104,13.25,13.166666984558104,13.166666984558104,3.87639045715332,9300
ATO,1992-07-10,13.25,13.25,13.25,13.25,3.900925874710083,4500
ATO,1992-07-13,13.25,13.333333015441896,13.166666984558104,13.25,3.900925874710083,12000
ATO,1992-07-14,13.25,13.416666984558104,13.083333015441896,13.416666984558104,3.9499940872192383,6300
ATO,1992-07-15,13.333333015441896,13.666666984558104,13.25,13.666666984558104,4.023593902587891,8250
ATO,1992-07-16,13.666666984558104,13.75,13.666666984558104,13.75,4.048130512237549,1350
ATO,1992-07-17,13.583333015441896,13.75,13.5,13.75,4.048130512237549,2100
ATO,1992-07-20,13.583333015441896,13.75,13.5,13.666666984558104,4.023593902587891,1800
ATO,1992-07-21,13.666666984558104,13.75,13.583333015441896,13.75,4.048130512237549,2250
ATO,1992-07-22,13.666666984558104,13.75,13.583333015441896,13.666666984558104,4.023593902587891,1800
ATO,1992-07-23,13.666666984558104,13.833333015441896,13.666666984558104,13.75,4.048130512237549,1350
ATO,1992-07-24,13.583333015441896,13.75,13.333333015441896,13.333333015441896,3.925457715988159,12600
ATO,1992-07-27,13.5,13.5,13.333333015441896,13.416666984558104,3.9499940872192383,4200
ATO,1992-07-28,13.416666984558104,13.583333015441896,13.333333015441896,13.583333015441896,3.999060869216919,16500
ATO,1992-07-29,13.5,13.583333015441896,13.5,13.583333015441896,3.999060869216919,3000
ATO,1992-07-30,13.583333015441896,13.666666984558104,13.5,13.583333015441896,3.999060869216919,4650
ATO,1992-07-31,13.5,13.583333015441896,13.5,13.583333015441896,3.999060869216919,5100
ATO,1992-08-03,13.5,13.666666984558104,13.5,13.583333015441896,3.999060869216919,4050
ATO,1992-08-04,13.5,13.666666984558104,13.5,13.583333015441896,3.999060869216919,6600
ATO,1992-08-05,13.75,13.75,13.666666984558104,13.666666984558104,4.023593902587891,1950
ATO,1992-08-06,13.75,13.75,13.583333015441896,13.583333015441896,3.999060869216919,4950
ATO,1992-08-07,13.75,13.75,13.583333015441896,13.75,4.048130512237549,4650
ATO,1992-08-10,13.75,13.75,13.666666984558104,13.666666984558104,4.023593902587891,9450
ATO,1992-08-11,13.75,13.833333015441896,13.666666984558104,13.833333015441896,4.072665214538574,6000
ATO,1992-08-12,13.833333015441896,13.833333015441896,13.75,13.75,4.048130512237549,3300
ATO,1992-08-13,13.833333015441896,13.833333015441896,13.75,13.75,4.048130512237549,5550
ATO,1992-08-14,13.916666984558104,14.333333015441896,13.916666984558104,14.25,4.195334434509277,20700
ATO,1992-08-17,14.25,14.583333015441896,14.25,14.5,4.268937587738037,6750
ATO,1992-08-18,14.333333015441896,14.583333015441896,14.333333015441896,14.583333015441896,4.293471813201904,4950
ATO,1992-08-19,14.5,14.75,14.5,14.5,4.3303046226501465,24150
ATO,1992-08-20,14.583333015441896,14.583333015441896,14.5,14.583333015441896,4.355191707611084,910050
ATO,1992-08-21,14.583333015441896,14.666666984558104,14.583333015441896,14.583333015441896,4.355191707611084,4650
ATO,1992-08-24,14.666666984558104,14.666666984558104,14.583333015441896,14.583333015441896,4.355191707611084,5400
ATO,1992-08-25,14.666666984558104,14.666666984558104,14.416666984558104,14.416666984558104,4.305417060852051,8100
ATO,1992-08-26,14.5,14.5,14.333333015441896,14.416666984558104,4.305417060852051,33600
ATO,1992-08-27,14.583333015441896,14.583333015441896,14.416666984558104,14.583333015441896,4.355191707611084,4200
ATO,1992-08-28,14.583333015441896,14.666666984558104,14.583333015441896,14.666666984558104,4.38007926940918,20100
ATO,1992-08-31,14.833333015441896,15.166666984558104,14.833333015441896,15.166666984558104,4.529399871826172,7350
ATO,1992-09-01,15.083333015441896,15.166666984558104,14.833333015441896,15.083333015441896,4.50451135635376,9750
ATO,1992-09-02,15.083333015441896,15.083333015441896,15.0,15.083333015441896,4.50451135635376,3600
ATO,1992-09-03,15.083333015441896,15.166666984558104,15.0,15.0,4.479625225067139,1200
ATO,1992-09-04,15.083333015441896,15.083333015441896,15.0,15.083333015441896,4.50451135635376,3450
ATO,1992-09-08,15.083333015441896,15.083333015441896,15.083333015441896,15.083333015441896,4.50451135635376,1050
ATO,1992-09-09,15.083333015441896,15.166666984558104,15.083333015441896,15.166666984558104,4.529399871826172,10050
ATO,1992-09-10,15.25,15.25,15.0,15.0,4.479625225067139,1200
ATO,1992-09-11,15.166666984558104,15.166666984558104,14.916666984558104,15.0,4.479625225067139,5400
ATO,1992-09-14,14.833333015441896,15.25,14.833333015441896,15.083333015441896,4.50451135635376,4050
ATO,1992-09-15,15.0,15.166666984558104,15.0,15.166666984558104,4.529399871826172,9300
ATO,1992-09-16,15.083333015441896,15.25,14.833333015441896,14.833333015441896,4.429850101470947,9600
ATO,1992-09-17,14.833333015441896,14.833333015441896,14.666666984558104,14.666666984558104,4.38007926940918,10350
ATO,1992-09-18,14.833333015441896,15.083333015441896,14.833333015441896,15.0,4.479625225067139,4350
ATO,1992-09-21,15.0,15.166666984558104,14.916666984558104,14.916666984558104,4.454739570617676,3150
ATO,1992-09-22,14.75,14.75,14.583333015441896,14.75,4.404963493347168,15900
ATO,1992-09-23,14.75,14.833333015441896,14.75,14.75,4.404963493347168,900
ATO,1992-09-24,14.666666984558104,14.916666984558104,14.666666984558104,14.75,4.404963493347168,2550
ATO,1992-09-25,14.916666984558104,14.916666984558104,14.75,14.916666984558104,4.454739570617676,1200
ATO,1992-09-28,14.916666984558104,14.916666984558104,14.833333015441896,14.833333015441896,4.429850101470947,1950
ATO,1992-09-29,14.916666984558104,14.916666984558104,14.666666984558104,14.833333015441896,4.429850101470947,19800
ATO,1992-09-30,14.916666984558104,14.916666984558104,14.666666984558104,14.916666984558104,4.454739570617676,8100
ATO,1992-10-01,14.916666984558104,15.0,14.833333015441896,14.833333015441896,4.429850101470947,1650
ATO,1992-10-02,14.833333015441896,14.833333015441896,14.833333015441896,14.833333015441896,4.429850101470947,2700
ATO,1992-10-05,14.666666984558104,14.666666984558104,14.5,14.5,4.3303046226501465,3000
ATO,1992-10-06,14.583333015441896,14.583333015441896,14.5,14.583333015441896,4.355191707611084,1800
ATO,1992-10-07,14.5,14.666666984558104,14.416666984558104,14.666666984558104,4.38007926940918,1950
ATO,1992-10-08,14.5,14.5,14.5,14.5,4.3303046226501465,150
ATO,1992-10-09,14.666666984558104,14.75,14.666666984558104,14.75,4.404963493347168,1350
ATO,1992-10-12,14.666666984558104,14.666666984558104,14.583333015441896,14.666666984558104,4.38007926940918,750
ATO,1992-10-13,14.833333015441896,15.0,14.666666984558104,14.75,4.404963493347168,8700
ATO,1992-10-14,14.916666984558104,14.916666984558104,14.75,14.75,4.404963493347168,1800
ATO,1992-10-15,14.916666984558104,14.916666984558104,14.75,14.916666984558104,4.454739570617676,900
ATO,1992-10-16,14.75,14.916666984558104,14.666666984558104,14.916666984558104,4.454739570617676,2550
ATO,1992-10-19,14.916666984558104,15.083333015441896,14.833333015441896,14.833333015441896,4.429850101470947,5100
ATO,1992-10-20,15.0,15.25,15.0,15.25,4.554283618927002,8700
ATO,1992-10-21,15.333333015441896,15.416666984558104,15.0,15.166666984558104,4.529399871826172,15900
ATO,1992-10-22,15.0,15.0,14.833333015441896,14.833333015441896,4.429850101470947,900
ATO,1992-10-23,14.916666984558104,14.916666984558104,14.833333015441896,14.833333015441896,4.429850101470947,1050
ATO,1992-10-26,15.0,15.0,14.833333015441896,14.916666984558104,4.454739570617676,8250
ATO,1992-10-27,14.916666984558104,14.916666984558104,14.833333015441896,14.833333015441896,4.429850101470947,3900
ATO,1992-10-28,14.916666984558104,14.916666984558104,14.916666984558104,14.916666984558104,4.454739570617676,4650
ATO,1992-10-29,14.916666984558104,14.916666984558104,14.833333015441896,14.833333015441896,4.429850101470947,750
ATO,1992-10-30,14.916666984558104,14.916666984558104,14.833333015441896,14.833333015441896,4.429850101470947,3450
ATO,1992-11-02,14.916666984558104,15.0,14.916666984558104,15.0,4.479625225067139,22950
ATO,1992-11-03,14.833333015441896,15.083333015441896,14.833333015441896,15.0,4.479625225067139,5700
ATO,1992-11-04,15.0,15.166666984558104,14.916666984558104,15.166666984558104,4.529399871826172,17550
ATO,1992-11-05,15.083333015441896,15.833333015441896,15.083333015441896,15.833333015441896,4.728490829467773,12000
ATO,1992-11-06,15.75,15.75,15.5,15.583333015441896,4.653831005096436,6150
ATO,1992-11-09,15.5,15.5,15.333333015441896,15.333333015441896,4.579172611236572,17700
ATO,1992-11-10,15.333333015441896,15.5,15.25,15.333333015441896,4.579172611236572,4350
ATO,1992-11-11,15.333333015441896,15.5,15.333333015441896,15.416666984558104,4.604058265686035,6900
ATO,1992-11-12,15.416666984558104,15.5,15.416666984558104,15.5,4.628946304321289,8850
ATO,1992-11-13,15.333333015441896,15.5,15.333333015441896,15.5,4.628946304321289,3300
ATO,1992-11-16,15.5,15.5,15.166666984558104,15.166666984558104,4.529399871826172,7200
ATO,1992-11-17,15.166666984558104,15.333333015441896,15.166666984558104,15.333333015441896,4.579172611236572,3150
ATO,1992-11-18,15.416666984558104,15.5,15.416666984558104,15.5,4.628946304321289,8850
ATO,1992-11-19,15.25,15.25,15.166666984558104,15.25,4.617841720581055,5850
ATO,1992-11-20,15.333333015441896,15.333333015441896,15.166666984558104,15.25,4.617841720581055,1200
ATO,1992-11-23,15.166666984558104,15.25,15.166666984558104,15.25,4.617841720581055,1800
ATO,1992-11-24,15.166666984558104,15.333333015441896,15.0,15.25,4.617841720581055,3750
ATO,1992-11-25,15.25,15.666666984558104,15.25,15.666666984558104,4.744014263153076,12450
ATO,1992-11-27,15.666666984558104,15.666666984558104,15.5,15.5,4.693547248840332,7050
ATO,1992-11-30,15.416666984558104,15.666666984558104,15.416666984558104,15.5,4.693547248840332,5700
ATO,1992-12-01,15.416666984558104,15.583333015441896,15.416666984558104,15.583333015441896,4.718778610229492,750
ATO,1992-12-02,15.416666984558104,15.5,15.166666984558104,15.25,4.617841720581055,7200
ATO,1992-12-03,15.166666984558104,15.333333015441896,15.166666984558104,15.333333015441896,4.643076419830322,13050
ATO,1992-12-04,15.333333015441896,15.333333015441896,15.25,15.25,4.617841720581055,10350
ATO,1992-12-07,15.166666984558104,15.166666984558104,14.916666984558104,14.916666984558104,4.51690673828125,7950
ATO,1992-12-08,14.833333015441896,14.833333015441896,13.583333015441896,14.5,4.390735626220703,41100
ATO,1992-12-09,14.666666984558104,14.916666984558104,14.666666984558104,14.916666984558104,4.51690673828125,24000
ATO,1992-12-10,15.0,15.166666984558104,15.0,15.083333015441896,4.567371368408203,11250
ATO,1992-12-11,15.166666984558104,15.166666984558104,14.916666984558104,15.083333015441896,4.567371368408203,6450
ATO,1992-12-14,15.083333015441896,15.083333015441896,14.75,14.916666984558104,4.51690673828125,5700
ATO,1992-12-15,15.0,15.083333015441896,14.916666984558104,15.0,4.542140960693359,84900
ATO,1992-12-16,15.083333015441896,15.166666984558104,15.0,15.166666984558104,4.59260892868042,1650
ATO,1992-12-17,15.083333015441896,15.25,15.083333015441896,15.166666984558104,4.59260892868042,20700
ATO,1992-12-18,15.166666984558104,15.5,15.166666984558104,15.5,4.693547248840332,11700
ATO,1992-12-21,15.583333015441896,15.833333015441896,15.583333015441896,15.75,4.769244194030762,7950
ATO,1992-12-22,15.75,15.916666984558104,15.75,15.833333015441896,4.794482707977295,3000
ATO,1992-12-23,15.916666984558104,15.916666984558104,15.666666984558104,15.75,4.769244194030762,5250
ATO,1992-12-24,15.833333015441896,15.833333015441896,15.5,15.5,4.693547248840332,18450
ATO,1992-12-28,15.666666984558104,15.666666984558104,15.583333015441896,15.583333015441896,4.718778610229492,5100
ATO,1992-12-29,15.583333015441896,15.666666984558104,15.5,15.583333015441896,4.718778610229492,5550
ATO,1992-12-30,15.5,15.583333015441896,15.416666984558104,15.583333015441896,4.718778610229492,4200
ATO,1992-12-31,15.5,15.666666984558104,15.5,15.666666984558104,4.744014263153076,4050
ATO,1993-01-04,15.666666984558104,15.75,15.5,15.666666984558104,4.744014263153076,3600
ATO,1993-01-05,15.75,15.75,15.5,15.5,4.693547248840332,6450
ATO,1993-01-06,15.416666984558104,15.583333015441896,15.416666984558104,15.583333015441896,4.718778610229492,5550
ATO,1993-01-07,15.583333015441896,15.583333015441896,15.333333015441896,15.333333015441896,4.643076419830322,3450
ATO,1993-01-08,15.333333015441896,15.416666984558104,15.166666984558104,15.25,4.617841720581055,3750
ATO,1993-01-11,15.25,15.5,15.25,15.416666984558104,4.66831111907959,3000
ATO,1993-01-12,15.416666984558104,15.666666984558104,15.333333015441896,15.666666984558104,4.744014263153076,9600
ATO,1993-01-13,15.666666984558104,15.666666984558104,15.5,15.666666984558104,4.744014263153076,6150
ATO,1993-01-14,15.583333015441896,15.666666984558104,15.5,15.666666984558104,4.744014263153076,1200
ATO,1993-01-15,15.583333015441896,15.666666984558104,15.5,15.583333015441896,4.718778610229492,4050
ATO,1993-01-18,15.583333015441896,15.583333015441896,15.5,15.5,4.693547248840332,5850
ATO,1993-01-19,15.5,15.666666984558104,15.5,15.583333015441896,4.718778610229492,8850
ATO,1993-01-20,15.583333015441896,15.583333015441896,15.5,15.583333015441896,4.718778610229492,5250
ATO,1993-01-21,15.583333015441896,15.666666984558104,15.5,15.666666984558104,4.744014263153076,5700
ATO,1993-01-22,15.75,15.75,15.583333015441896,15.666666984558104,4.744014263153076,1500
ATO,1993-01-25,15.583333015441896,15.583333015441896,15.25,15.5,4.693547248840332,6450
ATO,1993-01-26,15.416666984558104,15.583333015441896,15.416666984558104,15.583333015441896,4.718778610229492,5400
ATO,1993-01-27,15.583333015441896,15.666666984558104,15.25,15.416666984558104,4.66831111907959,15300
ATO,1993-01-28,15.25,15.333333015441896,15.25,15.333333015441896,4.643076419830322,6300
ATO,1993-01-29,15.333333015441896,15.583333015441896,15.333333015441896,15.583333015441896,4.718778610229492,4500
ATO,1993-02-01,15.583333015441896,15.583333015441896,15.333333015441896,15.5,4.693547248840332,2250
ATO,1993-02-02,15.416666984558104,15.5,15.416666984558104,15.416666984558104,4.66831111907959,2250
ATO,1993-02-03,15.583333015441896,15.833333015441896,15.5,15.666666984558104,4.744014263153076,6000
ATO,1993-02-04,15.916666984558104,16.083332061767578,15.916666984558104,16.083332061767578,4.87018346786499,4500
ATO,1993-02-05,16.166667938232422,16.166667938232422,15.916666984558104,15.916666984558104,4.819715976715088,9450
ATO,1993-02-08,15.833333015441896,16.0,15.833333015441896,15.833333015441896,4.794482707977295,2250
ATO,1993-02-09,15.75,16.0,15.666666984558104,16.0,4.8449530601501465,5400
ATO,1993-02-10,16.166667938232422,16.166667938232422,16.166667938232422,16.166667938232422,4.895419120788574,15150
ATO,1993-02-11,16.333332061767578,16.333332061767578,16.083332061767578,16.333332061767578,4.9458842277526855,2400
ATO,1993-02-12,16.083332061767578,16.416667938232422,16.083332061767578,16.333332061767578,4.9458842277526855,7200
ATO,1993-02-16,16.25,16.416667938232422,16.0,16.416667938232422,4.971121311187744,6450
ATO,1993-02-17,16.333332061767578,16.333332061767578,16.166667938232422,16.333332061767578,4.9458842277526855,8700
ATO,1993-02-18,16.333332061767578,16.416667938232422,16.166667938232422,16.416667938232422,4.971121311187744,3750
ATO,1993-02-19,16.333332061767578,16.916667938232422,16.333332061767578,16.833332061767578,5.164400100708008,29700
ATO,1993-02-22,16.833332061767578,17.083332061767578,16.5,17.0,5.2155351638793945,29850
ATO,1993-02-23,16.916667938232422,17.25,16.833332061767578,17.0,5.2155351638793945,11550
ATO,1993-02-24,16.833332061767578,17.166667938232422,16.666667938232422,16.75,5.138833999633789,21750
ATO,1993-02-25,16.75,16.75,16.583332061767578,16.75,5.138833999633789,15750
ATO,1993-02-26,16.666667938232422,16.833332061767578,16.5,16.75,5.138833999633789,8550
ATO,1993-03-01,16.583332061767578,16.833332061767578,16.416667938232422,16.416667938232422,5.036572456359863,9450
ATO,1993-03-02,16.75,16.833332061767578,16.666667938232422,16.75,5.138833999633789,10500
ATO,1993-03-03,16.75,16.75,16.083332061767578,16.75,5.138833999633789,14400
ATO,1993-03-04,16.666667938232422,16.833332061767578,16.583332061767578,16.75,5.138833999633789,17850
ATO,1993-03-05,16.75,16.833332061767578,16.75,16.75,5.138833999633789,4800
ATO,1993-03-08,16.75,17.0,16.75,17.0,5.2155351638793945,6750
ATO,1993-03-09,17.0,17.0,16.833332061767578,16.833332061767578,5.164400100708008,5250
ATO,1993-03-10,16.75,16.916667938232422,16.75,16.833332061767578,5.164400100708008,8250
ATO,1993-03-11,17.0,17.5,16.833332061767578,17.333332061767578,5.317798614501953,37050
ATO,1993-03-12,17.166667938232422,17.416667938232422,17.166667938232422,17.333332061767578,5.317798614501953,6600
ATO,1993-03-15,17.583332061767578,17.666667938232422,17.333332061767578,17.5,5.368930816650391,7050
ATO,1993-03-16,17.583332061767578,17.583332061767578,17.416667938232422,17.5,5.368930816650391,8400
ATO,1993-03-17,17.583332061767578,17.583332061767578,17.333332061767578,17.333332061767578,5.317798614501953,2550
ATO,1993-03-18,17.166667938232422,17.666667938232422,17.166667938232422,17.666667938232422,5.420064926147461,9750
ATO,1993-03-19,17.666667938232422,17.666667938232422,17.5,17.5,5.368930816650391,4950
ATO,1993-03-22,17.666667938232422,17.666667938232422,17.5,17.5,5.368930816650391,3300
ATO,1993-03-23,17.416667938232422,17.583332061767578,17.416667938232422,17.583332061767578,5.394496440887451,7200
ATO,1993-03-24,17.75,17.75,17.583332061767578,17.666667938232422,5.420064926147461,10350
ATO,1993-03-25,17.583332061767578,17.833332061767578,17.583332061767578,17.666667938232422,5.420064926147461,3450
ATO,1993-03-26,17.75,17.833332061767578,17.75,17.75,5.44563102722168,1350
ATO,1993-03-29,17.75,17.75,17.583332061767578,17.75,5.44563102722168,2700
ATO,1993-03-30,17.583332061767578,17.75,17.0,17.0,5.2155351638793945,18450
ATO,1993-03-31,17.166667938232422,17.166667938232422,16.5,16.583332061767578,5.087700843811035,17100
ATO,1993-04-01,16.666667938232422,16.916667938232422,16.666667938232422,16.916667938232422,5.189968585968018,8550
ATO,1993-04-02,16.75,17.0,16.25,16.916667938232422,5.189968585968018,30600
ATO,1993-04-05,16.75,17.0,16.75,16.75,5.138833999633789,6450
ATO,1993-04-06,16.916667938232422,17.083332061767578,16.75,17.0,5.2155351638793945,6900
ATO,1993-04-07,17.083332061767578,17.083332061767578,16.833332061767578,17.083332061767578,5.241102695465088,5100
ATO,1993-04-08,17.0,17.0,16.75,16.916667938232422,5.189968585968018,9000
ATO,1993-04-12,17.0,17.333332061767578,16.833332061767578,17.166667938232422,5.266664505004883,7950
ATO,1993-04-13,17.0,17.833332061767578,17.0,17.833332061767578,5.471197128295898,16500
ATO,1993-04-14,17.75,18.0,17.75,18.0,5.522328853607178,9750
ATO,1993-04-15,17.916667938232422,18.0,17.833332061767578,18.0,5.522328853607178,2100
ATO,1993-04-16,17.833332061767578,18.0,17.75,18.0,5.522328853607178,14700
ATO,1993-04-19,17.833332061767578,17.916667938232422,17.083332061767578,17.25,5.292232513427734,15900
ATO,1993-04-20,17.083332061767578,17.5,16.916667938232422,17.333332061767578,5.317798614501953,18000
ATO,1993-04-21,17.333332061767578,17.666667938232422,17.333332061767578,17.416667938232422,5.343364715576172,11400
ATO,1993-04-22,17.25,17.416667938232422,17.083332061767578,17.083332061767578,5.241102695465088,5550
ATO,1993-04-23,17.083332061767578,17.583332061767578,17.083332061767578,17.333332061767578,5.317798614501953,5550
ATO,1993-04-26,17.333332061767578,17.583332061767578,17.333332061767578,17.416667938232422,5.343364715576172,5850
ATO,1993-04-27,17.5,17.583332061767578,17.333332061767578,17.583332061767578,5.394496440887451,13950
ATO,1993-04-28,17.416667938232422,17.833332061767578,17.416667938232422,17.75,5.44563102722168,10950
ATO,1993-04-29,17.916667938232422,17.916667938232422,17.75,17.75,5.44563102722168,13650
ATO,1993-04-30,17.916667938232422,18.0,17.833332061767578,18.0,5.522328853607178,1650
ATO,1993-05-03,18.0,18.33333206176757,17.916667938232422,18.0,5.522328853607178,16950
ATO,1993-05-04,17.833332061767578,18.0,17.75,17.75,5.44563102722168,8550
ATO,1993-05-05,17.833332061767578,18.25,17.833332061767578,18.08333206176757,5.547896385192871,16500
ATO,1993-05-06,18.0,18.5,18.0,18.416667938232425,5.650162220001221,13500
ATO,1993-05-07,18.33333206176757,18.5,18.25,18.33333206176757,5.6245951652526855,4500
ATO,1993-05-10,18.58333206176757,18.916667938232425,18.5,18.75,5.752427577972412,14250
ATO,1993-05-11,18.83333206176757,19.33333206176757,18.75,19.166667938232425,5.8802595138549805,11400
ATO,1993-05-12,19.08333206176757,19.33333206176757,18.75,18.916667938232425,5.803561210632324,18000
ATO,1993-05-13,18.916667938232425,18.916667938232425,18.33333206176757,18.416667938232425,5.650162220001221,11100
ATO,1993-05-14,18.58333206176757,18.75,18.5,18.58333206176757,5.7012939453125,6000
ATO,1993-05-17,18.666667938232425,18.83333206176757,18.416667938232425,18.666667938232425,5.726857662200928,5700
ATO,1993-05-18,18.5,19.33333206176757,18.5,19.0,5.82912540435791,5100
ATO,1993-05-19,18.916667938232425,19.166667938232425,18.75,18.83333206176757,5.843603610992432,10650
ATO,1993-05-20,19.0,19.166667938232425,18.5,18.666667938232425,5.791890621185303,10800
ATO,1993-05-21,18.83333206176757,19.5,18.83333206176757,19.33333206176757,5.998747825622559,10650
ATO,1993-05-24,19.33333206176757,19.33333206176757,18.83333206176757,18.916667938232425,5.86946439743042,18600
ATO,1993-05-25,18.916667938232425,19.0,18.75,18.83333206176757,5.843603610992432,4200
ATO,1993-05-26,18.75,18.83333206176757,18.5,18.666667938232425,5.791890621185303,4800
ATO,1993-05-27,18.666667938232425,18.83333206176757,18.666667938232425,18.75,5.817748546600342,9000
ATO,1993-05-28,18.75,18.75,18.666667938232425,18.666667938232425,5.791890621185303,1950
ATO,1993-06-01,18.666667938232425,18.666667938232425,18.666667938232425,18.666667938232425,5.791890621185303,4800
ATO,1993-06-02,18.5,18.83333206176757,18.5,18.83333206176757,5.843603610992432,2700
ATO,1993-06-03,18.83333206176757,19.33333206176757,18.83333206176757,19.25,5.972889423370361,14550
ATO,1993-06-04,19.25,19.5,19.0,19.0,5.895317077636719,8250
ATO,1993-06-07,19.08333206176757,19.08333206176757,18.666667938232425,18.916667938232425,5.86946439743042,4800
ATO,1993-06-08,19.0,19.166667938232425,18.666667938232425,19.08333206176757,5.921172618865967,22800
ATO,1993-06-09,19.08333206176757,19.416667938232425,18.75,18.75,5.817748546600342,65850
ATO,1993-06-10,19.0,19.0,18.5,18.58333206176757,5.766034126281738,7500
ATO,1993-06-11,18.666667938232425,19.0,18.666667938232425,18.83333206176757,5.843603610992432,13500
ATO,1993-06-14,18.666667938232425,19.5,18.5,19.5,6.050458908081055,9750
ATO,1993-06-15,19.666667938232425,19.75,19.33333206176757,19.5,6.050458908081055,6450
ATO,1993-06-16,19.33333206176757,19.33333206176757,19.166667938232425,19.166667938232425,5.9470319747924805,6600
ATO,1993-06-17,19.0,19.166667938232425,18.75,18.916667938232425,5.86946439743042,22350
ATO,1993-06-18,19.0,19.58333206176757,18.83333206176757,19.08333206176757,5.921172618865967,35250
ATO,1993-06-21,19.166667938232425,19.166667938232425,19.0,19.166667938232425,5.9470319747924805,20550
ATO,1993-06-22,19.0,19.25,19.0,19.166667938232425,5.9470319747924805,18450
ATO,1993-06-23,19.166667938232425,19.166667938232425,18.83333206176757,18.83333206176757,5.843603610992432,7350
ATO,1993-06-24,19.0,19.0,18.83333206176757,18.916667938232425,5.86946439743042,23400
ATO,1993-06-25,19.0,19.08333206176757,18.916667938232425,18.916667938232425,5.86946439743042,5850
ATO,1993-06-28,18.75,18.916667938232425,18.666667938232425,18.916667938232425,5.86946439743042,15750
ATO,1993-06-29,18.916667938232425,18.916667938232425,18.916667938232425,18.916667938232425,5.86946439743042,14850
ATO,1993-06-30,19.08333206176757,19.08333206176757,18.666667938232425,18.75,5.817748546600342,30150
ATO,1993-07-01,18.75,18.916667938232425,18.75,18.83333206176757,5.843603610992432,44400
ATO,1993-07-02,19.0,19.0,18.83333206176757,19.0,5.895317077636719,8250
ATO,1993-07-06,19.0,19.0,18.75,18.916667938232425,5.86946439743042,58050
ATO,1993-07-07,18.916667938232425,18.916667938232425,18.666667938232425,18.916667938232425,5.86946439743042,57900
ATO,1993-07-08,18.83333206176757,19.0,18.75,18.916667938232425,5.86946439743042,31050
ATO,1993-07-09,18.916667938232425,18.916667938232425,18.75,18.916667938232425,5.86946439743042,24450
ATO,1993-07-12,18.75,19.0,18.75,19.0,5.895317077636719,12600
ATO,1993-07-13,19.0,19.08333206176757,18.83333206176757,18.83333206176757,5.843603610992432,43500
ATO,1993-07-14,18.916667938232425,19.08333206176757,18.916667938232425,18.916667938232425,5.86946439743042,26100
ATO,1993-07-15,19.0,19.0,19.0,19.0,5.895317077636719,9300
ATO,1993-07-16,19.0,19.0,18.83333206176757,18.916667938232425,5.86946439743042,18600
ATO,1993-07-19,18.916667938232425,18.916667938232425,18.83333206176757,18.916667938232425,5.86946439743042,10800
ATO,1993-07-20,18.916667938232425,19.0,18.83333206176757,18.83333206176757,5.843603610992432,5700
ATO,1993-07-21,18.916667938232425,19.0,18.83333206176757,18.916667938232425,5.86946439743042,72750
ATO,1993-07-22,19.0,19.0,18.83333206176757,19.0,5.895317077636719,4650
ATO,1993-07-23,19.08333206176757,19.08333206176757,19.0,19.08333206176757,5.921172618865967,18600
ATO,1993-07-26,19.08333206176757,19.166667938232425,19.0,19.166667938232425,5.9470319747924805,27150
ATO,1993-07-27,19.166667938232425,19.58333206176757,19.166667938232425,19.5,6.050458908081055,36600
ATO,1993-07-28,19.75,19.75,19.666667938232425,19.75,6.128028392791748,22800
ATO,1993-07-29,19.75,19.75,19.75,19.75,6.128028392791748,24450
ATO,1993-07-30,19.666667938232425,19.75,19.666667938232425,19.75,6.128028392791748,9300
ATO,1993-08-02,19.75,19.75,19.666667938232425,19.666667938232425,6.102171421051025,10200
ATO,1993-08-03,19.75,19.75,19.33333206176757,19.5,6.050458908081055,17100
ATO,1993-08-04,19.5,19.58333206176757,19.33333206176757,19.416667938232425,6.024605751037598,41400
ATO,1993-08-05,19.25,19.5,19.25,19.5,6.050458908081055,4050
ATO,1993-08-06,19.666667938232425,19.666667938232425,19.58333206176757,19.666667938232425,6.102171421051025,5250
ATO,1993-08-09,19.666667938232425,19.666667938232425,19.5,19.58333206176757,6.076314449310303,9450
ATO,1993-08-10,19.75,19.75,19.58333206176757,19.75,6.128028392791748,5550
ATO,1993-08-11,19.75,19.916667938232425,19.666667938232425,19.916667938232425,6.179741382598877,97050
ATO,1993-08-12,19.916667938232425,20.0,19.916667938232425,20.0,6.205598831176758,41100
ATO,1993-08-13,20.0,20.166667938232425,19.916667938232425,20.166667938232425,6.257313251495361,16500
ATO,1993-08-16,20.33333206176757,20.666667938232425,20.33333206176757,20.58333206176757,6.386597633361816,14700
ATO,1993-08-17,20.58333206176757,20.666667938232425,20.416667938232425,20.5,6.360739231109619,76950
ATO,1993-08-18,20.5,20.58333206176757,20.5,20.58333206176757,6.386597633361816,8850
ATO,1993-08-19,20.33333206176757,20.58333206176757,20.33333206176757,20.33333206176757,6.375102043151856,8850
ATO,1993-08-20,20.5,20.58333206176757,20.33333206176757,20.416667938232425,6.401230335235596,21150
ATO,1993-08-23,20.5,20.666667938232425,19.916667938232425,20.416667938232425,6.401230335235596,44550
ATO,1993-08-24,20.5,20.5,20.0,20.0,6.270588874816895,74100
ATO,1993-08-25,20.166667938232425,20.166667938232425,19.916667938232425,20.08333206176757,6.296716213226318,38250
ATO,1993-08-26,20.08333206176757,20.08333206176757,20.0,20.0,6.270588874816895,10200
ATO,1993-08-27,20.08333206176757,20.08333206176757,20.0,20.0,6.270588874816895,8700
ATO,1993-08-30,20.0,20.166667938232425,20.0,20.166667938232425,6.322844982147217,24900
ATO,1993-08-31,20.166667938232425,20.25,20.08333206176757,20.25,6.348971366882324,52950
ATO,1993-09-01,20.08333206176757,20.166667938232425,20.0,20.166667938232425,6.322844982147217,30300
ATO,1993-09-02,20.25,20.25,20.0,20.25,6.348971366882324,86700
ATO,1993-09-03,20.25,20.25,20.166667938232425,20.166667938232425,6.322844982147217,9600
ATO,1993-09-07,20.33333206176757,20.33333206176757,20.166667938232425,20.25,6.348971366882324,9150
ATO,1993-09-08,20.08333206176757,20.166667938232425,20.0,20.0,6.270588874816895,35550
ATO,1993-09-09,20.0,20.0,20.0,20.0,6.270588874816895,7200
ATO,1993-09-10,20.0,20.166667938232425,19.916667938232425,20.0,6.270588874816895,75450
ATO,1993-09-13,20.0,20.08333206176757,20.0,20.08333206176757,6.296716213226318,9150
ATO,1993-09-14,20.08333206176757,20.166667938232425,19.916667938232425,19.916667938232425,6.244462013244629,32550
ATO,1993-09-15,20.08333206176757,20.166667938232425,20.0,20.08333206176757,6.296716213226318,3450
ATO,1993-09-16,20.08333206176757,20.25,20.08333206176757,20.166667938232425,6.322844982147217,2700
ATO,1993-09-17,20.166667938232425,20.166667938232425,20.0,20.08333206176757,6.296716213226318,14250
ATO,1993-09-20,20.166667938232425,20.166667938232425,20.0,20.0,6.270588874816895,3300
ATO,1993-09-21,20.0,20.0,19.916667938232425,20.0,6.270588874816895,12750
ATO,1993-09-22,20.0,20.166667938232425,20.0,20.166667938232425,6.322844982147217,10500
ATO,1993-09-23,20.08333206176757,20.08333206176757,19.916667938232425,19.916667938232425,6.244462013244629,7950
ATO,1993-09-24,20.0,20.08333206176757,19.916667938232425,20.08333206176757,6.296716213226318,5250
ATO,1993-09-27,20.08333206176757,20.166667938232425,19.75,20.166667938232425,6.322844982147217,21600
ATO,1993-09-28,20.166667938232425,20.25,20.08333206176757,20.25,6.348971366882324,24450
ATO,1993-09-29,20.25,20.33333206176757,20.166667938232425,20.33333206176757,6.375102043151856,9000
ATO,1993-09-30,20.33333206176757,20.33333206176757,20.166667938232425,20.33333206176757,6.375102043151856,5100
ATO,1993-10-01,20.33333206176757,20.5,20.25,20.33333206176757,6.375102043151856,16350
ATO,1993-10-04,20.33333206176757,20.33333206176757,20.0,20.166667938232425,6.322844982147217,57150
ATO,1993-10-05,20.166667938232425,20.25,20.0,20.08333206176757,6.296716213226318,9450
ATO,1993-10-06,20.25,20.25,20.08333206176757,20.166667938232425,6.322844982147217,11550
ATO,1993-10-07,20.0,20.166667938232425,20.0,20.166667938232425,6.322844982147217,3450
ATO,1993-10-08,20.166667938232425,20.33333206176757,20.166667938232425,20.166667938232425,6.322844982147217,6450
ATO,1993-10-11,20.166667938232425,20.33333206176757,20.0,20.33333206176757,6.375102043151856,2850
ATO,1993-10-12,20.5,20.666667938232425,20.416667938232425,20.416667938232425,6.401230335235596,7050
ATO,1993-10-13,20.33333206176757,20.58333206176757,20.33333206176757,20.58333206176757,6.453484058380127,8850
ATO,1993-10-14,20.58333206176757,20.666667938232425,20.416667938232425,20.5,6.427353858947754,17400
ATO,1993-10-15,20.666667938232425,20.666667938232425,20.5,20.58333206176757,6.453484058380127,5250
ATO,1993-10-18,20.58333206176757,20.666667938232425,20.25,20.33333206176757,6.375102043151856,11250
ATO,1993-10-19,20.5,20.5,20.0,20.0,6.270588874816895,9900
ATO,1993-10-20,20.0,20.166667938232425,20.0,20.08333206176757,6.296716213226318,4800
ATO,1993-10-21,20.25,20.33333206176757,20.08333206176757,20.33333206176757,6.375102043151856,5250
ATO,1993-10-22,20.166667938232425,20.5,20.166667938232425,20.5,6.427353858947754,10350
ATO,1993-10-25,20.5,20.58333206176757,20.5,20.58333206176757,6.453484058380127,3750
ATO,1993-10-26,20.58333206176757,20.666667938232425,20.5,20.58333206176757,6.453484058380127,7650
ATO,1993-10-27,20.666667938232425,20.75,20.58333206176757,20.75,6.505731105804443,20100
ATO,1993-10-28,20.75,20.75,20.666667938232425,20.75,6.505731105804443,2550
ATO,1993-10-29,20.75,20.75,20.666667938232425,20.75,6.505731105804443,7200
ATO,1993-11-01,20.75,20.75,20.666667938232425,20.75,6.505731105804443,3600
ATO,1993-11-02,20.75,20.916667938232425,20.666667938232425,20.916667938232425,6.557992935180664,25500
ATO,1993-11-03,21.0,21.08333206176757,20.916667938232425,20.916667938232425,6.557992935180664,8700
ATO,1993-11-04,21.0,21.166667938232425,20.916667938232425,20.916667938232425,6.557992935180664,5100
ATO,1993-11-05,21.08333206176757,21.08333206176757,20.666667938232425,20.916667938232425,6.557992935180664,9900
ATO,1993-11-08,20.83333206176757,21.08333206176757,20.666667938232425,20.75,6.505731105804443,8700
ATO,1993-11-09,20.75,20.75,20.666667938232425,20.75,6.505731105804443,5250
ATO,1993-11-10,20.75,20.75,20.33333206176757,20.33333206176757,6.375102043151856,17400
ATO,1993-11-11,20.33333206176757,20.33333206176757,19.916667938232425,20.08333206176757,6.296716213226318,11850
ATO,1993-11-12,20.08333206176757,20.08333206176757,19.5,19.666667938232425,6.166079044342041,15000
ATO,1993-11-15,19.666667938232425,19.916667938232425,19.5,19.5,6.113824844360352,9450
ATO,1993-11-16,19.5,19.5,18.83333206176757,18.83333206176757,5.904802322387695,9300
ATO,1993-11-17,18.666667938232425,18.75,18.5,18.58333206176757,5.826422214508057,38700
ATO,1993-11-18,18.166667938232425,18.416667938232425,18.08333206176757,18.25,5.790462493896484,23700
ATO,1993-11-19,18.416667938232425,18.5,18.25,18.33333206176757,5.816905498504639,7050
ATO,1993-11-22,18.25,18.25,18.25,18.25,5.790462493896484,2100
ATO,1993-11-23,18.33333206176757,18.33333206176757,17.833332061767578,17.833332061767578,5.658261299133301,7950
ATO,1993-11-24,18.0,18.08333206176757,17.916667938232422,18.08333206176757,5.737582206726074,5100
ATO,1993-11-26,18.166667938232425,18.25,18.166667938232425,18.166667938232425,5.764023303985596,3900
ATO,1993-11-29,18.166667938232425,18.166667938232425,17.75,18.08333206176757,5.737582206726074,15900
ATO,1993-11-30,18.25,18.25,17.833332061767578,18.25,5.790462493896484,18150
ATO,1993-12-01,18.25,18.33333206176757,18.0,18.33333206176757,5.816905498504639,9450
ATO,1993-12-02,18.33333206176757,18.33333206176757,18.166667938232425,18.33333206176757,5.816905498504639,1800
ATO,1993-12-03,18.33333206176757,18.33333206176757,18.166667938232425,18.166667938232425,5.764023303985596,6750
ATO,1993-12-06,18.166667938232425,18.25,18.08333206176757,18.166667938232425,5.764023303985596,6900
ATO,1993-12-07,18.08333206176757,18.25,18.0,18.08333206176757,5.737582206726074,5400
ATO,1993-12-08,18.25,18.25,18.0,18.0,5.711142063140869,7050
ATO,1993-12-09,18.0,18.0,18.0,18.0,5.711142063140869,5550
ATO,1993-12-10,18.08333206176757,18.08333206176757,17.75,18.0,5.711142063140869,16050
ATO,1993-12-13,18.0,18.166667938232425,17.916667938232422,18.0,5.711142063140869,19500
ATO,1993-12-14,17.916667938232422,18.0,17.916667938232422,17.916667938232422,5.684700965881348,2850
ATO,1993-12-15,18.0,18.0,17.75,17.916667938232422,5.684700965881348,7350
ATO,1993-12-16,17.916667938232422,17.916667938232422,17.75,17.916667938232422,5.684700965881348,6900
ATO,1993-12-17,17.916667938232422,17.916667938232422,17.75,17.75,5.631819725036621,11700
ATO,1993-12-20,17.833332061767578,17.833332061767578,17.333332061767578,17.416667938232422,5.526059150695801,16950
ATO,1993-12-21,17.333332061767578,17.666667938232422,17.083332061767578,17.166667938232422,5.446737289428711,86250
ATO,1993-12-22,17.166667938232422,17.166667938232422,16.75,16.916667938232422,5.367414951324463,16650
ATO,1993-12-23,17.083332061767578,17.5,17.083332061767578,17.5,5.552499771118164,7350
ATO,1993-12-27,17.333332061767578,17.75,17.25,17.75,5.631819725036621,7800
ATO,1993-12-28,17.583332061767578,18.08333206176757,17.583332061767578,18.0,5.711142063140869,18150
ATO,1993-12-29,18.33333206176757,18.416667938232425,18.166667938232425,18.33333206176757,5.816905498504639,11700
ATO,1993-12-30,18.5,18.5,18.166667938232425,18.5,5.869782447814941,7800
ATO,1993-12-31,18.5,18.5,18.166667938232425,18.416667938232425,5.843344688415527,13050
ATO,1994-01-03,18.416667938232425,18.83333206176757,18.416667938232425,18.83333206176757,5.975548267364502,7950
ATO,1994-01-04,19.0,19.666667938232425,18.83333206176757,18.916667938232425,6.001988410949707,49650
ATO,1994-01-05,18.666667938232425,18.83333206176757,18.5,18.75,5.949105739593506,10050
ATO,1994-01-06,18.83333206176757,18.916667938232425,18.5,18.75,5.949105739593506,15450
ATO,1994-01-07,18.58333206176757,18.83333206176757,18.416667938232425,18.83333206176757,5.975548267364502,32850
ATO,1994-01-10,19.0,19.166667938232425,18.5,18.666667938232425,5.922664165496826,24900
ATO,1994-01-11,18.5,18.58333206176757,18.25,18.58333206176757,5.896226406097412,9000
ATO,1994-01-12,18.75,18.83333206176757,18.416667938232425,18.666667938232425,5.922664165496826,17400
ATO,1994-01-13,18.5,18.5,18.0,18.33333206176757,5.816905498504639,8400
ATO,1994-01-14,18.5,18.666667938232425,18.33333206176757,18.5,5.869782447814941,1950
ATO,1994-01-17,18.58333206176757,18.666667938232425,18.5,18.58333206176757,5.896226406097412,12900
ATO,1994-01-18,18.666667938232425,19.0,18.58333206176757,19.0,6.028429985046387,4950
ATO,1994-01-19,19.0,19.0,18.5,18.666667938232425,5.922664165496826,13050
ATO,1994-01-20,18.75,18.75,18.166667938232425,18.25,5.790462493896484,9000
ATO,1994-01-21,18.25,18.33333206176757,18.25,18.33333206176757,5.816905498504639,9750
ATO,1994-01-24,18.33333206176757,18.33333206176757,18.166667938232425,18.25,5.790462493896484,3300
ATO,1994-01-25,18.25,18.33333206176757,18.166667938232425,18.166667938232425,5.764023303985596,12600
ATO,1994-01-26,18.166667938232425,19.0,18.166667938232425,19.0,6.028429985046387,7050
ATO,1994-01-27,19.25,19.416667938232425,19.25,19.33333206176757,6.134191036224365,21450
ATO,1994-01-28,19.5,19.5,19.33333206176757,19.5,6.187067985534668,9000
ATO,1994-01-31,19.666667938232425,19.666667938232425,19.25,19.5,6.187067985534668,6300
ATO,1994-02-01,19.666667938232425,19.666667938232425,19.33333206176757,19.5,6.187067985534668,4800
ATO,1994-02-02,19.33333206176757,19.416667938232425,19.0,19.0,6.028429985046387,5400
ATO,1994-02-03,19.166667938232425,19.166667938232425,18.83333206176757,18.83333206176757,5.975548267364502,2100
ATO,1994-02-04,18.916667938232425,18.916667938232425,18.416667938232425,18.5,5.869782447814941,7500
ATO,1994-02-07,18.33333206176757,18.33333206176757,17.833332061767578,17.916667938232422,5.684700965881348,11400
ATO,1994-02-08,18.08333206176757,18.08333206176757,17.833332061767578,17.833332061767578,5.658261299133301,5100
ATO,1994-02-09,17.833332061767578,18.0,17.833332061767578,18.0,5.711142063140869,16950
ATO,1994-02-10,18.0,18.166667938232425,17.75,18.0,5.711142063140869,46500
ATO,1994-02-11,18.166667938232425,18.83333206176757,18.166667938232425,18.75,5.949105739593506,24900
ATO,1994-02-14,18.83333206176757,19.0,18.75,19.0,6.028429985046387,21300
ATO,1994-02-15,19.166667938232425,19.416667938232425,19.166667938232425,19.33333206176757,6.134191036224365,6750
ATO,1994-02-16,19.33333206176757,19.33333206176757,19.166667938232425,19.33333206176757,6.134191036224365,11700
ATO,1994-02-17,19.416667938232425,19.83333206176757,19.416667938232425,19.58333206176757,6.213509559631348,7800
ATO,1994-02-18,19.5,19.666667938232425,19.416667938232425,19.5,6.257363796234131,16500
ATO,1994-02-22,19.5,19.5,19.166667938232425,19.166667938232425,6.150400638580322,7500
ATO,1994-02-23,19.25,19.58333206176757,19.166667938232425,19.58333206176757,6.284104824066162,6750
ATO,1994-02-24,19.58333206176757,19.666667938232425,19.5,19.5,6.257363796234131,3000
ATO,1994-02-25,19.58333206176757,19.58333206176757,19.416667938232425,19.5,6.257363796234131,5400
ATO,1994-02-28,19.5,19.666667938232425,19.25,19.666667938232425,6.31084680557251,22350
ATO,1994-03-01,19.5,19.666667938232425,19.33333206176757,19.666667938232425,6.31084680557251,10650
ATO,1994-03-02,19.666667938232425,19.666667938232425,19.33333206176757,19.416667938232425,6.230627536773682,4050
ATO,1994-03-03,19.5,19.58333206176757,19.33333206176757,19.33333206176757,6.203886032104492,10650
ATO,1994-03-04,19.5,19.916667938232425,19.5,19.75,6.337588310241699,11100
ATO,1994-03-07,19.58333206176757,19.916667938232425,19.58333206176757,19.58333206176757,6.284104824066162,14400
ATO,1994-03-08,19.666667938232425,19.83333206176757,19.416667938232425,19.416667938232425,6.230627536773682,12000
ATO,1994-03-09,19.33333206176757,19.33333206176757,19.166667938232425,19.25,6.177142143249512,3000
ATO,1994-03-10,19.166667938232425,19.83333206176757,19.08333206176757,19.75,6.337588310241699,11700
ATO,1994-03-11,19.666667938232425,19.916667938232425,19.666667938232425,19.916667938232425,6.3910722732543945,12600
ATO,1994-03-14,19.83333206176757,20.08333206176757,19.83333206176757,20.0,6.417810916900635,22950
ATO,1994-03-15,20.0,20.0,19.916667938232425,20.0,6.417810916900635,14400
ATO,1994-03-16,19.916667938232425,20.0,19.75,19.75,6.337588310241699,7350
ATO,1994-03-17,19.916667938232425,19.916667938232425,19.666667938232425,19.666667938232425,6.31084680557251,22200
ATO,1994-03-18,19.75,19.75,19.416667938232425,19.75,6.337588310241699,6450
ATO,1994-03-21,19.5,19.58333206176757,19.33333206176757,19.33333206176757,6.203886032104492,7500
ATO,1994-03-22,19.33333206176757,19.416667938232425,19.33333206176757,19.416667938232425,6.230627536773682,2250
ATO,1994-03-23,19.25,19.25,18.916667938232425,19.08333206176757,6.123661041259766,4500
ATO,1994-03-24,18.916667938232425,19.08333206176757,18.83333206176757,19.08333206176757,6.123661041259766,8850
ATO,1994-03-25,18.916667938232425,19.0,18.916667938232425,18.916667938232425,6.070181369781494,3000
ATO,1994-03-28,19.08333206176757,19.33333206176757,19.0,19.33333206176757,6.203886032104492,9900
ATO,1994-03-29,19.25,19.5,19.08333206176757,19.166667938232425,6.150400638580322,8100
ATO,1994-03-30,19.0,19.0,18.5,18.58333206176757,5.963216781616211,7650
ATO,1994-03-31,18.5,18.5,17.833332061767578,17.833332061767578,5.722548484802246,8250
ATO,1994-04-04,17.75,17.833332061767578,17.333332061767578,17.666667938232422,5.669066429138184,16950
ATO,1994-04-05,17.666667938232422,17.916667938232422,17.583332061767578,17.916667938232422,5.749288082122803,4500
ATO,1994-04-06,17.75,18.0,17.75,17.75,5.695807456970215,6450
ATO,1994-04-07,17.75,17.75,17.666667938232422,17.666667938232422,5.669066429138184,4650
ATO,1994-04-08,17.666667938232422,17.666667938232422,17.5,17.5,5.615585803985596,4800
ATO,1994-04-11,17.5,17.5,17.333332061767578,17.416667938232422,5.588844299316406,21000
ATO,1994-04-12,17.416667938232422,17.5,17.333332061767578,17.416667938232422,5.588844299316406,5100
ATO,1994-04-13,17.416667938232422,17.416667938232422,17.166667938232422,17.333332061767578,5.562103748321533,14550
ATO,1994-04-14,17.416667938232422,17.416667938232422,17.333332061767578,17.333332061767578,5.562103748321533,2250
ATO,1994-04-15,17.5,17.666667938232422,17.5,17.666667938232422,5.669066429138184,6750
ATO,1994-04-18,17.833332061767578,18.25,17.666667938232422,18.25,5.8562517166137695,4800
ATO,1994-04-19,18.08333206176757,18.08333206176757,18.08333206176757,18.08333206176757,5.802771091461182,1800
ATO,1994-04-20,18.0,18.166667938232425,18.0,18.166667938232425,5.829513072967529,1800
ATO,1994-04-21,18.33333206176757,18.416667938232425,18.166667938232425,18.33333206176757,5.882995128631592,21300
ATO,1994-04-22,18.5,18.83333206176757,18.5,18.83333206176757,6.043440818786621,22950
ATO,1994-04-25,18.83333206176757,18.83333206176757,18.666667938232425,18.75,6.016698360443115,36450
ATO,1994-04-26,18.58333206176757,19.166667938232425,18.58333206176757,19.0,6.096922397613525,10650
ATO,1994-04-28,19.166667938232425,19.33333206176757,19.08333206176757,19.25,6.177142143249512,3450
ATO,1994-04-29,19.25,19.25,19.08333206176757,19.166667938232425,6.150400638580322,2550
ATO,1994-05-02,19.166667938232425,20.0,19.166667938232425,20.0,6.417810916900635,18450
ATO,1994-05-03,20.08333206176757,20.25,19.916667938232425,19.916667938232425,6.3910722732543945,15150
ATO,1994-05-04,20.0,20.0,19.83333206176757,20.0,6.417810916900635,5850
ATO,1994-05-05,20.0,20.0,19.666667938232425,19.666667938232425,6.31084680557251,8850
ATO,1994-05-06,19.5,19.666667938232425,19.416667938232425,19.666667938232425,6.31084680557251,23400
ATO,1994-05-09,19.666667938232425,19.666667938232425,19.5,19.5,6.257363796234131,2700
ATO,1994-05-10,19.58333206176757,19.916667938232425,19.5,19.666667938232425,6.31084680557251,29250
ATO,1994-05-11,19.666667938232425,19.666667938232425,19.08333206176757,19.166667938232425,6.150400638580322,27450
ATO,1994-05-12,19.0,19.166667938232425,19.0,19.08333206176757,6.123661041259766,3600
ATO,1994-05-13,19.0,19.25,19.0,19.0,6.096922397613525,11100
ATO,1994-05-16,18.916667938232425,18.916667938232425,18.83333206176757,18.916667938232425,6.070181369781494,3600
ATO,1994-05-17,19.0,19.25,18.875,18.875,6.056810855865479,9900
ATO,1994-05-18,18.875,19.0,18.75,18.875,6.056810855865479,7000
ATO,1994-05-19,18.625,18.875,18.375,18.375,5.965900897979736,5200
ATO,1994-05-20,18.375,18.375,18.25,18.375,5.965900897979736,7300
ATO,1994-05-23,18.375,18.5,18.25,18.375,5.965900897979736,16000
ATO,1994-05-24,18.375,18.375,18.25,18.25,5.925314903259277,18500
ATO,1994-05-25,18.375,18.375,18.0,18.25,5.925314903259277,7500
ATO,1994-05-26,18.0,18.25,18.0,18.125,5.884732246398926,13400
ATO,1994-05-27,18.375,18.5,18.125,18.375,5.965900897979736,4300
ATO,1994-05-31,18.625,18.875,18.5,18.5,6.006483554840088,15700
ATO,1994-06-01,18.375,18.75,18.375,18.5,6.006483554840088,6000
ATO,1994-06-02,18.625,18.875,18.5,18.875,6.128239154815674,8800
ATO,1994-06-03,19.0,19.0,18.75,18.75,6.087653636932373,26900
ATO,1994-06-06,18.875,19.25,18.875,19.25,6.24998950958252,11700
ATO,1994-06-07,19.125,19.25,19.125,19.125,6.209404468536377,2700
ATO,1994-06-08,19.125,19.75,19.125,19.25,6.24998950958252,30400
ATO,1994-06-09,19.375,19.375,19.0,19.125,6.209404468536377,5200
ATO,1994-06-10,19.0,19.25,18.875,19.0,6.168823719024658,6800
ATO,1994-06-13,19.125,19.375,19.0,19.0,6.168823719024658,20600
ATO,1994-06-14,19.0,19.125,19.0,19.0,6.168823719024658,1900
ATO,1994-06-15,18.875,19.375,18.875,19.375,6.2905755043029785,7800
ATO,1994-06-16,19.375,19.375,18.875,19.0,6.168823719024658,7800
ATO,1994-06-17,19.25,19.5,18.875,18.875,6.128239154815674,7500
ATO,1994-06-20,18.875,19.0,18.875,18.875,6.128239154815674,1800
ATO,1994-06-21,18.75,18.875,18.75,18.75,6.087653636932373,3000
ATO,1994-06-22,18.625,18.875,18.625,18.625,6.047068119049072,2800
ATO,1994-06-23,18.625,18.75,18.625,18.625,6.047068119049072,1100
ATO,1994-06-24,18.625,18.75,18.625,18.75,6.087653636932373,800
ATO,1994-06-27,18.75,19.0,18.75,19.0,6.168823719024658,1100
ATO,1994-06-28,19.0,19.125,18.875,19.125,6.209404468536377,38200
ATO,1994-06-29,19.0,19.0,18.625,18.75,6.087653636932373,4100
ATO,1994-06-30,18.625,18.625,18.125,18.375,5.965900897979736,14000
ATO,1994-07-01,18.375,18.375,18.125,18.125,5.884732246398926,800
ATO,1994-07-05,18.25,19.0,18.25,19.0,6.168823719024658,27900
ATO,1994-07-06,18.875,18.875,18.75,18.875,6.128239154815674,5100
ATO,1994-07-07,18.875,18.875,18.875,18.875,6.128239154815674,0
ATO,1994-07-08,18.75,18.75,18.625,18.75,6.087653636932373,6800
ATO,1994-07-11,18.625,18.625,18.375,18.625,6.047068119049072,2500
ATO,1994-07-12,18.625,18.625,18.5,18.625,6.047068119049072,1700
ATO,1994-07-13,18.75,18.75,18.625,18.625,6.047068119049072,1700
ATO,1994-07-14,18.75,18.75,18.625,18.625,6.047068119049072,2600
ATO,1994-07-15,18.75,18.75,18.625,18.75,6.087653636932373,2000
ATO,1994-07-18,18.625,18.75,18.5,18.625,6.047068119049072,5400
ATO,1994-07-19,18.875,18.875,18.75,18.75,6.087653636932373,5000
ATO,1994-07-20,18.875,18.875,18.125,18.125,5.884732246398926,9100
ATO,1994-07-21,18.0,18.125,17.75,18.0,5.844147205352783,3300
ATO,1994-07-22,17.75,17.75,17.5,17.5,5.681810855865479,6400
ATO,1994-07-25,17.5,17.875,17.5,17.875,5.803562164306641,3400
ATO,1994-07-26,18.0,18.125,17.75,18.0,5.844147205352783,16600
ATO,1994-07-27,17.875,17.875,17.75,17.875,5.803562164306641,11100
ATO,1994-07-28,17.875,17.875,17.625,17.875,5.803562164306641,7400
ATO,1994-07-29,17.75,17.875,17.25,17.75,5.762978553771973,6500
ATO,1994-08-01,17.75,17.75,17.5,17.5,5.681810855865479,8900
ATO,1994-08-02,17.5,17.625,17.5,17.625,5.722392082214356,3800
ATO,1994-08-03,17.625,17.75,17.5,17.5,5.681810855865479,3800
ATO,1994-08-04,17.75,17.875,17.625,17.75,5.762978553771973,6400
ATO,1994-08-05,17.75,17.875,17.625,17.75,5.762978553771973,16700
ATO,1994-08-08,17.75,17.75,17.5,17.625,5.722392082214356,17100
ATO,1994-08-09,17.625,17.625,17.25,17.5,5.681810855865479,13600
ATO,1994-08-10,17.5,17.625,17.25,17.25,5.600640296936035,6100
ATO,1994-08-11,17.25,17.5,17.125,17.5,5.681810855865479,5400
ATO,1994-08-12,17.5,17.5,17.125,17.25,5.600640296936035,8000
ATO,1994-08-15,17.125,17.375,16.75,17.25,5.600640296936035,19900
ATO,1994-08-16,17.25,17.375,17.25,17.25,5.600640296936035,4600
ATO,1994-08-17,17.3125,17.5,17.125,17.375,5.641222953796387,11500
ATO,1994-08-18,17.375,17.375,17.0,17.125,5.560056209564209,15100
ATO,1994-08-19,16.75,17.0,16.75,16.875,5.55018949508667,3100
ATO,1994-08-22,16.625,17.0,16.625,16.875,5.55018949508667,10500
ATO,1994-08-23,17.0,17.25,17.0,17.25,5.673527240753174,10800
ATO,1994-08-24,17.0,17.25,16.625,16.625,5.467965602874756,2800
ATO,1994-08-25,16.875,17.25,16.625,17.0,5.591301441192627,10700
ATO,1994-08-26,17.0,17.125,16.75,17.125,5.632413387298584,12600
ATO,1994-08-29,16.875,17.0,16.5,16.5,5.426853179931641,14700
ATO,1994-08-30,16.5,17.0,16.375,17.0,5.591301441192627,7100
ATO,1994-08-31,16.875,17.0,16.75,17.0,5.591301441192627,4000
ATO,1994-09-01,17.0,17.0,16.75,16.75,5.509077548980713,2700
ATO,1994-09-02,16.75,16.875,16.75,16.75,5.509077548980713,7500
ATO,1994-09-06,16.75,16.875,16.5,16.625,5.467965602874756,2100
ATO,1994-09-07,16.875,17.125,16.875,17.0,5.591301441192627,5500
ATO,1994-09-08,16.875,17.0,16.375,16.5,5.426853179931641,8500
ATO,1994-09-09,16.5,16.875,16.5,16.75,5.509077548980713,3600
ATO,1994-09-12,16.875,17.125,16.625,17.0,5.591301441192627,5100
ATO,1994-09-13,16.875,17.5,16.875,17.5,5.755752086639404,5000
ATO,1994-09-14,17.5,17.5,17.125,17.5,5.755752086639404,19300
ATO,1994-09-15,17.75,17.75,17.5,17.75,5.837976455688477,18800
ATO,1994-09-16,18.25,18.75,18.0,18.5,6.084651470184326,20400
ATO,1994-09-19,18.5,18.625,18.375,18.375,6.043540000915527,5400
ATO,1994-09-20,18.625,18.875,18.375,18.75,6.1668782234191895,8800
ATO,1994-09-21,18.5,18.875,18.5,18.75,6.1668782234191895,5700
ATO,1994-09-22,18.625,18.625,18.375,18.375,6.043540000915527,4700
ATO,1994-09-23,18.5,18.625,18.375,18.375,6.043540000915527,7800
ATO,1994-09-26,18.375,18.375,18.125,18.375,6.043540000915527,5200
ATO,1994-09-27,18.25,18.625,18.25,18.375,6.043540000915527,4900
ATO,1994-09-28,18.375,18.5,18.0,18.125,5.961318016052246,8900
ATO,1994-09-29,18.25,18.25,17.875,17.875,5.879090309143066,2100
ATO,1994-09-30,17.625,18.125,17.5,17.75,5.837976455688477,4400
ATO,1994-10-03,17.75,18.0,17.625,17.875,5.879090309143066,4900
ATO,1994-10-04,17.875,17.875,17.0,17.25,5.673527240753174,12000
ATO,1994-10-05,17.5,17.5,17.25,17.25,5.673527240753174,7100
ATO,1994-10-06,17.5,17.625,17.25,17.375,5.714639186859131,3900
ATO,1994-10-07,17.375,17.375,17.0,17.0,5.591301441192627,1800
ATO,1994-10-10,17.0,17.375,17.0,17.25,5.673527240753174,5400
ATO,1994-10-11,17.5,17.875,17.125,17.375,5.714639186859131,12200
ATO,1994-10-12,17.5,17.625,17.375,17.5,5.755752086639404,1900
ATO,1994-10-13,17.75,17.75,17.375,17.375,5.714639186859131,10300
ATO,1994-10-14,17.375,17.375,17.0,17.125,5.632413387298584,3800
ATO,1994-10-17,17.0,17.25,16.75,17.25,5.673527240753174,11300
ATO,1994-10-18,17.0,17.25,17.0,17.25,5.673527240753174,1200
ATO,1994-10-19,17.25,17.25,16.875,17.25,5.673527240753174,3200
ATO,1994-10-20,17.0,17.0,16.5,16.75,5.509077548980713,3300
ATO,1994-10-21,16.5,16.75,16.25,16.75,5.509077548980713,9400
ATO,1994-10-24,16.5,16.75,16.5,16.625,5.467965602874756,7400
ATO,1994-10-25,16.625,16.875,16.375,16.875,5.55018949508667,4100
ATO,1994-10-26,16.625,16.875,16.375,16.875,5.55018949508667,9400
ATO,1994-10-27,17.0,17.0,16.75,16.75,5.509077548980713,12300
ATO,1994-10-28,16.875,17.0,16.875,17.0,5.591301441192627,5500
ATO,1994-10-31,17.125,17.125,16.25,16.375,5.385738372802734,7700
ATO,1994-11-01,16.5,17.0,16.375,16.625,5.467965602874756,7400
ATO,1994-11-02,16.875,17.25,16.625,17.0,5.591301441192627,6100
ATO,1994-11-03,17.25,17.375,17.25,17.375,5.714639186859131,3900
ATO,1994-11-04,17.625,17.875,17.375,17.75,5.837976455688477,8200
ATO,1994-11-07,17.875,18.0,17.625,17.75,5.837976455688477,6000
ATO,1994-11-08,17.75,17.75,17.125,17.125,5.632413387298584,9400
ATO,1994-11-09,17.25,17.25,17.0,17.125,5.632413387298584,6300
ATO,1994-11-10,17.125,17.125,16.625,16.625,5.467965602874756,13600
ATO,1994-11-11,16.875,16.875,16.5,16.5,5.426853179931641,8900
ATO,1994-11-14,16.5,17.25,16.5,16.625,5.467965602874756,25500
ATO,1994-11-15,16.875,17.375,16.625,17.125,5.632413387298584,8600
ATO,1994-11-16,17.25,17.625,17.125,17.375,5.714639186859131,4600
ATO,1994-11-17,17.625,17.625,17.375,17.5,5.755752086639404,4000
ATO,1994-11-18,17.125,17.125,16.5,16.75,5.582447052001953,2400
ATO,1994-11-21,16.75,17.125,16.625,16.875,5.624107360839844,5500
ATO,1994-11-22,17.125,17.125,16.875,16.875,5.624107360839844,3200
ATO,1994-11-23,17.0,17.0,16.875,17.0,5.665765285491943,1000
ATO,1994-11-25,17.25,17.375,17.125,17.25,5.749088764190674,3200
ATO,1994-11-28,17.5,17.5,17.375,17.375,5.790745735168457,1700
ATO,1994-11-29,17.375,17.625,17.25,17.625,5.874067306518555,2000
ATO,1994-11-30,17.5,17.5,17.125,17.375,5.790745735168457,4200
ATO,1994-12-01,17.375,17.5,16.75,17.25,5.749088764190674,6600
ATO,1994-12-02,17.25,17.375,17.125,17.25,5.749088764190674,4700
ATO,1994-12-05,17.0,17.25,16.75,17.125,5.707425594329834,13500
ATO,1994-12-06,17.25,17.375,17.125,17.125,5.707425594329834,3400
ATO,1994-12-07,17.125,17.125,17.0,17.125,5.707425594329834,4300
ATO,1994-12-08,17.0,17.25,16.5,16.5,5.499125480651856,10300
ATO,1994-12-09,16.75,16.75,16.0,16.25,5.415806770324707,6100
ATO,1994-12-12,16.5,16.625,16.5,16.5,5.499125480651856,4700
ATO,1994-12-13,16.5,16.75,16.5,16.625,5.540786266326904,6600
ATO,1994-12-14,16.875,17.0,16.5,16.75,5.582447052001953,5300
ATO,1994-12-15,16.625,17.5,16.625,17.5,5.832405090332031,8700
ATO,1994-12-16,17.75,17.75,17.5,17.75,5.915726661682129,13800
ATO,1994-12-19,17.5,17.625,17.5,17.625,5.874067306518555,32900
ATO,1994-12-20,17.375,17.5,16.875,16.875,5.624107360839844,32400
ATO,1994-12-21,17.125,17.125,17.0,17.0,5.665765285491943,4700
ATO,1994-12-22,17.0,17.25,16.375,17.25,5.749088764190674,15700
ATO,1994-12-23,17.375,17.375,17.125,17.25,5.749088764190674,1000
ATO,1994-12-27,17.0,17.0,16.875,17.0,5.665765285491943,5700
ATO,1994-12-28,16.875,17.0,16.75,16.875,5.624107360839844,2800
ATO,1994-12-29,16.625,16.625,16.25,16.625,5.540786266326904,4300
ATO,1994-12-30,16.375,17.0,15.875,17.0,5.665765285491943,18100
ATO,1995-01-03,16.875,17.0,16.5,16.875,5.624107360839844,5600
ATO,1995-01-04,16.875,17.0,16.75,16.875,5.624107360839844,1400
ATO,1995-01-05,16.875,17.0,16.5,16.625,5.540786266326904,2900
ATO,1995-01-06,16.75,16.875,16.625,16.625,5.540786266326904,700
ATO,1995-01-09,16.625,16.625,16.25,16.25,5.415806770324707,6700
ATO,1995-01-10,16.25,16.75,16.25,16.75,5.582447052001953,14200
ATO,1995-01-11,16.75,16.75,16.25,16.5,5.499125480651856,7500
ATO,1995-01-12,16.5,16.625,16.375,16.5,5.499125480651856,7000
ATO,1995-01-13,16.75,16.75,16.375,16.375,5.457466125488281,6400
ATO,1995-01-16,16.5,16.5,16.375,16.5,5.499125480651856,2500
ATO,1995-01-17,16.5,16.625,16.375,16.625,5.540786266326904,3700
ATO,1995-01-18,16.375,16.5,16.375,16.375,5.457466125488281,2500
ATO,1995-01-19,16.625,16.625,16.5,16.625,5.540786266326904,7100
ATO,1995-01-20,16.5,16.625,16.375,16.625,5.540786266326904,11800
ATO,1995-01-23,16.75,16.75,16.5,16.5,5.499125480651856,6200
ATO,1995-01-24,16.375,16.5,16.375,16.5,5.499125480651856,9300
ATO,1995-01-25,16.375,16.625,16.25,16.5,5.499125480651856,21100
ATO,1995-01-26,16.625,16.875,16.5,16.875,5.624107360839844,2500
ATO,1995-01-27,16.875,17.0,16.5,16.75,5.582447052001953,9400
ATO,1995-01-30,16.625,16.875,16.5,16.625,5.540786266326904,9600
ATO,1995-01-31,16.625,16.75,16.375,16.375,5.457466125488281,2800
ATO,1995-02-01,16.5,16.625,16.125,16.125,5.3741455078125,6800
ATO,1995-02-02,16.5,16.625,16.375,16.5,5.499125480651856,6300
ATO,1995-02-03,16.625,16.875,16.5,16.625,5.540786266326904,12000
ATO,1995-02-06,16.625,17.0,16.625,17.0,5.665765285491943,19300
ATO,1995-02-07,16.875,16.875,16.75,16.75,5.582447052001953,3200
ATO,1995-02-08,16.875,17.375,16.75,17.375,5.790745735168457,6000
ATO,1995-02-09,17.25,17.25,17.0,17.0,5.665765285491943,2200
ATO,1995-02-10,17.125,17.25,17.0,17.25,5.749088764190674,5600
ATO,1995-02-13,17.125,17.5,17.125,17.375,5.790745735168457,15900
ATO,1995-02-14,17.5,17.5,17.25,17.5,5.832405090332031,9900
ATO,1995-02-15,17.625,18.25,17.5,18.25,6.082367897033691,16800
ATO,1995-02-16,18.125,18.375,17.875,17.875,5.957389831542969,12600
ATO,1995-02-17,17.75,18.0,17.75,17.75,5.915726661682129,4600
ATO,1995-02-21,17.375,17.625,17.25,17.625,5.951181411743164,5600
ATO,1995-02-22,17.5,17.75,17.5,17.625,5.951181411743164,2800
ATO,1995-02-23,17.625,18.125,17.625,18.125,6.1200056076049805,3100
ATO,1995-02-24,17.75,18.125,17.75,18.125,6.1200056076049805,8300
ATO,1995-02-27,17.875,18.0,17.875,18.0,6.077801704406738,9800
ATO,1995-02-28,18.125,18.125,18.0,18.125,6.1200056076049805,6500
ATO,1995-03-01,18.0,18.25,18.0,18.25,6.16221284866333,5200
ATO,1995-03-02,18.25,18.25,17.625,17.875,6.035595417022705,11000
ATO,1995-03-03,18.125,18.25,17.625,17.625,5.951181411743164,6300
ATO,1995-03-06,17.75,17.75,17.375,17.75,5.993388652801514,5100
ATO,1995-03-07,17.625,18.25,17.625,18.125,6.1200056076049805,11100
ATO,1995-03-08,18.0,18.25,17.5,17.75,5.993388652801514,3800
ATO,1995-03-09,17.5,17.5,17.125,17.5,5.908974647521973,14500
ATO,1995-03-10,17.625,17.625,17.5,17.625,5.951181411743164,1900
ATO,1995-03-13,17.5,17.625,17.5,17.5,5.908974647521973,4200
ATO,1995-03-14,17.75,17.875,17.75,17.875,6.035595417022705,23700
ATO,1995-03-15,17.875,18.0,17.75,17.875,6.035595417022705,12500
ATO,1995-03-16,17.875,18.0,17.875,18.0,6.077801704406738,4900
ATO,1995-03-17,17.75,17.875,17.625,17.625,5.951181411743164,11400
ATO,1995-03-20,17.625,17.875,17.625,17.75,5.993388652801514,4900
ATO,1995-03-21,18.0,18.125,17.875,18.0,6.077801704406738,16100
ATO,1995-03-22,18.0,18.125,18.0,18.0,6.077801704406738,3600
ATO,1995-03-23,18.0,18.25,18.0,18.125,6.1200056076049805,4700
ATO,1995-03-24,18.25,18.375,18.125,18.25,6.16221284866333,6500
ATO,1995-03-27,18.125,18.375,18.125,18.375,6.204424381256104,16600
ATO,1995-03-28,18.375,18.375,18.25,18.375,6.204424381256104,4800
ATO,1995-03-29,18.375,18.375,18.25,18.25,6.16221284866333,4900
ATO,1995-03-30,18.375,18.375,18.125,18.125,6.1200056076049805,8200
ATO,1995-03-31,18.125,18.5,18.125,18.5,6.246627330780029,17000
ATO,1995-04-03,18.25,18.25,18.25,18.25,6.16221284866333,1600
ATO,1995-04-04,18.375,18.5,18.25,18.25,6.16221284866333,5600
ATO,1995-04-05,18.25,18.25,18.125,18.25,6.16221284866333,11500
ATO,1995-04-06,18.375,18.375,18.125,18.125,6.1200056076049805,16300
ATO,1995-04-07,18.0,18.0,17.75,17.875,6.035595417022705,11000
ATO,1995-04-10,18.125,18.125,17.75,17.75,5.993388652801514,5300
ATO,1995-04-11,17.75,18.0,17.75,18.0,6.077801704406738,3500
ATO,1995-04-12,17.875,18.125,17.625,17.875,6.035595417022705,10900
ATO,1995-04-13,17.75,18.125,17.75,18.0,6.077801704406738,10500
ATO,1995-04-17,18.0,18.125,17.5,17.875,6.035595417022705,8200
ATO,1995-04-18,18.125,18.25,18.0,18.125,6.1200056076049805,7400
ATO,1995-04-19,18.125,18.5,18.125,18.375,6.204424381256104,12700
ATO,1995-04-20,18.625,18.75,18.25,18.25,6.16221284866333,12800
ATO,1995-04-21,18.375,18.75,18.375,18.5,6.246627330780029,11200
ATO,1995-04-24,18.75,18.875,18.5,18.75,6.331046104431152,9000
ATO,1995-04-25,18.875,19.0,18.75,19.0,6.415456771850586,19900
ATO,1995-04-26,18.875,19.0,18.875,19.0,6.415456771850586,5000
ATO,1995-04-27,19.0,19.0,18.75,19.0,6.415456771850586,9300
ATO,1995-04-28,18.875,18.875,18.625,18.75,6.331046104431152,2100
ATO,1995-05-01,18.75,18.875,18.5,18.5,6.246627330780029,12500
ATO,1995-05-02,18.75,18.75,18.5,18.75,6.331046104431152,4600
ATO,1995-05-03,18.75,18.75,18.5,18.5,6.246627330780029,7500
ATO,1995-05-04,18.75,18.75,18.5,18.5,6.246627330780029,8600
ATO,1995-05-05,18.5,18.5,18.125,18.5,6.246627330780029,3400
ATO,1995-05-08,18.25,18.25,17.875,18.0,6.077801704406738,2200
ATO,1995-05-09,18.125,18.25,17.875,18.0,6.077801704406738,29100
ATO,1995-05-10,18.125,18.25,17.75,17.75,5.993388652801514,12100
ATO,1995-05-11,18.0,18.125,17.625,17.75,5.993388652801514,9800
ATO,1995-05-12,17.875,18.125,17.875,18.125,6.1200056076049805,22700
ATO,1995-05-15,18.125,18.75,18.125,18.5,6.246627330780029,13700
ATO,1995-05-16,18.625,19.0,18.625,18.875,6.373252868652344,12300
ATO,1995-05-17,18.875,19.125,18.875,19.125,6.457662105560303,51000
ATO,1995-05-18,19.125,19.125,18.875,19.0,6.415456771850586,7100
ATO,1995-05-19,18.875,19.0,18.625,19.0,6.494070053100586,4400
ATO,1995-05-22,18.875,19.125,18.75,19.125,6.536793231964111,15700
ATO,1995-05-23,19.125,19.25,19.125,19.25,6.579519271850586,10000
ATO,1995-05-24,19.25,19.25,19.0,19.0,6.494070053100586,6900
ATO,1995-05-25,19.125,19.125,18.75,19.0,6.494070053100586,6600
ATO,1995-05-26,19.0,19.0,18.625,18.75,6.408626079559326,10400
ATO,1995-05-30,18.875,19.125,18.625,19.125,6.536793231964111,33500
ATO,1995-05-31,19.125,19.25,19.0,19.25,6.579519271850586,21000
ATO,1995-06-01,19.25,19.25,19.0,19.125,6.536793231964111,12200
ATO,1995-06-02,19.25,19.25,19.125,19.25,6.579519271850586,900
ATO,1995-06-05,19.25,19.5,19.0,19.375,6.622243404388428,50400
ATO,1995-06-06,19.5,20.125,19.5,20.0,6.835859775543213,11200
ATO,1995-06-07,20.125,20.25,20.0,20.125,6.878587245941162,12000
ATO,1995-06-08,20.125,20.125,19.875,20.0,6.835859775543213,7300
ATO,1995-06-09,20.125,20.125,19.875,19.875,6.7931413650512695,3300
ATO,1995-06-12,19.75,20.125,19.625,20.0,6.835859775543213,12500
ATO,1995-06-13,20.125,20.25,19.875,20.0,6.835859775543213,5400
ATO,1995-06-14,20.0,20.25,20.0,20.25,6.921312808990479,9700
ATO,1995-06-15,20.0,20.125,20.0,20.125,6.878587245941162,11200
ATO,1995-06-16,20.25,20.25,20.0,20.25,6.921312808990479,5500
ATO,1995-06-19,20.0,20.25,20.0,20.0,6.835859775543213,26600
ATO,1995-06-20,19.75,20.0,19.75,19.875,6.7931413650512695,11300
ATO,1995-06-21,20.0,20.0,19.75,20.0,6.835859775543213,2800
ATO,1995-06-22,19.625,20.0,19.625,19.875,6.7931413650512695,8700
ATO,1995-06-23,19.875,20.0,19.75,20.0,6.835859775543213,8000
ATO,1995-06-26,20.0,20.125,20.0,20.0,6.835859775543213,4100
ATO,1995-06-27,20.0,20.125,20.0,20.0,6.835859775543213,18800
ATO,1995-06-28,20.0,20.125,20.0,20.125,6.878587245941162,4000
ATO,1995-06-29,20.125,20.25,20.0,20.0,6.835859775543213,13200
ATO,1995-06-30,20.125,20.25,20.0,20.25,6.921312808990479,12200
ATO,1995-07-03,20.125,20.25,20.125,20.25,6.921312808990479,2500
ATO,1995-07-05,20.0,20.25,20.0,20.125,6.878587245941162,25700
ATO,1995-07-06,20.125,20.25,20.0,20.25,6.921312808990479,22400
ATO,1995-07-07,20.25,20.25,20.125,20.25,6.921312808990479,13600
ATO,1995-07-10,20.125,20.25,20.125,20.25,6.921312808990479,11000
ATO,1995-07-11,20.25,20.25,20.125,20.25,6.921312808990479,5500
ATO,1995-07-12,20.25,20.25,20.125,20.125,6.878587245941162,6100
ATO,1995-07-13,20.0,20.0,19.75,19.75,6.750417232513428,10600
ATO,1995-07-14,19.625,19.625,19.25,19.25,6.579519271850586,4600
ATO,1995-07-17,19.25,19.375,19.125,19.125,6.536793231964111,7900
ATO,1995-07-18,19.125,19.375,19.125,19.375,6.622243404388428,3300
ATO,1995-07-19,19.25,19.625,19.25,19.5,6.664968013763428,4900
ATO,1995-07-20,19.25,19.5,19.125,19.5,6.664968013763428,8500
ATO,1995-07-21,19.375,19.5,19.375,19.5,6.664968013763428,2000
ATO,1995-07-24,19.375,19.875,19.375,19.875,6.7931413650512695,12800
ATO,1995-07-25,19.75,19.875,19.75,19.875,6.7931413650512695,7200
ATO,1995-07-26,19.875,20.0,19.625,19.875,6.7931413650512695,5900
ATO,1995-07-27,19.75,20.25,19.625,19.625,6.707688331604004,36000
ATO,1995-07-28,19.5,20.125,19.5,20.125,6.878587245941162,4900
ATO,1995-07-31,20.0,20.125,19.75,20.0,6.835859775543213,9200
ATO,1995-08-01,20.125,20.125,19.75,19.875,6.7931413650512695,6200
ATO,1995-08-02,19.625,19.75,19.5,19.625,6.707688331604004,5600
ATO,1995-08-03,19.625,19.625,19.375,19.5,6.664968013763428,7100
ATO,1995-08-04,19.5,19.5,19.375,19.375,6.622243404388428,11300
ATO,1995-08-07,19.5,19.5,19.25,19.375,6.622243404388428,4600
ATO,1995-08-08,19.375,19.375,19.375,19.375,6.622243404388428,3200
ATO,1995-08-09,19.5,19.5,19.0,19.125,6.536793231964111,7500
ATO,1995-08-10,19.125,19.5,19.125,19.5,6.664968013763428,7600
ATO,1995-08-11,19.25,19.375,19.125,19.375,6.622243404388428,4000
ATO,1995-08-14,19.5,19.625,19.375,19.625,6.707688331604004,43700
ATO,1995-08-15,19.75,19.75,19.625,19.75,6.750417232513428,2500
ATO,1995-08-16,19.625,19.875,19.625,19.875,6.7931413650512695,4500
ATO,1995-08-17,19.875,19.875,19.75,19.75,6.750417232513428,5600
ATO,1995-08-18,19.625,19.875,19.625,19.75,6.750417232513428,7700
ATO,1995-08-21,19.75,20.0,19.75,20.0,6.835859775543213,4900
ATO,1995-08-22,19.875,19.875,19.875,19.875,6.7931413650512695,2700
ATO,1995-08-23,19.75,20.0,19.75,20.0,6.915892601013184,3700
ATO,1995-08-24,20.125,20.125,19.875,20.0,6.915892601013184,4300
ATO,1995-08-25,20.125,20.125,19.875,20.0,6.915892601013184,1800
ATO,1995-08-28,20.0,20.125,19.875,19.875,6.8726725578308105,3800
ATO,1995-08-29,19.625,19.875,19.625,19.75,6.829449653625488,9200
ATO,1995-08-30,19.75,20.0,19.75,20.0,6.915892601013184,5000
ATO,1995-08-31,19.875,19.875,19.75,19.875,6.8726725578308105,10400
ATO,1995-09-01,20.0,20.0,19.625,19.875,6.8726725578308105,8900
ATO,1995-09-05,19.875,19.875,19.5,19.875,6.8726725578308105,4200
ATO,1995-09-06,20.0,20.0,19.875,20.0,6.915892601013184,2500
ATO,1995-09-07,20.0,20.0,19.875,20.0,6.915892601013184,7200
ATO,1995-09-08,19.875,20.125,19.875,20.125,6.959120750427246,5500
ATO,1995-09-11,19.875,20.125,19.875,20.125,6.959120750427246,5400
ATO,1995-09-12,20.125,20.125,20.0,20.125,6.959120750427246,6700
ATO,1995-09-13,20.0,20.625,20.0,20.625,7.132017612457275,41400
ATO,1995-09-14,20.625,20.625,20.5,20.5,7.08879280090332,8300
ATO,1995-09-15,20.5,20.625,20.25,20.625,7.132017612457275,23800
ATO,1995-09-18,20.5,20.5,20.25,20.25,7.002344131469727,64500
ATO,1995-09-19,20.125,20.125,19.875,19.875,6.8726725578308105,6000
ATO,1995-09-20,19.75,19.75,19.5,19.5,6.742998600006104,4900
ATO,1995-09-21,19.5,19.5,19.375,19.375,6.69977331161499,8900
ATO,1995-09-22,19.375,19.625,19.375,19.5,6.742998600006104,3100
ATO,1995-09-25,19.375,19.5,19.375,19.375,6.69977331161499,12600
ATO,1995-09-26,19.5,19.5,19.125,19.5,6.742998600006104,11200
ATO,1995-09-27,19.25,19.375,19.25,19.25,6.656550407409668,4200
ATO,1995-09-28,19.25,19.25,19.25,19.25,6.656550407409668,1700
ATO,1995-09-29,19.25,19.375,19.0,19.375,6.69977331161499,8100
ATO,1995-10-02,19.25,19.25,19.125,19.125,6.613323211669922,37300
ATO,1995-10-03,19.0,19.25,19.0,19.25,6.656550407409668,26800
ATO,1995-10-04,19.375,19.375,19.125,19.125,6.613323211669922,16600
ATO,1995-10-05,19.125,19.25,19.125,19.25,6.656550407409668,14800
ATO,1995-10-06,19.375,19.375,19.25,19.25,6.656550407409668,2500
ATO,1995-10-09,19.375,19.375,19.125,19.125,6.613323211669922,4700
ATO,1995-10-10,19.25,19.25,18.875,19.0,6.570102691650391,19300
ATO,1995-10-11,19.0,19.125,18.875,19.125,6.613323211669922,29500
ATO,1995-10-12,19.125,19.25,19.0,19.25,6.656550407409668,39400
ATO,1995-10-13,19.375,19.375,19.125,19.125,6.613323211669922,9300
ATO,1995-10-16,19.0,19.125,19.0,19.125,6.613323211669922,15300
ATO,1995-10-17,19.125,19.125,18.875,19.125,6.613323211669922,6700
ATO,1995-10-18,19.125,19.125,19.0,19.125,6.613323211669922,4500
ATO,1995-10-19,19.0,19.0,18.75,19.0,6.570102691650391,7800
ATO,1995-10-20,18.875,19.0,18.75,18.875,6.526876449584961,5600
ATO,1995-10-23,18.75,18.875,18.5,18.5,6.397205352783203,12000
ATO,1995-10-24,18.5,18.625,18.5,18.5,6.397205352783203,20000
ATO,1995-10-25,18.5,18.5,18.125,18.375,6.353980541229248,18200
ATO,1995-10-26,18.125,18.375,18.125,18.25,6.310756683349609,25600
ATO,1995-10-27,18.375,18.375,18.25,18.25,6.310756683349609,7500
ATO,1995-10-30,18.25,18.5,18.25,18.375,6.353980541229248,10300
ATO,1995-10-31,18.375,18.375,18.25,18.375,6.353980541229248,13600
ATO,1995-11-01,18.25,18.5,18.0,18.25,6.310756683349609,11900
ATO,1995-11-02,18.25,18.5,18.25,18.375,6.353980541229248,7900
ATO,1995-11-03,18.25,19.0,18.25,18.625,6.440426349639893,10400
ATO,1995-11-06,18.875,19.625,18.875,19.625,6.786219596862793,13300
ATO,1995-11-07,19.75,19.875,19.625,19.875,6.8726725578308105,12100
ATO,1995-11-08,19.75,20.0,19.75,19.875,6.8726725578308105,7900
ATO,1995-11-09,20.0,20.125,19.875,20.0,6.915892601013184,19300
ATO,1995-11-10,19.875,19.875,19.75,19.75,6.829449653625488,4900
ATO,1995-11-13,19.625,19.625,19.375,19.5,6.742998600006104,12700
ATO,1995-11-14,19.625,19.625,19.5,19.625,6.786219596862793,4400
ATO,1995-11-15,19.5,19.75,19.5,19.75,6.829449653625488,7000
ATO,1995-11-16,19.625,20.0,19.625,20.0,6.915892601013184,13300
ATO,1995-11-17,19.875,20.25,19.875,20.25,7.002344131469727,7600
ATO,1995-11-20,20.25,20.75,20.125,20.625,7.132017612457275,6800
ATO,1995-11-21,20.625,21.125,20.625,21.0,7.26169490814209,15600
ATO,1995-11-22,20.875,21.0,20.75,20.75,7.258189678192139,6400
ATO,1995-11-24,20.625,20.875,20.625,20.875,7.301918983459473,2300
ATO,1995-11-27,20.75,20.75,20.375,20.375,7.12701940536499,3700
ATO,1995-11-28,20.5,20.625,20.25,20.375,7.12701940536499,8900
ATO,1995-11-29,20.375,20.625,20.375,20.625,7.214469909667969,8000
ATO,1995-11-30,20.625,20.875,20.5,20.875,7.301918983459473,29400
ATO,1995-12-01,20.625,20.875,20.625,20.875,7.301918983459473,8500
ATO,1995-12-04,21.0,21.5,21.0,21.0,7.345644474029541,7500
ATO,1995-12-05,20.75,21.375,20.75,21.25,7.433090686798096,16600
ATO,1995-12-06,21.25,21.625,21.25,21.25,7.433090686798096,8600
ATO,1995-12-07,21.25,21.375,21.0,21.375,7.476813316345215,4100
ATO,1995-12-08,21.25,21.75,21.25,21.625,7.564257621765137,6100
ATO,1995-12-11,21.625,22.0,21.625,21.75,7.607985973358154,1900
ATO,1995-12-12,22.0,22.875,22.0,22.125,7.739157199859619,19000
ATO,1995-12-13,21.875,22.5,21.75,22.375,7.826601982116699,14500
ATO,1995-12-14,22.375,22.625,22.125,22.5,7.870327472686768,14300
ATO,1995-12-15,22.625,22.875,22.375,22.625,7.914052963256836,19100
ATO,1995-12-18,22.625,22.875,22.625,22.875,8.001502990722656,18500
ATO,1995-12-19,22.875,22.875,22.5,22.75,7.9577789306640625,11900
ATO,1995-12-20,22.875,23.0,22.75,23.0,8.04522705078125,7200
ATO,1995-12-21,23.0,23.0,22.875,23.0,8.04522705078125,5000
ATO,1995-12-22,22.75,23.0,22.75,23.0,8.04522705078125,3000
ATO,1995-12-26,22.75,23.0,22.75,23.0,8.04522705078125,17900
ATO,1995-12-27,22.875,22.875,22.625,22.875,8.001502990722656,6000
ATO,1995-12-28,22.875,23.0,22.75,23.0,8.04522705078125,18500
ATO,1995-12-29,22.75,23.0,22.625,23.0,8.04522705078125,5000
ATO,1996-01-02,22.875,22.875,22.625,22.875,8.001502990722656,11300
ATO,1996-01-03,22.875,22.875,22.625,22.625,7.914052963256836,14800
ATO,1996-01-04,22.75,22.875,22.625,22.75,7.9577789306640625,6700
ATO,1996-01-05,22.5,22.875,22.5,22.875,8.001502990722656,4300
ATO,1996-01-08,22.875,22.875,22.875,22.875,8.001502990722656,3900
ATO,1996-01-09,22.875,22.875,22.75,22.875,8.001502990722656,7800
ATO,1996-01-10,22.75,23.0,22.625,22.875,8.001502990722656,6600
ATO,1996-01-11,22.75,22.875,22.75,22.75,7.9577789306640625,4400
ATO,1996-01-12,22.625,22.75,22.625,22.625,7.914052963256836,3000
ATO,1996-01-15,22.75,22.75,22.625,22.625,7.914052963256836,2600
ATO,1996-01-16,22.75,22.875,22.75,22.875,8.001502990722656,5000
ATO,1996-01-17,22.875,22.875,22.625,22.875,8.001502990722656,6800
ATO,1996-01-18,22.875,22.875,22.625,22.875,8.001502990722656,8400
ATO,1996-01-19,22.875,22.875,22.75,22.875,8.001502990722656,4400
ATO,1996-01-22,22.75,22.875,22.75,22.75,7.9577789306640625,7200
ATO,1996-01-23,22.75,22.875,22.75,22.875,8.001502990722656,6200
ATO,1996-01-24,22.875,22.875,22.75,22.75,7.9577789306640625,8600
ATO,1996-01-25,22.75,22.875,22.75,22.75,7.9577789306640625,9700
ATO,1996-01-26,22.5,22.75,21.625,22.0,7.695432186126709,30100
ATO,1996-01-29,21.75,21.75,21.25,21.375,7.476813316345215,13300
ATO,1996-01-30,21.25,21.375,21.125,21.125,7.389368057250977,6900
ATO,1996-01-31,21.125,21.25,21.0,21.25,7.433090686798096,17500
ATO,1996-02-01,21.5,21.625,21.25,21.25,7.433090686798096,32700
ATO,1996-02-02,21.25,21.875,21.25,21.625,7.564257621765137,25200
ATO,1996-02-05,21.375,21.75,21.375,21.75,7.607985973358154,14500
ATO,1996-02-06,21.875,21.875,21.625,21.625,7.564257621765137,16900
ATO,1996-02-07,21.75,21.75,21.5,21.5,7.52053689956665,11100
ATO,1996-02-08,21.625,21.625,21.5,21.625,7.564257621765137,3900
ATO,1996-02-09,21.625,22.0,21.625,22.0,7.695432186126709,9700
ATO,1996-02-12,22.0,22.25,22.0,22.25,7.782880306243896,6000
ATO,1996-02-13,22.25,22.625,22.125,22.625,7.914052963256836,15800
ATO,1996-02-14,22.5,22.625,22.375,22.375,7.826601982116699,8400
ATO,1996-02-15,22.375,22.5,22.375,22.375,7.826601982116699,6100
ATO,1996-02-16,22.25,22.75,22.25,22.75,7.9577789306640625,7900
ATO,1996-02-20,22.75,22.875,22.75,22.875,8.001502990722656,23700
ATO,1996-02-21,22.625,22.875,22.625,22.75,7.9577789306640625,5700
ATO,1996-02-22,22.625,22.875,22.5,22.875,8.086813926696777,10300
ATO,1996-02-23,22.625,22.875,22.625,22.75,8.042624473571777,15000
ATO,1996-02-26,22.625,22.875,22.5,22.875,8.086813926696777,1210500
ATO,1996-02-27,22.625,22.75,22.5,22.625,7.998428821563721,9400
ATO,1996-02-28,22.625,22.875,22.625,22.75,8.042624473571777,14900
ATO,1996-02-29,22.625,22.625,22.375,22.625,7.998428821563721,11200
ATO,1996-03-01,22.75,22.875,22.625,22.625,7.998428821563721,7200
ATO,1996-03-04,22.625,22.625,22.625,22.625,7.998428821563721,2600
ATO,1996-03-05,22.625,22.875,22.625,22.875,8.086813926696777,8600
ATO,1996-03-06,22.875,22.875,22.75,22.75,8.042624473571777,9200
ATO,1996-03-07,22.875,22.875,22.75,22.875,8.086813926696777,7100
ATO,1996-03-08,22.5,22.5,22.0,22.125,7.821672439575195,33800
ATO,1996-03-11,22.375,22.5,22.125,22.375,7.910053730010986,12700
ATO,1996-03-12,22.25,22.5,22.0,22.5,7.954242706298828,19900
ATO,1996-03-13,22.5,22.5,22.125,22.375,7.910053730010986,9000
ATO,1996-03-14,22.25,22.375,22.125,22.125,7.821672439575195,8100
ATO,1996-03-15,22.125,22.25,22.125,22.25,7.865864753723144,16100
ATO,1996-03-18,22.25,22.25,22.125,22.25,7.865864753723144,4700
ATO,1996-03-19,22.125,22.375,22.125,22.375,7.910053730010986,5900
ATO,1996-03-20,22.25,22.5,22.25,22.375,7.910053730010986,6700
ATO,1996-03-21,22.375,22.75,22.375,22.75,8.042624473571777,6200
ATO,1996-03-22,22.5,22.875,22.5,22.625,7.998428821563721,8100
ATO,1996-03-25,22.75,23.0,22.75,23.0,8.131007194519043,47000
ATO,1996-03-26,22.75,23.0,22.75,23.0,8.131007194519043,16700
ATO,1996-03-27,23.0,23.0,22.75,22.875,8.086813926696777,7000
ATO,1996-03-28,22.625,22.875,22.625,22.75,8.042624473571777,6500
ATO,1996-03-29,22.875,23.0,22.75,23.0,8.131007194519043,35500
ATO,1996-04-01,23.0,23.0,22.75,23.0,8.131007194519043,9400
ATO,1996-04-02,23.0,23.125,22.875,23.125,8.175199508666992,49600
ATO,1996-04-03,23.0,23.375,23.0,23.375,8.263574600219727,18100
ATO,1996-04-04,23.5,23.5,23.25,23.25,8.219388961791992,10000
ATO,1996-04-08,23.0,23.375,23.0,23.25,8.219388961791992,19800
ATO,1996-04-09,23.25,23.5,23.25,23.25,8.219388961791992,15700
ATO,1996-04-10,23.5,23.625,23.375,23.5,8.30776596069336,5900
ATO,1996-04-11,23.5,23.625,23.25,23.25,8.219388961791992,11700
ATO,1996-04-12,23.5,24.125,23.375,24.0,8.484527587890625,29700
ATO,1996-04-15,24.125,24.375,24.125,24.375,8.617095947265625,8500
ATO,1996-04-16,24.25,24.875,24.25,24.875,8.793854713439941,10100
ATO,1996-04-17,24.75,25.125,24.5,24.875,8.793854713439941,9900
ATO,1996-04-18,25.0,26.5,25.0,26.0,9.191567420959473,26900
ATO,1996-04-19,25.75,25.875,25.375,25.5,9.01480770111084,17100
ATO,1996-04-22,25.25,25.375,24.75,25.25,8.92642593383789,19900
ATO,1996-04-23,25.125,25.25,25.0,25.125,8.882241249084473,14300
ATO,1996-04-24,25.5,25.5,24.75,24.75,8.749666213989258,10600
ATO,1996-04-25,24.75,25.125,24.75,24.875,8.793854713439941,3200
ATO,1996-04-26,24.875,24.875,24.5,24.5,8.661287307739258,6200
ATO,1996-04-29,24.5,24.75,24.5,24.5,8.661287307739258,6000
ATO,1996-04-30,24.5,24.75,24.5,24.75,8.749666213989258,10400
ATO,1996-05-01,24.875,25.0,24.625,24.75,8.749666213989258,9900
ATO,1996-05-02,24.625,25.0,24.625,24.875,8.793854713439941,5200
ATO,1996-05-03,25.125,25.125,24.625,24.625,8.705476760864258,4700
ATO,1996-05-06,24.625,24.875,24.625,24.875,8.793854713439941,3100
ATO,1996-05-07,24.75,25.0,24.75,25.0,8.838046073913574,6100
ATO,1996-05-08,24.625,25.0,24.5,25.0,8.838046073913574,12700
ATO,1996-05-09,25.0,25.0,24.625,24.75,8.749666213989258,4500
ATO,1996-05-10,24.625,24.75,24.625,24.75,8.749666213989258,26100
ATO,1996-05-13,24.5,24.875,24.5,24.75,8.749666213989258,6300
ATO,1996-05-14,24.625,24.75,24.625,24.625,8.705476760864258,7300
ATO,1996-05-15,24.5,24.625,24.25,24.375,8.617095947265625,9900
ATO,1996-05-16,24.375,24.375,24.25,24.25,8.572908401489258,5100
ATO,1996-05-17,24.5,24.5,24.0,24.25,8.572908401489258,4400
ATO,1996-05-20,24.125,24.5,24.125,24.5,8.661287307739258,2400
ATO,1996-05-21,24.5,24.5,24.25,24.375,8.617095947265625,8100
ATO,1996-05-22,24.5,24.5,24.125,24.375,8.617095947265625,20000
ATO,1996-05-23,24.25,24.375,24.125,24.25,8.658159255981445,12300
ATO,1996-05-24,24.25,24.625,24.25,24.5,8.74741268157959,8100
ATO,1996-05-28,24.25,24.625,24.25,24.5,8.74741268157959,7800
ATO,1996-05-29,24.375,24.5,24.25,24.25,8.658159255981445,6600
ATO,1996-05-30,24.25,24.375,24.125,24.125,8.613525390625,5200
ATO,1996-05-31,24.25,24.375,24.125,24.125,8.613525390625,5300
ATO,1996-06-03,24.25,24.25,24.0,24.25,8.658159255981445,10800
ATO,1996-06-04,24.125,24.25,23.75,23.875,8.52426815032959,12200
ATO,1996-06-05,24.125,24.125,23.875,24.125,8.613525390625,5500
ATO,1996-06-06,23.875,24.125,23.875,23.875,8.52426815032959,12500
ATO,1996-06-07,23.875,23.875,23.75,23.75,8.479634284973145,3500
ATO,1996-06-10,23.75,24.0,23.75,23.875,8.52426815032959,6200
ATO,1996-06-11,23.875,24.25,23.875,24.25,8.658159255981445,8000
ATO,1996-06-12,24.375,24.5,24.125,24.25,8.658159255981445,4800
ATO,1996-06-13,24.0,24.5,24.0,24.375,8.702789306640625,7600
ATO,1996-06-14,24.25,24.625,24.25,24.625,8.792045593261719,6800
ATO,1996-06-17,24.375,24.625,24.25,24.5,8.74741268157959,7900
ATO,1996-06-18,24.5,24.875,24.5,24.875,8.881301879882812,8800
ATO,1996-06-19,25.0,25.0,24.875,24.875,8.881301879882812,7700
ATO,1996-06-20,24.875,25.0,24.875,24.875,8.881301879882812,4900
ATO,1996-06-21,25.125,25.25,25.125,25.125,8.970565795898438,6600
ATO,1996-06-24,25.0,26.125,25.0,26.0,9.282973289489746,20600
ATO,1996-06-25,26.125,26.5,26.0,26.5,9.4614896774292,13200
ATO,1996-06-26,26.5,26.875,26.375,26.875,9.595379829406738,10500
ATO,1996-06-27,27.0,28.0,27.0,28.0,9.99704360961914,26500
ATO,1996-06-28,28.125,31.0,28.0,30.625,10.934271812438965,67200
ATO,1996-07-01,30.625,30.625,29.375,29.5,10.532599449157717,37000
ATO,1996-07-02,29.5,29.5,27.0,27.25,9.72926902770996,26500
ATO,1996-07-03,27.25,27.25,26.0,26.125,9.32759952545166,11600
ATO,1996-07-05,26.0,26.0,26.0,26.0,9.282973289489746,1900
ATO,1996-07-08,25.75,25.875,25.5,25.75,9.193706512451172,18500
ATO,1996-07-09,26.0,26.5,26.0,26.5,9.4614896774292,17300
ATO,1996-07-10,26.375,26.5,26.125,26.25,9.372233390808104,3700
ATO,1996-07-11,26.25,26.25,25.75,25.875,9.238344192504885,3900
ATO,1996-07-12,26.125,26.125,25.875,26.0,9.282973289489746,6700
ATO,1996-07-15,26.0,26.125,25.875,26.0,9.282973289489746,6500
ATO,1996-07-16,26.125,26.125,25.75,26.0,9.282973289489746,60200
ATO,1996-07-17,25.875,26.125,25.75,25.75,9.193706512451172,5000
ATO,1996-07-18,26.0,26.0,25.875,25.875,9.238344192504885,3200
ATO,1996-07-19,26.0,26.0,25.875,25.875,9.238344192504885,2700
ATO,1996-07-22,25.875,25.875,22.5,22.625,8.077967643737793,203900
ATO,1996-07-23,22.625,22.625,21.75,21.75,7.765561103820801,88600
ATO,1996-07-24,21.5,22.0,21.5,21.875,7.810191631317139,89700
ATO,1996-07-25,21.875,21.875,21.75,21.75,7.765561103820801,33900
ATO,1996-07-26,21.875,21.875,21.5,21.5,7.676301956176758,12300
ATO,1996-07-29,21.5,21.5,20.875,21.0,7.497788429260254,29900
ATO,1996-07-30,20.875,21.375,20.875,21.25,7.587044239044189,20500
ATO,1996-07-31,21.25,21.375,21.125,21.375,7.6316728591918945,38800
ATO,1996-08-01,21.25,23.125,21.25,22.75,8.122600555419922,70900
ATO,1996-08-02,23.0,23.0,22.875,22.875,8.167227745056152,58000
ATO,1996-08-05,23.0,23.625,23.0,23.625,8.435004234313965,41600
ATO,1996-08-06,23.625,23.625,23.5,23.625,8.435004234313965,17300
ATO,1996-08-07,23.625,23.75,23.5,23.5,8.390380859375,8500
ATO,1996-08-08,23.5,23.5,23.125,23.25,8.301121711730957,16500
ATO,1996-08-09,23.125,23.25,22.125,22.25,7.944081783294678,32500
ATO,1996-08-12,22.25,22.25,22.125,22.125,7.89945125579834,16700
ATO,1996-08-13,22.25,22.25,22.125,22.25,7.944081783294678,11300
ATO,1996-08-14,22.25,22.25,22.125,22.25,7.944081783294678,16500
ATO,1996-08-15,22.25,22.25,22.125,22.25,7.944081783294678,9100
ATO,1996-08-16,22.25,22.25,22.125,22.25,7.944081783294678,7500
ATO,1996-08-19,22.125,22.25,22.125,22.25,7.944081783294678,4700
ATO,1996-08-20,22.25,22.75,22.125,22.75,8.122600555419922,51300
ATO,1996-08-21,22.75,22.75,22.375,22.5,8.033337593078613,12900
ATO,1996-08-22,22.25,22.375,22.25,22.25,8.029731750488281,5100
ATO,1996-08-23,22.25,22.375,22.0,22.25,8.029731750488281,13700
ATO,1996-08-26,22.25,22.625,22.25,22.5,8.119951248168945,13600
ATO,1996-08-27,22.375,22.375,22.25,22.25,8.029731750488281,10200
ATO,1996-08-28,22.375,22.5,22.0,22.375,8.07484245300293,25600
ATO,1996-08-29,22.5,22.875,22.5,22.75,8.210177421569824,42400
ATO,1996-08-30,22.875,22.875,22.75,22.875,8.255282402038574,37600
ATO,1996-09-03,22.875,23.375,22.75,23.25,8.390624046325684,64500
ATO,1996-09-04,23.25,23.375,23.25,23.25,8.390624046325684,20300
ATO,1996-09-05,23.25,23.25,23.125,23.125,8.34550952911377,32800
ATO,1996-09-06,23.25,23.5,23.125,23.25,8.390624046325684,18400
ATO,1996-09-09,23.375,23.375,23.375,23.375,8.4357271194458,16300
ATO,1996-09-10,23.375,24.0,23.375,23.875,8.61617374420166,20400
ATO,1996-09-11,23.75,23.875,22.75,23.875,8.61617374420166,20900
ATO,1996-09-12,23.8125,24.125,23.8125,24.125,8.70639419555664,20300
ATO,1996-09-13,24.125,24.125,24.0,24.125,8.70639419555664,2200
ATO,1996-09-16,23.875,24.0,23.875,24.0,8.661283493041992,44000
ATO,1996-09-17,23.75,23.875,23.625,23.75,8.571059226989746,23400
ATO,1996-09-18,23.75,23.75,23.625,23.75,8.571059226989746,11100
ATO,1996-09-19,23.625,23.75,23.375,23.5,8.480844497680664,23400
ATO,1996-09-20,23.375,23.5,23.375,23.484375,8.475200653076172,25800
ATO,1996-09-23,23.375,23.375,23.25,23.375,8.4357271194458,7900
ATO,1996-09-24,23.375,23.375,23.25,23.375,8.4357271194458,14600
ATO,1996-09-25,23.375,23.375,23.25,23.25,8.390624046325684,24600
ATO,1996-09-26,23.375,23.375,23.25,23.25,8.390624046325684,45900
ATO,1996-09-27,23.375,23.375,23.25,23.25,8.390624046325684,1200
ATO,1996-09-30,23.25,23.375,23.25,23.375,8.4357271194458,9100
ATO,1996-10-01,23.375,23.75,23.125,23.625,8.525947570800781,22400
ATO,1996-10-02,23.75,23.75,23.25,23.375,8.4357271194458,21100
ATO,1996-10-03,23.375,23.375,23.25,23.375,8.4357271194458,5900
ATO,1996-10-04,23.25,23.375,23.25,23.375,8.4357271194458,9300
ATO,1996-10-07,23.25,23.375,23.25,23.375,8.4357271194458,5200
ATO,1996-10-08,23.25,23.375,23.125,23.125,8.34550952911377,13800
ATO,1996-10-09,23.125,23.25,23.125,23.25,8.390624046325684,4900
ATO,1996-10-10,23.125,23.25,23.0,23.0,8.300398826599121,8100
ATO,1996-10-11,23.0,23.125,23.0,23.125,8.34550952911377,4200
ATO,1996-10-14,23.0,23.125,23.0,23.0,8.300398826599121,3900
ATO,1996-10-15,23.125,23.25,23.0,23.0,8.300398826599121,13300
ATO,1996-10-16,23.0,23.125,22.625,22.625,8.165061950683594,10600
ATO,1996-10-17,22.75,23.125,22.75,23.125,8.34550952911377,25000
ATO,1996-10-18,23.125,23.625,23.0,23.5,8.480844497680664,14800
ATO,1996-10-21,23.25,23.625,23.125,23.25,8.390624046325684,12000
ATO,1996-10-22,23.375,23.375,22.75,22.75,8.210177421569824,9900
ATO,1996-10-23,22.75,22.875,22.75,22.875,8.255282402038574,6000
ATO,1996-10-24,22.875,23.125,22.75,23.125,8.34550952911377,24900
ATO,1996-10-25,23.0,23.125,23.0,23.125,8.34550952911377,9600
ATO,1996-10-28,23.0,23.25,22.875,22.875,8.255282402038574,3900
ATO,1996-10-29,22.875,23.25,22.875,23.25,8.390624046325684,4500
ATO,1996-10-30,23.25,23.25,23.125,23.125,8.34550952911377,13300
ATO,1996-10-31,23.25,23.75,23.125,23.75,8.571059226989746,18400
ATO,1996-11-01,23.75,23.875,23.625,23.75,8.571059226989746,56400
ATO,1996-11-04,23.5,23.5,23.375,23.5,8.480844497680664,5400
ATO,1996-11-05,23.25,23.25,23.0,23.125,8.34550952911377,7300
ATO,1996-11-06,23.125,23.125,23.0,23.125,8.34550952911377,29900
ATO,1996-11-07,23.125,23.125,23.0,23.125,8.34550952911377,8800
ATO,1996-11-08,23.0,23.0,22.875,22.875,8.255282402038574,6800
ATO,1996-11-11,23.0,23.0,22.875,23.0,8.300398826599121,3400
ATO,1996-11-12,23.0,23.0,22.875,22.875,8.255282402038574,12200
ATO,1996-11-13,22.875,23.0,22.75,22.75,8.210177421569824,11700
ATO,1996-11-14,22.75,22.875,22.75,22.75,8.210177421569824,9800
ATO,1996-11-15,22.875,22.875,22.625,22.625,8.165061950683594,5800
ATO,1996-11-18,22.75,22.75,22.625,22.75,8.210177421569824,9300
ATO,1996-11-19,22.625,22.75,22.25,22.375,8.07484245300293,14400
ATO,1996-11-20,22.375,22.5,22.25,22.375,8.07484245300293,33200
ATO,1996-11-21,22.375,22.375,22.0,22.125,8.074841499328613,14000
ATO,1996-11-22,22.125,22.125,22.0,22.0,8.029220581054688,21900
ATO,1996-11-25,22.125,23.25,22.125,23.25,8.485432624816895,52900
ATO,1996-11-26,23.25,23.625,23.25,23.5,8.57667350769043,11700
ATO,1996-11-27,23.375,24.75,23.375,24.625,8.98725414276123,46300
ATO,1996-11-29,24.625,24.625,24.5,24.625,8.98725414276123,1800
ATO,1996-12-02,24.625,24.625,24.5,24.625,8.98725414276123,9100
ATO,1996-12-03,24.5,24.5,24.0,24.0,8.759150505065918,15600
ATO,1996-12-04,24.125,24.25,23.375,23.5,8.57667350769043,46900
ATO,1996-12-05,23.625,23.625,23.375,23.375,8.531045913696289,40700
ATO,1996-12-06,23.125,23.125,22.625,22.625,8.257323265075684,19700
ATO,1996-12-09,22.75,23.0,22.625,22.875,8.348563194274902,10400
ATO,1996-12-10,22.875,23.125,22.75,23.125,8.439807891845703,33700
ATO,1996-12-11,22.875,23.0,22.75,23.0,8.394187927246094,10200
ATO,1996-12-12,23.25,23.625,23.0,23.5,8.57667350769043,77200
ATO,1996-12-13,23.625,23.875,23.5,23.75,8.667906761169434,80300
ATO,1996-12-16,23.65625,23.75,23.625,23.625,8.622285842895508,19900
ATO,1996-12-17,23.625,23.75,23.5,23.5,8.57667350769043,20400
ATO,1996-12-18,23.5,23.625,23.25,23.25,8.485432624816895,6200
ATO,1996-12-19,23.375,23.5,23.125,23.375,8.531045913696289,9900
ATO,1996-12-20,23.125,23.375,23.0,23.25,8.485432624816895,18300
ATO,1996-12-23,23.125,23.5,22.875,23.5,8.57667350769043,14200
ATO,1996-12-24,23.5,23.625,23.5,23.625,8.622285842895508,1400
ATO,1996-12-26,23.625,23.875,23.625,23.75,8.667906761169434,9300
ATO,1996-12-27,23.75,23.875,23.625,23.875,8.713532447814941,6600
ATO,1996-12-30,23.875,23.875,23.75,23.875,8.713532447814941,7800
ATO,1996-12-31,23.875,23.875,23.5,23.875,8.713532447814941,18200
ATO,1997-01-02,24.0,24.0,23.625,23.625,8.622285842895508,11400
ATO,1997-01-03,23.75,23.75,23.375,23.5,8.57667350769043,10200
ATO,1997-01-06,23.5,23.625,23.5,23.625,8.622285842895508,16800
ATO,1997-01-07,23.625,23.625,23.375,23.375,8.531045913696289,4900
ATO,1997-01-08,23.5,23.5,23.375,23.5,8.57667350769043,5200
ATO,1997-01-09,23.625,24.0,23.375,23.875,8.713532447814941,10000
ATO,1997-01-10,23.625,23.625,23.5,23.5625,8.599481582641602,9400
ATO,1997-01-13,23.625,23.625,23.375,23.375,8.531045913696289,14900
ATO,1997-01-14,23.375,23.375,23.0,23.125,8.439807891845703,23200
ATO,1997-01-15,23.25,23.375,22.625,22.875,8.348563194274902,32200
ATO,1997-01-16,22.875,23.25,22.75,23.125,8.439807891845703,28200
ATO,1997-01-17,22.875,23.375,22.875,23.375,8.531045913696289,16700
ATO,1997-01-20,23.5,23.625,23.25,23.25,8.485432624816895,19600
ATO,1997-01-21,23.125,23.25,22.625,22.75,8.302949905395508,21900
ATO,1997-01-22,22.875,22.875,22.125,22.625,8.257323265075684,29100
ATO,1997-01-23,22.625,22.75,22.625,22.625,8.257323265075684,13900
ATO,1997-01-24,22.5,22.625,22.5,22.625,8.257323265075684,15500
ATO,1997-01-27,22.75,23.0,22.625,23.0,8.394187927246094,28900
ATO,1997-01-28,23.0,23.25,23.0,23.25,8.485432624816895,46500
ATO,1997-01-29,23.25,23.25,22.875,22.875,8.348563194274902,5600
ATO,1997-01-30,22.75,22.875,22.6875,22.75,8.302949905395508,21100
ATO,1997-01-31,22.625,22.875,22.625,22.75,8.302949905395508,19300
ATO,1997-02-03,22.75,23.25,22.5,22.875,8.348563194274902,28200
ATO,1997-02-04,23.125,23.75,23.0,23.625,8.622285842895508,46500
ATO,1997-02-05,23.75,23.75,23.5,23.625,8.622285842895508,66400
ATO,1997-02-06,23.625,23.625,23.5,23.5,8.57667350769043,10500
ATO,1997-02-07,23.625,24.0,23.625,24.0,8.759150505065918,40900
ATO,1997-02-10,24.0,24.0,23.75,23.75,8.667906761169434,33700
ATO,1997-02-11,23.875,23.875,23.75,23.75,8.667906761169434,22500
ATO,1997-02-12,23.75,23.875,23.5,23.5,8.57667350769043,26000
ATO,1997-02-13,23.625,23.625,23.5,23.5,8.57667350769043,20000
ATO,1997-02-14,23.625,23.625,23.5,23.625,8.622285842895508,70300
ATO,1997-02-18,23.5,24.0,23.25,23.75,8.667906761169434,105800
ATO,1997-02-19,23.875,24.0,23.75,24.0,8.759150505065918,26900
ATO,1997-02-20,24.0,24.0,23.75,23.75,8.667906761169434,28600
ATO,1997-02-21,23.625,23.875,23.625,23.875,8.806234359741211,19300
ATO,1997-02-24,23.875,24.0,23.75,24.0,8.852334022521973,42700
ATO,1997-02-25,24.0,24.125,23.875,24.0,8.852334022521973,94600
ATO,1997-02-26,23.75,24.75,23.75,24.625,9.082860946655272,38700
ATO,1997-02-27,24.75,24.75,24.125,24.25,8.944549560546875,69700
ATO,1997-02-28,24.375,24.5,24.125,24.5,9.03675651550293,44400
ATO,1997-03-03,24.375,24.375,24.25,24.375,8.990652084350586,48200
ATO,1997-03-04,24.375,24.5,24.25,24.5,9.03675651550293,18800
ATO,1997-03-05,24.5,24.75,24.375,24.625,9.082860946655272,39600
ATO,1997-03-06,24.75,24.75,24.5,24.5,9.03675651550293,19400
ATO,1997-03-07,24.625,24.875,24.5,24.625,9.082860946655272,38400
ATO,1997-03-10,24.625,24.625,24.5,24.625,9.082860946655272,10100
ATO,1997-03-11,24.625,24.625,24.25,24.375,8.990652084350586,20200
ATO,1997-03-12,24.125,24.375,24.125,24.25,8.944549560546875,69000
ATO,1997-03-13,24.25,24.625,24.25,24.625,9.082860946655272,19800
ATO,1997-03-14,24.625,25.0,24.625,25.0,9.221179962158203,11200
ATO,1997-03-17,24.75,25.25,24.75,25.25,9.313390731811523,22600
ATO,1997-03-18,25.0,25.625,25.0,25.375,9.3594970703125,24800
ATO,1997-03-19,25.25,25.875,25.25,25.875,9.54392147064209,23900
ATO,1997-03-20,25.75,25.875,25.75,25.875,9.54392147064209,11900
ATO,1997-03-21,25.875,26.25,25.5,26.125,9.63613224029541,33900
ATO,1997-03-24,26.125,26.125,25.875,26.0,9.590025901794434,24800
ATO,1997-03-25,25.875,26.0,25.875,25.875,9.54392147064209,12500
ATO,1997-03-26,26.0,26.0,25.5,25.625,9.451708793640137,8500
ATO,1997-03-27,25.375,25.625,25.25,25.375,9.3594970703125,15700
ATO,1997-03-31,25.25,25.375,25.25,25.375,9.3594970703125,13700
ATO,1997-04-01,25.25,25.25,24.625,24.75,9.12896728515625,18400
ATO,1997-04-02,24.5,24.5,24.25,24.25,8.944549560546875,7100
ATO,1997-04-03,24.25,24.375,24.125,24.25,8.944549560546875,13600
ATO,1997-04-04,24.25,24.25,23.625,23.625,8.714007377624512,19300
ATO,1997-04-07,23.625,23.75,23.5,23.625,8.714007377624512,11100
ATO,1997-04-08,23.625,23.75,23.5,23.625,8.714007377624512,24000
ATO,1997-04-09,23.5,24.25,23.5,24.125,8.898439407348633,22500
ATO,1997-04-10,24.0,24.125,24.0,24.0,8.852334022521973,20300
ATO,1997-04-11,24.125,24.125,23.875,23.875,8.806234359741211,25800
ATO,1997-04-14,24.125,24.25,23.875,24.25,8.944549560546875,28900
ATO,1997-04-15,24.125,24.25,23.875,23.875,8.806234359741211,43800
ATO,1997-04-16,23.75,24.25,23.75,24.0,8.852334022521973,16100
ATO,1997-04-17,23.875,23.875,23.625,23.75,8.76012134552002,16500
ATO,1997-04-18,24.0,24.125,23.875,24.0,8.852334022521973,18300
ATO,1997-04-21,23.875,24.25,23.875,24.125,8.898439407348633,30800
ATO,1997-04-22,24.125,24.125,24.0,24.0,8.852334022521973,14400
ATO,1997-04-23,24.25,24.25,23.75,23.75,8.76012134552002,8200
ATO,1997-04-24,23.5,23.875,23.5,23.75,8.76012134552002,8500
ATO,1997-04-25,23.75,23.75,23.5,23.5,8.667909622192383,5500
ATO,1997-04-28,23.5,23.625,23.25,23.25,8.575700759887695,15000
ATO,1997-04-29,23.375,23.5,23.125,23.125,8.529593467712402,14800
ATO,1997-04-30,23.125,23.375,22.625,22.625,8.345168113708496,11800
ATO,1997-05-01,22.875,22.875,22.625,22.625,8.345168113708496,17800
ATO,1997-05-02,22.75,22.75,22.5,22.625,8.345168113708496,17800
ATO,1997-05-05,22.875,23.25,22.5,23.125,8.529593467712402,28800
ATO,1997-05-06,23.25,23.625,23.125,23.5,8.667909622192383,65900
ATO,1997-05-07,23.375,23.5,23.25,23.375,8.621801376342773,4800
ATO,1997-05-08,23.125,23.375,23.0,23.0,8.483488082885742,5100
ATO,1997-05-09,23.0,23.125,22.75,22.875,8.4373779296875,7500
ATO,1997-05-12,22.875,23.0,22.75,22.875,8.4373779296875,6600
ATO,1997-05-13,22.875,23.0,22.875,22.875,8.4373779296875,13000
ATO,1997-05-14,22.875,23.0,22.75,22.875,8.4373779296875,35900
ATO,1997-05-15,22.625,22.75,22.5,22.625,8.345168113708496,22200
ATO,1997-05-16,22.75,23.0,22.625,23.0,8.483488082885742,20100
ATO,1997-05-19,22.875,23.5,22.875,23.25,8.575700759887695,19200
ATO,1997-05-20,23.375,23.375,23.0,23.25,8.575700759887695,13100
ATO,1997-05-21,23.375,23.375,22.875,23.0,8.483488082885742,20100
ATO,1997-05-22,22.875,23.125,22.75,23.0,8.576711654663086,27500
ATO,1997-05-23,23.0,23.125,23.0,23.125,8.623326301574707,11700
ATO,1997-05-27,23.0,23.25,23.0,23.25,8.669939041137695,13200
ATO,1997-05-28,23.25,23.25,23.125,23.25,8.669939041137695,10600
ATO,1997-05-29,23.125,23.25,23.125,23.125,8.623326301574707,10400
ATO,1997-05-30,23.25,23.25,23.0,23.125,8.623326301574707,14100
ATO,1997-06-02,23.125,23.375,23.125,23.375,8.716546058654785,15600
ATO,1997-06-03,23.375,23.625,23.375,23.375,8.716546058654785,29000
ATO,1997-06-04,23.5,23.625,23.375,23.5,8.763160705566406,10500
ATO,1997-06-05,23.625,23.875,23.625,23.875,8.903003692626953,9500
ATO,1997-06-06,23.875,24.0,23.75,23.875,8.903003692626953,13800
ATO,1997-06-09,24.25,24.5,24.125,24.375,9.089449882507324,20700
ATO,1997-06-10,24.5,24.875,24.375,24.875,9.27589511871338,34600
ATO,1997-06-11,25.25,25.5,25.0,25.125,9.36912727355957,22800
ATO,1997-06-12,25.125,25.125,24.875,25.125,9.36912727355957,13500
ATO,1997-06-13,24.875,25.0,24.75,24.875,9.27589511871338,14700
ATO,1997-06-16,24.75,24.875,24.625,24.875,9.27589511871338,29800
ATO,1997-06-17,24.875,24.875,24.5,24.75,9.229284286499023,12600
ATO,1997-06-18,24.75,24.75,24.375,24.5,9.136061668395996,13200
ATO,1997-06-19,24.5,24.75,24.5,24.75,9.229284286499023,11700
ATO,1997-06-20,24.75,24.75,24.375,24.375,9.089449882507324,26400
ATO,1997-06-23,24.625,24.875,24.625,24.75,9.229284286499023,5000
ATO,1997-06-24,24.8125,24.8125,24.125,24.125,8.996223449707031,34800
ATO,1997-06-25,24.25,24.25,24.0,24.125,8.996223449707031,20700
ATO,1997-06-26,24.125,24.25,23.75,23.8125,8.879694938659668,17100
ATO,1997-06-27,23.8125,23.875,23.5625,23.75,8.856385231018066,24600
ATO,1997-06-30,23.625,24.25,23.625,24.0,8.949612617492676,27800
ATO,1997-07-01,24.0,24.375,23.75,23.9375,8.92630672454834,23200
ATO,1997-07-02,24.125,24.25,23.875,23.9375,8.92630672454834,11400
ATO,1997-07-03,23.9375,24.125,23.5,23.875,8.903003692626953,13000
ATO,1997-07-07,23.625,24.125,23.5,24.125,8.996223449707031,11700
ATO,1997-07-08,24.125,24.125,24.0,24.0,8.949612617492676,12300
ATO,1997-07-09,24.25,24.25,23.75,23.75,8.856385231018066,12700
ATO,1997-07-10,23.875,23.9375,23.625,23.875,8.903003692626953,6600
ATO,1997-07-11,23.9375,24.5,23.8125,24.25,9.042840957641602,9100
ATO,1997-07-14,24.0625,24.25,23.8125,24.25,9.042840957641602,17100
ATO,1997-07-15,24.25,24.25,24.0625,24.0625,8.972918510437012,10700
ATO,1997-07-16,24.125,24.625,24.125,24.4375,9.11275577545166,21200
ATO,1997-07-17,24.375,24.4375,24.125,24.1875,9.01953125,7200
ATO,1997-07-18,24.1875,24.5,24.0,24.4375,9.11275577545166,41400
ATO,1997-07-21,24.1875,24.3125,24.0,24.125,8.996223449707031,19300
ATO,1997-07-22,24.3125,24.4375,24.25,24.25,9.042840957641602,27500
ATO,1997-07-23,24.25,24.5625,24.25,24.5,9.136061668395996,52900
ATO,1997-07-24,24.5,24.625,24.5,24.5,9.136061668395996,10200
ATO,1997-07-25,24.5625,24.5625,24.125,24.125,8.996223449707031,21400
ATO,1997-07-28,24.25,24.375,23.8125,24.125,8.996223449707031,10500
ATO,1997-07-29,24.125,24.375,24.125,24.25,9.042840957641602,10400
ATO,1997-07-30,24.125,24.25,23.8125,24.0,8.949612617492676,8600
ATO,1997-07-31,24.0,24.1875,23.875,24.0625,8.972918510437012,13600
ATO,1997-08-01,24.25,24.375,24.125,24.375,9.089449882507324,37000
ATO,1997-08-04,24.375,24.375,24.0625,24.125,8.996223449707031,34100
ATO,1997-08-05,24.1875,24.375,24.125,24.375,9.089449882507324,25100
ATO,1997-08-06,24.1875,24.4375,24.125,24.4375,9.11275577545166,21500
ATO,1997-08-07,24.4375,24.4375,24.0625,24.0625,8.972918510437012,86500
ATO,1997-08-08,24.0625,24.25,24.0625,24.0625,8.972918510437012,13100
ATO,1997-08-11,24.0625,24.125,24.0625,24.125,8.996223449707031,49800
ATO,1997-08-12,24.1875,24.3125,24.125,24.125,8.996223449707031,16300
ATO,1997-08-13,24.25,24.5,24.125,24.5,9.136061668395996,24500
ATO,1997-08-14,24.5,25.125,24.5,25.125,9.36912727355957,43000
ATO,1997-08-15,25.375,26.25,24.6875,24.8125,9.252589225769045,57300
ATO,1997-08-18,25.0,25.375,25.0,25.1875,9.392430305480955,48100
ATO,1997-08-19,25.375,26.1875,25.125,26.0625,9.71871852874756,57900
ATO,1997-08-20,26.0,26.25,25.75,26.125,9.742023468017578,28400
ATO,1997-08-21,26.0,26.25,25.75,25.9375,9.672103881835938,31900
ATO,1997-08-22,26.0,26.25,25.75,26.1875,9.765334129333496,28900
ATO,1997-08-25,26.125,27.375,26.125,27.0,10.068315505981444,62100
ATO,1997-08-26,26.875,27.4375,26.8125,27.375,10.20815372467041,96000
ATO,1997-08-27,27.375,27.5,27.1875,27.1875,10.138233184814451,30600
ATO,1997-08-28,27.3125,27.9375,27.125,27.125,10.114924430847168,25000
ATO,1997-08-29,27.125,27.25,27.125,27.25,10.161541938781738,10500
ATO,1997-09-02,27.1875,27.875,27.125,27.625,10.301376342773438,26200
ATO,1997-09-03,27.375,27.375,26.875,27.0,10.068315505981444,20600
ATO,1997-09-04,27.0,27.0,25.25,25.75,9.602184295654297,39600
ATO,1997-09-05,26.25,26.3125,25.875,26.0,9.695409774780272,57100
ATO,1997-09-08,25.875,27.0,25.75,26.6875,9.95177936553955,23300
ATO,1997-09-09,26.9375,27.1875,26.5625,27.0625,10.091620445251465,40500
ATO,1997-09-10,26.875,27.0625,26.875,26.9375,10.045005798339844,28600
ATO,1997-09-11,27.0,27.0,26.6875,27.0,10.068315505981444,26400
ATO,1997-09-12,27.0,27.0625,26.8125,27.0625,10.091620445251465,18300
ATO,1997-09-15,26.9375,27.0625,26.25,26.3125,9.81194305419922,17500
ATO,1997-09-16,26.5625,27.25,26.5625,27.25,10.161541938781738,30400
ATO,1997-09-17,27.25,27.5,27.0,27.5,10.254765510559082,26600
ATO,1997-09-18,27.25,27.4375,26.375,26.4375,9.858553886413574,11700
ATO,1997-09-19,25.9375,26.3125,25.6875,25.6875,9.578882217407228,28900
ATO,1997-09-22,25.4375,26.125,24.5,24.5,9.136061668395996,48200
ATO,1997-09-23,24.5,25.5,24.5,25.5,9.508962631225586,45500
ATO,1997-09-24,25.5,25.625,25.25,25.4375,9.48565673828125,20500
ATO,1997-09-25,25.5625,25.9375,25.5,25.5625,9.532264709472656,22000
ATO,1997-09-26,25.5625,26.0,25.5625,25.625,9.555572509765623,20700
ATO,1997-09-29,25.875,26.75,25.4375,25.5,9.508962631225586,28000
ATO,1997-09-30,25.3125,25.375,24.8125,24.875,9.27589511871338,33900
ATO,1997-10-01,25.0,25.9375,25.0,25.6875,9.578882217407228,28400
ATO,1997-10-02,25.4375,26.0,25.4375,25.75,9.602184295654297,15700
ATO,1997-10-03,25.9375,25.9375,25.4375,25.75,9.602184295654297,23100
ATO,1997-10-06,25.75,25.75,24.875,25.5,9.508962631225586,31000
ATO,1997-10-07,25.375,25.75,25.375,25.5625,9.532264709472656,14100
ATO,1997-10-08,25.5625,25.75,25.3125,25.5625,9.532264709472656,17000
ATO,1997-10-09,25.6875,25.75,25.4375,25.75,9.602184295654297,26700
ATO,1997-10-10,25.625,25.9375,25.5,25.6875,9.578882217407228,34500
ATO,1997-10-13,25.75,25.75,25.1875,25.375,9.462347030639648,20400
ATO,1997-10-14,25.5,25.75,25.125,25.5625,9.532264709472656,22200
ATO,1997-10-15,25.5,25.6875,25.0625,25.125,9.36912727355957,11900
ATO,1997-10-16,24.9375,25.0,24.5,24.6875,9.20598316192627,39500
ATO,1997-10-17,24.3125,26.1875,24.25,24.9375,9.29920768737793,72300
ATO,1997-10-20,24.9375,25.5625,24.875,25.5,9.508962631225586,17400
ATO,1997-10-21,25.6875,25.6875,25.5,25.5625,9.532264709472656,8100
ATO,1997-10-22,25.5625,25.6875,25.0625,25.3125,9.439043045043944,16600
ATO,1997-10-23,25.0625,25.3125,24.5625,24.625,9.182673454284668,26900
ATO,1997-10-24,24.8125,25.1875,24.625,25.125,9.36912727355957,13900
ATO,1997-10-27,24.9375,25.25,24.625,24.625,9.182673454284668,25100
ATO,1997-10-28,24.5,26.125,24.3125,26.0,9.695409774780272,48200
ATO,1997-10-29,25.75,26.0,25.3125,25.6875,9.578882217407228,30900
ATO,1997-10-30,25.4375,25.5,25.125,25.125,9.36912727355957,22900
ATO,1997-10-31,25.0,25.25,24.75,25.25,9.415736198425291,13800
ATO,1997-11-03,25.5,25.8125,25.4375,25.6875,9.578882217407228,19300
ATO,1997-11-04,25.6875,25.6875,25.1875,25.375,9.462347030639648,16700
ATO,1997-11-05,25.25,25.3125,25.125,25.3125,9.439043045043944,8000
ATO,1997-11-06,25.3125,25.3125,24.75,25.125,9.36912727355957,15800
ATO,1997-11-07,25.125,25.125,24.875,25.125,9.36912727355957,22800
ATO,1997-11-10,25.375,25.5,24.8125,24.875,9.27589511871338,17100
ATO,1997-11-11,24.9375,25.3125,24.9375,25.3125,9.439043045043944,15100
ATO,1997-11-12,25.125,25.3125,25.125,25.25,9.415736198425291,18200
ATO,1997-11-13,25.4375,25.4375,24.75,24.875,9.27589511871338,42900
ATO,1997-11-14,24.875,25.1875,24.5,25.125,9.36912727355957,40800
ATO,1997-11-17,25.0,25.875,25.0,25.8125,9.625493049621582,47900
ATO,1997-11-18,25.9375,26.0625,25.8125,25.8125,9.625493049621582,45400
ATO,1997-11-19,25.8125,26.4375,25.5625,26.0,9.695409774780272,20300
ATO,1997-11-20,26.0,27.125,26.0,27.125,10.114924430847168,49100
ATO,1997-11-21,27.0,27.0,26.75,26.8125,10.097036361694336,33400
ATO,1997-11-24,26.8125,27.0,26.625,26.8125,10.097036361694336,25800
ATO,1997-11-25,26.9375,26.9375,26.625,26.625,10.02642822265625,21900
ATO,1997-11-26,26.75,26.75,26.4375,26.5,9.979361534118652,10100
ATO,1997-11-28,26.5625,26.625,26.5,26.5625,10.002891540527344,22400
ATO,1997-12-01,26.4375,26.9375,26.4375,26.8125,10.097036361694336,39800
ATO,1997-12-02,26.8125,26.8125,26.5625,26.5625,10.002891540527344,16100
ATO,1997-12-03,26.625,26.9375,26.375,26.9375,10.144109725952148,23200
ATO,1997-12-04,26.875,26.875,26.625,26.75,10.07350730895996,16400
ATO,1997-12-05,26.8125,26.9375,26.75,26.9375,10.144109725952148,15600
ATO,1997-12-08,26.9375,27.0625,26.875,27.0625,10.19118309020996,24500
ATO,1997-12-09,27.0625,27.1875,26.875,27.1875,10.238255500793455,20900
ATO,1997-12-10,27.125,27.1875,26.875,26.9375,10.144109725952148,14500
ATO,1997-12-11,26.9375,26.9375,26.375,26.75,10.07350730895996,18200
ATO,1997-12-12,26.75,27.1875,26.6875,27.1875,10.238255500793455,22200
ATO,1997-12-15,27.0,27.125,26.875,27.125,10.21471881866455,16400
ATO,1997-12-16,27.125,27.875,27.125,27.5,10.35594081878662,114400
ATO,1997-12-17,27.75,27.875,27.625,27.6875,10.42654514312744,10900
ATO,1997-12-18,27.6875,27.75,27.5625,27.6875,10.42654514312744,22600
ATO,1997-12-19,27.9375,28.5625,27.625,28.5,10.732514381408691,105500
ATO,1997-12-22,28.5,29.375,28.5,29.375,11.062018394470217,38800
ATO,1997-12-23,29.125,29.25,29.125,29.1875,10.991415023803713,13000
ATO,1997-12-24,29.25,29.25,28.75,28.75,10.826661109924316,5000
ATO,1997-12-26,28.9375,28.9375,28.5,28.8125,10.85019302368164,8000
ATO,1997-12-29,28.9375,29.6875,28.9375,29.6875,11.179705619812012,35500
ATO,1997-12-30,29.75,30.5,29.75,30.4375,11.462141036987305,76900
ATO,1997-12-31,30.1875,30.25,29.9375,30.25,11.39153289794922,19600
ATO,1998-01-02,29.625,29.625,28.125,28.8125,10.85019302368164,87500
ATO,1998-01-05,28.625,28.625,27.375,28.625,10.779582977294922,92300
ATO,1998-01-06,28.5,28.625,28.0,28.5,10.732514381408691,102800
ATO,1998-01-07,28.4375,28.8125,28.0,28.125,10.591297149658203,188500
ATO,1998-01-08,28.0,28.375,27.75,28.25,10.638371467590332,85900
ATO,1998-01-09,28.125,28.125,27.0,27.0625,10.19118309020996,32400
ATO,1998-01-12,27.0,28.625,26.625,28.375,10.68544864654541,56600
ATO,1998-01-13,28.4375,28.5625,27.875,28.5,10.732514381408691,47200
ATO,1998-01-14,28.375,28.5,28.25,28.3125,10.661908149719238,61800
ATO,1998-01-15,28.25,28.5,28.125,28.375,10.68544864654541,142200
ATO,1998-01-16,28.375,28.625,28.375,28.5,10.732514381408691,29100
ATO,1998-01-20,28.5,28.5,28.25,28.25,10.638371467590332,15600
ATO,1998-01-21,28.25,28.3125,27.4375,27.625,10.403008460998535,39900
ATO,1998-01-22,27.75,27.8125,27.3125,27.375,10.308866500854492,12400
ATO,1998-01-23,27.125,27.3125,27.0625,27.125,10.21471881866455,8400
ATO,1998-01-26,27.125,27.1875,26.375,26.625,10.02642822265625,32400
ATO,1998-01-27,26.4375,27.0,26.4375,26.6875,10.049962043762209,18300
ATO,1998-01-28,26.625,26.875,26.625,26.875,10.120573043823242,13600
ATO,1998-01-29,27.0625,27.25,27.0,27.25,10.261794090270996,18600
ATO,1998-01-30,27.125,28.5,27.125,28.5,10.732514381408691,82000
ATO,1998-02-02,28.5625,28.5625,27.375,27.5625,10.379472732543944,43500
ATO,1998-02-03,27.5,27.6875,27.375,27.375,10.308866500854492,10600
ATO,1998-02-04,27.375,27.625,27.0,27.125,10.21471881866455,35000
ATO,1998-02-05,27.0625,27.25,26.6875,26.8125,10.097036361694336,10200
ATO,1998-02-06,26.8125,26.9375,26.75,26.875,10.120573043823242,25000
ATO,1998-02-09,26.625,26.75,26.0625,26.25,9.885210037231444,18700
ATO,1998-02-10,26.125,26.4375,26.125,26.3125,9.908747673034668,19800
ATO,1998-02-11,27.0,27.1875,26.9375,27.1875,10.238255500793455,42200
ATO,1998-02-12,27.1875,28.125,27.1875,27.6875,10.42654514312744,52800
ATO,1998-02-13,27.75,28.25,27.625,28.1875,10.614835739135742,47700
ATO,1998-02-17,28.375,28.75,28.25,28.75,10.826661109924316,40300
ATO,1998-02-18,28.625,28.75,28.4375,28.625,10.779582977294922,46500
ATO,1998-02-19,28.5,28.5625,28.375,28.5625,10.756046295166016,18900
ATO,1998-02-20,28.375,28.875,28.375,28.875,10.87373161315918,28400
ATO,1998-02-23,28.5,28.625,28.125,28.5,10.831924438476562,33700
ATO,1998-02-24,28.375,28.625,28.125,28.5,10.831924438476562,29600
ATO,1998-02-25,28.375,28.5,28.125,28.4375,10.808173179626465,24800
ATO,1998-02-26,28.5,29.125,28.5,29.0625,11.04571533203125,38900
ATO,1998-02-27,29.0,29.0,28.375,28.6875,10.903188705444336,20900
ATO,1998-03-02,28.8125,29.375,28.8125,29.25,11.116979598999023,48300
ATO,1998-03-03,29.125,29.5,29.0,29.5,11.211993217468262,26400
ATO,1998-03-04,29.5,30.3125,29.5,30.3125,11.520797729492188,94000
ATO,1998-03-05,30.25,30.25,29.75,29.75,11.307005882263184,22800
ATO,1998-03-06,29.625,29.75,29.125,29.125,11.069473266601562,15000
ATO,1998-03-09,29.125,29.75,29.0,29.6875,11.28325653076172,20400
ATO,1998-03-10,29.4375,29.5,29.125,29.375,11.164481163024902,54800
ATO,1998-03-11,29.25,29.9375,29.125,29.6875,11.28325653076172,32600
ATO,1998-03-12,29.75,29.8125,29.25,29.5,11.211993217468262,7100
ATO,1998-03-13,29.375,29.375,28.625,28.75,10.926946640014648,26800
ATO,1998-03-16,28.5,28.9375,28.46875,28.75,10.926946640014648,40200
ATO,1998-03-17,28.5,28.6875,28.3125,28.5625,10.85567855834961,7600
ATO,1998-03-18,28.4375,29.0,28.375,28.9375,10.998207092285156,12900
ATO,1998-03-19,29.0,29.0,28.6875,28.6875,10.903188705444336,13400
ATO,1998-03-20,28.75,28.8125,28.625,28.625,10.879429817199709,19500
ATO,1998-03-23,28.625,29.9375,28.625,29.875,11.354519844055176,135400
ATO,1998-03-24,29.875,29.875,29.125,29.1875,11.093225479125977,21600
ATO,1998-03-25,29.0,29.3125,28.5,28.9375,10.998207092285156,15500
ATO,1998-03-26,28.875,28.9375,28.5,28.8125,10.950695991516112,14400
ATO,1998-03-27,28.8125,29.0625,28.75,28.9375,10.998207092285156,10600
ATO,1998-03-30,28.875,29.0625,28.5,29.0625,11.04571533203125,35000
ATO,1998-03-31,28.9375,29.75,28.9375,29.625,11.259501457214355,37500
ATO,1998-04-01,29.6875,30.25,29.625,30.1875,11.473297119140623,36400
ATO,1998-04-02,30.0625,30.25,29.625,30.25,11.49704647064209,24000
ATO,1998-04-03,30.1875,30.25,29.625,29.75,11.307005882263184,11400
ATO,1998-04-06,29.625,29.8125,29.5,29.5625,11.235753059387209,21700
ATO,1998-04-07,29.5625,29.6875,29.125,29.1875,11.093225479125977,33900
ATO,1998-04-08,29.0625,29.5,29.0,29.0,11.021960258483888,22400
ATO,1998-04-09,29.625,29.625,29.125,29.375,11.164481163024902,31600
ATO,1998-04-13,29.1875,29.9375,29.1875,29.625,11.259501457214355,22500
ATO,1998-04-14,29.375,29.75,29.125,29.25,11.116979598999023,18700
ATO,1998-04-15,30.0,30.0,29.5625,29.625,11.259501457214355,30600
ATO,1998-04-16,29.5625,29.625,29.375,29.625,11.259501457214355,36200
ATO,1998-04-17,29.5,29.75,29.5,29.5625,11.235753059387209,9500
ATO,1998-04-20,29.5625,29.6875,29.375,29.5625,11.235753059387209,21200
ATO,1998-04-21,29.5,29.9375,29.5,29.9375,11.37827491760254,21600
ATO,1998-04-22,29.8125,30.0,29.75,29.875,11.354519844055176,13500
ATO,1998-04-23,29.9375,29.9375,29.6875,29.8125,11.33076286315918,26600
ATO,1998-04-24,29.625,29.625,28.875,29.0625,11.04571533203125,50400
ATO,1998-04-27,28.9375,29.0625,28.0625,28.8125,10.950695991516112,23300
ATO,1998-04-28,28.6875,29.75,28.6875,29.625,11.259501457214355,25700
ATO,1998-04-29,29.5,29.75,28.875,29.125,11.069473266601562,20200
ATO,1998-04-30,29.125,29.625,28.8125,29.4375,11.188241958618164,12600
ATO,1998-05-01,29.3125,29.3125,28.375,28.9375,10.998207092285156,36800
ATO,1998-05-04,29.125,30.0,29.125,29.75,11.307005882263184,25000
ATO,1998-05-05,29.5,30.25,29.5,29.8125,11.33076286315918,42900
ATO,1998-05-06,29.8125,30.0,29.75,30.0,11.40202808380127,23800
ATO,1998-05-07,29.9375,30.3125,29.9375,30.125,11.449535369873049,54600
ATO,1998-05-08,30.0,30.5,29.9375,30.0625,11.425783157348633,48300
ATO,1998-05-11,30.1875,30.3125,30.0,30.3125,11.520797729492188,28100
ATO,1998-05-12,30.3125,30.5,30.1875,30.375,11.5445556640625,40700
ATO,1998-05-13,30.3125,30.875,30.3125,30.75,11.68707275390625,67300
ATO,1998-05-14,30.5625,30.9375,30.5,30.8125,11.710833549499512,37400
ATO,1998-05-15,30.8125,30.875,30.75,30.8125,11.710833549499512,23400
ATO,1998-05-18,30.8125,30.9375,30.8125,30.9375,11.758337020874023,47800
ATO,1998-05-19,30.875,31.1875,30.875,31.0625,11.8058500289917,89800
ATO,1998-05-20,31.0,31.0625,30.0625,30.6875,11.663323402404783,62300
ATO,1998-05-21,30.5,30.5625,30.25,30.5625,11.71699333190918,53200
ATO,1998-05-22,30.375,30.375,29.3125,29.375,11.261731147766112,26400
ATO,1998-05-26,29.4375,29.9375,29.4375,29.625,11.35757827758789,18600
ATO,1998-05-27,29.8125,29.9375,29.0,29.3125,11.23777675628662,36400
ATO,1998-05-28,29.25,30.0,29.25,30.0,11.501348495483398,27100
ATO,1998-05-29,30.0,30.75,30.0,30.75,11.7888765335083,27500
ATO,1998-06-01,30.625,30.9375,30.3125,30.625,11.740958213806152,22100
ATO,1998-06-02,30.75,30.8125,30.4375,30.625,11.740958213806152,17200
ATO,1998-06-03,30.8125,30.8125,29.9375,30.25,11.59719181060791,16400
ATO,1998-06-04,30.0,30.125,29.8125,29.9375,11.477386474609377,13600
ATO,1998-06-05,30.1875,30.5,30.0,30.25,11.59719181060791,13900
ATO,1998-06-08,30.25,30.6875,30.25,30.625,11.740958213806152,31000
ATO,1998-06-09,30.625,30.6875,29.375,29.875,11.453421592712402,17300
ATO,1998-06-10,29.75,29.75,28.9375,29.5,11.30965805053711,48500
ATO,1998-06-11,29.4375,29.75,29.3125,29.75,11.40549659729004,16900
ATO,1998-06-12,29.6875,30.5,29.5,30.5,11.693037986755373,14800
ATO,1998-06-15,30.25,30.25,29.1875,29.6875,11.381542205810549,63300
ATO,1998-06-16,29.8125,29.8125,29.375,29.4375,11.285700798034668,46300
ATO,1998-06-17,29.625,30.25,29.625,29.9375,11.477386474609377,25900
ATO,1998-06-18,29.8125,29.9375,29.25,29.875,11.453421592712402,30100
ATO,1998-06-19,30.0625,30.125,29.625,29.6875,11.381542205810549,48700
ATO,1998-06-22,29.6875,29.8125,29.6875,29.8125,11.429465293884276,14400
ATO,1998-06-23,29.75,30.0,29.75,29.875,11.453421592712402,90500
ATO,1998-06-24,29.625,30.125,29.625,29.875,11.453421592712402,12400
ATO,1998-06-25,30.0,30.125,29.25,29.5,11.30965805053711,15600
ATO,1998-06-26,29.25,30.25,29.25,30.25,11.59719181060791,20000
ATO,1998-06-29,30.4375,30.4375,30.0,30.125,11.549269676208496,16600
ATO,1998-06-30,30.375,30.5,30.1875,30.5,11.693037986755373,30200
ATO,1998-07-01,30.5,30.9375,30.5,30.875,11.83680248260498,18600
ATO,1998-07-02,30.75,30.875,30.125,30.1875,11.573236465454102,19300
ATO,1998-07-06,30.0625,30.4375,29.625,30.3125,11.621153831481934,30700
ATO,1998-07-07,30.0625,30.125,29.625,30.0,11.501348495483398,54100
ATO,1998-07-08,29.75,29.8125,29.5,29.5,11.30965805053711,26800
ATO,1998-07-09,29.5,29.6875,29.25,29.375,11.261731147766112,38000
ATO,1998-07-10,29.25,29.3125,29.1875,29.3125,11.23777675628662,7100
ATO,1998-07-13,29.375,29.4375,29.1875,29.3125,11.23777675628662,10100
ATO,1998-07-14,29.3125,29.375,29.0,29.0625,11.14193058013916,21000
ATO,1998-07-15,29.1875,29.375,29.125,29.375,11.261731147766112,10200
ATO,1998-07-16,29.25,29.5625,29.25,29.5625,11.333619117736816,24300
ATO,1998-07-17,29.5625,29.875,29.46875,29.625,11.35757827758789,15700
ATO,1998-07-20,29.4375,29.625,29.4375,29.625,11.35757827758789,16000
ATO,1998-07-21,29.5,29.625,29.4375,29.5625,11.333619117736816,19300
ATO,1998-07-22,29.5625,29.5625,29.375,29.5625,11.333619117736816,24400
ATO,1998-07-23,29.4375,29.5625,29.4375,29.4375,11.285700798034668,19200
ATO,1998-07-24,29.3125,29.5,28.875,29.125,11.165888786315918,15700
ATO,1998-07-27,29.0,29.0625,28.25,28.9375,11.094013214111328,28600
ATO,1998-07-28,28.6875,29.25,28.5,29.125,11.165888786315918,34800
ATO,1998-07-29,29.125,29.75,29.0625,29.3125,11.23777675628662,30600
ATO,1998-07-30,29.125,30.03125,29.0625,30.0,11.501348495483398,34800
ATO,1998-07-31,29.875,30.1875,29.0,29.25,11.213814735412598,62500
ATO,1998-08-03,29.125,29.5,29.125,29.5,11.30965805053711,20400
ATO,1998-08-04,29.625,29.875,29.0625,29.6875,11.381542205810549,43200
ATO,1998-08-05,29.9375,29.9375,29.0,29.375,11.261731147766112,47600
ATO,1998-08-06,29.125,30.1875,29.0625,30.125,11.549269676208496,81500
ATO,1998-08-07,30.0,30.5,30.0,30.5,11.693037986755373,57400
ATO,1998-08-10,30.4375,30.4375,29.375,30.0,11.501348495483398,20900
ATO,1998-08-11,29.75,29.75,28.875,29.5,11.30965805053711,36800
ATO,1998-08-12,29.375,30.0625,29.375,29.875,11.453421592712402,29000
ATO,1998-08-13,29.625,29.8125,28.5625,28.6875,10.998160362243652,31100
ATO,1998-08-14,28.8125,29.4375,28.625,28.9375,11.094013214111328,21300
ATO,1998-08-17,28.75,28.9375,28.4375,28.5,10.92628002166748,36700
ATO,1998-08-18,28.4375,28.875,28.4375,28.5625,10.950240135192873,59800
ATO,1998-08-19,28.4375,28.5625,27.625,28.0,10.734590530395508,64100
ATO,1998-08-20,28.25,28.4375,28.125,28.4375,10.902321815490724,57300
ATO,1998-08-21,28.125,28.125,27.625,27.9375,10.81137752532959,43900
ATO,1998-08-24,28.0,28.3125,28.0,28.25,10.932308197021484,44700
ATO,1998-08-25,28.25,29.4375,28.25,28.8125,11.149982452392578,947800
ATO,1998-08-26,29.0625,29.375,29.0,29.3125,11.343481063842772,33200
ATO,1998-08-27,29.125,29.125,28.625,28.625,11.077427864074709,23800
ATO,1998-08-28,28.625,29.0,28.5625,28.6875,11.101613998413086,43700
ATO,1998-08-31,28.625,28.75,28.375,28.375,10.980688095092772,21800
ATO,1998-09-01,28.4375,28.6875,27.6875,27.6875,10.71462631225586,143800
ATO,1998-09-02,27.9375,27.9375,27.125,27.1875,10.521135330200195,90000
ATO,1998-09-03,27.0625,27.375,26.5625,27.375,10.593700408935549,57000
ATO,1998-09-04,27.625,27.625,26.5625,26.875,10.400203704833984,45100
ATO,1998-09-08,27.125,27.75,27.0,27.625,10.69044589996338,68000
ATO,1998-09-09,27.625,27.625,26.5,26.5625,10.279272079467772,29900
ATO,1998-09-10,25.75,25.75,24.75,25.75,9.964852333068848,84100
ATO,1998-09-11,25.6875,27.1875,25.6875,27.0,10.448580741882324,57400
ATO,1998-09-14,26.875,27.6875,26.875,27.6875,10.71462631225586,50900
ATO,1998-09-15,27.6875,28.0,27.25,28.0,10.835562705993652,52400
ATO,1998-09-16,28.0,28.0,27.25,27.5,10.642069816589355,19400
ATO,1998-09-17,27.3125,27.625,26.9375,27.625,10.69044589996338,23900
ATO,1998-09-18,28.0,28.0,27.375,27.9375,10.81137752532959,59500
ATO,1998-09-21,27.6875,27.8125,27.5,27.6875,10.71462631225586,24800
ATO,1998-09-22,27.75,28.0,27.6875,28.0,10.835562705993652,70500
ATO,1998-09-23,28.0,28.0,27.9375,28.0,10.835562705993652,48300
ATO,1998-09-24,27.625,27.875,27.0,27.625,10.69044589996338,42400
ATO,1998-09-25,27.625,27.625,27.25,27.5625,10.666261672973633,31000
ATO,1998-09-28,27.375,28.875,27.3125,27.875,10.787188529968262,53800
ATO,1998-09-29,27.875,28.25,27.75,28.0625,10.859746932983398,53500
ATO,1998-09-30,28.0625,28.5625,28.0,28.5625,11.053241729736328,188600
ATO,1998-10-01,28.5625,28.5625,28.3125,28.5,11.029052734375,24300
ATO,1998-10-02,28.375,29.1875,28.125,29.125,11.27092456817627,43100
ATO,1998-10-05,28.875,28.875,28.125,28.5625,11.053241729736328,25300
ATO,1998-10-06,28.3125,29.25,28.1875,29.0625,11.246737480163574,33500
ATO,1998-10-07,29.0625,29.5625,29.0,29.4375,11.391851425170898,50800
ATO,1998-10-08,29.3125,29.5,28.75,29.375,11.367667198181152,26000
ATO,1998-10-09,29.25,29.3125,29.0625,29.3125,11.343481063842772,9600
ATO,1998-10-12,29.0625,29.25,29.0625,29.1875,11.295104026794434,19700
ATO,1998-10-13,29.125,29.25,28.25,28.8125,11.149982452392578,52800
ATO,1998-10-14,28.8125,29.25,28.8125,29.1875,11.295104026794434,22400
ATO,1998-10-15,29.0625,29.4375,29.0625,29.0625,11.246737480163574,9800
ATO,1998-10-16,29.1875,29.8125,29.1875,29.4375,11.391851425170898,15300
ATO,1998-10-19,29.6875,29.75,28.875,29.0,11.222545623779297,28700
ATO,1998-10-20,29.125,29.8125,29.0625,29.375,11.367667198181152,54000
ATO,1998-10-21,29.25,29.5,29.25,29.5,11.416044235229492,24000
ATO,1998-10-22,29.75,29.9375,29.5,29.875,11.56116008758545,33200
ATO,1998-10-23,29.9375,30.375,29.9375,30.3125,11.730460166931152,58900
ATO,1998-10-26,30.125,30.1875,29.75,30.1875,11.682093620300291,26500
ATO,1998-10-27,30.1875,30.4375,30.1875,30.375,11.754652976989746,43100
ATO,1998-10-28,30.375,30.875,30.375,30.875,11.948140144348145,37500
ATO,1998-10-29,30.875,30.875,30.5,30.625,11.851402282714844,7100
ATO,1998-10-30,30.375,30.9375,29.6875,29.6875,11.488597869873049,26400
ATO,1998-11-02,29.4375,30.5625,29.1875,30.5625,11.82720947265625,15000
ATO,1998-11-03,30.5625,30.5625,29.8125,30.1875,11.682093620300291,16900
ATO,1998-11-04,30.4375,31.0,30.3125,31.0,11.996525764465332,15600
ATO,1998-11-05,30.75,32.25,30.75,31.625,12.238384246826172,70300
ATO,1998-11-06,31.375,31.9375,31.375,31.5625,12.214198112487791,15100
ATO,1998-11-09,31.375,31.375,30.0,30.0,11.609529495239258,21000
ATO,1998-11-10,29.75,31.0,29.75,31.0,11.996525764465332,31000
ATO,1998-11-11,30.9375,30.9375,30.4375,30.5,11.803024291992188,6300
ATO,1998-11-12,30.625,31.0,30.625,31.0,11.996525764465332,18600
ATO,1998-11-13,30.875,30.875,30.3125,30.5625,11.82720947265625,29600
ATO,1998-11-16,30.5625,30.875,30.4375,30.6875,11.875579833984377,25300
ATO,1998-11-17,30.5625,30.8125,30.5625,30.75,11.89976406097412,23100
ATO,1998-11-18,30.75,31.1875,30.75,31.125,12.044889450073242,33000
ATO,1998-11-19,31.125,31.5,31.0625,31.3125,12.117451667785645,36800
ATO,1998-11-20,31.0625,31.3125,30.9375,31.1875,12.06907844543457,27500
ATO,1998-11-23,31.125,31.4375,31.0625,31.25,12.200849533081056,45700
ATO,1998-11-24,31.25,31.375,30.875,31.0,12.103238105773926,12800
ATO,1998-11-25,31.0,31.125,30.375,31.0,12.103238105773926,26300
ATO,1998-11-27,30.875,31.0625,30.8125,31.0625,12.127639770507812,18700
ATO,1998-11-30,31.0,31.0,30.375,30.625,11.956827163696287,16700
ATO,1998-12-01,30.625,30.625,30.3125,30.625,11.956827163696287,42500
ATO,1998-12-02,30.625,30.625,30.0625,30.1875,11.786014556884766,7600
ATO,1998-12-03,30.0625,30.1875,29.875,30.0,11.71280574798584,43000
ATO,1998-12-04,29.75,29.75,27.625,28.5625,11.151568412780762,241500
ATO,1998-12-07,28.5625,29.5,28.3125,29.3125,11.44439697265625,82300
ATO,1998-12-08,29.4375,29.5625,29.125,29.3125,11.44439697265625,28100
ATO,1998-12-09,29.5,29.75,29.0,29.0625,11.34679126739502,22900
ATO,1998-12-10,28.8125,28.8125,28.25,28.375,11.078370094299316,48200
ATO,1998-12-11,28.375,28.625,28.375,28.625,11.175976753234863,37600
ATO,1998-12-14,28.5,29.4375,28.25,29.25,11.419994354248049,57700
ATO,1998-12-15,29.4375,30.0,29.375,29.9375,11.688410758972168,43200
ATO,1998-12-16,29.9375,30.0,29.375,29.875,11.664002418518066,54900
ATO,1998-12-17,30.375,30.375,29.9375,30.25,11.810422897338867,99600
ATO,1998-12-18,30.5,30.5625,30.25,30.4375,11.883622169494627,37400
ATO,1998-12-21,30.5625,31.25,30.5625,31.0,12.103238105773926,28200
ATO,1998-12-22,30.875,31.4375,30.875,31.4375,12.274051666259766,27800
ATO,1998-12-23,31.3125,31.5625,31.125,31.5,12.298452377319336,51600
ATO,1998-12-24,31.5,31.625,31.3125,31.5,12.298452377319336,16600
ATO,1998-12-28,31.5,31.9375,31.375,31.5625,12.322856903076172,14900
ATO,1998-12-29,31.5625,31.625,31.5,31.625,12.34725856781006,33500
ATO,1998-12-30,31.375,32.25,31.375,32.25,12.591273307800291,34000
ATO,1998-12-31,32.25,32.25,32.0625,32.25,12.591273307800291,24400
ATO,1999-01-04,32.5,33.0,32.25,32.6875,12.762086868286133,35800
ATO,1999-01-05,32.0,32.75,31.5625,31.625,12.34725856781006,37500
ATO,1999-01-06,31.625,31.875,31.1875,31.3125,12.225249290466309,13500
ATO,1999-01-07,31.0625,31.25,30.25,30.4375,11.883622169494627,29900
ATO,1999-01-08,30.25,30.625,29.75,30.625,11.956827163696287,27800
ATO,1999-01-11,30.375,30.375,28.875,29.75,11.615203857421877,34800
ATO,1999-01-12,29.5625,30.0625,29.5,29.875,11.664002418518066,28200
ATO,1999-01-13,29.75,30.75,29.5,30.75,12.00562858581543,34000
ATO,1999-01-14,30.75,31.125,30.25,30.3125,11.834815979003906,17000
ATO,1999-01-15,30.25,30.625,30.25,30.625,11.956827163696287,12700
ATO,1999-01-19,30.5,30.5,29.6875,29.6875,11.590802192687988,9100
ATO,1999-01-20,29.4375,30.25,29.3125,30.25,11.810422897338867,29700
ATO,1999-01-21,30.0,30.0,29.25,29.375,11.468793869018556,43900
ATO,1999-01-22,29.3125,29.625,29.25,29.4375,11.493197441101074,38800
ATO,1999-01-25,29.5625,29.5625,29.1875,29.3125,11.44439697265625,21500
ATO,1999-01-26,29.125,29.4375,29.0625,29.3125,11.44439697265625,15600
ATO,1999-01-27,29.3125,29.375,29.1875,29.3125,11.44439697265625,60600
ATO,1999-01-28,29.3125,29.5,29.25,29.375,11.468793869018556,35100
ATO,1999-01-29,29.375,29.8125,29.3125,29.8125,11.63961124420166,58500
ATO,1999-02-01,29.6875,29.6875,28.375,28.625,11.175976753234863,36000
ATO,1999-02-02,28.875,28.9375,27.75,28.9375,11.297982215881348,40800
ATO,1999-02-03,28.6875,28.6875,27.75,28.125,10.98076343536377,23300
ATO,1999-02-04,28.0,28.0,27.625,27.75,10.834351539611816,25300
ATO,1999-02-05,27.625,27.75,27.0625,27.0625,10.56593418121338,17300
ATO,1999-02-08,27.0625,27.1875,26.5,26.5,10.346321105957031,32800
ATO,1999-02-09,26.5,26.5,25.9375,26.25,10.248711585998535,67700
ATO,1999-02-10,26.125,26.375,25.625,25.75,10.053499221801758,93700
ATO,1999-02-11,25.875,25.9375,24.8125,25.75,10.053499221801758,30100
ATO,1999-02-12,25.5,25.5625,25.125,25.3125,9.882682800292969,18300
ATO,1999-02-16,25.375,25.5,25.0,25.0,9.760675430297852,24800
ATO,1999-02-17,25.0625,25.125,24.75,25.0,9.760675430297852,45300
ATO,1999-02-18,24.8125,25.0,24.75,24.9375,9.73627471923828,24100
ATO,1999-02-19,24.9375,24.9375,24.375,24.5,9.565463066101074,26400
ATO,1999-02-22,24.4375,24.5625,24.1875,24.375,9.516660690307615,91800
ATO,1999-02-23,24.125,24.75,24.125,24.25,9.575897216796877,38200
ATO,1999-02-24,24.5,25.0,23.25,23.25,9.18101692199707,45000
ATO,1999-02-25,23.25,24.375,23.25,24.0,9.477171897888184,1217600
ATO,1999-02-26,24.0625,25.5,24.0,24.0,9.477171897888184,69900
ATO,1999-03-01,24.0,26.25,23.5,24.125,9.526529312133787,89100
ATO,1999-03-02,24.0,25.0,23.8125,24.375,9.625252723693848,17000
ATO,1999-03-03,24.25,24.3125,23.625,23.625,9.329086303710938,22500
ATO,1999-03-04,23.625,23.875,23.25,23.625,9.329086303710938,79300
ATO,1999-03-05,23.875,24.5,23.375,23.4375,9.255049705505373,69200
ATO,1999-03-08,23.625,23.625,23.0,23.375,9.23037052154541,79100
ATO,1999-03-09,23.25,23.625,23.1875,23.625,9.329086303710938,57300
ATO,1999-03-10,23.5,23.5,23.0,23.0625,9.106968879699709,69700
ATO,1999-03-11,23.125,23.8125,23.125,23.625,9.329086303710938,27500
ATO,1999-03-12,23.5625,23.875,23.5,23.5,9.279733657836914,24500
ATO,1999-03-15,23.5625,23.9375,23.5,23.625,9.329086303710938,53800
ATO,1999-03-16,23.5625,23.625,23.125,23.1875,9.156329154968262,53800
ATO,1999-03-17,23.125,23.375,23.0,23.375,9.23037052154541,27000
ATO,1999-03-18,23.375,24.125,23.125,23.25,9.18101692199707,84400
ATO,1999-03-19,23.0,24.5,23.0,24.3125,9.600570678710938,64800
ATO,1999-03-22,24.0625,24.5,23.8125,23.875,9.427811622619627,23700
ATO,1999-03-23,23.75,23.75,23.0625,23.125,9.131653785705566,30500
ATO,1999-03-24,23.3125,24.0,23.0625,23.3125,9.205690383911133,116800
ATO,1999-03-25,23.0,23.6875,22.75,23.6875,9.353771209716797,104100
ATO,1999-03-26,23.5625,24.0625,23.5,23.9375,9.452494621276855,74000
ATO,1999-03-29,23.875,24.25,23.875,24.0,9.477171897888184,50300
ATO,1999-03-30,24.125,24.1875,23.875,24.125,9.526529312133787,156500
ATO,1999-03-31,24.0625,24.125,24.0,24.0625,9.501851081848145,51300
ATO,1999-04-01,24.125,24.25,24.0625,24.25,9.575897216796877,18000
ATO,1999-04-05,24.375,25.0,24.375,24.5625,9.69929313659668,96900
ATO,1999-04-06,24.3125,24.3125,23.875,24.0625,9.501851081848145,40900
ATO,1999-04-07,24.0,24.5,23.9375,24.0,9.477171897888184,46800
ATO,1999-04-08,23.9375,24.1875,23.875,24.1875,9.5512113571167,27000
ATO,1999-04-09,24.125,25.125,24.125,25.125,9.92141342163086,60500
ATO,1999-04-12,25.125,25.9375,25.0,25.9375,10.242253303527832,63200
ATO,1999-04-13,25.8125,26.625,25.6875,26.3125,10.390336036682127,129600
ATO,1999-04-14,26.5,27.375,26.1875,26.25,10.365653038024902,41700
ATO,1999-04-15,26.3125,27.0,26.0625,26.0625,10.291613578796388,20700
ATO,1999-04-16,25.9375,26.25,25.625,26.0625,10.291613578796388,17200
ATO,1999-04-19,26.0,26.3125,26.0,26.1875,10.34097671508789,8500
ATO,1999-04-20,26.1875,26.4375,25.75,26.125,10.316299438476562,32600
ATO,1999-04-21,25.875,26.9375,25.875,26.1875,10.34097671508789,37200
ATO,1999-04-22,26.1875,26.25,25.5,25.5625,10.094173431396484,27200
ATO,1999-04-23,25.4375,25.625,25.4375,25.5,10.069494247436523,9700
ATO,1999-04-26,25.375,25.9375,25.125,25.5625,10.094173431396484,42300
ATO,1999-04-27,25.6875,26.5,25.6875,26.25,10.365653038024902,16500
ATO,1999-04-28,26.25,26.25,25.5,25.5,10.069494247436523,21900
ATO,1999-04-29,25.75,26.0,25.125,25.25,9.970773696899414,30400
ATO,1999-04-30,25.25,25.375,25.0,25.25,9.970773696899414,37900
ATO,1999-05-03,25.3125,25.4375,25.25,25.25,9.970773696899414,26500
ATO,1999-05-04,25.25,25.375,24.8125,24.875,9.82269287109375,40800
ATO,1999-05-05,24.625,24.78125,24.125,24.3125,9.600570678710938,31600
ATO,1999-05-06,24.1875,24.375,23.875,24.25,9.575897216796877,22000
ATO,1999-05-07,24.25,24.375,23.8125,24.125,9.526529312133787,19200
ATO,1999-05-10,23.875,25.5,23.75,24.25,9.575897216796877,62000
ATO,1999-05-11,24.375,25.375,24.375,25.25,9.970773696899414,19800
ATO,1999-05-12,25.25,25.3125,24.5625,24.5625,9.69929313659668,14300
ATO,1999-05-13,24.3125,25.0625,24.25,25.0625,9.896738052368164,56600
ATO,1999-05-14,24.875,25.625,24.625,25.0625,9.896738052368164,29500
ATO,1999-05-17,24.8125,25.1875,24.5,24.875,9.82269287109375,26300
ATO,1999-05-18,24.8125,25.125,24.5625,24.75,9.773335456848145,29100
ATO,1999-05-19,24.625,25.25,24.625,24.8125,9.798016548156738,23000
ATO,1999-05-20,24.8125,25.1875,24.75,24.8125,9.798016548156738,30100
ATO,1999-05-21,24.75,25.5,24.75,25.3125,10.107474327087402,26300
ATO,1999-05-24,25.3125,25.4375,25.125,25.4375,10.157391548156738,23900
ATO,1999-05-25,24.875,25.625,24.875,25.5,10.182347297668455,1309400
ATO,1999-05-26,25.625,25.625,25.375,25.4375,10.157391548156738,21700
ATO,1999-05-27,25.4375,25.875,25.25,25.5,10.182347297668455,16100
ATO,1999-05-28,25.5,25.9375,25.375,25.375,10.13243293762207,22000
ATO,1999-06-01,25.875,25.875,25.4375,25.625,10.232264518737791,23600
ATO,1999-06-02,25.875,25.9375,25.75,25.875,10.332087516784668,14600
ATO,1999-06-03,25.9375,26.125,25.8125,26.0,10.381999015808104,50900
ATO,1999-06-04,26.125,26.1875,26.0,26.0625,10.406954765319824,21700
ATO,1999-06-07,26.3125,26.3125,25.75,25.875,10.332087516784668,22200
ATO,1999-06-08,25.875,26.0,25.6875,26.0,10.381999015808104,27800
ATO,1999-06-09,26.0,26.0,25.75,25.875,10.332087516784668,8000
ATO,1999-06-10,25.75,25.75,24.8125,25.1875,10.05756378173828,58700
ATO,1999-06-11,25.0625,25.5,24.8125,25.0,9.982694625854492,30700
ATO,1999-06-14,25.25,25.25,24.8125,24.8125,9.90782642364502,14800
ATO,1999-06-15,24.875,25.375,24.375,25.375,10.13243293762207,13700
ATO,1999-06-16,25.1875,25.875,25.1875,25.875,10.332087516784668,11500
ATO,1999-06-17,25.625,26.0,25.5,25.75,10.282171249389648,43400
ATO,1999-06-18,26.125,26.125,25.8125,25.8125,10.30713176727295,31600
ATO,1999-06-21,25.6875,25.6875,25.25,25.375,10.13243293762207,13400
ATO,1999-06-22,25.25,25.4375,25.0,25.125,10.032605171203612,19200
ATO,1999-06-23,25.25,26.0,25.25,26.0,10.381999015808104,23100
ATO,1999-06-24,26.0,26.0,25.5625,25.5625,10.207304000854492,18500
ATO,1999-06-25,25.4375,26.0,25.4375,25.625,10.232264518737791,19400
ATO,1999-06-28,25.875,25.9375,25.8125,25.9375,10.35704231262207,22100
ATO,1999-06-29,26.0,26.0,25.75,25.9375,10.35704231262207,28300
ATO,1999-06-30,25.9375,25.9375,24.875,25.0,9.982694625854492,45500
ATO,1999-07-01,25.125,25.375,24.875,25.0,9.982694625854492,23900
ATO,1999-07-02,24.75,25.25,24.5,24.9375,9.957737922668455,36200
ATO,1999-07-06,24.875,25.1875,24.3125,24.5,9.783041954040527,28400
ATO,1999-07-07,24.3125,24.9375,24.3125,24.4375,9.75808048248291,23000
ATO,1999-07-08,24.3125,25.25,24.125,25.0625,10.007652282714844,35700
ATO,1999-07-09,25.0625,25.5,25.0625,25.5,10.182347297668455,22400
ATO,1999-07-12,25.25,26.25,25.25,25.5625,10.207304000854492,57300
ATO,1999-07-13,25.625,25.8125,25.125,25.375,10.13243293762207,42600
ATO,1999-07-14,25.1875,25.375,25.125,25.375,10.13243293762207,31700
ATO,1999-07-15,25.375,25.8125,25.1875,25.8125,10.30713176727295,28200
ATO,1999-07-16,25.75,25.8125,25.625,25.8125,10.30713176727295,33700
ATO,1999-07-19,25.625,25.625,25.375,25.4375,10.157391548156738,34200
ATO,1999-07-20,25.25,25.4375,25.125,25.375,10.13243293762207,20100
ATO,1999-07-21,25.375,25.8125,25.1875,25.3125,10.107474327087402,24900
ATO,1999-07-22,25.1875,25.375,24.9375,25.1875,10.05756378173828,34100
ATO,1999-07-23,25.125,25.375,25.0,25.1875,10.05756378173828,58100
ATO,1999-07-26,25.125,25.3125,25.0625,25.1875,10.05756378173828,10700
ATO,1999-07-27,25.125,25.1875,25.0625,25.125,10.032605171203612,13200
ATO,1999-07-28,25.125,25.1875,24.9375,25.0,9.982694625854492,159100
ATO,1999-07-29,25.0,25.0,24.8125,24.875,9.932779312133787,34300
ATO,1999-07-30,24.8125,25.0,24.8125,25.0,9.982694625854492,14700
ATO,1999-08-02,25.0,25.0,24.9375,25.0,9.982694625854492,17100
ATO,1999-08-03,24.875,24.875,24.5625,24.6875,9.857908248901367,10900
ATO,1999-08-04,24.5625,24.8125,24.5,24.5625,9.80799674987793,19700
ATO,1999-08-05,24.8125,25.0,24.25,25.0,9.982694625854492,26100
ATO,1999-08-06,25.0,25.0,24.75,24.9375,9.957737922668455,31800
ATO,1999-08-09,24.9375,24.9375,24.5,24.5625,9.80799674987793,59900
ATO,1999-08-10,24.4375,24.875,24.4375,24.875,9.932779312133787,27500
ATO,1999-08-11,24.875,24.875,24.375,24.5625,9.80799674987793,22000
ATO,1999-08-12,24.3125,24.5625,24.3125,24.5625,9.80799674987793,20600
ATO,1999-08-13,24.6875,24.8125,24.4375,24.75,9.882867813110352,215500
ATO,1999-08-16,24.75,25.0,24.625,25.0,9.982694625854492,15900
ATO,1999-08-17,25.0,25.1875,24.875,25.15625,10.045086860656738,136600
ATO,1999-08-18,25.1875,25.4375,25.0,25.4375,10.157391548156738,25000
ATO,1999-08-19,25.25,25.3125,25.1875,25.3125,10.107474327087402,11400
ATO,1999-08-20,25.5,26.375,25.5,26.375,10.531736373901367,46000
ATO,1999-08-23,26.1875,26.1875,25.25,25.25,10.188750267028809,17400
ATO,1999-08-24,25.0,25.0,24.75,24.9375,10.062655448913574,95000
ATO,1999-08-25,24.8125,25.75,24.8125,25.75,10.390509605407717,1372000
ATO,1999-08-26,25.625,25.625,24.875,25.0625,10.113097190856934,16800
ATO,1999-08-27,25.0625,25.8125,25.0,25.375,10.239192962646484,31900
ATO,1999-08-30,25.3125,25.3125,25.0,25.0625,10.113097190856934,23300
ATO,1999-08-31,25.0,25.25,25.0,25.0625,10.113097190856934,12000
ATO,1999-09-01,25.0625,25.1875,25.0,25.0,10.087876319885254,14700
ATO,1999-09-02,25.0,25.0625,25.0,25.0,10.087876319885254,254100
ATO,1999-09-03,25.125,25.4375,25.0,25.375,10.239192962646484,19600
ATO,1999-09-07,25.3125,25.4375,25.0,25.0,10.087876319885254,18600
ATO,1999-09-08,25.125,25.375,25.125,25.375,10.239192962646484,4500
ATO,1999-09-09,25.375,25.4375,25.25,25.375,10.239192962646484,14400
ATO,1999-09-10,25.3125,25.3125,24.625,24.625,9.936555862426758,57000
ATO,1999-09-13,25.0,25.5,25.0,25.125,10.13831615447998,28500
ATO,1999-09-14,25.0,25.125,25.0,25.0,10.087876319885254,36300
ATO,1999-09-15,25.125,25.1875,25.0,25.125,10.13831615447998,7400
ATO,1999-09-16,25.0,25.25,24.75,24.75,9.986997604370115,29800
ATO,1999-09-17,24.625,24.75,24.125,24.25,9.78524398803711,38900
ATO,1999-09-20,24.375,24.5,24.125,24.3125,9.81045627593994,20100
ATO,1999-09-21,24.3125,24.375,23.875,24.0,9.68436050415039,32200
ATO,1999-09-22,24.0,24.3125,24.0,24.25,9.78524398803711,15000
ATO,1999-09-23,24.375,24.75,24.375,24.625,9.936555862426758,16300
ATO,1999-09-24,24.875,24.875,24.0,24.125,9.734797477722168,32800
ATO,1999-09-27,24.0625,24.5,24.0,24.4375,9.860895156860352,18100
ATO,1999-09-28,24.4375,24.8125,24.25,24.8125,10.012219429016112,40400
ATO,1999-09-29,24.625,24.75,24.5625,24.625,9.936555862426758,45600
ATO,1999-09-30,24.5,24.8125,23.75,24.125,9.734797477722168,109300
ATO,1999-10-01,24.0625,24.125,23.75,23.875,9.63392162322998,20600
ATO,1999-10-04,23.9375,24.75,23.9375,24.6875,9.961773872375488,24500
ATO,1999-10-05,24.8125,25.0,24.5625,24.625,9.936555862426758,15100
ATO,1999-10-06,24.75,25.0,24.5,25.0,10.087876319885254,28400
ATO,1999-10-07,25.0,25.0,24.875,25.0,10.087876319885254,8200
ATO,1999-10-08,24.875,25.0,24.25,24.375,9.835678100585938,22100
ATO,1999-10-11,24.375,24.5625,24.25,24.4375,9.860895156860352,4500
ATO,1999-10-12,24.5,24.9375,24.375,24.75,9.986997604370115,22700
ATO,1999-10-13,24.8125,24.8125,24.0,24.046875,9.703274726867676,28800
ATO,1999-10-14,24.125,24.125,23.75,24.0,9.68436050415039,30700
ATO,1999-10-15,24.0,24.0,23.75,23.8125,9.6087007522583,48400
ATO,1999-10-18,23.875,23.9375,23.6875,23.9375,9.659144401550291,18200
ATO,1999-10-19,24.0,24.1875,23.625,23.875,9.63392162322998,19200
ATO,1999-10-20,23.6875,23.6875,23.125,23.125,9.331287384033203,43100
ATO,1999-10-21,23.125,23.5,23.125,23.3125,9.406944274902344,15000
ATO,1999-10-22,23.375,23.5,23.0,23.5,9.482604026794434,30100
ATO,1999-10-25,23.5,23.6875,23.3125,23.375,9.432164192199709,16700
ATO,1999-10-26,23.125,23.25,22.6875,23.0625,9.306062698364258,86800
ATO,1999-10-27,23.0,23.25,23.0,23.1875,9.3565034866333,34700
ATO,1999-10-28,23.25,23.5,23.125,23.25,9.381731033325195,15900
ATO,1999-10-29,23.25,23.25,22.5,22.6875,9.154745101928713,72600
ATO,1999-11-01,22.75,23.0,22.6875,23.0,9.280844688415527,34100
ATO,1999-11-02,22.9375,23.125,22.9375,23.0625,9.306062698364258,17900
ATO,1999-11-03,23.0,23.3125,23.0,23.125,9.331287384033203,25600
ATO,1999-11-04,23.25,23.625,23.125,23.1875,9.3565034866333,17200
ATO,1999-11-05,23.0,23.1875,22.5625,22.625,9.129524230957031,53500
ATO,1999-11-08,22.625,23.0,22.625,22.625,9.129524230957031,27000
ATO,1999-11-09,22.5625,22.9375,22.5625,22.625,9.129524230957031,52300
ATO,1999-11-10,22.75,23.0625,22.5625,22.9375,9.255629539489746,31500
ATO,1999-11-11,22.75,23.125,22.75,22.8125,9.205183029174805,12000
ATO,1999-11-12,22.5625,22.8125,22.375,22.6875,9.154745101928713,302300
ATO,1999-11-15,22.8125,23.0625,22.5625,22.75,9.17996311187744,54900
ATO,1999-11-16,22.625,22.875,22.5625,22.75,9.17996311187744,26300
ATO,1999-11-17,22.625,22.8125,22.5,22.5625,9.104308128356934,78300
ATO,1999-11-18,22.6875,22.6875,22.25,22.5,9.079083442687988,65400
ATO,1999-11-19,22.625,22.75,22.5,22.625,9.129524230957031,145100
ATO,1999-11-22,22.5625,22.5625,22.25,22.375,9.143826484680176,103400
ATO,1999-11-23,22.375,22.5,22.3125,22.5,9.194911003112791,24900
ATO,1999-11-24,22.4375,22.5,22.375,22.5,9.194911003112791,1715200
ATO,1999-11-26,22.375,22.5,22.1875,22.375,9.143826484680176,23900
ATO,1999-11-29,22.25,22.3125,22.0,22.25,9.092744827270508,36300
ATO,1999-11-30,22.125,22.3125,22.0,22.3125,9.118287086486816,41600
ATO,1999-12-01,22.3125,22.3125,21.875,22.25,9.092744827270508,48800
ATO,1999-12-02,22.125,22.5,22.125,22.4375,9.169371604919434,14200
ATO,1999-12-03,22.375,22.5,22.25,22.4375,9.169371604919434,29600
ATO,1999-12-06,22.375,22.6875,22.125,22.3125,9.118287086486816,182900
ATO,1999-12-07,22.125,22.375,22.0,22.0625,9.016124725341797,35100
ATO,1999-12-08,22.0625,22.0625,21.6875,21.875,8.939495086669922,28600
ATO,1999-12-09,21.75,21.75,21.0,21.0625,8.607460021972656,70700
ATO,1999-12-10,21.1875,21.1875,20.875,21.1875,8.65854263305664,29000
ATO,1999-12-13,20.9375,21.0,20.75,20.875,8.530834197998047,87800
ATO,1999-12-14,20.875,21.125,20.8125,21.125,8.633002281188965,46200
ATO,1999-12-15,21.0625,21.5,21.0,21.5,8.786248207092285,63700
ATO,1999-12-16,21.5,21.5,21.0,21.125,8.633002281188965,19700
ATO,1999-12-17,21.0,21.0,20.5,20.5,8.37758731842041,65100
ATO,1999-12-20,20.5,21.125,20.4375,21.0,8.581918716430664,61200
ATO,1999-12-21,21.0625,21.375,21.0,21.1875,8.65854263305664,31900
ATO,1999-12-22,21.0625,21.25,21.0,21.1875,8.65854263305664,20100
ATO,1999-12-23,21.0625,21.0625,20.5,20.75,8.479750633239746,68300
ATO,1999-12-27,20.5625,21.0,20.5,20.625,8.428669929504395,45400
ATO,1999-12-28,20.5625,20.75,20.25,20.53125,8.390358924865723,31000
ATO,1999-12-29,20.25,20.4375,20.25,20.4375,8.352046012878418,27500
ATO,1999-12-30,20.3125,20.4375,20.0,20.0,8.173254013061523,60900
ATO,1999-12-31,20.0,20.4375,19.625,20.4375,8.352046012878418,47600
ATO,2000-01-03,20.0,20.3125,20.0,20.0625,8.198796272277832,36600
ATO,2000-01-04,20.0,20.0,19.5625,19.5625,7.994464874267578,143800
ATO,2000-01-05,19.5625,20.5,19.5625,20.1875,8.24988079071045,251700
ATO,2000-01-06,20.0,20.0,19.75,19.875,8.122169494628906,24300
ATO,2000-01-07,19.75,20.0625,19.75,20.0625,8.198796272277832,228900
ATO,2000-01-10,20.0,20.0625,19.75,19.8125,8.09663200378418,57300
ATO,2000-01-11,19.8125,19.9375,19.75,19.8125,8.09663200378418,155600
ATO,2000-01-12,19.8125,19.8125,19.5,19.5,7.968918800354004,32500
ATO,2000-01-13,19.625,19.625,18.875,19.125,7.815676689147949,55500
ATO,2000-01-14,19.25,19.375,18.8125,18.8125,7.687966346740723,75900
ATO,2000-01-18,18.875,18.875,18.625,18.75,7.662425994873047,70400
ATO,2000-01-19,18.875,18.875,18.5,18.625,7.611341953277588,42500
ATO,2000-01-20,18.625,18.6875,18.5,18.5625,7.585800647735596,40300
ATO,2000-01-21,18.5,18.625,18.125,18.25,7.458096504211426,170900
ATO,2000-01-24,18.75,18.875,18.0,18.25,7.458096504211426,109100
ATO,2000-01-25,18.25,18.375,17.25,17.75,7.253758907318115,63400
ATO,2000-01-26,17.9375,17.9375,16.75,16.9375,6.9217305183410645,72700
ATO,2000-01-27,17.0,17.375,16.875,17.0,6.947268486022949,34900
ATO,2000-01-28,17.125,17.25,16.75,16.75,6.845102787017822,50600
ATO,2000-01-31,16.875,17.75,16.875,17.5,7.151598930358887,72400
ATO,2000-02-01,17.625,18.0,17.5,17.75,7.253758907318115,36000
ATO,2000-02-02,17.625,17.875,17.375,17.4375,7.126057624816895,44100
ATO,2000-02-03,17.4375,17.875,17.375,17.8125,7.279308319091797,56200
ATO,2000-02-04,17.5625,17.8125,17.5,17.6875,7.228222370147705,62300
ATO,2000-02-07,17.6875,17.75,17.375,17.375,7.100516319274902,45900
ATO,2000-02-08,17.4375,17.5,17.25,17.3125,7.074974536895752,51000
ATO,2000-02-09,17.5625,17.5625,17.25,17.375,7.100516319274902,197700
ATO,2000-02-10,17.5,17.5,17.125,17.1875,7.023890495300293,40400
ATO,2000-02-11,17.0,17.1875,15.875,15.875,6.487521648406982,94100
ATO,2000-02-14,16.125,16.875,16.125,16.8125,6.870641231536865,59300
ATO,2000-02-15,16.8125,18.25,16.8125,17.4375,7.126057624816895,96500
ATO,2000-02-16,17.375,18.0625,17.25,17.75,7.253758907318115,32600
ATO,2000-02-17,17.75,18.125,17.625,17.875,7.30484676361084,41700
ATO,2000-02-18,17.6875,17.875,17.125,17.1875,7.023890495300293,61500
ATO,2000-02-22,17.1875,17.1875,16.25,16.5625,6.768476963043213,78600
ATO,2000-02-23,16.3125,16.875,16.25,16.5625,6.886985778808594,35400
ATO,2000-02-24,16.5,16.5,15.8125,16.0,6.653088092803955,46500
ATO,2000-02-25,16.125,16.125,15.6875,15.8125,6.5751237869262695,4023800
ATO,2000-02-28,15.875,16.3125,15.875,16.25,6.757040500640869,70100
ATO,2000-02-29,16.0,17.125,16.0,17.125,7.120880603790283,86300
ATO,2000-03-01,17.25,17.25,16.4375,16.5,6.860996246337891,44700
ATO,2000-03-02,16.75,16.75,16.375,16.375,6.809019088745117,63300
ATO,2000-03-03,16.25,16.375,15.625,15.8125,6.5751237869262695,55800
ATO,2000-03-06,15.5625,16.25,15.5,16.0,6.653088092803955,52700
ATO,2000-03-07,15.9375,15.9375,15.375,15.5625,6.471168518066406,106800
ATO,2000-03-08,15.625,15.6875,15.25,15.5625,6.471168518066406,91400
ATO,2000-03-09,15.8125,16.1875,15.75,16.125,6.70506763458252,81900
ATO,2000-03-10,15.75,15.9375,15.625,15.625,6.497157573699951,100900
ATO,2000-03-13,15.5625,17.125,15.5,17.125,7.120880603790283,124900
ATO,2000-03-14,17.375,17.5,17.1875,17.25,7.1728596687316895,229300
ATO,2000-03-15,17.25,17.75,17.25,17.6875,7.35477876663208,52500
ATO,2000-03-16,17.8125,18.625,17.75,18.625,7.74461030960083,78700
ATO,2000-03-17,18.625,18.875,17.9375,18.375,7.640658378601074,87400
ATO,2000-03-20,18.3125,18.5625,18.1875,18.375,7.640658378601074,40200
ATO,2000-03-21,18.125,18.125,17.25,17.5625,7.302801132202148,46700
ATO,2000-03-22,17.5,17.875,17.0,17.4375,7.250827312469482,45700
ATO,2000-03-23,17.3125,18.375,17.25,18.125,7.536704063415527,36300
ATO,2000-03-24,18.125,18.125,17.125,17.4375,7.250827312469482,80200
ATO,2000-03-27,17.375,17.5,17.125,17.25,7.1728596687316895,73000
ATO,2000-03-28,16.625,17.125,16.625,16.875,7.016927719116211,118800
ATO,2000-03-29,16.875,16.875,16.5,16.625,6.912972927093506,161200
ATO,2000-03-30,16.5,16.75,16.1875,16.25,6.757040500640869,195200
ATO,2000-03-31,16.375,16.6875,16.0,16.375,6.809019088745117,102200
ATO,2000-04-03,16.5,16.875,16.125,16.1875,6.7310566902160645,50300
ATO,2000-04-04,16.1875,16.25,15.75,15.8125,6.5751237869262695,100900
ATO,2000-04-05,15.9375,16.125,15.375,15.5,6.445179462432861,173400
ATO,2000-04-06,15.5,15.5,15.375,15.5,6.445179462432861,47700
ATO,2000-04-07,15.5,15.5,15.3125,15.5,6.445179462432861,65500
ATO,2000-04-10,15.5,15.5,15.3125,15.375,6.393200874328613,120400
ATO,2000-04-11,15.4375,15.5,15.375,15.375,6.393200874328613,43500
ATO,2000-04-12,15.375,15.5,15.375,15.4375,6.419186592102051,125100
ATO,2000-04-13,15.4375,15.5,15.375,15.4375,6.419186592102051,69800
ATO,2000-04-14,15.375,15.5,15.25,15.375,6.393200874328613,77900
ATO,2000-04-17,15.375,15.375,14.9375,15.0,6.237271308898926,123600
ATO,2000-04-18,15.0,15.0,14.75,14.9375,6.211282253265381,116800
ATO,2000-04-19,15.0,15.0,14.8125,14.875,6.185288906097412,100800
ATO,2000-04-20,14.9375,14.9375,14.75,14.8125,6.159304618835449,63100
ATO,2000-04-24,14.875,14.9375,14.75,14.75,6.133316516876221,197700
ATO,2000-04-25,14.8125,14.8125,14.5,14.75,6.133316516876221,69500
ATO,2000-04-26,14.875,14.9375,14.625,14.75,6.133316516876221,79900
ATO,2000-04-27,14.625,15.625,14.25,15.5,6.445179462432861,82900
ATO,2000-04-28,15.375,15.875,15.25,15.875,6.60111141204834,38700
ATO,2000-05-01,15.875,16.75,15.875,16.0,6.653088092803955,89500
ATO,2000-05-02,15.9375,16.3125,15.8125,15.9375,6.627097129821777,43400
ATO,2000-05-03,16.0,16.0,15.75,15.875,6.60111141204834,54400
ATO,2000-05-04,15.625,16.0,15.625,16.0,6.653088092803955,36500
ATO,2000-05-05,16.125,16.25,15.75,15.9375,6.627097129821777,69700
ATO,2000-05-08,16.0,16.1875,15.75,15.9375,6.627097129821777,77700
ATO,2000-05-09,15.9375,16.125,15.5625,15.5625,6.471168518066406,86900
ATO,2000-05-10,15.5625,15.625,15.1875,15.4375,6.419186592102051,67100
ATO,2000-05-11,15.4375,15.6875,15.375,15.6875,6.523143291473389,72700
ATO,2000-05-12,15.5625,15.9375,15.4375,15.9375,6.627097129821777,33100
ATO,2000-05-15,15.9375,16.4375,15.625,15.875,6.60111141204834,60800
ATO,2000-05-16,16.0,16.8125,16.0,16.5,6.860996246337891,101200
ATO,2000-05-17,16.6875,16.6875,16.1875,16.1875,6.7310566902160645,45100
ATO,2000-05-18,16.25,16.625,15.875,16.0625,6.679074287414551,92200
ATO,2000-05-19,16.25,16.25,15.9375,16.125,6.70506763458252,43800
ATO,2000-05-22,16.1875,16.375,15.875,16.375,6.809019088745117,49400
ATO,2000-05-23,16.125,16.125,15.625,15.6875,6.638688564300537,47100
ATO,2000-05-24,15.6875,15.8125,15.5,15.6875,6.638688564300537,45800
ATO,2000-05-25,15.625,15.8125,14.9375,15.1875,6.427095890045166,80900
ATO,2000-05-26,15.6875,16.625,15.625,16.5625,7.008972644805908,216200
ATO,2000-05-30,16.75,17.3125,16.5625,17.125,7.247013092041016,190300
ATO,2000-05-31,17.1875,18.375,17.0625,18.3125,7.749544620513916,108000
ATO,2000-06-01,18.4375,19.0,18.0625,19.0,8.04047966003418,167300
ATO,2000-06-02,19.0,19.25,18.375,18.625,7.881786823272705,72100
ATO,2000-06-05,18.625,18.9375,18.625,18.6875,7.908238410949707,56300
ATO,2000-06-06,18.75,18.9375,18.75,18.75,7.934686660766602,32500
ATO,2000-06-07,18.875,19.25,18.875,19.125,8.093379020690918,86000
ATO,2000-06-08,19.25,19.25,19.0,19.125,8.093379020690918,18800
ATO,2000-06-09,19.125,19.125,19.0,19.0625,8.066930770874023,28800
ATO,2000-06-12,19.125,19.125,19.0625,19.125,8.093379020690918,53000
ATO,2000-06-13,19.1875,19.375,19.0625,19.375,8.199177742004395,63700
ATO,2000-06-14,19.5,19.5,19.25,19.25,8.14627742767334,24800
ATO,2000-06-15,19.375,19.75,19.25,19.75,8.357870101928711,36700
ATO,2000-06-16,20.0,20.125,19.75,20.125,8.516561508178711,61200
ATO,2000-06-19,20.0625,20.5625,20.0,20.5625,8.701702117919922,28500
ATO,2000-06-20,20.4375,20.4375,20.0,20.0,8.463666915893555,46400
ATO,2000-06-21,20.0,20.125,20.0,20.0,8.463666915893555,30200
ATO,2000-06-22,20.0,20.0625,19.5,20.0,8.463666915893555,66900
ATO,2000-06-23,19.875,19.875,19.5,19.75,8.357870101928711,8700
ATO,2000-06-26,19.625,19.6875,19.375,19.5,8.252071380615234,59100
ATO,2000-06-27,19.5,19.5,18.75,18.9375,8.0140380859375,91800
ATO,2000-06-28,19.0625,20.0,18.9375,20.0,8.463666915893555,92400
ATO,2000-06-29,19.875,19.9375,19.3125,19.4375,8.225629806518555,40000
ATO,2000-06-30,19.3125,19.5,17.5,17.515625,7.412320613861084,123700
ATO,2000-07-03,17.75,19.25,17.75,19.25,8.14627742767334,63100
ATO,2000-07-05,19.0,19.0,18.5,18.5,7.828890800476074,28700
ATO,2000-07-06,18.375,19.25,18.375,19.1875,8.119826316833496,30400
ATO,2000-07-07,19.1875,19.875,19.1875,19.8125,8.384319305419922,47500
ATO,2000-07-10,19.8125,20.4375,19.5,20.4375,8.648807525634766,53000
ATO,2000-07-11,20.375,20.4375,20.1875,20.375,8.622364044189453,20000
ATO,2000-07-12,20.0,20.375,20.0,20.375,8.622364044189453,29100
ATO,2000-07-13,20.25,20.375,19.75,20.0,8.463666915893555,24900
ATO,2000-07-14,20.0625,20.0625,19.625,19.75,8.357870101928711,27700
ATO,2000-07-17,19.8125,20.25,19.5,20.125,8.516561508178711,37900
ATO,2000-07-18,20.0625,20.0625,19.75,19.8125,8.384319305419922,24900
ATO,2000-07-19,19.9375,19.9375,19.6875,19.75,8.357870101928711,13000
ATO,2000-07-20,19.8125,20.3125,19.6875,20.3125,8.59591007232666,36100
ATO,2000-07-21,20.25,20.375,20.0,20.25,8.569458961486816,19100
ATO,2000-07-24,20.0,20.0625,19.6875,19.875,8.41076946258545,45900
ATO,2000-07-25,19.875,20.0,19.625,19.8125,8.384319305419922,63800
ATO,2000-07-26,19.875,19.875,19.5,19.8125,8.384319305419922,21100
ATO,2000-07-27,19.875,20.0,19.625,19.6875,8.331421852111816,40500
ATO,2000-07-28,20.0,20.0,19.625,19.6875,8.331421852111816,33500
ATO,2000-07-31,19.6875,20.625,19.5625,20.625,8.728154182434082,66500
ATO,2000-08-01,20.5,20.75,20.125,20.125,8.516561508178711,41800
ATO,2000-08-02,20.375,20.8125,20.0,20.625,8.728154182434082,34200
ATO,2000-08-03,20.5,21.0,20.375,20.75,8.781055450439453,34200
ATO,2000-08-04,20.875,21.25,20.75,21.0,8.886852264404297,15600
ATO,2000-08-07,20.75,21.25,20.5,21.0,8.886852264404297,26900
ATO,2000-08-08,21.0,21.875,21.0,21.3125,9.019095420837402,32600
ATO,2000-08-09,21.25,21.875,21.25,21.5,9.09844207763672,31700
ATO,2000-08-10,21.375,21.5625,21.125,21.125,8.939743041992188,22600
ATO,2000-08-11,21.125,22.0,21.125,21.75,9.20423698425293,32600
ATO,2000-08-14,21.875,22.4375,21.625,22.4375,9.495173454284668,26200
ATO,2000-08-15,22.4375,22.875,22.3125,22.625,9.57452392578125,26100
ATO,2000-08-16,22.625,22.75,22.375,22.75,9.627415657043455,17100
ATO,2000-08-17,22.5,23.25,22.25,23.25,9.839012145996094,30300
ATO,2000-08-18,23.1875,23.1875,22.5625,22.5625,9.54807186126709,50800
ATO,2000-08-21,22.4375,22.625,22.25,22.375,9.468728065490724,47600
ATO,2000-08-22,22.5,22.5,22.125,22.125,9.36293125152588,26900
ATO,2000-08-23,21.875,21.9375,21.375,21.375,9.16358470916748,44400
ATO,2000-08-24,21.25,21.4375,20.875,21.0,9.002821922302246,33900
ATO,2000-08-25,21.0625,21.25,21.0,21.0625,9.02960968017578,23500
ATO,2000-08-28,20.875,21.125,20.625,21.0,9.002821922302246,31700
ATO,2000-08-29,21.0,21.0,20.625,20.875,8.949228286743164,33900
ATO,2000-08-30,20.75,21.125,20.5,20.8125,8.92243766784668,43800
ATO,2000-08-31,20.8125,20.9375,20.4375,20.75,8.895642280578613,54300
ATO,2000-09-01,20.5,20.625,19.8125,19.8125,8.493729591369629,78800
ATO,2000-09-05,19.8125,19.8125,19.5,19.6875,8.440140724182129,41500
ATO,2000-09-06,19.6875,19.875,19.5625,19.8125,8.493729591369629,53800
ATO,2000-09-07,19.9375,20.125,19.875,20.0,8.574111938476562,26900
ATO,2000-09-08,20.0,20.1875,19.8125,19.8125,8.493729591369629,42800
ATO,2000-09-11,20.0,20.0625,19.9375,20.0,8.574111938476562,38300
ATO,2000-09-12,20.0,21.25,20.0,20.5,8.788467407226562,36600
ATO,2000-09-13,20.75,21.25,20.5,21.125,9.056407928466797,27700
ATO,2000-09-14,21.0,22.125,20.875,22.0625,9.458316802978516,60400
ATO,2000-09-15,21.625,22.375,21.625,22.25,9.538701057434082,50500
ATO,2000-09-18,22.0,22.0,21.25,21.25,9.109994888305664,27300
ATO,2000-09-19,21.3125,21.3125,21.0,21.125,9.056407928466797,48600
ATO,2000-09-20,21.125,21.75,21.0625,21.5,9.217168807983398,40300
ATO,2000-09-21,21.75,21.75,21.0625,21.0625,9.02960968017578,29700
ATO,2000-09-22,20.6875,21.3125,20.5625,21.25,9.109994888305664,28300
ATO,2000-09-25,21.25,21.25,20.125,20.4375,8.761669158935547,34200
ATO,2000-09-26,20.5,20.75,20.375,20.5625,8.815258979797363,45500
ATO,2000-09-27,20.4375,20.625,20.1875,20.25,8.681289672851562,31400
ATO,2000-09-28,20.0,21.0,20.0,20.875,8.949228286743164,26300
ATO,2000-09-29,20.875,21.1875,20.625,20.625,8.842057228088379,60900
ATO,2000-10-02,20.6875,20.8125,20.25,20.5,8.788467407226562,36400
ATO,2000-10-03,20.375,20.625,19.9375,20.0,8.574111938476562,30000
ATO,2000-10-04,19.9375,20.1875,19.75,19.875,8.520523071289062,25100
ATO,2000-10-05,20.0,20.1875,19.9375,20.0,8.574111938476562,47800
ATO,2000-10-06,20.125,20.125,19.3125,19.3125,8.279376983642578,41400
ATO,2000-10-09,19.1875,19.9375,19.1875,19.875,8.520523071289062,41800
ATO,2000-10-10,19.875,19.9375,19.5,19.6875,8.440140724182129,30800
ATO,2000-10-11,19.75,20.5,19.625,20.3125,8.708081245422363,69000
ATO,2000-10-12,20.25,21.0,20.1875,20.75,8.895642280578613,56600
ATO,2000-10-13,20.625,20.75,20.375,20.6875,8.868846893310547,57600
ATO,2000-10-16,20.625,21.0,20.5,20.9375,8.976020812988281,42500
ATO,2000-10-17,21.0,21.3125,20.9375,21.25,9.109994888305664,34300
ATO,2000-10-18,21.125,21.25,20.9375,21.125,9.056407928466797,30100
ATO,2000-10-19,21.1875,21.25,20.75,21.25,9.109994888305664,23600
ATO,2000-10-20,21.0,21.4375,21.0,21.3125,9.136789321899414,27600
ATO,2000-10-23,21.3125,21.375,21.25,21.375,9.16358470916748,12700
ATO,2000-10-24,21.3125,21.5625,21.25,21.4375,9.190380096435549,18100
ATO,2000-10-25,21.3125,21.4375,21.125,21.1875,9.08320140838623,36700
ATO,2000-10-26,20.9375,21.375,20.9375,21.1875,9.08320140838623,40300
ATO,2000-10-27,21.1875,21.5625,21.0625,21.5625,9.243966102600098,14500
ATO,2000-10-30,21.5625,22.3125,21.5625,22.3125,9.565492630004885,30200
ATO,2000-10-31,22.3125,23.125,22.3125,23.125,9.913812637329102,83400
ATO,2000-11-01,23.0,23.4375,23.0,23.1875,9.940610885620115,18700
ATO,2000-11-02,23.375,23.875,23.0,23.875,10.235347747802734,34800
ATO,2000-11-03,23.875,23.875,23.125,23.625,10.128166198730469,35000
ATO,2000-11-06,23.5625,23.8125,23.375,23.625,10.128166198730469,23500
ATO,2000-11-07,23.625,23.875,23.375,23.6875,10.1549654006958,38200
ATO,2000-11-08,23.6875,23.75,23.375,23.375,10.020994186401367,15300
ATO,2000-11-09,23.625,24.0,23.25,23.9375,10.262141227722168,33600
ATO,2000-11-10,23.9375,24.375,23.5,23.75,10.18175983428955,48600
ATO,2000-11-13,23.75,23.8125,23.5,23.8125,10.208555221557615,9400
ATO,2000-11-14,23.8125,24.25,23.5,24.25,10.396110534667969,20600
ATO,2000-11-15,24.375,24.375,24.0,24.0625,10.315730094909668,21200
ATO,2000-11-16,24.1875,24.75,24.1875,24.5,10.503286361694336,36000
ATO,2000-11-17,24.875,25.0,24.4375,24.625,10.556878089904783,28600
ATO,2000-11-20,24.4375,25.0,24.25,24.875,10.79112720489502,64100
ATO,2000-11-21,24.9375,25.1875,24.9375,25.125,10.899588584899902,19200
ATO,2000-11-22,25.0,25.0625,24.875,25.0625,10.872477531433104,57100
ATO,2000-11-24,25.0625,25.125,25.0,25.125,10.899588584899902,17100
ATO,2000-11-27,25.125,25.125,24.875,24.875,10.79112720489502,39300
ATO,2000-11-28,24.9375,25.125,24.8125,24.875,10.79112720489502,257300
ATO,2000-11-29,24.9375,25.375,24.875,25.3125,10.980926513671877,52400
ATO,2000-11-30,25.1875,25.4375,25.0,25.125,10.899588584899902,45000
ATO,2000-12-01,24.75,24.75,23.5,23.5,10.1946382522583,75600
ATO,2000-12-04,23.625,24.0,23.625,23.75,10.303095817565918,53300
ATO,2000-12-05,23.8125,23.875,23.625,23.625,10.248865127563477,18000
ATO,2000-12-06,23.75,24.25,23.75,23.75,10.303095817565918,34600
ATO,2000-12-07,23.875,24.0,23.125,23.4375,10.167526245117188,46100
ATO,2000-12-08,23.4375,23.75,22.6875,23.5625,10.221755027770996,75400
ATO,2000-12-11,23.6875,23.6875,23.0,23.25,10.086186408996582,48100
ATO,2000-12-12,23.125,23.1875,21.75,21.75,9.435463905334473,110300
ATO,2000-12-13,21.75,22.375,21.5625,22.3125,9.679483413696287,249000
ATO,2000-12-14,22.25,22.875,22.25,22.625,9.815051078796388,150100
ATO,2000-12-15,22.625,24.0,22.25,24.0,10.41154670715332,2802000
ATO,2000-12-18,23.5,23.75,22.6875,23.4375,10.167526245117188,469600
ATO,2000-12-19,23.125,23.625,23.0625,23.625,10.248865127563477,200100
ATO,2000-12-20,23.75,23.75,22.75,23.375,10.14041519165039,208900
ATO,2000-12-21,23.375,23.6875,23.1875,23.375,10.14041519165039,242300
ATO,2000-12-22,23.375,24.0,23.375,23.75,10.303095817565918,157600
ATO,2000-12-26,23.6875,24.6875,23.6875,24.6875,10.709794998168944,128800
ATO,2000-12-27,24.75,26.25,24.75,26.25,11.387632369995115,412100
ATO,2000-12-28,26.125,26.1875,25.0,25.3125,10.980926513671877,159100
ATO,2000-12-29,25.4375,25.4375,24.0,24.375,10.574230194091797,156500
ATO,2001-01-02,24.5,25.1875,23.8125,25.1875,10.926703453063965,126800
ATO,2001-01-03,25.1875,25.5,24.75,25.0,10.845359802246094,131300
ATO,2001-01-04,25.0,25.0,23.25,24.25,10.520002365112305,199700
ATO,2001-01-05,24.0,24.375,23.75,24.0625,10.438660621643066,59700
ATO,2001-01-08,24.0,24.5,23.8125,24.4375,10.601341247558594,56000
ATO,2001-01-09,24.5,24.875,24.375,24.5,10.628454208374023,67000
ATO,2001-01-10,24.5,25.25,24.4375,25.25,10.953808784484863,195400
ATO,2001-01-11,25.0,25.75,25.0,25.0,10.845359802246094,168800
ATO,2001-01-12,25.0625,25.25,24.9375,25.0,10.845359802246094,98700
ATO,2001-01-16,25.0,25.1875,23.625,25.0,10.845359802246094,168100
ATO,2001-01-17,25.25,25.5,24.0,24.0,10.41154670715332,105000
ATO,2001-01-18,24.25,24.375,23.9375,24.1875,10.49288845062256,103600
ATO,2001-01-19,24.0625,24.375,24.0,24.125,10.465776443481444,48400
ATO,2001-01-22,23.9375,24.125,23.5,23.9375,10.384435653686523,102900
ATO,2001-01-23,24.0,24.625,23.8125,24.625,10.682682991027832,103900
ATO,2001-01-24,24.875,25.125,24.6875,24.875,10.79112720489502,103100
ATO,2001-01-25,24.9375,25.0,24.6875,24.9375,10.818245887756348,38800
ATO,2001-01-26,24.9375,24.9375,24.375,24.6875,10.709794998168944,34100
ATO,2001-01-29,24.0,24.989999771118164,24.0,24.989999771118164,10.841020584106444,77000
ATO,2001-01-30,24.850000381469727,25.1200008392334,24.290000915527344,24.850000381469727,10.78028964996338,132100
ATO,2001-01-31,24.700000762939453,24.850000381469727,24.3700008392334,24.46999931335449,10.615434646606444,70800
ATO,2001-02-01,24.5,24.549999237060547,23.3799991607666,23.950000762939453,10.389857292175291,95200
ATO,2001-02-02,24.0,24.040000915527344,23.51000022888184,23.6200008392334,10.246692657470703,82600
ATO,2001-02-05,23.64999961853028,24.39999961853028,23.299999237060547,23.8700008392334,10.35515308380127,57300
ATO,2001-02-06,23.770000457763672,24.100000381469727,23.600000381469727,24.100000381469727,10.45492935180664,64200
ATO,2001-02-07,24.100000381469727,24.64999961853028,24.049999237060547,24.64999961853028,10.693528175354004,160400
ATO,2001-02-08,24.700000762939453,24.700000762939453,23.8799991607666,24.040000915527344,10.428899765014648,42100
ATO,2001-02-09,24.100000381469727,24.200000762939453,23.76000022888184,23.850000381469727,10.34647274017334,34200
ATO,2001-02-12,24.0,24.479999542236328,23.63999938964844,24.39999961853028,10.585077285766602,67400
ATO,2001-02-13,24.5,24.5,24.14999961853028,24.350000381469727,10.56338119506836,56500
ATO,2001-02-14,24.350000381469727,24.350000381469727,23.700000762939453,23.89999961853028,10.368168830871582,55500
ATO,2001-02-15,24.0,24.5,23.780000686645508,24.5,10.628454208374023,66900
ATO,2001-02-16,24.25,24.5,23.959999084472656,24.350000381469727,10.56338119506836,41800
ATO,2001-02-20,24.39999961853028,24.39999961853028,23.799999237060547,24.100000381469727,10.45492935180664,32800
ATO,2001-02-21,23.850000381469727,24.549999237060547,23.600000381469727,24.209999084472656,10.502646446228027,68900
ATO,2001-02-22,23.799999237060547,23.799999237060547,23.299999237060547,23.46999931335449,10.305063247680664,50400
ATO,2001-02-23,23.479999542236328,23.479999542236328,22.51000022888184,22.950000762939453,10.076744079589844,73800
ATO,2001-02-26,23.040000915527344,23.600000381469727,23.0,23.5,10.318235397338867,45500
ATO,2001-02-27,23.5,23.5,23.0,23.040000915527344,10.116262435913086,114300
ATO,2001-02-28,23.040000915527344,23.299999237060547,23.020000457763672,23.299999237060547,10.23041820526123,108600
ATO,2001-03-01,23.299999237060547,23.75,22.979999542236328,23.75,10.428008079528809,158700
ATO,2001-03-02,23.64999961853028,23.93000030517578,23.46999931335449,23.850000381469727,10.47191333770752,48300
ATO,2001-03-05,23.790000915527344,23.989999771118164,23.75,23.799999237060547,10.449962615966797,52200
ATO,2001-03-06,23.700000762939453,23.780000686645508,23.350000381469727,23.39999961853028,10.274333000183104,86700
ATO,2001-03-07,23.39999961853028,23.76000022888184,23.26000022888184,23.3799991607666,10.26555061340332,90000
ATO,2001-03-08,23.420000076293945,23.700000762939453,23.100000381469727,23.700000762939453,10.406050682067873,49900
ATO,2001-03-09,23.690000534057617,23.799999237060547,23.14999961853028,23.799999237060547,10.449962615966797,32400
ATO,2001-03-12,23.64999961853028,23.700000762939453,23.25,23.3799991607666,10.26555061340332,66200
ATO,2001-03-13,23.3799991607666,23.440000534057617,22.799999237060547,23.0,10.098699569702148,91000
ATO,2001-03-14,22.850000381469727,23.39999961853028,22.64999961853028,23.39999961853028,10.274333000183104,64000
ATO,2001-03-15,23.5,23.75,23.31999969482422,23.61000061035156,10.366535186767578,74900
ATO,2001-03-16,23.950000762939453,23.950000762939453,22.600000381469727,23.299999237060547,10.23041820526123,104800
ATO,2001-03-19,23.14999961853028,23.700000762939453,22.600000381469727,23.700000762939453,10.406050682067873,42300
ATO,2001-03-20,23.450000762939453,23.75,22.799999237060547,22.89999961853028,10.054790496826172,178200
ATO,2001-03-21,22.920000076293945,22.920000076293945,22.200000762939453,22.25,9.769394874572754,45400
ATO,2001-03-22,21.75,21.89999961853028,20.850000381469727,21.780000686645508,9.563027381896973,84200
ATO,2001-03-23,21.700000762939453,22.049999237060547,21.700000762939453,21.959999084472656,9.642066955566406,42100
ATO,2001-03-26,21.979999542236328,22.25,21.96999931335449,22.229999542236328,9.760615348815918,37300
ATO,2001-03-27,22.229999542236328,22.299999237060547,21.959999084472656,22.0,9.659629821777344,85200
ATO,2001-03-28,22.07999992370605,22.07999992370605,21.3799991607666,21.5,9.440088272094728,116100
ATO,2001-03-29,21.549999237060547,22.600000381469727,21.459999084472656,22.5,9.87916088104248,80400
ATO,2001-03-30,22.549999237060547,23.799999237060547,22.549999237060547,23.799999237060547,10.449962615966797,117300
ATO,2001-04-02,23.700000762939453,24.049999237060547,23.299999237060547,23.450000762939453,10.296286582946776,88200
ATO,2001-04-03,23.25,23.299999237060547,22.059999465942383,22.200000762939453,9.74743938446045,79500
ATO,2001-04-04,22.14999961853028,22.14999961853028,21.450000762939453,21.799999237060547,9.57181167602539,153100
ATO,2001-04-05,21.950000762939453,22.299999237060547,21.64999961853028,22.299999237060547,9.791352272033691,91600
ATO,2001-04-06,22.299999237060547,22.299999237060547,21.700000762939453,21.75,9.549860000610352,63800
ATO,2001-04-09,21.950000762939453,22.420000076293945,21.809999465942383,22.39999961853028,9.83525848388672,33600
ATO,2001-04-10,22.350000381469727,23.39999961853028,22.350000381469727,22.86000061035156,10.037232398986816,60300
ATO,2001-04-11,22.76000022888184,22.809999465942383,22.14999961853028,22.14999961853028,9.72548770904541,40400
ATO,2001-04-12,22.14999961853028,22.6299991607666,21.700000762939453,22.600000381469727,9.923070907592772,47700
ATO,2001-04-16,22.549999237060547,22.549999237060547,21.89999961853028,22.0,9.659629821777344,39500
ATO,2001-04-17,22.0,22.479999542236328,21.89999961853028,22.479999542236328,9.870383262634276,55300
ATO,2001-04-18,22.700000762939453,22.700000762939453,21.39999961853028,21.700000762939453,9.527902603149414,76000
ATO,2001-04-19,21.700000762939453,21.950000762939453,21.61000061035156,21.950000762939453,9.637673377990724,34900
ATO,2001-04-20,22.0,22.0,21.190000534057617,21.450000762939453,9.418132781982422,57200
ATO,2001-04-23,21.5,21.75,21.14999961853028,21.5,9.440088272094728,97400
ATO,2001-04-24,21.450000762939453,21.739999771118164,21.38999938964844,21.64999961853028,9.505949020385742,57300
ATO,2001-04-25,21.600000381469727,21.979999542236328,21.600000381469727,21.790000915527344,9.567422866821287,50800
ATO,2001-04-26,21.75,22.39999961853028,21.56999969482422,22.25,9.769394874572754,135200
ATO,2001-04-27,22.299999237060547,22.39999961853028,21.8799991607666,22.39999961853028,9.83525848388672,136800
ATO,2001-04-30,22.450000762939453,22.75,22.299999237060547,22.670000076293945,9.953808784484863,105500
ATO,2001-05-01,22.75,23.25,22.51000022888184,23.049999237060547,10.12065601348877,77400
ATO,2001-05-02,23.299999237060547,23.5,22.82999992370605,23.25,10.208467483520508,111000
ATO,2001-05-03,23.299999237060547,23.520000457763672,23.020000457763672,23.39999961853028,10.274333000183104,85300
ATO,2001-05-04,23.549999237060547,23.979999542236328,23.5,23.8799991607666,10.485085487365724,47900
ATO,2001-05-07,23.979999542236328,23.979999542236328,23.25,23.39999961853028,10.274333000183104,61900
ATO,2001-05-08,23.40999984741211,23.549999237060547,23.049999237060547,23.059999465942383,10.125044822692873,24000
ATO,2001-05-09,23.14999961853028,23.229999542236328,22.89999961853028,23.049999237060547,10.12065601348877,44500
ATO,2001-05-10,23.14999961853028,23.14999961853028,22.5,22.600000381469727,9.923070907592772,51900
ATO,2001-05-11,22.700000762939453,22.799999237060547,22.549999237060547,22.64999961853028,9.945026397705078,71100
ATO,2001-05-14,22.75,22.75,22.450000762939453,22.64999961853028,9.945026397705078,46000
ATO,2001-05-15,22.64999961853028,22.89999961853028,22.64999961853028,22.700000762939453,9.966979026794434,51300
ATO,2001-05-16,22.549999237060547,23.5,22.549999237060547,23.5,10.318235397338867,71500
ATO,2001-05-17,23.5,23.5,22.600000381469727,22.71999931335449,9.975759506225586,117100
ATO,2001-05-18,22.729999542236328,23.200000762939453,22.700000762939453,23.049999237060547,10.12065601348877,44100
ATO,2001-05-21,23.200000762939453,23.51000022888184,23.06999969482422,23.51000022888184,10.322627067565918,54600
ATO,2001-05-22,23.26000022888184,23.950000762939453,23.26000022888184,23.57999992370605,10.353361129760742,71400
ATO,2001-05-23,23.25,23.31999969482422,23.049999237060547,23.25,10.335580825805664,49900
ATO,2001-05-24,23.25,23.350000381469727,23.100000381469727,23.350000381469727,10.38003158569336,34400
ATO,2001-05-25,23.299999237060547,23.450000762939453,23.26000022888184,23.350000381469727,10.38003158569336,15000
ATO,2001-05-29,23.39999961853028,23.479999542236328,22.89999961853028,23.15999984741211,10.295573234558104,39900
ATO,2001-05-30,23.170000076293945,23.3700008392334,23.049999237060547,23.200000762939453,10.313356399536133,110000
ATO,2001-05-31,23.299999237060547,23.729999542236328,23.200000762939453,23.200000762939453,10.313356399536133,67100
ATO,2001-06-01,23.100000381469727,23.14999961853028,22.96999931335449,23.100000381469727,10.268895149230955,43700
ATO,2001-06-04,23.100000381469727,23.14999961853028,23.040000915527344,23.100000381469727,10.268895149230955,86100
ATO,2001-06-05,23.100000381469727,23.100000381469727,23.040000915527344,23.049999237060547,10.246673583984377,53900
ATO,2001-06-06,23.049999237060547,23.299999237060547,23.049999237060547,23.07999992370605,10.26001262664795,62800
ATO,2001-06-07,23.14999961853028,23.200000762939453,23.059999465942383,23.190000534057617,10.30890941619873,22900
ATO,2001-06-08,23.09000015258789,23.11000061035156,22.920000076293945,23.0,10.224443435668944,33500
ATO,2001-06-11,23.14999961853028,23.25,22.90999984741211,23.0,10.224443435668944,26700
ATO,2001-06-12,23.01000022888184,23.780000686645508,22.950000762939453,23.739999771118164,10.553407669067385,56800
ATO,2001-06-13,23.780000686645508,23.90999984741211,23.739999771118164,23.790000915527344,10.57563591003418,31600
ATO,2001-06-14,23.81999969482422,23.81999969482422,23.049999237060547,23.11000061035156,10.273351669311523,60900
ATO,2001-06-15,23.09000015258789,23.75,23.020000457763672,23.5,10.446715354919434,66600
ATO,2001-06-18,23.25,23.520000457763672,23.21999931335449,23.21999931335449,10.32224178314209,41000
ATO,2001-06-19,23.299999237060547,23.299999237060547,22.950000762939453,22.950000762939453,10.202218055725098,34100
ATO,2001-06-20,22.89999961853028,23.299999237060547,22.61000061035156,23.299999237060547,10.357805252075195,58400
ATO,2001-06-21,23.299999237060547,24.0,22.75,24.0,10.668983459472656,89800
ATO,2001-06-22,23.799999237060547,23.799999237060547,23.01000022888184,23.06999969482422,10.255565643310549,59000
ATO,2001-06-25,23.06999969482422,23.06999969482422,22.489999771118164,22.700000762939453,10.091087341308594,70200
ATO,2001-06-26,22.600000381469727,23.200000762939453,22.600000381469727,23.1200008392334,10.277791976928713,70700
ATO,2001-06-27,23.200000762939453,23.950000762939453,23.200000762939453,23.950000762939453,10.646759033203123,46800
ATO,2001-06-28,24.0,24.13999938964844,23.89999961853028,24.0,10.668983459472656,41400
ATO,2001-06-29,24.100000381469727,24.850000381469727,24.049999237060547,24.459999084472656,10.873477935791016,157500
ATO,2001-07-02,24.5,24.549999237060547,23.600000381469727,23.600000381469727,10.491169929504396,59400
ATO,2001-07-03,23.600000381469727,23.88999938964844,23.450000762939453,23.549999237060547,10.468947410583496,29500
ATO,2001-07-05,23.299999237060547,23.780000686645508,23.239999771118164,23.63999938964844,10.508951187133787,53100
ATO,2001-07-06,23.63999938964844,23.709999084472656,23.25,23.39999961853028,10.402265548706056,46800
ATO,2001-07-09,23.299999237060547,23.350000381469727,23.0,23.1200008392334,10.277791976928713,31500
ATO,2001-07-10,23.14999961853028,23.14999961853028,22.5,22.5,10.00217342376709,56100
ATO,2001-07-11,22.600000381469727,22.600000381469727,22.1200008392334,22.200000762939453,9.868806838989258,48700
ATO,2001-07-12,22.299999237060547,22.350000381469727,22.1299991607666,22.239999771118164,9.886591911315918,51900
ATO,2001-07-13,22.25,22.39999961853028,22.100000381469727,22.21999931335449,9.877703666687012,35700
ATO,2001-07-16,22.25,22.5,22.059999465942383,22.100000381469727,9.824358940124512,31300
ATO,2001-07-17,22.0,22.030000686645508,21.75,21.89999961853028,9.73544979095459,50000
ATO,2001-07-18,21.75,22.059999465942383,21.549999237060547,21.75,9.668770790100098,66900
ATO,2001-07-19,21.799999237060547,22.049999237060547,21.790000915527344,22.0,9.77991008758545,44100
ATO,2001-07-20,21.39999961853028,21.88999938964844,21.049999237060547,21.290000915527344,9.46428394317627,134100
ATO,2001-07-23,21.34000015258789,21.39999961853028,20.39999961853028,20.57999992370605,9.14865779876709,110300
ATO,2001-07-24,20.5,20.600000381469727,19.600000381469727,19.790000915527344,8.79747200012207,121600
ATO,2001-07-25,19.700000762939453,20.14999961853028,19.64999961853028,20.0,8.89082145690918,264000
ATO,2001-07-26,20.0,20.18000030517578,19.989999771118164,20.100000381469727,8.935277938842773,143000
ATO,2001-07-27,20.049999237060547,20.229999542236328,19.950000762939453,20.0,8.89082145690918,109000
ATO,2001-07-30,20.100000381469727,20.25,20.0,20.14999961853028,8.957503318786621,82200
ATO,2001-07-31,20.25,20.309999465942383,20.1200008392334,20.200000762939453,8.979731559753418,63100
ATO,2001-08-01,20.100000381469727,20.280000686645508,20.0,20.0,8.89082145690918,56100
ATO,2001-08-02,20.200000762939453,20.200000762939453,19.950000762939453,20.0,8.89082145690918,131700
ATO,2001-08-03,20.25,20.850000381469727,20.030000686645508,20.64999961853028,9.17977523803711,124500
ATO,2001-08-06,20.64999961853028,20.64999961853028,19.940000534057617,19.979999542236328,8.881933212280273,144300
ATO,2001-08-07,20.049999237060547,20.200000762939453,19.920000076293945,20.200000762939453,8.979731559753418,115100
ATO,2001-08-08,20.600000381469727,20.600000381469727,19.850000381469727,19.950000762939453,8.868595123291016,178600
ATO,2001-08-09,20.200000762939453,20.89999961853028,20.0,20.89999961853028,9.290912628173828,158800
ATO,2001-08-10,21.0,21.350000381469727,20.850000381469727,21.26000022888184,9.450944900512695,56800
ATO,2001-08-13,21.299999237060547,21.5,21.059999465942383,21.25,9.446503639221191,84500
ATO,2001-08-14,21.350000381469727,21.700000762939453,21.25,21.559999465942383,9.584301948547363,54500
ATO,2001-08-15,21.559999465942383,22.200000762939453,21.39999961853028,22.200000762939453,9.868806838989258,64200
ATO,2001-08-16,22.200000762939453,22.5,21.71999931335449,22.5,10.00217342376709,74800
ATO,2001-08-17,22.549999237060547,22.6200008392334,22.1299991607666,22.489999771118164,9.997730255126951,72300
ATO,2001-08-20,22.489999771118164,22.600000381469727,22.299999237060547,22.520000457763672,10.01107120513916,51800
ATO,2001-08-21,22.520000457763672,22.84000015258789,22.5,22.530000686645508,10.015512466430664,64400
ATO,2001-08-22,22.34000015258789,22.600000381469727,21.950000762939453,22.600000381469727,10.177634239196776,75500
ATO,2001-08-23,22.700000762939453,22.700000762939453,22.14999961853028,22.14999961853028,9.974984169006348,58800
ATO,2001-08-24,22.200000762939453,22.46999931335449,22.049999237060547,22.350000381469727,10.065048217773438,59800
ATO,2001-08-27,22.36000061035156,22.559999465942383,22.170000076293945,22.170000076293945,9.983988761901855,93700
ATO,2001-08-28,22.18000030517578,22.5,22.0,22.26000022888184,10.024518013000488,52200
ATO,2001-08-29,22.26000022888184,22.420000076293945,21.959999084472656,22.26000022888184,10.024518013000488,71200
ATO,2001-08-30,22.299999237060547,22.34000015258789,21.770000457763672,21.989999771118164,9.902923583984377,49600
ATO,2001-08-31,22.049999237060547,22.1299991607666,21.600000381469727,21.600000381469727,9.72729778289795,44000
ATO,2001-09-04,21.700000762939453,22.299999237060547,21.700000762939453,22.040000915527344,9.925442695617676,81400
ATO,2001-09-05,22.239999771118164,22.350000381469727,21.64999961853028,21.809999465942383,9.821866035461426,155000
ATO,2001-09-06,21.709999084472656,21.89999961853028,21.350000381469727,21.3799991607666,9.62822151184082,130700
ATO,2001-09-07,21.39999961853028,21.530000686645508,21.100000381469727,21.440000534057617,9.65524673461914,64200
ATO,2001-09-10,21.489999771118164,22.0,21.0,22.0,9.907430648803713,91400
ATO,2001-09-17,22.25,22.25,21.549999237060547,21.61000061035156,9.731799125671388,75400
ATO,2001-09-18,21.729999542236328,21.75,21.64999961853028,21.739999771118164,9.790345191955566,81800
ATO,2001-09-19,21.709999084472656,21.739999771118164,21.34000015258789,21.739999771118164,9.790345191955566,60900
ATO,2001-09-20,21.64999961853028,21.700000762939453,21.39999961853028,21.5,9.68226432800293,53100
ATO,2001-09-21,21.64999961853028,21.64999961853028,20.65999984741211,20.76000022888184,9.349016189575195,58700
ATO,2001-09-24,20.89999961853028,21.14999961853028,20.790000915527344,21.14999961853028,9.52464485168457,79800
ATO,2001-09-25,21.350000381469727,21.700000762939453,21.0,21.68000030517578,9.763319969177246,72300
ATO,2001-09-26,21.68000030517578,21.739999771118164,21.049999237060547,21.209999084472656,9.551663398742676,76200
ATO,2001-09-27,21.39999961853028,21.5,21.100000381469727,21.489999771118164,9.677757263183594,135500
ATO,2001-09-28,21.5,21.64999961853028,21.420000076293945,21.600000381469727,9.72729778289795,94000
ATO,2001-10-01,21.600000381469727,21.600000381469727,21.059999465942383,21.36000061035156,9.619217872619627,65700
ATO,2001-10-02,21.3700008392334,21.450000762939453,21.13999938964844,21.299999237060547,9.592196464538574,74500
ATO,2001-10-03,21.450000762939453,21.600000381469727,21.39999961853028,21.600000381469727,9.72729778289795,236800
ATO,2001-10-04,21.5,22.209999084472656,21.39999961853028,22.100000381469727,9.952465057373049,172100
ATO,2001-10-05,22.14999961853028,22.14999961853028,21.89999961853028,22.049999237060547,9.929946899414062,83500
ATO,2001-10-08,22.200000762939453,22.200000762939453,21.700000762939453,22.0,9.907430648803713,61900
ATO,2001-10-09,22.0,22.0,21.549999237060547,21.549999237060547,9.704779624938965,39400
ATO,2001-10-10,21.559999465942383,22.07999992370605,21.559999465942383,22.0,9.907430648803713,62500
ATO,2001-10-11,22.0,22.0,21.670000076293945,21.950000762939453,9.88491439819336,119200
ATO,2001-10-12,21.979999542236328,22.100000381469727,21.75,22.01000022888184,9.91193675994873,69200
ATO,2001-10-15,22.01000022888184,22.01000022888184,21.51000022888184,21.75,9.79484748840332,37400
ATO,2001-10-16,21.75,22.0,21.700000762939453,21.89999961853028,9.86239528656006,70100
ATO,2001-10-17,21.950000762939453,22.0,21.709999084472656,21.96999931335449,9.893916130065918,61200
ATO,2001-10-18,21.96999931335449,21.96999931335449,21.5,21.549999237060547,9.704779624938965,55900
ATO,2001-10-19,21.5,21.96999931335449,21.21999931335449,21.75,9.79484748840332,46600
ATO,2001-10-22,21.76000022888184,21.76000022888184,21.450000762939453,21.479999542236328,9.673255920410156,43800
ATO,2001-10-23,21.479999542236328,21.479999542236328,20.5,20.799999237060547,9.367026329040527,115400
ATO,2001-10-24,20.799999237060547,20.850000381469727,20.520000457763672,20.68000030517578,9.312982559204102,51700
ATO,2001-10-25,20.68000030517578,21.350000381469727,20.299999237060547,21.200000762939453,9.547160148620604,133100
ATO,2001-10-26,21.200000762939453,21.450000762939453,21.1299991607666,21.299999237060547,9.592196464538574,75100
ATO,2001-10-29,21.25,21.450000762939453,21.049999237060547,21.200000762939453,9.547160148620604,47800
ATO,2001-10-30,21.200000762939453,21.64999961853028,20.64999961853028,21.229999542236328,9.560672760009766,81700
ATO,2001-10-31,21.200000762939453,21.559999465942383,21.0,21.549999237060547,9.704779624938965,45700
ATO,2001-11-01,21.549999237060547,21.93000030517578,21.549999237060547,21.75,9.79484748840332,65000
ATO,2001-11-02,21.5,21.700000762939453,21.0,21.299999237060547,9.592196464538574,56400
ATO,2001-11-05,21.100000381469727,21.940000534057617,21.100000381469727,21.5,9.68226432800293,27400
ATO,2001-11-06,21.5,21.51000022888184,21.100000381469727,21.39999961853028,9.637227058410645,106400
ATO,2001-11-07,21.39999961853028,21.450000762939453,21.0,21.13999938964844,9.520139694213867,62600
ATO,2001-11-08,21.239999771118164,21.299999237060547,21.0,21.100000381469727,9.502127647399902,88800
ATO,2001-11-09,21.0,21.280000686645508,20.64999961853028,20.940000534057617,9.43006992340088,78500
ATO,2001-11-12,20.89999961853028,21.200000762939453,20.850000381469727,21.18000030517578,9.538156509399414,43300
ATO,2001-11-13,21.200000762939453,21.280000686645508,20.809999465942383,21.020000457763672,9.466103553771973,74800
ATO,2001-11-14,21.020000457763672,21.5,21.020000457763672,21.21999931335449,9.55616855621338,58600
ATO,2001-11-15,21.25,21.25,21.030000686645508,21.049999237060547,9.479610443115234,83300
ATO,2001-11-16,20.950000762939453,21.0,20.350000381469727,20.89999961853028,9.41206169128418,81300
ATO,2001-11-19,21.0,21.0,20.729999542236328,20.790000915527344,9.362523078918455,54300
ATO,2001-11-20,20.700000762939453,21.75,20.700000762939453,21.450000762939453,9.659740447998049,98100
ATO,2001-11-21,21.049999237060547,21.280000686645508,20.700000762939453,20.700000762939453,9.451986312866213,61100
ATO,2001-11-23,20.780000686645508,21.3799991607666,20.780000686645508,21.3799991607666,9.762481689453123,23600
ATO,2001-11-26,21.3799991607666,21.440000534057617,21.040000915527344,21.14999961853028,9.657464981079102,44800
ATO,2001-11-27,21.100000381469727,21.14999961853028,20.729999542236328,20.739999771118164,9.47024917602539,90200
ATO,2001-11-28,20.739999771118164,20.739999771118164,19.5,20.049999237060547,9.155184745788574,1182800
ATO,2001-11-29,20.059999465942383,20.059999465942383,19.459999084472656,19.739999771118164,9.013631820678713,306700
ATO,2001-11-30,19.75,19.799999237060547,19.540000915527344,19.600000381469727,8.949702262878418,153200
ATO,2001-12-03,19.75,19.75,19.450000762939453,19.459999084472656,8.885778427124023,126400
ATO,2001-12-04,19.459999084472656,19.89999961853028,19.459999084472656,19.8700008392334,9.072990417480469,100700
ATO,2001-12-05,19.8700008392334,20.07999992370605,19.86000061035156,20.0,9.132351875305176,97800
ATO,2001-12-06,20.0,20.0,19.780000686645508,19.940000534057617,9.104949951171877,120300
ATO,2001-12-07,19.950000762939453,20.200000762939453,19.790000915527344,20.100000381469727,9.17801570892334,154400
ATO,2001-12-10,20.14999961853028,20.14999961853028,19.700000762939453,19.71999931335449,9.004500389099121,61000
ATO,2001-12-11,19.71999931335449,19.88999938964844,19.71999931335449,19.81999969482422,9.050159454345703,134200
ATO,2001-12-12,19.850000381469727,20.100000381469727,19.739999771118164,19.850000381469727,9.063859939575195,129600
ATO,2001-12-13,19.799999237060547,20.229999542236328,19.799999237060547,19.950000762939453,9.109519004821776,72900
ATO,2001-12-14,20.200000762939453,20.299999237060547,20.01000022888184,20.25,9.246506690979004,128600
ATO,2001-12-17,20.26000022888184,20.850000381469727,20.200000762939453,20.850000381469727,9.52047634124756,105300
ATO,2001-12-18,20.950000762939453,21.100000381469727,20.809999465942383,21.100000381469727,9.634632110595703,66900
ATO,2001-12-19,21.14999961853028,21.18000030517578,20.920000076293945,21.1299991607666,9.648330688476562,107200
ATO,2001-12-20,21.229999542236328,21.450000762939453,21.030000686645508,21.32999992370605,9.739653587341309,82400
ATO,2001-12-21,21.34000015258789,21.46999931335449,21.100000381469727,21.39999961853028,9.77161693572998,188100
ATO,2001-12-24,21.39999961853028,21.56999969482422,21.14999961853028,21.239999771118164,9.698555946350098,51100
ATO,2001-12-26,21.239999771118164,21.38999938964844,21.13999938964844,21.36000061035156,9.753352165222168,59200
ATO,2001-12-27,21.36000061035156,21.5,21.299999237060547,21.299999237060547,9.725955963134766,51100
ATO,2001-12-28,21.39999961853028,21.440000534057617,21.01000022888184,21.040000915527344,9.60723114013672,105000
ATO,2001-12-31,21.049999237060547,21.700000762939453,21.0,21.25,9.703124046325684,123900
ATO,2002-01-02,21.25,21.549999237060547,20.8799991607666,21.450000762939453,9.79444980621338,95100
ATO,2002-01-03,21.520000457763672,21.600000381469727,21.200000762939453,21.559999465942383,9.844674110412598,128400
ATO,2002-01-04,21.75,21.82999992370605,21.5,21.799999237060547,9.95426082611084,62100
ATO,2002-01-07,21.89999961853028,21.989999771118164,21.549999237060547,21.6200008392334,9.872074127197266,111600
ATO,2002-01-08,21.520000457763672,21.6299991607666,21.31999969482422,21.39999961853028,9.77161693572998,67300
ATO,2002-01-09,21.450000762939453,21.700000762939453,21.07999992370605,21.07999992370605,9.625496864318848,57600
ATO,2002-01-10,21.100000381469727,21.350000381469727,21.07999992370605,21.299999237060547,9.725955963134766,65900
ATO,2002-01-11,21.36000061035156,21.5,21.350000381469727,21.43000030517578,9.785313606262209,51800
ATO,2002-01-14,21.5,21.600000381469727,21.049999237060547,21.049999237060547,9.61180305480957,93500
ATO,2002-01-15,21.020000457763672,21.14999961853028,20.82999992370605,20.989999771118164,9.584399223327637,104800
ATO,2002-01-16,21.0,21.190000534057617,20.90999984741211,21.100000381469727,9.634632110595703,161100
ATO,2002-01-17,21.100000381469727,21.34000015258789,21.0,21.0,9.58897304534912,174500
ATO,2002-01-18,21.049999237060547,21.1200008392334,20.8700008392334,20.950000762939453,9.566134452819824,80700
ATO,2002-01-22,21.059999465942383,21.200000762939453,20.89999961853028,20.950000762939453,9.566134452819824,100600
ATO,2002-01-23,20.89999961853028,21.13999938964844,20.739999771118164,20.979999542236328,9.579834938049316,100700
ATO,2002-01-24,21.0,21.030000686645508,20.86000061035156,20.86000061035156,9.525044441223145,76100
ATO,2002-01-25,20.96999931335449,21.100000381469727,20.82999992370605,20.959999084472656,9.57070541381836,183500
ATO,2002-01-28,20.8799991607666,21.200000762939453,20.84000015258789,21.100000381469727,9.634632110595703,60300
ATO,2002-01-29,21.14999961853028,21.200000762939453,20.540000915527344,20.75,9.474817276000977,80600
ATO,2002-01-30,20.850000381469727,21.18000030517578,20.6200008392334,21.100000381469727,9.634632110595703,80000
ATO,2002-01-31,21.11000061035156,21.11000061035156,20.89999961853028,21.100000381469727,9.634632110595703,45200
ATO,2002-02-01,21.100000381469727,21.25,20.799999237060547,20.799999237060547,9.497647285461426,72000
ATO,2002-02-04,20.89999961853028,21.0,20.850000381469727,20.90999984741211,9.54787540435791,51100
ATO,2002-02-05,20.88999938964844,21.1200008392334,20.850000381469727,21.09000015258789,9.630067825317385,37300
ATO,2002-02-06,21.0,21.0,20.700000762939453,20.739999771118164,9.47024917602539,57000
ATO,2002-02-07,20.75,20.86000061035156,20.26000022888184,20.26000022888184,9.251072883605955,118900
ATO,2002-02-08,20.5,21.0,20.420000076293945,20.959999084472656,9.57070541381836,50300
ATO,2002-02-11,21.01000022888184,21.450000762939453,21.01000022888184,21.32999992370605,9.739653587341309,70400
ATO,2002-02-12,21.39999961853028,21.549999237060547,21.290000915527344,21.479999542236328,9.808144569396973,55400
ATO,2002-02-13,21.5,21.729999542236328,21.5,21.71999931335449,9.91773509979248,79600
ATO,2002-02-14,21.739999771118164,22.0,21.68000030517578,21.690000534057617,9.904038429260254,205200
ATO,2002-02-15,21.600000381469727,22.46999931335449,21.3700008392334,22.420000076293945,10.237367630004885,104100
ATO,2002-02-19,22.3700008392334,22.43000030517578,21.959999084472656,22.06999969482422,10.07755184173584,59300
ATO,2002-02-20,22.14999961853028,22.479999542236328,22.07999992370605,22.479999542236328,10.264766693115234,571300
ATO,2002-02-21,22.200000762939453,22.34000015258789,21.809999465942383,21.809999465942383,10.091257095336914,73500
ATO,2002-02-22,22.0,22.030000686645508,21.5,21.700000762939453,10.040359497070312,163600
ATO,2002-02-25,21.89999961853028,22.200000762939453,21.75,22.100000381469727,10.225438117980955,81300
ATO,2002-02-26,22.100000381469727,22.549999237060547,21.950000762939453,22.51000022888184,10.415135383605955,111800
ATO,2002-02-27,22.5,22.64999961853028,22.350000381469727,22.51000022888184,10.415135383605955,46500
ATO,2002-02-28,22.520000457763672,22.59000015258789,22.299999237060547,22.299999237060547,10.317970275878906,107900
ATO,2002-03-01,22.350000381469727,22.5,22.239999771118164,22.290000915527344,10.313346862792969,84800
ATO,2002-03-04,22.31999969482422,22.450000762939453,22.26000022888184,22.34000015258789,10.336483001708984,84500
ATO,2002-03-05,22.440000534057617,22.440000534057617,22.200000762939453,22.26000022888184,10.299464225769045,89800
ATO,2002-03-06,22.459999084472656,22.5,22.1299991607666,22.489999771118164,10.4058837890625,103500
ATO,2002-03-07,22.39999961853028,22.950000762939453,22.39999961853028,22.950000762939453,10.61872386932373,98300
ATO,2002-03-08,22.950000762939453,23.200000762939453,22.459999084472656,23.200000762939453,10.734393119812012,111500
ATO,2002-03-11,23.270000457763672,23.450000762939453,22.93000030517578,23.450000762939453,10.850064277648926,47400
ATO,2002-03-12,23.39999961853028,23.39999961853028,22.799999237060547,23.25,10.757527351379396,89500
ATO,2002-03-13,23.14999961853028,23.549999237060547,23.0,23.40999984741211,10.83155918121338,82800
ATO,2002-03-14,23.450000762939453,23.64999961853028,23.39999961853028,23.63999938964844,10.93797492980957,48600
ATO,2002-03-15,23.299999237060547,24.39999961853028,23.239999771118164,23.76000022888184,10.993500709533691,151900
ATO,2002-03-18,23.76000022888184,23.950000762939453,23.61000061035156,23.88999938964844,11.053647994995115,41600
ATO,2002-03-19,23.799999237060547,24.049999237060547,23.799999237060547,24.0,11.104544639587402,44900
ATO,2002-03-20,23.989999771118164,24.39999961853028,23.6200008392334,23.670000076293945,10.951860427856444,77400
ATO,2002-03-21,23.790000915527344,24.190000534057617,23.790000915527344,24.15999984741211,11.178571701049805,140100
ATO,2002-03-22,24.190000534057617,24.299999237060547,23.790000915527344,23.790000915527344,11.007384300231934,181300
ATO,2002-03-25,23.690000534057617,24.25,23.64999961853028,23.93000030517578,11.072151184082031,65800
ATO,2002-03-26,23.979999542236328,24.059999465942383,23.799999237060547,23.950000762939453,11.08141040802002,48200
ATO,2002-03-27,24.049999237060547,24.489999771118164,24.0,24.200000762939453,11.19708251953125,63600
ATO,2002-03-28,24.299999237060547,24.5,23.600000381469727,23.600000381469727,10.919469833374023,75800
ATO,2002-04-01,23.57999992370605,24.200000762939453,23.530000686645508,23.75,10.988871574401855,98700
ATO,2002-04-02,23.850000381469727,24.100000381469727,23.75,23.950000762939453,11.08141040802002,113200
ATO,2002-04-03,23.979999542236328,23.979999542236328,23.68000030517578,23.729999542236328,10.979626655578612,56500
ATO,2002-04-04,23.690000534057617,23.88999938964844,23.440000534057617,23.59000015258789,10.91484546661377,61500
ATO,2002-04-05,23.440000534057617,23.850000381469727,23.440000534057617,23.64999961853028,10.942604064941406,68800
ATO,2002-04-08,23.64999961853028,24.100000381469727,23.63999938964844,24.059999465942383,11.132309913635254,44200
ATO,2002-04-09,24.0,24.21999931335449,23.89999961853028,24.100000381469727,11.150816917419434,88700
ATO,2002-04-10,24.1200008392334,24.549999237060547,24.100000381469727,24.459999084472656,11.317377090454102,136900
ATO,2002-04-11,24.39999961853028,24.39999961853028,24.0,24.09000015258789,11.146183967590332,59300
ATO,2002-04-12,24.15999984741211,24.450000762939453,23.8799991607666,24.38999938964844,11.284991264343262,131600
ATO,2002-04-15,24.39999961853028,24.39999961853028,23.979999542236328,24.01000022888184,11.109173774719238,76000
ATO,2002-04-16,23.989999771118164,24.43000030517578,23.989999771118164,24.350000381469727,11.266486167907717,124500
ATO,2002-04-17,24.25,24.36000061035156,24.14999961853028,24.200000762939453,11.19708251953125,78800
ATO,2002-04-18,24.299999237060547,24.350000381469727,24.100000381469727,24.280000686645508,11.23409652709961,50400
ATO,2002-04-19,24.25,24.299999237060547,24.14999961853028,24.299999237060547,11.243351936340332,45700
ATO,2002-04-22,24.39999961853028,24.440000534057617,24.11000061035156,24.31999969482422,11.252606391906738,85700
ATO,2002-04-23,24.39999961853028,24.549999237060547,24.15999984741211,24.190000534057617,11.192458152770996,58200
ATO,2002-04-24,24.25,24.39999961853028,24.11000061035156,24.170000076293945,11.183202743530272,52700
ATO,2002-04-25,24.21999931335449,24.39999961853028,24.100000381469727,24.11000061035156,11.155444145202637,59800
ATO,2002-04-26,24.11000061035156,24.200000762939453,23.709999084472656,23.850000381469727,11.03514289855957,56800
ATO,2002-04-29,23.89999961853028,24.049999237060547,23.75,23.89999961853028,11.058276176452637,62600
ATO,2002-04-30,23.950000762939453,24.0,23.86000061035156,23.93000030517578,11.072151184082031,97800
ATO,2002-05-01,23.989999771118164,24.14999961853028,23.809999465942383,24.0,11.104544639587402,70400
ATO,2002-05-02,24.0,24.100000381469727,23.920000076293945,24.0,11.104544639587402,113800
ATO,2002-05-03,24.0,24.290000915527344,23.850000381469727,24.0,11.104544639587402,73800
ATO,2002-05-06,23.89999961853028,24.13999938964844,23.63999938964844,23.739999771118164,10.984245300292969,51100
ATO,2002-05-07,23.84000015258789,23.8700008392334,23.5,23.549999237060547,10.89633560180664,41400
ATO,2002-05-08,23.43000030517578,24.0,23.420000076293945,23.96999931335449,11.090664863586426,52300
ATO,2002-05-09,23.96999931335449,24.040000915527344,23.25,23.39999961853028,10.82693099975586,53500
ATO,2002-05-10,23.450000762939453,23.450000762939453,23.059999465942383,23.14999961853028,10.711260795593262,56800
ATO,2002-05-13,23.25,23.38999938964844,23.209999084472656,23.209999084472656,10.739020347595217,101000
ATO,2002-05-14,23.18000030517578,23.86000061035156,23.18000030517578,23.75,10.988871574401855,74400
ATO,2002-05-15,23.799999237060547,23.81999969482422,23.700000762939453,23.81999969482422,11.02126407623291,56400
ATO,2002-05-16,23.850000381469727,24.030000686645508,23.38999938964844,23.5,10.873199462890623,88600
ATO,2002-05-17,23.549999237060547,23.6299991607666,23.299999237060547,23.350000381469727,10.803800582885742,81700
ATO,2002-05-20,23.39999961853028,23.540000915527344,23.100000381469727,23.100000381469727,10.688122749328612,52300
ATO,2002-05-21,23.200000762939453,23.299999237060547,22.89999961853028,23.25,10.757527351379396,56000
ATO,2002-05-22,23.25,23.43000030517578,23.049999237060547,23.32999992370605,10.794543266296388,40100
ATO,2002-05-23,23.030000686645508,23.459999084472656,22.729999542236328,23.459999084472656,10.993701934814451,59200
ATO,2002-05-24,23.549999237060547,23.549999237060547,23.07999992370605,23.170000076293945,10.857803344726562,49900
ATO,2002-05-28,23.200000762939453,23.229999542236328,22.82999992370605,23.229999542236328,10.885920524597168,62900
ATO,2002-05-29,23.14999961853028,23.229999542236328,22.780000686645508,23.07999992370605,10.815634727478027,61100
ATO,2002-05-30,23.049999237060547,23.25,22.850000381469727,23.07999992370605,10.815634727478027,30600
ATO,2002-05-31,23.059999465942383,23.25,22.950000762939453,23.13999938964844,10.843748092651367,58100
ATO,2002-06-03,23.07999992370605,23.07999992370605,22.14999961853028,22.15999984741211,10.384503364562988,70700
ATO,2002-06-04,22.14999961853028,22.489999771118164,21.940000534057617,22.36000061035156,10.47822380065918,66400
ATO,2002-06-05,22.459999084472656,22.600000381469727,22.01000022888184,22.09000015258789,10.351703643798828,78800
ATO,2002-06-06,22.13999938964844,22.13999938964844,21.0,21.25,9.958066940307615,110700
ATO,2002-06-07,21.299999237060547,21.65999984741211,21.01000022888184,21.309999465942383,9.986181259155272,112000
ATO,2002-06-10,21.459999084472656,21.600000381469727,21.36000061035156,21.3700008392334,10.014300346374512,96100
ATO,2002-06-11,21.420000076293945,21.729999542236328,21.420000076293945,21.479999542236328,10.065845489501951,63900
ATO,2002-06-12,21.5,21.84000015258789,21.39999961853028,21.739999771118164,10.1876859664917,93900
ATO,2002-06-13,21.729999542236328,21.739999771118164,21.209999084472656,21.270000457763672,9.967437744140623,68600
ATO,2002-06-14,21.200000762939453,21.799999237060547,21.01000022888184,21.540000915527344,10.09396266937256,80000
ATO,2002-06-17,21.5,22.34000015258789,21.5,22.34000015258789,10.468857765197754,68300
ATO,2002-06-18,22.34000015258789,22.690000534057617,22.34000015258789,22.5,10.54383373260498,59500
ATO,2002-06-19,22.51000022888184,22.65999984741211,21.71999931335449,21.950000762939453,10.28610134124756,119200
ATO,2002-06-20,22.14999961853028,22.489999771118164,21.64999961853028,21.979999542236328,10.300153732299805,130000
ATO,2002-06-21,22.229999542236328,23.100000381469727,22.229999542236328,23.100000381469727,10.82500171661377,128800
ATO,2002-06-24,22.989999771118164,23.01000022888184,22.600000381469727,22.61000061035156,10.595378875732422,90200
ATO,2002-06-25,22.6200008392334,23.350000381469727,22.6200008392334,23.0,10.778141975402832,103200
ATO,2002-06-26,22.950000762939453,23.049999237060547,22.5,22.75,10.66098690032959,141500
ATO,2002-06-27,22.799999237060547,23.14999961853028,22.6200008392334,23.100000381469727,10.82500171661377,84100
ATO,2002-06-28,23.0,23.64999961853028,23.0,23.440000534057617,10.984331130981444,127400
ATO,2002-07-01,23.450000762939453,23.46999931335449,22.64999961853028,22.64999961853028,10.614121437072754,115800
ATO,2002-07-02,22.75,22.76000022888184,22.299999237060547,22.299999237060547,10.450108528137209,89100
ATO,2002-07-03,22.350000381469727,22.36000061035156,21.790000915527344,22.15999984741211,10.384503364562988,73800
ATO,2002-07-05,22.25,22.68000030517578,22.25,22.64999961853028,10.614121437072754,26200
ATO,2002-07-08,22.549999237060547,23.170000076293945,22.520000457763672,22.75,10.66098690032959,74300
ATO,2002-07-09,22.76000022888184,23.0,22.5,22.63999938964844,10.609444618225098,56100
ATO,2002-07-10,22.700000762939453,22.75,21.84000015258789,21.850000381469727,10.239232063293455,71200
ATO,2002-07-11,21.75,22.299999237060547,21.520000457763672,21.559999465942383,10.103334426879885,71300
ATO,2002-07-12,21.729999542236328,21.82999992370605,20.950000762939453,20.950000762939453,9.81747817993164,76300
ATO,2002-07-15,21.0,21.0,20.01000022888184,20.920000076293945,9.803423881530762,143200
ATO,2002-07-16,20.88999938964844,21.0,20.40999984741211,20.799999237060547,9.7471923828125,79600
ATO,2002-07-17,20.700000762939453,21.040000915527344,20.5,20.89999961853028,9.794052124023438,71300
ATO,2002-07-18,20.89999961853028,20.93000030517578,20.350000381469727,20.350000381469727,9.53631591796875,76000
ATO,2002-07-19,20.5,20.5,19.39999961853028,20.0,9.372292518615724,166800
ATO,2002-07-22,19.799999237060547,19.989999771118164,18.950000762939453,19.350000381469727,9.06769561767578,128400
ATO,2002-07-23,19.39999961853028,19.39999961853028,18.15999984741211,18.3700008392334,8.608454704284668,84400
ATO,2002-07-24,18.270000457763672,19.07999992370605,17.559999465942383,19.07999992370605,8.941171646118164,150400
ATO,2002-07-25,19.030000686645508,20.100000381469727,19.030000686645508,19.950000762939453,9.348862648010254,74100
ATO,2002-07-26,20.100000381469727,20.89999961853028,20.030000686645508,20.799999237060547,9.7471923828125,78700
ATO,2002-07-29,20.64999961853028,21.46999931335449,20.64999961853028,21.46999931335449,10.061161041259766,100800
ATO,2002-07-30,21.5,21.739999771118164,20.709999084472656,21.63999938964844,10.140823364257812,61300
ATO,2002-07-31,21.700000762939453,21.850000381469727,21.25,21.25,9.958066940307615,73600
ATO,2002-08-01,21.299999237060547,21.600000381469727,20.64999961853028,20.979999542236328,9.831538200378418,69800
ATO,2002-08-02,21.14999961853028,21.31999969482422,20.40999984741211,20.5,9.606603622436523,59500
ATO,2002-08-05,20.600000381469727,21.21999931335449,20.600000381469727,21.01000022888184,9.84559726715088,61500
ATO,2002-08-06,21.059999465942383,21.799999237060547,20.82999992370605,21.299999237060547,9.981496810913086,70500
ATO,2002-08-07,21.25,21.709999084472656,21.06999969482422,21.700000762939453,10.168941497802734,43700
ATO,2002-08-08,21.75,22.13999938964844,21.700000762939453,22.049999237060547,10.332959175109863,64400
ATO,2002-08-09,22.200000762939453,22.200000762939453,21.90999984741211,22.13999938964844,10.37513542175293,47400
ATO,2002-08-12,22.0,22.489999771118164,21.76000022888184,22.309999465942383,10.454794883728027,52400
ATO,2002-08-13,22.39999961853028,22.5,21.39999961853028,21.39999961853028,10.028360366821287,42200
ATO,2002-08-14,21.5,22.489999771118164,21.5,22.489999771118164,10.53914737701416,76500
ATO,2002-08-15,22.450000762939453,22.950000762939453,21.850000381469727,21.979999542236328,10.300153732299805,179800
ATO,2002-08-16,22.0,22.100000381469727,21.920000076293945,22.0,10.309521675109863,103100
ATO,2002-08-19,22.049999237060547,22.049999237060547,21.63999938964844,21.88999938964844,10.257973670959473,154800
ATO,2002-08-20,21.799999237060547,22.06999969482422,21.700000762939453,22.040000915527344,10.32826805114746,93000
ATO,2002-08-21,21.88999938964844,22.059999465942383,21.39999961853028,21.88999938964844,10.257973670959473,209600
ATO,2002-08-22,21.59000015258789,21.799999237060547,21.5,21.670000076293945,10.293603897094728,87300
ATO,2002-08-23,21.670000076293945,21.89999961853028,21.38999938964844,21.420000076293945,10.174854278564451,95300
ATO,2002-08-26,21.520000457763672,21.86000061035156,21.39999961853028,21.809999465942383,10.360109329223633,75300
ATO,2002-08-27,21.850000381469727,22.030000686645508,21.600000381469727,21.600000381469727,10.260356903076172,68200
ATO,2002-08-28,21.549999237060547,21.63999938964844,21.39999961853028,21.39999961853028,10.165349960327148,81100
ATO,2002-08-29,21.350000381469727,21.799999237060547,21.350000381469727,21.6200008392334,10.269850730895996,58700
ATO,2002-08-30,21.600000381469727,21.799999237060547,21.34000015258789,21.440000534057617,10.184349060058594,70900
ATO,2002-09-03,21.5,21.5,20.799999237060547,21.14999961853028,10.046597480773926,111900
ATO,2002-09-04,21.25,21.76000022888184,20.90999984741211,21.76000022888184,10.33635711669922,68700
ATO,2002-09-05,21.61000061035156,21.850000381469727,21.450000762939453,21.450000762939453,10.189098358154297,82000
ATO,2002-09-06,21.549999237060547,22.14999961853028,21.549999237060547,22.100000381469727,10.497865676879885,96700
ATO,2002-09-09,22.350000381469727,22.350000381469727,21.71999931335449,22.049999237060547,10.474109649658203,97000
ATO,2002-09-10,22.049999237060547,22.190000534057617,21.709999084472656,21.850000381469727,10.379103660583496,104900
ATO,2002-09-11,21.950000762939453,22.170000076293945,21.89999961853028,22.1299991607666,10.512115478515623,105200
ATO,2002-09-12,22.11000061035156,22.11000061035156,21.600000381469727,21.6200008392334,10.269850730895996,39200
ATO,2002-09-13,21.670000076293945,22.100000381469727,21.600000381469727,22.0,10.450363159179688,101800
ATO,2002-09-16,21.950000762939453,22.13999938964844,21.68000030517578,21.959999084472656,10.431354522705078,91000
ATO,2002-09-17,22.0,22.01000022888184,21.5,21.5,10.212850570678713,75000
ATO,2002-09-18,21.450000762939453,21.989999771118164,21.39999961853028,21.770000457763672,10.341109275817873,68100
ATO,2002-09-19,21.739999771118164,21.920000076293945,21.25,21.25,10.09410285949707,66500
ATO,2002-09-20,21.600000381469727,21.600000381469727,21.01000022888184,21.14999961853028,10.046597480773926,94500
ATO,2002-09-23,21.15999984741211,21.3799991607666,20.75,20.8700008392334,9.913592338562012,52600
ATO,2002-09-24,20.8700008392334,21.01000022888184,20.700000762939453,20.75,9.856590270996094,54600
ATO,2002-09-25,20.75,21.850000381469727,20.75,21.600000381469727,10.260356903076172,94400
ATO,2002-09-26,22.0,22.100000381469727,21.709999084472656,22.100000381469727,10.497865676879885,87600
ATO,2002-09-27,22.0,22.0,21.350000381469727,21.350000381469727,10.14159870147705,80800
ATO,2002-09-30,21.450000762939453,21.850000381469727,20.979999542236328,21.5,10.212850570678713,81100
ATO,2002-10-01,21.39999961853028,21.75,21.39999961853028,21.739999771118164,10.326855659484863,112200
ATO,2002-10-02,21.799999237060547,21.989999771118164,21.3799991607666,21.38999938964844,10.160604476928713,59300
ATO,2002-10-03,21.51000022888184,21.950000762939453,21.51000022888184,21.690000534057617,10.303104400634766,55100
ATO,2002-10-04,21.739999771118164,21.799999237060547,21.3799991607666,21.799999237060547,10.355358123779297,191800
ATO,2002-10-07,21.89999961853028,21.950000762939453,21.5,21.549999237060547,10.236607551574709,79300
ATO,2002-10-08,21.450000762939453,21.8799991607666,21.01000022888184,21.64999961853028,10.284104347229004,69500
ATO,2002-10-09,21.64999961853028,21.799999237060547,20.700000762939453,20.700000762939453,9.832836151123049,188200
ATO,2002-10-10,20.850000381469727,21.450000762939453,20.6200008392334,21.270000457763672,10.103597640991213,122200
ATO,2002-10-11,21.170000076293945,21.489999771118164,21.01000022888184,21.020000457763672,9.984844207763672,100800
ATO,2002-10-14,20.920000076293945,21.36000061035156,20.90999984741211,21.25,10.09410285949707,54100
ATO,2002-10-15,21.15999984741211,21.790000915527344,21.15999984741211,21.75,10.331604957580566,63300
ATO,2002-10-16,21.64999961853028,21.790000915527344,20.850000381469727,20.950000762939453,9.951590538024902,65400
ATO,2002-10-17,21.06999969482422,21.3799991607666,20.93000030517578,21.239999771118164,10.089344024658203,78700
ATO,2002-10-18,21.38999938964844,21.64999961853028,21.040000915527344,21.350000381469727,10.14159870147705,47800
ATO,2002-10-21,21.31999969482422,21.81999969482422,21.040000915527344,21.75,10.331604957580566,84400
ATO,2002-10-22,21.76000022888184,21.76000022888184,21.200000762939453,21.299999237060547,10.117850303649902,63300
ATO,2002-10-23,21.299999237060547,21.540000915527344,21.200000762939453,21.489999771118164,10.20810604095459,70100
ATO,2002-10-24,21.59000015258789,21.64999961853028,21.200000762939453,21.440000534057617,10.184349060058594,67800
ATO,2002-10-25,21.40999984741211,21.700000762939453,21.14999961853028,21.690000534057617,10.303104400634766,60500
ATO,2002-10-28,21.75,21.850000381469727,21.549999237060547,21.739999771118164,10.326855659484863,48900
ATO,2002-10-29,21.700000762939453,21.75,21.270000457763672,21.75,10.331604957580566,47300
ATO,2002-10-30,21.75,22.0,21.729999542236328,21.96999931335449,10.436110496520996,61800
ATO,2002-10-31,21.96999931335449,22.299999237060547,21.84000015258789,22.0,10.450363159179688,68700
ATO,2002-11-01,22.049999237060547,22.40999984741211,21.979999542236328,22.40999984741211,10.645118713378906,70800
ATO,2002-11-04,22.440000534057617,22.600000381469727,22.11000061035156,22.32999992370605,10.60711669921875,51200
ATO,2002-11-05,22.450000762939453,22.450000762939453,22.040000915527344,22.18000030517578,10.535866737365724,54100
ATO,2002-11-06,22.200000762939453,22.540000915527344,22.030000686645508,22.39999961853028,10.640369415283203,76300
ATO,2002-11-07,22.299999237060547,22.299999237060547,21.64999961853028,21.700000762939453,10.307856559753418,109200
ATO,2002-11-08,21.75,22.0,21.549999237060547,21.89999961853028,10.402856826782228,43100
ATO,2002-11-11,21.89999961853028,21.989999771118164,21.700000762939453,21.700000762939453,10.307856559753418,47400
ATO,2002-11-12,21.75,21.88999938964844,21.270000457763672,21.299999237060547,10.117850303649902,55300
ATO,2002-11-13,21.299999237060547,21.799999237060547,21.299999237060547,21.56999969482422,10.246108055114746,43500
ATO,2002-11-14,21.6299991607666,21.8799991607666,21.51000022888184,21.809999465942383,10.360109329223633,56600
ATO,2002-11-15,21.670000076293945,22.46999931335449,21.64999961853028,22.14999961853028,10.521613121032717,91200
ATO,2002-11-18,22.25,22.76000022888184,21.540000915527344,21.540000915527344,10.231852531433104,94400
ATO,2002-11-19,21.600000381469727,21.979999542236328,21.51000022888184,21.88999938964844,10.398109436035156,73400
ATO,2002-11-20,21.799999237060547,22.25,21.799999237060547,22.21999931335449,10.554859161376951,1063800
ATO,2002-11-21,21.8799991607666,22.739999771118164,21.8799991607666,22.299999237060547,10.737838745117188,96600
ATO,2002-11-22,22.299999237060547,22.84000015258789,22.299999237060547,22.770000457763672,10.964157104492188,58200
ATO,2002-11-25,22.950000762939453,23.14999961853028,22.600000381469727,23.0,11.07490348815918,84500
ATO,2002-11-26,22.81999969482422,23.049999237060547,22.21999931335449,22.21999931335449,10.699315071105955,74500
ATO,2002-11-27,22.31999969482422,22.790000915527344,22.21999931335449,22.790000915527344,10.973785400390623,65400
ATO,2002-11-29,22.920000076293945,22.920000076293945,22.299999237060547,22.299999237060547,10.737838745117188,56800
ATO,2002-12-02,22.39999961853028,22.790000915527344,22.3799991607666,22.790000915527344,10.973785400390623,55900
ATO,2002-12-03,22.84000015258789,23.209999084472656,22.600000381469727,22.799999237060547,10.978599548339844,176900
ATO,2002-12-04,23.049999237060547,23.299999237060547,22.81999969482422,22.950000762939453,11.050830841064451,363400
ATO,2002-12-05,23.200000762939453,23.200000762939453,22.709999084472656,22.850000381469727,11.002677917480469,102500
ATO,2002-12-06,22.75,22.90999984741211,22.51000022888184,22.75,10.954523086547852,101100
ATO,2002-12-09,22.799999237060547,22.82999992370605,22.549999237060547,22.68000030517578,10.920817375183104,87500
ATO,2002-12-10,22.75,22.809999465942383,22.64999961853028,22.770000457763672,10.964157104492188,95600
ATO,2002-12-11,22.799999237060547,22.89999961853028,22.799999237060547,22.850000381469727,11.002677917480469,135200
ATO,2002-12-12,22.950000762939453,22.959999084472656,22.75,22.940000534057617,11.046016693115234,130300
ATO,2002-12-13,23.020000457763672,23.200000762939453,22.790000915527344,22.790000915527344,10.973785400390623,126300
ATO,2002-12-16,22.850000381469727,23.64999961853028,22.850000381469727,23.61000061035156,11.368627548217772,254400
ATO,2002-12-17,23.61000061035156,23.799999237060547,23.420000076293945,23.530000686645508,11.330110549926758,65900
ATO,2002-12-18,23.61000061035156,23.8799991607666,23.3799991607666,23.6299991607666,11.378254890441896,65000
ATO,2002-12-19,23.780000686645508,23.809999465942383,23.40999984741211,23.5,11.315662384033203,70800
ATO,2002-12-20,23.700000762939453,23.75,23.15999984741211,23.15999984741211,11.151945114135742,134400
ATO,2002-12-23,23.100000381469727,23.6299991607666,23.020000457763672,23.51000022888184,11.320476531982422,85100
ATO,2002-12-24,23.61000061035156,23.6200008392334,23.350000381469727,23.5,11.315662384033203,31500
ATO,2002-12-26,23.549999237060547,23.65999984741211,23.5,23.6299991607666,11.378254890441896,40900
ATO,2002-12-27,23.5,23.56999969482422,23.100000381469727,23.11000061035156,11.127870559692385,110100
ATO,2002-12-30,23.25,23.31999969482422,23.040000915527344,23.25,11.19528579711914,101300
ATO,2002-12-31,23.420000076293945,23.61000061035156,23.209999084472656,23.31999969482422,11.228988647460938,97400
ATO,2003-01-02,23.549999237060547,23.63999938964844,23.32999992370605,23.540000915527344,11.334924697875977,81400
ATO,2003-01-03,23.520000457763672,23.6299991607666,23.32999992370605,23.5,11.315662384033203,157900
ATO,2003-01-06,23.549999237060547,24.239999771118164,23.549999237060547,24.200000762939453,11.652721405029297,126300
ATO,2003-01-07,24.309999465942383,24.309999465942383,23.350000381469727,23.739999771118164,11.43122386932373,158900
ATO,2003-01-08,23.75,23.770000457763672,23.39999961853028,23.600000381469727,11.363811492919922,101600
ATO,2003-01-09,23.850000381469727,23.89999961853028,23.51000022888184,23.549999237060547,11.33973503112793,102700
ATO,2003-01-10,23.39999961853028,23.57999992370605,23.31999969482422,23.489999771118164,11.310847282409668,124400
ATO,2003-01-13,23.5,23.700000762939453,23.100000381469727,23.559999465942383,11.344552993774414,140600
ATO,2003-01-14,23.5,23.549999237060547,23.200000762939453,23.280000686645508,11.209726333618164,102800
ATO,2003-01-15,23.32999992370605,23.32999992370605,22.100000381469727,22.36000061035156,10.76672649383545,340000
ATO,2003-01-16,22.39999961853028,22.96999931335449,22.39999961853028,22.670000076293945,10.916006088256836,161800
ATO,2003-01-17,22.799999237060547,22.799999237060547,22.299999237060547,22.40999984741211,10.79080867767334,136300
ATO,2003-01-21,22.5,22.5,22.09000015258789,22.229999542236328,10.704137802124023,94300
ATO,2003-01-22,22.200000762939453,22.200000762939453,21.90999984741211,21.93000030517578,10.559678077697754,135000
ATO,2003-01-23,21.989999771118164,22.290000915527344,21.940000534057617,22.1200008392334,10.651167869567873,133100
ATO,2003-01-24,22.1200008392334,22.1200008392334,21.790000915527344,21.93000030517578,10.559678077697754,81900
ATO,2003-01-27,22.0,22.0,21.39999961853028,21.39999961853028,10.304473876953123,95400
ATO,2003-01-28,21.64999961853028,22.030000686645508,21.39999961853028,21.700000762939453,10.448932647705078,168500
ATO,2003-01-29,21.950000762939453,21.989999771118164,21.530000686645508,21.8700008392334,10.53079319000244,90500
ATO,2003-01-30,21.959999084472656,22.26000022888184,21.959999084472656,22.01000022888184,10.598200798034668,129300
ATO,2003-01-31,22.049999237060547,22.39999961853028,22.020000457763672,22.39999961853028,10.78599452972412,219900
ATO,2003-02-03,22.39999961853028,22.46999931335449,22.14999961853028,22.15999984741211,10.670421600341797,118200
ATO,2003-02-04,22.059999465942383,22.43000030517578,22.030000686645508,22.26000022888184,10.71857738494873,76800
ATO,2003-02-05,22.459999084472656,22.459999084472656,21.799999237060547,21.959999084472656,10.574121475219728,71800
ATO,2003-02-06,22.15999984741211,22.190000534057617,21.739999771118164,21.84000015258789,10.516347885131836,64600
ATO,2003-02-07,21.850000381469727,21.93000030517578,21.280000686645508,21.280000686645508,10.24669075012207,79600
ATO,2003-02-10,21.299999237060547,21.63999938964844,21.299999237060547,21.5,10.352625846862791,81000
ATO,2003-02-11,21.61000061035156,21.64999961853028,21.01000022888184,21.190000534057617,10.203361511230469,130000
ATO,2003-02-12,21.190000534057617,21.89999961853028,21.190000534057617,21.299999237060547,10.256324768066406,193800
ATO,2003-02-13,21.39999961853028,21.709999084472656,21.200000762939453,21.5,10.352625846862791,108800
ATO,2003-02-14,21.479999542236328,22.049999237060547,21.479999542236328,21.950000762939453,10.56931209564209,162300
ATO,2003-02-18,22.030000686645508,22.170000076293945,21.799999237060547,22.030000686645508,10.607833862304688,85100
ATO,2003-02-19,22.14999961853028,22.280000686645508,22.0,22.020000457763672,10.60301399230957,73900
ATO,2003-02-20,22.040000915527344,22.200000762939453,21.93000030517578,22.11000061035156,10.646354675292969,1279900
ATO,2003-02-21,21.850000381469727,22.229999542236328,21.81999969482422,22.049999237060547,10.763508796691896,84900
ATO,2003-02-24,22.100000381469727,22.13999938964844,21.799999237060547,21.82999992370605,10.656119346618652,96700
ATO,2003-02-25,21.93000030517578,22.209999084472656,21.75,22.1200008392334,10.797677040100098,117800
ATO,2003-02-26,22.1299991607666,22.1299991607666,21.64999961853028,21.670000076293945,10.57801342010498,73100
ATO,2003-02-27,21.75,21.940000534057617,21.51000022888184,21.56999969482422,10.529204368591309,101700
ATO,2003-02-28,21.670000076293945,21.75,21.25,21.280000686645508,10.387638092041016,129500
ATO,2003-03-03,21.32999992370605,21.64999961853028,21.239999771118164,21.299999237060547,10.397397994995115,117400
ATO,2003-03-04,21.39999961853028,21.540000915527344,21.100000381469727,21.489999771118164,10.490147590637209,150300
ATO,2003-03-05,21.450000762939453,21.68000030517578,21.239999771118164,21.61000061035156,10.548724174499512,85700
ATO,2003-03-06,21.549999237060547,21.670000076293945,21.40999984741211,21.530000686645508,10.509674072265623,83200
ATO,2003-03-07,21.540000915527344,21.6200008392334,21.39999961853028,21.450000762939453,10.470623970031738,83600
ATO,2003-03-10,21.520000457763672,21.56999969482422,21.1200008392334,21.14999961853028,10.324179649353027,57900
ATO,2003-03-11,21.0,21.5,20.950000762939453,20.950000762939453,10.226548194885254,83900
ATO,2003-03-12,21.040000915527344,21.229999542236328,20.850000381469727,20.950000762939453,10.226548194885254,135800
ATO,2003-03-13,21.200000762939453,21.479999542236328,21.11000061035156,21.43000030517578,10.460859298706056,129500
ATO,2003-03-14,21.6299991607666,21.6299991607666,21.25,21.43000030517578,10.460859298706056,147000
ATO,2003-03-17,21.39999961853028,21.64999961853028,21.270000457763672,21.57999992370605,10.534079551696776,96900
ATO,2003-03-18,21.700000762939453,21.739999771118164,21.3799991607666,21.39999961853028,10.44621467590332,247000
ATO,2003-03-19,21.39999961853028,21.479999542236328,21.34000015258789,21.39999961853028,10.44621467590332,90300
ATO,2003-03-20,21.43000030517578,21.5,21.26000022888184,21.5,10.495027542114258,160000
ATO,2003-03-21,21.5,21.89999961853028,21.3799991607666,21.89999961853028,10.690284729003906,331400
ATO,2003-03-24,21.75,21.75,21.25,21.34000015258789,10.416926383972168,166100
ATO,2003-03-25,21.3799991607666,21.600000381469727,21.31999969482422,21.450000762939453,10.470623970031738,137500
ATO,2003-03-26,21.549999237060547,21.549999237060547,21.25,21.25,10.37299346923828,136800
ATO,2003-03-27,21.3799991607666,21.450000762939453,21.18000030517578,21.450000762939453,10.470623970031738,147500
ATO,2003-03-28,21.25,21.5,21.200000762939453,21.38999938964844,10.44133472442627,121900
ATO,2003-03-31,21.39999961853028,21.489999771118164,21.229999542236328,21.26000022888184,10.37787628173828,174100
ATO,2003-04-01,21.39999961853028,21.6299991607666,21.049999237060547,21.6299991607666,10.55848789215088,162000
ATO,2003-04-02,21.64999961853028,21.64999961853028,21.39999961853028,21.559999465942383,10.524316787719728,120600
ATO,2003-04-03,21.64999961853028,21.65999984741211,21.39999961853028,21.43000030517578,10.460859298706056,90100
ATO,2003-04-04,21.3799991607666,21.6200008392334,21.3799991607666,21.600000381469727,10.543845176696776,89700
ATO,2003-04-07,21.700000762939453,22.100000381469727,21.51000022888184,21.600000381469727,10.543845176696776,113900
ATO,2003-04-08,21.5,21.950000762939453,21.5,21.82999992370605,10.656119346618652,94600
ATO,2003-04-09,21.84000015258789,22.13999938964844,21.40999984741211,21.530000686645508,10.509674072265623,184100
ATO,2003-04-10,21.530000686645508,21.75,21.39999961853028,21.56999969482422,10.529204368591309,80000
ATO,2003-04-11,21.84000015258789,21.850000381469727,21.350000381469727,21.540000915527344,10.514554023742676,87400
ATO,2003-04-14,21.540000915527344,21.64999961853028,21.3700008392334,21.450000762939453,10.470623970031738,184000
ATO,2003-04-15,21.450000762939453,21.770000457763672,21.31999969482422,21.6299991607666,10.55848789215088,141200
ATO,2003-04-16,21.8799991607666,21.8799991607666,21.540000915527344,21.64999961853028,10.568249702453612,98300
ATO,2003-04-17,21.89999961853028,22.200000762939453,21.64999961853028,21.89999961853028,10.690284729003906,110100
ATO,2003-04-21,21.89999961853028,22.0,21.82999992370605,22.0,10.73910140991211,93300
ATO,2003-04-22,22.0,22.32999992370605,21.89999961853028,22.18000030517578,10.826966285705566,179100
ATO,2003-04-23,22.43000030517578,22.450000762939453,22.06999969482422,22.31999969482422,10.89530086517334,142100
ATO,2003-04-24,22.25,22.459999084472656,22.14999961853028,22.38999938964844,10.92947769165039,236700
ATO,2003-04-25,22.43000030517578,22.450000762939453,22.309999465942383,22.309999465942383,10.890420913696287,149600
ATO,2003-04-28,22.850000381469727,22.850000381469727,22.46999931335449,22.790000915527344,11.12473201751709,169900
ATO,2003-04-29,22.799999237060547,22.940000534057617,22.600000381469727,22.6200008392334,11.041749000549316,187200
ATO,2003-04-30,22.700000762939453,22.84000015258789,22.65999984741211,22.780000686645508,11.119848251342772,152800
ATO,2003-05-01,22.780000686645508,22.780000686645508,22.3700008392334,22.600000381469727,11.031983375549316,120400
ATO,2003-05-02,22.75,23.07999992370605,22.700000762939453,23.0,11.227238655090332,94400
ATO,2003-05-05,23.01000022888184,23.239999771118164,22.93000030517578,22.950000762939453,11.20283317565918,117600
ATO,2003-05-06,23.100000381469727,23.100000381469727,22.920000076293945,23.059999465942383,11.2565279006958,158400
ATO,2003-05-07,22.959999084472656,23.100000381469727,22.959999084472656,22.989999771118164,11.222360610961914,92500
ATO,2003-05-08,23.020000457763672,23.229999542236328,22.93000030517578,23.1299991607666,11.290700912475586,138300
ATO,2003-05-09,23.239999771118164,23.489999771118164,23.15999984741211,23.440000534057617,11.442026138305664,108900
ATO,2003-05-12,23.440000534057617,23.5,23.270000457763672,23.420000076293945,11.432260513305664,146100
ATO,2003-05-13,23.39999961853028,23.489999771118164,23.21999931335449,23.290000915527344,11.36880111694336,133300
ATO,2003-05-14,23.299999237060547,23.450000762939453,23.1200008392334,23.170000076293945,11.310224533081056,191200
ATO,2003-05-15,23.3700008392334,23.690000534057617,23.290000915527344,23.540000915527344,11.490837097167969,173500
ATO,2003-05-16,23.479999542236328,23.920000076293945,22.700000762939453,22.700000762939453,11.080804824829102,267200
ATO,2003-05-19,23.0,23.450000762939453,22.989999771118164,23.21999931335449,11.33462619781494,203100
ATO,2003-05-20,23.25,23.6200008392334,23.200000762939453,23.549999237060547,11.495713233947754,170900
ATO,2003-05-21,23.549999237060547,23.700000762939453,23.46999931335449,23.700000762939453,11.568941116333008,170600
ATO,2003-05-22,23.520000457763672,23.59000015258789,23.3700008392334,23.5,11.618379592895508,191200
ATO,2003-05-23,23.440000534057617,24.3799991607666,23.36000061035156,24.26000022888184,11.994123458862305,253000
ATO,2003-05-27,24.26000022888184,24.979999542236328,24.26000022888184,24.850000381469727,12.285813331604004,390700
ATO,2003-05-28,24.8799991607666,24.93000030517578,24.61000061035156,24.76000022888184,12.241321563720703,94600
ATO,2003-05-29,24.65999984741211,24.76000022888184,24.34000015258789,24.57999992370605,12.15232753753662,153300
ATO,2003-05-30,24.64999961853028,24.780000686645508,24.549999237060547,24.75,12.236379623413086,159600
ATO,2003-06-02,24.64999961853028,24.84000015258789,24.51000022888184,24.770000457763672,12.246268272399902,194600
ATO,2003-06-03,24.739999771118164,24.850000381469727,24.5,24.799999237060547,12.261099815368652,151600
ATO,2003-06-04,24.799999237060547,25.200000762939453,24.71999931335449,25.0,12.359978675842283,133500
ATO,2003-06-05,25.100000381469727,25.200000762939453,24.89999961853028,25.030000686645508,12.374805450439451,155000
ATO,2003-06-06,25.14999961853028,25.32999992370605,24.89999961853028,24.950000762939453,12.33525848388672,135400
ATO,2003-06-09,25.0,25.200000762939453,24.950000762939453,25.1299991607666,12.424251556396484,133700
ATO,2003-06-10,25.14999961853028,25.239999771118164,25.100000381469727,25.239999771118164,12.478628158569336,133700
ATO,2003-06-11,25.280000686645508,25.489999771118164,25.209999084472656,25.450000762939453,12.582456588745115,160500
ATO,2003-06-12,25.450000762939453,25.5,25.31999969482422,25.450000762939453,12.582456588745115,144400
ATO,2003-06-13,25.459999084472656,25.459999084472656,24.90999984741211,24.90999984741211,12.31548023223877,244600
ATO,2003-06-16,24.940000534057617,25.34000015258789,24.920000076293945,25.229999542236328,12.47368335723877,148900
ATO,2003-06-17,25.479999542236328,25.489999771118164,25.11000061035156,25.309999465942383,12.5132417678833,118300
ATO,2003-06-18,25.14999961853028,25.18000030517578,25.0,25.14999961853028,12.434137344360352,1338100
ATO,2003-06-19,25.14999961853028,25.270000457763672,25.01000022888184,25.25,12.483577728271484,414300
ATO,2003-06-20,25.280000686645508,25.280000686645508,25.100000381469727,25.21999931335449,12.468742370605469,335500
ATO,2003-06-23,25.170000076293945,25.200000762939453,25.0,25.11000061035156,12.414361953735352,456700
ATO,2003-06-24,25.1200008392334,25.270000457763672,25.0,25.0,12.359978675842283,435700
ATO,2003-06-25,25.14999961853028,25.14999961853028,24.350000381469727,24.39999961853028,12.063343048095703,298300
ATO,2003-06-26,24.0,24.420000076293945,23.600000381469727,24.299999237060547,12.013900756835938,317500
ATO,2003-06-27,24.5,24.6200008392334,24.280000686645508,24.59000015258789,12.157278060913086,219500
ATO,2003-06-30,24.700000762939453,24.86000061035156,24.450000762939453,24.799999237060547,12.261099815368652,341200
ATO,2003-07-01,24.89999961853028,24.89999961853028,24.520000457763672,24.75,12.236379623413086,202300
ATO,2003-07-02,24.950000762939453,25.07999992370605,24.790000915527344,25.06999969482422,12.39458465576172,213700
ATO,2003-07-03,25.059999465942383,25.059999465942383,24.86000061035156,24.8799991607666,12.300646781921388,78400
ATO,2003-07-07,25.100000381469727,25.13999938964844,24.799999237060547,25.0,12.359978675842283,160500
ATO,2003-07-08,25.09000015258789,25.09000015258789,24.450000762939453,24.64999961853028,12.186932563781738,250200
ATO,2003-07-09,24.75,25.5,24.5,24.8799991607666,12.300646781921388,248400
ATO,2003-07-10,24.979999542236328,24.979999542236328,24.489999771118164,24.600000381469727,12.16221809387207,224200
ATO,2003-07-11,24.700000762939453,24.81999969482422,24.600000381469727,24.790000915527344,12.256155967712402,155600
ATO,2003-07-14,24.93000030517578,24.989999771118164,24.790000915527344,24.8799991607666,12.300646781921388,185700
ATO,2003-07-15,24.780000686645508,24.920000076293945,24.38999938964844,24.5,12.112780570983888,132200
ATO,2003-07-16,24.5,24.6299991607666,24.270000457763672,24.34000015258789,12.033672332763672,145400
ATO,2003-07-17,24.450000762939453,24.489999771118164,24.06999969482422,24.100000381469727,11.915016174316406,156300
ATO,2003-07-18,24.299999237060547,24.549999237060547,24.18000030517578,24.51000022888184,12.117719650268556,170300
ATO,2003-07-21,24.57999992370605,24.59000015258789,24.049999237060547,24.100000381469727,11.915016174316406,164400
ATO,2003-07-22,24.25,24.40999984741211,24.13999938964844,24.270000457763672,11.999061584472656,183200
ATO,2003-07-23,24.350000381469727,24.420000076293945,24.1200008392334,24.350000381469727,12.038619995117188,115500
ATO,2003-07-24,24.450000762939453,24.600000381469727,24.229999542236328,24.3799991607666,12.053457260131836,132000
ATO,2003-07-25,24.5,24.549999237060547,24.209999084472656,24.40999984741211,12.06827449798584,95400
ATO,2003-07-28,24.5,24.530000686645508,24.1299991607666,24.14999961853028,11.939737319946287,150200
ATO,2003-07-29,24.200000762939453,24.39999961853028,24.100000381469727,24.3799991607666,12.053457260131836,151200
ATO,2003-07-30,24.479999542236328,24.57999992370605,24.059999465942383,24.530000686645508,12.12761116027832,124000
ATO,2003-07-31,24.51000022888184,24.68000030517578,24.309999465942383,24.3700008392334,12.04850959777832,108600
ATO,2003-08-01,24.489999771118164,24.489999771118164,24.01000022888184,24.020000457763672,11.875470161437988,109900
ATO,2003-08-04,24.1200008392334,24.1200008392334,23.549999237060547,23.799999237060547,11.76669692993164,165400
ATO,2003-08-05,23.71999931335449,23.81999969482422,23.0,23.280000686645508,11.509607315063477,263800
ATO,2003-08-06,23.280000686645508,23.489999771118164,23.14999961853028,23.200000762939453,11.47005844116211,126700
ATO,2003-08-07,23.309999465942383,23.670000076293945,23.239999771118164,23.59000015258789,11.662881851196287,147500
ATO,2003-08-08,23.56999969482422,23.770000457763672,23.350000381469727,23.559999465942383,11.648043632507324,169200
ATO,2003-08-11,23.600000381469727,24.0,23.56999969482422,23.989999771118164,11.860639572143556,143100
ATO,2003-08-12,23.989999771118164,24.25,23.88999938964844,24.229999542236328,11.979293823242188,118000
ATO,2003-08-13,24.100000381469727,24.270000457763672,24.01000022888184,24.14999961853028,11.939737319946287,109400
ATO,2003-08-14,24.06999969482422,24.21999931335449,23.850000381469727,23.989999771118164,11.860639572143556,145400
ATO,2003-08-15,24.040000915527344,24.239999771118164,24.01000022888184,24.11000061035156,11.919961929321287,116500
ATO,2003-08-18,24.200000762939453,24.34000015258789,24.13999938964844,24.26000022888184,11.994123458862305,204400
ATO,2003-08-19,24.26000022888184,24.34000015258789,24.18000030517578,24.309999465942383,12.018842697143556,179000
ATO,2003-08-20,24.299999237060547,24.88999938964844,24.26000022888184,24.790000915527344,12.256155967712402,430000
ATO,2003-08-21,24.43000030517578,24.700000762939453,24.420000076293945,24.670000076293945,12.346236228942873,316900
ATO,2003-08-22,24.670000076293945,24.729999542236328,24.190000534057617,24.350000381469727,12.186091423034668,256900
ATO,2003-08-25,24.350000381469727,24.540000915527344,24.229999542236328,24.5,12.26116180419922,182200
ATO,2003-08-26,24.39999961853028,24.520000457763672,24.1200008392334,24.450000762939453,12.236141204833984,243400
ATO,2003-08-27,24.450000762939453,24.65999984741211,24.350000381469727,24.559999465942383,12.29118537902832,145800
ATO,2003-08-28,24.64999961853028,24.690000534057617,24.299999237060547,24.64999961853028,12.336227416992188,208400
ATO,2003-08-29,24.64999961853028,24.65999984741211,24.170000076293945,24.350000381469727,12.186091423034668,96800
ATO,2003-09-02,24.350000381469727,24.96999931335449,24.229999542236328,24.96999931335449,12.496373176574709,166900
ATO,2003-09-03,24.979999542236328,24.979999542236328,24.450000762939453,24.600000381469727,12.31120491027832,203200
ATO,2003-09-04,24.64999961853028,24.64999961853028,24.32999992370605,24.530000686645508,12.276171684265137,194300
ATO,2003-09-05,24.43000030517578,24.709999084472656,24.350000381469727,24.450000762939453,12.236141204833984,149900
ATO,2003-09-08,24.5,24.729999542236328,24.440000534057617,24.71999931335449,12.371256828308104,131300
ATO,2003-09-09,24.75,24.799999237060547,24.5,24.6299991607666,12.326214790344238,161300
ATO,2003-09-10,24.530000686645508,24.600000381469727,24.309999465942383,24.36000061035156,12.19109344482422,108400
ATO,2003-09-11,24.36000061035156,24.5,24.290000915527344,24.450000762939453,12.236141204833984,104400
ATO,2003-09-12,24.39999961853028,24.540000915527344,24.31999969482422,24.39999961853028,12.21111297607422,105800
ATO,2003-09-15,24.39999961853028,24.479999542236328,24.25,24.26000022888184,12.14104461669922,117300
ATO,2003-09-16,24.25,24.39999961853028,24.25,24.350000381469727,12.186091423034668,100200
ATO,2003-09-17,24.350000381469727,24.5,24.11000061035156,24.1200008392334,12.070985794067385,116600
ATO,2003-09-18,24.14999961853028,24.32999992370605,24.059999465942383,24.059999465942383,12.040958404541016,170000
ATO,2003-09-19,24.06999969482422,24.290000915527344,24.049999237060547,24.25,12.136042594909668,195900
ATO,2003-09-22,24.239999771118164,24.290000915527344,24.020000457763672,24.07999992370605,12.0509672164917,195100
ATO,2003-09-23,24.18000030517578,24.3799991607666,24.059999465942383,24.3799991607666,12.201107025146484,215700
ATO,2003-09-24,24.5,24.57999992370605,24.100000381469727,24.100000381469727,12.060980796813965,177800
ATO,2003-09-25,24.100000381469727,24.3799991607666,23.96999931335449,23.96999931335449,11.995915412902832,228900
ATO,2003-09-26,24.09000015258789,24.13999938964844,23.809999465942383,23.81999969482422,11.920846939086914,162000
ATO,2003-09-29,23.81999969482422,24.25,23.81999969482422,24.09000015258789,12.05596923828125,206900
ATO,2003-09-30,24.049999237060547,24.26000022888184,23.93000030517578,23.940000534057617,11.98090362548828,182800
ATO,2003-10-01,24.07999992370605,24.38999938964844,24.049999237060547,24.36000061035156,12.19109344482422,174600
ATO,2003-10-02,24.39999961853028,24.520000457763672,24.270000457763672,24.520000457763672,12.271170616149902,100200
ATO,2003-10-03,24.600000381469727,24.799999237060547,24.40999984741211,24.700000762939453,12.361248970031738,173000
ATO,2003-10-06,24.82999992370605,24.82999992370605,24.59000015258789,24.82999992370605,12.426313400268556,138700
ATO,2003-10-07,24.729999542236328,24.799999237060547,24.5,24.799999237060547,12.411295890808104,105300
ATO,2003-10-08,24.799999237060547,24.799999237060547,24.209999084472656,24.32999992370605,12.176077842712402,115500
ATO,2003-10-09,24.459999084472656,24.6299991607666,24.36000061035156,24.530000686645508,12.276171684265137,186700
ATO,2003-10-10,24.68000030517578,24.709999084472656,24.309999465942383,24.479999542236328,12.251147270202637,191400
ATO,2003-10-13,24.3799991607666,24.700000762939453,24.3799991607666,24.59000015258789,12.306200981140137,124300
ATO,2003-10-14,24.59000015258789,24.780000686645508,24.59000015258789,24.770000457763672,12.396289825439451,109100
ATO,2003-10-15,24.770000457763672,24.799999237060547,24.51000022888184,24.559999465942383,12.29118537902832,145800
ATO,2003-10-16,24.64999961853028,24.729999542236328,24.450000762939453,24.690000534057617,12.356242179870604,153500
ATO,2003-10-17,24.790000915527344,24.799999237060547,24.549999237060547,24.64999961853028,12.336227416992188,183600
ATO,2003-10-20,24.600000381469727,24.770000457763672,24.600000381469727,24.709999084472656,12.366257667541504,136900
ATO,2003-10-21,24.790000915527344,24.8799991607666,24.64999961853028,24.690000534057617,12.356242179870604,159900
ATO,2003-10-22,24.65999984741211,24.799999237060547,24.5,24.5,12.26116180419922,189200
ATO,2003-10-23,24.5,24.600000381469727,24.36000061035156,24.420000076293945,12.221120834350586,133700
ATO,2003-10-24,24.479999542236328,24.520000457763672,24.25,24.25,12.136042594909668,137200
ATO,2003-10-27,24.299999237060547,24.5,24.299999237060547,24.5,12.26116180419922,130100
ATO,2003-10-28,24.5,24.770000457763672,24.5,24.770000457763672,12.396289825439451,166000
ATO,2003-10-29,24.850000381469727,24.950000762939453,24.709999084472656,24.76000022888184,12.391274452209473,131600
ATO,2003-10-30,24.89999961853028,24.93000030517578,24.5,24.5,12.26116180419922,173500
ATO,2003-10-31,24.600000381469727,24.729999542236328,24.40999984741211,24.5,12.26116180419922,224700
ATO,2003-11-03,24.549999237060547,24.700000762939453,24.39999961853028,24.68000030517578,12.351242065429688,292200
ATO,2003-11-04,24.68000030517578,24.68000030517578,24.420000076293945,24.559999465942383,12.29118537902832,164200
ATO,2003-11-05,24.64999961853028,24.700000762939453,24.38999938964844,24.479999542236328,12.251147270202637,187900
ATO,2003-11-06,24.549999237060547,24.549999237060547,24.43000030517578,24.440000534057617,12.231128692626951,146000
ATO,2003-11-07,24.5,24.64999961853028,24.39999961853028,24.43000030517578,12.22612476348877,153700
ATO,2003-11-10,24.40999984741211,24.59000015258789,24.270000457763672,24.299999237060547,12.161067962646484,179600
ATO,2003-11-11,24.549999237060547,24.56999969482422,24.299999237060547,24.309999465942383,12.166070938110352,114200
ATO,2003-11-12,24.39999961853028,24.709999084472656,24.36000061035156,24.59000015258789,12.306200981140137,214900
ATO,2003-11-13,24.59000015258789,24.770000457763672,24.520000457763672,24.709999084472656,12.366257667541504,175600
ATO,2003-11-14,24.8700008392334,24.88999938964844,24.6299991607666,24.68000030517578,12.351242065429688,164300
ATO,2003-11-17,24.64999961853028,24.739999771118164,24.3700008392334,24.700000762939453,12.361248970031738,171700
ATO,2003-11-18,24.690000534057617,24.780000686645508,24.38999938964844,24.38999938964844,12.206107139587402,143100
ATO,2003-11-19,24.39999961853028,24.59000015258789,24.39999961853028,24.46999931335449,12.246142387390137,150300
ATO,2003-11-20,24.5,24.6200008392334,24.309999465942383,24.43000030517578,12.22612476348877,1352100
ATO,2003-11-21,24.350000381469727,24.420000076293945,24.290000915527344,24.350000381469727,12.340152740478516,158600
ATO,2003-11-24,24.43000030517578,24.770000457763672,24.43000030517578,24.770000457763672,12.553004264831545,179300
ATO,2003-11-25,24.6200008392334,24.790000915527344,24.600000381469727,24.75,12.542865753173828,148900
ATO,2003-11-26,24.799999237060547,24.850000381469727,24.6200008392334,24.700000762939453,12.51753044128418,113300
ATO,2003-11-28,24.549999237060547,24.780000686645508,24.5,24.64999961853028,12.49218463897705,79500
ATO,2003-12-01,24.75,24.81999969482422,24.65999984741211,24.76000022888184,12.547933578491213,210300
ATO,2003-12-02,24.799999237060547,24.920000076293945,24.709999084472656,24.86000061035156,12.598610877990724,144700
ATO,2003-12-03,24.86000061035156,24.86000061035156,24.440000534057617,24.450000762939453,12.390830993652344,143500
ATO,2003-12-04,24.46999931335449,24.64999961853028,24.40999984741211,24.59000015258789,12.461774826049805,165500
ATO,2003-12-05,24.5,24.729999542236328,24.5,24.59000015258789,12.461774826049805,177900
ATO,2003-12-08,24.64999961853028,24.850000381469727,24.6200008392334,24.809999465942383,12.57326889038086,152600
ATO,2003-12-09,24.88999938964844,24.88999938964844,24.530000686645508,24.57999992370605,12.45671844482422,299700
ATO,2003-12-10,24.57999992370605,24.6200008392334,24.3700008392334,24.3799991607666,12.355356216430664,164400
ATO,2003-12-11,24.479999542236328,24.700000762939453,24.31999969482422,24.479999542236328,12.40603256225586,228600
ATO,2003-12-12,24.479999542236328,24.57999992370605,24.420000076293945,24.57999992370605,12.45671844482422,226500
ATO,2003-12-15,24.81999969482422,24.850000381469727,24.3799991607666,24.3799991607666,12.355356216430664,243700
ATO,2003-12-16,24.299999237060547,24.6200008392334,24.290000915527344,24.600000381469727,12.466852188110352,228600
ATO,2003-12-17,24.51000022888184,24.59000015258789,24.350000381469727,24.450000762939453,12.390830993652344,234600
ATO,2003-12-18,24.350000381469727,24.5,24.31999969482422,24.34000015258789,12.335086822509766,279300
ATO,2003-12-19,24.34000015258789,24.479999542236328,24.100000381469727,24.14999961853028,12.238797187805176,461000
ATO,2003-12-22,24.229999542236328,24.43000030517578,23.920000076293945,24.280000686645508,12.304676055908203,449000
ATO,2003-12-23,24.280000686645508,24.739999771118164,24.280000686645508,24.729999542236328,12.53272819519043,268700
ATO,2003-12-24,24.739999771118164,24.84000015258789,24.600000381469727,24.65999984741211,12.497259140014648,100100
ATO,2003-12-26,24.75,24.8799991607666,24.739999771118164,24.809999465942383,12.57326889038086,54300
ATO,2003-12-29,24.770000457763672,25.0,24.770000457763672,24.90999984741211,12.623947143554688,134900
ATO,2003-12-30,24.850000381469727,25.0,24.799999237060547,24.989999771118164,12.664495468139648,95100
ATO,2003-12-31,24.90999984741211,24.989999771118164,24.299999237060547,24.299999237060547,12.314814567565918,161000
ATO,2004-01-02,24.549999237060547,24.84000015258789,24.549999237060547,24.729999542236328,12.53272819519043,168500
ATO,2004-01-05,24.729999542236328,24.88999938964844,24.420000076293945,24.51000022888184,12.421244621276855,160900
ATO,2004-01-06,24.5,24.65999984741211,24.299999237060547,24.31999969482422,12.324950218200684,231900
ATO,2004-01-07,24.32999992370605,24.5,24.31999969482422,24.46999931335449,12.40096378326416,152300
ATO,2004-01-08,24.5,24.690000534057617,24.420000076293945,24.670000076293945,12.502323150634766,165500
ATO,2004-01-09,24.56999969482422,24.76000022888184,24.520000457763672,24.549999237060547,12.441509246826172,211100
ATO,2004-01-12,24.64999961853028,24.780000686645508,24.57999992370605,24.75,12.542865753173828,221900
ATO,2004-01-13,24.790000915527344,24.790000915527344,24.600000381469727,24.6200008392334,12.476977348327637,266800
ATO,2004-01-14,24.68000030517578,24.850000381469727,24.6200008392334,24.850000381469727,12.593538284301758,240500
ATO,2004-01-15,24.75,24.850000381469727,24.670000076293945,24.76000022888184,12.547933578491213,180600
ATO,2004-01-16,24.86000061035156,24.8700008392334,24.59000015258789,24.59000015258789,12.461774826049805,185500
ATO,2004-01-20,24.690000534057617,25.1299991607666,24.63999938964844,24.979999542236328,12.65942096710205,333100
ATO,2004-01-21,25.07999992370605,25.299999237060547,25.0,25.299999237060547,12.821599006652832,406300
ATO,2004-01-22,25.309999465942383,25.39999961853028,25.200000762939453,25.229999542236328,12.786121368408203,266100
ATO,2004-01-23,25.25,25.459999084472656,25.200000762939453,25.459999084472656,12.902681350708008,261700
ATO,2004-01-26,25.459999084472656,25.59000015258789,25.25,25.59000015258789,12.9685640335083,208600
ATO,2004-01-27,25.600000381469727,25.6200008392334,25.3700008392334,25.51000022888184,12.928019523620604,223700
ATO,2004-01-28,25.51000022888184,25.959999084472656,25.46999931335449,25.6200008392334,12.983766555786133,415800
ATO,2004-01-29,25.600000381469727,25.81999969482422,25.56999969482422,25.65999984741211,13.004040718078612,323900
ATO,2004-01-30,25.65999984741211,25.739999771118164,25.40999984741211,25.600000381469727,12.973630905151367,143300
ATO,2004-02-02,25.549999237060547,25.57999992370605,25.280000686645508,25.459999084472656,12.902681350708008,129700
ATO,2004-02-03,25.450000762939453,25.520000457763672,25.39999961853028,25.43000030517578,12.887478828430176,177300
ATO,2004-02-04,25.39999961853028,25.39999961853028,24.81999969482422,24.920000076293945,12.629019737243652,289500
ATO,2004-02-05,24.950000762939453,25.14999961853028,24.799999237060547,24.8700008392334,12.603678703308104,219000
ATO,2004-02-06,25.049999237060547,25.299999237060547,24.850000381469727,25.239999771118164,12.791189193725586,181800
ATO,2004-02-09,25.239999771118164,25.57999992370605,25.100000381469727,25.57999992370605,12.96349048614502,247900
ATO,2004-02-10,25.57999992370605,26.13999938964844,25.56999969482422,26.13999938964844,13.247297286987305,344400
ATO,2004-02-11,26.01000022888184,26.34000015258789,26.01000022888184,26.15999984741211,13.25743007659912,263500
ATO,2004-02-12,26.0,26.290000915527344,25.979999542236328,26.25,13.3030366897583,299300
ATO,2004-02-13,26.190000534057617,26.440000534057617,26.170000076293945,26.18000030517578,13.267565727233888,221800
ATO,2004-02-17,26.1200008392334,26.440000534057617,26.040000915527344,26.440000534057617,13.39932632446289,285400
ATO,2004-02-18,26.32999992370605,26.520000457763672,26.239999771118164,26.520000457763672,13.43986988067627,358200
ATO,2004-02-19,26.520000457763672,26.700000762939453,26.40999984741211,26.459999084472656,13.409462928771973,258900
ATO,2004-02-20,26.530000686645508,26.549999237060547,26.200000762939453,26.39999961853028,13.37905979156494,223800
ATO,2004-02-23,26.14999961853028,26.25,26.0,26.09000015258789,13.376490592956545,271200
ATO,2004-02-24,26.09000015258789,26.26000022888184,25.90999984741211,26.11000061035156,13.386747360229492,224300
ATO,2004-02-25,26.020000457763672,26.32999992370605,25.989999771118164,26.32999992370605,13.499537467956545,163100
ATO,2004-02-26,26.31999969482422,26.31999969482422,26.1200008392334,26.18000030517578,13.42263412475586,149400
ATO,2004-02-27,26.15999984741211,26.5,26.14999961853028,26.350000381469727,13.509803771972656,177800
ATO,2004-03-01,26.489999771118164,26.68000030517578,26.38999938964844,26.68000030517578,13.678990364074709,198300
ATO,2004-03-02,26.68000030517578,26.75,26.59000015258789,26.64999961853028,13.663607597351074,180400
ATO,2004-03-03,26.700000762939453,27.0,26.459999084472656,26.61000061035156,13.643105506896973,188900
ATO,2004-03-04,26.59000015258789,26.75,26.530000686645508,26.75,13.714879989624023,151200
ATO,2004-03-05,26.700000762939453,26.989999771118164,26.690000534057617,26.86000061035156,13.771276473999023,195400
ATO,2004-03-08,26.979999542236328,26.979999542236328,26.68000030517578,26.690000534057617,13.68411350250244,162200
ATO,2004-03-09,26.809999465942383,26.809999465942383,26.5,26.559999465942383,13.617465019226074,177000
ATO,2004-03-10,26.690000534057617,26.81999969482422,26.239999771118164,26.299999237060547,13.484163284301758,177000
ATO,2004-03-11,26.299999237060547,26.520000457763672,25.89999961853028,25.940000534057617,13.299580574035645,166400
ATO,2004-03-12,26.0,26.440000534057617,26.0,26.440000534057617,13.55593967437744,169400
ATO,2004-03-15,26.440000534057617,26.440000534057617,25.950000762939453,26.030000686645508,13.345727920532228,274900
ATO,2004-03-16,26.18000030517578,26.200000762939453,25.89999961853028,25.959999084472656,13.309843063354492,222500
ATO,2004-03-17,26.07999992370605,26.26000022888184,26.049999237060547,26.21999931335449,13.443144798278809,174000
ATO,2004-03-18,26.200000762939453,26.209999084472656,25.90999984741211,26.200000762939453,13.432888984680176,189700
ATO,2004-03-19,26.450000762939453,26.450000762939453,25.799999237060547,25.979999542236328,13.32009983062744,317200
ATO,2004-03-22,25.850000381469727,25.8700008392334,25.36000061035156,25.489999771118164,13.068878173828123,318000
ATO,2004-03-23,25.450000762939453,25.63999938964844,25.3799991607666,25.39999961853028,13.022725105285645,222600
ATO,2004-03-24,25.39999961853028,25.46999931335449,25.18000030517578,25.18000030517578,12.909929275512695,193800
ATO,2004-03-25,25.14999961853028,25.3799991607666,25.06999969482422,25.25,12.945818901062012,165100
ATO,2004-03-26,25.1200008392334,25.239999771118164,25.049999237060547,25.13999938964844,12.889424324035645,147700
ATO,2004-03-29,25.190000534057617,25.43000030517578,25.040000915527344,25.43000030517578,13.038105964660645,241900
ATO,2004-03-30,25.229999542236328,25.63999938964844,25.229999542236328,25.549999237060547,13.099629402160645,255900
ATO,2004-03-31,25.5,25.6200008392334,25.350000381469727,25.56999969482422,13.10988712310791,203200
ATO,2004-04-01,25.600000381469727,25.959999084472656,25.549999237060547,25.959999084472656,13.309843063354492,275900
ATO,2004-04-02,26.0,26.09000015258789,25.8700008392334,26.049999237060547,13.355984687805176,293400
ATO,2004-04-05,26.14999961853028,26.15999984741211,25.959999084472656,26.049999237060547,13.355984687805176,304800
ATO,2004-04-06,25.950000762939453,26.100000381469727,25.93000030517578,25.950000762939453,13.30471897125244,224800
ATO,2004-04-07,25.950000762939453,26.059999465942383,25.790000915527344,25.790000915527344,13.222678184509276,196900
ATO,2004-04-08,25.90999984741211,25.90999984741211,25.530000686645508,25.540000915527344,13.094505310058594,139400
ATO,2004-04-12,25.549999237060547,25.76000022888184,25.350000381469727,25.46999931335449,13.058618545532228,133300
ATO,2004-04-13,25.46999931335449,25.479999542236328,24.90999984741211,25.049999237060547,12.84327507019043,189600
ATO,2004-04-14,25.01000022888184,25.01000022888184,24.61000061035156,24.76000022888184,12.694592475891112,207200
ATO,2004-04-15,24.76000022888184,24.90999984741211,24.71999931335449,24.8700008392334,12.750991821289062,191300
ATO,2004-04-16,24.989999771118164,25.06999969482422,24.799999237060547,25.049999237060547,12.84327507019043,117500
ATO,2004-04-19,25.0,25.030000686645508,24.850000381469727,24.8700008392334,12.750991821289062,140300
ATO,2004-04-20,24.89999961853028,25.049999237060547,24.559999465942383,24.559999465942383,12.592058181762695,132400
ATO,2004-04-21,24.520000457763672,24.770000457763672,24.100000381469727,24.75,12.68946361541748,147100
ATO,2004-04-22,24.76000022888184,25.170000076293945,24.75,25.1200008392334,12.879168510437012,183100
ATO,2004-04-23,25.06999969482422,25.200000762939453,25.0,25.1200008392334,12.879168510437012,118300
ATO,2004-04-26,25.1200008392334,25.270000457763672,25.0,25.06999969482422,12.85353660583496,158400
ATO,2004-04-27,25.06999969482422,25.200000762939453,24.89999961853028,25.200000762939453,12.920180320739746,195800
ATO,2004-04-28,25.07999992370605,25.07999992370605,24.81999969482422,24.90999984741211,12.771502494812012,157800
ATO,2004-04-29,24.950000762939453,25.200000762939453,24.600000381469727,24.700000762939453,12.663833618164062,189400
ATO,2004-04-30,24.700000762939453,24.89999961853028,24.549999237060547,24.63999938964844,12.63306999206543,203000
ATO,2004-05-03,24.729999542236328,24.93000030517578,24.59000015258789,24.88999938964844,12.761245727539062,240900
ATO,2004-05-04,24.850000381469727,25.100000381469727,24.71999931335449,24.959999084472656,12.79713535308838,125300
ATO,2004-05-05,24.89999961853028,25.100000381469727,24.8700008392334,25.049999237060547,12.84327507019043,140100
ATO,2004-05-06,24.850000381469727,25.020000457763672,24.63999938964844,24.86000061035156,12.74586582183838,150700
ATO,2004-05-07,24.88999938964844,24.950000762939453,24.1200008392334,24.1200008392334,12.366463661193848,185000
ATO,2004-05-10,24.07999992370605,24.09000015258789,23.39999961853028,23.68000030517578,12.140874862670898,303500
ATO,2004-05-11,23.89999961853028,23.950000762939453,23.780000686645508,23.88999938964844,12.248539924621582,141300
ATO,2004-05-12,23.8799991607666,24.040000915527344,23.600000381469727,23.989999771118164,12.299814224243164,185000
ATO,2004-05-13,24.049999237060547,24.14999961853028,23.8700008392334,23.950000762939453,12.279306411743164,162700
ATO,2004-05-14,23.75,24.21999931335449,23.75,23.950000762939453,12.279306411743164,181400
ATO,2004-05-17,23.75,23.920000076293945,23.61000061035156,23.709999084472656,12.156256675720217,181200
ATO,2004-05-18,23.75,23.850000381469727,23.700000762939453,23.850000381469727,12.228035926818848,117300
ATO,2004-05-19,24.100000381469727,24.229999542236328,23.799999237060547,23.82999992370605,12.217779159545898,221800
ATO,2004-05-20,24.0,24.11000061035156,23.799999237060547,24.040000915527344,12.325443267822266,561100
ATO,2004-05-21,23.75,23.93000030517578,23.68000030517578,23.799999237060547,12.359201431274414,546700
ATO,2004-05-24,23.950000762939453,24.18000030517578,23.89999961853028,24.18000030517578,12.55653190612793,176000
ATO,2004-05-25,24.100000381469727,24.68000030517578,24.049999237060547,24.63999938964844,12.795406341552734,202100
ATO,2004-05-26,24.6299991607666,24.700000762939453,24.420000076293945,24.6200008392334,12.785027503967283,129000
ATO,2004-05-27,24.56999969482422,24.75,24.5,24.670000076293945,12.810983657836914,144500
ATO,2004-05-28,24.600000381469727,24.809999465942383,24.51000022888184,24.790000915527344,12.873299598693848,164000
ATO,2004-06-01,24.790000915527344,24.959999084472656,24.64999961853028,24.700000762939453,12.826567649841309,180600
ATO,2004-06-02,24.700000762939453,24.8799991607666,24.670000076293945,24.690000534057617,12.821375846862791,103700
ATO,2004-06-03,24.739999771118164,24.799999237060547,24.450000762939453,24.450000762939453,12.69674587249756,101400
ATO,2004-06-04,24.549999237060547,24.790000915527344,24.31999969482422,24.3799991607666,12.66038990020752,142900
ATO,2004-06-07,24.6299991607666,24.81999969482422,24.459999084472656,24.81999969482422,12.88888168334961,142300
ATO,2004-06-08,24.75,25.100000381469727,24.600000381469727,24.709999084472656,12.831756591796877,99500
ATO,2004-06-09,24.75,24.950000762939453,24.5,24.5,12.72270679473877,159400
ATO,2004-06-10,24.600000381469727,24.86000061035156,24.549999237060547,24.850000381469727,12.904460906982422,209500
ATO,2004-06-14,24.799999237060547,24.8799991607666,24.670000076293945,24.690000534057617,12.821375846862791,223300
ATO,2004-06-15,25.049999237060547,25.059999465942383,24.850000381469727,25.049999237060547,13.008315086364746,172900
ATO,2004-06-16,25.0,25.170000076293945,24.920000076293945,25.0,12.98235034942627,168500
ATO,2004-06-17,25.0,25.0,24.100000381469727,24.540000915527344,12.743480682373049,1284600
ATO,2004-06-18,24.549999237060547,24.549999237060547,24.200000762939453,24.420000076293945,12.681161880493164,825000
ATO,2004-06-21,24.56999969482422,24.71999931335449,24.39999961853028,24.61000061035156,12.779830932617188,465400
ATO,2004-06-22,24.61000061035156,24.8700008392334,24.51000022888184,24.75,12.852527618408203,439700
ATO,2004-06-23,24.75,24.81999969482422,24.600000381469727,24.809999465942383,12.88368797302246,326300
ATO,2004-06-24,24.89999961853028,25.09000015258789,24.82999992370605,24.950000762939453,12.956393241882324,187400
ATO,2004-06-25,25.049999237060547,25.200000762939453,24.89999961853028,25.200000762939453,13.086217880249023,356800
ATO,2004-06-28,25.239999771118164,25.239999771118164,24.940000534057617,25.11000061035156,13.039478302001951,283000
ATO,2004-06-29,25.14999961853028,25.459999084472656,25.020000457763672,25.25,13.112180709838867,320100
ATO,2004-06-30,25.25,25.600000381469727,25.25,25.600000381469727,13.29392433166504,243300
ATO,2004-07-01,25.57999992370605,25.700000762939453,25.190000534057617,25.239999771118164,13.106986045837402,210100
ATO,2004-07-02,25.38999938964844,25.600000381469727,25.31999969482422,25.31999969482422,13.148534774780272,232800
ATO,2004-07-06,25.39999961853028,25.86000061035156,25.350000381469727,25.799999237060547,13.397786140441896,395800
ATO,2004-07-07,25.979999542236328,26.18000030517578,25.40999984741211,25.5,13.242000579833984,769800
ATO,2004-07-08,25.549999237060547,25.700000762939453,25.09000015258789,25.18000030517578,13.075824737548828,514800
ATO,2004-07-09,25.299999237060547,25.299999237060547,25.0,25.21999931335449,13.096596717834473,440400
ATO,2004-07-12,25.21999931335449,25.34000015258789,25.07999992370605,25.13999938964844,13.0550537109375,355800
ATO,2004-07-13,25.13999938964844,25.14999961853028,24.700000762939453,24.90999984741211,12.935616493225098,679000
ATO,2004-07-14,24.739999771118164,25.040000915527344,24.670000076293945,24.979999542236328,12.971967697143556,3626200
ATO,2004-07-15,24.979999542236328,25.350000381469727,24.89999961853028,25.280000686645508,13.127758026123049,1129900
ATO,2004-07-16,25.280000686645508,25.3799991607666,25.11000061035156,25.3799991607666,13.179692268371582,562000
ATO,2004-07-19,25.229999542236328,25.39999961853028,25.0,25.3799991607666,13.179692268371582,509800
ATO,2004-07-20,25.3799991607666,25.43000030517578,25.25,25.34000015258789,13.158916473388672,453900
ATO,2004-07-21,25.34000015258789,25.440000534057617,25.15999984741211,25.190000534057617,13.08102035522461,666800
ATO,2004-07-22,25.18000030517578,25.25,24.850000381469727,24.89999961853028,12.930425643920898,349300
ATO,2004-07-23,24.950000762939453,25.0,24.799999237060547,24.850000381469727,12.904460906982422,352600
ATO,2004-07-26,24.850000381469727,24.89999961853028,24.51000022888184,24.65999984741211,12.805795669555664,433400
ATO,2004-07-27,24.690000534057617,24.88999938964844,24.690000534057617,24.75,12.852527618408203,347400
ATO,2004-07-28,24.799999237060547,24.89999961853028,24.39999961853028,24.82999992370605,12.894073486328123,354600
ATO,2004-07-29,25.07999992370605,25.14999961853028,24.88999938964844,25.030000686645508,12.997936248779297,492300
ATO,2004-07-30,25.030000686645508,25.38999938964844,25.030000686645508,25.170000076293945,13.070635795593262,488300
ATO,2004-08-02,25.14999961853028,25.299999237060547,24.8700008392334,25.25,13.112180709838867,322600
ATO,2004-08-03,25.209999084472656,25.309999465942383,25.100000381469727,25.200000762939453,13.086217880249023,308100
ATO,2004-08-04,25.100000381469727,25.479999542236328,25.0,25.39999961853028,13.190072059631348,304100
ATO,2004-08-05,25.32999992370605,25.32999992370605,24.799999237060547,24.799999237060547,12.878497123718262,259700
ATO,2004-08-06,24.799999237060547,25.13999938964844,24.690000534057617,24.690000534057617,12.821375846862791,358400
ATO,2004-08-09,24.850000381469727,25.040000915527344,24.700000762939453,24.700000762939453,12.826567649841309,243100
ATO,2004-08-10,24.850000381469727,25.280000686645508,24.790000915527344,25.280000686645508,13.127758026123049,225700
ATO,2004-08-11,25.229999542236328,25.479999542236328,24.90999984741211,25.31999969482422,13.148534774780272,297300
ATO,2004-08-12,25.25,25.25,24.90999984741211,24.93000030517578,12.946002960205078,205100
ATO,2004-08-13,25.06999969482422,25.21999931335449,24.93000030517578,24.950000762939453,12.956393241882324,118300
ATO,2004-08-16,25.049999237060547,25.46999931335449,25.049999237060547,25.46999931335449,13.22642421722412,240900
ATO,2004-08-17,25.5,25.549999237060547,25.1299991607666,25.15999984741211,13.065443992614746,194900
ATO,2004-08-18,25.059999465942383,25.420000076293945,25.01000022888184,25.39999961853028,13.190072059631348,270400
ATO,2004-08-19,25.39999961853028,25.39999961853028,25.18000030517578,25.25,13.112180709838867,231700
ATO,2004-08-20,25.25,25.299999237060547,25.030000686645508,25.14999961853028,13.060245513916016,518100
ATO,2004-08-23,24.75,24.8700008392334,24.56999969482422,24.61000061035156,12.936718940734863,621600
ATO,2004-08-24,24.709999084472656,24.780000686645508,24.450000762939453,24.670000076293945,12.968253135681152,459800
ATO,2004-08-25,24.600000381469727,24.88999938964844,24.56999969482422,24.81999969482422,13.047106742858888,268600
ATO,2004-08-26,24.89999961853028,24.89999961853028,24.68000030517578,24.799999237060547,13.036595344543455,215600
ATO,2004-08-27,24.850000381469727,24.8799991607666,24.770000457763672,24.780000686645508,13.026078224182127,171100
ATO,2004-08-30,24.700000762939453,24.770000457763672,24.64999961853028,24.71999931335449,12.994539260864258,239400
ATO,2004-08-31,24.850000381469727,25.290000915527344,24.729999542236328,25.290000915527344,13.294174194335938,315400
ATO,2004-09-01,25.25,25.5,25.170000076293945,25.5,13.40456199645996,276700
ATO,2004-09-02,25.299999237060547,25.489999771118164,25.1299991607666,25.350000381469727,13.32570743560791,154400
ATO,2004-09-03,25.39999961853028,25.489999771118164,25.100000381469727,25.25,13.273144721984863,132900
ATO,2004-09-07,25.5,25.64999961853028,25.280000686645508,25.63999938964844,13.478156089782717,198300
ATO,2004-09-08,25.600000381469727,25.63999938964844,25.43000030517578,25.59000015258789,13.451873779296877,301300
ATO,2004-09-09,25.63999938964844,25.739999771118164,25.56999969482422,25.690000534057617,13.504439353942873,221400
ATO,2004-09-10,25.729999542236328,25.8700008392334,25.530000686645508,25.86000061035156,13.593810081481934,215100
ATO,2004-09-13,25.76000022888184,25.82999992370605,25.59000015258789,25.6299991607666,13.472895622253418,243800
ATO,2004-09-14,25.6299991607666,25.65999984741211,25.350000381469727,25.38999938964844,13.346736907958984,278400
ATO,2004-09-15,25.39999961853028,25.5,25.25,25.450000762939453,13.378276824951172,221200
ATO,2004-09-16,25.3799991607666,25.6299991607666,25.350000381469727,25.6299991607666,13.472895622253418,233100
ATO,2004-09-17,25.799999237060547,25.799999237060547,25.489999771118164,25.76000022888184,13.54123306274414,367900
ATO,2004-09-20,25.809999465942383,25.809999465942383,25.51000022888184,25.51000022888184,13.409818649291992,227700
ATO,2004-09-21,25.57999992370605,25.6299991607666,25.459999084472656,25.479999542236328,13.394048690795898,236100
ATO,2004-09-22,25.700000762939453,25.700000762939453,24.90999984741211,25.0,13.14172649383545,504800
ATO,2004-09-23,25.049999237060547,25.200000762939453,24.770000457763672,24.82999992370605,13.052361488342283,365900
ATO,2004-09-24,24.84000015258789,25.0,24.700000762939453,24.8799991607666,13.07864475250244,229900
ATO,2004-09-27,24.96999931335449,25.049999237060547,24.809999465942383,24.8799991607666,13.07864475250244,206500
ATO,2004-09-28,25.0,25.21999931335449,24.93000030517578,25.0,13.14172649383545,340000
ATO,2004-09-29,25.100000381469727,25.200000762939453,25.01000022888184,25.1200008392334,13.204811096191406,183900
ATO,2004-09-30,25.1200008392334,25.200000762939453,25.040000915527344,25.190000534057617,13.241607666015623,208400
ATO,2004-10-01,25.25,25.59000015258789,25.25,25.57999992370605,13.446610450744627,262700
ATO,2004-10-04,25.739999771118164,25.739999771118164,25.479999542236328,25.520000457763672,13.415075302124023,304300
ATO,2004-10-05,25.59000015258789,25.600000381469727,25.39999961853028,25.540000915527344,13.425591468811035,250600
ATO,2004-10-06,25.559999465942383,25.799999237060547,25.459999084472656,25.799999237060547,13.562254905700684,244600
ATO,2004-10-07,25.799999237060547,25.799999237060547,25.440000534057617,25.440000534057617,13.373021125793455,258900
ATO,2004-10-08,25.46999931335449,25.6200008392334,25.440000534057617,25.479999542236328,13.394048690795898,181300
ATO,2004-10-11,25.459999084472656,25.600000381469727,25.39999961853028,25.59000015258789,13.451873779296877,173200
ATO,2004-10-12,25.6200008392334,25.850000381469727,25.51000022888184,25.799999237060547,13.562254905700684,218300
ATO,2004-10-13,25.89999961853028,25.89999961853028,25.239999771118164,25.26000022888184,13.27840518951416,256100
ATO,2004-10-14,25.26000022888184,25.450000762939453,25.15999984741211,25.18000030517578,13.236346244812012,180200
ATO,2004-10-15,25.18000030517578,25.36000061035156,24.600000381469727,25.13999938964844,13.215317726135254,635200
ATO,2004-10-18,25.13999938964844,25.26000022888184,24.809999465942383,24.850000381469727,13.062873840332031,503800
ATO,2004-10-19,25.0,25.209999084472656,24.96999931335449,25.0,13.14172649383545,503300
ATO,2004-10-20,24.950000762939453,25.209999084472656,24.89999961853028,25.06999969482422,13.178522109985352,520500
ATO,2004-10-21,25.01000022888184,25.36000061035156,24.93000030517578,25.200000762939453,13.246869087219238,573400
ATO,2004-10-22,25.01000022888184,25.39999961853028,25.0,25.39999961853028,13.351996421813965,5071300
ATO,2004-10-25,25.299999237060547,25.34000015258789,25.049999237060547,25.200000762939453,13.246869087219238,757300
ATO,2004-10-26,25.200000762939453,25.280000686645508,25.049999237060547,25.280000686645508,13.288915634155272,618800
ATO,2004-10-27,25.18000030517578,25.34000015258789,25.1200008392334,25.34000015258789,13.320454597473145,556500
ATO,2004-10-28,25.34000015258789,25.75,25.25,25.75,13.535978317260742,807800
ATO,2004-10-29,25.64999961853028,25.809999465942383,25.420000076293945,25.809999465942383,13.567516326904297,939900
ATO,2004-11-01,25.809999465942383,25.809999465942383,25.309999465942383,25.6299991607666,13.472895622253418,629600
ATO,2004-11-02,25.600000381469727,25.799999237060547,25.14999961853028,25.3700008392334,13.336227416992188,449000
ATO,2004-11-03,25.56999969482422,25.93000030517578,25.459999084472656,25.82999992370605,13.578031539916992,412100
ATO,2004-11-04,25.84000015258789,26.21999931335449,25.75,26.21999931335449,13.783045768737791,434100
ATO,2004-11-05,26.31999969482422,26.38999938964844,25.90999984741211,26.01000022888184,13.672652244567873,387400
ATO,2004-11-08,26.0,26.100000381469727,25.809999465942383,25.809999465942383,13.567516326904297,381800
ATO,2004-11-09,25.809999465942383,26.100000381469727,25.799999237060547,26.030000686645508,13.683168411254885,252900
ATO,2004-11-10,26.299999237060547,26.600000381469727,26.14999961853028,26.38999938964844,13.872407913208008,521800
ATO,2004-11-11,26.38999938964844,26.43000030517578,26.049999237060547,26.3700008392334,13.86188793182373,414300
ATO,2004-11-12,26.350000381469727,26.739999771118164,26.200000762939453,26.739999771118164,14.056397438049316,299400
ATO,2004-11-15,26.739999771118164,26.739999771118164,26.489999771118164,26.700000762939453,14.035361289978027,408100
ATO,2004-11-16,26.75,26.75,26.190000534057617,26.21999931335449,13.783045768737791,446800
ATO,2004-11-17,26.31999969482422,26.700000762939453,26.229999542236328,26.440000534057617,13.898686408996582,487100
ATO,2004-11-18,26.540000915527344,26.59000015258789,26.36000061035156,26.489999771118164,13.924972534179688,317200
ATO,2004-11-19,26.59000015258789,26.59000015258789,26.209999084472656,26.229999542236328,13.788297653198242,390600
ATO,2004-11-22,26.09000015258789,26.270000457763672,25.989999771118164,26.049999237060547,13.857452392578123,615500
ATO,2004-11-23,26.229999542236328,26.799999237060547,26.1299991607666,26.799999237060547,14.256418228149414,704800
ATO,2004-11-24,26.8799991607666,26.979999542236328,26.700000762939453,26.88999938964844,14.304298400878906,232300
ATO,2004-11-26,26.920000076293945,27.049999237060547,26.809999465942383,26.82999992370605,14.272378921508787,105100
ATO,2004-11-29,26.950000762939453,26.96999931335449,26.63999938964844,26.84000015258789,14.277694702148438,413600
ATO,2004-11-30,26.850000381469727,27.059999465942383,26.770000457763672,26.989999771118164,14.357491493225098,295300
ATO,2004-12-01,26.89999961853028,26.89999961853028,26.530000686645508,26.89999961853028,14.309617042541504,354200
ATO,2004-12-02,26.64999961853028,26.799999237060547,26.40999984741211,26.64999961853028,14.176630973815918,403000
ATO,2004-12-03,26.51000022888184,26.530000686645508,26.26000022888184,26.489999771118164,14.091513633728027,319300
ATO,2004-12-06,26.489999771118164,26.799999237060547,26.26000022888184,26.709999084472656,14.208540916442873,343000
ATO,2004-12-07,26.90999984741211,26.979999542236328,26.64999961853028,26.809999465942383,14.261741638183594,715500
ATO,2004-12-08,26.700000762939453,26.90999984741211,26.6299991607666,26.8799991607666,14.29897117614746,427000
ATO,2004-12-09,26.88999938964844,26.979999542236328,26.64999961853028,26.82999992370605,14.272378921508787,684800
ATO,2004-12-10,26.799999237060547,26.989999771118164,26.65999984741211,26.8700008392334,14.293660163879396,258300
ATO,2004-12-13,27.0,27.09000015258789,26.600000381469727,26.989999771118164,14.357491493225098,453700
ATO,2004-12-14,26.950000762939453,27.14999961853028,26.81999969482422,26.96999931335449,14.346851348876951,294400
ATO,2004-12-15,27.200000762939453,27.200000762939453,26.8700008392334,27.040000915527344,14.384096145629885,321000
ATO,2004-12-16,27.059999465942383,27.059999465942383,26.799999237060547,26.8799991607666,14.29897117614746,277500
ATO,2004-12-17,26.799999237060547,27.06999969482422,26.75,27.0,14.362812995910645,427700
ATO,2004-12-20,27.049999237060547,27.13999938964844,26.8700008392334,26.950000762939453,14.33621883392334,246900
ATO,2004-12-21,26.989999771118164,27.38999938964844,26.989999771118164,27.299999237060547,14.5224027633667,270900
ATO,2004-12-22,27.25,27.5,27.14999961853028,27.14999961853028,14.44260311126709,221000
ATO,2004-12-23,27.14999961853028,27.59000015258789,27.09000015258789,27.350000381469727,14.549001693725586,274900
ATO,2004-12-27,27.420000076293945,27.5,27.020000457763672,27.020000457763672,14.37345027923584,234000
ATO,2004-12-28,27.030000686645508,27.39999961853028,27.020000457763672,27.3799991607666,14.56495761871338,245200
ATO,2004-12-29,27.39999961853028,27.5,27.280000686645508,27.43000030517578,14.591557502746582,243900
ATO,2004-12-30,27.43000030517578,27.59000015258789,27.309999465942383,27.309999465942383,14.527716636657717,182500
ATO,2004-12-31,27.3700008392334,27.530000686645508,27.25,27.350000381469727,14.549001693725586,180000
ATO,2005-01-03,27.39999961853028,27.420000076293945,26.57999992370605,26.61000061035156,14.155346870422363,549600
ATO,2005-01-04,26.600000381469727,26.90999984741211,26.51000022888184,26.68000030517578,14.192584991455078,492200
ATO,2005-01-05,26.799999237060547,26.799999237060547,26.40999984741211,26.5,14.096837043762209,511500
ATO,2005-01-06,26.64999961853028,26.64999961853028,26.36000061035156,26.440000534057617,14.064912796020508,412300
ATO,2005-01-07,26.63999938964844,26.65999984741211,26.07999992370605,26.26000022888184,13.969170570373535,432500
ATO,2005-01-10,26.299999237060547,26.530000686645508,26.09000015258789,26.190000534057617,13.931929588317873,355700
ATO,2005-01-11,26.190000534057617,26.43000030517578,25.89999961853028,26.36000061035156,14.02235984802246,498400
ATO,2005-01-12,26.5,26.5,26.170000076293945,26.34000015258789,14.011723518371582,303100
ATO,2005-01-13,26.479999542236328,26.479999542236328,26.190000534057617,26.32999992370605,14.006403923034668,445300
ATO,2005-01-14,26.31999969482422,26.850000381469727,26.309999465942383,26.850000381469727,14.283015251159668,380300
ATO,2005-01-18,27.0,27.200000762939453,26.81999969482422,27.190000534057617,14.463882446289062,280200
ATO,2005-01-19,27.229999542236328,27.32999992370605,26.920000076293945,26.989999771118164,14.357491493225098,301100
ATO,2005-01-20,26.89999961853028,27.040000915527344,26.6299991607666,26.8700008392334,14.293660163879396,299800
ATO,2005-01-21,26.90999984741211,27.049999237060547,26.729999542236328,26.88999938964844,14.304298400878906,305800
ATO,2005-01-24,27.040000915527344,27.1299991607666,26.850000381469727,27.0,14.362812995910645,301900
ATO,2005-01-25,27.100000381469727,27.200000762939453,26.809999465942383,26.88999938964844,14.304298400878906,361800
ATO,2005-01-26,27.09000015258789,27.299999237060547,26.93000030517578,27.280000686645508,14.511758804321287,242700
ATO,2005-01-27,27.43000030517578,27.489999771118164,27.170000076293945,27.32999992370605,14.538357734680176,279200
ATO,2005-01-28,27.34000015258789,27.39999961853028,27.15999984741211,27.299999237060547,14.5224027633667,339100
ATO,2005-01-31,27.39999961853028,27.700000762939453,27.350000381469727,27.700000762939453,14.735183715820312,262000
ATO,2005-02-01,27.200000762939453,27.8799991607666,27.200000762939453,27.8799991607666,14.830931663513184,522500
ATO,2005-02-02,27.780000686645508,28.190000534057617,27.729999542236328,28.190000534057617,14.995835304260254,419000
ATO,2005-02-03,28.229999542236328,28.299999237060547,27.90999984741211,28.299999237060547,15.05435848236084,251200
ATO,2005-02-04,28.420000076293945,28.64999961853028,28.32999992370605,28.559999465942383,15.192657470703123,399400
ATO,2005-02-07,28.559999465942383,28.700000762939453,28.0,28.09000015258789,14.942646026611328,400300
ATO,2005-02-08,28.13999938964844,28.549999237060547,28.059999465942383,28.51000022888184,15.166067123413086,370200
ATO,2005-02-09,28.850000381469727,28.850000381469727,28.209999084472656,28.309999465942383,15.059674263000488,456600
ATO,2005-02-10,28.31999969482422,28.6200008392334,28.31999969482422,28.520000457763672,15.171385765075684,378500
ATO,2005-02-11,28.600000381469727,28.940000534057617,28.40999984741211,28.93000030517578,15.389491081237791,456400
ATO,2005-02-14,28.799999237060547,28.90999984741211,28.729999542236328,28.81999969482422,15.330971717834473,445400
ATO,2005-02-15,28.82999992370605,28.90999984741211,28.59000015258789,28.6299991607666,15.22989273071289,508900
ATO,2005-02-16,28.700000762939453,29.1200008392334,28.530000686645508,29.09000015258789,15.474603652954102,716600
ATO,2005-02-17,29.14999961853028,29.14999961853028,28.479999542236328,28.520000457763672,15.171385765075684,433200
ATO,2005-02-18,28.6200008392334,28.6200008392334,27.93000030517578,28.350000381469727,15.08095645904541,480000
ATO,2005-02-22,28.450000762939453,28.450000762939453,27.61000061035156,27.6200008392334,14.692621231079102,600600
ATO,2005-02-23,27.43000030517578,27.6299991607666,27.239999771118164,27.36000061035156,14.719523429870604,675500
ATO,2005-02-24,27.450000762939453,27.479999542236328,27.200000762939453,27.31999969482422,14.69800090789795,451500
ATO,2005-02-25,27.32999992370605,27.88999938964844,27.309999465942383,27.81999969482422,14.966996192932127,326800
ATO,2005-02-28,27.8799991607666,27.88999938964844,27.40999984741211,27.56999969482422,14.83250617980957,355900
ATO,2005-03-01,27.670000076293945,27.93000030517578,27.540000915527344,27.71999931335449,14.913201332092283,281600
ATO,2005-03-02,27.700000762939453,27.920000076293945,27.530000686645508,27.65999984741211,14.880924224853516,249800
ATO,2005-03-03,27.71999931335449,27.940000534057617,27.61000061035156,27.799999237060547,14.956241607666016,299300
ATO,2005-03-04,28.0,28.200000762939453,27.920000076293945,28.100000381469727,15.117640495300291,330600
ATO,2005-03-07,28.25,28.3799991607666,28.09000015258789,28.270000457763672,15.209098815917969,392100
ATO,2005-03-08,28.170000076293945,28.299999237060547,28.030000686645508,28.11000061035156,15.12302303314209,230600
ATO,2005-03-09,28.11000061035156,28.190000534057617,27.84000015258789,27.86000061035156,14.988526344299316,399400
ATO,2005-03-10,27.959999084472656,28.01000022888184,27.700000762939453,27.959999084472656,15.042325019836426,351500
ATO,2005-03-11,28.100000381469727,28.100000381469727,27.63999938964844,27.799999237060547,14.956241607666016,282800
ATO,2005-03-14,27.799999237060547,28.200000762939453,27.799999237060547,28.1200008392334,15.12840461730957,220400
ATO,2005-03-15,28.3700008392334,28.450000762939453,27.64999961853028,27.670000076293945,14.886305809020996,309200
ATO,2005-03-16,27.600000381469727,27.850000381469727,27.450000762939453,27.549999237060547,14.82174301147461,309000
ATO,2005-03-17,27.64999961853028,27.709999084472656,27.440000534057617,27.57999992370605,14.83788013458252,282000
ATO,2005-03-18,27.63999938964844,27.700000762939453,27.25,27.56999969482422,14.83250617980957,642900
ATO,2005-03-21,27.600000381469727,27.600000381469727,27.25,27.3700008392334,14.72490406036377,223400
ATO,2005-03-22,27.26000022888184,27.57999992370605,26.8700008392334,26.88999938964844,14.466670989990234,302200
ATO,2005-03-23,27.049999237060547,27.18000030517578,26.700000762939453,26.989999771118164,14.520467758178713,433100
ATO,2005-03-24,27.09000015258789,27.290000915527344,27.09000015258789,27.09000015258789,14.574258804321287,225500
ATO,2005-03-28,27.14999961853028,27.450000762939453,27.1200008392334,27.39999961853028,14.741043090820312,347300
ATO,2005-03-29,27.299999237060547,27.540000915527344,26.799999237060547,26.799999237060547,14.418241500854492,433200
ATO,2005-03-30,26.799999237060547,27.13999938964844,26.799999237060547,27.09000015258789,14.574258804321287,229400
ATO,2005-03-31,27.059999465942383,27.26000022888184,26.82999992370605,27.0,14.525845527648926,356400
ATO,2005-04-01,27.14999961853028,27.290000915527344,26.729999542236328,26.93000030517578,14.488186836242676,369500
ATO,2005-04-04,26.920000076293945,27.239999771118164,26.75,27.239999771118164,14.65495777130127,266000
ATO,2005-04-05,27.350000381469727,27.56999969482422,27.209999084472656,27.440000534057617,14.762566566467283,398100
ATO,2005-04-06,27.440000534057617,27.75,27.350000381469727,27.350000381469727,14.714149475097656,265100
ATO,2005-04-07,27.36000061035156,27.61000061035156,27.309999465942383,27.5,14.794843673706056,211900
ATO,2005-04-08,27.5,27.540000915527344,27.170000076293945,27.209999084472656,14.63882827758789,227300
ATO,2005-04-11,27.40999984741211,27.420000076293945,27.059999465942383,27.07999992370605,14.568888664245604,244300
ATO,2005-04-12,27.07999992370605,27.68000030517578,26.950000762939453,27.65999984741211,14.880924224853516,378000
ATO,2005-04-13,27.5,27.57999992370605,27.13999938964844,27.190000534057617,14.628064155578612,236800
ATO,2005-04-14,27.290000915527344,27.38999938964844,26.950000762939453,26.950000762939453,14.49895191192627,351500
ATO,2005-04-15,27.0,27.25,26.799999237060547,26.850000381469727,14.445145606994627,499600
ATO,2005-04-18,26.75,27.040000915527344,26.39999961853028,26.940000534057617,14.493570327758787,394200
ATO,2005-04-19,26.89999961853028,27.21999931335449,26.81999969482422,27.209999084472656,14.63882827758789,344200
ATO,2005-04-20,27.25,27.270000457763672,26.75,26.76000022888184,14.396726608276367,339000
ATO,2005-04-21,27.01000022888184,27.25,26.799999237060547,27.100000381469727,14.579649925231934,312100
ATO,2005-04-22,26.950000762939453,27.09000015258789,26.520000457763672,26.96999931335449,14.509709358215332,533100
ATO,2005-04-25,26.96999931335449,27.030000686645508,26.6299991607666,26.850000381469727,14.445145606994627,312500
ATO,2005-04-26,26.799999237060547,26.799999237060547,26.200000762939453,26.290000915527344,14.143876075744627,394200
ATO,2005-04-27,26.36000061035156,26.549999237060547,25.5,26.270000457763672,14.13310718536377,391900
ATO,2005-04-28,26.280000686645508,26.280000686645508,25.81999969482422,25.940000534057617,13.955574035644531,422600
ATO,2005-04-29,26.040000915527344,26.31999969482422,25.850000381469727,26.299999237060547,14.14925765991211,324700
ATO,2005-05-02,26.200000762939453,26.5,26.14999961853028,26.450000762939453,14.22994899749756,329500
ATO,2005-05-03,26.450000762939453,26.549999237060547,26.100000381469727,26.290000915527344,14.143876075744627,317000
ATO,2005-05-04,26.459999084472656,26.809999465942383,26.31999969482422,26.809999465942383,14.423627853393556,327900
ATO,2005-05-05,26.8700008392334,27.0,26.61000061035156,26.799999237060547,14.418241500854492,308700
ATO,2005-05-06,26.950000762939453,26.989999771118164,26.71999931335449,26.75,14.391347885131836,181600
ATO,2005-05-09,26.850000381469727,27.31999969482422,26.700000762939453,27.31999969482422,14.69800090789795,210100
ATO,2005-05-10,27.06999969482422,27.14999961853028,26.76000022888184,27.059999465942383,14.558124542236328,367900
ATO,2005-05-11,27.200000762939453,27.540000915527344,27.1299991607666,27.46999931335449,14.77870273590088,386300
ATO,2005-05-12,27.46999931335449,27.600000381469727,26.84000015258789,26.93000030517578,14.488186836242676,356900
ATO,2005-05-13,26.959999084472656,27.040000915527344,26.549999237060547,26.739999771118164,14.385973930358888,354000
ATO,2005-05-16,26.81999969482422,27.71999931335449,26.75,27.63999938964844,14.870159149169922,471400
ATO,2005-05-17,27.65999984741211,27.940000534057617,27.39999961853028,27.8700008392334,14.993901252746582,279000
ATO,2005-05-18,27.96999931335449,28.11000061035156,27.75,27.940000534057617,15.03156566619873,304000
ATO,2005-05-19,28.07999992370605,28.18000030517578,27.75,27.84000015258789,14.977757453918455,231800
ATO,2005-05-20,27.8700008392334,27.979999542236328,27.65999984741211,27.799999237060547,14.956241607666016,468600
ATO,2005-05-23,27.540000915527344,27.549999237060547,27.270000457763672,27.43000030517578,14.923603057861328,358600
ATO,2005-05-24,27.299999237060547,27.559999465942383,27.290000915527344,27.450000762939453,14.93447971343994,372000
ATO,2005-05-25,27.459999084472656,27.65999984741211,27.239999771118164,27.450000762939453,14.93447971343994,304000
ATO,2005-05-26,27.450000762939453,27.850000381469727,27.450000762939453,27.770000457763672,15.108577728271484,168100
ATO,2005-05-27,27.76000022888184,28.07999992370605,27.739999771118164,27.96999931335449,15.217392921447754,347000
ATO,2005-05-31,27.96999931335449,28.290000915527344,27.96999931335449,28.290000915527344,15.391491889953612,367900
ATO,2005-06-01,28.290000915527344,28.68000030517578,28.200000762939453,28.530000686645508,15.522062301635742,271800
ATO,2005-06-02,28.549999237060547,28.6200008392334,28.43000030517578,28.559999465942383,15.5383882522583,247100
ATO,2005-06-03,28.459999084472656,28.799999237060547,28.1299991607666,28.34000015258789,15.418700218200684,356300
ATO,2005-06-06,28.31999969482422,28.46999931335449,28.06999969482422,28.270000457763672,15.380610466003418,390700
ATO,2005-06-07,28.350000381469727,29.0,28.350000381469727,28.350000381469727,15.424135208129885,395200
ATO,2005-06-08,28.39999961853028,28.549999237060547,28.15999984741211,28.15999984741211,15.32076358795166,213000
ATO,2005-06-09,28.239999771118164,28.549999237060547,28.030000686645508,28.479999542236328,15.494861602783203,220000
ATO,2005-06-10,28.51000022888184,28.600000381469727,28.290000915527344,28.40999984741211,15.45677089691162,156200
ATO,2005-06-13,28.43000030517578,28.780000686645508,28.420000076293945,28.75,15.641756057739258,283400
ATO,2005-06-14,28.75,28.8700008392334,28.6299991607666,28.729999542236328,15.630874633789062,209500
ATO,2005-06-15,28.729999542236328,28.76000022888184,28.450000762939453,28.549999237060547,15.532947540283203,363700
ATO,2005-06-16,28.549999237060547,28.8700008392334,28.440000534057617,28.8700008392334,15.707045555114746,260100
ATO,2005-06-17,28.88999938964844,28.89999961853028,28.56999969482422,28.57999992370605,15.54926300048828,538900
ATO,2005-06-20,28.59000015258789,28.71999931335449,28.51000022888184,28.59000015258789,15.55470848083496,386800
ATO,2005-06-21,28.6200008392334,28.71999931335449,28.450000762939453,28.5,15.50574016571045,324800
ATO,2005-06-22,28.559999465942383,28.6299991607666,28.450000762939453,28.61000061035156,15.56558895111084,372000
ATO,2005-06-23,28.61000061035156,28.64999961853028,28.450000762939453,28.6200008392334,15.571029663085938,399500
ATO,2005-06-24,28.6200008392334,28.6200008392334,28.030000686645508,28.5,15.50574016571045,2093800
ATO,2005-06-27,28.5,28.6200008392334,28.450000762939453,28.5,15.50574016571045,395000
ATO,2005-06-28,28.64999961853028,28.770000457763672,28.56999969482422,28.700000762939453,15.614556312561035,289500
ATO,2005-06-29,28.75,28.84000015258789,28.51000022888184,28.549999237060547,15.532947540283203,335900
ATO,2005-06-30,28.6200008392334,28.920000076293945,28.559999465942383,28.799999237060547,15.668963432312012,330200
ATO,2005-07-01,28.89999961853028,29.11000061035156,28.850000381469727,29.100000381469727,15.832186698913574,415400
ATO,2005-07-05,29.100000381469727,29.18000030517578,29.0,29.1200008392334,15.843064308166504,155900
ATO,2005-07-06,29.18000030517578,29.18000030517578,28.89999961853028,28.93000030517578,15.739690780639648,262400
ATO,2005-07-07,28.799999237060547,29.350000381469727,28.65999984741211,29.350000381469727,15.968196868896484,330100
ATO,2005-07-08,29.40999984741211,29.479999542236328,29.18000030517578,29.420000076293945,16.006282806396484,231000
ATO,2005-07-11,29.420000076293945,29.459999084472656,29.01000022888184,29.049999237060547,15.804983139038086,328900
ATO,2005-07-12,29.049999237060547,29.36000061035156,28.76000022888184,29.25,15.913787841796877,374100
ATO,2005-07-13,29.26000022888184,29.31999969482422,29.09000015258789,29.209999084472656,15.892027854919434,152400
ATO,2005-07-14,29.38999938964844,29.420000076293945,28.84000015258789,28.8700008392334,15.707045555114746,175100
ATO,2005-07-15,28.8700008392334,29.01000022888184,28.75,28.89999961853028,15.723362922668455,160100
ATO,2005-07-18,28.940000534057617,29.030000686645508,28.790000915527344,28.950000762939453,15.750577926635742,171200
ATO,2005-07-19,29.07999992370605,29.07999992370605,28.799999237060547,28.950000762939453,15.750577926635742,245400
ATO,2005-07-20,28.850000381469727,29.0,28.700000762939453,28.940000534057617,15.745131492614746,99900
ATO,2005-07-21,28.96999931335449,28.96999931335449,28.520000457763672,28.600000381469727,15.560154914855955,125300
ATO,2005-07-22,28.600000381469727,28.84000015258789,28.600000381469727,28.82999992370605,15.68528652191162,184600
ATO,2005-07-25,28.86000061035156,29.06999969482422,28.82999992370605,28.979999542236328,15.766895294189451,193800
ATO,2005-07-26,29.059999465942383,29.11000061035156,28.90999984741211,29.030000686645508,15.794097900390623,160500
ATO,2005-07-27,29.09000015258789,29.15999984741211,28.93000030517578,29.0,15.777771949768066,191200
ATO,2005-07-28,29.0,29.59000015258789,29.0,29.5,16.049802780151367,162100
ATO,2005-07-29,29.309999465942383,29.459999084472656,29.15999984741211,29.15999984741211,15.864825248718262,207700
ATO,2005-08-01,29.270000457763672,29.46999931335449,29.07999992370605,29.09000015258789,15.826738357543944,212700
ATO,2005-08-02,29.15999984741211,29.780000686645508,29.15999984741211,29.76000022888184,16.191259384155273,197500
ATO,2005-08-03,29.76000022888184,29.96999931335449,29.450000762939453,29.65999984741211,16.136859893798828,186600
ATO,2005-08-04,29.530000686645508,29.549999237060547,29.170000076293945,29.270000457763672,15.92467212677002,215200
ATO,2005-08-05,29.31999969482422,29.31999969482422,28.65999984741211,28.850000381469727,15.696163177490234,182600
ATO,2005-08-08,28.84000015258789,29.15999984741211,28.25,28.26000022888184,15.37516975402832,495700
ATO,2005-08-09,29.14999961853028,29.14999961853028,28.5,28.76000022888184,15.647194862365724,562700
ATO,2005-08-10,28.940000534057617,29.489999771118164,28.850000381469727,29.14999961853028,15.859387397766112,337600
ATO,2005-08-11,29.190000534057617,29.489999771118164,29.049999237060547,29.229999542236328,15.902908325195312,243300
ATO,2005-08-12,29.25,29.549999237060547,29.209999084472656,29.450000762939453,16.022598266601562,206800
ATO,2005-08-15,29.450000762939453,29.65999984741211,29.34000015258789,29.350000381469727,15.968196868896484,210200
ATO,2005-08-16,29.25,29.420000076293945,29.11000061035156,29.170000076293945,15.870265007019045,225200
ATO,2005-08-17,29.18000030517578,29.18000030517578,28.709999084472656,28.71999931335449,15.62544059753418,336900
ATO,2005-08-18,28.700000762939453,28.90999984741211,28.5,28.68000030517578,15.603671073913574,349000
ATO,2005-08-19,28.68000030517578,28.82999992370605,28.479999542236328,28.670000076293945,15.59823513031006,262700
ATO,2005-08-22,28.770000457763672,29.1299991607666,28.729999542236328,29.059999465942383,15.810420989990234,362600
ATO,2005-08-23,28.600000381469727,28.670000076293945,28.440000534057617,28.549999237060547,15.700432777404783,224200
ATO,2005-08-24,28.5,28.940000534057617,28.450000762939453,28.459999084472656,15.650934219360352,281500
ATO,2005-08-25,28.520000457763672,28.850000381469727,28.520000457763672,28.799999237060547,15.837916374206545,192100
ATO,2005-08-26,28.88999938964844,29.06999969482422,28.84000015258789,28.920000076293945,15.903907775878906,380700
ATO,2005-08-29,28.90999984741211,28.940000534057617,28.670000076293945,28.850000381469727,15.86540699005127,262300
ATO,2005-08-30,28.89999961853028,29.059999465942383,28.71999931335449,28.8799991607666,15.881913185119627,288400
ATO,2005-08-31,28.979999542236328,29.600000381469727,28.89999961853028,29.59000015258789,16.27235984802246,408800
ATO,2005-09-01,29.59000015258789,29.670000076293945,29.26000022888184,29.559999465942383,16.255863189697266,362400
ATO,2005-09-02,29.559999465942383,29.559999465942383,29.229999542236328,29.3799991607666,16.15687370300293,251700
ATO,2005-09-06,29.530000686645508,29.729999542236328,29.43000030517578,29.56999969482422,16.2613582611084,209400
ATO,2005-09-07,29.64999961853028,29.739999771118164,29.440000534057617,29.59000015258789,16.27235984802246,280000
ATO,2005-09-08,29.6200008392334,29.6200008392334,29.36000061035156,29.440000534057617,16.189868927001953,341800
ATO,2005-09-09,29.450000762939453,29.64999961853028,29.40999984741211,29.520000457763672,16.233863830566406,355000
ATO,2005-09-12,29.520000457763672,29.530000686645508,29.18000030517578,29.3700008392334,16.151365280151367,290900
ATO,2005-09-13,29.43000030517578,29.450000762939453,29.059999465942383,29.09000015258789,15.997392654418944,230600
ATO,2005-09-14,29.07999992370605,29.190000534057617,28.90999984741211,29.049999237060547,15.975401878356934,367800
ATO,2005-09-15,29.059999465942383,29.239999771118164,28.96999931335449,29.049999237060547,15.975401878356934,516200
ATO,2005-09-16,29.200000762939453,29.299999237060547,29.020000457763672,29.239999771118164,16.079877853393555,345800
ATO,2005-09-19,29.14999961853028,29.31999969482422,28.989999771118164,29.0,15.947897911071776,133500
ATO,2005-09-20,29.0,29.07999992370605,28.82999992370605,28.950000762939453,15.920406341552734,216400
ATO,2005-09-21,28.959999084472656,29.1299991607666,28.51000022888184,28.61000061035156,15.733427047729492,247400
ATO,2005-09-22,28.709999084472656,28.739999771118164,28.15999984741211,28.229999542236328,15.524457931518556,311700
ATO,2005-09-23,28.239999771118164,28.540000915527344,28.18000030517578,28.46999931335449,15.656438827514648,229500
ATO,2005-09-26,28.46999931335449,28.6200008392334,28.209999084472656,28.57999992370605,15.716923713684082,229600
ATO,2005-09-27,28.57999992370605,28.799999237060547,28.489999771118164,28.57999992370605,15.716923713684082,154400
ATO,2005-09-28,28.61000061035156,28.700000762939453,28.31999969482422,28.38999938964844,15.612442016601562,177700
ATO,2005-09-29,28.38999938964844,28.559999465942383,28.09000015258789,28.530000686645508,15.689433097839355,265600
ATO,2005-09-30,28.489999771118164,28.6200008392334,28.229999542236328,28.25,15.535449981689451,341900
ATO,2005-10-03,28.26000022888184,28.440000534057617,28.26000022888184,28.36000061035156,15.595945358276367,369000
ATO,2005-10-04,28.3799991607666,28.6200008392334,28.15999984741211,28.229999542236328,15.524457931518556,303600
ATO,2005-10-05,28.25,28.39999961853028,27.76000022888184,27.770000457763672,15.27148723602295,429100
ATO,2005-10-06,27.780000686645508,28.350000381469727,27.26000022888184,27.479999542236328,15.112009048461914,1008700
ATO,2005-10-07,27.6299991607666,28.11000061035156,27.6299991607666,28.030000686645508,15.414469718933104,430700
ATO,2005-10-10,28.040000915527344,28.06999969482422,27.350000381469727,27.3799991607666,15.057015419006348,297700
ATO,2005-10-11,27.3799991607666,27.459999084472656,26.89999961853028,27.0,14.848044395446776,503600
ATO,2005-10-12,27.01000022888184,27.190000534057617,26.450000762939453,26.71999931335449,14.694058418273926,415600
ATO,2005-10-13,26.6299991607666,26.700000762939453,25.5,26.209999084472656,14.413599014282228,584900
ATO,2005-10-14,26.3700008392334,26.3700008392334,25.920000076293945,26.209999084472656,14.413599014282228,330300
ATO,2005-10-17,26.21999931335449,26.46999931335449,26.01000022888184,26.36000061035156,14.496092796325684,323600
ATO,2005-10-18,26.34000015258789,26.420000076293945,25.88999938964844,25.88999938964844,14.237616539001465,255700
ATO,2005-10-19,25.8799991607666,26.290000915527344,25.549999237060547,26.25,14.435598373413086,442400
ATO,2005-10-20,26.18000030517578,26.440000534057617,25.75,26.030000686645508,14.314620018005373,236200
ATO,2005-10-21,26.030000686645508,26.14999961853028,25.76000022888184,25.790000915527344,14.182632446289062,366000
ATO,2005-10-24,25.780000686645508,26.299999237060547,25.76000022888184,26.200000762939453,14.408098220825195,328500
ATO,2005-10-25,26.200000762939453,26.51000022888184,26.11000061035156,26.32999992370605,14.479589462280272,420100
ATO,2005-10-26,26.280000686645508,26.280000686645508,25.90999984741211,26.06999969482422,14.3366060256958,497100
ATO,2005-10-27,26.200000762939453,26.200000762939453,25.8700008392334,25.88999938964844,14.237616539001465,392700
ATO,2005-10-28,25.93000030517578,26.25,25.920000076293945,26.18000030517578,14.397101402282717,291600
ATO,2005-10-31,26.229999542236328,26.450000762939453,26.14999961853028,26.299999237060547,14.463093757629396,298800
ATO,2005-11-01,26.280000686645508,26.280000686645508,25.920000076293945,26.030000686645508,14.314620018005373,263800
ATO,2005-11-02,26.049999237060547,26.36000061035156,25.950000762939453,26.36000061035156,14.496092796325684,249500
ATO,2005-11-03,26.39999961853028,26.809999465942383,26.3799991607666,26.46999931335449,14.556591033935549,389400
ATO,2005-11-04,26.46999931335449,26.700000762939453,26.36000061035156,26.420000076293945,14.529086112976074,414400
ATO,2005-11-07,26.40999984741211,26.68000030517578,26.170000076293945,26.280000686645508,14.452096939086914,321900
ATO,2005-11-08,26.299999237060547,26.420000076293945,25.959999084472656,26.01000022888184,14.303614616394045,231400
ATO,2005-11-09,26.06999969482422,26.43000030517578,25.850000381469727,26.31999969482422,14.474095344543455,491600
ATO,2005-11-10,26.32999992370605,26.39999961853028,26.0,26.200000762939453,14.408098220825195,392400
ATO,2005-11-11,26.25,26.299999237060547,26.0,26.21999931335449,14.41910457611084,525100
ATO,2005-11-14,26.350000381469727,26.520000457763672,26.11000061035156,26.520000457763672,14.584081649780272,538200
ATO,2005-11-15,26.46999931335449,26.489999771118164,26.26000022888184,26.3700008392334,14.501591682434082,531700
ATO,2005-11-16,26.3700008392334,26.40999984741211,26.14999961853028,26.299999237060547,14.463093757629396,408500
ATO,2005-11-17,26.350000381469727,26.51000022888184,26.049999237060547,26.170000076293945,14.3916015625,459800
ATO,2005-11-18,26.309999465942383,26.520000457763672,26.18000030517578,26.40999984741211,14.523589134216309,391600
ATO,2005-11-21,26.450000762939453,26.799999237060547,26.450000762939453,26.770000457763672,14.72156047821045,386500
ATO,2005-11-22,26.549999237060547,26.81999969482422,26.540000915527344,26.780000686645508,14.90241813659668,492300
ATO,2005-11-23,26.75,26.96999931335449,26.59000015258789,26.86000061035156,14.94693374633789,226400
ATO,2005-11-25,26.8799991607666,27.13999938964844,26.8700008392334,27.1200008392334,15.091615676879885,105200
ATO,2005-11-28,27.100000381469727,27.200000762939453,26.690000534057617,26.690000534057617,14.85233211517334,214800
ATO,2005-11-29,26.65999984741211,27.049999237060547,26.64999961853028,26.64999961853028,14.830077171325684,130600
ATO,2005-11-30,26.709999084472656,26.850000381469727,26.46999931335449,26.56999969482422,14.785554885864258,219700
ATO,2005-12-01,26.600000381469727,26.89999961853028,26.600000381469727,26.790000915527344,14.907980918884276,173300
ATO,2005-12-02,26.780000686645508,26.82999992370605,26.549999237060547,26.790000915527344,14.907980918884276,130100
ATO,2005-12-05,26.799999237060547,26.84000015258789,26.350000381469727,26.57999992370605,14.79112148284912,239600
ATO,2005-12-06,26.57999992370605,26.82999992370605,26.559999465942383,26.600000381469727,14.802249908447266,162100
ATO,2005-12-07,26.670000076293945,26.799999237060547,26.39999961853028,26.440000534057617,14.713215827941896,180800
ATO,2005-12-08,26.450000762939453,26.549999237060547,26.190000534057617,26.39999961853028,14.690953254699709,196800
ATO,2005-12-09,26.479999542236328,26.51000022888184,26.26000022888184,26.450000762939453,14.718774795532228,172100
ATO,2005-12-12,26.489999771118164,26.68000030517578,26.3700008392334,26.450000762939453,14.718774795532228,368300
ATO,2005-12-13,26.46999931335449,26.56999969482422,26.299999237060547,26.40999984741211,14.696521759033203,229300
ATO,2005-12-14,26.39999961853028,26.670000076293945,26.39999961853028,26.56999969482422,14.785554885864258,249200
ATO,2005-12-15,26.6299991607666,26.64999961853028,26.39999961853028,26.600000381469727,14.802249908447266,237800
ATO,2005-12-16,26.64999961853028,26.809999465942383,26.450000762939453,26.799999237060547,14.913544654846191,441600
ATO,2005-12-19,26.729999542236328,26.729999542236328,26.350000381469727,26.3799991607666,14.679823875427246,175200
ATO,2005-12-20,26.3799991607666,26.61000061035156,26.270000457763672,26.43000030517578,14.707649230957031,275900
ATO,2005-12-21,26.530000686645508,26.6200008392334,26.100000381469727,26.280000686645508,14.624180793762209,205500
ATO,2005-12-22,26.36000061035156,26.36000061035156,26.040000915527344,26.209999084472656,14.585222244262695,225300
ATO,2005-12-23,26.270000457763672,26.43000030517578,26.209999084472656,26.3799991607666,14.679823875427246,227600
ATO,2005-12-27,26.36000061035156,26.39999961853028,25.90999984741211,25.920000076293945,14.423850059509276,299400
ATO,2005-12-28,26.0,26.1200008392334,25.89999961853028,26.059999465942383,14.50175666809082,196200
ATO,2005-12-29,26.059999465942383,26.21999931335449,26.059999465942383,26.13999938964844,14.546273231506348,179800
ATO,2005-12-30,26.040000915527344,26.270000457763672,25.82999992370605,26.15999984741211,14.55740451812744,224400
ATO,2006-01-03,26.299999237060547,26.799999237060547,26.1200008392334,26.739999771118164,14.880155563354492,370300
ATO,2006-01-04,26.809999465942383,26.88999938964844,26.57999992370605,26.75,14.88572120666504,210600
ATO,2006-01-05,26.71999931335449,26.799999237060547,26.520000457763672,26.65999984741211,14.83563232421875,216800
ATO,2006-01-06,26.82999992370605,26.8700008392334,26.670000076293945,26.799999237060547,14.913544654846191,191200
ATO,2006-01-09,26.84000015258789,27.07999992370605,26.82999992370605,26.89999961853028,14.96919059753418,219500
ATO,2006-01-10,26.809999465942383,26.93000030517578,26.68000030517578,26.770000457763672,14.896851539611816,276000
ATO,2006-01-11,26.729999542236328,26.86000061035156,26.600000381469727,26.71999931335449,14.869024276733398,294900
ATO,2006-01-12,26.65999984741211,26.799999237060547,26.51000022888184,26.549999237060547,14.774421691894531,236900
ATO,2006-01-13,26.57999992370605,26.65999984741211,26.540000915527344,26.61000061035156,14.807817459106444,320200
ATO,2006-01-17,26.63999938964844,26.75,26.540000915527344,26.6299991607666,14.818947792053224,321400
ATO,2006-01-18,26.530000686645508,26.68000030517578,26.46999931335449,26.549999237060547,14.774421691894531,549100
ATO,2006-01-19,26.540000915527344,26.6299991607666,26.440000534057617,26.520000457763672,14.757728576660156,508300
ATO,2006-01-20,26.51000022888184,26.700000762939453,26.38999938964844,26.450000762939453,14.718774795532228,337100
ATO,2006-01-23,26.459999084472656,26.530000686645508,26.1299991607666,26.200000762939453,14.579657554626465,411900
ATO,2006-01-24,26.25,26.39999961853028,26.14999961853028,26.239999771118164,14.601927757263184,201500
ATO,2006-01-25,26.290000915527344,26.3799991607666,26.100000381469727,26.280000686645508,14.624180793762209,219200
ATO,2006-01-26,26.39999961853028,26.39999961853028,26.100000381469727,26.239999771118164,14.601927757263184,239200
ATO,2006-01-27,26.32999992370605,26.57999992370605,26.170000076293945,26.34000015258789,14.657569885253906,289100
ATO,2006-01-30,26.299999237060547,26.479999542236328,26.100000381469727,26.190000534057617,14.57409954071045,254500
ATO,2006-01-31,26.11000061035156,26.350000381469727,26.020000457763672,26.280000686645508,14.624180793762209,367700
ATO,2006-02-01,26.21999931335449,26.350000381469727,26.100000381469727,26.15999984741211,14.55740451812744,154700
ATO,2006-02-02,26.170000076293945,26.21999931335449,25.96999931335449,26.15999984741211,14.55740451812744,313800
ATO,2006-02-03,26.049999237060547,26.18000030517578,26.0,26.11000061035156,14.529576301574709,249700
ATO,2006-02-06,26.11000061035156,26.170000076293945,26.049999237060547,26.100000381469727,14.524009704589844,177000
ATO,2006-02-07,26.020000457763672,26.200000762939453,26.020000457763672,26.11000061035156,14.529576301574709,292300
ATO,2006-02-08,26.459999084472656,26.459999084472656,26.040000915527344,26.299999237060547,14.635303497314451,410200
ATO,2006-02-09,26.38999938964844,26.5,26.32999992370605,26.3700008392334,14.674261093139648,483200
ATO,2006-02-10,26.36000061035156,26.43000030517578,26.1299991607666,26.290000915527344,14.629746437072754,343800
ATO,2006-02-13,26.280000686645508,26.440000534057617,26.209999084472656,26.280000686645508,14.624180793762209,319800
ATO,2006-02-14,26.229999542236328,26.299999237060547,25.989999771118164,26.299999237060547,14.635303497314451,272900
ATO,2006-02-15,26.34000015258789,26.450000762939453,26.209999084472656,26.239999771118164,14.601927757263184,185900
ATO,2006-02-16,26.290000915527344,26.43000030517578,26.200000762939453,26.26000022888184,14.613044738769531,321600
ATO,2006-02-17,26.25,26.459999084472656,26.25,26.38999938964844,14.685397148132324,259300
ATO,2006-02-21,26.5,26.700000762939453,26.459999084472656,26.64999961853028,14.830077171325684,522300
ATO,2006-02-22,26.61000061035156,27.01000022888184,26.600000381469727,27.0,15.02484130859375,513100
ATO,2006-02-23,26.63999938964844,26.64999961853028,26.350000381469727,26.3799991607666,14.853114128112791,342900
ATO,2006-02-24,26.3799991607666,26.39999961853028,26.25,26.39999961853028,14.864374160766602,347000
ATO,2006-02-27,26.39999961853028,26.549999237060547,26.34000015258789,26.440000534057617,14.88689422607422,336900
ATO,2006-02-28,26.3700008392334,26.40999984741211,26.190000534057617,26.39999961853028,14.864374160766602,322800
ATO,2006-03-01,26.489999771118164,26.489999771118164,26.200000762939453,26.290000915527344,14.802437782287598,219100
ATO,2006-03-02,26.21999931335449,26.38999938964844,26.15999984741211,26.38999938964844,14.858745574951172,210300
ATO,2006-03-03,26.31999969482422,26.43000030517578,26.239999771118164,26.270000457763672,14.791180610656738,220500
ATO,2006-03-06,26.25,26.31999969482422,26.100000381469727,26.200000762939453,14.751761436462402,375100
ATO,2006-03-07,26.200000762939453,26.239999771118164,26.049999237060547,26.100000381469727,14.69545841217041,357400
ATO,2006-03-08,26.100000381469727,26.309999465942383,26.0,26.14999961853028,14.723610877990724,256900
ATO,2006-03-09,26.229999542236328,26.239999771118164,26.100000381469727,26.190000534057617,14.746139526367188,186900
ATO,2006-03-10,26.18000030517578,26.39999961853028,26.14999961853028,26.36000061035156,14.841851234436035,175600
ATO,2006-03-13,26.5,26.530000686645508,26.350000381469727,26.520000457763672,14.931936264038086,183200
ATO,2006-03-14,26.5,26.530000686645508,26.3700008392334,26.46999931335449,14.90379238128662,238000
ATO,2006-03-15,26.549999237060547,26.59000015258789,26.420000076293945,26.57999992370605,14.96572208404541,185300
ATO,2006-03-16,26.6200008392334,26.799999237060547,26.549999237060547,26.709999084472656,15.038912773132324,244400
ATO,2006-03-17,26.809999465942383,26.86000061035156,26.600000381469727,26.86000061035156,15.123373031616213,210800
ATO,2006-03-20,26.850000381469727,26.950000762939453,26.549999237060547,26.63999938964844,14.999504089355469,185900
ATO,2006-03-21,26.6200008392334,26.690000534057617,26.450000762939453,26.450000762939453,14.892521858215332,222800
ATO,2006-03-22,26.459999084472656,26.489999771118164,26.36000061035156,26.39999961853028,14.864374160766602,193800
ATO,2006-03-23,26.39999961853028,26.46999931335449,26.299999237060547,26.350000381469727,14.836224555969238,174900
ATO,2006-03-24,26.350000381469727,26.540000915527344,26.299999237060547,26.5,14.920677185058594,228800
ATO,2006-03-27,26.450000762939453,26.549999237060547,26.229999542236328,26.280000686645508,14.79680633544922,329400
ATO,2006-03-28,26.32999992370605,26.32999992370605,25.979999542236328,26.200000762939453,14.751761436462402,286600
ATO,2006-03-29,26.200000762939453,26.450000762939453,26.14999961853028,26.40999984741211,14.870004653930664,207600
ATO,2006-03-30,26.40999984741211,26.530000686645508,26.26000022888184,26.46999931335449,14.90379238128662,279500
ATO,2006-03-31,26.43000030517578,26.489999771118164,26.15999984741211,26.32999992370605,14.824958801269531,291800
ATO,2006-04-03,26.299999237060547,26.46999931335449,26.209999084472656,26.21999931335449,14.763028144836426,174100
ATO,2006-04-04,26.229999542236328,26.59000015258789,26.13999938964844,26.57999992370605,14.96572208404541,314400
ATO,2006-04-05,26.6200008392334,26.76000022888184,26.440000534057617,26.76000022888184,15.067066192626951,188100
ATO,2006-04-06,26.799999237060547,26.799999237060547,26.520000457763672,26.6299991607666,14.99387264251709,233000
ATO,2006-04-07,26.600000381469727,26.75,26.170000076293945,26.299999237060547,14.808065414428713,292200
ATO,2006-04-10,26.299999237060547,26.530000686645508,26.280000686645508,26.530000686645508,14.93757152557373,230000
ATO,2006-04-11,26.61000061035156,26.6200008392334,26.3799991607666,26.420000076293945,14.87563419342041,253500
ATO,2006-04-12,26.36000061035156,26.59000015258789,26.200000762939453,26.31999969482422,14.819331169128418,200900
ATO,2006-04-13,26.270000457763672,26.299999237060547,26.09000015258789,26.1200008392334,14.706719398498535,356100
ATO,2006-04-17,26.14999961853028,26.309999465942383,26.1200008392334,26.290000915527344,14.802437782287598,253900
ATO,2006-04-18,26.21999931335449,26.459999084472656,26.1299991607666,26.209999084472656,14.757390022277832,396800
ATO,2006-04-19,26.13999938964844,26.530000686645508,26.13999938964844,26.530000686645508,14.93757152557373,368600
ATO,2006-04-20,26.5,26.65999984741211,26.5,26.600000381469727,14.97698211669922,305900
ATO,2006-04-21,26.61000061035156,26.75,26.600000381469727,26.700000762939453,15.033292770385742,263000
ATO,2006-04-24,26.63999938964844,26.64999961853028,26.36000061035156,26.600000381469727,14.97698211669922,306500
ATO,2006-04-25,26.540000915527344,26.549999237060547,26.39999961853028,26.450000762939453,14.892521858215332,304200
ATO,2006-04-26,26.5,26.64999961853028,26.3799991607666,26.459999084472656,14.898154258728027,197700
ATO,2006-04-27,26.459999084472656,26.700000762939453,26.299999237060547,26.64999961853028,15.00513744354248,186800
ATO,2006-04-28,26.57999992370605,26.739999771118164,26.40999984741211,26.540000915527344,14.943194389343262,180500
ATO,2006-05-01,26.520000457763672,26.850000381469727,26.520000457763672,26.64999961853028,15.00513744354248,281800
ATO,2006-05-02,26.68000030517578,26.84000015258789,26.5,26.700000762939453,15.033292770385742,333400
ATO,2006-05-03,26.63999938964844,27.0,26.600000381469727,26.959999084472656,15.179670333862305,420100
ATO,2006-05-04,26.90999984741211,27.3799991607666,26.90999984741211,27.25,15.342958450317385,282000
ATO,2006-05-05,27.25,27.479999542236328,27.239999771118164,27.40999984741211,15.433046340942385,415800
ATO,2006-05-08,27.38999938964844,27.729999542236328,27.299999237060547,27.729999542236328,15.613216400146484,297700
ATO,2006-05-09,27.700000762939453,27.709999084472656,27.270000457763672,27.32999992370605,15.388006210327148,266100
ATO,2006-05-10,27.32999992370605,27.549999237060547,27.309999465942383,27.479999542236328,15.472456932067873,143300
ATO,2006-05-11,27.46999931335449,27.479999542236328,26.8700008392334,27.049999237060547,15.230352401733398,300900
ATO,2006-05-12,27.059999465942383,27.1200008392334,26.959999084472656,27.059999465942383,15.235976219177246,280600
ATO,2006-05-15,27.06999969482422,27.09000015258789,26.68000030517578,26.850000381469727,15.117740631103516,318700
ATO,2006-05-16,26.89999961853028,26.90999984741211,26.39999961853028,26.43000030517578,14.881263732910156,304700
ATO,2006-05-17,26.40999984741211,26.549999237060547,26.11000061035156,26.200000762939453,14.751761436462402,537300
ATO,2006-05-18,26.170000076293945,26.420000076293945,26.14999961853028,26.170000076293945,14.734871864318848,190600
ATO,2006-05-19,26.190000534057617,26.459999084472656,26.14999961853028,26.299999237060547,14.808065414428713,167000
ATO,2006-05-22,26.299999237060547,26.71999931335449,26.209999084472656,26.56999969482422,14.960090637207031,271100
ATO,2006-05-23,26.290000915527344,26.290000915527344,26.07999992370605,26.09000015258789,14.86607551574707,428900
ATO,2006-05-24,26.11000061035156,26.1299991607666,25.549999237060547,26.0,14.814789772033691,439200
ATO,2006-05-25,26.39999961853028,26.690000534057617,26.14999961853028,26.56999969482422,15.139575958251951,437700
ATO,2006-05-26,26.68000030517578,26.82999992370605,26.6299991607666,26.709999084472656,15.219345092773438,196400
ATO,2006-05-30,26.68000030517578,26.82999992370605,26.520000457763672,26.530000686645508,15.11678695678711,212000
ATO,2006-05-31,26.68000030517578,26.89999961853028,26.59000015258789,26.84000015258789,15.293424606323242,502500
ATO,2006-06-01,26.88999938964844,27.01000022888184,26.700000762939453,27.0,15.38459014892578,404700
ATO,2006-06-02,27.09000015258789,27.309999465942383,26.989999771118164,27.229999542236328,15.515639305114746,184700
ATO,2006-06-05,27.190000534057617,27.229999542236328,26.790000915527344,26.8799991607666,15.31621265411377,341300
ATO,2006-06-06,26.850000381469727,26.940000534057617,26.520000457763672,26.780000686645508,15.259234428405762,252400
ATO,2006-06-07,26.89999961853028,26.920000076293945,26.600000381469727,26.61000061035156,15.162370681762695,241700
ATO,2006-06-08,26.6200008392334,26.8799991607666,26.440000534057617,26.8700008392334,15.310514450073242,247500
ATO,2006-06-09,27.0,27.100000381469727,26.71999931335449,26.920000076293945,15.33900547027588,170700
ATO,2006-06-12,26.940000534057617,26.979999542236328,26.63999938964844,26.68000030517578,15.20225429534912,136400
ATO,2006-06-13,26.75,26.809999465942383,26.15999984741211,26.26000022888184,14.962934494018556,245500
ATO,2006-06-14,26.26000022888184,26.38999938964844,26.01000022888184,26.299999237060547,14.98572826385498,249900
ATO,2006-06-15,26.450000762939453,26.790000915527344,26.309999465942383,26.64999961853028,15.185162544250488,234800
ATO,2006-06-16,26.65999984741211,26.739999771118164,26.549999237060547,26.64999961853028,15.185162544250488,180400
ATO,2006-06-19,26.700000762939453,26.75,26.25,26.350000381469727,15.0142240524292,186500
ATO,2006-06-20,26.350000381469727,26.479999542236328,26.280000686645508,26.39999961853028,15.042709350585938,274400
ATO,2006-06-21,26.450000762939453,26.709999084472656,26.299999237060547,26.6299991607666,15.173766136169434,246800
ATO,2006-06-22,26.6299991607666,26.75,26.549999237060547,26.71999931335449,15.225043296813965,335900
ATO,2006-06-23,26.670000076293945,27.100000381469727,26.61000061035156,27.059999465942383,15.418777465820312,345300
ATO,2006-06-26,27.09000015258789,27.39999961853028,27.040000915527344,27.36000061035156,15.5897216796875,330600
ATO,2006-06-27,27.40999984741211,27.600000381469727,27.36000061035156,27.520000457763672,15.680889129638672,433100
ATO,2006-06-28,27.56999969482422,27.670000076293945,27.549999237060547,27.6299991607666,15.74356174468994,610500
ATO,2006-06-29,27.6299991607666,27.86000061035156,27.43000030517578,27.81999969482422,15.851821899414062,412600
ATO,2006-06-30,28.0,28.030000686645508,27.739999771118164,27.90999984741211,15.903109550476074,523300
ATO,2006-07-03,28.0,28.239999771118164,27.75,28.229999542236328,16.08544921875,148500
ATO,2006-07-05,28.200000762939453,28.25,28.020000457763672,28.239999771118164,16.091140747070312,310800
ATO,2006-07-06,28.239999771118164,28.46999931335449,28.170000076293945,28.43000030517578,16.199399948120117,423800
ATO,2006-07-07,28.440000534057617,28.549999237060547,28.25,28.350000381469727,16.153818130493164,383300
ATO,2006-07-10,28.46999931335449,28.61000061035156,28.350000381469727,28.5,16.239288330078125,269600
ATO,2006-07-11,28.530000686645508,28.700000762939453,28.270000457763672,28.700000762939453,16.353248596191406,213200
ATO,2006-07-12,28.700000762939453,28.850000381469727,28.520000457763672,28.549999237060547,16.267780303955078,170900
ATO,2006-07-13,28.489999771118164,28.64999961853028,28.14999961853028,28.270000457763672,16.108243942260742,157500
ATO,2006-07-14,28.31999969482422,28.34000015258789,28.0,28.07999992370605,15.99997329711914,203400
ATO,2006-07-17,28.049999237060547,28.25,27.950000762939453,28.07999992370605,15.99997329711914,214600
ATO,2006-07-18,28.100000381469727,28.31999969482422,27.950000762939453,28.190000534057617,16.062650680541992,368300
ATO,2006-07-19,28.21999931335449,28.670000076293945,28.21999931335449,28.59000015258789,16.29056739807129,288500
ATO,2006-07-20,28.6299991607666,28.799999237060547,28.57999992370605,28.6200008392334,16.30766487121582,243700
ATO,2006-07-21,28.6200008392334,28.790000915527344,28.46999931335449,28.59000015258789,16.29056739807129,196000
ATO,2006-07-24,28.64999961853028,28.8700008392334,28.59000015258789,28.86000061035156,16.444419860839844,191700
ATO,2006-07-25,28.86000061035156,29.0,28.799999237060547,28.96999931335449,16.50709342956543,188000
ATO,2006-07-26,28.940000534057617,29.11000061035156,28.93000030517578,29.09000015258789,16.57546615600586,291900
ATO,2006-07-27,29.229999542236328,29.25,28.8700008392334,29.0,16.524185180664062,140800
ATO,2006-07-28,29.0,29.21999931335449,29.0,29.09000015258789,16.57546615600586,147700
ATO,2006-07-31,29.01000022888184,29.020000457763672,28.729999542236328,28.770000457763672,16.39313507080078,172000
ATO,2006-08-01,28.809999465942383,29.1200008392334,28.739999771118164,29.020000457763672,16.53558921813965,196000
ATO,2006-08-02,29.0,29.14999961853028,28.82999992370605,28.920000076293945,16.47860336303711,208400
ATO,2006-08-03,28.90999984741211,28.979999542236328,28.57999992370605,28.690000534057617,16.347551345825195,187000
ATO,2006-08-04,28.75,28.93000030517578,28.63999938964844,28.82999992370605,16.427324295043945,357500
ATO,2006-08-07,28.729999542236328,28.850000381469727,28.420000076293945,28.540000915527344,16.262086868286133,174700
ATO,2006-08-08,28.540000915527344,28.75,28.31999969482422,28.31999969482422,16.136735916137695,294500
ATO,2006-08-09,28.31999969482422,28.850000381469727,28.31999969482422,28.850000381469727,16.438716888427734,266700
ATO,2006-08-10,28.25,28.71999931335449,27.6299991607666,28.700000762939453,16.353248596191406,801800
ATO,2006-08-11,28.700000762939453,28.700000762939453,28.38999938964844,28.559999465942383,16.273479461669922,280600
ATO,2006-08-14,28.670000076293945,28.809999465942383,28.56999969482422,28.739999771118164,16.376039505004883,268300
ATO,2006-08-15,28.90999984741211,29.1200008392334,28.82999992370605,29.11000061035156,16.586864471435547,269000
ATO,2006-08-16,29.1200008392334,29.1200008392334,28.75,28.790000915527344,16.404523849487305,251400
ATO,2006-08-17,28.799999237060547,28.90999984741211,28.549999237060547,28.700000762939453,16.353248596191406,217900
ATO,2006-08-18,28.84000015258789,28.989999771118164,28.739999771118164,28.940000534057617,16.490001678466797,220300
ATO,2006-08-21,28.979999542236328,29.100000381469727,28.71999931335449,28.799999237060547,16.410234451293945,313300
ATO,2006-08-22,28.75,29.059999465942383,28.75,29.049999237060547,16.552684783935547,258700
ATO,2006-08-23,28.64999961853028,28.700000762939453,28.26000022888184,28.299999237060547,16.302099227905273,350800
ATO,2006-08-24,28.229999542236328,28.26000022888184,27.93000030517578,28.190000534057617,16.238740921020508,432300
ATO,2006-08-25,28.14999961853028,28.290000915527344,28.100000381469727,28.25,16.273292541503906,264000
ATO,2006-08-28,28.229999542236328,28.479999542236328,28.209999084472656,28.479999542236328,16.405784606933594,294300
ATO,2006-08-29,28.549999237060547,28.59000015258789,28.31999969482422,28.549999237060547,16.44611167907715,259400
ATO,2006-08-30,28.59000015258789,28.64999961853028,28.32999992370605,28.3799991607666,16.34817886352539,202100
ATO,2006-08-31,28.450000762939453,28.89999961853028,28.450000762939453,28.799999237060547,16.590124130249023,368600
ATO,2006-09-01,28.8700008392334,28.96999931335449,28.65999984741211,28.670000076293945,16.515235900878906,278400
ATO,2006-09-05,28.64999961853028,28.790000915527344,28.64999961853028,28.75,16.56131935119629,364300
ATO,2006-09-06,28.75,28.75,28.270000457763672,28.36000061035156,16.33666229248047,254000
ATO,2006-09-07,28.21999931335449,28.40999984741211,28.0,28.0,16.129289627075195,222500
ATO,2006-09-08,28.1200008392334,28.209999084472656,28.020000457763672,28.100000381469727,16.186893463134766,199500
ATO,2006-09-11,28.100000381469727,28.13999938964844,27.8700008392334,28.09000015258789,16.181129455566406,291900
ATO,2006-09-12,28.0,28.13999938964844,27.920000076293945,28.09000015258789,16.181129455566406,289000
ATO,2006-09-13,28.07999992370605,28.26000022888184,27.979999542236328,28.26000022888184,16.2790584564209,234500
ATO,2006-09-14,28.200000762939453,28.36000061035156,28.14999961853028,28.239999771118164,16.26753807067871,245200
ATO,2006-09-15,28.26000022888184,28.34000015258789,28.030000686645508,28.280000686645508,16.290576934814453,295300
ATO,2006-09-18,28.270000457763672,28.270000457763672,27.940000534057617,28.09000015258789,16.181129455566406,219700
ATO,2006-09-19,28.040000915527344,28.09000015258789,27.799999237060547,28.059999465942383,16.163846969604492,155000
ATO,2006-09-20,28.06999969482422,28.280000686645508,28.01000022888184,28.21999931335449,16.256019592285156,232700
ATO,2006-09-21,28.229999542236328,28.229999542236328,27.940000534057617,27.989999771118164,16.123531341552734,253600
ATO,2006-09-22,27.989999771118164,28.13999938964844,27.850000381469727,27.959999084472656,16.106246948242188,167200
ATO,2006-09-25,28.059999465942383,28.239999771118164,27.89999961853028,28.1299991607666,16.204179763793945,387300
ATO,2006-09-26,28.13999938964844,28.450000762939453,28.01000022888184,28.420000076293945,16.371225357055664,310900
ATO,2006-09-27,28.32999992370605,28.81999969482422,28.31999969482422,28.809999465942383,16.59587860107422,276400
ATO,2006-09-28,28.809999465942383,28.850000381469727,28.63999938964844,28.75,16.56131935119629,177800
ATO,2006-09-29,28.729999542236328,28.770000457763672,28.46999931335449,28.549999237060547,16.44611167907715,183600
ATO,2006-10-02,28.520000457763672,28.700000762939453,28.440000534057617,28.450000762939453,16.388505935668945,122800
ATO,2006-10-03,28.530000686645508,28.61000061035156,28.39999961853028,28.600000381469727,16.47492027282715,340400
ATO,2006-10-04,28.479999542236328,28.75,28.40999984741211,28.700000762939453,16.532516479492188,194600
ATO,2006-10-05,28.64999961853028,29.18000030517578,28.64999961853028,29.1200008392334,16.774465560913086,377800
ATO,2006-10-06,29.020000457763672,29.059999465942383,28.790000915527344,28.979999542236328,16.69380760192871,179200
ATO,2006-10-09,28.8799991607666,28.979999542236328,28.799999237060547,28.979999542236328,16.69380760192871,128800
ATO,2006-10-10,28.90999984741211,29.1200008392334,28.90999984741211,29.11000061035156,16.768693923950195,154700
ATO,2006-10-11,29.21999931335449,29.21999931335449,28.850000381469727,28.950000762939453,16.676528930664062,172100
ATO,2006-10-12,29.0,29.25,28.96999931335449,29.239999771118164,16.843584060668945,593800
ATO,2006-10-13,29.25,29.71999931335449,29.25,29.64999961853028,17.07975959777832,282600
ATO,2006-10-16,29.65999984741211,29.799999237060547,29.59000015258789,29.71999931335449,17.120092391967773,268600
ATO,2006-10-17,29.670000076293945,29.799999237060547,29.59000015258789,29.799999237060547,17.166170120239258,148200
ATO,2006-10-18,29.81999969482422,30.0,29.799999237060547,29.920000076293945,17.235292434692383,195600
ATO,2006-10-19,29.989999771118164,30.11000061035156,29.8700008392334,30.06999969482422,17.321706771850586,160200
ATO,2006-10-20,30.020000457763672,30.21999931335449,29.950000762939453,30.190000534057617,17.390830993652344,173000
ATO,2006-10-23,30.09000015258789,30.31999969482422,29.96999931335449,30.18000030517578,17.385068893432617,305000
ATO,2006-10-24,30.07999992370605,30.239999771118164,29.96999931335449,30.190000534057617,17.390830993652344,295900
ATO,2006-10-25,30.0,30.770000457763672,30.0,30.63999938964844,17.650053024291992,344600
ATO,2006-10-26,30.709999084472656,30.959999084472656,30.57999992370605,30.88999938964844,17.794057846069336,207700
ATO,2006-10-27,30.809999465942383,30.950000762939453,30.64999961853028,30.65999984741211,17.66156768798828,143400
ATO,2006-10-30,30.59000015258789,30.82999992370605,30.59000015258789,30.799999237060547,17.742216110229492,160000
ATO,2006-10-31,30.790000915527344,30.86000061035156,30.57999992370605,30.729999542236328,17.701889038085938,180100
ATO,2006-11-01,30.920000076293945,31.100000381469727,30.82999992370605,30.90999984741211,17.805583953857422,317700
ATO,2006-11-02,30.86000061035156,30.93000030517578,30.729999542236328,30.920000076293945,17.81134033203125,210400
ATO,2006-11-03,30.90999984741211,31.049999237060547,30.8799991607666,31.0,17.857423782348633,201800
ATO,2006-11-06,30.959999084472656,31.32999992370605,30.89999961853028,31.229999542236328,17.989919662475586,164100
ATO,2006-11-07,31.229999542236328,31.549999237060547,31.18000030517578,31.270000457763672,18.012956619262695,209700
ATO,2006-11-08,31.18000030517578,31.790000915527344,31.13999938964844,31.559999465942383,18.180007934570312,251700
ATO,2006-11-09,31.61000061035156,31.959999084472656,31.5,31.84000015258789,18.34130096435547,251200
ATO,2006-11-10,31.850000381469727,31.86000061035156,31.63999938964844,31.739999771118164,18.283700942993164,296100
ATO,2006-11-13,31.700000762939453,32.09000015258789,31.700000762939453,32.08000183105469,18.479555130004883,180800
ATO,2006-11-14,32.06999969482422,32.189998626708984,31.64999961853028,32.040000915527344,18.456520080566406,259900
ATO,2006-11-15,32.13999938964844,32.58000183105469,32.130001068115234,32.58000183105469,18.767578125,472400
ATO,2006-11-16,32.599998474121094,32.709999084472656,32.209999084472656,32.22999954223633,18.56595993041992,290100
ATO,2006-11-17,32.279998779296875,32.619998931884766,32.25,32.619998931884766,18.79061508178711,281900
ATO,2006-11-20,32.540000915527344,33.09000015258789,32.470001220703125,33.0099983215332,19.015277862548828,370900
ATO,2006-11-21,33.0,33.060001373291016,32.720001220703125,32.849998474121094,18.923110961914062,275400
ATO,2006-11-22,32.65999984741211,32.720001220703125,32.150001525878906,32.209999084472656,18.736963272094727,487800
ATO,2006-11-24,32.209999084472656,32.599998474121094,32.15999984741211,32.599998474121094,18.963829040527344,93300
ATO,2006-11-27,32.5,32.5099983215332,31.959999084472656,32.029998779296875,18.63224601745605,461600
ATO,2006-11-28,31.950000762939453,32.09000015258789,31.89999961853028,32.060001373291016,18.649702072143555,363700
ATO,2006-11-29,32.150001525878906,32.630001068115234,32.150001525878906,32.619998931884766,18.9754638671875,279100
ATO,2006-11-30,32.61000061035156,32.779998779296875,32.47999954223633,32.77000045776367,19.06271743774414,290200
ATO,2006-12-01,32.70000076293945,32.75,32.31999969482422,32.75,19.051088333129883,295500
ATO,2006-12-04,32.599998474121094,32.86000061035156,32.439998626708984,32.83000183105469,19.097625732421875,431900
ATO,2006-12-05,32.7599983215332,32.849998474121094,32.72999954223633,32.81999969482422,19.0918083190918,287400
ATO,2006-12-06,32.869998931884766,32.869998931884766,32.56999969482422,32.720001220703125,19.033632278442383,280400
ATO,2006-12-07,32.619998931884766,32.70000076293945,31.90999984741211,32.06999969482422,18.655527114868164,443800
ATO,2006-12-08,31.799999237060547,31.89999961853028,31.5,31.84000015258789,18.52172470092773,3075900
ATO,2006-12-11,31.850000381469727,32.27000045776367,31.739999771118164,32.2400016784668,18.754413604736328,597900
ATO,2006-12-12,32.18000030517578,32.310001373291016,31.959999084472656,32.119998931884766,18.684608459472656,407400
ATO,2006-12-13,32.09000015258789,32.189998626708984,31.96999931335449,32.04999923706055,18.64388084411621,347200
ATO,2006-12-14,32.0,32.150001525878906,31.90999984741211,31.950000762939453,18.58572196960449,284700
ATO,2006-12-15,32.04999923706055,32.45000076293945,31.850000381469727,32.25,18.760234832763672,626800
ATO,2006-12-18,32.150001525878906,32.209999084472656,31.6299991607666,31.76000022888184,18.47519302368164,295600
ATO,2006-12-19,31.64999961853028,32.08000183105469,31.6200008392334,32.06999969482422,18.655527114868164,438300
ATO,2006-12-20,32.150001525878906,32.16999816894531,31.940000534057617,31.950000762939453,18.58572196960449,370300
ATO,2006-12-21,31.89999961853028,32.13999938964844,31.790000915527344,31.920000076293945,18.568267822265625,221700
ATO,2006-12-22,31.93000030517578,31.950000762939453,31.63999938964844,31.84000015258789,18.52172470092773,111800
ATO,2006-12-26,31.76000022888184,32.11000061035156,31.76000022888184,32.02000045776367,18.626428604125977,165700
ATO,2006-12-27,32.09000015258789,32.43000030517578,32.08000183105469,32.34000015258789,18.81258583068848,196900
ATO,2006-12-28,32.2400016784668,32.41999816894531,32.220001220703125,32.290000915527344,18.78349876403809,136800
ATO,2006-12-29,32.29999923706055,32.29999923706055,31.89999961853028,31.90999984741211,18.56244659423828,236900
ATO,2007-01-03,31.809999465942383,32.29999923706055,31.059999465942383,32.2400016784668,18.754413604736328,484100
ATO,2007-01-04,32.2599983215332,32.2599983215332,31.96999931335449,32.060001373291016,18.649702072143555,236800
ATO,2007-01-05,31.950000762939453,31.96999931335449,31.3700008392334,31.600000381469727,18.382116317749023,359700
ATO,2007-01-08,31.6200008392334,31.65999984741211,31.31999969482422,31.450000762939453,18.294857025146484,309900
ATO,2007-01-09,31.450000762939453,31.549999237060547,31.200000762939453,31.46999931335449,18.30649375915528,293200
ATO,2007-01-10,31.36000061035156,31.43000030517578,31.020000457763672,31.100000381469727,18.091264724731445,309700
ATO,2007-01-11,31.040000915527344,31.479999542236328,31.040000915527344,31.36000061035156,18.24250221252441,431700
ATO,2007-01-12,31.36000061035156,31.5,30.36000061035156,31.299999237060547,18.207595825195312,438000
ATO,2007-01-16,31.200000762939453,31.459999084472656,31.11000061035156,31.309999465942383,18.21341896057129,278200
ATO,2007-01-17,31.309999465942383,31.440000534057617,31.18000030517578,31.440000534057617,18.289039611816406,219300
ATO,2007-01-18,31.5,31.530000686645508,31.200000762939453,31.229999542236328,18.16687774658203,250200
ATO,2007-01-19,31.5,31.5,31.13999938964844,31.420000076293945,18.27741241455078,252400
ATO,2007-01-22,31.40999984741211,31.420000076293945,31.270000457763672,31.309999465942383,18.21341896057129,220200
ATO,2007-01-23,31.25,31.690000534057617,31.25,31.489999771118164,18.31812286376953,281300
ATO,2007-01-24,31.440000534057617,31.71999931335449,31.39999961853028,31.59000015258789,18.376304626464844,222300
ATO,2007-01-25,31.6299991607666,31.64999961853028,31.020000457763672,31.049999237060547,18.062170028686523,261100
ATO,2007-01-26,31.15999984741211,31.25,30.790000915527344,31.229999542236328,18.16687774658203,326800
ATO,2007-01-29,31.299999237060547,31.299999237060547,31.0,31.07999992370605,18.079620361328125,328300
ATO,2007-01-30,31.1299991607666,31.309999465942383,31.11000061035156,31.239999771118164,18.17269515991211,244700
ATO,2007-01-31,31.290000915527344,31.32999992370605,31.01000022888184,31.239999771118164,18.17269515991211,300900
ATO,2007-02-01,31.299999237060547,31.56999969482422,31.229999542236328,31.549999237060547,18.35302734375,237100
ATO,2007-02-02,31.64999961853028,31.64999961853028,31.39999961853028,31.5,18.32394218444824,219600
ATO,2007-02-05,31.5,31.56999969482422,31.280000686645508,31.46999931335449,18.30649375915528,335400
ATO,2007-02-06,31.46999931335449,31.670000076293945,31.239999771118164,31.670000076293945,18.422832489013672,308400
ATO,2007-02-07,31.670000076293945,32.0,31.5,31.950000762939453,18.58572196960449,330000
ATO,2007-02-08,31.850000381469727,32.400001525878906,31.850000381469727,32.36000061035156,18.82421875,385000
ATO,2007-02-09,32.400001525878906,32.439998626708984,32.060001373291016,32.22999954223633,18.74859619140625,254700
ATO,2007-02-12,32.130001068115234,32.310001373291016,31.979999542236328,32.119998931884766,18.684608459472656,185700
ATO,2007-02-13,32.22999954223633,32.7599983215332,32.189998626708984,32.75,19.051088333129883,416700
ATO,2007-02-14,32.75,33.0,32.720001220703125,32.939998626708984,19.16160774230957,348700
ATO,2007-02-15,32.970001220703125,33.02000045776367,32.84000015258789,32.939998626708984,19.16160774230957,413600
ATO,2007-02-16,32.939998626708984,32.95000076293945,32.66999816894531,32.869998931884766,19.12088966369629,255800
ATO,2007-02-20,32.880001068115234,33.06999969482422,32.7599983215332,33.0,19.196514129638672,397400
ATO,2007-02-21,32.95000076293945,33.0,32.70000076293945,32.779998779296875,19.06853485107422,277100
ATO,2007-02-22,32.459999084472656,32.59000015258789,32.34000015258789,32.529998779296875,19.109655380249023,311700
ATO,2007-02-23,32.459999084472656,32.54999923706055,32.209999084472656,32.36000061035156,19.0097885131836,284300
ATO,2007-02-26,32.36000061035156,32.54999923706055,32.22999954223633,32.31999969482422,18.98629570007324,350000
ATO,2007-02-27,32.189998626708984,32.189998626708984,31.6200008392334,31.709999084472656,18.627948760986328,401800
ATO,2007-02-28,31.799999237060547,31.90999984741211,31.459999084472656,31.459999084472656,18.48108673095703,607700
ATO,2007-03-01,31.299999237060547,31.59000015258789,31.0,31.39999961853028,18.44584274291992,405800
ATO,2007-03-02,31.39999961853028,31.450000762939453,31.11000061035156,31.280000686645508,18.37534713745117,253000
ATO,2007-03-05,31.07999992370605,31.170000076293945,30.6299991607666,30.6299991607666,17.99350357055664,328800
ATO,2007-03-06,30.71999931335449,31.25,30.71999931335449,31.229999542236328,18.34597587585449,289100
ATO,2007-03-07,31.25,31.46999931335449,31.09000015258789,31.290000915527344,18.3812313079834,283000
ATO,2007-03-08,31.32999992370605,31.5,31.299999237060547,31.36000061035156,18.42234230041504,230100
ATO,2007-03-09,31.46999931335449,31.530000686645508,31.15999984741211,31.18000030517578,18.316606521606445,266200
ATO,2007-03-12,31.21999931335449,31.540000915527344,31.15999984741211,31.46999931335449,18.486968994140625,193800
ATO,2007-03-13,31.46999931335449,31.559999465942383,30.950000762939453,31.0,18.21086311340332,315300
ATO,2007-03-14,31.07999992370605,31.450000762939453,30.8700008392334,31.36000061035156,18.42234230041504,316800
ATO,2007-03-15,31.299999237060547,31.8799991607666,31.239999771118164,31.75,18.651445388793945,397900
ATO,2007-03-16,31.86000061035156,32.209999084472656,31.64999961853028,31.739999771118164,18.64557266235352,361400
ATO,2007-03-19,31.86000061035156,32.119998931884766,31.86000061035156,32.0,18.798311233520508,559300
ATO,2007-03-20,31.93000030517578,32.060001373291016,31.799999237060547,31.89999961853028,18.739564895629883,630400
ATO,2007-03-21,31.90999984741211,32.380001068115234,31.809999465942383,32.290000915527344,18.968669891357425,466700
ATO,2007-03-22,32.189998626708984,32.369998931884766,32.18000030517578,32.25,18.94517517089844,451900
ATO,2007-03-23,31.440000534057617,31.700000762939453,30.82999992370605,31.14999961853028,18.29898834228516,1657000
ATO,2007-03-26,31.0,31.209999084472656,30.459999084472656,31.14999961853028,18.29898834228516,569000
ATO,2007-03-27,31.13999938964844,31.21999931335449,30.81999969482422,31.14999961853028,18.29898834228516,594100
ATO,2007-03-28,31.14999961853028,31.40999984741211,31.01000022888184,31.299999237060547,18.387094497680664,431000
ATO,2007-03-29,31.40999984741211,31.40999984741211,31.100000381469727,31.38999938964844,18.4399642944336,334300
ATO,2007-03-30,31.46999931335449,31.709999084472656,31.14999961853028,31.280000686645508,18.37534713745117,613200
ATO,2007-04-02,31.100000381469727,31.350000381469727,30.65999984741211,31.299999237060547,18.387094497680664,556400
ATO,2007-04-03,31.34000015258789,31.63999938964844,31.209999084472656,31.5,18.50458335876465,446500
ATO,2007-04-04,31.61000061035156,31.799999237060547,31.489999771118164,31.790000915527344,18.674949645996094,483400
ATO,2007-04-05,31.75,31.799999237060547,31.540000915527344,31.6200008392334,18.575084686279297,600100
ATO,2007-04-09,31.770000457763672,32.099998474121094,31.57999992370605,32.099998474121094,18.85705947875977,513900
ATO,2007-04-10,32.209999084472656,32.61000061035156,32.0,32.58000183105469,19.139028549194336,641400
ATO,2007-04-11,32.54999923706055,32.619998931884766,32.34000015258789,32.41999816894531,19.0450382232666,340100
ATO,2007-04-12,32.47999954223633,32.4900016784668,32.27000045776367,32.45000076293945,19.06266212463379,311100
ATO,2007-04-13,32.439998626708984,32.54999923706055,32.36000061035156,32.45000076293945,19.06266212463379,389200
ATO,2007-04-16,32.439998626708984,32.619998931884766,32.43000030517578,32.560001373291016,19.12728500366211,498800
ATO,2007-04-17,32.540000915527344,32.709999084472656,32.33000183105469,32.54999923706055,19.12140655517578,374600
ATO,2007-04-18,32.439998626708984,32.47999954223633,32.20000076293945,32.31999969482422,18.98629570007324,353100
ATO,2007-04-19,32.20000076293945,32.310001373291016,32.08000183105469,32.189998626708984,18.9099235534668,235800
ATO,2007-04-20,32.25,32.349998474121094,31.93000030517578,32.20000076293945,18.915802001953125,342000
ATO,2007-04-23,32.150001525878906,32.31999969482422,32.08000183105469,32.13999938964844,18.88055419921875,236000
ATO,2007-04-24,32.06999969482422,32.22999954223633,31.920000076293945,32.13999938964844,18.88055419921875,365200
ATO,2007-04-25,32.13999938964844,32.43000030517578,32.060001373291016,32.27000045776367,18.956926345825195,399600
ATO,2007-04-26,32.290000915527344,32.29999923706055,32.09000015258789,32.16999816894531,18.898178100585938,301100
ATO,2007-04-27,32.0099983215332,32.22999954223633,31.920000076293945,32.0099983215332,18.80418968200684,356400
ATO,2007-04-30,32.099998474121094,32.439998626708984,31.71999931335449,31.71999931335449,18.63382339477539,357900
ATO,2007-05-01,31.68000030517578,32.25,31.59000015258789,32.09000015258789,18.851186752319336,431200
ATO,2007-05-02,32.15999984741211,32.2400016784668,31.700000762939453,31.989999771118164,18.792444229125977,474800
ATO,2007-05-03,32.0,32.15999984741211,31.65999984741211,32.06999969482422,18.839439392089844,454200
ATO,2007-05-04,32.150001525878906,32.38999938964844,31.84000015258789,32.060001373291016,18.833555221557617,467700
ATO,2007-05-07,32.099998474121094,32.279998779296875,32.0,32.099998474121094,18.85705947875977,403900
ATO,2007-05-08,31.940000534057617,32.2599983215332,31.940000534057617,32.220001220703125,18.92755508422852,442100
ATO,2007-05-09,32.20000076293945,32.369998931884766,32.130001068115234,32.33000183105469,18.99216651916504,263200
ATO,2007-05-10,32.209999084472656,32.209999084472656,31.82999992370605,31.82999992370605,18.69844055175781,296300
ATO,2007-05-11,31.850000381469727,32.189998626708984,31.850000381469727,32.06999969482422,18.839439392089844,305100
ATO,2007-05-14,32.099998474121094,32.2599983215332,32.04999923706055,32.130001068115234,18.87468338012696,236300
ATO,2007-05-15,32.20000076293945,32.52000045776367,32.130001068115234,32.130001068115234,18.87468338012696,647400
ATO,2007-05-16,32.130001068115234,32.619998931884766,32.130001068115234,32.4900016784668,19.086164474487305,722100
ATO,2007-05-17,32.56999969482422,32.90999984741211,32.56999969482422,32.849998474121094,19.297637939453125,850300
ATO,2007-05-18,32.849998474121094,33.02000045776367,32.70000076293945,32.81999969482422,19.280017852783203,338300
ATO,2007-05-21,32.81999969482422,33.119998931884766,32.709999084472656,33.060001373291016,19.421010971069336,374000
ATO,2007-05-22,33.060001373291016,33.470001220703125,32.939998626708984,33.11000061035156,19.450380325317383,417200
ATO,2007-05-23,32.84000015258789,32.9900016784668,32.439998626708984,32.5099983215332,19.284284591674805,384500
ATO,2007-05-24,32.380001068115234,32.66999816894531,31.8799991607666,32.0099983215332,18.987693786621094,532000
ATO,2007-05-25,32.0099983215332,32.189998626708984,31.739999771118164,31.8700008392334,18.90464973449707,264200
ATO,2007-05-29,31.950000762939453,32.63999938964844,31.950000762939453,32.15999984741211,19.076679229736328,284500
ATO,2007-05-30,31.88999938964844,32.79999923706055,31.88999938964844,32.439998626708984,19.24276351928711,341200
ATO,2007-05-31,32.40999984741211,32.54999923706055,32.34000015258789,32.38999938964844,19.213106155395508,453200
ATO,2007-06-01,32.36000061035156,32.599998474121094,32.31999969482422,32.47999954223633,19.266490936279297,379400
ATO,2007-06-04,32.400001525878906,32.4900016784668,32.27000045776367,32.43000030517578,19.23683738708496,389500
ATO,2007-06-05,32.380001068115234,32.400001525878906,32.08000183105469,32.119998931884766,19.052949905395508,308100
ATO,2007-06-06,32.13999938964844,32.13999938964844,31.57999992370605,31.68000030517578,18.791954040527344,508300
ATO,2007-06-07,31.5,31.540000915527344,30.700000762939453,30.76000022888184,18.246217727661133,578800
ATO,2007-06-08,30.6299991607666,30.799999237060547,30.3700008392334,30.65999984741211,18.186908721923828,405000
ATO,2007-06-11,30.71999931335449,31.26000022888184,30.6200008392334,30.71999931335449,18.22249221801757,502100
ATO,2007-06-12,30.76000022888184,30.76000022888184,29.90999984741211,30.100000381469727,17.85471534729004,631600
ATO,2007-06-13,30.1200008392334,30.290000915527344,29.93000030517578,30.040000915527344,17.819137573242188,602300
ATO,2007-06-14,30.01000022888184,30.299999237060547,30.01000022888184,30.270000457763672,17.95556640625,257100
ATO,2007-06-15,30.530000686645508,30.59000015258789,30.270000457763672,30.559999465942383,18.127588272094727,330500
ATO,2007-06-18,30.51000022888184,30.57999992370605,30.239999771118164,30.3799991607666,18.020809173583984,384800
ATO,2007-06-19,30.209999084472656,30.51000022888184,30.049999237060547,30.440000534057617,18.05640983581543,437700
ATO,2007-06-20,30.6200008392334,30.82999992370605,30.059999465942383,30.1299991607666,17.87251853942871,469300
ATO,2007-06-21,30.040000915527344,30.170000076293945,29.809999465942383,30.06999969482422,17.836929321289062,216700
ATO,2007-06-22,29.93000030517578,30.350000381469727,29.65999984741211,29.82999992370605,17.694562911987305,362000
ATO,2007-06-25,29.82999992370605,29.950000762939453,29.6299991607666,29.809999465942383,17.68270492553711,374900
ATO,2007-06-26,29.81999969482422,30.040000915527344,29.3799991607666,29.3799991607666,17.427631378173828,381900
ATO,2007-06-27,29.229999542236328,29.920000076293945,29.11000061035156,29.90999984741211,17.742021560668945,535500
ATO,2007-06-28,30.01000022888184,30.299999237060547,29.809999465942383,29.950000762939453,17.765743255615234,282600
ATO,2007-06-29,30.09000015258789,30.280000686645508,29.90999984741211,30.059999465942383,17.830995559692383,268600
ATO,2007-07-02,30.100000381469727,30.68000030517578,30.100000381469727,30.32999992370605,17.991159439086914,502300
ATO,2007-07-03,30.459999084472656,30.65999984741211,30.43000030517578,30.520000457763672,18.10386085510254,156200
ATO,2007-07-05,30.59000015258789,30.76000022888184,30.21999931335449,30.34000015258789,17.997081756591797,466500
ATO,2007-07-06,30.440000534057617,30.84000015258789,30.21999931335449,30.290000915527344,17.96742820739746,375700
ATO,2007-07-09,30.39999961853028,30.39999961853028,30.1200008392334,30.38999938964844,18.02674865722656,468300
ATO,2007-07-10,30.34000015258789,30.61000061035156,30.239999771118164,30.239999771118164,17.937768936157227,513500
ATO,2007-07-11,30.25,30.5,30.059999465942383,30.170000076293945,17.89624786376953,366400
ATO,2007-07-12,30.299999237060547,30.65999984741211,30.299999237060547,30.65999984741211,18.186908721923828,274500
ATO,2007-07-13,30.690000534057617,30.780000686645508,30.51000022888184,30.63999938964844,18.17503929138184,312100
ATO,2007-07-16,30.549999237060547,30.61000061035156,30.13999938964844,30.200000762939453,17.914039611816406,220700
ATO,2007-07-17,30.1299991607666,30.38999938964844,30.049999237060547,30.049999237060547,17.825057983398438,301800
ATO,2007-07-18,30.01000022888184,30.18000030517578,29.780000686645508,30.11000061035156,17.860652923583984,384700
ATO,2007-07-19,30.309999465942383,30.309999465942383,29.76000022888184,30.239999771118164,17.937768936157227,390700
ATO,2007-07-20,30.1200008392334,30.25,29.82999992370605,29.850000381469727,17.70643424987793,271200
ATO,2007-07-23,30.100000381469727,30.530000686645508,30.0,30.170000076293945,17.89624786376953,659700
ATO,2007-07-24,30.14999961853028,30.14999961853028,29.34000015258789,29.40999984741211,17.44542694091797,338900
ATO,2007-07-25,29.68000030517578,29.850000381469727,29.280000686645508,29.57999992370605,17.54627799987793,528600
ATO,2007-07-26,28.96999931335449,29.450000762939453,28.81999969482422,29.209999084472656,17.326797485351562,732100
ATO,2007-07-27,29.299999237060547,29.39999961853028,28.38999938964844,28.450000762939453,16.875980377197266,853000
ATO,2007-07-30,28.61000061035156,29.14999961853028,28.43000030517578,28.440000534057617,16.87005043029785,650600
ATO,2007-07-31,28.6299991607666,28.780000686645508,28.01000022888184,28.06999969482422,16.650571823120117,697800
ATO,2007-08-01,28.06999969482422,28.549999237060547,27.959999084472656,28.450000762939453,16.875980377197266,583600
ATO,2007-08-02,28.57999992370605,28.780000686645508,28.100000381469727,28.3700008392334,16.828521728515625,493900
ATO,2007-08-03,28.280000686645508,28.350000381469727,27.25,27.309999465942383,16.199750900268555,896500
ATO,2007-08-06,27.43000030517578,27.690000534057617,26.90999984741211,27.690000534057617,16.42516326904297,954600
ATO,2007-08-07,27.700000762939453,28.15999984741211,27.229999542236328,27.8799991607666,16.537864685058594,771700
ATO,2007-08-08,27.030000686645508,27.600000381469727,26.21999931335449,26.729999542236328,15.855706214904783,2031200
ATO,2007-08-09,26.13999938964844,26.57999992370605,23.8700008392334,26.46999931335449,15.70147705078125,2366700
ATO,2007-08-10,26.420000076293945,28.170000076293945,25.850000381469727,27.799999237060547,16.49041175842285,1305000
ATO,2007-08-13,28.0,28.190000534057617,27.3799991607666,27.420000076293945,16.26500129699707,989000
ATO,2007-08-14,27.32999992370605,27.71999931335449,26.979999542236328,27.01000022888184,16.021799087524414,402100
ATO,2007-08-15,26.790000915527344,27.59000015258789,26.57999992370605,26.690000534057617,15.831979751586914,529400
ATO,2007-08-16,26.690000534057617,27.0,26.0,26.850000381469727,15.926885604858398,998500
ATO,2007-08-17,27.31999969482422,27.5,26.65999984741211,27.229999542236328,16.152297973632812,783500
ATO,2007-08-20,27.21999931335449,27.530000686645508,26.88999938964844,27.350000381469727,16.223482131958008,417800
ATO,2007-08-21,27.38999938964844,27.76000022888184,27.21999931335449,27.479999542236328,16.30059242248535,344000
ATO,2007-08-22,27.600000381469727,27.700000762939453,27.229999542236328,27.56999969482422,16.353973388671875,303400
ATO,2007-08-23,27.350000381469727,27.61000061035156,27.100000381469727,27.350000381469727,16.413991928100586,384500
ATO,2007-08-24,27.350000381469727,27.84000015258789,27.299999237060547,27.84000015258789,16.708066940307617,316500
ATO,2007-08-27,28.68000030517578,28.89999961853028,27.709999084472656,27.850000381469727,16.714065551757812,613100
ATO,2007-08-28,27.89999961853028,28.13999938964844,27.520000457763672,27.530000686645508,16.522022247314453,430000
ATO,2007-08-29,27.84000015258789,28.11000061035156,27.459999084472656,27.979999542236328,16.792083740234375,466000
ATO,2007-08-30,27.989999771118164,28.559999465942383,27.84000015258789,27.90999984741211,16.750080108642578,897700
ATO,2007-08-31,28.31999969482422,28.32999992370605,27.8700008392334,28.11000061035156,16.87010383605957,666600
ATO,2007-09-04,28.290000915527344,28.459999084472656,28.13999938964844,28.15999984741211,16.90011215209961,425900
ATO,2007-09-05,28.1299991607666,28.15999984741211,27.690000534057617,27.920000076293945,16.756074905395508,484100
ATO,2007-09-06,27.93000030517578,28.020000457763672,27.559999465942383,27.82999992370605,16.702062606811523,541500
ATO,2007-09-07,27.82999992370605,27.82999992370605,27.38999938964844,27.540000915527344,16.52802085876465,379400
ATO,2007-09-10,27.520000457763672,27.770000457763672,27.280000686645508,27.68000030517578,16.612045288085938,711500
ATO,2007-09-11,27.739999771118164,28.21999931335449,27.520000457763672,28.200000762939453,16.924118041992188,711000
ATO,2007-09-12,28.299999237060547,28.57999992370605,28.059999465942383,28.1200008392334,16.8761043548584,709700
ATO,2007-09-13,28.200000762939453,28.239999771118164,27.68000030517578,27.76000022888184,16.660057067871094,542400
ATO,2007-09-14,27.600000381469727,27.65999984741211,27.38999938964844,27.59000015258789,16.558027267456055,408800
ATO,2007-09-17,27.459999084472656,27.600000381469727,27.31999969482422,27.420000076293945,16.456005096435547,188900
ATO,2007-09-18,27.43000030517578,27.8799991607666,27.31999969482422,27.8700008392334,16.726072311401367,404900
ATO,2007-09-19,27.88999938964844,28.32999992370605,27.88999938964844,28.18000030517578,16.9121150970459,392600
ATO,2007-09-20,28.14999961853028,28.299999237060547,28.06999969482422,28.229999542236328,16.942127227783203,361500
ATO,2007-09-21,28.5,28.549999237060547,28.170000076293945,28.299999237060547,16.984134674072266,365700
ATO,2007-09-24,28.299999237060547,28.440000534057617,28.200000762939453,28.31999969482422,16.996135711669922,278700
ATO,2007-09-25,28.32999992370605,28.3799991607666,28.14999961853028,28.25,16.95412826538086,285600
ATO,2007-09-26,28.420000076293945,28.64999961853028,28.350000381469727,28.5,17.104162216186523,208600
ATO,2007-09-27,28.709999084472656,28.729999542236328,28.39999961853028,28.440000534057617,17.068151473999023,283600
ATO,2007-09-28,28.520000457763672,28.6299991607666,28.18000030517578,28.31999969482422,16.996135711669922,346000
ATO,2007-10-01,28.479999542236328,28.979999542236328,28.459999084472656,28.920000076293945,17.35622787475586,367000
ATO,2007-10-02,28.8700008392334,28.96999931335449,28.68000030517578,28.82999992370605,17.30220603942871,356500
ATO,2007-10-03,28.920000076293945,29.06999969482422,28.64999961853028,28.920000076293945,17.35622787475586,359800
ATO,2007-10-04,29.0,29.06999969482422,28.809999465942383,29.0,17.404233932495117,321800
ATO,2007-10-05,29.01000022888184,29.280000686645508,28.950000762939453,29.280000686645508,17.572280883789062,448100
ATO,2007-10-08,29.34000015258789,29.46999931335449,29.1299991607666,29.170000076293945,17.50626564025879,203200
ATO,2007-10-09,29.290000915527344,29.440000534057617,29.15999984741211,29.440000534057617,17.668298721313477,283000
ATO,2007-10-10,29.459999084472656,29.459999084472656,29.07999992370605,29.31999969482422,17.596282958984375,274100
ATO,2007-10-11,29.479999542236328,29.600000381469727,29.280000686645508,29.459999084472656,17.680294036865234,375300
ATO,2007-10-12,29.489999771118164,29.6299991607666,29.270000457763672,29.3799991607666,17.63228988647461,331600
ATO,2007-10-15,29.3799991607666,29.3799991607666,28.65999984741211,28.850000381469727,17.314208984375,301400
ATO,2007-10-16,28.86000061035156,28.989999771118164,28.489999771118164,28.6299991607666,17.182178497314453,311500
ATO,2007-10-17,28.600000381469727,28.729999542236328,28.0,28.270000457763672,16.966129302978516,306300
ATO,2007-10-18,28.32999992370605,28.43000030517578,28.15999984741211,28.290000915527344,16.978130340576172,310000
ATO,2007-10-19,28.290000915527344,28.31999969482422,27.729999542236328,27.780000686645508,16.672060012817383,207600
ATO,2007-10-22,27.690000534057617,27.950000762939453,27.540000915527344,27.920000076293945,16.756074905395508,429900
ATO,2007-10-23,28.270000457763672,28.32999992370605,27.600000381469727,28.059999465942383,16.8400936126709,362700
ATO,2007-10-24,28.059999465942383,28.15999984741211,27.61000061035156,28.1200008392334,16.8761043548584,358100
ATO,2007-10-25,28.1200008392334,28.36000061035156,27.959999084472656,28.07999992370605,16.852096557617188,342700
ATO,2007-10-26,28.13999938964844,28.239999771118164,27.82999992370605,28.1200008392334,16.8761043548584,468800
ATO,2007-10-29,28.07999992370605,28.280000686645508,27.729999542236328,27.959999084472656,16.78008270263672,372200
ATO,2007-10-30,27.940000534057617,28.1299991607666,27.700000762939453,27.770000457763672,16.666057586669922,392400
ATO,2007-10-31,27.68000030517578,28.200000762939453,27.600000381469727,28.049999237060547,16.834089279174805,482300
ATO,2007-11-01,27.950000762939453,28.07999992370605,27.6200008392334,27.76000022888184,16.660057067871094,334500
ATO,2007-11-02,28.0,28.1299991607666,27.61000061035156,28.07999992370605,16.852096557617188,747500
ATO,2007-11-05,28.18000030517578,28.18000030517578,27.71999931335449,27.82999992370605,16.702062606811523,590500
ATO,2007-11-06,28.020000457763672,28.030000686645508,27.5,27.84000015258789,16.708066940307617,357700
ATO,2007-11-07,27.8700008392334,27.8700008392334,26.950000762939453,26.950000762939453,16.173934936523438,249100
ATO,2007-11-08,27.0,27.989999771118164,26.5,26.959999084472656,16.179929733276367,929400
ATO,2007-11-09,26.63999938964844,26.93000030517578,26.440000534057617,26.799999237060547,16.083908081054688,714600
ATO,2007-11-12,27.020000457763672,27.1200008392334,26.71999931335449,26.770000457763672,16.065916061401367,513300
ATO,2007-11-13,26.82999992370605,27.1200008392334,26.809999465942383,27.1200008392334,16.275959014892578,498000
ATO,2007-11-14,27.420000076293945,27.420000076293945,26.89999961853028,27.020000457763672,16.2159423828125,577100
ATO,2007-11-15,27.06999969482422,27.209999084472656,26.799999237060547,27.209999084472656,16.329971313476562,602800
ATO,2007-11-16,27.11000061035156,27.309999465942383,26.63999938964844,26.89999961853028,16.143930435180664,721000
ATO,2007-11-19,26.709999084472656,26.96999931335449,26.64999961853028,26.89999961853028,16.143930435180664,546200
ATO,2007-11-20,26.790000915527344,26.979999542236328,26.440000534057617,26.920000076293945,16.155929565429688,694300
ATO,2007-11-21,26.799999237060547,26.799999237060547,26.36000061035156,26.46999931335449,16.079992294311523,498000
ATO,2007-11-23,26.549999237060547,26.690000534057617,26.309999465942383,26.57999992370605,16.146821975708008,101600
ATO,2007-11-26,26.59000015258789,26.600000381469727,26.14999961853028,26.209999084472656,15.92205047607422,899800
ATO,2007-11-27,26.3700008392334,26.3700008392334,26.01000022888184,26.1299991607666,15.873457908630373,839600
ATO,2007-11-28,26.1299991607666,26.34000015258789,26.07999992370605,26.200000762939453,15.915974617004396,661200
ATO,2007-11-29,26.21999931335449,26.34000015258789,26.040000915527344,26.11000061035156,15.861302375793455,391300
ATO,2007-11-30,26.11000061035156,26.5,26.06999969482422,26.190000534057617,15.909900665283203,728400
ATO,2007-12-03,26.299999237060547,26.38999938964844,26.100000381469727,26.18000030517578,15.903831481933594,485300
ATO,2007-12-04,26.26000022888184,26.51000022888184,26.100000381469727,26.489999771118164,16.092140197753906,494500
ATO,2007-12-05,26.82999992370605,26.89999961853028,26.56999969482422,26.81999969482422,16.29261016845703,452100
ATO,2007-12-06,26.89999961853028,27.38999938964844,26.739999771118164,27.38999938964844,16.638874053955078,415900
ATO,2007-12-07,27.43000030517578,27.489999771118164,26.979999542236328,27.06999969482422,16.444482803344727,392300
ATO,2007-12-10,27.290000915527344,27.290000915527344,26.88999938964844,27.190000534057617,16.51738739013672,308800
ATO,2007-12-11,27.290000915527344,27.450000762939453,26.96999931335449,27.030000686645508,16.420183181762695,572400
ATO,2007-12-12,27.200000762939453,27.350000381469727,26.709999084472656,26.940000534057617,16.365516662597656,504400
ATO,2007-12-13,26.65999984741211,27.280000686645508,26.64999961853028,27.280000686645508,16.572057723999023,454300
ATO,2007-12-14,26.979999542236328,27.299999237060547,26.84000015258789,26.8799991607666,16.329063415527344,443900
ATO,2007-12-17,26.90999984741211,26.979999542236328,26.6299991607666,26.739999771118164,16.244016647338867,359200
ATO,2007-12-18,27.07999992370605,27.14999961853028,26.670000076293945,27.14999961853028,16.493080139160156,450600
ATO,2007-12-19,27.040000915527344,28.09000015258789,26.90999984741211,27.43000030517578,16.66317367553711,1133700
ATO,2007-12-20,27.46999931335449,28.0,27.46999931335449,28.0,17.00943946838379,681400
ATO,2007-12-21,28.0,28.64999961853028,27.809999465942383,28.64999961853028,17.404298782348633,885000
ATO,2007-12-24,28.520000457763672,28.82999992370605,28.309999465942383,28.76000022888184,17.47111701965332,371600
ATO,2007-12-26,28.709999084472656,28.709999084472656,28.26000022888184,28.38999938964844,17.24635887145996,348900
ATO,2007-12-27,28.440000534057617,28.479999542236328,28.06999969482422,28.209999084472656,17.137004852294922,281500
ATO,2007-12-28,28.25,28.3700008392334,28.100000381469727,28.100000381469727,17.070188522338867,319400
ATO,2007-12-31,28.14999961853028,28.190000534057617,27.82999992370605,28.040000915527344,17.033737182617188,268100
ATO,2008-01-02,28.040000915527344,28.18000030517578,27.739999771118164,27.950000762939453,16.97907066345215,409500
ATO,2008-01-03,27.93000030517578,28.170000076293945,27.709999084472656,27.790000915527344,16.881864547729492,541600
ATO,2008-01-04,27.600000381469727,27.88999938964844,27.600000381469727,27.670000076293945,16.808977127075195,415900
ATO,2008-01-07,27.86000061035156,28.14999961853028,27.709999084472656,27.940000534057617,16.972991943359375,378100
ATO,2008-01-08,28.09000015258789,28.290000915527344,27.950000762939453,28.0,17.00943946838379,471400
ATO,2008-01-09,27.850000381469727,28.170000076293945,27.790000915527344,28.170000076293945,17.112712860107422,617600
ATO,2008-01-10,27.950000762939453,28.34000015258789,27.75,28.020000457763672,17.021583557128906,576600
ATO,2008-01-11,27.850000381469727,27.979999542236328,27.46999931335449,27.850000381469727,16.91831398010254,647600
ATO,2008-01-14,27.920000076293945,28.31999969482422,27.6299991607666,27.8700008392334,16.930465698242188,890300
ATO,2008-01-15,27.84000015258789,27.89999961853028,27.299999237060547,27.559999465942383,16.74214744567871,688900
ATO,2008-01-16,27.64999961853028,27.81999969482422,27.350000381469727,27.600000381469727,16.766448974609375,556600
ATO,2008-01-17,27.65999984741211,27.850000381469727,27.280000686645508,27.36000061035156,16.620647430419922,834200
ATO,2008-01-18,27.459999084472656,27.459999084472656,26.700000762939453,26.920000076293945,16.353364944458008,900500
ATO,2008-01-22,26.13999938964844,27.170000076293945,26.0,26.90999984741211,16.3472900390625,1338900
ATO,2008-01-23,26.65999984741211,27.940000534057617,26.43000030517578,27.850000381469727,16.91831398010254,1035000
ATO,2008-01-24,28.030000686645508,28.1299991607666,27.559999465942383,27.559999465942383,16.74214744567871,1127800
ATO,2008-01-25,27.670000076293945,27.790000915527344,27.3799991607666,27.46999931335449,16.687471389770508,767600
ATO,2008-01-28,27.39999961853028,27.90999984741211,27.34000015258789,27.799999237060547,16.887939453125,869900
ATO,2008-01-29,27.799999237060547,28.459999084472656,27.799999237060547,28.31999969482422,17.20383071899414,739600
ATO,2008-01-30,28.350000381469727,28.850000381469727,28.020000457763672,28.25,17.161306381225586,870300
ATO,2008-01-31,28.11000061035156,28.84000015258789,27.959999084472656,28.739999771118164,17.458972930908203,723800
ATO,2008-02-01,28.709999084472656,29.290000915527344,28.6200008392334,28.959999084472656,17.592618942260742,730200
ATO,2008-02-04,28.81999969482422,29.11000061035156,28.68000030517578,28.90999984741211,17.56224250793457,694200
ATO,2008-02-05,28.82999992370605,28.82999992370605,28.209999084472656,28.32999992370605,17.209909439086914,659700
ATO,2008-02-06,28.700000762939453,28.700000762939453,27.520000457763672,27.6299991607666,16.78466796875,771800
ATO,2008-02-07,27.59000015258789,27.780000686645508,27.21999931335449,27.459999084472656,16.681398391723633,597200
ATO,2008-02-08,27.5,27.739999771118164,27.36000061035156,27.51000022888184,16.71177101135254,504300
ATO,2008-02-11,27.540000915527344,28.0,27.170000076293945,27.959999084472656,16.985139846801758,715400
ATO,2008-02-12,27.96999931335449,27.96999931335449,27.43000030517578,27.6299991607666,16.78466796875,592200
ATO,2008-02-13,27.61000061035156,27.850000381469727,27.479999542236328,27.51000022888184,16.71177101135254,381100
ATO,2008-02-14,27.420000076293945,27.64999961853028,27.13999938964844,27.239999771118164,16.54775047302246,548700
ATO,2008-02-15,27.239999771118164,27.239999771118164,26.809999465942383,27.040000915527344,16.42625617980957,620500
ATO,2008-02-19,27.170000076293945,27.450000762939453,27.06999969482422,27.229999542236328,16.54167938232422,616200
ATO,2008-02-20,27.14999961853028,27.68000030517578,27.09000015258789,27.64999961853028,16.79681968688965,495300
ATO,2008-02-21,27.440000534057617,27.440000534057617,26.790000915527344,26.850000381469727,16.504833221435547,821200
ATO,2008-02-22,26.86000061035156,26.950000762939453,26.530000686645508,26.71999931335449,16.424924850463867,519000
ATO,2008-02-25,26.8700008392334,27.209999084472656,26.670000076293945,27.06999969482422,16.640073776245117,363900
ATO,2008-02-26,26.959999084472656,27.1299991607666,26.8700008392334,27.1299991607666,16.67695426940918,400600
ATO,2008-02-27,26.86000061035156,27.1200008392334,26.700000762939453,26.739999771118164,16.437219619750977,285200
ATO,2008-02-28,26.57999992370605,26.700000762939453,26.32999992370605,26.61000061035156,16.357309341430664,412500
ATO,2008-02-29,26.51000022888184,26.59000015258789,25.84000015258789,26.0,15.982338905334473,486600
ATO,2008-03-03,26.07999992370605,26.26000022888184,25.809999465942383,26.06999969482422,16.02536392211914,551300
ATO,2008-03-04,25.89999961853028,26.39999961853028,25.8799991607666,26.34000015258789,16.19133949279785,516700
ATO,2008-03-05,26.520000457763672,26.520000457763672,26.06999969482422,26.239999771118164,16.129867553710938,482300
ATO,2008-03-06,26.1200008392334,26.229999542236328,25.770000457763672,25.8700008392334,15.902432441711426,378500
ATO,2008-03-07,25.71999931335449,26.0,25.520000457763672,25.780000686645508,15.847102165222168,636300
ATO,2008-03-10,25.700000762939453,25.90999984741211,25.549999237060547,25.600000381469727,15.736454010009766,614600
ATO,2008-03-11,26.100000381469727,26.21999931335449,25.64999961853028,26.030000686645508,16.000776290893555,772800
ATO,2008-03-12,25.979999542236328,26.21999931335449,25.670000076293945,25.670000076293945,15.779483795166016,374400
ATO,2008-03-13,25.5,26.030000686645508,25.5,25.850000381469727,15.890127182006836,747200
ATO,2008-03-14,25.8700008392334,26.06999969482422,25.51000022888184,25.89999961853028,15.92086410522461,732500
ATO,2008-03-17,25.89999961853028,25.89999961853028,25.299999237060547,25.61000061035156,15.742603302001951,808200
ATO,2008-03-18,25.81999969482422,25.89999961853028,25.440000534057617,25.68000030517578,15.78563404083252,680200
ATO,2008-03-19,25.920000076293945,26.0,25.280000686645508,25.280000686645508,15.539752006530762,454400
ATO,2008-03-20,25.299999237060547,25.530000686645508,25.13999938964844,25.21999931335449,15.502862930297852,573300
ATO,2008-03-24,25.40999984741211,25.57999992370605,25.11000061035156,25.11000061035156,15.43524932861328,676700
ATO,2008-03-25,25.14999961853028,25.290000915527344,25.0,25.100000381469727,15.429102897644045,622400
ATO,2008-03-26,25.059999465942383,25.36000061035156,25.01000022888184,25.239999771118164,15.515166282653809,665500
ATO,2008-03-27,25.459999084472656,25.59000015258789,25.200000762939453,25.299999237060547,15.552044868469238,541400
ATO,2008-03-28,25.450000762939453,25.56999969482422,25.020000457763672,25.09000015258789,15.422956466674805,335800
ATO,2008-03-31,25.09000015258789,25.56999969482422,25.059999465942383,25.5,15.674988746643066,532400
ATO,2008-04-01,25.75,26.270000457763672,25.549999237060547,26.270000457763672,16.14830780029297,456700
ATO,2008-04-02,26.38999938964844,26.84000015258789,26.1299991607666,26.780000686645508,16.461807250976562,499200
ATO,2008-04-03,26.88999938964844,26.979999542236328,26.61000061035156,26.71999931335449,16.424924850463867,554600
ATO,2008-04-04,26.82999992370605,27.0,26.43000030517578,26.440000534057617,16.2528018951416,406600
ATO,2008-04-07,26.59000015258789,26.989999771118164,26.540000915527344,26.81999969482422,16.486392974853516,253900
ATO,2008-04-08,26.56999969482422,26.670000076293945,26.34000015258789,26.40999984741211,16.234371185302734,537300
ATO,2008-04-09,26.350000381469727,26.670000076293945,26.18000030517578,26.25,16.13600730895996,444800
ATO,2008-04-10,26.14999961853028,26.200000762939453,26.0,26.049999237060547,16.013071060180664,259300
ATO,2008-04-11,26.0,26.1299991607666,25.770000457763672,25.809999465942383,15.8655424118042,435800
ATO,2008-04-14,25.809999465942383,26.0,25.739999771118164,25.82999992370605,15.87783908843994,372700
ATO,2008-04-15,25.809999465942383,26.299999237060547,25.809999465942383,26.299999237060547,16.166748046875,332000
ATO,2008-04-16,26.3700008392334,27.1200008392334,26.36000061035156,27.06999969482422,16.640073776245117,451700
ATO,2008-04-17,27.020000457763672,27.25,26.89999961853028,27.11000061035156,16.664663314819336,226300
ATO,2008-04-18,27.200000762939453,27.36000061035156,27.09000015258789,27.36000061035156,16.81833839416504,325800
ATO,2008-04-21,27.290000915527344,27.350000381469727,26.88999938964844,27.01000022888184,16.60318946838379,201100
ATO,2008-04-22,26.89999961853028,27.0,26.65999984741211,26.809999465942383,16.48025131225586,294200
ATO,2008-04-23,26.790000915527344,27.3799991607666,26.700000762939453,27.309999465942383,16.7876033782959,671500
ATO,2008-04-24,27.459999084472656,28.020000457763672,27.190000534057617,27.63999938964844,16.99045181274414,993600
ATO,2008-04-25,27.64999961853028,27.979999542236328,27.64999961853028,27.8799991607666,17.137983322143555,262200
ATO,2008-04-28,28.020000457763672,28.100000381469727,27.790000915527344,28.06999969482422,17.25477409362793,288400
ATO,2008-04-29,27.93000030517578,28.270000457763672,27.729999542236328,27.940000534057617,17.17486572265625,330000
ATO,2008-04-30,28.0,28.170000076293945,27.56999969482422,27.68000030517578,17.015045166015625,385200
ATO,2008-05-01,27.799999237060547,28.170000076293945,27.690000534057617,28.100000381469727,17.273216247558594,449300
ATO,2008-05-02,28.200000762939453,28.420000076293945,27.739999771118164,27.96999931335449,17.19330406188965,532100
ATO,2008-05-05,27.8700008392334,28.57999992370605,27.82999992370605,28.440000534057617,17.48221778869629,562500
ATO,2008-05-06,28.299999237060547,28.59000015258789,28.26000022888184,28.43000030517578,17.4760684967041,368600
ATO,2008-05-07,28.489999771118164,28.6299991607666,27.89999961853028,27.89999961853028,17.15027618408203,526000
ATO,2008-05-08,27.89999961853028,27.89999961853028,27.43000030517578,27.64999961853028,16.996601104736328,670900
ATO,2008-05-09,27.6200008392334,27.920000076293945,27.6200008392334,27.86000061035156,17.12568473815918,458700
ATO,2008-05-12,28.0,28.049999237060547,27.86000061035156,27.979999542236328,17.19945526123047,351300
ATO,2008-05-13,27.8700008392334,28.200000762939453,27.739999771118164,28.1299991607666,17.291658401489258,364100
ATO,2008-05-14,28.07999992370605,28.600000381469727,28.030000686645508,28.540000915527344,17.54368782043457,257500
ATO,2008-05-15,28.6200008392334,28.63999938964844,28.270000457763672,28.34000015258789,17.420747756958008,187900
ATO,2008-05-16,28.459999084472656,28.57999992370605,28.15999984741211,28.280000686645508,17.38387107849121,260700
ATO,2008-05-19,28.14999961853028,28.39999961853028,27.979999542236328,28.209999084472656,17.34083366394043,437600
ATO,2008-05-20,28.15999984741211,28.38999938964844,27.96999931335449,28.049999237060547,17.24247932434082,400800
ATO,2008-05-21,28.040000915527344,28.479999542236328,27.950000762939453,28.020000457763672,17.22403907775879,460100
ATO,2008-05-22,27.76000022888184,27.81999969482422,27.18000030517578,27.530000686645508,17.121423721313477,642800
ATO,2008-05-23,27.5,27.68000030517578,27.170000076293945,27.309999465942383,16.984603881835938,324600
ATO,2008-05-27,27.25,27.600000381469727,27.170000076293945,27.540000915527344,17.127641677856445,303300
ATO,2008-05-28,27.68000030517578,27.75,27.489999771118164,27.559999465942383,17.14008140563965,301400
ATO,2008-05-29,27.40999984741211,27.709999084472656,27.31999969482422,27.39999961853028,17.040578842163086,353900
ATO,2008-05-30,27.40999984741211,27.57999992370605,27.13999938964844,27.38999938964844,17.034353256225586,523300
ATO,2008-06-02,27.43000030517578,27.43000030517578,27.040000915527344,27.15999984741211,16.891315460205078,522000
ATO,2008-06-03,27.229999542236328,27.25,27.0,27.059999465942383,16.82912826538086,273700
ATO,2008-06-04,27.100000381469727,27.40999984741211,26.940000534057617,27.21999931335449,16.928632736206055,355600
ATO,2008-06-05,27.46999931335449,27.479999542236328,27.06999969482422,27.40999984741211,17.046794891357422,274600
ATO,2008-06-06,27.26000022888184,27.36000061035156,27.059999465942383,27.059999465942383,16.82912826538086,280400
ATO,2008-06-09,27.059999465942383,27.290000915527344,27.01000022888184,27.14999961853028,16.885093688964844,250000
ATO,2008-06-10,27.270000457763672,27.270000457763672,26.81999969482422,27.049999237060547,16.82290267944336,372300
ATO,2008-06-11,27.06999969482422,27.25,26.84000015258789,26.850000381469727,16.698522567749023,308900
ATO,2008-06-12,26.86000061035156,27.01000022888184,26.39999961853028,26.549999237060547,16.511940002441406,737900
ATO,2008-06-13,26.59000015258789,26.739999771118164,26.309999465942383,26.43000030517578,16.437318801879883,256100
ATO,2008-06-16,26.309999465942383,26.709999084472656,26.309999465942383,26.670000076293945,16.586572647094727,246200
ATO,2008-06-17,26.729999542236328,26.979999542236328,26.670000076293945,26.8799991607666,16.717182159423828,265100
ATO,2008-06-18,26.84000015258789,27.34000015258789,26.81999969482422,27.31999969482422,16.990821838378906,508700
ATO,2008-06-19,27.21999931335449,27.6200008392334,27.18000030517578,27.440000534057617,17.065454483032227,459600
ATO,2008-06-20,27.5,27.64999961853028,27.059999465942383,27.200000762939453,16.916194915771484,472900
ATO,2008-06-23,27.21999931335449,27.84000015258789,27.21999931335449,27.670000076293945,17.208492279052734,235500
ATO,2008-06-24,27.600000381469727,27.600000381469727,27.21999931335449,27.280000686645508,16.9659423828125,290700
ATO,2008-06-25,27.43000030517578,27.559999465942383,27.21999931335449,27.440000534057617,17.065454483032227,300800
ATO,2008-06-26,27.280000686645508,27.489999771118164,27.06999969482422,27.07999992370605,16.841564178466797,324900
ATO,2008-06-27,27.190000534057617,27.299999237060547,26.799999237060547,26.799999237060547,16.66742515563965,580800
ATO,2008-06-30,26.75,27.700000762939453,26.700000762939453,27.56999969482422,17.14630126953125,501000
ATO,2008-07-01,27.26000022888184,27.799999237060547,27.26000022888184,27.75,17.25823974609375,682400
ATO,2008-07-02,27.729999542236328,28.0,27.64999961853028,27.729999542236328,17.245803833007812,381200
ATO,2008-07-03,27.71999931335449,27.82999992370605,27.11000061035156,27.209999084472656,16.922407150268555,178100
ATO,2008-07-07,27.170000076293945,27.25,26.46999931335449,26.64999961853028,16.574134826660156,321400
ATO,2008-07-08,26.6200008392334,26.799999237060547,26.299999237060547,26.57999992370605,16.530603408813477,458400
ATO,2008-07-09,26.489999771118164,26.88999938964844,26.489999771118164,26.71999931335449,16.61766815185547,475100
ATO,2008-07-10,26.75,26.950000762939453,26.559999465942383,26.780000686645508,16.654983520507812,317900
ATO,2008-07-11,26.46999931335449,26.8799991607666,26.01000022888184,26.68000030517578,16.592796325683594,374300
ATO,2008-07-14,26.75,26.82999992370605,26.13999938964844,26.26000022888184,16.331586837768555,611100
ATO,2008-07-15,26.040000915527344,26.3700008392334,25.90999984741211,26.01000022888184,16.176103591918945,306200
ATO,2008-07-16,26.020000457763672,26.229999542236328,25.68000030517578,25.81999969482422,16.05794334411621,358100
ATO,2008-07-17,25.799999237060547,25.8700008392334,25.25,25.489999771118164,15.85270881652832,406100
ATO,2008-07-18,25.030000686645508,25.93000030517578,25.0,25.51000022888184,15.86514663696289,394300
ATO,2008-07-21,25.540000915527344,25.68000030517578,25.3700008392334,25.51000022888184,15.86514663696289,330600
ATO,2008-07-22,25.479999542236328,25.809999465942383,25.440000534057617,25.75,16.0144100189209,497200
ATO,2008-07-23,25.75,26.059999465942383,25.530000686645508,26.01000022888184,16.176103591918945,508700
ATO,2008-07-24,26.01000022888184,26.190000534057617,25.700000762939453,25.950000762939453,16.138797760009766,400700
ATO,2008-07-25,25.8700008392334,26.13999938964844,25.700000762939453,25.770000457763672,16.02684211730957,206500
ATO,2008-07-28,25.68000030517578,25.96999931335449,25.6200008392334,25.88999938964844,16.101484298706055,412200
ATO,2008-07-29,25.780000686645508,25.979999542236328,25.57999992370605,25.63999938964844,15.945996284484863,577700
ATO,2008-07-30,25.729999542236328,26.39999961853028,25.6299991607666,26.350000381469727,16.387561798095703,327900
ATO,2008-07-31,26.43000030517578,26.540000915527344,26.14999961853028,26.46999931335449,16.462188720703125,471400
ATO,2008-08-01,26.59000015258789,26.64999961853028,26.36000061035156,26.450000762939453,16.44975471496582,435000
ATO,2008-08-04,26.34000015258789,26.479999542236328,26.15999984741211,26.21999931335449,16.30671501159668,237800
ATO,2008-08-05,26.239999771118164,27.020000457763672,26.100000381469727,27.020000457763672,16.804244995117188,396000
ATO,2008-08-06,27.100000381469727,27.18000030517578,25.61000061035156,26.979999542236328,16.77937126159668,402000
ATO,2008-08-07,26.84000015258789,26.96999931335449,26.450000762939453,26.56999969482422,16.52437973022461,776300
ATO,2008-08-08,26.61000061035156,26.700000762939453,26.3799991607666,26.700000762939453,16.605234146118164,494200
ATO,2008-08-11,26.489999771118164,27.100000381469727,26.13999938964844,27.07999992370605,16.841564178466797,582600
ATO,2008-08-12,27.059999465942383,27.100000381469727,26.59000015258789,26.71999931335449,16.61766815185547,703000
ATO,2008-08-13,26.68000030517578,26.8700008392334,26.549999237060547,26.799999237060547,16.66742515563965,323800
ATO,2008-08-14,26.670000076293945,26.75,26.459999084472656,26.709999084472656,16.611448287963867,240500
ATO,2008-08-15,26.64999961853028,26.780000686645508,26.51000022888184,26.690000534057617,16.599016189575195,199200
ATO,2008-08-18,26.81999969482422,27.209999084472656,26.81999969482422,27.190000534057617,16.909969329833984,354800
ATO,2008-08-19,27.030000686645508,27.46999931335449,27.0,27.420000076293945,17.05301284790039,402200
ATO,2008-08-20,27.420000076293945,27.59000015258789,27.299999237060547,27.540000915527344,17.127641677856445,444400
ATO,2008-08-21,27.1299991607666,27.36000061035156,27.030000686645508,27.049999237060547,17.023801803588867,300700
ATO,2008-08-22,27.049999237060547,27.18000030517578,26.790000915527344,26.850000381469727,16.897933959960938,315100
ATO,2008-08-25,26.700000762939453,26.920000076293945,26.489999771118164,26.690000534057617,16.797239303588867,230600
ATO,2008-08-26,26.56999969482422,27.15999984741211,26.56999969482422,27.040000915527344,17.01750946044922,253400
ATO,2008-08-27,27.1200008392334,27.51000022888184,27.040000915527344,27.40999984741211,17.250370025634766,219000
ATO,2008-08-28,27.39999961853028,27.6299991607666,27.059999465942383,27.61000061035156,17.37624168395996,287100
ATO,2008-08-29,27.600000381469727,27.799999237060547,27.32999992370605,27.540000915527344,17.33218002319336,277000
ATO,2008-09-02,27.809999465942383,27.809999465942383,27.31999969482422,27.5,17.3070068359375,424600
ATO,2008-09-03,27.440000534057617,27.780000686645508,27.049999237060547,27.270000457763672,17.16225814819336,356200
ATO,2008-09-04,27.06999969482422,27.1200008392334,26.63999938964844,26.739999771118164,16.828704833984375,473300
ATO,2008-09-05,26.56999969482422,26.71999931335449,26.059999465942383,26.459999084472656,16.652490615844727,786300
ATO,2008-09-08,25.6200008392334,26.790000915527344,25.6200008392334,26.51000022888184,16.683958053588867,642300
ATO,2008-09-09,26.350000381469727,26.59000015258789,26.11000061035156,26.1200008392334,16.438512802124023,447900
ATO,2008-09-10,26.26000022888184,26.450000762939453,25.950000762939453,26.3700008392334,16.59585189819336,523700
ATO,2008-09-11,26.1299991607666,26.88999938964844,26.1299991607666,26.86000061035156,16.904226303100586,815500
ATO,2008-09-12,26.729999542236328,27.549999237060547,26.709999084472656,27.450000762939453,17.275543212890625,501700
ATO,2008-09-15,26.770000457763672,27.31999969482422,26.450000762939453,26.46999931335449,16.65877914428711,594000
ATO,2008-09-16,26.059999465942383,26.6200008392334,25.520000457763672,26.56999969482422,16.721710205078125,751400
ATO,2008-09-17,26.309999465942383,26.40999984741211,25.799999237060547,25.86000061035156,16.274883270263672,625500
ATO,2008-09-18,26.21999931335449,28.51000022888184,25.770000457763672,28.25,17.779014587402344,1354500
ATO,2008-09-19,28.5,28.65999984741211,25.82999992370605,28.100000381469727,17.684614181518555,708700
ATO,2008-09-22,27.89999961853028,28.190000534057617,26.850000381469727,27.09000015258789,17.04897689819336,781600
ATO,2008-09-23,27.11000061035156,27.31999969482422,26.450000762939453,26.84000015258789,16.891647338867188,321700
ATO,2008-09-24,27.07999992370605,27.239999771118164,26.309999465942383,27.11000061035156,17.061561584472656,634200
ATO,2008-09-25,27.13999938964844,27.479999542236328,26.90999984741211,27.209999084472656,17.124492645263672,343400
ATO,2008-09-26,27.209999084472656,27.520000457763672,26.799999237060547,27.459999084472656,17.281829833984375,296000
ATO,2008-09-29,27.059999465942383,27.059999465942383,25.90999984741211,26.309999465942383,16.558088302612305,387300
ATO,2008-09-30,26.63999938964844,26.729999542236328,25.950000762939453,26.6200008392334,16.753183364868164,364700
ATO,2008-10-01,26.309999465942383,27.450000762939453,26.26000022888184,27.3700008392334,17.225189208984375,308000
ATO,2008-10-02,27.239999771118164,28.09000015258789,27.049999237060547,27.8799991607666,17.546159744262695,574000
ATO,2008-10-03,27.979999542236328,28.25,27.6200008392334,27.6200008392334,17.38252830505371,696200
ATO,2008-10-06,27.170000076293945,28.209999084472656,26.5,27.479999542236328,17.29440689086914,989400
ATO,2008-10-07,27.57999992370605,28.209999084472656,26.81999969482422,26.850000381469727,16.897933959960938,919400
ATO,2008-10-08,26.40999984741211,26.65999984741211,25.170000076293945,25.6200008392334,16.123838424682617,639000
ATO,2008-10-09,25.540000915527344,25.709999084472656,22.31999969482422,22.31999969482422,14.046998023986816,1011500
ATO,2008-10-10,21.21999931335449,22.309999465942383,19.68000030517578,21.170000076293945,13.32324504852295,1086600
ATO,2008-10-13,21.790000915527344,23.1200008392334,21.75,23.1200008392334,14.550474166870115,873500
ATO,2008-10-14,23.959999084472656,24.3799991607666,23.0,24.07999992370605,15.15464687347412,1034500
ATO,2008-10-15,23.75,23.989999771118164,21.57999992370605,21.61000061035156,13.600163459777832,1019600
ATO,2008-10-16,21.64999961853028,22.059999465942383,20.559999465942383,21.950000762939453,13.814138412475586,1421300
ATO,2008-10-17,21.600000381469727,22.299999237060547,21.31999969482422,21.559999465942383,13.568696022033691,1079900
ATO,2008-10-20,21.84000015258789,22.84000015258789,21.5,22.84000015258789,14.374256134033203,840800
ATO,2008-10-21,22.709999084472656,23.11000061035156,22.14999961853028,22.51000022888184,14.166571617126465,712400
ATO,2008-10-22,22.65999984741211,22.65999984741211,21.600000381469727,22.299999237060547,14.034414291381836,719500
ATO,2008-10-23,22.51000022888184,23.0,21.21999931335449,22.459999084472656,14.135104179382324,735000
ATO,2008-10-24,21.040000915527344,22.57999992370605,20.8700008392334,22.11000061035156,13.914831161499023,525200
ATO,2008-10-27,21.64999961853028,22.38999938964844,21.21999931335449,21.479999542236328,13.518345832824709,491700
ATO,2008-10-28,21.959999084472656,23.1200008392334,21.40999984741211,23.020000457763672,14.487541198730469,443200
ATO,2008-10-29,22.93000030517578,23.64999961853028,22.65999984741211,23.200000762939453,14.600824356079102,779000
ATO,2008-10-30,23.11000061035156,23.920000076293945,23.0,23.920000076293945,15.053953170776367,615600
ATO,2008-10-31,23.90999984741211,24.440000534057617,23.489999771118164,24.270000457763672,15.274221420288086,692400
ATO,2008-11-03,23.86000061035156,24.43000030517578,23.6200008392334,23.82999992370605,14.997307777404783,1037200
ATO,2008-11-04,24.309999465942383,24.729999542236328,23.5,23.700000762939453,14.91549301147461,910800
ATO,2008-11-05,23.530000686645508,24.1200008392334,23.5,23.57999992370605,14.83996868133545,1848000
ATO,2008-11-06,23.450000762939453,23.82999992370605,22.799999237060547,23.170000076293945,14.58194065093994,575600
ATO,2008-11-07,23.15999984741211,23.989999771118164,23.15999984741211,23.59000015258789,14.84626579284668,450700
ATO,2008-11-10,23.84000015258789,24.049999237060547,23.59000015258789,23.88999938964844,15.035069465637209,488700
ATO,2008-11-11,23.540000915527344,24.01000022888184,23.0,23.280000686645508,14.65117359161377,693100
ATO,2008-11-12,23.770000457763672,23.88999938964844,23.030000686645508,23.209999084472656,14.607114791870115,944800
ATO,2008-11-13,23.09000015258789,23.770000457763672,22.709999084472656,23.5,14.789628982543944,2191700
ATO,2008-11-14,23.299999237060547,23.36000061035156,22.26000022888184,22.31999969482422,14.046998023986816,1968300
ATO,2008-11-17,22.32999992370605,24.09000015258789,22.280000686645508,23.82999992370605,14.997307777404783,1653600
ATO,2008-11-18,23.489999771118164,24.229999542236328,22.790000915527344,23.809999465942383,14.984719276428224,736000
ATO,2008-11-19,23.920000076293945,24.600000381469727,23.38999938964844,23.479999542236328,14.777033805847168,830500
ATO,2008-11-20,23.559999465942383,25.11000061035156,23.39999961853028,23.489999771118164,14.783332824707031,1878500
ATO,2008-11-21,23.32999992370605,24.07999992370605,22.3700008392334,24.030000686645508,15.338667869567873,1238800
ATO,2008-11-24,24.489999771118164,25.229999542236328,23.90999984741211,24.84000015258789,15.855698585510254,774700
ATO,2008-11-25,25.01000022888184,25.06999969482422,23.709999084472656,24.01000022888184,15.325899124145508,1293400
ATO,2008-11-26,23.799999237060547,24.700000762939453,23.3700008392334,24.489999771118164,15.63228988647461,697100
ATO,2008-11-28,24.64999961853028,24.96999931335449,24.059999465942383,24.93000030517578,15.913140296936035,381000
ATO,2008-12-01,24.600000381469727,24.96999931335449,23.170000076293945,23.200000762939453,14.80886459350586,538600
ATO,2008-12-02,23.39999961853028,23.770000457763672,22.6200008392334,23.239999771118164,14.834396362304688,759500
ATO,2008-12-03,23.299999237060547,24.020000457763672,23.11000061035156,23.90999984741211,15.262064933776855,420200
ATO,2008-12-04,23.68000030517578,23.989999771118164,22.709999084472656,23.14999961853028,14.77695083618164,636500
ATO,2008-12-05,22.989999771118164,24.200000762939453,22.51000022888184,24.059999465942383,15.35781478881836,692100
ATO,2008-12-08,24.21999931335449,24.39999961853028,22.809999465942383,22.920000076293945,14.630135536193848,902000
ATO,2008-12-09,22.950000762939453,23.31999969482422,22.3799991607666,22.5,14.362048149108888,782800
ATO,2008-12-10,22.6200008392334,22.96999931335449,22.280000686645508,22.38999938964844,14.291827201843262,767100
ATO,2008-12-11,22.39999961853028,22.90999984741211,21.979999542236328,22.61000061035156,14.432262420654297,961200
ATO,2008-12-12,22.18000030517578,23.690000534057617,22.049999237060547,23.46999931335449,14.98121166229248,763900
ATO,2008-12-15,23.479999542236328,23.530000686645508,22.68000030517578,23.049999237060547,14.713116645812988,579600
ATO,2008-12-16,23.06999969482422,23.530000686645508,22.799999237060547,23.5,15.000360488891602,711000
ATO,2008-12-17,23.299999237060547,23.71999931335449,23.11000061035156,23.280000686645508,14.859923362731934,559800
ATO,2008-12-18,23.280000686645508,23.600000381469727,23.0,23.26000022888184,14.84716510772705,821100
ATO,2008-12-19,23.209999084472656,23.809999465942383,23.11000061035156,23.170000076293945,14.789714813232422,679400
ATO,2008-12-22,23.290000915527344,23.63999938964844,22.86000061035156,23.63999938964844,15.089722633361816,617300
ATO,2008-12-23,23.96999931335449,24.0,23.200000762939453,23.280000686645508,14.859923362731934,475900
ATO,2008-12-24,23.479999542236328,23.549999237060547,23.170000076293945,23.43000030517578,14.955677032470703,105000
ATO,2008-12-26,23.65999984741211,23.68000030517578,23.350000381469727,23.56999969482422,15.045036315917969,163700
ATO,2008-12-29,23.700000762939453,23.709999084472656,23.07999992370605,23.31999969482422,14.88546371459961,287000
ATO,2008-12-30,23.31999969482422,23.729999542236328,23.170000076293945,23.729999542236328,15.147171974182127,462700
ATO,2008-12-31,23.90999984741211,23.920000076293945,23.229999542236328,23.700000762939453,15.12802505493164,674500
ATO,2009-01-02,23.709999084472656,24.26000022888184,23.709999084472656,24.15999984741211,15.421646118164062,277500
ATO,2009-01-05,24.170000076293945,24.170000076293945,23.61000061035156,23.950000762939453,15.287598609924316,541900
ATO,2009-01-06,24.190000534057617,24.46999931335449,23.850000381469727,24.040000915527344,15.345044136047363,535200
ATO,2009-01-07,24.0,24.32999992370605,23.700000762939453,23.81999969482422,15.204615592956545,469400
ATO,2009-01-08,23.36000061035156,23.88999938964844,23.36000061035156,23.64999961853028,15.096104621887209,558200
ATO,2009-01-09,23.63999938964844,24.13999938964844,23.200000762939453,23.950000762939453,15.287598609924316,637500
ATO,2009-01-12,23.940000534057617,24.170000076293945,23.76000022888184,24.1200008392334,15.396113395690918,387900
ATO,2009-01-13,24.0,24.21999931335449,23.75,23.979999542236328,15.306750297546388,561300
ATO,2009-01-14,23.920000076293945,24.020000457763672,23.520000457763672,23.770000457763672,15.172700881958008,334000
ATO,2009-01-15,23.809999465942383,23.90999984741211,23.290000915527344,23.90999984741211,15.262064933776855,634500
ATO,2009-01-16,23.920000076293945,24.56999969482422,23.920000076293945,24.43000030517578,15.593989372253418,747700
ATO,2009-01-20,24.299999237060547,24.5,23.51000022888184,23.56999969482422,15.045036315917969,440900
ATO,2009-01-21,23.549999237060547,24.170000076293945,23.350000381469727,24.1299991607666,15.402494430541992,627000
ATO,2009-01-22,23.940000534057617,24.190000534057617,23.3799991607666,23.82999992370605,15.211000442504885,586200
ATO,2009-01-23,23.479999542236328,24.049999237060547,23.420000076293945,23.920000076293945,15.26844596862793,536100
ATO,2009-01-26,23.940000534057617,24.530000686645508,23.940000534057617,24.31999969482422,15.523773193359377,490100
ATO,2009-01-27,24.51000022888184,24.90999984741211,24.1299991607666,24.690000534057617,15.7599515914917,376000
ATO,2009-01-28,24.790000915527344,24.989999771118164,24.540000915527344,24.84000015258789,15.855698585510254,556900
ATO,2009-01-29,24.549999237060547,25.07999992370605,24.530000686645508,24.790000915527344,15.823782920837402,518100
ATO,2009-01-30,25.01000022888184,25.21999931335449,24.5,24.549999237060547,15.670588493347168,706800
ATO,2009-02-02,24.43000030517578,25.299999237060547,24.239999771118164,25.049999237060547,15.989747047424316,640400
ATO,2009-02-03,25.200000762939453,25.26000022888184,24.700000762939453,24.88999938964844,15.887613296508787,550400
ATO,2009-02-04,24.89999961853028,25.11000061035156,24.1299991607666,24.6299991607666,15.721650123596191,687600
ATO,2009-02-05,24.43000030517578,25.57999992370605,24.36000061035156,25.39999961853028,16.213146209716797,810900
ATO,2009-02-06,25.34000015258789,26.0,25.190000534057617,25.950000762939453,16.56422233581543,542500
ATO,2009-02-09,25.979999542236328,25.979999542236328,25.479999542236328,25.89999961853028,16.532312393188477,374100
ATO,2009-02-10,25.809999465942383,26.170000076293945,25.559999465942383,25.670000076293945,16.385496139526367,707400
ATO,2009-02-11,25.690000534057617,25.75,25.07999992370605,25.239999771118164,16.111024856567383,494400
ATO,2009-02-12,25.309999465942383,25.5,24.670000076293945,25.39999961853028,16.213146209716797,510200
ATO,2009-02-13,25.239999771118164,25.5,25.09000015258789,25.190000534057617,16.07910919189453,403600
ATO,2009-02-17,25.100000381469727,25.1299991607666,24.270000457763672,24.350000381469727,15.542928695678713,695000
ATO,2009-02-18,24.270000457763672,24.450000762939453,23.799999237060547,23.920000076293945,15.26844596862793,505300
ATO,2009-02-19,23.850000381469727,24.229999542236328,23.850000381469727,23.959999084472656,15.293983459472656,412700
ATO,2009-02-20,23.530000686645508,24.0,22.81999969482422,23.309999465942383,14.879074096679688,595900
ATO,2009-02-23,23.3799991607666,23.43000030517578,22.540000915527344,22.6200008392334,14.645992279052734,479900
ATO,2009-02-24,22.65999984741211,22.84000015258789,22.229999542236328,22.51000022888184,14.574758529663086,756400
ATO,2009-02-25,22.420000076293945,22.93000030517578,22.040000915527344,22.520000457763672,14.581235885620115,921600
ATO,2009-02-26,22.809999465942383,22.93000030517578,22.170000076293945,22.190000534057617,14.36756706237793,548600
ATO,2009-02-27,21.989999771118164,22.299999237060547,21.540000915527344,21.82999992370605,14.134481430053713,1028000
ATO,2009-03-02,21.489999771118164,21.850000381469727,21.01000022888184,21.100000381469727,13.661815643310549,518700
ATO,2009-03-03,21.3700008392334,21.3700008392334,20.15999984741211,20.239999771118164,13.104987144470217,957000
ATO,2009-03-04,20.32999992370605,21.38999938964844,20.21999931335449,20.989999771118164,13.590594291687012,721600
ATO,2009-03-05,20.84000015258789,20.920000076293945,20.11000061035156,20.200000762939453,13.079084396362305,599800
ATO,2009-03-06,20.36000061035156,20.950000762939453,20.1299991607666,20.729999542236328,13.422243118286133,994700
ATO,2009-03-09,20.5,20.64999961853028,20.06999969482422,20.239999771118164,13.104987144470217,862700
ATO,2009-03-10,20.64999961853028,21.440000534057617,20.549999237060547,21.15999984741211,13.700666427612305,965100
ATO,2009-03-11,21.26000022888184,21.450000762939453,20.82999992370605,20.8799991607666,13.519371032714844,562600
ATO,2009-03-12,20.71999931335449,21.15999984741211,20.549999237060547,21.11000061035156,13.668289184570312,521100
ATO,2009-03-13,21.14999961853028,21.64999961853028,21.1200008392334,21.549999237060547,13.9531831741333,373000
ATO,2009-03-16,21.56999969482422,22.170000076293945,21.549999237060547,21.700000762939453,14.05030632019043,448500
ATO,2009-03-17,21.799999237060547,22.530000686645508,21.600000381469727,22.530000686645508,14.587714195251465,502300
ATO,2009-03-18,22.43000030517578,23.09000015258789,22.280000686645508,22.93000030517578,14.84670352935791,453300
ATO,2009-03-19,23.14999961853028,23.43000030517578,22.8700008392334,23.290000915527344,15.079795837402344,349600
ATO,2009-03-20,23.299999237060547,23.71999931335449,23.11000061035156,23.11000061035156,14.963252067565918,357300
ATO,2009-03-23,23.46999931335449,23.59000015258789,23.020000457763672,23.59000015258789,15.274039268493652,400300
ATO,2009-03-24,23.59000015258789,23.59000015258789,22.84000015258789,23.07999992370605,14.943825721740724,654000
ATO,2009-03-25,23.100000381469727,23.68000030517578,22.90999984741211,23.38999938964844,15.144539833068848,527900
ATO,2009-03-26,23.40999984741211,23.940000534057617,23.190000534057617,23.93000030517578,15.494180679321287,530800
ATO,2009-03-27,23.600000381469727,23.93000030517578,23.549999237060547,23.6200008392334,15.29346752166748,297700
ATO,2009-03-30,23.489999771118164,23.540000915527344,23.170000076293945,23.40999984741211,15.15749454498291,566000
ATO,2009-03-31,23.65999984741211,23.65999984741211,22.959999084472656,23.1200008392334,14.969730377197266,761600
ATO,2009-04-01,22.82999992370605,23.459999084472656,22.71999931335449,22.950000762939453,14.859651565551758,865600
ATO,2009-04-02,23.26000022888184,23.479999542236328,22.88999938964844,23.09000015258789,14.950300216674805,671900
ATO,2009-04-03,23.209999084472656,23.209999084472656,22.8799991607666,23.170000076293945,15.002098083496094,364600
ATO,2009-04-06,22.93000030517578,23.32999992370605,22.770000457763672,22.979999542236328,14.87907600402832,317200
ATO,2009-04-07,22.65999984741211,23.0,22.57999992370605,22.809999465942383,14.769001007080078,355600
ATO,2009-04-08,22.96999931335449,23.049999237060547,22.6200008392334,22.82999992370605,14.781957626342772,409800
ATO,2009-04-09,22.90999984741211,23.14999961853028,22.559999465942383,23.07999992370605,14.943825721740724,466400
ATO,2009-04-13,23.09000015258789,23.09000015258789,22.6200008392334,22.96999931335449,14.872602462768556,319200
ATO,2009-04-14,22.920000076293945,22.959999084472656,22.65999984741211,22.82999992370605,14.781957626342772,448700
ATO,2009-04-15,22.76000022888184,22.93000030517578,22.520000457763672,22.82999992370605,14.781957626342772,392200
ATO,2009-04-16,22.959999084472656,23.450000762939453,22.76000022888184,23.36000061035156,15.125121116638184,535700
ATO,2009-04-17,23.3700008392334,23.559999465942383,23.26000022888184,23.489999771118164,15.209290504455566,657100
ATO,2009-04-20,23.46999931335449,23.520000457763672,23.239999771118164,23.31999969482422,15.099221229553224,675000
ATO,2009-04-21,23.26000022888184,23.61000061035156,23.25,23.46999931335449,15.19634246826172,598400
ATO,2009-04-22,23.39999961853028,23.780000686645508,23.14999961853028,23.46999931335449,15.19634246826172,793100
ATO,2009-04-23,23.559999465942383,23.59000015258789,23.14999961853028,23.43000030517578,15.170445442199709,946300
ATO,2009-04-24,23.440000534057617,23.6299991607666,23.1200008392334,23.309999465942383,15.092742919921877,765400
ATO,2009-04-27,23.200000762939453,23.959999084472656,23.200000762939453,23.81999969482422,15.42295742034912,592400
ATO,2009-04-28,23.729999542236328,24.39999961853028,23.729999542236328,24.21999931335449,15.6819486618042,545100
ATO,2009-04-29,24.38999938964844,24.93000030517578,24.11000061035156,24.84000015258789,16.08338737487793,722400
ATO,2009-04-30,24.8700008392334,25.299999237060547,24.6299991607666,24.709999084472656,15.99921989440918,847600
ATO,2009-05-01,24.84000015258789,26.0,24.71999931335449,25.63999938964844,16.601377487182617,1330700
ATO,2009-05-04,25.020000457763672,26.43000030517578,24.920000076293945,26.3700008392334,17.074031829833984,1250100
ATO,2009-05-05,26.14999961853028,26.40999984741211,25.71999931335449,25.82999992370605,16.72439193725586,454200
ATO,2009-05-06,25.8799991607666,26.020000457763672,25.61000061035156,25.71999931335449,16.653167724609375,568700
ATO,2009-05-07,25.88999938964844,25.989999771118164,25.549999237060547,25.8700008392334,16.75029754638672,413600
ATO,2009-05-08,25.93000030517578,26.190000534057617,25.520000457763672,25.64999961853028,16.607851028442383,704000
ATO,2009-05-11,25.559999465942383,26.18000030517578,25.559999465942383,25.84000015258789,16.730863571166992,539400
ATO,2009-05-12,25.979999542236328,26.09000015258789,25.6299991607666,25.799999237060547,16.704965591430664,609600
ATO,2009-05-13,25.76000022888184,25.82999992370605,24.89999961853028,24.989999771118164,16.180509567260742,833300
ATO,2009-05-14,24.920000076293945,25.1200008392334,24.3700008392334,24.530000686645508,15.882672309875488,672600
ATO,2009-05-15,24.489999771118164,24.63999938964844,24.020000457763672,24.1299991607666,15.623676300048828,459700
ATO,2009-05-18,24.209999084472656,24.64999961853028,24.100000381469727,24.51000022888184,15.86971950531006,533600
ATO,2009-05-19,24.549999237060547,24.8799991607666,24.479999542236328,24.64999961853028,15.960371017456056,403900
ATO,2009-05-20,24.8799991607666,24.940000534057617,24.56999969482422,24.6200008392334,15.940947532653809,672200
ATO,2009-05-21,24.170000076293945,24.36000061035156,23.979999542236328,24.059999465942383,15.790003776550291,379200
ATO,2009-05-22,24.07999992370605,24.25,23.850000381469727,23.90999984741211,15.69155502319336,291000
ATO,2009-05-26,24.0,24.46999931335449,23.81999969482422,24.459999084472656,16.05251121520996,409300
ATO,2009-05-27,24.440000534057617,24.57999992370605,23.59000015258789,23.64999961853028,15.520929336547852,859900
ATO,2009-05-28,23.65999984741211,24.01000022888184,23.520000457763672,23.809999465942383,15.625932693481444,592100
ATO,2009-05-29,23.979999542236328,24.01000022888184,23.440000534057617,24.0,15.750622749328612,682300
ATO,2009-06-01,24.290000915527344,24.670000076293945,24.200000762939453,24.38999938964844,16.006568908691406,641000
ATO,2009-06-02,24.3799991607666,24.799999237060547,24.25,24.76000022888184,16.249399185180664,661100
ATO,2009-06-03,24.700000762939453,24.93000030517578,24.459999084472656,24.63999938964844,16.17064094543457,360800
ATO,2009-06-04,24.61000061035156,24.61000061035156,24.280000686645508,24.489999771118164,16.07219696044922,398100
ATO,2009-06-05,24.530000686645508,24.76000022888184,24.40999984741211,24.61000061035156,16.15095329284668,483100
ATO,2009-06-08,24.65999984741211,24.89999961853028,24.46999931335449,24.81999969482422,16.288768768310547,559600
ATO,2009-06-09,24.780000686645508,24.86000061035156,24.39999961853028,24.68000030517578,16.196897506713867,377700
ATO,2009-06-10,24.75,25.030000686645508,24.5,24.6200008392334,16.157516479492188,372700
ATO,2009-06-11,24.57999992370605,25.1200008392334,24.57999992370605,24.950000762939453,16.374086380004883,340800
ATO,2009-06-12,24.90999984741211,25.34000015258789,24.57999992370605,25.34000015258789,16.63003921508789,422400
ATO,2009-06-15,25.059999465942383,25.309999465942383,24.71999931335449,24.84000015258789,16.301895141601562,281000
ATO,2009-06-16,24.850000381469727,24.96999931335449,24.600000381469727,24.71999931335449,16.223142623901367,267200
ATO,2009-06-17,24.690000534057617,25.07999992370605,24.61000061035156,24.790000915527344,16.269084930419922,224800
ATO,2009-06-18,24.8799991607666,25.350000381469727,24.799999237060547,25.309999465942383,16.6103458404541,259900
ATO,2009-06-19,25.39999961853028,25.51000022888184,25.0,25.14999961853028,16.505338668823242,379500
ATO,2009-06-22,25.020000457763672,25.40999984741211,25.020000457763672,25.15999984741211,16.511911392211914,203900
ATO,2009-06-23,25.25,25.3700008392334,24.76000022888184,24.8700008392334,16.321584701538086,259200
ATO,2009-06-24,24.8799991607666,25.13999938964844,24.71999931335449,24.790000915527344,16.269084930419922,323500
ATO,2009-06-25,24.799999237060547,25.280000686645508,24.57999992370605,25.11000061035156,16.47908592224121,314600
ATO,2009-06-26,25.15999984741211,25.3700008392334,24.81999969482422,25.100000381469727,16.472532272338867,593300
ATO,2009-06-29,25.1299991607666,25.36000061035156,24.90999984741211,25.309999465942383,16.6103458404541,405200
ATO,2009-06-30,25.3799991607666,25.39999961853028,24.799999237060547,25.040000915527344,16.43315315246582,434700
ATO,2009-07-01,25.26000022888184,25.809999465942383,25.200000762939453,25.739999771118164,16.892547607421875,377800
ATO,2009-07-02,25.520000457763672,25.540000915527344,25.0,25.0,16.406898498535156,298300
ATO,2009-07-06,25.01000022888184,25.479999542236328,24.950000762939453,25.350000381469727,16.6365966796875,268100
ATO,2009-07-07,25.299999237060547,25.5,24.8799991607666,24.8799991607666,16.328142166137695,276600
ATO,2009-07-08,24.89999961853028,25.09000015258789,24.5,24.780000686645508,16.26251983642578,308900
ATO,2009-07-09,24.82999992370605,24.90999984741211,24.46999931335449,24.809999465942383,16.28219985961914,274000
ATO,2009-07-10,24.84000015258789,24.90999984741211,24.5,24.64999961853028,16.177202224731445,179600
ATO,2009-07-13,24.64999961853028,24.96999931335449,24.40999984741211,24.940000534057617,16.36752700805664,297500
ATO,2009-07-14,25.0,25.14999961853028,24.71999931335449,24.96999931335449,16.3872127532959,254200
ATO,2009-07-15,25.020000457763672,25.440000534057617,24.8799991607666,25.350000381469727,16.6365966796875,304100
ATO,2009-07-16,25.190000534057617,26.0,25.07999992370605,25.86000061035156,16.971296310424805,1118000
ATO,2009-07-17,25.920000076293945,25.93000030517578,25.530000686645508,25.790000915527344,16.925357818603516,314800
ATO,2009-07-20,25.75,26.06999969482422,25.46999931335449,26.020000457763672,17.076305389404297,372100
ATO,2009-07-21,26.07999992370605,26.32999992370605,25.84000015258789,26.290000915527344,17.253498077392578,435100
ATO,2009-07-22,26.280000686645508,26.32999992370605,26.07999992370605,26.18000030517578,17.181310653686523,237000
ATO,2009-07-23,26.1200008392334,26.959999084472656,25.989999771118164,26.56999969482422,17.43724822998047,313100
ATO,2009-07-24,26.559999465942383,27.0,26.26000022888184,26.989999771118164,17.712888717651367,358900
ATO,2009-07-27,27.0,27.0,26.559999465942383,26.93000030517578,17.67351531982422,300000
ATO,2009-07-28,26.88999938964844,27.18000030517578,26.809999465942383,27.15999984741211,17.8244571685791,465600
ATO,2009-07-29,26.96999931335449,27.18000030517578,26.76000022888184,26.940000534057617,17.680078506469727,370800
ATO,2009-07-30,27.040000915527344,27.280000686645508,26.690000534057617,27.18000030517578,17.837589263916016,432300
ATO,2009-07-31,26.989999771118164,27.38999938964844,26.989999771118164,27.15999984741211,17.8244571685791,419700
ATO,2009-08-03,27.38999938964844,27.65999984741211,27.07999992370605,27.61000061035156,18.11978530883789,538200
ATO,2009-08-04,27.43000030517578,27.809999465942383,27.43000030517578,27.690000534057617,18.17228126525879,465400
ATO,2009-08-05,28.559999465942383,28.57999992370605,27.420000076293945,27.600000381469727,18.113222122192383,401800
ATO,2009-08-06,27.850000381469727,27.850000381469727,27.280000686645508,27.36000061035156,17.95571517944336,674800
ATO,2009-08-07,27.40999984741211,27.88999938964844,27.3799991607666,27.709999084472656,18.185401916503903,479700
ATO,2009-08-10,27.440000534057617,27.84000015258789,27.18000030517578,27.84000015258789,18.27072525024414,394600
ATO,2009-08-11,27.64999961853028,27.959999084472656,27.450000762939453,27.81999969482422,18.257593154907227,393900
ATO,2009-08-12,27.75,28.09000015258789,27.61000061035156,27.89999961853028,18.310096740722656,339700
ATO,2009-08-13,27.979999542236328,28.0,27.700000762939453,28.0,18.37573432922364,287000
ATO,2009-08-14,27.920000076293945,28.049999237060547,27.600000381469727,27.75,18.21166038513184,430900
ATO,2009-08-17,27.559999465942383,27.86000061035156,27.540000915527344,27.59000015258789,18.10665512084961,604800
ATO,2009-08-18,27.549999237060547,27.76000022888184,27.170000076293945,27.6299991607666,18.132905960083008,446900
ATO,2009-08-19,27.51000022888184,27.950000762939453,27.489999771118164,27.81999969482422,18.257593154907227,450500
ATO,2009-08-20,27.729999542236328,27.959999084472656,27.559999465942383,27.8700008392334,18.290414810180664,542400
ATO,2009-08-21,27.31999969482422,28.0,27.31999969482422,27.89999961853028,18.52949905395508,841800
ATO,2009-08-24,27.89999961853028,28.190000534057617,27.81999969482422,28.15999984741211,18.70217514038086,656900
ATO,2009-08-25,28.1200008392334,28.239999771118164,27.780000686645508,27.88999938964844,18.52285957336425,588700
ATO,2009-08-26,27.89999961853028,28.1299991607666,27.670000076293945,27.86000061035156,18.502933502197266,558700
ATO,2009-08-27,27.81999969482422,28.020000457763672,27.64999961853028,27.88999938964844,18.52285957336425,260900
ATO,2009-08-28,27.5,27.540000915527344,27.18000030517578,27.530000686645508,18.283767700195312,959300
ATO,2009-08-31,27.350000381469727,27.479999542236328,27.059999465942383,27.239999771118164,18.091169357299805,675200
ATO,2009-09-01,27.059999465942383,27.34000015258789,26.82999992370605,27.059999465942383,17.971630096435547,765700
ATO,2009-09-02,26.8799991607666,27.190000534057617,26.6200008392334,27.07999992370605,17.984914779663086,551900
ATO,2009-09-03,27.1200008392334,27.190000534057617,26.81999969482422,27.170000076293945,18.044681549072266,494800
ATO,2009-09-04,27.200000762939453,27.43000030517578,27.01000022888184,27.229999542236328,18.084529876708984,714800
ATO,2009-09-08,27.43000030517578,27.799999237060547,27.3799991607666,27.65999984741211,18.3701114654541,579600
ATO,2009-09-09,27.600000381469727,27.76000022888184,27.479999542236328,27.670000076293945,18.376752853393555,348900
ATO,2009-09-10,27.71999931335449,27.799999237060547,27.420000076293945,27.64999961853028,18.363468170166016,401900
ATO,2009-09-11,27.709999084472656,27.959999084472656,27.600000381469727,27.920000076293945,18.54278564453125,428700
ATO,2009-09-14,27.75,28.07999992370605,27.729999542236328,28.030000686645508,18.615842819213867,352600
ATO,2009-09-15,27.979999542236328,28.38999938964844,27.979999542236328,28.38999938964844,18.85493278503418,412000
ATO,2009-09-16,28.39999961853028,28.8700008392334,28.299999237060547,28.799999237060547,19.127235412597656,398300
ATO,2009-09-17,28.850000381469727,28.950000762939453,28.530000686645508,28.56999969482422,18.97447967529297,390200
ATO,2009-09-18,28.51000022888184,28.700000762939453,28.489999771118164,28.51000022888184,18.934633255004883,459400
ATO,2009-09-21,28.56999969482422,28.61000061035156,28.100000381469727,28.43000030517578,18.881492614746094,415500
ATO,2009-09-22,28.61000061035156,28.68000030517578,28.18000030517578,28.190000534057617,18.72210693359375,563200
ATO,2009-09-23,28.309999465942383,28.770000457763672,28.21999931335449,28.239999771118164,18.755313873291016,492600
ATO,2009-09-24,28.239999771118164,28.43000030517578,28.14999961853028,28.190000534057617,18.72210693359375,335300
ATO,2009-09-25,28.299999237060547,28.36000061035156,28.09000015258789,28.100000381469727,18.662336349487305,252900
ATO,2009-09-28,28.06999969482422,28.350000381469727,28.059999465942383,28.309999465942383,18.80179977416992,395000
ATO,2009-09-29,28.38999938964844,28.38999938964844,28.020000457763672,28.270000457763672,18.775239944458008,327300
ATO,2009-09-30,28.299999237060547,28.34000015258789,28.1200008392334,28.18000030517578,18.71546173095703,463900
ATO,2009-10-01,28.18000030517578,28.5,27.709999084472656,27.780000686645508,18.44981002807617,404700
ATO,2009-10-02,27.700000762939453,27.93000030517578,27.450000762939453,27.68000030517578,18.38339233398437,557100
ATO,2009-10-05,27.709999084472656,28.520000457763672,27.65999984741211,28.450000762939453,18.894775390625,652900
ATO,2009-10-06,28.520000457763672,28.68000030517578,28.40999984741211,28.520000457763672,18.941267013549805,579400
ATO,2009-10-07,28.8799991607666,28.920000076293945,28.520000457763672,28.739999771118164,19.08737564086914,505700
ATO,2009-10-08,28.81999969482422,28.93000030517578,28.700000762939453,28.90999984741211,19.200284957885746,538900
ATO,2009-10-09,28.950000762939453,28.989999771118164,28.86000061035156,28.89999961853028,19.19363784790039,356300
ATO,2009-10-12,28.989999771118164,29.290000915527344,28.81999969482422,29.209999084472656,19.3995304107666,483800
ATO,2009-10-13,29.270000457763672,29.270000457763672,28.420000076293945,29.0,19.260055541992188,16714300
ATO,2009-10-14,29.059999465942383,29.18000030517578,28.489999771118164,28.81999969482422,19.14051628112793,892500
ATO,2009-10-15,28.89999961853028,29.1299991607666,28.5,29.01000022888184,19.26669883728028,527600
ATO,2009-10-16,28.89999961853028,29.13999938964844,28.68000030517578,28.89999961853028,19.19363784790039,390800
ATO,2009-10-19,28.979999542236328,29.5,28.64999961853028,29.299999237060547,19.45929718017578,447200
ATO,2009-10-20,29.350000381469727,29.39999961853028,28.88999938964844,29.34000015258789,19.485855102539062,736300
ATO,2009-10-21,29.21999931335449,29.530000686645508,29.040000915527344,29.049999237060547,19.29326629638672,445100
ATO,2009-10-22,29.07999992370605,29.229999542236328,28.739999771118164,29.11000061035156,19.33311462402344,523100
ATO,2009-10-23,29.209999084472656,29.299999237060547,28.51000022888184,28.68000030517578,19.047531127929688,418600
ATO,2009-10-26,28.770000457763672,29.13999938964844,28.489999771118164,28.690000534057617,19.05417251586914,573700
ATO,2009-10-27,28.81999969482422,29.280000686645508,28.729999542236328,28.84000015258789,19.153789520263672,560300
ATO,2009-10-28,28.950000762939453,29.25,28.549999237060547,28.59000015258789,18.987764358520508,455800
ATO,2009-10-29,28.63999938964844,28.940000534057617,28.36000061035156,28.8799991607666,19.18035888671875,497600
ATO,2009-10-30,28.729999542236328,28.89999961853028,27.700000762939453,27.850000381469727,18.49629592895508,1121200
ATO,2009-11-02,27.850000381469727,28.0,27.309999465942383,27.709999084472656,18.40331268310547,950900
ATO,2009-11-03,27.739999771118164,28.15999984741211,27.6299991607666,28.13999938964844,18.688888549804688,794200
ATO,2009-11-04,28.190000534057617,28.489999771118164,28.06999969482422,28.1299991607666,18.682260513305664,681500
ATO,2009-11-05,28.280000686645508,28.979999542236328,28.26000022888184,28.979999542236328,19.24677276611328,427500
ATO,2009-11-06,28.90999984741211,29.200000762939453,28.59000015258789,28.799999237060547,19.127235412597656,283900
ATO,2009-11-09,28.90999984741211,29.170000076293945,28.84000015258789,29.170000076293945,19.372961044311523,235900
ATO,2009-11-10,28.989999771118164,29.309999465942383,28.850000381469727,29.239999771118164,19.419448852539062,556500
ATO,2009-11-11,29.21999931335449,29.280000686645508,28.3700008392334,28.670000076293945,19.040889739990234,664000
ATO,2009-11-12,28.709999084472656,28.88999938964844,28.11000061035156,28.1200008392334,18.675613403320312,452300
ATO,2009-11-13,28.239999771118164,28.299999237060547,27.88999938964844,28.25,18.7619571685791,377500
ATO,2009-11-16,28.309999465942383,28.850000381469727,28.309999465942383,28.81999969482422,19.14051628112793,646900
ATO,2009-11-17,28.809999465942383,29.100000381469727,28.700000762939453,29.100000381469727,19.326473236083984,510300
ATO,2009-11-18,29.059999465942383,29.1200008392334,28.76000022888184,28.82999992370605,19.14715003967285,369300
ATO,2009-11-19,28.770000457763672,28.809999465942383,27.709999084472656,27.93000030517578,18.54941940307617,731300
ATO,2009-11-20,27.75,28.09000015258789,27.71999931335449,28.07999992370605,18.649049758911133,553800
ATO,2009-11-23,28.229999542236328,28.46999931335449,27.21999931335449,27.989999771118164,18.81372833251953,749400
ATO,2009-11-24,27.920000076293945,28.290000915527344,27.670000076293945,28.229999542236328,18.97504425048828,441600
ATO,2009-11-25,28.299999237060547,28.440000534057617,28.229999542236328,28.270000457763672,19.001928329467773,713000
ATO,2009-11-27,27.8700008392334,28.1200008392334,27.6299991607666,27.850000381469727,18.719627380371094,159100
ATO,2009-11-30,27.90999984741211,27.959999084472656,27.270000457763672,27.38999938964844,18.41043281555176,779700
ATO,2009-12-01,27.549999237060547,27.670000076293945,27.350000381469727,27.530000686645508,18.504528045654297,655400
ATO,2009-12-02,27.559999465942383,27.729999542236328,27.38999938964844,27.63999938964844,18.57847213745117,800000
ATO,2009-12-03,27.64999961853028,28.25,27.59000015258789,28.020000457763672,18.833890914916992,861600
ATO,2009-12-04,28.290000915527344,28.34000015258789,27.81999969482422,28.239999771118164,18.98176956176757,609200
ATO,2009-12-07,28.32999992370605,28.8799991607666,28.06999969482422,28.770000457763672,19.33800506591797,579000
ATO,2009-12-08,28.530000686645508,28.75,28.21999931335449,28.459999084472656,19.129636764526367,404700
ATO,2009-12-09,28.520000457763672,28.520000457763672,27.979999542236328,28.26000022888184,18.99520492553711,644400
ATO,2009-12-10,28.34000015258789,28.65999984741211,28.26000022888184,28.63999938964844,19.25062561035156,457800
ATO,2009-12-11,28.63999938964844,29.01000022888184,28.549999237060547,28.989999771118164,19.485877990722656,468900
ATO,2009-12-14,29.040000915527344,29.3700008392334,29.030000686645508,29.309999465942383,19.700984954833984,473600
ATO,2009-12-15,29.18000030517578,29.3700008392334,28.700000762939453,29.3700008392334,19.741304397583008,775900
ATO,2009-12-16,29.39999961853028,29.5,29.200000762939453,29.3700008392334,19.741304397583008,379700
ATO,2009-12-17,29.200000762939453,29.440000534057617,29.0,29.290000915527344,19.687530517578125,522200
ATO,2009-12-18,29.350000381469727,29.520000457763672,29.0,29.350000381469727,19.727867126464844,753300
ATO,2009-12-21,29.36000061035156,29.75,29.36000061035156,29.520000457763672,19.842130661010746,266600
ATO,2009-12-22,29.5,29.690000534057617,29.450000762939453,29.690000534057617,19.956403732299805,397000
ATO,2009-12-23,29.700000762939453,29.89999961853028,29.549999237060547,29.81999969482422,20.04378128051757,230400
ATO,2009-12-24,29.770000457763672,30.1200008392334,29.770000457763672,30.030000686645508,20.184934616088867,117600
ATO,2009-12-28,30.049999237060547,30.190000534057617,29.979999542236328,30.059999465942383,20.20509147644043,266100
ATO,2009-12-29,30.01000022888184,30.270000457763672,29.959999084472656,30.059999465942383,20.20509147644043,339200
ATO,2009-12-30,30.059999465942383,30.31999969482422,29.739999771118164,29.8799991607666,20.0841064453125,298800
ATO,2009-12-31,29.989999771118164,30.0,29.39999961853028,29.39999961853028,19.7614688873291,407900
ATO,2010-01-04,29.5,29.81999969482422,29.3700008392334,29.520000457763672,19.842130661010746,442700
ATO,2010-01-05,29.57999992370605,29.6299991607666,29.06999969482422,29.209999084472656,19.63376235961914,527700
ATO,2010-01-06,29.229999542236328,29.34000015258789,29.07999992370605,29.21999931335449,19.640480041503903,272600
ATO,2010-01-07,29.1200008392334,29.290000915527344,28.81999969482422,28.940000534057617,19.4522762298584,286500
ATO,2010-01-08,28.63999938964844,28.850000381469727,28.020000457763672,28.459999084472656,19.129636764526367,524800
ATO,2010-01-11,28.39999961853028,28.63999938964844,28.36000061035156,28.6299991607666,19.24390983581543,249000
ATO,2010-01-12,28.559999465942383,28.739999771118164,28.459999084472656,28.6200008392334,19.237184524536133,315000
ATO,2010-01-13,28.729999542236328,28.88999938964844,28.440000534057617,28.8700008392334,19.405229568481445,268600
ATO,2010-01-14,28.709999084472656,29.020000457763672,28.709999084472656,28.88999938964844,19.418672561645508,302300
ATO,2010-01-15,28.790000915527344,28.89999961853028,28.26000022888184,28.65999984741211,19.26407241821289,346300
ATO,2010-01-19,28.75,29.13999938964844,28.709999084472656,29.100000381469727,19.559823989868164,242200
ATO,2010-01-20,28.89999961853028,29.0,28.57999992370605,28.850000381469727,19.391786575317383,238400
ATO,2010-01-21,28.950000762939453,29.13999938964844,28.21999931335449,28.549999237060547,19.19013214111328,449700
ATO,2010-01-22,28.459999084472656,28.690000534057617,28.100000381469727,28.1299991607666,18.907827377319336,346300
ATO,2010-01-25,28.36000061035156,28.6200008392334,28.07999992370605,28.43000030517578,19.10947799682617,331200
ATO,2010-01-26,28.450000762939453,28.549999237060547,28.100000381469727,28.270000457763672,19.001928329467773,226700
ATO,2010-01-27,28.200000762939453,28.26000022888184,27.76000022888184,28.040000915527344,18.84733009338379,242300
ATO,2010-01-28,28.14999961853028,28.21999931335449,27.8799991607666,28.020000457763672,18.833890914916992,260400
ATO,2010-01-29,28.0,28.239999771118164,27.600000381469727,27.6200008392334,18.56502914428711,453900
ATO,2010-02-01,27.799999237060547,27.82999992370605,27.43000030517578,27.600000381469727,18.55159568786621,665400
ATO,2010-02-02,27.600000381469727,27.799999237060547,27.38999938964844,27.670000076293945,18.598642349243164,723100
ATO,2010-02-03,27.229999542236328,27.709999084472656,27.18000030517578,27.61000061035156,18.55831527709961,525000
ATO,2010-02-04,27.520000457763672,27.68000030517578,27.309999465942383,27.36000061035156,18.3902645111084,491700
ATO,2010-02-05,27.43000030517578,27.540000915527344,26.780000686645508,27.26000022888184,18.32305145263672,383500
ATO,2010-02-08,27.26000022888184,27.26000022888184,26.700000762939453,26.700000762939453,17.946643829345703,447600
ATO,2010-02-09,26.90999984741211,26.90999984741211,26.459999084472656,26.76000022888184,17.986970901489258,769400
ATO,2010-02-10,26.709999084472656,26.799999237060547,26.39999961853028,26.520000457763672,17.825653076171875,326600
ATO,2010-02-11,26.549999237060547,26.959999084472656,26.32999992370605,26.950000762939453,18.11467742919922,239500
ATO,2010-02-12,26.809999465942383,27.0,26.530000686645508,26.989999771118164,18.14156913757324,375700
ATO,2010-02-16,27.100000381469727,27.26000022888184,27.020000457763672,27.21999931335449,18.296161651611328,440800
ATO,2010-02-17,27.270000457763672,27.39999961853028,27.18000030517578,27.39999961853028,18.417156219482425,382200
ATO,2010-02-18,27.32999992370605,27.61000061035156,27.190000534057617,27.3799991607666,18.403709411621094,458900
ATO,2010-02-19,27.38999938964844,27.81999969482422,27.290000915527344,27.780000686645508,18.672578811645508,406200
ATO,2010-02-22,27.89999961853028,28.190000534057617,27.81999969482422,28.0,18.820446014404297,373400
ATO,2010-02-23,27.729999542236328,27.729999542236328,27.32999992370605,27.479999542236328,18.6945915222168,441800
ATO,2010-02-24,27.59000015258789,27.770000457763672,27.200000762939453,27.420000076293945,18.65377426147461,399900
ATO,2010-02-25,27.14999961853028,27.459999084472656,27.040000915527344,27.32999992370605,18.59255027770996,326600
ATO,2010-02-26,27.459999084472656,27.549999237060547,27.059999465942383,27.459999084472656,18.680986404418945,487800
ATO,2010-03-01,27.56999969482422,28.06999969482422,27.479999542236328,27.93000030517578,19.0007266998291,443900
ATO,2010-03-02,28.020000457763672,28.059999465942383,27.809999465942383,28.049999237060547,19.082359313964844,281700
ATO,2010-03-03,28.030000686645508,28.309999465942383,28.020000457763672,28.299999237060547,19.2524356842041,376600
ATO,2010-03-04,28.36000061035156,28.46999931335449,28.15999984741211,28.25,19.21842765808105,321400
ATO,2010-03-05,28.420000076293945,28.68000030517578,28.290000915527344,28.600000381469727,19.456525802612305,327100
ATO,2010-03-08,28.549999237060547,28.709999084472656,28.38999938964844,28.61000061035156,19.463335037231445,224000
ATO,2010-03-09,28.51000022888184,28.6299991607666,28.270000457763672,28.450000762939453,19.35447883605957,381800
ATO,2010-03-10,28.5,28.63999938964844,28.239999771118164,28.63999938964844,19.48373985290528,388500
ATO,2010-03-11,28.6200008392334,28.770000457763672,28.46999931335449,28.71999931335449,19.53816604614257,223900
ATO,2010-03-12,28.86000061035156,28.96999931335449,28.57999992370605,28.799999237060547,19.59258270263672,373200
ATO,2010-03-15,28.700000762939453,28.89999961853028,28.549999237060547,28.799999237060547,19.59258270263672,188000
ATO,2010-03-16,28.809999465942383,28.96999931335449,28.709999084472656,28.90999984741211,19.66742897033692,169300
ATO,2010-03-17,28.90999984741211,29.170000076293945,28.90999984741211,29.06999969482422,19.776269912719727,210600
ATO,2010-03-18,28.989999771118164,29.239999771118164,28.959999084472656,29.020000457763672,19.74225425720215,135600
ATO,2010-03-19,28.950000762939453,29.190000534057617,28.690000534057617,28.950000762939453,19.69463157653809,425200
ATO,2010-03-22,28.850000381469727,29.040000915527344,28.71999931335449,28.950000762939453,19.69463157653809,225500
ATO,2010-03-23,28.940000534057617,29.049999237060547,28.770000457763672,28.989999771118164,19.72183609008789,240600
ATO,2010-03-24,28.93000030517578,29.09000015258789,28.809999465942383,28.82999992370605,19.612993240356445,297300
ATO,2010-03-25,29.059999465942383,29.059999465942383,28.3700008392334,28.3799991607666,19.30686378479004,244100
ATO,2010-03-26,28.350000381469727,28.489999771118164,28.170000076293945,28.309999465942383,19.259241104125977,223900
ATO,2010-03-29,28.32999992370605,28.6200008392334,28.26000022888184,28.6200008392334,19.470129013061523,400900
ATO,2010-03-30,28.559999465942383,29.059999465942383,28.559999465942383,28.8700008392334,19.64020538330078,461500
ATO,2010-03-31,28.89999961853028,28.96999931335449,28.56999969482422,28.56999969482422,19.43611717224121,367100
ATO,2010-04-01,28.790000915527344,28.979999542236328,28.709999084472656,28.950000762939453,19.69463157653809,209000
ATO,2010-04-05,28.950000762939453,29.38999938964844,28.940000534057617,29.38999938964844,19.993959426879883,200700
ATO,2010-04-06,29.3700008392334,29.68000030517578,29.31999969482422,29.63999938964844,20.164039611816406,357600
ATO,2010-04-07,29.5,29.65999984741211,29.290000915527344,29.540000915527344,20.09600830078125,414500
ATO,2010-04-08,29.38999938964844,29.38999938964844,29.09000015258789,29.1299991607666,19.81707763671875,210800
ATO,2010-04-09,29.049999237060547,29.34000015258789,28.8700008392334,29.32999992370605,19.95314598083496,303500
ATO,2010-04-12,29.270000457763672,29.39999961853028,29.100000381469727,29.21999931335449,19.878305435180664,233600
ATO,2010-04-13,29.1299991607666,29.18000030517578,28.88999938964844,29.040000915527344,19.75586128234864,368200
ATO,2010-04-14,29.030000686645508,29.040000915527344,28.799999237060547,29.01000022888184,19.73544311523437,233200
ATO,2010-04-15,28.920000076293945,29.36000061035156,28.8700008392334,29.170000076293945,19.84429931640625,342700
ATO,2010-04-16,29.1200008392334,29.299999237060547,28.959999084472656,29.21999931335449,19.878305435180664,290700
ATO,2010-04-19,29.190000534057617,29.200000762939453,28.8700008392334,29.18000030517578,19.85110282897949,313400
ATO,2010-04-20,29.25,29.38999938964844,29.100000381469727,29.38999938964844,19.993959426879883,383300
ATO,2010-04-21,29.440000534057617,29.559999465942383,29.290000915527344,29.39999961853028,20.00076103210449,319300
ATO,2010-04-22,29.280000686645508,29.549999237060547,29.21999931335449,29.530000686645508,20.08920860290528,122000
ATO,2010-04-23,29.530000686645508,29.989999771118164,29.46999931335449,29.979999542236328,20.395339965820312,253500
ATO,2010-04-26,29.979999542236328,30.14999961853028,29.850000381469727,29.90999984741211,20.347719192504883,258200
ATO,2010-04-27,29.920000076293945,30.030000686645508,29.440000534057617,29.459999084472656,20.04158401489257,291300
ATO,2010-04-28,29.57999992370605,29.81999969482422,29.43000030517578,29.76000022888184,20.24567604064941,273100
ATO,2010-04-29,29.940000534057617,30.0,29.700000762939453,29.790000915527344,20.266084671020508,409800
ATO,2010-04-30,29.780000686645508,30.07999992370605,29.549999237060547,29.57999992370605,20.12321853637696,268000
ATO,2010-05-03,29.61000061035156,29.920000076293945,29.5,29.84000015258789,20.30009651184082,291100
ATO,2010-05-04,29.59000015258789,29.690000534057617,29.0,29.290000915527344,19.925926208496094,373200
ATO,2010-05-05,29.14999961853028,29.420000076293945,28.6299991607666,28.790000915527344,19.58578872680664,507700
ATO,2010-05-06,28.549999237060547,29.0,26.25,27.770000457763672,18.89187812805176,865800
ATO,2010-05-07,27.700000762939453,27.86000061035156,26.940000534057617,27.32999992370605,18.59255027770996,654900
ATO,2010-05-10,28.13999938964844,28.13999938964844,27.709999084472656,28.1299991607666,19.136791229248047,514400
ATO,2010-05-11,27.89999961853028,28.84000015258789,27.709999084472656,28.549999237060547,19.42250633239746,311500
ATO,2010-05-12,28.549999237060547,28.96999931335449,28.31999969482422,28.86000061035156,19.63340759277344,231000
ATO,2010-05-13,28.76000022888184,28.989999771118164,28.6200008392334,28.76000022888184,19.565380096435547,209900
ATO,2010-05-14,28.540000915527344,28.670000076293945,28.030000686645508,28.11000061035156,19.123178482055664,254100
ATO,2010-05-17,28.01000022888184,28.690000534057617,27.88999938964844,28.479999542236328,19.37489318847656,500600
ATO,2010-05-18,28.770000457763672,28.979999542236328,28.43000030517578,28.479999542236328,19.37489318847656,632300
ATO,2010-05-19,28.350000381469727,28.770000457763672,28.059999465942383,28.3700008392334,19.300058364868164,487500
ATO,2010-05-20,28.01000022888184,28.059999465942383,27.15999984741211,27.170000076293945,18.483701705932617,672100
ATO,2010-05-21,26.82999992370605,26.920000076293945,26.5,26.799999237060547,18.4596004486084,487400
ATO,2010-05-24,26.65999984741211,27.229999542236328,26.59000015258789,26.75,18.425153732299805,563200
ATO,2010-05-25,26.280000686645508,26.51000022888184,25.86000061035156,26.40999984741211,18.190967559814453,537600
ATO,2010-05-26,26.540000915527344,26.940000534057617,26.5,26.549999237060547,18.287389755249023,544200
ATO,2010-05-27,26.940000534057617,27.15999984741211,26.809999465942383,27.1299991607666,18.6868896484375,394900
ATO,2010-05-28,27.11000061035156,27.479999542236328,27.040000915527344,27.1200008392334,18.680007934570312,251200
ATO,2010-06-01,26.950000762939453,27.309999465942383,26.40999984741211,26.459999084472656,18.225404739379883,315300
ATO,2010-06-02,26.61000061035156,27.1299991607666,26.5,27.100000381469727,18.666229248046875,364100
ATO,2010-06-03,27.32999992370605,27.520000457763672,27.07999992370605,27.40999984741211,18.879758834838867,260300
ATO,2010-06-04,27.07999992370605,27.21999931335449,26.43000030517578,26.5,18.252954483032227,307600
ATO,2010-06-07,27.15999984741211,27.290000915527344,26.700000762939453,26.71999931335449,18.40448760986328,456500
ATO,2010-06-08,26.84000015258789,27.209999084472656,26.63999938964844,27.200000762939453,18.7351131439209,561300
ATO,2010-06-09,27.420000076293945,27.420000076293945,26.8700008392334,26.93000030517578,18.54913902282715,492400
ATO,2010-06-10,27.39999961853028,27.940000534057617,27.26000022888184,27.89999961853028,19.217266082763672,621500
ATO,2010-06-11,27.84000015258789,28.0,27.61000061035156,27.8799991607666,19.203489303588867,202500
ATO,2010-06-14,28.030000686645508,28.14999961853028,27.790000915527344,27.86000061035156,19.1897087097168,319100
ATO,2010-06-15,28.06999969482422,28.200000762939453,27.950000762939453,28.13999938964844,19.3825740814209,429700
ATO,2010-06-16,27.96999931335449,28.5,27.76000022888184,28.3799991607666,19.54788589477539,175000
ATO,2010-06-17,28.309999465942383,28.549999237060547,28.25,28.489999771118164,19.62364959716797,164900
ATO,2010-06-18,28.530000686645508,28.690000534057617,28.3799991607666,28.670000076293945,19.74762916564941,240200
ATO,2010-06-21,29.030000686645508,29.030000686645508,28.450000762939453,28.59000015258789,19.692523956298828,245900
ATO,2010-06-22,28.559999465942383,28.790000915527344,28.040000915527344,28.100000381469727,19.35502243041992,271800
ATO,2010-06-23,28.049999237060547,28.1299991607666,27.64999961853028,27.709999084472656,19.08639144897461,215200
ATO,2010-06-24,27.56999969482422,27.88999938964844,27.530000686645508,27.6200008392334,19.024398803710938,197200
ATO,2010-06-25,27.6200008392334,28.01000022888184,27.38999938964844,27.89999961853028,19.217266082763672,350000
ATO,2010-06-28,28.01000022888184,28.15999984741211,27.770000457763672,28.0,19.2861385345459,231300
ATO,2010-06-29,27.65999984741211,27.670000076293945,27.049999237060547,27.209999084472656,18.741992950439453,561500
ATO,2010-06-30,27.239999771118164,27.57999992370605,27.020000457763672,27.040000915527344,18.624900817871094,626300
ATO,2010-07-01,27.18000030517578,27.38999938964844,26.670000076293945,26.86000061035156,18.50092315673828,660500
ATO,2010-07-02,26.959999084472656,27.01000022888184,26.709999084472656,26.81999969482422,18.473373413085938,426400
ATO,2010-07-06,27.11000061035156,27.32999992370605,26.770000457763672,26.96999931335449,18.57668685913086,426500
ATO,2010-07-07,27.07999992370605,27.88999938964844,26.989999771118164,27.82999992370605,19.16904830932617,420200
ATO,2010-07-08,28.06999969482422,28.450000762939453,28.0,28.40999984741211,19.56855010986328,677800
ATO,2010-07-09,28.350000381469727,28.450000762939453,28.299999237060547,28.38999938964844,19.554763793945312,234000
ATO,2010-07-12,28.34000015258789,28.540000915527344,28.229999542236328,28.450000762939453,19.596092224121094,280400
ATO,2010-07-13,28.76000022888184,28.959999084472656,28.65999984741211,28.86000061035156,19.87850379943848,257600
ATO,2010-07-14,28.75,28.93000030517578,28.489999771118164,28.71999931335449,19.782075881958008,369500
ATO,2010-07-15,28.780000686645508,28.850000381469727,28.31999969482422,28.75,19.80272483825684,355100
ATO,2010-07-16,28.68000030517578,28.68000030517578,27.96999931335449,28.020000457763672,19.299915313720703,259000
ATO,2010-07-19,28.15999984741211,28.59000015258789,28.11000061035156,28.459999084472656,19.602989196777344,383300
ATO,2010-07-20,28.239999771118164,28.81999969482422,28.190000534057617,28.709999084472656,19.775184631347656,334700
ATO,2010-07-21,28.790000915527344,28.799999237060547,28.32999992370605,28.43000030517578,19.582321166992188,371400
ATO,2010-07-22,28.6299991607666,29.100000381469727,28.6299991607666,28.8799991607666,19.89228248596192,402100
ATO,2010-07-23,28.84000015258789,29.14999961853028,28.63999938964844,28.979999542236328,19.961156845092773,296800
ATO,2010-07-26,28.88999938964844,29.51000022888184,28.88999938964844,29.489999771118164,20.31243896484375,261400
ATO,2010-07-27,29.6200008392334,29.90999984741211,29.540000915527344,29.809999465942383,20.532854080200195,374700
ATO,2010-07-28,29.88999938964844,29.88999938964844,29.280000686645508,29.420000076293945,20.26422500610352,304800
ATO,2010-07-29,29.5,29.68000030517578,28.86000061035156,29.209999084472656,20.11958312988281,354000
ATO,2010-07-30,29.030000686645508,29.25,28.81999969482422,29.0,19.974937438964844,403900
ATO,2010-08-02,29.479999542236328,29.540000915527344,29.200000762939453,29.299999237060547,20.18156623840332,282300
ATO,2010-08-03,29.270000457763672,29.6200008392334,29.15999984741211,29.350000381469727,20.21600341796875,209500
ATO,2010-08-04,29.479999542236328,29.6299991607666,29.200000762939453,29.530000686645508,20.339994430541992,439700
ATO,2010-08-05,29.39999961853028,29.61000061035156,29.26000022888184,29.600000381469727,20.38820457458496,279300
ATO,2010-08-06,29.36000061035156,29.65999984741211,29.059999465942383,29.549999237060547,20.35376739501953,267200
ATO,2010-08-09,29.600000381469727,29.6200008392334,29.34000015258789,29.36000061035156,20.222898483276367,574100
ATO,2010-08-10,29.21999931335449,29.299999237060547,28.920000076293945,29.15999984741211,20.085140228271484,555600
ATO,2010-08-11,28.850000381469727,29.030000686645508,28.76000022888184,28.89999961853028,19.90604782104492,446200
ATO,2010-08-12,28.57999992370605,28.75,28.420000076293945,28.6299991607666,19.72007179260254,447000
ATO,2010-08-13,28.6200008392334,28.88999938964844,28.489999771118164,28.68000030517578,19.75452041625977,315400
ATO,2010-08-16,28.520000457763672,28.86000061035156,28.3700008392334,28.75,19.80272483825684,232400
ATO,2010-08-17,28.940000534057617,29.229999542236328,28.88999938964844,29.0,19.974937438964844,309800
ATO,2010-08-18,28.88999938964844,29.290000915527344,28.809999465942383,29.020000457763672,19.98870849609375,373700
ATO,2010-08-19,28.950000762939453,28.96999931335449,28.3799991607666,28.56999969482422,19.67875289916992,351600
ATO,2010-08-20,28.549999237060547,28.739999771118164,28.299999237060547,28.700000762939453,19.76829719543457,337500
ATO,2010-08-23,28.64999961853028,28.770000457763672,28.46999931335449,28.479999542236328,19.84844017028809,384000
ATO,2010-08-24,28.239999771118164,28.57999992370605,28.13999938964844,28.31999969482422,19.736934661865234,435300
ATO,2010-08-25,28.200000762939453,28.59000015258789,28.13999938964844,28.559999465942383,19.904193878173828,338900
ATO,2010-08-26,28.700000762939453,28.729999542236328,28.43000030517578,28.540000915527344,19.8902587890625,246400
ATO,2010-08-27,28.670000076293945,28.920000076293945,28.34000015258789,28.8799991607666,20.127216339111328,315800
ATO,2010-08-30,28.850000381469727,28.850000381469727,28.21999931335449,28.25,19.68815040588379,545000
ATO,2010-08-31,28.209999084472656,28.43000030517578,28.01000022888184,28.299999237060547,19.72299766540528,669400
ATO,2010-09-01,28.6200008392334,28.959999084472656,28.56999969482422,28.959999084472656,20.182971954345703,356400
ATO,2010-09-02,29.040000915527344,29.040000915527344,28.65999984741211,28.93000030517578,20.16206169128418,259600
ATO,2010-09-03,29.06999969482422,29.280000686645508,29.0,29.13999938964844,20.30841445922852,283900
ATO,2010-09-07,29.0,29.09000015258789,28.59000015258789,28.63999938964844,19.95994758605957,485000
ATO,2010-09-08,28.600000381469727,28.790000915527344,28.43000030517578,28.459999084472656,19.834503173828125,308700
ATO,2010-09-09,28.75,28.850000381469727,28.600000381469727,28.75,20.036605834960938,207600
ATO,2010-09-10,28.86000061035156,28.88999938964844,28.700000762939453,28.790000915527344,20.064489364624023,371200
ATO,2010-09-13,29.030000686645508,29.14999961853028,28.8700008392334,29.030000686645508,20.23175430297852,312000
ATO,2010-09-14,29.0,29.030000686645508,28.850000381469727,28.88999938964844,20.134178161621094,258800
ATO,2010-09-15,28.799999237060547,28.959999084472656,28.6200008392334,28.76000022888184,20.0435848236084,338200
ATO,2010-09-16,28.71999931335449,28.780000686645508,28.350000381469727,28.559999465942383,19.904193878173828,417700
ATO,2010-09-17,28.440000534057617,28.700000762939453,28.36000061035156,28.489999771118164,19.855411529541016,663800
ATO,2010-09-20,28.6200008392334,28.88999938964844,28.459999084472656,28.75,20.036605834960938,328900
ATO,2010-09-21,28.739999771118164,28.89999961853028,28.520000457763672,28.600000381469727,19.93207740783692,446000
ATO,2010-09-22,28.530000686645508,28.82999992370605,28.489999771118164,28.700000762939453,20.00176239013672,304900
ATO,2010-09-23,28.479999542236328,28.81999969482422,28.40999984741211,28.57999992370605,19.918136596679688,366200
ATO,2010-09-24,28.93000030517578,29.049999237060547,28.700000762939453,28.940000534057617,20.16902542114257,285100
ATO,2010-09-27,28.93000030517578,29.190000534057617,28.850000381469727,29.040000915527344,20.23872756958008,282000
ATO,2010-09-28,29.170000076293945,29.170000076293945,28.790000915527344,29.059999465942383,20.252655029296875,369100
ATO,2010-09-29,29.200000762939453,29.270000457763672,28.76000022888184,29.01000022888184,20.21780776977539,331600
ATO,2010-09-30,29.18000030517578,29.489999771118164,29.18000030517578,29.25,20.38507652282715,713900
ATO,2010-10-01,29.420000076293945,29.459999084472656,29.190000534057617,29.39999961853028,20.489606857299805,532400
ATO,2010-10-04,29.350000381469727,29.450000762939453,29.209999084472656,29.39999961853028,20.489606857299805,569600
ATO,2010-10-05,29.57999992370605,29.709999084472656,29.299999237060547,29.43000030517578,20.51052474975586,484300
ATO,2010-10-06,29.38999938964844,29.459999084472656,29.190000534057617,29.3700008392334,20.468706130981445,228500
ATO,2010-10-07,29.43000030517578,29.65999984741211,29.26000022888184,29.39999961853028,20.489606857299805,291700
ATO,2010-10-08,29.46999931335449,29.46999931335449,29.239999771118164,29.34000015258789,20.44779396057129,421000
ATO,2010-10-11,29.31999969482422,29.350000381469727,29.21999931335449,29.290000915527344,20.41294288635254,510000
ATO,2010-10-12,29.39999961853028,29.39999961853028,29.100000381469727,29.1200008392334,20.29447364807129,517500
ATO,2010-10-13,29.280000686645508,29.350000381469727,29.100000381469727,29.229999542236328,20.37114143371582,344100
ATO,2010-10-14,29.239999771118164,29.32999992370605,29.100000381469727,29.18000030517578,20.336292266845703,399100
ATO,2010-10-15,29.34000015258789,29.36000061035156,29.01000022888184,29.18000030517578,20.336292266845703,334900
ATO,2010-10-18,29.239999771118164,29.479999542236328,29.14999961853028,29.270000457763672,20.39900779724121,313800
ATO,2010-10-19,29.059999465942383,29.450000762939453,29.030000686645508,29.18000030517578,20.336292266845703,438300
ATO,2010-10-20,29.31999969482422,29.40999984741211,29.229999542236328,29.299999237060547,20.4199161529541,337700
ATO,2010-10-21,29.420000076293945,29.530000686645508,28.84000015258789,29.13999938964844,20.30841445922852,339000
ATO,2010-10-22,29.209999084472656,29.209999084472656,28.93000030517578,29.11000061035156,20.287506103515625,145900
ATO,2010-10-25,29.209999084472656,29.3799991607666,29.040000915527344,29.100000381469727,20.280536651611328,231700
ATO,2010-10-26,29.07999992370605,29.350000381469727,28.90999984741211,29.200000762939453,20.35022735595703,475500
ATO,2010-10-27,29.01000022888184,29.350000381469727,28.8700008392334,29.309999465942383,20.42689514160156,423500
ATO,2010-10-28,29.39999961853028,29.600000381469727,29.350000381469727,29.489999771118164,20.552339553833008,413100
ATO,2010-10-29,29.459999084472656,29.56999969482422,29.350000381469727,29.450000762939453,20.524459838867188,439800
ATO,2010-11-01,29.59000015258789,29.739999771118164,29.309999465942383,29.530000686645508,20.580217361450195,393000
ATO,2010-11-02,29.68000030517578,29.940000534057617,29.600000381469727,29.790000915527344,20.761417388916016,340700
ATO,2010-11-03,29.850000381469727,29.8700008392334,29.56999969482422,29.809999465942383,20.77534866333008,409500
ATO,2010-11-04,29.950000762939453,30.440000534057617,29.799999237060547,30.38999938964844,21.1795711517334,615700
ATO,2010-11-05,30.3799991607666,30.489999771118164,30.229999542236328,30.40999984741211,21.19350242614746,411700
ATO,2010-11-08,30.3799991607666,30.459999084472656,30.21999931335449,30.309999465942383,21.123817443847656,417400
ATO,2010-11-09,30.38999938964844,30.51000022888184,30.100000381469727,30.13999938964844,21.00534439086914,645100
ATO,2010-11-10,30.14999961853028,30.3700008392334,30.030000686645508,30.34000015258789,21.14472961425781,600000
ATO,2010-11-11,30.13999938964844,30.25,30.0,30.209999084472656,21.05412673950196,391900
ATO,2010-11-12,30.14999961853028,30.299999237060547,30.040000915527344,30.170000076293945,21.02624893188477,571000
ATO,2010-11-15,30.280000686645508,30.559999465942383,30.170000076293945,30.36000061035156,21.15865898132324,401000
ATO,2010-11-16,30.21999931335449,30.280000686645508,29.86000061035156,30.040000915527344,20.935651779174805,730900
ATO,2010-11-17,30.100000381469727,30.290000915527344,29.950000762939453,30.15999984741211,21.01928329467773,489500
ATO,2010-11-18,30.31999969482422,30.700000762939453,30.270000457763672,30.540000915527344,21.28410148620605,463400
ATO,2010-11-19,30.479999542236328,30.530000686645508,30.270000457763672,30.489999771118164,21.2492618560791,308000
ATO,2010-11-22,30.39999961853028,30.709999084472656,30.3700008392334,30.6299991607666,21.346832275390625,476500
ATO,2010-11-23,30.170000076293945,30.170000076293945,29.75,29.96999931335449,21.12131118774414,356900
ATO,2010-11-24,30.170000076293945,30.38999938964844,30.030000686645508,30.34000015258789,21.382064819335938,395200
ATO,2010-11-26,30.190000534057617,30.3799991607666,30.11000061035156,30.170000076293945,21.262256622314453,208400
ATO,2010-11-29,30.06999969482422,30.290000915527344,29.770000457763672,30.229999542236328,21.304553985595703,532200
ATO,2010-11-30,30.040000915527344,30.21999931335449,29.979999542236328,30.06999969482422,21.19178581237793,630500
ATO,2010-12-01,30.34000015258789,30.709999084472656,30.31999969482422,30.57999992370605,21.55120849609375,412100
ATO,2010-12-02,30.559999465942383,31.549999237060547,30.530000686645508,31.3799991607666,22.11500740051269,960900
ATO,2010-12-03,31.170000076293945,31.84000015258789,30.959999084472656,31.71999931335449,22.3546199798584,958200
ATO,2010-12-06,31.63999938964844,31.81999969482422,31.489999771118164,31.59000015258789,22.263011932373047,784300
ATO,2010-12-07,31.82999992370605,31.989999771118164,31.200000762939453,31.209999084472656,21.99520492553711,2627100
ATO,2010-12-08,31.1200008392334,31.21999931335449,30.809999465942383,30.90999984741211,21.78377723693848,659700
ATO,2010-12-09,30.76000022888184,31.040000915527344,30.65999984741211,30.809999465942383,21.713302612304688,583800
ATO,2010-12-10,31.01000022888184,31.190000534057617,30.84000015258789,31.100000381469727,21.91768264770508,346400
ATO,2010-12-13,31.280000686645508,31.31999969482422,31.06999969482422,31.190000534057617,21.981107711791992,205000
ATO,2010-12-14,31.280000686645508,31.61000061035156,31.26000022888184,31.489999771118164,22.192527770996094,311900
ATO,2010-12-15,31.43000030517578,31.59000015258789,31.040000915527344,31.049999237060547,21.882444381713867,487500
ATO,2010-12-16,31.049999237060547,31.450000762939453,31.049999237060547,31.309999465942383,22.06567001342773,278400
ATO,2010-12-17,31.39999961853028,31.39999961853028,31.09000015258789,31.34000015258789,22.086816787719727,589300
ATO,2010-12-20,31.32999992370605,31.40999984741211,31.1299991607666,31.170000076293945,21.967010498046875,395100
ATO,2010-12-21,31.229999542236328,31.3799991607666,31.21999931335449,31.21999931335449,22.00224494934082,329100
ATO,2010-12-22,31.34000015258789,31.540000915527344,31.26000022888184,31.350000381469727,22.093862533569336,366200
ATO,2010-12-23,31.299999237060547,31.3799991607666,31.18000030517578,31.270000457763672,22.03747940063477,272900
ATO,2010-12-27,31.200000762939453,31.530000686645508,31.06999969482422,31.34000015258789,22.086816787719727,180700
ATO,2010-12-28,31.43000030517578,31.5,31.06999969482422,31.36000061035156,22.100914001464844,261400
ATO,2010-12-29,31.36000061035156,31.51000022888184,31.36000061035156,31.46999931335449,22.178438186645508,126300
ATO,2010-12-30,31.46999931335449,31.57999992370605,31.43000030517578,31.440000534057617,22.15729331970215,130600
ATO,2010-12-31,31.3700008392334,31.5,31.15999984741211,31.200000762939453,21.988155364990234,241700
ATO,2011-01-03,31.440000534057617,31.6299991607666,31.3700008392334,31.520000457763672,22.213672637939453,220200
ATO,2011-01-04,31.549999237060547,31.59000015258789,31.309999465942383,31.51000022888184,22.206626892089844,324300
ATO,2011-01-05,31.420000076293945,31.709999084472656,31.3700008392334,31.6200008392334,22.28415298461914,339000
ATO,2011-01-06,31.63999938964844,31.799999237060547,31.600000381469727,31.709999084472656,22.34757232666016,346500
ATO,2011-01-07,31.76000022888184,32.0,31.56999969482422,31.739999771118164,22.36871719360352,381400
ATO,2011-01-10,31.64999961853028,31.690000534057617,31.38999938964844,31.600000381469727,22.270050048828125,538100
ATO,2011-01-11,31.700000762939453,31.96999931335449,31.700000762939453,31.940000534057617,22.509668350219727,266100
ATO,2011-01-12,32.119998931884766,32.459999084472656,32.04999923706055,32.189998626708984,22.685850143432617,254100
ATO,2011-01-13,32.209999084472656,32.619998931884766,32.209999084472656,32.59000015258789,22.96776008605957,414000
ATO,2011-01-14,32.599998474121094,33.2400016784668,32.56999969482422,33.13999938964844,23.355363845825195,298900
ATO,2011-01-18,33.209999084472656,33.58000183105469,33.04999923706055,33.58000183105469,23.66545867919922,532700
ATO,2011-01-19,33.5,33.779998779296875,33.41999816894531,33.459999084472656,23.580883026123047,543800
ATO,2011-01-20,33.27000045776367,33.54999923706055,32.90999984741211,32.95000076293945,23.221466064453125,446000
ATO,2011-01-21,33.18000030517578,33.20000076293945,32.880001068115234,32.9900016784668,23.24966049194336,219200
ATO,2011-01-24,32.95000076293945,33.13999938964844,32.93000030517578,33.0,23.256704330444336,292400
ATO,2011-01-25,32.93000030517578,33.040000915527344,32.75,33.029998779296875,23.277841567993164,300100
ATO,2011-01-26,33.06999969482422,33.099998474121094,32.88999938964844,33.02000045776367,23.27079200744629,323300
ATO,2011-01-27,32.900001525878906,33.150001525878906,32.900001525878906,32.970001220703125,23.235559463500977,371100
ATO,2011-01-28,32.9900016784668,33.130001068115234,32.599998474121094,32.619998931884766,22.9888916015625,338900
ATO,2011-01-31,32.83000183105469,32.880001068115234,32.59000015258789,32.599998474121094,22.97480201721192,404900
ATO,2011-02-01,32.939998626708984,33.25,32.68000030517578,33.18000030517578,23.3835563659668,510600
ATO,2011-02-02,33.20000076293945,33.310001373291016,33.02000045776367,33.099998474121094,23.32717514038086,322900
ATO,2011-02-03,33.06999969482422,33.20000076293945,33.0099983215332,33.119998931884766,23.341278076171875,380400
ATO,2011-02-04,33.099998474121094,33.150001525878906,32.93000030517578,33.06999969482422,23.30603408813477,316400
ATO,2011-02-07,33.20000076293945,33.2599983215332,33.13999938964844,33.25,23.4328842163086,251100
ATO,2011-02-08,33.29999923706055,33.54999923706055,33.2599983215332,33.4900016784668,23.602031707763672,356000
ATO,2011-02-09,33.29999923706055,33.56999969482422,33.0099983215332,33.380001068115234,23.524497985839844,378500
ATO,2011-02-10,33.310001373291016,33.81999969482422,33.18000030517578,33.720001220703125,23.764123916625977,305400
ATO,2011-02-11,33.619998931884766,33.65999984741211,33.47999954223633,33.5,23.60907554626465,347300
ATO,2011-02-14,33.5,33.619998931884766,33.369998931884766,33.5,23.60907554626465,372600
ATO,2011-02-15,33.470001220703125,33.869998931884766,33.45000076293945,33.599998474121094,23.67954635620117,303200
ATO,2011-02-16,33.709999084472656,33.849998474121094,33.560001373291016,33.77000045776367,23.799362182617188,286600
ATO,2011-02-17,33.709999084472656,34.0,33.709999084472656,33.93000030517578,23.912118911743164,248500
ATO,2011-02-18,33.93000030517578,34.13999938964844,33.79999923706055,34.130001068115234,24.05307006835937,261200
ATO,2011-02-22,33.709999084472656,34.2400016784668,33.709999084472656,34.06999969482422,24.010778427124023,436900
ATO,2011-02-23,33.619998931884766,33.720001220703125,33.36000061035156,33.369998931884766,23.75450897216797,729200
ATO,2011-02-24,33.27000045776367,33.459999084472656,33.189998626708984,33.2599983215332,23.67620658874512,401600
ATO,2011-02-25,33.380001068115234,33.72999954223633,33.040000915527344,33.72999954223633,24.010780334472656,386000
ATO,2011-02-28,33.880001068115234,34.16999816894531,33.810001373291016,33.81999969482422,24.07485580444336,523900
ATO,2011-03-01,33.959999084472656,34.27000045776367,33.709999084472656,33.86000061035156,24.10332298278809,418000
ATO,2011-03-02,33.88999938964844,34.5099983215332,33.88999938964844,34.290000915527344,24.409421920776367,581200
ATO,2011-03-03,34.439998626708984,34.93000030517578,34.439998626708984,34.849998474121094,24.80805015563965,455900
ATO,2011-03-04,34.68000030517578,35.02000045776367,34.45000076293945,34.75,24.73687171936035,469900
ATO,2011-03-07,34.959999084472656,35.11000061035156,34.689998626708984,34.83000183105469,24.793821334838867,709200
ATO,2011-03-08,34.77000045776367,35.220001220703125,34.72999954223633,34.97999954223633,24.90059471130371,431200
ATO,2011-03-09,34.9900016784668,35.25,34.720001220703125,34.790000915527344,24.76534080505371,475600
ATO,2011-03-10,34.540000915527344,34.59000015258789,33.88999938964844,33.91999816894531,24.146041870117188,465400
ATO,2011-03-11,33.849998474121094,34.119998931884766,33.689998626708984,34.0099983215332,24.210094451904297,316000
ATO,2011-03-14,33.72999954223633,33.810001373291016,33.4900016784668,33.7400016784668,24.01790428161621,446900
ATO,2011-03-15,32.720001220703125,33.27000045776367,32.2400016784668,33.06999969482422,23.54095458984375,426900
ATO,2011-03-16,33.040000915527344,33.209999084472656,32.59000015258789,32.95000076293945,23.455537796020508,524500
ATO,2011-03-17,33.290000915527344,33.380001068115234,32.939998626708984,33.0099983215332,23.498247146606445,318000
ATO,2011-03-18,33.189998626708984,33.720001220703125,33.15999984741211,33.22999954223633,23.654857635498047,320000
ATO,2011-03-21,33.5099983215332,34.099998474121094,33.45000076293945,33.900001525878906,24.13179397583008,344900
ATO,2011-03-22,33.97999954223633,34.04999923706055,33.439998626708984,33.66999816894531,23.968074798583984,408300
ATO,2011-03-23,33.709999084472656,33.709999084472656,33.18000030517578,33.540000915527344,23.87552833557129,215900
ATO,2011-03-24,33.709999084472656,33.7400016784668,33.369998931884766,33.56999969482422,23.896879196166992,186900
ATO,2011-03-25,33.7400016784668,34.13999938964844,33.619998931884766,33.66999816894531,23.968074798583984,241400
ATO,2011-03-28,33.709999084472656,34.0,33.47999954223633,33.529998779296875,23.86840438842773,231800
ATO,2011-03-29,33.54999923706055,33.54999923706055,33.349998474121094,33.5,23.84705352783203,380100
ATO,2011-03-30,33.52000045776367,34.060001373291016,33.52000045776367,33.849998474121094,24.09620475769043,261100
ATO,2011-03-31,33.88999938964844,34.189998626708984,33.810001373291016,34.099998474121094,24.27416610717773,256400
ATO,2011-04-01,34.279998779296875,34.66999816894531,34.22999954223633,34.58000183105469,24.615854263305664,256000
ATO,2011-04-04,34.619998931884766,34.689998626708984,34.36000061035156,34.45000076293945,24.5233154296875,267700
ATO,2011-04-05,34.349998474121094,34.619998931884766,34.220001220703125,34.459999084472656,24.530437469482425,210700
ATO,2011-04-06,34.619998931884766,34.7599983215332,34.369998931884766,34.369998931884766,24.46637344360352,292100
ATO,2011-04-07,34.31999969482422,34.43000030517578,33.77000045776367,33.86000061035156,24.10332298278809,267000
ATO,2011-04-08,34.029998779296875,34.11000061035156,33.52000045776367,33.79999923706055,24.060609817504883,168200
ATO,2011-04-11,33.86000061035156,33.869998931884766,33.380001068115234,33.5099983215332,23.85417556762696,171200
ATO,2011-04-12,33.400001525878906,33.4900016784668,32.90999984741211,32.939998626708984,23.448415756225582,231400
ATO,2011-04-13,33.0099983215332,33.279998779296875,32.9900016784668,33.0099983215332,23.498247146606445,203700
ATO,2011-04-14,32.790000915527344,33.33000183105469,32.790000915527344,33.189998626708984,23.626384735107425,208400
ATO,2011-04-15,33.2599983215332,33.7400016784668,33.18000030517578,33.540000915527344,23.87552833557129,119100
ATO,2011-04-18,33.25,33.31999969482422,32.810001373291016,32.95000076293945,23.455537796020508,266800
ATO,2011-04-19,32.95000076293945,33.09000015258789,32.7599983215332,32.970001220703125,23.469772338867188,145700
ATO,2011-04-20,33.279998779296875,33.599998474121094,33.279998779296875,33.47999954223633,23.83281517028809,231600
ATO,2011-04-21,33.59000015258789,33.59000015258789,33.29999923706055,33.41999816894531,23.790102005004883,226700
ATO,2011-04-25,33.41999816894531,33.52000045776367,33.209999084472656,33.45000076293945,23.81146812438965,164000
ATO,2011-04-26,33.459999084472656,34.15999984741211,33.459999084472656,34.0,24.202980041503903,422700
ATO,2011-04-27,33.97999954223633,34.41999816894531,33.93000030517578,34.41999816894531,24.501956939697266,303300
ATO,2011-04-28,34.380001068115234,34.77000045776367,34.36000061035156,34.70000076293945,24.70127868652344,300500
ATO,2011-04-29,34.70000076293945,34.939998626708984,34.540000915527344,34.88999938964844,24.83653259277344,241000
ATO,2011-05-02,35.0099983215332,35.0099983215332,34.560001373291016,34.61000061035156,24.637205123901367,222000
ATO,2011-05-03,34.61000061035156,34.88999938964844,34.529998779296875,34.619998931884766,24.644323348999023,223000
ATO,2011-05-04,34.540000915527344,34.56999969482422,34.11000061035156,34.220001220703125,24.35958671569824,274000
ATO,2011-05-05,33.970001220703125,34.2400016784668,33.47999954223633,33.95000076293945,24.16739082336425,267300
ATO,2011-05-06,34.119998931884766,34.540000915527344,34.040000915527344,34.20000076293945,24.345354080200195,266200
ATO,2011-05-09,34.27000045776367,34.65999984741211,34.150001525878906,34.61000061035156,24.637205123901367,259000
ATO,2011-05-10,34.560001373291016,35.08000183105469,34.560001373291016,34.939998626708984,24.872129440307617,246200
ATO,2011-05-11,34.88999938964844,34.970001220703125,34.27000045776367,34.40999984741211,24.494848251342773,323600
ATO,2011-05-12,34.310001373291016,34.47999954223633,34.02000045776367,34.349998474121094,24.452133178710938,744000
ATO,2011-05-13,34.279998779296875,34.36000061035156,33.599998474121094,34.04999923706055,24.238574981689453,656400
ATO,2011-05-16,33.88999938964844,33.91999816894531,33.61000061035156,33.650001525878906,23.953840255737305,358100
ATO,2011-05-17,33.52000045776367,33.709999084472656,33.189998626708984,33.369998931884766,23.75450897216797,583000
ATO,2011-05-18,33.439998626708984,33.56999969482422,33.25,33.560001373291016,23.889768600463867,413600
ATO,2011-05-19,33.689998626708984,33.86000061035156,33.349998474121094,33.84000015258789,24.089088439941406,422500
ATO,2011-05-20,33.790000915527344,33.970001220703125,33.54999923706055,33.83000183105469,24.081972122192383,346100
ATO,2011-05-23,33.2599983215332,33.5,32.97999954223633,33.08000183105469,23.78714370727539,303100
ATO,2011-05-24,33.2400016784668,33.25,32.88999938964844,32.900001525878906,23.65771675109864,215400
ATO,2011-05-25,32.93000030517578,33.04999923706055,32.63999938964844,32.93000030517578,23.67928504943848,351200
ATO,2011-05-26,32.95000076293945,33.09000015258789,32.650001525878906,32.9900016784668,23.7224349975586,300700
ATO,2011-05-27,33.13999938964844,33.220001220703125,32.91999816894531,33.09000015258789,23.794336318969727,319900
ATO,2011-05-31,33.4900016784668,33.4900016784668,33.15999984741211,33.349998474121094,23.98128890991211,720400
ATO,2011-06-01,33.369998931884766,33.43000030517578,32.849998474121094,32.900001525878906,23.65771675109864,471700
ATO,2011-06-02,32.7599983215332,32.959999084472656,32.2400016784668,32.5,23.37007141113281,714000
ATO,2011-06-03,32.02000045776367,32.119998931884766,31.700000762939453,31.90999984741211,22.945819854736328,756600
ATO,2011-06-06,31.799999237060547,31.96999931335449,31.57999992370605,31.780000686645508,22.85234260559082,581600
ATO,2011-06-07,31.850000381469727,32.0099983215332,31.6200008392334,31.739999771118164,22.823579788208008,1185800
ATO,2011-06-08,31.780000686645508,32.0,31.76000022888184,31.86000061035156,22.90986633300781,546700
ATO,2011-06-09,31.86000061035156,31.86000061035156,31.479999542236328,31.71999931335449,22.809192657470703,499400
ATO,2011-06-10,31.71999931335449,31.75,31.549999237060547,31.57999992370605,22.70852279663086,633400
ATO,2011-06-13,31.63999938964844,31.700000762939453,31.38999938964844,31.450000762939453,22.61504364013672,355600
ATO,2011-06-14,31.63999938964844,31.82999992370605,31.450000762939453,31.65999984741211,22.76604652404785,313700
ATO,2011-06-15,31.51000022888184,31.65999984741211,31.229999542236328,31.34000015258789,22.535945892333984,419800
ATO,2011-06-16,31.420000076293945,31.709999084472656,31.350000381469727,31.5,22.651002883911133,416300
ATO,2011-06-17,31.709999084472656,32.09000015258789,31.57999992370605,31.90999984741211,22.945819854736328,859900
ATO,2011-06-20,31.88999938964844,32.29999923706055,31.86000061035156,32.16999816894531,23.13278579711914,434000
ATO,2011-06-21,32.31999969482422,32.36000061035156,32.189998626708984,32.310001373291016,23.23346328735352,289500
ATO,2011-06-22,32.279998779296875,32.439998626708984,32.130001068115234,32.290000915527344,23.219072341918945,296800
ATO,2011-06-23,32.0099983215332,32.310001373291016,31.729999542236328,32.2599983215332,23.19750213623047,602400
ATO,2011-06-24,32.34000015258789,32.540000915527344,32.209999084472656,32.29999923706055,23.22626304626465,661900
ATO,2011-06-27,32.369998931884766,32.63999938964844,32.31999969482422,32.349998474121094,23.26221466064453,241100
ATO,2011-06-28,32.4900016784668,32.7599983215332,32.380001068115234,32.61000061035156,23.449174880981445,271900
ATO,2011-06-29,32.720001220703125,33.20000076293945,32.650001525878906,33.099998474121094,23.801523208618164,503100
ATO,2011-06-30,33.220001220703125,33.33000183105469,33.099998474121094,33.25,23.909385681152344,531800
ATO,2011-07-01,33.369998931884766,33.849998474121094,33.279998779296875,33.849998474121094,24.3408317565918,288500
ATO,2011-07-05,33.86000061035156,33.93000030517578,33.599998474121094,33.650001525878906,24.197021484375,315200
ATO,2011-07-06,33.68000030517578,34.060001373291016,33.58000183105469,33.9900016784668,24.44150924682617,359700
ATO,2011-07-07,34.2400016784668,34.2400016784668,33.849998474121094,34.0,24.44869613647461,583000
ATO,2011-07-08,33.75,33.97999954223633,33.689998626708984,33.95000076293945,24.412744522094727,328900
ATO,2011-07-11,33.75,33.880001068115234,33.560001373291016,33.65999984741211,24.204219818115234,381400
ATO,2011-07-12,33.540000915527344,33.91999816894531,33.470001220703125,33.720001220703125,24.247352600097656,422500
ATO,2011-07-13,33.779998779296875,34.09000015258789,33.689998626708984,33.75,24.26892852783203,369100
ATO,2011-07-14,33.880001068115234,34.08000183105469,33.5,33.59000015258789,24.153871536254883,396100
ATO,2011-07-15,33.63999938964844,33.93000030517578,33.5099983215332,33.869998931884766,24.355213165283203,345500
ATO,2011-07-18,33.869998931884766,33.900001525878906,33.15999984741211,33.2599983215332,23.91657447814941,324600
ATO,2011-07-19,33.45000076293945,33.52000045776367,33.20000076293945,33.41999816894531,24.03162384033203,310000
ATO,2011-07-20,33.40999984741211,33.93000030517578,33.38999938964844,33.880001068115234,24.362409591674805,358600
ATO,2011-07-21,33.939998626708984,34.349998474121094,33.900001525878906,34.27000045776367,24.642847061157227,208800
ATO,2011-07-22,34.25,34.369998931884766,34.0099983215332,34.16999816894531,24.57093620300293,229700
ATO,2011-07-25,34.22999954223633,34.41999816894531,33.91999816894531,34.220001220703125,24.606895446777344,330200
ATO,2011-07-26,34.31999969482422,34.31999969482422,33.900001525878906,33.95000076293945,24.412744522094727,262800
ATO,2011-07-27,33.86000061035156,34.04999923706055,33.65999984741211,33.790000915527344,24.297691345214844,455100
ATO,2011-07-28,33.84000015258789,33.90999984741211,33.459999084472656,33.58000183105469,24.14668273925781,396500
ATO,2011-07-29,33.31999969482422,33.70000076293945,33.06999969482422,33.43000030517578,24.0388298034668,348100
ATO,2011-08-01,33.709999084472656,33.970001220703125,33.540000915527344,33.90999984741211,24.383983612060547,508800
ATO,2011-08-02,33.77000045776367,34.150001525878906,33.63999938964844,33.65999984741211,24.204219818115234,617200
ATO,2011-08-03,33.650001525878906,33.75,33.25,33.70000076293945,24.23296546936035,652200
ATO,2011-08-04,33.130001068115234,33.380001068115234,31.96999931335449,31.989999771118164,23.003347396850582,1168800
ATO,2011-08-05,32.27000045776367,32.27000045776367,30.920000076293945,31.32999992370605,22.52875518798828,843000
ATO,2011-08-08,30.270000457763672,30.420000076293945,28.84000015258789,28.8700008392334,20.75981903076172,1066400
ATO,2011-08-09,29.15999984741211,30.979999542236328,28.51000022888184,30.96999931335449,22.269893646240234,836500
ATO,2011-08-10,30.450000762939453,30.989999771118164,29.96999931335449,29.96999931335449,21.5508041381836,849100
ATO,2011-08-11,30.030000686645508,31.479999542236328,29.82999992370605,31.209999084472656,22.442466735839844,672900
ATO,2011-08-12,31.32999992370605,31.600000381469727,31.01000022888184,31.190000534057617,22.428083419799805,434900
ATO,2011-08-15,31.40999984741211,32.220001220703125,31.40999984741211,32.20000076293945,23.154356002807617,451500
ATO,2011-08-16,31.940000534057617,32.45000076293945,31.90999984741211,32.279998779296875,23.211885452270508,429500
ATO,2011-08-17,32.5,32.83000183105469,32.36000061035156,32.47999954223633,23.355693817138672,320100
ATO,2011-08-18,31.780000686645508,32.220001220703125,31.700000762939453,31.940000534057617,22.96739196777344,554100
ATO,2011-08-19,31.600000381469727,32.20000076293945,31.600000381469727,31.75,22.830772399902344,326800
ATO,2011-08-22,32.2400016784668,32.36000061035156,31.3700008392334,31.5,22.651002883911133,525400
ATO,2011-08-23,31.25,32.20000076293945,31.020000457763672,32.20000076293945,23.407001495361328,525800
ATO,2011-08-24,32.119998931884766,33.279998779296875,32.119998931884766,33.16999816894531,24.112117767333984,396000
ATO,2011-08-25,33.34000015258789,33.45000076293945,32.22999954223633,32.43000030517578,23.57419204711914,517600
ATO,2011-08-26,32.18000030517578,32.36000061035156,31.600000381469727,32.25,23.443342208862305,676200
ATO,2011-08-29,32.70000076293945,33.099998474121094,32.54999923706055,33.040000915527344,24.01762008666992,738300
ATO,2011-08-30,32.9900016784668,33.5,32.900001525878906,33.40999984741211,24.28657913208008,453800
ATO,2011-08-31,33.5,33.630001068115234,33.13999938964844,33.540000915527344,24.38107681274414,735900
ATO,2011-09-01,33.619998931884766,34.310001373291016,33.58000183105469,34.150001525878906,24.824512481689453,857300
ATO,2011-09-02,33.58000183105469,34.060001373291016,33.400001525878906,33.459999084472656,24.32291984558105,529800
ATO,2011-09-06,32.630001068115234,33.040000915527344,32.5,32.970001220703125,23.96673393249512,494800
ATO,2011-09-07,33.439998626708984,33.93000030517578,33.2400016784668,33.90999984741211,24.650041580200195,444900
ATO,2011-09-08,33.720001220703125,34.83000183105469,33.720001220703125,34.31999969482422,24.948087692260746,1735800
ATO,2011-09-09,33.970001220703125,34.25,32.81999969482422,33.06999969482422,24.039426803588867,661500
ATO,2011-09-12,32.709999084472656,33.099998474121094,32.45000076293945,33.08000183105469,24.04669761657715,429200
ATO,2011-09-13,33.25,33.279998779296875,32.619998931884766,32.91999816894531,23.93038558959961,489500
ATO,2011-09-14,33.130001068115234,33.720001220703125,32.68000030517578,33.41999816894531,24.293848037719727,683200
ATO,2011-09-15,33.599998474121094,33.86000061035156,33.380001068115234,33.650001525878906,24.461048126220703,455700
ATO,2011-09-16,33.79999923706055,33.959999084472656,33.41999816894531,33.5,24.35199928283692,743500
ATO,2011-09-19,33.11000061035156,33.689998626708984,32.93000030517578,33.470001220703125,24.3301944732666,354100
ATO,2011-09-20,33.65999984741211,34.310001373291016,33.59000015258789,33.650001525878906,24.461048126220703,520300
ATO,2011-09-21,33.61000061035156,33.630001068115234,32.31999969482422,32.31999969482422,23.494230270385746,404900
ATO,2011-09-22,31.61000061035156,31.90999984741211,30.799999237060547,31.07999992370605,22.59284782409668,568000
ATO,2011-09-23,31.09000015258789,31.32999992370605,30.850000381469727,31.32999992370605,22.774572372436523,395200
ATO,2011-09-26,31.520000457763672,31.700000762939453,31.040000915527344,31.440000534057617,22.85453414916992,462400
ATO,2011-09-27,32.029998779296875,32.290000915527344,31.81999969482422,32.0099983215332,23.268882751464844,425900
ATO,2011-09-28,32.16999816894531,32.16999816894531,30.979999542236328,31.049999237060547,22.57104110717773,280900
ATO,2011-09-29,31.63999938964844,32.95000076293945,31.51000022888184,32.95000076293945,23.95219612121582,933600
ATO,2011-09-30,32.68000030517578,33.31999969482422,32.41999816894531,32.45000076293945,23.58873176574707,773500
ATO,2011-10-03,32.29999923706055,32.61000061035156,30.809999465942383,30.96999931335449,22.512882232666016,548200
ATO,2011-10-04,30.76000022888184,31.26000022888184,30.0,31.209999084472656,22.687345504760746,885300
ATO,2011-10-05,31.3700008392334,32.119998931884766,30.940000534057617,32.0099983215332,23.268882751464844,520500
ATO,2011-10-06,32.029998779296875,32.5099983215332,31.770000457763672,32.4900016784668,23.617809295654297,351300
ATO,2011-10-07,32.630001068115234,32.779998779296875,31.86000061035156,31.940000534057617,23.218002319335938,413900
ATO,2011-10-10,32.43000030517578,32.790000915527344,32.2400016784668,32.630001068115234,23.719581604003903,365300
ATO,2011-10-11,32.45000076293945,32.54999923706055,32.16999816894531,32.47999954223633,23.61054229736328,317700
ATO,2011-10-12,32.56999969482422,32.97999954223633,32.439998626708984,32.56999969482422,23.675960540771484,389200
ATO,2011-10-13,32.369998931884766,33.150001525878906,32.2400016784668,33.08000183105469,24.04669761657715,348000
ATO,2011-10-14,33.31999969482422,33.40999984741211,32.90999984741211,33.15999984741211,24.10485076904297,321900
ATO,2011-10-17,33.150001525878906,33.20000076293945,32.720001220703125,32.83000183105469,23.86496925354004,580700
ATO,2011-10-18,32.900001525878906,33.52000045776367,32.560001373291016,33.33000183105469,24.22842597961425,261400
ATO,2011-10-19,33.349998474121094,33.83000183105469,33.040000915527344,33.220001220703125,24.14846992492676,258500
ATO,2011-10-20,33.209999084472656,33.43000030517578,32.81999969482422,33.15999984741211,24.10485076904297,285600
ATO,2011-10-21,33.52000045776367,33.72999954223633,33.29999923706055,33.619998931884766,24.43923568725586,254200
ATO,2011-10-24,33.689998626708984,34.02000045776367,33.52000045776367,34.0,24.71545791625977,285000
ATO,2011-10-25,33.97999954223633,34.09000015258789,33.349998474121094,33.400001525878906,24.27931022644043,285600
ATO,2011-10-26,33.779998779296875,33.86000061035156,33.369998931884766,33.65999984741211,24.468320846557617,270200
ATO,2011-10-27,34.75,35.2599983215332,34.40999984741211,34.970001220703125,25.42058753967285,433700
ATO,2011-10-28,34.869998931884766,35.119998931884766,34.810001373291016,34.88999938964844,25.36243438720703,276500
ATO,2011-10-31,34.56999969482422,34.91999816894531,34.27000045776367,34.31999969482422,24.948087692260746,525900
ATO,2011-11-01,33.439998626708984,34.04999923706055,32.900001525878906,33.029998779296875,24.010353088378903,434900
ATO,2011-11-02,33.43000030517578,34.29999923706055,33.40999984741211,33.79999923706055,24.570077896118164,443200
ATO,2011-11-03,34.15999984741211,34.93000030517578,34.15999984741211,34.880001068115234,25.35515594482422,363500
ATO,2011-11-04,34.61000061035156,35.189998626708984,34.470001220703125,35.099998474121094,25.51508522033692,289700
ATO,2011-11-07,35.20000076293945,35.31999969482422,34.22999954223633,35.130001068115234,25.53688621520996,277300
ATO,2011-11-08,35.13999938964844,35.54999923706055,34.619998931884766,35.400001525878906,25.7331657409668,439700
ATO,2011-11-09,34.880001068115234,35.38999938964844,34.0099983215332,34.31999969482422,24.948087692260746,298300
ATO,2011-11-10,34.959999084472656,35.52000045776367,33.90999984741211,34.540000915527344,25.108009338378903,421300
ATO,2011-11-11,34.72999954223633,35.400001525878906,34.72999954223633,35.349998474121094,25.696821212768555,317900
ATO,2011-11-14,35.2400016784668,35.279998779296875,34.83000183105469,34.91999816894531,25.38424301147461,500800
ATO,2011-11-15,34.75,35.18000030517578,34.5,35.02000045776367,25.456926345825195,262800
ATO,2011-11-16,34.779998779296875,35.41999816894531,34.65999984741211,35.0099983215332,25.44966697692871,392700
ATO,2011-11-17,35.0,35.04999923706055,34.560001373291016,34.88999938964844,25.36243438720703,592800
ATO,2011-11-18,35.0,35.09000015258789,34.689998626708984,34.95000076293945,25.406042098999023,431700
ATO,2011-11-21,34.540000915527344,34.72999954223633,33.689998626708984,34.099998474121094,24.78815460205078,839200
ATO,2011-11-22,33.75,33.900001525878906,33.09000015258789,33.11000061035156,24.314502716064453,594400
ATO,2011-11-23,32.869998931884766,32.970001220703125,32.400001525878906,32.540000915527344,23.89591789245605,419500
ATO,2011-11-25,32.380001068115234,32.83000183105469,32.380001068115234,32.47999954223633,23.851856231689453,273200
ATO,2011-11-28,33.220001220703125,33.2599983215332,32.619998931884766,32.779998779296875,24.07215881347656,475900
ATO,2011-11-29,32.91999816894531,33.349998474121094,32.83000183105469,33.29999923706055,24.45402717590332,461600
ATO,2011-11-30,34.119998931884766,34.38999938964844,33.869998931884766,34.209999084472656,25.12229347229004,648400
ATO,2011-12-01,34.130001068115234,34.630001068115234,34.11000061035156,34.13999938964844,25.07088661193848,374300
ATO,2011-12-02,32.619998931884766,33.380001068115234,32.060001373291016,32.52000045776367,23.88122940063477,2692700
ATO,2011-12-05,32.959999084472656,33.349998474121094,32.58000183105469,33.279998779296875,24.43934440612793,1356600
ATO,2011-12-06,33.290000915527344,33.400001525878906,32.959999084472656,33.22999954223633,24.402626037597656,763600
ATO,2011-12-07,33.189998626708984,33.209999084472656,32.70000076293945,32.86000061035156,24.13091278076172,4995400
ATO,2011-12-08,32.779998779296875,32.880001068115234,32.209999084472656,32.349998474121094,23.756385803222656,773700
ATO,2011-12-09,32.470001220703125,32.95000076293945,32.290000915527344,32.869998931884766,24.13825225830078,629200
ATO,2011-12-12,32.75,32.75,31.959999084472656,32.31999969482422,23.734352111816406,955900
ATO,2011-12-13,32.599998474121094,32.849998474121094,31.96999931335449,32.099998474121094,23.57280158996582,892000
ATO,2011-12-14,31.959999084472656,32.119998931884766,31.76000022888184,31.989999771118164,23.49201774597168,758900
ATO,2011-12-15,32.29999923706055,32.61000061035156,32.20000076293945,32.40999984741211,23.80045318603516,450500
ATO,2011-12-16,32.560001373291016,33.02000045776367,32.560001373291016,32.75,24.05013084411621,889600
ATO,2011-12-19,32.849998474121094,33.0,32.08000183105469,32.13999938964844,23.6021728515625,591600
ATO,2011-12-20,32.599998474121094,33.04999923706055,32.599998474121094,32.72999954223633,24.03544235229492,469800
ATO,2011-12-21,32.720001220703125,33.119998931884766,32.61000061035156,33.029998779296875,24.25575256347656,447900
ATO,2011-12-22,33.099998474121094,33.22999954223633,32.880001068115234,33.150001525878906,24.343873977661133,267600
ATO,2011-12-23,33.29999923706055,33.380001068115234,33.16999816894531,33.25,24.417312622070312,163400
ATO,2011-12-27,33.20000076293945,33.65999984741211,33.11000061035156,33.540000915527344,24.630268096923828,236100
ATO,2011-12-28,33.560001373291016,33.779998779296875,33.439998626708984,33.45000076293945,24.56418228149414,327800
ATO,2011-12-29,33.59000015258789,33.7400016784668,33.43000030517578,33.65999984741211,24.718400955200195,328700
ATO,2011-12-30,33.72999954223633,33.93000030517578,33.33000183105469,33.349998474121094,24.490741729736328,355500
ATO,2012-01-03,33.83000183105469,33.83000183105469,33.060001373291016,33.150001525878906,24.343873977661133,365200
ATO,2012-01-04,33.04999923706055,33.47999954223633,32.97999954223633,32.97999954223633,24.219032287597656,522100
ATO,2012-01-05,32.959999084472656,33.0099983215332,32.470001220703125,32.849998474121094,24.123565673828125,462900
ATO,2012-01-06,32.880001068115234,32.95000076293945,32.630001068115234,32.650001525878906,23.97669982910156,412800
ATO,2012-01-09,32.77000045776367,32.83000183105469,32.27000045776367,32.380001068115234,23.77841758728028,700400
ATO,2012-01-10,32.560001373291016,32.599998474121094,32.25,32.27000045776367,23.69763946533203,532000
ATO,2012-01-11,32.2400016784668,32.560001373291016,32.15999984741211,32.4900016784668,23.85919952392578,325800
ATO,2012-01-12,32.5099983215332,32.61000061035156,32.27000045776367,32.439998626708984,23.822484970092773,268400
ATO,2012-01-13,32.22999954223633,32.560001373291016,32.04999923706055,32.290000915527344,23.71233558654785,323900
ATO,2012-01-17,32.439998626708984,32.70000076293945,32.13999938964844,32.34000015258789,23.749048233032227,304900
ATO,2012-01-18,32.36000061035156,32.4900016784668,32.16999816894531,32.4900016784668,23.85919952392578,219100
ATO,2012-01-19,32.56999969482422,32.58000183105469,32.06999969482422,32.150001525878906,23.609519958496094,245100
ATO,2012-01-20,32.15999984741211,32.65999984741211,32.150001525878906,32.560001373291016,23.91060256958008,256100
ATO,2012-01-23,32.630001068115234,32.93000030517578,32.439998626708984,32.56999969482422,23.91794776916504,232300
ATO,2012-01-24,32.40999984741211,32.540000915527344,32.150001525878906,32.220001220703125,23.66092300415039,288500
ATO,2012-01-25,32.2400016784668,32.63999938964844,31.940000534057617,32.599998474121094,23.93998336791992,357500
ATO,2012-01-26,32.66999816894531,33.040000915527344,32.58000183105469,33.0099983215332,24.241060256958008,286400
ATO,2012-01-27,32.970001220703125,32.970001220703125,32.290000915527344,32.34000015258789,23.749048233032227,389200
ATO,2012-01-30,32.189998626708984,32.31999969482422,32.06999969482422,32.119998931884766,23.58748245239257,334500
ATO,2012-01-31,32.33000183105469,32.470001220703125,32.06999969482422,32.40999984741211,23.80045318603516,495600
ATO,2012-02-01,32.5099983215332,32.68000030517578,32.40999984741211,32.619998931884766,23.954662322998047,340100
ATO,2012-02-02,32.61000061035156,32.880001068115234,32.45000076293945,32.619998931884766,23.954662322998047,265700
ATO,2012-02-03,32.900001525878906,33.02000045776367,32.66999816894531,32.79999923706055,24.08684730529785,320700
ATO,2012-02-06,32.689998626708984,32.810001373291016,32.400001525878906,32.599998474121094,23.93998336791992,244000
ATO,2012-02-07,32.5,33.04999923706055,32.45000076293945,32.869998931884766,24.13825225830078,248800
ATO,2012-02-08,32.77000045776367,32.77000045776367,32.0,32.380001068115234,23.77841758728028,562600
ATO,2012-02-09,32.540000915527344,32.65999984741211,32.0,32.150001525878906,23.609519958496094,428500
ATO,2012-02-10,32.0,32.04999923706055,31.51000022888184,31.559999465942383,23.176250457763672,319300
ATO,2012-02-13,31.86000061035156,32.150001525878906,31.51000022888184,31.75,23.315778732299805,330000
ATO,2012-02-14,31.770000457763672,31.8799991607666,31.43000030517578,31.540000915527344,23.161561965942383,237700
ATO,2012-02-15,31.530000686645508,31.729999542236328,31.280000686645508,31.450000762939453,23.095468521118164,279700
ATO,2012-02-16,31.40999984741211,31.979999542236328,31.40999984741211,31.63999938964844,23.234996795654297,447000
ATO,2012-02-17,31.690000534057617,32.08000183105469,31.5,31.799999237060547,23.35249710083008,288900
ATO,2012-02-21,31.88999938964844,32.15999984741211,31.709999084472656,32.09000015258789,23.56545639038086,411100
ATO,2012-02-22,32.130001068115234,32.22999954223633,31.780000686645508,31.989999771118164,23.49201774597168,681100
ATO,2012-02-23,31.81999969482422,32.11000061035156,31.68000030517578,32.04999923706055,23.79267883300781,399200
ATO,2012-02-24,32.0099983215332,32.0099983215332,31.68000030517578,31.68000030517578,23.51800537109375,471400
ATO,2012-02-27,31.56999969482422,31.64999961853028,31.21999931335449,31.3799991607666,23.295297622680664,629500
ATO,2012-02-28,31.31999969482422,31.459999084472656,30.71999931335449,30.88999938964844,22.93153953552246,584900
ATO,2012-02-29,30.76000022888184,31.229999542236328,30.68000030517578,30.729999542236328,22.812763214111328,980400
ATO,2012-03-01,30.799999237060547,31.09000015258789,30.709999084472656,31.040000915527344,23.042892456054688,800800
ATO,2012-03-02,30.940000534057617,31.059999465942383,30.76000022888184,30.950000762939453,22.976078033447266,476300
ATO,2012-03-05,30.88999938964844,31.229999542236328,30.709999084472656,31.229999542236328,23.18394470214844,375200
ATO,2012-03-06,31.0,31.06999969482422,30.64999961853028,30.75,22.827606201171875,304600
ATO,2012-03-07,30.81999969482422,30.89999961853028,30.520000457763672,30.739999771118164,22.820186614990234,312800
ATO,2012-03-08,30.809999465942383,31.059999465942383,30.56999969482422,30.920000076293945,22.95380973815918,362300
ATO,2012-03-09,30.989999771118164,31.280000686645508,30.88999938964844,31.09000015258789,23.080007553100582,271500
ATO,2012-03-12,31.170000076293945,31.350000381469727,31.11000061035156,31.200000762939453,23.16166305541992,455000
ATO,2012-03-13,31.36000061035156,31.459999084472656,31.14999961853028,31.459999084472656,23.35468292236328,295400
ATO,2012-03-14,31.489999771118164,31.530000686645508,31.049999237060547,31.11000061035156,23.09486198425293,325800
ATO,2012-03-15,31.13999938964844,31.15999984741211,30.729999542236328,30.81999969482422,22.87957763671875,356300
ATO,2012-03-16,30.81999969482422,30.89999961853028,30.65999984741211,30.709999084472656,22.79791641235352,610300
ATO,2012-03-19,30.709999084472656,31.040000915527344,30.57999992370605,30.780000686645508,22.849878311157227,305400
ATO,2012-03-20,30.739999771118164,30.89999961853028,30.559999465942383,30.6299991607666,22.738523483276367,380500
ATO,2012-03-21,30.690000534057617,30.729999542236328,30.420000076293945,30.600000381469727,22.71625518798828,304400
ATO,2012-03-22,30.489999771118164,30.6200008392334,30.38999938964844,30.61000061035156,22.723676681518555,388900
ATO,2012-03-23,30.56999969482422,30.799999237060547,30.440000534057617,30.799999237060547,22.864727020263672,359500
ATO,2012-03-26,30.989999771118164,31.190000534057617,30.8799991607666,30.989999771118164,23.00577735900879,486500
ATO,2012-03-27,30.89999961853028,31.209999084472656,30.8700008392334,31.11000061035156,23.09486198425293,414000
ATO,2012-03-28,31.06999969482422,31.200000762939453,30.739999771118164,30.8799991607666,22.924110412597656,351200
ATO,2012-03-29,30.729999542236328,31.21999931335449,30.530000686645508,31.190000534057617,23.154247283935547,631800
ATO,2012-03-30,31.290000915527344,31.600000381469727,31.13999938964844,31.459999084472656,23.35468292236328,611000
ATO,2012-04-02,31.440000534057617,31.950000762939453,31.280000686645508,31.51000022888184,23.391807556152344,658500
ATO,2012-04-03,31.450000762939453,31.81999969482422,31.450000762939453,31.799999237060547,23.60708999633789,666900
ATO,2012-04-04,31.56999969482422,31.75,31.40999984741211,31.71999931335449,23.54769897460937,523600
ATO,2012-04-05,31.690000534057617,31.76000022888184,31.270000457763672,31.440000534057617,23.33983993530273,311900
ATO,2012-04-09,31.200000762939453,31.26000022888184,30.950000762939453,31.170000076293945,23.13939666748047,579300
ATO,2012-04-10,31.170000076293945,31.170000076293945,30.799999237060547,31.01000022888184,23.0206241607666,531200
ATO,2012-04-11,31.239999771118164,31.239999771118164,30.86000061035156,30.90999984741211,22.94639205932617,284500
ATO,2012-04-12,30.850000381469727,31.170000076293945,30.81999969482422,31.1200008392334,23.102283477783203,346300
ATO,2012-04-13,31.01000022888184,31.3700008392334,30.89999961853028,30.950000762939453,22.976078033447266,287700
ATO,2012-04-16,30.950000762939453,31.559999465942383,30.89999961853028,31.450000762939453,23.34725952148437,546200
ATO,2012-04-17,31.5,31.8700008392334,31.309999465942383,31.68000030517578,23.51800537109375,547200
ATO,2012-04-18,31.670000076293945,31.709999084472656,31.309999465942383,31.40999984741211,23.31756591796875,341100
ATO,2012-04-19,31.420000076293945,31.540000915527344,31.09000015258789,31.520000457763672,23.399219512939453,668900
ATO,2012-04-20,31.64999961853028,32.119998931884766,31.64999961853028,32.0,23.75555992126465,607600
ATO,2012-04-23,31.84000015258789,31.850000381469727,31.559999465942383,31.71999931335449,23.54769897460937,557400
ATO,2012-04-24,31.68000030517578,32.0,31.6299991607666,31.989999771118164,23.74813461303711,624500
ATO,2012-04-25,32.150001525878906,32.310001373291016,32.04999923706055,32.220001220703125,23.918880462646484,451700
ATO,2012-04-26,32.20000076293945,32.36000061035156,32.099998474121094,32.290000915527344,23.970849990844727,305300
ATO,2012-04-27,32.27000045776367,32.470001220703125,32.099998474121094,32.40999984741211,24.0599308013916,348200
ATO,2012-04-30,32.36000061035156,32.650001525878906,32.31999969482422,32.58000183105469,24.18613243103028,463000
ATO,2012-05-01,32.650001525878906,33.150001525878906,32.59000015258789,32.84000015258789,24.37914276123047,668200
ATO,2012-05-02,32.810001373291016,32.88999938964844,32.31999969482422,32.540000915527344,24.156436920166016,533300
ATO,2012-05-03,32.34000015258789,32.959999084472656,32.34000015258789,32.7400016784668,24.304903030395508,858300
ATO,2012-05-04,32.59000015258789,32.70000076293945,32.220001220703125,32.43000030517578,24.074779510498047,371700
ATO,2012-05-07,32.33000183105469,32.4900016784668,32.099998474121094,32.400001525878906,24.052505493164062,328900
ATO,2012-05-08,32.209999084472656,32.709999084472656,32.16999816894531,32.689998626708984,24.26778793334961,438100
ATO,2012-05-09,32.470001220703125,33.20000076293945,32.36000061035156,32.59000015258789,24.19355583190918,426900
ATO,2012-05-10,32.75,33.02000045776367,32.70000076293945,32.84000015258789,24.37914276123047,501700
ATO,2012-05-11,32.709999084472656,33.150001525878906,32.619998931884766,32.88999938964844,24.416269302368164,577700
ATO,2012-05-14,32.689998626708984,32.77000045776367,32.2400016784668,32.650001525878906,24.23809814453125,405200
ATO,2012-05-15,32.709999084472656,33.06999969482422,32.56999969482422,32.689998626708984,24.26778793334961,394500
ATO,2012-05-16,32.720001220703125,32.95000076293945,32.63999938964844,32.849998474121094,24.386564254760746,378300
ATO,2012-05-17,33.52000045776367,33.93000030517578,33.099998474121094,33.119998931884766,24.587007522583008,685100
ATO,2012-05-18,33.18000030517578,33.290000915527344,32.61000061035156,32.68000030517578,24.26036071777344,437500
ATO,2012-05-21,32.720001220703125,32.79999923706055,32.31999969482422,32.7400016784668,24.304903030395508,376700
ATO,2012-05-22,32.849998474121094,33.150001525878906,32.7400016784668,33.02000045776367,24.512771606445312,395100
ATO,2012-05-23,32.68000030517578,32.709999084472656,32.20000076293945,32.380001068115234,24.29145240783692,358000
ATO,2012-05-24,32.5099983215332,32.90999984741211,32.29999923706055,32.90999984741211,24.689064025878903,483200
ATO,2012-05-25,32.93000030517578,32.939998626708984,32.56999969482422,32.66999816894531,24.50901985168457,226700
ATO,2012-05-29,32.88999938964844,32.9900016784668,32.68000030517578,32.900001525878906,24.68156814575196,373600
ATO,2012-05-30,32.75,32.90999984741211,32.439998626708984,32.52000045776367,24.396488189697266,264200
ATO,2012-05-31,32.58000183105469,33.29999923706055,32.540000915527344,33.13999938964844,24.861608505249023,628800
ATO,2012-06-01,32.68000030517578,33.22999954223633,32.52000045776367,33.040000915527344,24.786592483520508,531800
ATO,2012-06-04,33.040000915527344,33.22999954223633,32.91999816894531,33.040000915527344,24.786592483520508,463400
ATO,2012-06-05,33.02000045776367,33.380001068115234,33.0099983215332,33.220001220703125,24.921630859375,295900
ATO,2012-06-06,33.40999984741211,33.849998474121094,33.279998779296875,33.849998474121094,25.39425468444824,342000
ATO,2012-06-07,34.0,34.04999923706055,33.70000076293945,33.77000045776367,25.3342399597168,487300
ATO,2012-06-08,33.790000915527344,33.9900016784668,33.47999954223633,33.95000076293945,25.469274520874023,267700
ATO,2012-06-11,34.060001373291016,34.22999954223633,33.77000045776367,33.83000183105469,25.37925148010254,340900
ATO,2012-06-12,33.93000030517578,34.0,33.61000061035156,33.91999816894531,25.44676780700684,194700
ATO,2012-06-13,33.84000015258789,34.11000061035156,33.70000076293945,34.04999923706055,25.544288635253903,238600
ATO,2012-06-14,34.119998931884766,34.369998931884766,34.0099983215332,34.2599983215332,25.701833724975582,282300
ATO,2012-06-15,34.369998931884766,34.63999938964844,34.2599983215332,34.349998474121094,25.76935768127441,430300
ATO,2012-06-18,34.2400016784668,34.63999938964844,34.130001068115234,34.540000915527344,25.911884307861328,366100
ATO,2012-06-19,34.4900016784668,34.7599983215332,34.380001068115234,34.45000076293945,25.844371795654297,364600
ATO,2012-06-20,34.5,34.5,33.959999084472656,34.060001373291016,25.551803588867188,297900
ATO,2012-06-21,34.09000015258789,34.29999923706055,33.7400016784668,33.7599983215332,25.32673454284668,251700
ATO,2012-06-22,33.900001525878906,34.11000061035156,33.81999969482422,33.959999084472656,25.476768493652344,311700
ATO,2012-06-25,33.709999084472656,33.810001373291016,33.4900016784668,33.70000076293945,25.28171730041504,190100
ATO,2012-06-26,33.83000183105469,33.86000061035156,33.56999969482422,33.65999984741211,25.2517204284668,209400
ATO,2012-06-27,33.84000015258789,34.349998474121094,33.72999954223633,34.2599983215332,25.701833724975582,378900
ATO,2012-06-28,34.13999938964844,34.86000061035156,34.06999969482422,34.779998779296875,26.09193420410156,765100
ATO,2012-06-29,34.86000061035156,35.77000045776367,34.689998626708984,35.06999969482422,26.30949783325196,1025200
ATO,2012-07-02,35.040000915527344,35.97999954223633,35.040000915527344,35.880001068115234,26.917150497436523,855500
ATO,2012-07-03,35.779998779296875,36.119998931884766,35.70000076293945,35.869998931884766,26.909656524658203,313600
ATO,2012-07-05,36.0,36.18000030517578,35.59000015258789,35.66999816894531,26.75961303710937,370400
ATO,2012-07-06,35.45000076293945,35.779998779296875,35.349998474121094,35.70000076293945,26.78211975097656,312400
ATO,2012-07-09,35.7400016784668,35.84000015258789,35.45000076293945,35.75,26.81962776184082,381200
ATO,2012-07-10,35.86000061035156,36.25,35.86000061035156,36.11000061035156,27.08970260620117,488700
ATO,2012-07-11,36.04999923706055,36.31999969482422,35.90999984741211,36.11000061035156,27.08970260620117,354100
ATO,2012-07-12,35.91999816894531,36.65999984741211,35.790000915527344,36.4900016784668,27.374780654907227,568600
ATO,2012-07-13,36.61000061035156,37.0,36.58000183105469,36.880001068115234,27.6673583984375,490300
ATO,2012-07-16,37.0,37.29999923706055,36.7599983215332,36.83000183105469,27.62984848022461,642300
ATO,2012-07-17,36.959999084472656,37.33000183105469,36.380001068115234,36.84000015258789,27.637346267700195,979800
ATO,2012-07-18,36.77999877929688,36.970001220703125,36.54999923706055,36.90999984741211,27.689861297607425,534600
ATO,2012-07-19,36.900001525878906,36.900001525878906,36.20000076293945,36.59000015258789,27.44979858398437,526300
ATO,2012-07-20,36.41999816894531,36.72999954223633,36.22999954223633,36.59000015258789,27.44979858398437,3611600
ATO,2012-07-23,36.29999923706055,36.4900016784668,36.04999923706055,36.29999923706055,27.23224258422852,392000
ATO,2012-07-24,36.310001373291016,36.310001373291016,35.58000183105469,35.77000045776367,26.83463859558105,473500
ATO,2012-07-25,35.790000915527344,35.93000030517578,35.20000076293945,35.529998779296875,26.65458869934082,587000
ATO,2012-07-26,35.790000915527344,36.18999862670898,35.54999923706055,35.66999816894531,26.75961303710937,481000
ATO,2012-07-27,35.93000030517578,36.11000061035156,35.56999969482422,36.02000045776367,27.022186279296875,875600
ATO,2012-07-30,35.939998626708984,36.34000015258789,35.720001220703125,35.900001525878906,26.932165145874023,557500
ATO,2012-07-31,35.900001525878906,36.060001373291016,35.810001373291016,35.849998474121094,26.894655227661133,469000
ATO,2012-08-01,35.84000015258789,36.52000045776367,35.790000915527344,36.13999938964844,27.112211227416992,515500
ATO,2012-08-02,35.9900016784668,36.02999877929688,35.369998931884766,35.790000915527344,26.849645614624023,322600
ATO,2012-08-03,35.97999954223633,36.43000030517578,35.970001220703125,36.22999954223633,27.179725646972656,177300
ATO,2012-08-06,36.34999847412109,36.45000076293945,36.119998931884766,36.22999954223633,27.179725646972656,200000
ATO,2012-08-07,36.34000015258789,36.54999923706055,36.18999862670898,36.20000076293945,27.157224655151367,196900
ATO,2012-08-08,36.209999084472656,36.47999954223633,35.81999969482422,36.38999938964844,27.29975891113281,454600
ATO,2012-08-09,36.27999877929688,37.0,35.93000030517578,36.61000061035156,27.464794158935547,430800
ATO,2012-08-10,36.65999984741211,37.09999847412109,36.52999877929688,36.93999862670898,27.71236801147461,392100
ATO,2012-08-13,36.869998931884766,37.0,36.59000015258789,36.630001068115234,27.47981834411621,413600
ATO,2012-08-14,36.619998931884766,36.97999954223633,36.61000061035156,36.810001373291016,27.61484146118164,545000
ATO,2012-08-15,36.81999969482422,36.95000076293945,36.65999984741211,36.83000183105469,27.62984848022461,506100
ATO,2012-08-16,36.77000045776367,37.02000045776367,36.63999938964844,36.84000015258789,27.637346267700195,340000
ATO,2012-08-17,36.81999969482422,36.970001220703125,36.63999938964844,36.709999084472656,27.53982925415039,223000
ATO,2012-08-20,36.5099983215332,36.63999938964844,35.93000030517578,36.0099983215332,27.014684677124023,565300
ATO,2012-08-21,36.040000915527344,36.25,35.779998779296875,35.93000030517578,26.954662322998047,466500
ATO,2012-08-22,35.939998626708984,35.939998626708984,35.56999969482422,35.630001068115234,26.72960090637207,478800
ATO,2012-08-23,35.45000076293945,35.45000076293945,35.0,35.150001525878906,26.627344131469727,308000
ATO,2012-08-24,35.15999984741211,35.33000183105469,35.0099983215332,35.22999954223633,26.687938690185547,262300
ATO,2012-08-27,35.22999954223633,35.5099983215332,35.11000061035156,35.43000030517578,26.839445114135746,269700
ATO,2012-08-28,35.349998474121094,35.599998474121094,35.029998779296875,35.209999084472656,26.672794342041016,494200
ATO,2012-08-29,35.29999923706055,35.40999984741211,35.04999923706055,35.20000076293945,26.665218353271484,296900
ATO,2012-08-30,35.209999084472656,35.209999084472656,34.91999816894531,35.02000045776367,26.52886199951172,178900
ATO,2012-08-31,35.20000076293945,35.310001373291016,34.849998474121094,34.939998626708984,26.46826171875,235700
ATO,2012-09-04,34.97999954223633,35.68000030517578,34.90999984741211,35.58000183105469,26.95309066772461,441600
ATO,2012-09-05,35.59000015258789,35.689998626708984,35.220001220703125,35.25,26.70309829711914,332500
ATO,2012-09-06,35.45000076293945,35.77000045776367,35.45000076293945,35.70000076293945,27.04397773742676,281300
ATO,2012-09-07,35.689998626708984,35.75,35.290000915527344,35.310001373291016,26.7485466003418,213100
ATO,2012-09-10,35.459999084472656,36.02999877929688,35.290000915527344,35.810001373291016,27.1273193359375,339000
ATO,2012-09-11,35.779998779296875,35.84000015258789,35.43000030517578,35.45000076293945,26.854602813720703,254700
ATO,2012-09-12,35.31999969482422,35.540000915527344,35.0,35.2599983215332,26.71067237854004,320400
ATO,2012-09-13,35.29999923706055,35.88999938964844,35.22999954223633,35.880001068115234,27.18033218383789,349500
ATO,2012-09-14,35.880001068115234,36.08000183105469,35.33000183105469,35.36000061035156,26.78642463684082,319100
ATO,2012-09-17,35.2599983215332,35.470001220703125,35.029998779296875,35.25,26.70309829711914,303900
ATO,2012-09-18,35.220001220703125,35.5099983215332,35.209999084472656,35.369998931884766,26.79399871826172,373000
ATO,2012-09-19,35.36000061035156,35.599998474121094,35.29999923706055,35.540000915527344,26.92277717590332,280700
ATO,2012-09-20,35.54999923706055,35.68000030517578,35.4900016784668,35.65999984741211,27.01367950439453,130800
ATO,2012-09-21,35.66999816894531,35.900001525878906,35.630001068115234,35.70000076293945,27.04397773742676,486200
ATO,2012-09-24,35.56999969482422,36.5,35.56999969482422,36.29999923706055,27.498510360717773,377800
ATO,2012-09-25,36.5,36.52000045776367,36.02999877929688,36.08000183105469,27.33185195922852,289500
ATO,2012-09-26,36.08000183105469,36.29999923706055,35.720001220703125,35.810001373291016,27.1273193359375,214700
ATO,2012-09-27,35.790000915527344,35.869998931884766,35.18000030517578,35.560001373291016,26.937929153442383,321100
ATO,2012-09-28,35.41999816894531,35.849998474121094,35.25,35.790000915527344,27.112165451049805,323200
ATO,2012-10-01,35.790000915527344,35.90999984741211,35.040000915527344,35.310001373291016,26.7485466003418,613200
ATO,2012-10-02,35.31999969482422,35.560001373291016,35.209999084472656,35.33000183105469,26.76369857788086,348200
ATO,2012-10-03,35.43000030517578,35.58000183105469,35.2599983215332,35.43000030517578,26.839445114135746,309300
ATO,2012-10-04,35.56999969482422,35.91999816894531,35.459999084472656,35.91999816894531,27.210649490356445,235400
ATO,2012-10-05,36.0,36.25,35.81999969482422,36.08000183105469,27.33185195922852,305400
ATO,2012-10-08,35.97999954223633,36.220001220703125,35.95000076293945,36.20000076293945,27.422754287719727,194300
ATO,2012-10-09,36.130001068115234,36.27000045776367,35.720001220703125,35.88999938964844,27.18791389465332,288800
ATO,2012-10-10,35.97999954223633,36.2599983215332,35.810001373291016,35.93000030517578,27.21822166442871,237000
ATO,2012-10-11,36.06999969482422,36.16999816894531,35.84000015258789,35.95000076293945,27.23337173461914,224400
ATO,2012-10-12,35.93000030517578,36.060001373291016,35.650001525878906,35.68000030517578,27.028833389282227,218300
ATO,2012-10-15,35.779998779296875,35.959999084472656,35.470001220703125,35.65999984741211,27.01367950439453,306400
ATO,2012-10-16,35.709999084472656,36.34000015258789,35.29999923706055,36.34000015258789,27.52880477905273,342600
ATO,2012-10-17,36.34999847412109,36.880001068115234,36.2400016784668,36.86000061035156,27.9227352142334,335200
ATO,2012-10-18,36.70000076293945,36.77999877929688,36.459999084472656,36.52999877929688,27.672725677490234,285500
ATO,2012-10-19,36.380001068115234,36.59000015258789,35.939998626708984,35.95000076293945,27.23337173461914,1104600
ATO,2012-10-22,35.16999816894531,35.959999084472656,35.16999816894531,35.939998626708984,27.22579574584961,238300
ATO,2012-10-23,35.689998626708984,35.720001220703125,35.11000061035156,35.349998474121094,26.778852462768555,349100
ATO,2012-10-24,35.439998626708984,35.529998779296875,35.09000015258789,35.2400016784668,26.69552230834961,291700
ATO,2012-10-25,35.369998931884766,35.689998626708984,35.11000061035156,35.650001525878906,27.00610542297364,468700
ATO,2012-10-26,35.83000183105469,35.900001525878906,35.63999938964844,35.79999923706055,27.119733810424805,191500
ATO,2012-10-31,35.7599983215332,35.9900016784668,35.560001373291016,35.970001220703125,27.248512268066406,281200
ATO,2012-11-01,36.04999923706055,36.56999969482422,35.77000045776367,36.02999877929688,27.29397773742676,625800
ATO,2012-11-02,36.2400016784668,36.38999938964844,35.2599983215332,35.27000045776367,26.718244552612305,308100
ATO,2012-11-05,35.310001373291016,35.5099983215332,35.0,35.279998779296875,26.725814819335938,269700
ATO,2012-11-06,35.31999969482422,35.81999969482422,35.27000045776367,35.56999969482422,26.94550895690918,261000
ATO,2012-11-07,35.209999084472656,35.36000061035156,34.369998931884766,34.619998931884766,26.225849151611328,377200
ATO,2012-11-08,34.70000076293945,35.540000915527344,34.47999954223633,34.47999954223633,26.11979484558105,396500
ATO,2012-11-09,34.31999969482422,35.279998779296875,34.060001373291016,34.91999816894531,26.453105926513672,622300
ATO,2012-11-12,34.880001068115234,35.2599983215332,34.09000015258789,34.18000030517578,25.89253616333008,346200
ATO,2012-11-13,33.86000061035156,34.599998474121094,33.79999923706055,34.22999954223633,25.930408477783203,308500
ATO,2012-11-14,34.349998474121094,34.349998474121094,33.56999969482422,33.650001525878906,25.491043090820312,445900
ATO,2012-11-15,33.619998931884766,33.790000915527344,33.029998779296875,33.20000076293945,25.15014839172364,333600
ATO,2012-11-16,33.310001373291016,33.650001525878906,32.939998626708984,33.61000061035156,25.46073532104492,749500
ATO,2012-11-19,33.95000076293945,34.0099983215332,33.5,34.0099983215332,25.763750076293945,712700
ATO,2012-11-20,34.0099983215332,34.47999954223633,33.959999084472656,34.47999954223633,26.11979484558105,478100
ATO,2012-11-21,34.40999984741211,34.459999084472656,33.9900016784668,34.27000045776367,26.22693634033203,430100
ATO,2012-11-23,34.29999923706055,34.45000076293945,34.02000045776367,34.20000076293945,26.173364639282227,112000
ATO,2012-11-26,34.150001525878906,34.84000015258789,34.150001525878906,34.65999984741211,26.525405883789062,401400
ATO,2012-11-27,34.72999954223633,34.959999084472656,34.619998931884766,34.779998779296875,26.61724090576172,426000
ATO,2012-11-28,34.790000915527344,34.869998931884766,34.45000076293945,34.650001525878906,26.51774406433105,546300
ATO,2012-11-29,34.81999969482422,34.939998626708984,34.439998626708984,34.81999969482422,26.647844314575195,210700
ATO,2012-11-30,34.790000915527344,35.0099983215332,34.68000030517578,35.0099983215332,26.793256759643555,513900
ATO,2012-12-03,35.119998931884766,35.5,34.83000183105469,35.43000030517578,27.11467742919922,558300
ATO,2012-12-04,35.380001068115234,35.52000045776367,35.119998931884766,35.4900016784668,27.16060447692871,435600
ATO,2012-12-05,35.45000076293945,36.0,35.2599983215332,35.70000076293945,27.32131767272949,332100
ATO,2012-12-06,35.599998474121094,35.95000076293945,35.599998474121094,35.880001068115234,27.45906448364257,281000
ATO,2012-12-07,35.81999969482422,35.900001525878906,35.529998779296875,35.65999984741211,27.290700912475582,180600
ATO,2012-12-10,35.68000030517578,35.97999954223633,35.560001373291016,35.650001525878906,27.28304481506348,458900
ATO,2012-12-11,35.779998779296875,36.02000045776367,35.65999984741211,35.88999938964844,27.466720581054688,250400
ATO,2012-12-12,35.9900016784668,36.0,35.529998779296875,35.619998931884766,27.26009750366211,321000
ATO,2012-12-13,35.599998474121094,35.7400016784668,35.209999084472656,35.369998931884766,27.068767547607425,379100
ATO,2012-12-14,35.970001220703125,36.040000915527344,35.27000045776367,35.369998931884766,27.068767547607425,468700
ATO,2012-12-17,35.369998931884766,36.220001220703125,35.369998931884766,36.209999084472656,27.71161842346192,563800
ATO,2012-12-18,36.18000030517578,36.43000030517578,35.720001220703125,36.09000015258789,27.619787216186523,479200
ATO,2012-12-19,36.040000915527344,36.22999954223633,35.83000183105469,36.06999969482422,27.60448265075684,237400
ATO,2012-12-20,36.150001525878906,36.41999816894531,36.04999923706055,36.2400016784668,27.73458671569824,318500
ATO,2012-12-21,36.040000915527344,36.18999862670898,35.70000076293945,36.02000045776367,27.566221237182617,612600
ATO,2012-12-24,35.810001373291016,35.91999816894531,35.52000045776367,35.779998779296875,27.382543563842773,88300
ATO,2012-12-26,35.7599983215332,35.7599983215332,35.099998474121094,35.13999938964844,26.892745971679688,286000
ATO,2012-12-27,35.04999923706055,35.220001220703125,34.349998474121094,34.95000076293945,26.7473373413086,416100
ATO,2012-12-28,34.7599983215332,35.20000076293945,34.61000061035156,34.630001068115234,26.5024471282959,301500
ATO,2012-12-31,34.540000915527344,35.2599983215332,34.290000915527344,35.119998931884766,26.877445220947266,330700
ATO,2013-01-02,35.61000061035156,35.86000061035156,35.529998779296875,35.77000045776367,27.37489128112793,367500
ATO,2013-01-03,35.720001220703125,35.9900016784668,35.459999084472656,35.59000015258789,27.23713493347168,328300
ATO,2013-01-04,35.63999938964844,36.02999877929688,35.470001220703125,35.939998626708984,27.50498580932617,408800
ATO,2013-01-07,35.790000915527344,35.849998474121094,35.04999923706055,35.11000061035156,26.86978530883789,424200
ATO,2013-01-08,35.040000915527344,35.29999923706055,34.869998931884766,35.18000030517578,26.9233627319336,360700
ATO,2013-01-09,35.2599983215332,35.5099983215332,35.06999969482422,35.43000030517578,27.11467742919922,372800
ATO,2013-01-10,35.61000061035156,35.959999084472656,35.47999954223633,35.70000076293945,27.32131767272949,499400
ATO,2013-01-11,35.849998474121094,35.869998931884766,35.40999984741211,35.529998779296875,27.19121360778809,387000
ATO,2013-01-14,35.380001068115234,36.16999816894531,35.380001068115234,35.75,27.35957717895508,465800
ATO,2013-01-15,35.65999984741211,36.119998931884766,35.52000045776367,36.06999969482422,27.60448265075684,320300
ATO,2013-01-16,36.0,36.2599983215332,35.7599983215332,36.119998931884766,27.64274787902832,411000
ATO,2013-01-17,36.209999084472656,36.459999084472656,36.119998931884766,36.38999938964844,27.8493766784668,470000
ATO,2013-01-18,36.43999862670898,37.0,36.41999816894531,36.97999954223633,28.30089569091797,1051900
ATO,2013-01-22,36.88999938964844,37.56999969482422,36.88999938964844,37.43999862670898,28.65293502807617,427100
ATO,2013-01-23,37.33000183105469,37.400001525878906,37.040000915527344,37.209999084472656,28.476926803588867,577400
ATO,2013-01-24,37.27999877929688,37.40999984741211,36.91999816894531,37.0,28.31621551513672,545600
ATO,2013-01-25,37.04999923706055,37.380001068115234,36.83000183105469,37.09999847412109,28.392742156982425,548600
ATO,2013-01-28,37.119998931884766,37.45000076293945,37.09000015258789,37.310001373291016,28.55345344543457,683400
ATO,2013-01-29,37.27999877929688,37.56999969482422,37.09999847412109,37.56999969482422,28.75243759155273,412500
ATO,2013-01-30,37.470001220703125,37.68999862670898,37.11000061035156,37.25,28.507545471191406,673700
ATO,2013-01-31,37.34000015258789,37.54999923706055,37.209999084472656,37.36000061035156,28.59172439575196,405400
ATO,2013-02-01,37.5,37.75,37.43000030517578,37.65999984741211,28.82131004333496,378200
ATO,2013-02-04,37.5099983215332,37.93999862670898,37.5099983215332,37.54999923706055,28.737133026123047,505700
ATO,2013-02-05,37.70000076293945,37.83000183105469,37.36000061035156,37.52000045776367,28.71416664123535,617500
ATO,2013-02-06,37.369998931884766,37.720001220703125,37.34000015258789,37.58000183105469,28.76009750366211,637500
ATO,2013-02-07,37.68999862670898,37.93000030517578,37.220001220703125,37.72999954223633,28.8748779296875,484200
ATO,2013-02-08,37.869998931884766,38.09999847412109,37.77000045776367,37.79999923706055,28.92845726013184,433700
ATO,2013-02-11,37.790000915527344,38.02000045776367,37.709999084472656,37.86000061035156,28.9743709564209,322700
ATO,2013-02-12,37.90999984741211,38.040000915527344,37.810001373291016,38.0099983215332,29.089170455932617,436800
ATO,2013-02-13,38.04999923706055,38.150001525878906,37.93000030517578,38.09999847412109,29.158035278320312,262300
ATO,2013-02-14,38.02999877929688,38.18999862670898,37.81999969482422,37.84999847412109,28.96670722961425,230400
ATO,2013-02-15,37.84000015258789,37.93999862670898,37.72999954223633,37.900001525878906,29.004993438720703,339700
ATO,2013-02-19,37.93999862670898,38.119998931884766,37.900001525878906,38.06999969482422,29.135087966918945,641600
ATO,2013-02-20,38.040000915527344,38.25,37.790000915527344,37.810001373291016,28.93611717224121,498200
ATO,2013-02-21,37.72999954223633,37.83000183105469,37.52999877929688,37.70000076293945,28.8519229888916,278700
ATO,2013-02-22,37.86000061035156,38.060001373291016,37.72999954223633,37.97999954223633,29.06621360778809,346200
ATO,2013-02-25,38.08000183105469,38.41999816894531,37.72999954223633,37.72999954223633,28.8748779296875,484000
ATO,2013-02-26,37.880001068115234,37.97999954223633,37.66999816894531,37.84999847412109,28.96670722961425,322500
ATO,2013-02-27,37.75,38.54999923706055,37.5099983215332,38.369998931884766,29.36467170715332,368400
ATO,2013-02-28,38.130001068115234,38.43000030517578,37.970001220703125,38.16999816894531,29.48052978515625,545200
ATO,2013-03-01,38.09999847412109,38.86000061035156,37.79999923706055,38.86000061035156,30.01344871520996,797300
ATO,2013-03-04,38.77000045776367,39.66999816894531,38.7400016784668,39.47999954223633,30.492311477661133,916900
ATO,2013-03-05,39.59000015258789,40.2400016784668,39.52000045776367,40.11000061035156,30.9788818359375,776200
ATO,2013-03-06,40.09999847412109,40.5,39.83000183105469,40.31999969482422,31.14107131958008,664200
ATO,2013-03-07,40.27000045776367,40.650001525878906,40.18000030517578,40.47999954223633,31.264657974243164,441400
ATO,2013-03-08,40.59000015258789,40.91999816894531,40.43000030517578,40.84999847412109,31.550424575805664,628700
ATO,2013-03-11,40.79999923706055,41.43000030517578,40.68000030517578,41.43000030517578,31.99838638305664,581600
ATO,2013-03-12,41.43000030517578,41.5,40.93000030517578,41.02000045776367,31.681718826293945,916600
ATO,2013-03-13,41.060001373291016,41.25,40.93000030517578,41.150001525878906,31.78213119506836,455400
ATO,2013-03-14,41.06999969482422,41.2599983215332,40.86000061035156,41.11000061035156,31.75122833251953,460100
ATO,2013-03-15,41.130001068115234,41.34999847412109,40.900001525878906,41.27000045776367,31.874813079833984,636600
ATO,2013-03-18,40.970001220703125,41.18999862670898,40.81999969482422,40.91999816894531,31.60448265075684,561400
ATO,2013-03-19,41.0099983215332,41.2400016784668,40.95000076293945,41.22999954223633,31.84391212463379,634600
ATO,2013-03-20,41.29999923706055,41.72999954223633,41.29999923706055,41.63999938964844,32.16057205200195,355200
ATO,2013-03-21,41.380001068115234,41.77000045776367,41.380001068115234,41.52000045776367,32.06789779663086,457500
ATO,2013-03-22,41.58000183105469,41.900001525878906,41.5,41.7400016784668,32.2378044128418,314400
ATO,2013-03-25,41.84000015258789,42.02999877929688,41.59000015258789,41.68999862670898,32.19919204711914,330100
ATO,2013-03-26,41.79999923706055,42.11000061035156,41.7400016784668,42.09999847412109,32.5158576965332,725100
ATO,2013-03-27,41.790000915527344,42.18000030517578,41.70000076293945,42.09000015258789,32.50813293457031,386700
ATO,2013-03-28,42.040000915527344,42.709999084472656,41.91999816894531,42.68999862670898,32.97153854370117,617800
ATO,2013-04-01,42.68000030517578,42.68999862670898,41.84000015258789,42.27999877929688,32.65487289428711,513100
ATO,2013-04-02,42.27999877929688,42.63999938964844,42.130001068115234,42.27999877929688,32.65487289428711,500800
ATO,2013-04-03,42.41999816894531,42.58000183105469,41.54999923706055,41.630001068115234,32.15284729003906,460800
ATO,2013-04-04,41.7400016784668,42.0,41.650001525878906,42.0,32.43862533569336,335500
ATO,2013-04-05,41.63999938964844,42.119998931884766,41.540000915527344,42.119998931884766,32.53129577636719,292100
ATO,2013-04-08,42.04999923706055,42.84000015258789,41.959999084472656,42.84000015258789,33.08738708496094,290000
ATO,2013-04-09,42.869998931884766,43.02999877929688,42.66999816894531,42.93999862670898,33.16462707519531,580400
ATO,2013-04-10,42.970001220703125,43.52999877929688,42.95000076293945,43.43000030517578,33.5430793762207,323500
ATO,2013-04-11,43.34999847412109,43.459999084472656,43.040000915527344,43.45000076293945,33.558536529541016,292300
ATO,2013-04-12,43.2599983215332,43.4900016784668,43.040000915527344,43.27999877929688,33.42723083496094,297500
ATO,2013-04-15,43.0099983215332,43.18999862670898,42.209999084472656,42.25,32.631710052490234,605400
ATO,2013-04-16,42.59999847412109,43.150001525878906,42.08000183105469,43.150001525878906,33.32682037353516,489300
ATO,2013-04-17,42.75,43.11000061035156,42.56999969482422,42.95000076293945,33.1723518371582,716600
ATO,2013-04-18,42.869998931884766,43.31999969482422,42.790000915527344,42.959999084472656,33.18007278442383,501300
ATO,2013-04-19,42.95000076293945,44.08000183105469,42.220001220703125,44.04999923706055,34.02193069458008,1486700
ATO,2013-04-22,44.08000183105469,44.08000183105469,43.61000061035156,43.9900016784668,33.9755859375,455100
ATO,2013-04-23,44.0099983215332,44.34000015258789,43.88999938964844,44.22999954223633,34.16094970703125,479900
ATO,2013-04-24,44.27999877929688,44.34999847412109,44.08000183105469,44.16999816894531,34.1146125793457,420600
ATO,2013-04-25,44.16999816894531,44.54999923706055,44.02000045776367,44.11000061035156,34.06827926635742,353400
ATO,2013-04-26,43.970001220703125,44.38999938964844,42.900001525878906,43.70000076293945,33.751609802246094,646800
ATO,2013-04-29,43.70000076293945,44.209999084472656,43.68000030517578,44.119998931884766,34.07600784301758,441300
ATO,2013-04-30,44.0099983215332,44.369998931884766,43.72999954223633,44.369998931884766,34.26909255981445,528200
ATO,2013-05-01,44.34000015258789,44.34999847412109,43.56999969482422,43.619998931884766,33.689823150634766,411400
ATO,2013-05-02,43.70000076293945,44.720001220703125,42.84000015258789,44.290000915527344,34.207298278808594,536200
ATO,2013-05-03,44.61000061035156,44.84999847412109,44.36000061035156,44.4900016784668,34.36177062988281,258600
ATO,2013-05-06,44.400001525878906,44.459999084472656,44.09000015258789,44.400001525878906,34.29226303100586,442700
ATO,2013-05-07,44.380001068115234,44.7599983215332,44.36000061035156,44.7599983215332,34.57029724121094,284800
ATO,2013-05-08,44.7400016784668,44.880001068115234,44.40999984741211,44.619998931884766,34.4621696472168,357800
ATO,2013-05-09,44.54999923706055,44.650001525878906,43.97999954223633,44.08000183105469,34.04511260986328,316900
ATO,2013-05-10,44.02999877929688,44.150001525878906,43.7599983215332,44.06999969482422,34.037376403808594,422300
ATO,2013-05-13,43.93999862670898,44.310001373291016,43.869998931884766,44.040000915527344,34.01420974731445,298000
ATO,2013-05-14,43.95000076293945,44.58000183105469,43.84000015258789,44.41999816894531,34.30770492553711,227900
ATO,2013-05-15,44.290000915527344,45.060001373291016,44.27999877929688,44.52000045776367,34.38494110107422,519400
ATO,2013-05-16,44.16999816894531,44.68000030517578,44.0,44.130001068115234,34.35380554199219,297400
ATO,2013-05-17,44.13999938964844,44.630001068115234,44.13999938964844,44.619998931884766,34.7352409362793,294300
ATO,2013-05-20,44.540000915527344,44.970001220703125,44.52000045776367,44.869998931884766,34.929874420166016,366200
ATO,2013-05-21,44.84000015258789,45.04999923706055,44.58000183105469,44.72999954223633,34.82088851928711,438800
ATO,2013-05-22,44.65999984741211,45.119998931884766,43.709999084472656,43.88999938964844,34.16696548461914,278400
ATO,2013-05-23,43.63999938964844,43.63999938964844,42.75,43.119998931884766,33.56755065917969,616800
ATO,2013-05-24,42.95000076293945,43.02999877929688,42.34000015258789,42.709999084472656,33.24837112426758,541900
ATO,2013-05-28,43.04999923706055,43.630001068115234,42.810001373291016,43.02000045776367,33.489715576171875,529600
ATO,2013-05-29,42.77999877929688,42.90999984741211,42.06999969482422,42.16999816894531,32.827999114990234,547700
ATO,2013-05-30,42.16999816894531,42.86000061035156,42.15999984741211,42.47999954223633,33.06932830810547,361400
ATO,2013-05-31,42.290000915527344,43.150001525878906,42.15999984741211,42.220001220703125,32.86692810058594,377600
ATO,2013-06-03,42.0099983215332,42.66999816894531,41.5099983215332,42.34999847412109,32.96812057495117,511500
ATO,2013-06-04,42.34000015258789,42.4900016784668,41.52000045776367,41.68999862670898,32.454345703125,590300
ATO,2013-06-05,41.619998931884766,41.7599983215332,40.86000061035156,41.13999938964844,32.02618408203125,875800
ATO,2013-06-06,41.130001068115234,41.4900016784668,40.79999923706055,41.459999084472656,32.275299072265625,542500
ATO,2013-06-07,41.560001373291016,41.83000183105469,41.130001068115234,41.41999816894531,32.244140625,338600
ATO,2013-06-10,41.47999954223633,41.65999984741211,40.970001220703125,41.33000183105469,32.17408752441406,279100
ATO,2013-06-11,40.95000076293945,41.29999923706055,40.68000030517578,40.970001220703125,31.893835067749023,230600
ATO,2013-06-12,41.08000183105469,41.369998931884766,40.54999923706055,40.7400016784668,31.71479606628418,418300
ATO,2013-06-13,40.75,41.040000915527344,40.52999877929688,40.869998931884766,31.815994262695312,512400
ATO,2013-06-14,40.810001373291016,40.95000076293945,40.45000076293945,40.58000183105469,31.59024238586425,408900
ATO,2013-06-17,40.77000045776367,40.91999816894531,40.41999816894531,40.7400016784668,31.71479606628418,285100
ATO,2013-06-18,40.84999847412109,41.33000183105469,40.54999923706055,41.09999847412109,31.99503898620605,250800
ATO,2013-06-19,40.9900016784668,41.04999923706055,40.06999969482422,40.06999969482422,31.19321823120117,215900
ATO,2013-06-20,39.7400016784668,39.91999816894531,38.630001068115234,38.880001068115234,30.26685333251953,459800
ATO,2013-06-21,39.11000061035156,39.15999984741211,38.0,38.68999862670898,30.118927001953125,622300
ATO,2013-06-24,38.33000183105469,38.869998931884766,38.060001373291016,38.59000015258789,30.041078567504883,468300
ATO,2013-06-25,38.84999847412109,39.43000030517578,38.459999084472656,39.33000183105469,30.61714553833008,552600
ATO,2013-06-26,39.59000015258789,40.25,39.43000030517578,40.15999984741211,31.26328086853028,531400
ATO,2013-06-27,40.290000915527344,40.900001525878906,40.150001525878906,40.650001525878906,31.64472389221192,364300
ATO,2013-06-28,40.52999877929688,41.27999877929688,40.29999923706055,41.060001373291016,31.96390151977539,620800
ATO,2013-07-01,41.27999877929688,41.290000915527344,40.59000015258789,40.77000045776367,31.73814582824707,841600
ATO,2013-07-02,40.650001525878906,41.209999084472656,40.310001373291016,40.59999847412109,31.605796813964844,653400
ATO,2013-07-03,40.2400016784668,40.54999923706055,39.970001220703125,40.4900016784668,31.52018165588379,320100
ATO,2013-07-05,40.68999862670898,40.68999862670898,39.9900016784668,40.56999969482422,31.582454681396484,215800
ATO,2013-07-08,40.68999862670898,41.34999847412109,40.52999877929688,41.040000915527344,31.94834518432617,249700
ATO,2013-07-09,41.25,41.54999923706055,41.02999877929688,41.43000030517578,32.251930236816406,280400
ATO,2013-07-10,41.33000183105469,41.63999938964844,41.06999969482422,41.630001068115234,32.40762710571289,280400
ATO,2013-07-11,42.0,42.11000061035156,41.66999816894531,41.959999084472656,32.66453170776367,249900
ATO,2013-07-12,41.880001068115234,42.45000076293945,41.79999923706055,42.400001525878906,33.007041931152344,258600
ATO,2013-07-15,42.31999969482422,43.56999969482422,42.31999969482422,43.43000030517578,33.808868408203125,457000
ATO,2013-07-16,43.400001525878906,43.5099983215332,43.11000061035156,43.43000030517578,33.808868408203125,648500
ATO,2013-07-17,43.459999084472656,43.68000030517578,43.209999084472656,43.31999969482422,33.723243713378906,318900
ATO,2013-07-18,43.31999969482422,44.0,43.2400016784668,43.959999084472656,34.22145462036133,214300
ATO,2013-07-19,44.0,44.2400016784668,43.869998931884766,44.0099983215332,34.2603874206543,682400
ATO,2013-07-22,43.9900016784668,44.369998931884766,43.95000076293945,43.95000076293945,34.21367263793945,173700
ATO,2013-07-23,43.970001220703125,44.220001220703125,43.90999984741211,44.13999938964844,34.361576080322266,357700
ATO,2013-07-24,44.150001525878906,44.18000030517578,43.720001220703125,43.81999969482422,34.11247634887695,417500
ATO,2013-07-25,43.77999877929688,44.43000030517578,43.7599983215332,44.36000061035156,34.5328369140625,281800
ATO,2013-07-26,44.130001068115234,44.380001068115234,43.95000076293945,44.27999877929688,34.47056198120117,255900
ATO,2013-07-29,44.16999816894531,44.75,44.15999984741211,44.560001373291016,34.688533782958984,276900
ATO,2013-07-30,44.66999816894531,44.880001068115234,44.27000045776367,44.43999862670898,34.59513473510742,236300
ATO,2013-07-31,44.470001220703125,44.77999877929688,44.2400016784668,44.2400016784668,34.4394416809082,534500
ATO,2013-08-01,44.650001525878906,45.54999923706055,44.369998931884766,45.18999862670898,35.178985595703125,651100
ATO,2013-08-02,45.11000061035156,45.54999923706055,44.68999862670898,44.77000045776367,34.852012634277344,246600
ATO,2013-08-05,44.61000061035156,44.970001220703125,44.22999954223633,44.43999862670898,34.59513473510742,372500
ATO,2013-08-06,44.34000015258789,44.54999923706055,43.93000030517578,44.09999847412109,34.33043670654297,396100
ATO,2013-08-07,43.720001220703125,44.83000183105469,43.52000045776367,44.2400016784668,34.4394416809082,613900
ATO,2013-08-08,44.41999816894531,44.47999954223633,43.86000061035156,44.11000061035156,34.338226318359375,632700
ATO,2013-08-09,44.09000015258789,44.36000061035156,44.0,44.22999954223633,34.431640625,367400
ATO,2013-08-12,44.0,44.29999923706055,43.90999984741211,43.9900016784668,34.244815826416016,245900
ATO,2013-08-13,43.84999847412109,43.97999954223633,43.27000045776367,43.459999084472656,33.83222579956055,317800
ATO,2013-08-14,43.29999923706055,43.540000915527344,42.790000915527344,43.060001373291016,33.52083969116211,353900
ATO,2013-08-15,42.7599983215332,42.810001373291016,42.11000061035156,42.310001373291016,32.936988830566406,350200
ATO,2013-08-16,42.310001373291016,42.310001373291016,41.16999816894531,41.619998931884766,32.39985275268555,504900
ATO,2013-08-19,41.650001525878906,41.83000183105469,41.27999877929688,41.34000015258789,32.1818733215332,316500
ATO,2013-08-20,41.34000015258789,42.04999923706055,41.2400016784668,41.65999984741211,32.43098449707031,307600
ATO,2013-08-21,41.58000183105469,41.900001525878906,41.310001373291016,41.459999084472656,32.275299072265625,415800
ATO,2013-08-22,41.220001220703125,41.619998931884766,40.91999816894531,41.08000183105469,32.25173568725586,227000
ATO,2013-08-23,41.220001220703125,41.869998931884766,40.9900016784668,41.83000183105469,32.84056854248047,359100
ATO,2013-08-26,42.0,42.08000183105469,41.7599983215332,41.869998931884766,32.87196731567383,347100
ATO,2013-08-27,41.400001525878906,41.81999969482422,41.38999938964844,41.52000045776367,32.59718322753906,542800
ATO,2013-08-28,41.470001220703125,41.709999084472656,41.27000045776367,41.36000061035156,32.47157669067383,199700
ATO,2013-08-29,41.22999954223633,41.540000915527344,40.880001068115234,41.130001068115234,32.29099655151367,275300
ATO,2013-08-30,41.119998931884766,41.209999084472656,40.27999877929688,40.34999847412109,31.67862129211425,315200
ATO,2013-09-03,40.77999877929688,40.959999084472656,39.43999862670898,39.63999938964844,31.12118148803711,936500
ATO,2013-09-04,39.619998931884766,39.810001373291016,39.29999923706055,39.63999938964844,31.12118148803711,474500
ATO,2013-09-05,39.59000015258789,39.68999862670898,39.220001220703125,39.400001525878906,30.932781219482425,458500
ATO,2013-09-06,39.59000015258789,39.86000061035156,39.33000183105469,39.4900016784668,31.00342559814453,474700
ATO,2013-09-09,39.54999923706055,39.66999816894531,39.29999923706055,39.65999984741211,31.136903762817383,688700
ATO,2013-09-10,39.83000183105469,40.13999938964844,39.58000183105469,40.130001068115234,31.505895614624023,371100
ATO,2013-09-11,40.13999938964844,40.25,39.77000045776367,40.0,31.403844833374023,279400
ATO,2013-09-12,40.130001068115234,40.619998931884766,40.130001068115234,40.4900016784668,31.78853225708008,422000
ATO,2013-09-13,40.630001068115234,40.88999938964844,40.470001220703125,40.61000061035156,31.882747650146484,390100
ATO,2013-09-16,40.93000030517578,41.25,40.369998931884766,40.459999084472656,31.764965057373047,572300
ATO,2013-09-17,40.58000183105469,40.959999084472656,40.380001068115234,40.91999816894531,32.126121520996094,425400
ATO,2013-09-18,40.91999816894531,41.95000076293945,40.63999938964844,41.77000045776367,32.7934455871582,585700
ATO,2013-09-19,41.77000045776367,42.119998931884766,41.59999847412109,41.88999938964844,32.887664794921875,357400
ATO,2013-09-20,42.0,42.0,41.630001068115234,41.72999954223633,32.76204299926758,754600
ATO,2013-09-23,41.59000015258789,42.86000061035156,41.470001220703125,42.61000061035156,33.45293045043945,429900
ATO,2013-09-24,42.5099983215332,42.790000915527344,42.40999984741211,42.52000045776367,33.38227462768555,282400
ATO,2013-09-25,42.5099983215332,42.7400016784668,42.29999923706055,42.31999969482422,33.22525405883789,240100
ATO,2013-09-26,42.310001373291016,42.68999862670898,42.310001373291016,42.58000183105469,33.42938232421875,200800
ATO,2013-09-27,42.36000061035156,42.720001220703125,42.29999923706055,42.29999923706055,33.20955276489258,462200
ATO,2013-09-30,42.08000183105469,42.619998931884766,42.0099983215332,42.59000015258789,33.43722915649414,335600
ATO,2013-10-01,42.43999862670898,42.93000030517578,42.38999938964844,42.63999938964844,33.47648620605469,652000
ATO,2013-10-02,42.20000076293945,42.33000183105469,41.63999938964844,42.119998931884766,33.0682373046875,417000
ATO,2013-10-03,42.02999877929688,42.02999877929688,41.18999862670898,41.459999084472656,32.550079345703125,407100
ATO,2013-10-04,41.470001220703125,41.84000015258789,41.41999816894531,41.619998931884766,32.67569351196289,255800
ATO,2013-10-07,41.290000915527344,41.52999877929688,40.88999938964844,41.08000183105469,32.25173568725586,354200
ATO,2013-10-08,41.06999969482422,41.43999862670898,40.869998931884766,41.2400016784668,32.37735748291016,572000
ATO,2013-10-09,41.27999877929688,41.93000030517578,40.880001068115234,41.16999816894531,32.32239532470703,1019600
ATO,2013-10-10,41.52000045776367,42.11000061035156,41.27000045776367,41.90999984741211,32.903377532958984,493600
ATO,2013-10-11,41.93999862670898,42.36000061035156,41.77999877929688,42.31999969482422,33.22525405883789,297800
ATO,2013-10-14,42.16999816894531,42.27999877929688,41.45000076293945,42.220001220703125,33.14675521850586,416900
ATO,2013-10-15,42.16999816894531,42.400001525878906,41.150001525878906,41.209999084472656,32.35380172729492,482100
ATO,2013-10-16,41.5,41.810001373291016,41.290000915527344,41.7599983215332,32.78560256958008,243000
ATO,2013-10-17,41.63999938964844,42.61000061035156,41.36000061035156,42.52000045776367,33.38227462768555,322500
ATO,2013-10-18,42.68000030517578,43.060001373291016,42.4900016784668,42.93999862670898,33.71200942993164,849600
ATO,2013-10-21,42.97999954223633,43.38999938964844,42.79999923706055,43.04999923706055,33.79837417602539,403100
ATO,2013-10-22,43.18999862670898,43.63999938964844,43.04999923706055,43.540000915527344,34.183067321777344,190600
ATO,2013-10-23,43.5099983215332,44.04999923706055,43.459999084472656,43.7599983215332,34.355796813964844,229100
ATO,2013-10-24,43.7599983215332,43.84000015258789,43.5,43.709999084472656,34.316532135009766,205800
ATO,2013-10-25,43.7599983215332,44.380001068115234,43.630001068115234,44.33000183105469,34.803314208984375,279200
ATO,2013-10-28,44.34000015258789,44.59000015258789,44.209999084472656,44.59000015258789,35.00743103027344,372400
ATO,2013-10-29,44.59000015258789,44.75,44.34000015258789,44.459999084472656,34.90536117553711,342600
ATO,2013-10-30,44.63999938964844,44.91999816894531,44.36000061035156,44.4900016784668,34.928916931152344,216800
ATO,2013-10-31,44.369998931884766,44.7400016784668,43.970001220703125,44.27000045776367,34.75620651245117,294500
ATO,2013-11-01,44.2599983215332,44.68999862670898,44.15999984741211,44.56999969482422,34.991722106933594,254600
ATO,2013-11-04,44.68999862670898,44.90999984741211,44.20000076293945,44.459999084472656,34.90536117553711,306000
ATO,2013-11-05,44.43000030517578,44.58000183105469,44.0,44.02000045776367,34.559913635253906,370700
ATO,2013-11-06,44.22999954223633,44.97999954223633,44.16999816894531,44.68000030517578,35.07807540893555,481700
ATO,2013-11-07,45.0,45.470001220703125,44.540000915527344,44.79999923706055,35.17228317260742,558000
ATO,2013-11-08,44.70000076293945,45.61000061035156,44.34999847412109,45.47999954223633,35.70616149902344,548100
ATO,2013-11-11,45.5,45.93000030517578,45.18999862670898,45.880001068115234,36.020198822021484,342100
ATO,2013-11-12,45.84999847412109,45.900001525878906,45.29999923706055,45.77000045776367,35.9338493347168,350900
ATO,2013-11-13,45.720001220703125,46.83000183105469,45.459999084472656,46.72999954223633,36.687530517578125,367700
ATO,2013-11-14,46.880001068115234,47.43999862670898,46.52999877929688,47.060001373291016,36.94660949707031,321300
ATO,2013-11-15,47.04999923706055,47.15999984741211,46.47999954223633,46.79999923706055,36.742488861083984,265900
ATO,2013-11-18,46.77999877929688,46.77999877929688,46.34999847412109,46.43999862670898,36.45985794067383,355300
ATO,2013-11-19,46.36000061035156,46.5099983215332,45.59999847412109,45.77000045776367,35.9338493347168,526000
ATO,2013-11-20,45.77999877929688,46.15999984741211,45.310001373291016,45.34000015258789,35.59624481201172,365100
ATO,2013-11-21,45.02000045776367,45.2400016784668,44.83000183105469,44.95000076293945,35.580413818359375,590100
ATO,2013-11-22,45.060001373291016,45.36000061035156,44.77000045776367,45.040000915527344,35.65166091918945,558100
ATO,2013-11-25,45.08000183105469,45.52000045776367,44.61000061035156,44.79999923706055,35.46167755126953,315700
ATO,2013-11-26,44.79999923706055,44.79999923706055,44.130001068115234,44.66999816894531,35.35878372192383,354100
ATO,2013-11-27,44.720001220703125,44.790000915527344,44.16999816894531,44.459999084472656,35.19255447387695,193800
ATO,2013-11-29,44.59000015258789,45.130001068115234,44.45000076293945,44.45000076293945,35.18463516235352,195200
ATO,2013-12-02,44.43999862670898,44.75,43.959999084472656,44.209999084472656,34.994667053222656,307400
ATO,2013-12-03,44.09000015258789,44.77999877929688,43.97999954223633,44.380001068115234,35.129234313964844,471200
ATO,2013-12-04,44.220001220703125,44.59000015258789,43.810001373291016,43.93999862670898,34.780948638916016,844200
ATO,2013-12-05,43.97999954223633,44.08000183105469,43.63999938964844,44.0099983215332,34.83635330200195,413900
ATO,2013-12-06,44.209999084472656,45.15999984741211,43.93000030517578,45.130001068115234,35.72289276123047,349100
ATO,2013-12-09,45.27000045776367,45.33000183105469,44.77000045776367,44.900001525878906,35.54084396362305,329200
ATO,2013-12-10,44.91999816894531,45.02999877929688,44.220001220703125,44.220001220703125,35.002586364746094,306200
ATO,2013-12-11,44.16999816894531,44.209999084472656,43.72999954223633,43.83000183105469,34.69386291503906,425900
ATO,2013-12-12,43.790000915527344,44.16999816894531,43.63999938964844,44.02000045776367,34.84426498413086,206100
ATO,2013-12-13,44.02000045776367,44.310001373291016,43.65999984741211,44.04999923706055,34.868003845214844,267700
ATO,2013-12-16,43.93999862670898,44.34000015258789,43.5,43.81999969482422,34.68595504760742,530900
ATO,2013-12-17,43.869998931884766,44.38999938964844,43.709999084472656,44.34000015258789,35.09756851196289,347300
ATO,2013-12-18,44.38999938964844,45.040000915527344,44.130001068115234,44.91999816894531,35.55666732788086,358600
ATO,2013-12-19,44.72999954223633,44.81999969482422,44.119998931884766,44.290000915527344,35.0579833984375,310700
ATO,2013-12-20,44.380001068115234,45.380001068115234,43.90999984741211,45.209999084472656,35.78620910644531,732600
ATO,2013-12-23,45.5,45.58000183105469,44.970001220703125,45.02000045776367,35.63582229614258,197400
ATO,2013-12-24,44.90999984741211,45.43000030517578,44.86000061035156,45.209999084472656,35.78620910644531,77500
ATO,2013-12-26,45.43999862670898,45.43999862670898,44.880001068115234,45.0099983215332,35.6279182434082,146500
ATO,2013-12-27,45.060001373291016,45.400001525878906,45.040000915527344,45.16999816894531,35.75455093383789,229600
ATO,2013-12-30,45.09000015258789,45.36000061035156,44.97999954223633,45.20000076293945,35.77830123901367,179100
ATO,2013-12-31,45.310001373291016,45.709999084472656,45.150001525878906,45.41999816894531,35.95244598388672,234900
ATO,2014-01-02,45.34000015258789,45.52000045776367,44.45000076293945,44.66999816894531,35.35878372192383,422000
ATO,2014-01-03,44.619998931884766,45.0,44.400001525878906,44.7400016784668,35.4141845703125,647300
ATO,2014-01-06,44.709999084472656,44.7400016784668,44.15999984741211,44.18999862670898,34.978843688964844,298700
ATO,2014-01-07,44.400001525878906,45.5099983215332,44.29999923706055,45.18000030517578,35.76247787475586,460500
ATO,2014-01-08,45.27000045776367,45.5099983215332,44.91999816894531,45.41999816894531,35.95244598388672,568600
ATO,2014-01-09,45.56999969482422,45.79999923706055,45.31999969482422,45.650001525878906,36.134521484375,300600
ATO,2014-01-10,45.77999877929688,46.209999084472656,45.65999984741211,45.810001373291016,36.26116561889648,374200
ATO,2014-01-13,45.790000915527344,45.84000015258789,45.040000915527344,45.2400016784668,35.80997085571289,232800
ATO,2014-01-14,45.34000015258789,45.630001068115234,45.08000183105469,45.619998931884766,36.11075592041016,188600
ATO,2014-01-15,45.720001220703125,45.720001220703125,45.459999084472656,45.70000076293945,36.17408752441406,220100
ATO,2014-01-16,45.59000015258789,45.93999862670898,45.43000030517578,45.84000015258789,36.28489303588867,278400
ATO,2014-01-17,45.88999938964844,46.38999938964844,45.77000045776367,46.22999954223633,36.59358978271485,458900
ATO,2014-01-21,46.5099983215332,47.119998931884766,46.290000915527344,47.08000183105469,37.26643371582031,284000
ATO,2014-01-22,47.22999954223633,47.45000076293945,47.0099983215332,47.2599983215332,37.40890884399414,238800
ATO,2014-01-23,47.09000015258789,47.59000015258789,46.970001220703125,47.540000915527344,37.63053894042969,350600
ATO,2014-01-24,47.40999984741211,47.5099983215332,46.88999938964844,46.88999938964844,37.11603546142578,322100
ATO,2014-01-27,47.0099983215332,47.13999938964844,46.560001373291016,46.56999969482422,36.86273193359375,528400
ATO,2014-01-28,46.65999984741211,46.81999969482422,46.47999954223633,46.77000045776367,37.02104949951172,257300
ATO,2014-01-29,46.43000030517578,47.130001068115234,46.16999816894531,46.59999847412109,36.886478424072266,233700
ATO,2014-01-30,46.84000015258789,47.61000061035156,46.61000061035156,47.540000915527344,37.63053894042969,208600
ATO,2014-01-31,47.18000030517578,48.380001068115234,47.060001373291016,48.0099983215332,38.0025749206543,335400
ATO,2014-02-03,47.9900016784668,48.060001373291016,46.5099983215332,46.709999084472656,36.97354507446289,1095800
ATO,2014-02-04,46.79999923706055,46.88999938964844,46.130001068115234,46.79999923706055,37.04479598999024,698300
ATO,2014-02-05,46.04999923706055,46.59000015258789,45.630001068115234,46.27999877929688,36.633182525634766,509500
ATO,2014-02-06,46.43000030517578,47.11000061035156,46.31999969482422,47.08000183105469,37.26643371582031,332900
ATO,2014-02-07,47.2400016784668,47.7599983215332,46.91999816894531,47.18999862670898,37.353511810302734,412500
ATO,2014-02-10,47.18999862670898,47.619998931884766,46.869998931884766,47.40999984741211,37.52764892578125,599400
ATO,2014-02-11,46.61000061035156,46.61000061035156,45.2599983215332,45.470001220703125,35.99202346801758,2298200
ATO,2014-02-12,44.5,45.369998931884766,44.2599983215332,45.08000183105469,35.68332290649414,7730000
ATO,2014-02-13,45.09000015258789,46.0,45.08000183105469,45.86000061035156,36.300724029541016,1019000
ATO,2014-02-14,45.869998931884766,45.880001068115234,45.29999923706055,45.52999877929688,36.03951644897461,567700
ATO,2014-02-18,45.52000045776367,45.79999923706055,45.380001068115234,45.65999984741211,36.14241409301758,554600
ATO,2014-02-19,45.52999877929688,45.720001220703125,44.90999984741211,44.93999862670898,35.5724983215332,518500
ATO,2014-02-20,44.560001373291016,45.29999923706055,44.5099983215332,45.29999923706055,36.15512847900391,569200
ATO,2014-02-21,45.25,45.630001068115234,45.13999938964844,45.560001373291016,36.36264419555664,657300
ATO,2014-02-24,45.720001220703125,46.15999984741211,45.59000015258789,45.65999984741211,36.44245147705078,940300
ATO,2014-02-25,45.79999923706055,45.93000030517578,45.400001525878906,45.83000183105469,36.5781364440918,1221600
ATO,2014-02-26,45.95000076293945,46.060001373291016,45.36000061035156,45.459999084472656,36.282833099365234,606700
ATO,2014-02-27,45.380001068115234,45.81999969482422,45.2400016784668,45.709999084472656,36.48236846923828,668600
ATO,2014-02-28,45.77000045776367,46.41999816894531,45.54999923706055,46.09999847412109,36.79363250732422,749000
ATO,2014-03-03,45.869998931884766,46.22999954223633,45.7400016784668,45.90999984741211,36.64199066162109,651400
ATO,2014-03-04,46.36000061035156,46.61000061035156,46.2599983215332,46.470001220703125,37.08892822265625,855400
ATO,2014-03-05,46.59999847412109,46.59999847412109,45.93000030517578,45.9900016784668,36.70584487915039,562300
ATO,2014-03-06,46.09999847412109,46.18000030517578,45.70000076293945,45.77999877929688,36.53822326660156,414300
ATO,2014-03-07,45.810001373291016,45.880001068115234,45.130001068115234,45.470001220703125,36.29081344604492,598300
ATO,2014-03-10,45.58000183105469,45.619998931884766,45.2599983215332,45.4900016784668,36.30677032470703,582700
ATO,2014-03-11,45.40999984741211,45.470001220703125,44.84000015258789,45.060001373291016,35.963584899902344,584900
ATO,2014-03-12,44.90999984741211,45.31999969482422,44.90999984741211,45.31999969482422,36.17110061645508,571000
ATO,2014-03-13,45.5,46.02000045776367,45.34000015258789,45.93999862670898,36.66594314575195,968500
ATO,2014-03-14,45.97999954223633,46.38999938964844,45.900001525878906,46.29999923706055,36.9532585144043,615300
ATO,2014-03-17,46.52000045776367,46.77999877929688,46.25,46.77999877929688,37.33636093139648,465100
ATO,2014-03-18,46.83000183105469,47.06999969482422,46.75,46.90999984741211,37.44011688232422,459700
ATO,2014-03-19,47.130001068115234,47.209999084472656,46.27000045776367,46.47999954223633,37.0969123840332,428800
ATO,2014-03-20,46.470001220703125,46.470001220703125,45.83000183105469,45.9900016784668,36.70584487915039,418100
ATO,2014-03-21,46.18000030517578,46.810001373291016,46.02000045776367,46.119998931884766,36.8095932006836,1080800
ATO,2014-03-24,46.31999969482422,46.77999877929688,45.7400016784668,46.11000061035156,36.80161285400391,301100
ATO,2014-03-25,46.04999923706055,46.310001373291016,45.52999877929688,45.90999984741211,36.64199066162109,462300
ATO,2014-03-26,46.220001220703125,46.220001220703125,45.77000045776367,45.79999923706055,36.55419158935547,366200
ATO,2014-03-27,45.77999877929688,46.09000015258789,45.720001220703125,45.93999862670898,36.66594314575195,288400
ATO,2014-03-28,45.959999084472656,46.119998931884766,45.790000915527344,46.06999969482422,36.76968765258789,315100
ATO,2014-03-31,46.36000061035156,47.20000076293945,46.220001220703125,47.130001068115234,37.615718841552734,574800
ATO,2014-04-01,47.22999954223633,47.22999954223633,46.41999816894531,46.93999862670898,37.46406555175781,734000
ATO,2014-04-02,46.91999816894531,47.66999816894531,46.54999923706055,47.400001525878906,37.83119201660156,503700
ATO,2014-04-03,47.54999923706055,47.9900016784668,47.369998931884766,47.790000915527344,38.14247131347656,649200
ATO,2014-04-04,47.93000030517578,48.36000061035156,47.630001068115234,47.650001525878906,38.03071975708008,546100
ATO,2014-04-07,47.59999847412109,48.0,47.36000061035156,47.650001525878906,38.03071975708008,926100
ATO,2014-04-08,47.65999984741211,48.02000045776367,47.25,47.9900016784668,38.30210113525391,575300
ATO,2014-04-09,47.9900016784668,48.630001068115234,47.72999954223633,48.52000045776367,38.72510528564453,1410300
ATO,2014-04-10,48.54999923706055,49.119998931884766,48.52999877929688,48.900001525878906,39.02839279174805,1738800
ATO,2014-04-11,48.68000030517578,49.02999877929688,47.97999954223633,48.52000045776367,38.72510528564453,1365400
ATO,2014-04-14,48.7599983215332,49.150001525878906,48.43000030517578,48.9900016784668,39.100223541259766,1114400
ATO,2014-04-15,48.970001220703125,50.18000030517578,48.880001068115234,50.06999969482422,39.962196350097656,904100
ATO,2014-04-16,50.27000045776367,50.43000030517578,49.880001068115234,50.41999816894531,40.24153518676758,692800
ATO,2014-04-17,50.20000076293945,50.52000045776367,49.70000076293945,49.900001525878906,39.82651519775391,2909200
ATO,2014-04-21,49.68999862670898,50.20000076293945,49.220001220703125,49.63999938964844,39.61899185180664,635100
ATO,2014-04-22,49.630001068115234,50.040000915527344,49.61000061035156,50.040000915527344,39.9382438659668,547400
ATO,2014-04-23,50.09000015258789,50.79999923706055,50.0099983215332,50.38999938964844,40.21759414672852,946200
ATO,2014-04-24,50.540000915527344,50.810001373291016,50.25,50.790000915527344,40.53684616088867,617200
ATO,2014-04-25,50.7400016784668,51.369998931884766,50.70000076293945,51.27000045776367,40.919952392578125,704900
ATO,2014-04-28,51.43999862670898,51.72999954223633,50.97999954223633,51.56999969482422,41.15939331054688,1003900
ATO,2014-04-29,51.52000045776367,51.81999969482422,51.0,51.06999969482422,40.76032257080078,1514800
ATO,2014-04-30,51.060001373291016,51.130001068115234,50.75,51.040000915527344,40.73637390136719,613500
ATO,2014-05-01,51.2599983215332,51.40999984741211,50.65999984741211,51.27999877929688,40.92792510986328,674300
ATO,2014-05-02,51.16999816894531,51.34000015258789,50.27000045776367,50.560001373291016,40.353275299072266,788600
ATO,2014-05-05,50.47999954223633,51.119998931884766,50.43000030517578,51.04999923706055,40.74436569213867,344300
ATO,2014-05-06,50.810001373291016,51.25,50.790000915527344,51.15999984741211,40.8321533203125,670000
ATO,2014-05-07,51.119998931884766,51.72999954223633,51.119998931884766,51.59000015258789,41.17534637451172,730600
ATO,2014-05-08,52.470001220703125,53.02000045776367,50.369998931884766,50.47999954223633,40.2894287109375,1471200
ATO,2014-05-09,50.369998931884766,50.959999084472656,50.209999084472656,50.40999984741211,40.23355484008789,1077100
ATO,2014-05-12,50.5,50.54999923706055,49.959999084472656,50.02000045776367,39.92229461669922,672600
ATO,2014-05-13,50.06999969482422,50.22999954223633,49.900001525878906,50.11000061035156,39.99411392211914,969500
ATO,2014-05-14,50.18999862670898,50.86000061035156,50.09000015258789,50.47999954223633,40.2894287109375,366300
ATO,2014-05-15,50.25,50.540000915527344,49.72999954223633,50.13999938964844,40.0180549621582,514300
ATO,2014-05-16,50.33000183105469,50.61000061035156,50.02000045776367,50.58000183105469,40.36924743652344,310500
ATO,2014-05-19,50.630001068115234,50.70000076293945,50.11000061035156,50.119998931884766,40.00211334228516,466700
ATO,2014-05-20,50.13999938964844,50.470001220703125,49.88999938964844,50.43000030517578,40.24951553344727,480100
ATO,2014-05-21,50.619998931884766,50.68999862670898,50.119998931884766,50.2599983215332,40.11384582519531,304600
ATO,2014-05-22,50.09999847412109,50.709999084472656,49.70000076293945,50.41999816894531,40.53997802734375,332000
ATO,2014-05-23,50.4900016784668,50.540000915527344,50.220001220703125,50.33000183105469,40.467620849609375,374700
ATO,2014-05-27,50.5099983215332,50.59999847412109,50.040000915527344,50.08000183105469,40.26660537719727,544100
ATO,2014-05-28,50.11000061035156,50.290000915527344,49.90999984741211,50.119998931884766,40.29877853393555,853200
ATO,2014-05-29,50.130001068115234,50.16999816894531,49.43000030517578,49.7599983215332,40.00931167602539,790200
ATO,2014-05-30,49.77999877929688,50.22999954223633,49.72999954223633,50.09999847412109,40.282691955566406,456300
ATO,2014-06-02,50.36000061035156,50.61000061035156,50.13999938964844,50.56999969482422,40.66058349609375,512200
ATO,2014-06-03,50.56999969482422,51.22999954223633,50.52000045776367,51.09999847412109,41.08673477172852,850000
ATO,2014-06-04,51.09999847412109,51.47999954223633,51.08000183105469,51.34000015258789,41.27970504760742,468300
ATO,2014-06-05,51.310001373291016,51.52999877929688,51.18999862670898,51.5,41.40835189819336,474100
ATO,2014-06-06,51.7400016784668,51.84000015258789,51.119998931884766,51.16999816894531,41.14302062988281,352000
ATO,2014-06-09,51.18000030517578,51.400001525878906,50.93999862670898,51.16999816894531,41.14302062988281,516200
ATO,2014-06-10,51.18999862670898,51.209999084472656,50.7599983215332,50.81999969482422,40.86160659790039,349600
ATO,2014-06-11,50.68999862670898,50.90999984741211,50.38999938964844,50.400001525878906,40.5239143371582,167900
ATO,2014-06-12,50.33000183105469,50.72999954223633,49.869998931884766,50.59999847412109,40.684715270996094,291000
ATO,2014-06-13,50.56999969482422,51.209999084472656,50.45000076293945,51.06999969482422,41.06261444091797,302300
ATO,2014-06-16,51.060001373291016,51.88999938964844,51.02000045776367,51.5,41.40835189819336,465500
ATO,2014-06-17,51.34000015258789,52.060001373291016,51.02999877929688,51.68999862670898,41.56111526489258,444500
ATO,2014-06-18,51.70000076293945,52.38999938964844,51.70000076293945,52.290000915527344,42.04354095458984,320900
ATO,2014-06-19,52.29999923706055,53.0,52.290000915527344,52.77999877929688,42.4375228881836,320700
ATO,2014-06-20,52.869998931884766,53.0,52.43000030517578,52.66999816894531,42.34907913208008,485600
ATO,2014-06-23,52.79999923706055,52.90999984741211,52.15999984741211,52.43999862670898,42.16414260864258,296200
ATO,2014-06-24,52.369998931884766,53.0,52.27999877929688,52.61000061035156,42.30084228515625,279100
ATO,2014-06-25,52.45000076293945,53.04999923706055,52.45000076293945,53.02000045776367,42.630496978759766,347900
ATO,2014-06-26,53.060001373291016,53.15999984741211,52.61000061035156,52.650001525878906,42.33301162719727,368900
ATO,2014-06-27,52.470001220703125,53.04999923706055,52.2599983215332,52.709999084472656,42.381256103515625,654900
ATO,2014-06-30,52.709999084472656,53.40999984741211,52.65999984741211,53.400001525878906,42.93604278564453,674500
ATO,2014-07-01,53.470001220703125,53.470001220703125,52.56999969482422,52.68000030517578,42.35712814331055,989400
ATO,2014-07-02,52.59999847412109,52.63999938964844,51.619998931884766,51.810001373291016,41.65761184692383,634900
ATO,2014-07-03,51.709999084472656,52.02000045776367,51.0099983215332,51.45000076293945,41.36815643310547,389700
ATO,2014-07-07,51.33000183105469,51.68999862670898,50.75,51.16999816894531,41.14302062988281,532000
ATO,2014-07-08,51.09999847412109,51.650001525878906,51.09999847412109,51.52999877929688,41.43247222900391,625100
ATO,2014-07-09,51.400001525878906,51.68000030517578,50.84000015258789,51.2599983215332,41.215370178222656,523700
ATO,2014-07-10,51.04999923706055,51.79999923706055,50.93000030517578,51.650001525878906,41.52895736694336,430300
ATO,2014-07-11,51.619998931884766,51.86000061035156,51.16999816894531,51.20000076293945,41.167137145996094,256500
ATO,2014-07-14,51.380001068115234,51.40999984741211,50.97999954223633,51.02999877929688,41.03045654296875,292400
ATO,2014-07-15,51.02000045776367,51.40999984741211,50.86000061035156,51.2400016784668,41.19929122924805,242600
ATO,2014-07-16,51.41999816894531,51.41999816894531,50.34000015258789,51.0099983215332,41.01435470581055,818000
ATO,2014-07-17,51.02000045776367,51.29999923706055,50.52999877929688,50.54999923706055,40.644508361816406,294800
ATO,2014-07-18,50.77999877929688,51.470001220703125,50.470001220703125,51.34999847412109,41.28775024414063,834000
ATO,2014-07-21,51.2599983215332,51.33000183105469,50.97999954223633,51.06999969482422,41.06261444091797,404900
ATO,2014-07-22,51.25,51.34999847412109,51.040000915527344,51.20000076293945,41.167137145996094,288200
ATO,2014-07-23,51.34999847412109,51.34999847412109,50.900001525878906,50.93999862670898,40.95809173583984,231000
ATO,2014-07-24,50.9900016784668,51.380001068115234,50.91999816894531,50.93000030517578,40.95004653930664,284100
ATO,2014-07-25,50.900001525878906,50.90999984741211,50.06999969482422,50.20000076293945,40.36309814453125,328400
ATO,2014-07-28,49.97999954223633,50.84999847412109,49.88999938964844,50.720001220703125,40.781192779541016,650100
ATO,2014-07-29,50.93000030517578,50.970001220703125,50.38999938964844,50.52999877929688,40.62842178344727,516100
ATO,2014-07-30,50.58000183105469,50.7599983215332,49.11000061035156,49.27999877929688,39.62336349487305,567200
ATO,2014-07-31,48.869998931884766,49.2599983215332,48.290000915527344,48.31999969482422,38.85148239135742,593200
ATO,2014-08-01,48.2599983215332,48.650001525878906,47.81999969482422,48.15999984741211,38.722843170166016,535600
ATO,2014-08-04,48.2599983215332,48.2599983215332,46.77000045776367,47.790000915527344,38.42534637451172,694700
ATO,2014-08-05,47.52999877929688,48.02999877929688,47.290000915527344,47.40999984741211,38.11981201171875,542400
ATO,2014-08-06,47.29999923706055,47.61000061035156,47.119998931884766,47.29999923706055,38.03135681152344,621500
ATO,2014-08-07,47.36000061035156,47.959999084472656,47.119998931884766,47.59000015258789,38.26453399658203,609200
ATO,2014-08-08,47.47999954223633,48.47999954223633,47.470001220703125,48.470001220703125,38.97209930419922,482700
ATO,2014-08-11,48.58000183105469,48.84000015258789,48.29999923706055,48.59999847412109,39.07662582397461,422500
ATO,2014-08-12,48.4900016784668,48.790000915527344,48.34999847412109,48.52999877929688,39.02033615112305,252400
ATO,2014-08-13,48.630001068115234,49.15999984741211,48.630001068115234,49.130001068115234,39.50276947021485,243000
ATO,2014-08-14,49.34000015258789,49.59999847412109,49.209999084472656,49.56999969482422,39.85653305053711,320600
ATO,2014-08-15,49.720001220703125,50.060001373291016,49.380001068115234,49.77000045776367,40.01735305786133,217400
ATO,2014-08-18,50.060001373291016,50.08000183105469,49.56999969482422,49.7599983215332,40.00931167602539,210600
ATO,2014-08-19,49.93999862670898,50.61000061035156,49.77000045776367,50.560001373291016,40.65254592895508,250500
ATO,2014-08-20,50.54999923706055,50.68999862670898,50.22999954223633,50.650001525878906,40.72490310668945,300100
ATO,2014-08-21,50.290000915527344,50.540000915527344,50.11000061035156,50.209999084472656,40.66820907592773,400600
ATO,2014-08-22,50.27999877929688,50.45000076293945,49.869998931884766,50.040000915527344,40.530521392822266,330000
ATO,2014-08-25,50.2599983215332,50.380001068115234,49.97999954223633,50.06999969482422,40.55482482910156,258800
ATO,2014-08-26,50.130001068115234,50.380001068115234,49.630001068115234,49.68000030517578,40.23894119262695,207600
ATO,2014-08-27,49.84999847412109,50.060001373291016,49.59999847412109,49.97999954223633,40.48191452026367,350800
ATO,2014-08-28,49.900001525878906,50.33000183105469,49.81999969482422,50.29999923706055,40.74111557006836,292600
ATO,2014-08-29,50.310001373291016,50.619998931884766,49.59000015258789,50.560001373291016,40.951698303222656,182000
ATO,2014-09-02,50.56999969482422,50.97999954223633,50.150001525878906,50.33000183105469,40.76541519165039,572700
ATO,2014-09-03,50.54999923706055,50.83000183105469,50.43999862670898,50.7599983215332,41.11368560791016,275300
ATO,2014-09-04,50.68000030517578,50.900001525878906,50.310001373291016,50.540000915527344,40.93549728393555,189100
ATO,2014-09-05,50.61000061035156,51.34000015258789,50.61000061035156,51.310001373291016,41.559173583984375,315800
ATO,2014-09-08,51.29999923706055,51.470001220703125,51.02000045776367,51.310001373291016,41.559173583984375,466900
ATO,2014-09-09,51.119998931884766,51.40999984741211,50.52999877929688,50.59000015258789,40.97600936889648,348900
ATO,2014-09-10,50.5099983215332,50.650001525878906,49.959999084472656,50.16999816894531,40.63581848144531,259100
ATO,2014-09-11,49.9900016784668,50.470001220703125,49.88999938964844,50.459999084472656,40.87070083618164,304900
ATO,2014-09-12,50.29999923706055,50.34999847412109,49.33000183105469,49.61000061035156,40.18223571777344,387300
ATO,2014-09-15,49.7400016784668,50.02000045776367,49.59999847412109,49.83000183105469,40.36043167114258,360800
ATO,2014-09-16,49.68999862670898,50.38999938964844,49.68999862670898,50.130001068115234,40.60342025756836,429100
ATO,2014-09-17,50.16999816894531,50.33000183105469,49.54999923706055,49.86000061035156,40.38472366333008,263800
ATO,2014-09-18,49.93999862670898,49.9900016784668,49.20000076293945,49.38999938964844,40.00404739379883,343200
ATO,2014-09-19,49.4900016784668,49.70000076293945,49.209999084472656,49.2400016784668,39.8825569152832,526200
ATO,2014-09-22,49.09000015258789,49.25,48.5099983215332,48.900001525878906,39.60717010498047,367400
ATO,2014-09-23,48.70000076293945,49.02000045776367,48.27999877929688,48.290000915527344,39.11309051513672,485700
ATO,2014-09-24,48.31999969482422,48.36000061035156,47.619998931884766,47.7400016784668,38.6676025390625,559600
ATO,2014-09-25,47.63999938964844,47.88999938964844,47.16999816894531,47.25,38.27072525024414,577900
ATO,2014-09-26,47.220001220703125,47.220001220703125,46.65999984741211,47.0099983215332,38.07632827758789,765700
ATO,2014-09-29,46.63999938964844,47.880001068115234,46.63999938964844,47.84000015258789,38.74860382080078,704600
ATO,2014-09-30,47.84000015258789,48.15999984741211,47.560001373291016,47.70000076293945,38.63520431518555,719800
ATO,2014-10-01,47.630001068115234,48.11000061035156,47.220001220703125,47.45000076293945,38.432716369628906,825200
ATO,2014-10-02,47.33000183105469,47.810001373291016,47.27999877929688,47.47999954223633,38.45701599121094,426900
ATO,2014-10-03,47.709999084472656,47.959999084472656,47.27999877929688,47.68999862670898,38.62711334228516,498900
ATO,2014-10-06,47.7599983215332,47.970001220703125,47.470001220703125,47.77999877929688,38.70000457763672,561000
ATO,2014-10-07,47.52000045776367,47.869998931884766,47.34000015258789,47.34999847412109,38.35173034667969,593600
ATO,2014-10-08,47.38999938964844,48.560001373291016,47.29999923706055,48.52000045776367,39.29938888549805,527800
ATO,2014-10-09,48.560001373291016,48.970001220703125,47.59000015258789,47.68999862670898,38.62711334228516,566400
ATO,2014-10-10,47.869998931884766,48.58000183105469,47.630001068115234,47.97999954223633,38.862003326416016,623700
ATO,2014-10-13,47.79999923706055,48.41999816894531,47.75,47.91999816894531,38.81339263916016,755200
ATO,2014-10-14,48.09999847412109,48.79999923706055,47.810001373291016,48.7400016784668,39.477577209472656,888500
ATO,2014-10-15,48.31999969482422,48.709999084472656,47.2400016784668,48.4900016784668,39.27508163452149,829800
ATO,2014-10-16,47.84000015258789,49.15999984741211,47.369998931884766,49.150001525878906,39.80965423583984,1044600
ATO,2014-10-17,50.04999923706055,50.52000045776367,49.29999923706055,50.209999084472656,40.66820907592773,2314200
ATO,2014-10-20,50.25,51.04999923706055,50.209999084472656,50.84999847412109,41.18659210205078,725400
ATO,2014-10-21,51.04999923706055,51.54999923706055,50.75,51.2400016784668,41.50246810913086,692800
ATO,2014-10-22,51.27999877929688,51.97999954223633,51.13999938964844,51.41999816894531,41.64827346801758,629000
ATO,2014-10-23,51.93000030517578,52.470001220703125,51.68000030517578,51.91999816894531,42.0532455444336,466100
ATO,2014-10-24,52.09000015258789,52.09999847412109,51.560001373291016,51.619998931884766,41.81026458740234,709600
ATO,2014-10-27,51.52000045776367,51.77999877929688,51.25,51.619998931884766,41.81026458740234,698600
ATO,2014-10-28,51.810001373291016,52.40999984741211,51.38999938964844,52.380001068115234,42.42583847045898,443300
ATO,2014-10-29,52.5099983215332,52.81999969482422,51.83000183105469,52.45000076293945,42.48252868652344,398500
ATO,2014-10-30,52.25,53.33000183105469,52.25,53.31999969482422,43.18720245361328,304100
ATO,2014-10-31,53.560001373291016,53.560001373291016,52.83000183105469,53.0,42.92802047729492,806900
ATO,2014-11-03,53.11000061035156,53.650001525878906,52.880001068115234,53.470001220703125,43.30868911743164,526400
ATO,2014-11-04,53.650001525878906,53.880001068115234,53.209999084472656,53.459999084472656,43.30060195922852,545300
ATO,2014-11-05,53.91999816894531,54.290000915527344,53.560001373291016,54.20000076293945,43.89996337890625,522800
ATO,2014-11-06,54.79999923706055,54.91999816894531,53.869998931884766,54.220001220703125,43.91616821289063,788600
ATO,2014-11-07,54.33000183105469,54.5,53.9900016784668,54.43000030517578,44.08625411987305,486600
ATO,2014-11-10,54.33000183105469,54.58000183105469,54.060001373291016,54.29999923706055,43.98096084594727,357800
ATO,2014-11-11,54.40999984741211,54.560001373291016,54.04999923706055,54.2400016784668,43.93236541748047,303300
ATO,2014-11-12,54.130001068115234,54.130001068115234,53.470001220703125,53.900001525878906,43.656986236572266,608500
ATO,2014-11-13,53.790000915527344,54.54999923706055,53.459999084472656,54.5099983215332,44.15105056762695,1091300
ATO,2014-11-14,54.380001068115234,54.52000045776367,53.18999862670898,53.290000915527344,43.162899017333984,531800
ATO,2014-11-17,53.150001525878906,53.65999984741211,53.060001373291016,53.470001220703125,43.30868911743164,813200
ATO,2014-11-18,53.560001373291016,53.83000183105469,53.290000915527344,53.41999816894531,43.26818084716797,647400
ATO,2014-11-19,53.459999084472656,53.47999954223633,52.95000076293945,53.13999938964844,43.04140472412109,723200
ATO,2014-11-20,52.7599983215332,53.09999847412109,52.63999938964844,53.08000183105469,43.310672760009766,994900
ATO,2014-11-21,53.59999847412109,53.75,53.290000915527344,53.650001525878906,43.77576446533203,635600
ATO,2014-11-24,53.619998931884766,53.91999816894531,53.27000045776367,53.61000061035156,43.743125915527344,629700
ATO,2014-11-25,53.7400016784668,53.84999847412109,53.47999954223633,53.68999862670898,43.80839920043945,364000
ATO,2014-11-26,53.68000030517578,54.0099983215332,53.61000061035156,53.7400016784668,43.84919738769531,323200
ATO,2014-11-28,53.65999984741211,54.45000076293945,53.65999984741211,53.70000076293945,43.81655883789063,291000
ATO,2014-12-01,53.709999084472656,54.04999923706055,53.18999862670898,53.90999984741211,43.987911224365234,531800
ATO,2014-12-02,53.900001525878906,54.34999847412109,53.54999923706055,54.15999984741211,44.19189453125,586200
ATO,2014-12-03,54.09000015258789,54.5,54.09000015258789,54.459999084472656,44.43668746948242,595200
ATO,2014-12-04,54.34999847412109,54.84999847412109,54.290000915527344,54.68000030517578,44.61620330810547,482900
ATO,2014-12-05,54.400001525878906,54.7400016784668,54.20000076293945,54.36000061035156,44.35508728027344,430200
ATO,2014-12-08,54.400001525878906,54.84000015258789,53.79999923706055,54.15999984741211,44.19189453125,342600
ATO,2014-12-09,53.95000076293945,55.09999847412109,53.84999847412109,55.060001373291016,44.926246643066406,479900
ATO,2014-12-10,54.88999938964844,55.06999969482422,53.84999847412109,53.880001068115234,43.96343231201172,322400
ATO,2014-12-11,54.0099983215332,54.93000030517578,53.61000061035156,54.54999923706055,44.5101203918457,326700
ATO,2014-12-12,54.0,54.34999847412109,53.08000183105469,53.130001068115234,43.351470947265625,530400
ATO,2014-12-15,53.36000061035156,53.36000061035156,52.369998931884766,52.56999969482422,42.89453506469727,514500
ATO,2014-12-16,52.540000915527344,53.27999877929688,52.02000045776367,52.90999984741211,43.171966552734375,613800
ATO,2014-12-17,52.970001220703125,53.84000015258789,52.810001373291016,53.81999969482422,43.91447448730469,301400
ATO,2014-12-18,54.31999969482422,54.75,54.04999923706055,54.65999984741211,44.599876403808594,407800
ATO,2014-12-19,54.58000183105469,54.84000015258789,53.869998931884766,54.380001068115234,44.37141418457031,738800
ATO,2014-12-22,54.33000183105469,54.619998931884766,53.93999862670898,54.560001373291016,44.51827621459961,265900
ATO,2014-12-23,54.59999847412109,54.93000030517578,54.38999938964844,54.68000030517578,44.61620330810547,345500
ATO,2014-12-24,54.619998931884766,55.68000030517578,54.619998931884766,55.58000183105469,45.35055160522461,190600
ATO,2014-12-26,55.650001525878906,56.400001525878906,55.38999938964844,56.0099983215332,45.7014045715332,307900
ATO,2014-12-29,56.18999862670898,58.18000030517578,56.18000030517578,58.08000183105469,47.39043045043945,574600
ATO,2014-12-30,57.869998931884766,57.880001068115234,56.84999847412109,56.84999847412109,46.38681411743164,340600
ATO,2014-12-31,57.119998931884766,57.290000915527344,55.720001220703125,55.7400016784668,45.48110580444336,568800
ATO,2015-01-02,55.91999816894531,56.16999816894531,55.34999847412109,55.900001525878906,45.61164474487305,421700
ATO,2015-01-05,55.459999084472656,55.5099983215332,54.540000915527344,54.88999938964844,44.78753662109375,373000
ATO,2015-01-06,54.93000030517578,55.59000015258789,54.38999938964844,54.54999923706055,44.5101203918457,561100
ATO,2015-01-07,54.95000076293945,55.5,54.36000061035156,55.33000183105469,45.14655685424805,550900
ATO,2015-01-08,55.68000030517578,56.0099983215332,55.58000183105469,55.70000076293945,45.448463439941406,747300
ATO,2015-01-09,55.77000045776367,55.84999847412109,54.90999984741211,55.25,45.0812873840332,432800
ATO,2015-01-12,55.52000045776367,55.540000915527344,54.79999923706055,55.34000015258789,45.15471649169922,414200
ATO,2015-01-13,55.7400016784668,56.52000045776367,55.040000915527344,55.61000061035156,45.37501525878906,341800
ATO,2015-01-14,55.27999877929688,57.16999816894531,55.27999877929688,57.13999938964844,46.62343597412109,575300
ATO,2015-01-15,57.33000183105469,57.470001220703125,56.970001220703125,57.310001373291016,46.76213836669922,744300
ATO,2015-01-16,57.040000915527344,58.47999954223633,57.02999877929688,58.470001220703125,47.70865631103516,500700
ATO,2015-01-20,58.470001220703125,58.95000076293945,57.470001220703125,58.220001220703125,47.50465393066406,458800
ATO,2015-01-21,58.119998931884766,58.66999816894531,57.54999923706055,58.61000061035156,47.8228759765625,593900
ATO,2015-01-22,59.0099983215332,59.04999923706055,58.27999877929688,58.63999938964844,47.84735870361328,595800
ATO,2015-01-23,58.84999847412109,59.11000061035156,58.59999847412109,58.65999984741211,47.86367416381836,403700
ATO,2015-01-26,58.54999923706055,58.83000183105469,57.65999984741211,58.810001373291016,47.98606491088867,420100
ATO,2015-01-27,58.790000915527344,59.34999847412109,58.36000061035156,58.470001220703125,47.70865631103516,539000
ATO,2015-01-28,58.61000061035156,59.040000915527344,57.33000183105469,57.540000915527344,46.94982147216797,556400
ATO,2015-01-29,57.84000015258789,58.7599983215332,57.38999938964844,58.68999862670898,47.888145446777344,338100
ATO,2015-01-30,58.310001373291016,58.650001525878906,56.77999877929688,56.90999984741211,46.43576431274414,934800
ATO,2015-02-02,57.380001068115234,57.75,56.45000076293945,57.5,46.91718292236328,589000
ATO,2015-02-03,57.18999862670898,57.970001220703125,57.16999816894531,57.91999816894531,47.25986862182617,758000
ATO,2015-02-04,57.77000045776367,58.18000030517578,56.59999847412109,56.7599983215332,46.31336212158203,719500
ATO,2015-02-05,57.09000015258789,57.59000015258789,56.72999954223633,57.43999862670898,46.86822128295898,417400
ATO,2015-02-06,57.2599983215332,57.5,54.5,55.09000015258789,44.95073699951172,746900
ATO,2015-02-09,54.900001525878906,55.43999862670898,54.16999816894531,54.4900016784668,44.46116638183594,329100
ATO,2015-02-10,54.470001220703125,55.130001068115234,54.29999923706055,54.95000076293945,44.83649826049805,797500
ATO,2015-02-11,54.95000076293945,54.95000076293945,53.369998931884766,53.47999954223633,43.63705062866211,850600
ATO,2015-02-12,53.59000015258789,53.810001373291016,52.970001220703125,53.16999816894531,43.38409423828125,1461400
ATO,2015-02-13,53.20000076293945,53.31999969482422,52.209999084472656,52.52000045776367,42.853736877441406,957300
ATO,2015-02-17,52.38999938964844,52.83000183105469,52.04999923706055,52.540000915527344,42.87006378173828,1557700
ATO,2015-02-18,52.41999816894531,53.59000015258789,52.209999084472656,53.52999877929688,43.67783737182617,1703600
ATO,2015-02-19,53.13999938964844,53.33000183105469,52.72999954223633,52.86000061035156,43.44770812988281,695800
ATO,2015-02-20,52.90999984741211,53.08000183105469,52.27000045776367,52.93000030517578,43.50523376464844,822500
ATO,2015-02-23,52.93000030517578,53.2400016784668,52.70000076293945,53.130001068115234,43.66963958740234,393300
ATO,2015-02-24,53.25,53.61000061035156,53.02000045776367,53.33000183105469,43.834014892578125,394000
ATO,2015-02-25,53.400001525878906,53.54999923706055,52.970001220703125,53.150001525878906,43.686073303222656,735300
ATO,2015-02-26,53.22999954223633,53.29999923706055,52.470001220703125,52.4900016784668,43.14360046386719,489300
ATO,2015-02-27,52.66999816894531,53.209999084472656,52.43999862670898,53.040000915527344,43.59565734863281,798000
ATO,2015-03-02,52.93999862670898,53.130001068115234,51.2599983215332,52.119998931884766,42.8394660949707,848100
ATO,2015-03-03,52.65999984741211,53.38999938964844,52.310001373291016,53.290000915527344,43.8011474609375,1072400
ATO,2015-03-04,53.290000915527344,53.290000915527344,52.619998931884766,53.119998931884766,43.661407470703125,790500
ATO,2015-03-05,53.18000030517578,53.650001525878906,52.970001220703125,53.43000030517578,43.91621017456055,576700
ATO,2015-03-06,52.77999877929688,52.88999938964844,51.970001220703125,52.209999084472656,42.91344451904297,935500
ATO,2015-03-09,52.25,52.58000183105469,52.06999969482422,52.18000030517578,42.88877868652344,518500
ATO,2015-03-10,52.0,52.7400016784668,51.959999084472656,52.02000045776367,42.75727462768555,676800
ATO,2015-03-11,52.18000030517578,52.29999923706055,51.72999954223633,52.04999923706055,42.78193283081055,959200
ATO,2015-03-12,52.34999847412109,53.61000061035156,52.34999847412109,53.400001525878906,43.89155197143555,596600
ATO,2015-03-13,53.31999969482422,53.33000183105469,52.31999969482422,53.09000015258789,43.63675308227539,569200
ATO,2015-03-16,53.2599983215332,54.060001373291016,53.2599983215332,53.880001068115234,44.28607940673828,877900
ATO,2015-03-17,53.77999877929688,54.34000015258789,53.709999084472656,54.25,44.59020233154297,589700
ATO,2015-03-18,54.25,55.970001220703125,54.04999923706055,55.65999984741211,45.749141693115234,825200
ATO,2015-03-19,55.310001373291016,56.04999923706055,55.02999877929688,55.18999862670898,45.36282730102539,732400
ATO,2015-03-20,55.40999984741211,55.86000061035156,55.09999847412109,55.84999847412109,45.90530014038086,1683200
ATO,2015-03-23,55.72999954223633,55.81999969482422,55.27999877929688,55.43000030517578,45.560096740722656,417200
ATO,2015-03-24,55.27000045776367,55.619998931884766,54.93999862670898,55.18999862670898,45.36282730102539,568900
ATO,2015-03-25,55.36000061035156,55.77999877929688,54.59999847412109,54.63999938964844,44.91075134277344,625400
ATO,2015-03-26,54.5099983215332,54.84000015258789,53.86000061035156,53.88999938964844,44.2943000793457,573400
ATO,2015-03-27,53.95000076293945,54.61000061035156,53.810001373291016,54.61000061035156,44.8860969543457,480900
ATO,2015-03-30,54.7599983215332,55.4900016784668,54.47999954223633,55.380001068115234,45.51899719238281,364300
ATO,2015-03-31,55.22999954223633,55.70000076293945,55.040000915527344,55.29999923706055,45.45323944091797,924700
ATO,2015-04-01,55.18000030517578,55.81999969482422,54.59999847412109,55.81999969482422,45.88064193725586,449700
ATO,2015-04-02,55.91999816894531,56.34999847412109,55.58000183105469,55.95000076293945,45.98749923706055,527900
ATO,2015-04-06,55.93000030517578,56.66999816894531,55.79999923706055,56.40999984741211,46.365604400634766,615300
ATO,2015-04-07,56.400001525878906,56.43999862670898,55.4900016784668,55.540000915527344,45.6505126953125,320000
ATO,2015-04-08,55.65999984741211,55.720001220703125,55.060001373291016,55.38999938964844,45.52720642089844,299900
ATO,2015-04-09,55.27000045776367,55.66999816894531,54.709999084472656,55.02999877929688,45.23130798339844,379300
ATO,2015-04-10,55.27999877929688,55.66999816894531,54.93999862670898,55.369998931884766,45.51077651977539,243400
ATO,2015-04-13,55.22999954223633,55.369998931884766,54.540000915527344,54.54999923706055,44.83678436279297,304900
ATO,2015-04-14,54.77999877929688,55.18999862670898,54.59000015258789,54.880001068115234,45.1080322265625,421100
ATO,2015-04-15,55.13999938964844,55.40999984741211,54.720001220703125,54.77000045776367,45.01760482788086,449000
ATO,2015-04-16,54.709999084472656,54.72999954223633,53.75,54.27000045776367,44.60664367675781,380800
ATO,2015-04-17,54.02000045776367,54.47999954223633,53.81999969482422,54.02999877929688,44.40937805175781,233000
ATO,2015-04-20,54.34999847412109,55.130001068115234,54.20000076293945,54.84000015258789,45.07515335083008,365800
ATO,2015-04-21,54.83000183105469,55.43000030517578,54.560001373291016,54.63999938964844,44.91075134277344,613600
ATO,2015-04-22,54.7599983215332,55.02000045776367,54.130001068115234,54.540000915527344,44.82856369018555,490800
ATO,2015-04-23,54.630001068115234,55.380001068115234,54.59000015258789,55.290000915527344,45.44502258300781,412400
ATO,2015-04-24,55.310001373291016,56.02000045776367,54.9900016784668,55.68000030517578,45.76558303833008,299700
ATO,2015-04-27,55.84999847412109,55.84999847412109,54.81999969482422,55.36000061035156,45.50254821777344,481600
ATO,2015-04-28,55.34000015258789,55.91999816894531,54.7400016784668,55.77000045776367,45.83954620361328,341200
ATO,2015-04-29,55.41999816894531,55.65999984741211,55.11000061035156,55.540000915527344,45.6505126953125,221500
ATO,2015-04-30,55.18000030517578,55.58000183105469,53.66999816894531,54.0,44.384708404541016,619300
ATO,2015-05-01,54.209999084472656,54.5099983215332,53.86000061035156,54.310001373291016,44.63953399658203,271200
ATO,2015-05-04,54.31999969482422,55.09999847412109,54.2400016784668,54.27000045776367,44.60664367675781,307400
ATO,2015-05-05,54.02000045776367,54.27999877929688,52.43999862670898,52.5,43.15180587768555,828900
ATO,2015-05-06,52.709999084472656,53.09000015258789,52.18000030517578,52.630001068115234,43.25866317749024,466800
ATO,2015-05-07,53.369998931884766,53.4900016784668,52.630001068115234,53.470001220703125,43.94909286499024,467700
ATO,2015-05-08,53.93000030517578,54.18000030517578,53.41999816894531,53.90999984741211,44.31074142456055,431300
ATO,2015-05-11,53.59999847412109,54.33000183105469,53.38999938964844,53.61000061035156,44.06415939331055,447600
ATO,2015-05-12,53.43000030517578,53.70000076293945,52.790000915527344,52.93999862670898,43.51346206665039,488400
ATO,2015-05-13,53.150001525878906,53.38999938964844,52.380001068115234,52.5,43.15180587768555,475100
ATO,2015-05-14,52.84000015258789,53.540000915527344,52.61000061035156,53.400001525878906,43.89155197143555,384600
ATO,2015-05-15,53.47999954223633,53.900001525878906,53.41999816894531,53.84000015258789,44.253204345703125,463600
ATO,2015-05-18,53.720001220703125,54.38999938964844,53.66999816894531,54.369998931884766,44.68883895874024,445700
ATO,2015-05-19,54.18999862670898,54.459999084472656,54.060001373291016,54.290000915527344,44.623077392578125,344800
ATO,2015-05-20,54.290000915527344,54.560001373291016,54.16999816894531,54.27999877929688,44.61486053466797,283900
ATO,2015-05-21,53.97999954223633,54.119998931884766,53.38999938964844,53.59000015258789,44.36650466918945,357200
ATO,2015-05-22,53.52000045776367,53.630001068115234,53.09999847412109,53.5,44.29197311401367,216100
ATO,2015-05-26,53.25,53.33000183105469,52.900001525878906,53.20000076293945,44.04360961914063,322800
ATO,2015-05-27,53.18999862670898,53.470001220703125,53.09999847412109,53.40999984741211,44.21748352050781,316500
ATO,2015-05-28,53.36000061035156,54.02999877929688,53.13999938964844,53.9900016784668,44.6976432800293,398300
ATO,2015-05-29,53.90999984741211,54.18999862670898,53.4900016784668,54.02000045776367,44.72248077392578,488200
ATO,2015-06-01,54.06999969482422,54.47999954223633,53.810001373291016,54.09000015258789,44.78044891357422,432400
ATO,2015-06-02,53.90999984741211,54.0099983215332,52.93000030517578,53.20000076293945,44.04360961914063,548300
ATO,2015-06-03,53.20000076293945,53.5,52.54999923706055,52.66999816894531,43.60483551025391,497400
ATO,2015-06-04,52.54999923706055,52.93000030517578,52.25,52.34999847412109,43.33991622924805,308500
ATO,2015-06-05,51.90999984741211,52.22999954223633,51.20000076293945,51.43999862670898,42.58654022216797,490500
ATO,2015-06-08,51.52000045776367,51.68000030517578,51.27999877929688,51.400001525878906,42.55341720581055,458100
ATO,2015-06-09,51.40999984741211,51.880001068115234,51.31999969482422,51.369998931884766,42.52858352661133,438500
ATO,2015-06-10,51.630001068115234,51.880001068115234,51.5,51.54999923706055,42.67760848999024,2177800
ATO,2015-06-11,51.90999984741211,52.36000061035156,51.63999938964844,51.95000076293945,43.008750915527344,704400
ATO,2015-06-12,51.810001373291016,52.09999847412109,51.38999938964844,51.47999954223633,42.61965560913086,398400
ATO,2015-06-15,51.540000915527344,51.59000015258789,50.83000183105469,51.43999862670898,42.58654022216797,607200
ATO,2015-06-16,51.22999954223633,51.959999084472656,51.060001373291016,51.93999862670898,43.000484466552734,617100
ATO,2015-06-17,52.150001525878906,52.63999938964844,51.63999938964844,52.119998931884766,43.14949798583984,339900
ATO,2015-06-18,52.18999862670898,53.11000061035156,52.18999862670898,52.88999938964844,43.7869758605957,335800
ATO,2015-06-19,53.2400016784668,53.2400016784668,52.59000015258789,52.70000076293945,43.62968063354492,716700
ATO,2015-06-22,52.86000061035156,52.9900016784668,52.34000015258789,52.75,43.67106628417969,372300
ATO,2015-06-23,52.65999984741211,52.77999877929688,52.02000045776367,52.52000045776367,43.48064422607422,801400
ATO,2015-06-24,52.4900016784668,52.790000915527344,51.95000076293945,51.95000076293945,43.008750915527344,695800
ATO,2015-06-25,52.13999938964844,52.16999816894531,51.650001525878906,51.66999816894531,42.77695083618164,374800
ATO,2015-06-26,51.66999816894531,51.90999984741211,51.34999847412109,51.75,42.84318161010742,454100
ATO,2015-06-29,51.560001373291016,52.220001220703125,51.08000183105469,51.43000030517578,42.578250885009766,354800
ATO,2015-06-30,51.630001068115234,51.95000076293945,51.20000076293945,51.27999877929688,42.45407485961914,548400
ATO,2015-07-01,51.34999847412109,51.54999923706055,51.02999877929688,51.47999954223633,42.61965560913086,386200
ATO,2015-07-02,51.790000915527344,52.25,51.619998931884766,52.16999816894531,43.19089126586914,326100
ATO,2015-07-06,52.220001220703125,52.5099983215332,52.0,52.43000030517578,43.40614700317383,346300
ATO,2015-07-07,52.63999938964844,54.06999969482422,52.40999984741211,53.83000183105469,44.56518173217773,617000
ATO,2015-07-08,53.5,53.959999084472656,53.41999816894531,53.83000183105469,44.56518173217773,676300
ATO,2015-07-09,54.060001373291016,54.290000915527344,52.93999862670898,52.93999862670898,43.82836532592773,503700
ATO,2015-07-10,52.970001220703125,53.630001068115234,52.880001068115234,53.33000183105469,44.15124130249024,309300
ATO,2015-07-13,53.400001525878906,53.91999816894531,53.34000015258789,53.52999877929688,44.31681823730469,323800
ATO,2015-07-14,53.560001373291016,53.95000076293945,53.43999862670898,53.59999847412109,44.37477111816406,417900
ATO,2015-07-15,53.560001373291016,53.79999923706055,53.27999877929688,53.68999862670898,44.44927597045898,327400
ATO,2015-07-16,53.88999938964844,55.45000076293945,53.65999984741211,55.18000030517578,45.682838439941406,913500
ATO,2015-07-17,55.08000183105469,55.08000183105469,54.11000061035156,54.15999984741211,44.8384017944336,432700
ATO,2015-07-20,54.060001373291016,54.31999969482422,53.72999954223633,53.97999954223633,44.68936920166016,392500
ATO,2015-07-21,53.869998931884766,54.380001068115234,53.5,53.59999847412109,44.37477111816406,423700
ATO,2015-07-22,53.5099983215332,54.34999847412109,53.5099983215332,54.15999984741211,44.8384017944336,388600
ATO,2015-07-23,54.150001525878906,54.150001525878906,53.43999862670898,53.560001373291016,44.3416633605957,569600
ATO,2015-07-24,53.619998931884766,53.970001220703125,53.38999938964844,53.79999923706055,44.54034805297852,418700
ATO,2015-07-27,53.81999969482422,54.52000045776367,53.16999816894531,54.290000915527344,44.946022033691406,397800
ATO,2015-07-28,54.29999923706055,54.459999084472656,53.81999969482422,54.36000061035156,45.00398254394531,326800
ATO,2015-07-29,54.09999847412109,54.720001220703125,53.81999969482422,54.68000030517578,45.26889801025391,398400
ATO,2015-07-30,54.5,55.09000015258789,54.220001220703125,54.68000030517578,45.26889801025391,322700
ATO,2015-07-31,55.09999847412109,55.720001220703125,54.72999954223633,55.29999923706055,45.78218078613281,362200
ATO,2015-08-03,55.34999847412109,55.79999923706055,55.02999877929688,55.31999969482422,45.79872894287109,226300
ATO,2015-08-04,55.220001220703125,55.470001220703125,54.58000183105469,54.65999984741211,45.25234603881836,332700
ATO,2015-08-05,54.70000076293945,55.34000015258789,54.70000076293945,54.970001220703125,45.50897979736328,309600
ATO,2015-08-06,54.59999847412109,54.93999862670898,53.84999847412109,54.880001068115234,45.43447494506836,455300
ATO,2015-08-07,54.7400016784668,55.66999816894531,54.45000076293945,55.630001068115234,46.05538558959961,320400
ATO,2015-08-10,55.650001525878906,56.0,55.11000061035156,55.2599983215332,45.749053955078125,363300
ATO,2015-08-11,55.06999969482422,55.72999954223633,54.880001068115234,55.54999923706055,45.9891471862793,410300
ATO,2015-08-12,55.34999847412109,57.38999938964844,55.34999847412109,57.29999923706055,47.437950134277344,640200
ATO,2015-08-13,56.970001220703125,57.59000015258789,56.68000030517578,57.119998931884766,47.288944244384766,363800
ATO,2015-08-14,57.02999877929688,57.4900016784668,56.7400016784668,57.41999816894531,47.53730010986328,307700
ATO,2015-08-17,57.27000045776367,57.959999084472656,57.0,57.869998931884766,47.909854888916016,362700
ATO,2015-08-18,57.79999923706055,57.79999923706055,57.119998931884766,57.29999923706055,47.437950134277344,370500
ATO,2015-08-19,56.959999084472656,57.619998931884766,56.869998931884766,57.470001220703125,47.578704833984375,487600
ATO,2015-08-20,56.59999847412109,57.04999923706055,56.209999084472656,56.2599983215332,46.89519119262695,509200
ATO,2015-08-21,55.81999969482422,56.43000030517578,55.5099983215332,55.52999877929688,46.28670501708984,628900
ATO,2015-08-24,53.97999954223633,56.81999969482422,52.08000183105469,55.310001373291016,46.10333251953125,1823700
ATO,2015-08-25,55.25,56.43999862670898,54.36000061035156,54.47999954223633,45.41147613525391,1656800
ATO,2015-08-26,55.58000183105469,55.86000061035156,53.54999923706055,54.93000030517578,45.786582946777344,1705700
ATO,2015-08-27,55.0,55.95000076293945,53.9900016784668,55.34999847412109,46.13666534423828,1157800
ATO,2015-08-28,55.34000015258789,55.61000061035156,54.5099983215332,55.58000183105469,46.32838821411133,678700
ATO,2015-08-31,55.41999816894531,55.41999816894531,54.369998931884766,54.790000915527344,45.669883728027344,684200
ATO,2015-09-01,54.20000076293945,54.59000015258789,53.400001525878906,53.59000015258789,44.66963195800781,776300
ATO,2015-09-02,54.15999984741211,54.20000076293945,53.459999084472656,53.75,44.80299377441406,638000
ATO,2015-09-03,53.88999938964844,53.88999938964844,53.18000030517578,53.459999084472656,44.56127166748047,756000
ATO,2015-09-04,52.970001220703125,52.970001220703125,52.41999816894531,52.560001373291016,43.81107711791992,468700
ATO,2015-09-08,52.90999984741211,53.869998931884766,52.54999923706055,53.709999084472656,44.769657135009766,502700
ATO,2015-09-09,53.86000061035156,54.40999984741211,53.47999954223633,53.59000015258789,44.66963195800781,504000
ATO,2015-09-10,53.54999923706055,53.9900016784668,53.130001068115234,53.27999877929688,44.411224365234375,384300
ATO,2015-09-11,53.16999816894531,54.09999847412109,52.709999084472656,54.08000183105469,45.07806396484375,399800
ATO,2015-09-14,54.18000030517578,54.68000030517578,53.65999984741211,54.27999877929688,45.24477005004883,331300
ATO,2015-09-15,54.310001373291016,54.720001220703125,54.15999984741211,54.59999847412109,45.51150131225586,385600
ATO,2015-09-16,54.54999923706055,55.459999084472656,54.369998931884766,55.27000045776367,46.06997680664063,537200
ATO,2015-09-17,55.36000061035156,56.38999938964844,55.2599983215332,55.75,46.47008895874024,603600
ATO,2015-09-18,55.2599983215332,56.09000015258789,55.25,55.52000045776367,46.27837753295898,929700
ATO,2015-09-21,55.900001525878906,56.27999877929688,55.52999877929688,56.150001525878906,46.803504943847656,596300
ATO,2015-09-22,56.18000030517578,56.77999877929688,55.79999923706055,56.58000183105469,47.161922454833984,782500
ATO,2015-09-23,56.59999847412109,56.75,56.27000045776367,56.61000061035156,47.18693161010742,519600
ATO,2015-09-24,56.59999847412109,57.02000045776367,55.68999862670898,56.880001068115234,47.4119873046875,510200
ATO,2015-09-25,57.11000061035156,58.33000183105469,56.970001220703125,57.65999984741211,48.06216049194336,696700
ATO,2015-09-28,57.5099983215332,57.900001525878906,57.02999877929688,57.59999847412109,48.01213836669922,402000
ATO,2015-09-29,57.650001525878906,57.81999969482422,56.81999969482422,57.09999847412109,47.59536743164063,743900
ATO,2015-09-30,57.15999984741211,58.29999923706055,57.11000061035156,58.18000030517578,48.4955940246582,788400
ATO,2015-10-01,58.18000030517578,58.459999084472656,57.369998931884766,57.81999969482422,48.19551086425781,661200
ATO,2015-10-02,58.02999877929688,58.93000030517578,57.650001525878906,58.93000030517578,49.12076187133789,612000
ATO,2015-10-05,59.0,59.43999862670898,58.650001525878906,59.36000061035156,49.47918701171875,495400
ATO,2015-10-06,59.33000183105469,59.34999847412109,58.5,58.58000183105469,48.82900238037109,725100
ATO,2015-10-07,58.63999938964844,59.0099983215332,58.130001068115234,58.720001220703125,48.94571685791016,672400
ATO,2015-10-08,58.70000076293945,59.720001220703125,58.54999923706055,59.540000915527344,49.62923049926758,479000
ATO,2015-10-09,59.59000015258789,59.720001220703125,58.84999847412109,59.0,49.17911529541016,1042000
ATO,2015-10-12,59.09000015258789,60.0,58.880001068115234,59.560001373291016,49.6458854675293,443500
ATO,2015-10-13,59.4900016784668,59.59999847412109,59.02999877929688,59.11000061035156,49.27080154418945,973800
ATO,2015-10-14,59.16999816894531,59.41999816894531,58.77999877929688,58.84000015258789,49.04573822021485,518600
ATO,2015-10-15,58.959999084472656,59.77000045776367,58.75,59.77000045776367,49.820926666259766,288900
ATO,2015-10-16,59.84000015258789,63.18999862670898,59.77000045776367,60.75,50.63780975341797,813000
ATO,2015-10-19,60.709999084472656,61.2400016784668,60.54999923706055,60.93000030517578,50.78784942626953,664900
ATO,2015-10-20,60.75,61.150001525878906,60.43999862670898,60.5,50.429420471191406,531000
ATO,2015-10-21,60.72999954223633,60.959999084472656,60.220001220703125,60.310001373291016,50.27104949951172,378200
ATO,2015-10-22,60.41999816894531,60.720001220703125,60.22999954223633,60.650001525878906,50.55446243286133,588100
ATO,2015-10-23,60.75,60.7599983215332,59.45000076293945,59.93000030517578,49.95429992675781,548600
ATO,2015-10-26,60.290000915527344,62.0099983215332,60.09999847412109,61.810001373291016,51.5213737487793,723200
ATO,2015-10-27,61.68000030517578,62.02999877929688,61.380001068115234,61.869998931884766,51.571380615234375,790300
ATO,2015-10-28,62.04999923706055,62.38999938964844,61.36000061035156,62.220001220703125,51.86312103271485,583500
ATO,2015-10-29,61.72999954223633,62.209999084472656,61.43000030517578,62.130001068115234,51.78810501098633,584100
ATO,2015-10-30,62.119998931884766,63.459999084472656,62.06999969482422,63.0,52.51328659057617,1649300
ATO,2015-11-02,63.08000183105469,63.310001373291016,62.63999938964844,63.02999877929688,52.53828430175781,603000
ATO,2015-11-03,62.9900016784668,63.380001068115234,62.650001525878906,63.18999862670898,52.671653747558594,552300
ATO,2015-11-04,63.150001525878906,63.77000045776367,62.84999847412109,63.040000915527344,52.54662322998047,637500
ATO,2015-11-05,62.77999877929688,63.5,62.220001220703125,62.540000915527344,52.12984848022461,861900
ATO,2015-11-06,61.7400016784668,62.09999847412109,59.59999847412109,59.810001373291016,49.85426712036133,1323300
ATO,2015-11-09,59.79999923706055,59.79999923706055,59.220001220703125,59.4900016784668,49.58755111694336,1074500
ATO,2015-11-10,59.63999938964844,60.93999862670898,59.63999938964844,60.93999862670898,50.796173095703125,753200
ATO,2015-11-11,60.83000183105469,61.52000045776367,60.7400016784668,61.29999923706055,51.09624862670898,490700
ATO,2015-11-12,61.15999984741211,61.63999938964844,60.47999954223633,60.58000183105469,50.49609756469727,340500
ATO,2015-11-13,60.58000183105469,61.09000015258789,60.060001373291016,60.25,50.22102355957031,597700
ATO,2015-11-16,60.2599983215332,61.16999816894531,59.959999084472656,61.11000061035156,50.93788146972656,318300
ATO,2015-11-17,61.15999984741211,61.43000030517578,60.47999954223633,60.54999923706055,50.47109603881836,373200
ATO,2015-11-18,60.720001220703125,61.970001220703125,60.18999862670898,61.900001525878906,51.59638214111328,625300
ATO,2015-11-19,62.0,62.56999969482422,61.58000183105469,62.400001525878906,52.36847305297852,897700
ATO,2015-11-20,62.52000045776367,62.93999862670898,62.209999084472656,62.5099983215332,52.46080017089844,454700
ATO,2015-11-23,62.40999984741211,62.81999969482422,62.18999862670898,62.380001068115234,52.3516960144043,329900
ATO,2015-11-24,62.290000915527344,62.810001373291016,61.63999938964844,62.65999984741211,52.5866813659668,477100
ATO,2015-11-25,62.56999969482422,62.709999084472656,62.18000030517578,62.18999862670898,52.19223403930664,319500
ATO,2015-11-27,62.2599983215332,62.97999954223633,62.2599983215332,62.84000015258789,52.73774719238281,116600
ATO,2015-11-30,62.810001373291016,63.060001373291016,62.13999938964844,62.310001373291016,52.29295349121094,419900
ATO,2015-12-01,62.58000183105469,62.93999862670898,62.08000183105469,62.59000015258789,52.5279426574707,381600
ATO,2015-12-02,62.650001525878906,62.650001525878906,61.84999847412109,61.93000030517578,51.97404861450195,405600
ATO,2015-12-03,61.84999847412109,61.84999847412109,60.90999984741211,61.13999938964844,51.3110466003418,683400
ATO,2015-12-04,61.16999816894531,62.34000015258789,61.09999847412109,62.25,52.24258804321289,605500
ATO,2015-12-07,62.04999923706055,62.220001220703125,61.619998931884766,61.97999954223633,52.015995025634766,530300
ATO,2015-12-08,61.77000045776367,62.290000915527344,61.560001373291016,62.20000076293945,52.20063400268555,435300
ATO,2015-12-09,62.09000015258789,62.9900016784668,61.9900016784668,62.560001373291016,52.50275802612305,655600
ATO,2015-12-10,62.5,62.59000015258789,61.04999923706055,61.13999938964844,51.3110466003418,446200
ATO,2015-12-11,60.83000183105469,61.619998931884766,60.5,60.810001373291016,51.03409957885742,581800
ATO,2015-12-14,60.70000076293945,61.22999954223633,60.41999816894531,60.86000061035156,51.076053619384766,406000
ATO,2015-12-15,60.7400016784668,61.72999954223633,60.5,61.59000015258789,51.68869400024414,328700
ATO,2015-12-16,61.86000061035156,63.5,61.65999984741211,63.2599983215332,53.0902214050293,585400
ATO,2015-12-17,63.290000915527344,63.70000076293945,62.93999862670898,63.13999938964844,52.989524841308594,473000
ATO,2015-12-18,63.13999938964844,63.15999984741211,61.72999954223633,62.810001373291016,52.71256637573242,1699300
ATO,2015-12-21,62.56999969482422,62.77999877929688,61.709999084472656,62.08000183105469,52.09991836547852,590200
ATO,2015-12-22,62.060001373291016,62.630001068115234,61.41999816894531,62.43000030517578,52.393653869628906,653900
ATO,2015-12-23,62.59999847412109,63.43000030517578,62.43000030517578,63.27000045776367,53.09861755371094,343300
ATO,2015-12-24,63.06999969482422,63.43000030517578,62.91999816894531,63.16999816894531,53.014686584472656,123900
ATO,2015-12-28,63.13999938964844,64.25,63.060001373291016,64.22000122070312,53.89590072631836,554600
ATO,2015-12-29,64.44000244140625,64.79000091552734,64.06999969482422,64.25,53.92106628417969,334000
ATO,2015-12-30,64.12999725341797,64.33999633789062,63.95000076293945,64.1500015258789,53.8371467590332,320400
ATO,2015-12-31,64.11000061035156,64.11000061035156,62.91999816894531,63.040000915527344,52.90559768676758,452200
ATO,2016-01-04,63.02000045776367,63.040000915527344,62.02000045776367,62.369998931884766,52.34330368041992,537800
ATO,2016-01-05,62.369998931884766,62.81999969482422,61.83000183105469,62.59999847412109,52.53633117675781,590800
ATO,2016-01-06,62.43000030517578,63.18000030517578,62.20000076293945,62.79999923706055,52.70417022705078,409700
ATO,2016-01-07,62.16999816894531,62.709999084472656,61.959999084472656,62.18999862670898,52.19223403930664,432000
ATO,2016-01-08,62.18000030517578,65.48999786376953,61.70000076293945,62.2599983215332,52.25099182128906,482300
ATO,2016-01-11,61.709999084472656,62.68999862670898,61.709999084472656,62.470001220703125,52.42722702026367,501800
ATO,2016-01-12,62.70000076293945,62.70000076293945,61.5099983215332,62.09000015258789,52.10831451416016,531600
ATO,2016-01-13,62.27000045776367,62.38999938964844,61.5099983215332,61.7400016784668,51.81458282470703,513800
ATO,2016-01-14,61.880001068115234,63.2599983215332,61.86000061035156,62.97999954223633,52.8552360534668,455200
ATO,2016-01-15,61.060001373291016,63.08000183105469,60.0,62.970001220703125,52.84684371948242,694100
ATO,2016-01-19,63.45000076293945,64.22000122070312,63.060001373291016,63.959999084472656,53.67768096923828,623800
ATO,2016-01-20,63.84999847412109,64.19000244140625,61.54999923706055,62.38999938964844,52.36008071899414,582100
ATO,2016-01-21,62.43999862670898,62.68999862670898,61.619998931884766,62.380001068115234,52.3516960144043,655400
ATO,2016-01-22,62.70000076293945,64.08000183105469,61.81999969482422,64.0199966430664,53.7280387878418,563700
ATO,2016-01-25,64.12000274658203,64.95999908447266,63.34000015258789,63.84000015258789,53.57697677612305,724900
ATO,2016-01-26,64.13999938964844,65.47000122070312,64.13999938964844,65.41000366210938,54.89457702636719,835200
ATO,2016-01-27,65.38999938964844,65.9000015258789,64.80999755859375,65.12999725341797,54.65958786010742,598400
ATO,2016-01-28,65.58999633789062,67.61000061035156,65.51000213623047,67.19000244140625,56.38842391967773,1006100
ATO,2016-01-29,67.70999908447266,69.22000122070312,67.55999755859375,69.22000122070312,58.09208297729492,1753500
ATO,2016-02-01,69.26000213623047,69.80999755859375,68.37999725341797,68.58999633789062,57.56336975097656,1129600
ATO,2016-02-02,68.66999816894531,69.97000122070312,67.94000244140625,69.9000015258789,58.66277313232422,809600
ATO,2016-02-03,69.0,70.54000091552734,68.9000015258789,69.72000122070312,58.51171875,1052900
ATO,2016-02-04,69.66000366210938,69.94999694824219,68.8499984741211,69.62999725341797,58.4361686706543,996700
ATO,2016-02-05,69.58000183105469,69.8499984741211,68.66999816894531,69.52999877929688,58.35225677490234,668600
ATO,2016-02-08,69.47000122070312,69.91999816894531,69.01000213623047,69.8499984741211,58.62081527709961,515900
ATO,2016-02-09,69.7300033569336,70.9800033569336,69.19999694824219,70.80000305175781,59.418094635009766,675600
ATO,2016-02-10,70.91000366210938,70.91000366210938,69.69000244140625,70.27999877929688,58.98167037963867,875100
ATO,2016-02-11,69.77999877929688,70.52999877929688,69.58999633789062,70.29000091552734,58.99007797241211,630200
ATO,2016-02-12,70.91000366210938,71.08000183105469,68.75,69.83000183105469,58.604034423828125,1235900
ATO,2016-02-16,70.58999633789062,70.91999816894531,69.80999755859375,70.43000030517578,59.1075553894043,1112800
ATO,2016-02-17,70.44999694824219,70.4800033569336,69.02999877929688,69.63999938964844,58.44456100463867,1069700
ATO,2016-02-18,69.33000183105469,71.19000244140625,69.08000183105469,70.81999969482422,59.795501708984375,1220900
ATO,2016-02-19,70.29000091552734,70.88999938964844,69.87000274658203,70.0999984741211,59.18756866455078,890400
ATO,2016-02-22,70.19000244140625,70.45999908447266,69.98999786376953,70.36000061035156,59.40710067749024,795900
ATO,2016-02-23,70.36000061035156,71.05000305175781,70.18000030517578,70.44999694824219,59.483097076416016,604200
ATO,2016-02-24,70.44999694824219,71.0999984741211,69.2699966430664,71.05999755859375,59.99814224243164,1308400
ATO,2016-02-25,71.41999816894531,71.9000015258789,71.04000091552734,71.62000274658203,60.47098159790039,641000
ATO,2016-02-26,71.31999969482422,71.52999877929688,69.80999755859375,70.1500015258789,59.22981262207031,879800
ATO,2016-02-29,70.05000305175781,70.33000183105469,68.1500015258789,69.41000366210938,58.60499572753906,6854300
ATO,2016-03-01,69.73999786376953,69.9800033569336,68.94999694824219,69.2699966430664,58.486793518066406,905900
ATO,2016-03-02,69.30000305175781,70.36000061035156,68.5999984741211,70.33000183105469,59.38178634643555,746400
ATO,2016-03-03,70.29000091552734,70.30000305175781,69.12000274658203,69.62000274658203,58.78230285644531,972200
ATO,2016-03-04,69.1500015258789,71.08000183105469,69.13999938964844,70.69999694824219,59.69419097900391,1028600
ATO,2016-03-07,70.30999755859375,70.87000274658203,70.08000183105469,70.68000030517578,59.67728042602539,816900
ATO,2016-03-08,71.16000366210938,71.3499984741211,70.5999984741211,70.77999877929688,59.7617416381836,710300
ATO,2016-03-09,70.56999969482422,71.47000122070312,70.2699966430664,70.91000366210938,59.87148666381836,613100
ATO,2016-03-10,70.98999786376953,71.27999877929688,70.38999938964844,70.93000030517578,59.88837432861328,761600
ATO,2016-03-11,71.13999938964844,71.30000305175781,70.63999938964844,70.94999694824219,59.90526580810547,666200
ATO,2016-03-14,71.08999633789062,71.4000015258789,70.51000213623047,71.29000091552734,60.19233322143555,491400
ATO,2016-03-15,71.08000183105469,72.0999984741211,71.08000183105469,71.72000122070312,60.55538940429688,579700
ATO,2016-03-16,71.5999984741211,72.4000015258789,71.02999877929688,72.3499984741211,61.08734130859375,681000
ATO,2016-03-17,72.3499984741211,73.16000366210938,72.08999633789062,72.94000244140625,61.58547592163086,663300
ATO,2016-03-18,72.44000244140625,72.75,71.22000122070312,72.08000183105469,60.85938262939453,1648300
ATO,2016-03-21,71.80999755859375,72.0,71.0,71.31999969482422,60.2176628112793,593000
ATO,2016-03-22,71.51000213623047,71.88999938964844,71.13999938964844,71.61000061035156,60.4625129699707,451500
ATO,2016-03-23,71.69999694824219,72.04000091552734,71.08999633789062,71.83999633789062,60.65673065185547,380300
ATO,2016-03-24,71.87999725341797,72.5199966430664,71.63999938964844,72.37999725341797,61.11266326904297,491200
ATO,2016-03-28,72.73999786376953,72.9800033569336,72.11000061035156,72.56999969482422,61.273067474365234,384600
ATO,2016-03-29,72.80999755859375,74.37999725341797,72.29000091552734,74.33000183105469,62.75911331176758,665000
ATO,2016-03-30,74.5999984741211,74.5999984741211,73.8499984741211,74.05000305175781,62.5226936340332,499300
ATO,2016-03-31,73.94000244140625,74.44000244140625,73.47000122070312,74.26000213623047,62.700008392333984,801200
ATO,2016-04-01,73.9800033569336,74.86000061035156,73.62000274658203,74.55999755859375,62.95328521728516,791600
ATO,2016-04-04,74.83999633789062,74.83999633789062,73.80999755859375,74.37999725341797,62.801307678222656,696200
ATO,2016-04-05,74.36000061035156,74.36000061035156,73.06999969482422,73.20999908447266,61.813438415527344,473300
ATO,2016-04-06,73.04000091552734,73.48999786376953,72.80000305175781,73.4800033569336,62.04143142700195,496200
ATO,2016-04-07,73.44999694824219,73.83999633789062,73.12999725341797,73.63999938964844,62.176517486572266,1378800
ATO,2016-04-08,73.69999694824219,74.56999969482422,73.33999633789062,74.19000244140625,62.6408805847168,579500
ATO,2016-04-11,74.33999633789062,74.62000274658203,73.62000274658203,73.73999786376953,62.26093673706055,397500
ATO,2016-04-12,73.69000244140625,74.4000015258789,73.48999786376953,73.98999786376953,62.47202301025391,635900
ATO,2016-04-13,74.16000366210938,74.16000366210938,73.22000122070312,73.88999938964844,62.3875846862793,356600
ATO,2016-04-14,73.88999938964844,74.33000183105469,73.0999984741211,73.0999984741211,61.72055816650391,484700
ATO,2016-04-15,73.23999786376953,73.94000244140625,73.12000274658203,73.62999725341797,62.168094635009766,678100
ATO,2016-04-18,73.88999938964844,73.88999938964844,73.41999816894531,73.68000030517578,62.21027374267578,382300
ATO,2016-04-19,73.68000030517578,74.2699966430664,73.38999938964844,74.04000091552734,62.51424789428711,379800
ATO,2016-04-20,74.11000061035156,74.48999786376953,72.55000305175781,72.62000274658203,61.31528091430664,346900
ATO,2016-04-21,72.41999816894531,72.41999816894531,70.41000366210938,70.5999984741211,59.6097412109375,473600
ATO,2016-04-22,70.58999633789062,71.45999908447266,70.4800033569336,71.30999755859375,60.20920944213867,415900
ATO,2016-04-25,71.18000030517578,71.52999877929688,71.0,71.31999969482422,60.2176628112793,389500
ATO,2016-04-26,71.48999786376953,72.04000091552734,71.38999938964844,71.70999908447266,60.54694747924805,358200
ATO,2016-04-27,71.80999755859375,72.48999786376953,71.05000305175781,71.80000305175781,60.62295150756836,379500
ATO,2016-04-28,71.41000366210938,72.4800033569336,71.30000305175781,72.06999969482422,60.85091781616211,307500
ATO,2016-04-29,71.69000244140625,72.69000244140625,71.19999694824219,72.55000305175781,61.25620651245117,629500
ATO,2016-05-02,72.73999786376953,73.31999969482422,72.55999755859375,72.94999694824219,61.59392547607422,623400
ATO,2016-05-03,73.27999877929688,73.48999786376953,72.68000030517578,72.81999969482422,61.48414611816406,524200
ATO,2016-05-04,72.95999908447266,74.83000183105469,72.6500015258789,74.08999633789062,62.55645751953125,643400
ATO,2016-05-05,72.19000244140625,74.8499984741211,72.12000274658203,73.56999969482422,62.11739730834961,925800
ATO,2016-05-06,73.58000183105469,73.86000061035156,72.80000305175781,73.58999633789062,62.13428497314453,578200
ATO,2016-05-09,73.9000015258789,74.62999725341797,73.6500015258789,74.30000305175781,62.7337760925293,541600
ATO,2016-05-10,74.4000015258789,75.05000305175781,74.22000122070312,74.45999908447266,62.86886215209961,402900
ATO,2016-05-11,74.5,74.95999908447266,74.12999725341797,74.52999877929688,62.92795944213867,568800
ATO,2016-05-12,74.33999633789062,74.70999908447266,74.12999725341797,74.48999786376953,62.89419174194336,1216100
ATO,2016-05-13,74.52999877929688,75.0199966430664,73.83000183105469,74.26000213623047,62.700008392333984,812300
ATO,2016-05-16,74.41999816894531,75.0999984741211,74.0,74.98999786376953,63.31637191772461,998200
ATO,2016-05-17,74.83000183105469,74.83000183105469,72.41999816894531,72.76000213623047,61.433502197265625,597600
ATO,2016-05-18,72.30000305175781,73.33000183105469,71.55999755859375,71.7699966430664,60.59762191772461,590900
ATO,2016-05-19,71.08000183105469,71.95999908447266,70.83999633789062,71.88999938964844,61.05624008178711,404000
ATO,2016-05-20,72.0,72.20999908447266,71.4800033569336,72.0999984741211,61.23458480834961,513600
ATO,2016-05-23,72.16000366210938,72.30000305175781,71.43000030517578,71.45999908447266,60.691043853759766,324800
ATO,2016-05-24,71.4800033569336,72.4800033569336,70.91999816894531,72.41999816894531,61.50635147094727,745500
ATO,2016-05-25,72.26000213623047,72.52999877929688,71.77999877929688,71.86000061035156,61.03076553344727,484600
ATO,2016-05-26,71.95999908447266,72.44999694824219,71.87000274658203,72.37000274658203,61.46389389038086,479700
ATO,2016-05-27,72.5199966430664,72.69999694824219,71.88999938964844,72.69000244140625,61.73567199707031,506600
ATO,2016-05-31,72.7300033569336,73.13999938964844,72.36000061035156,72.9000015258789,61.914024353027344,1013100
ATO,2016-06-01,72.9000015258789,73.5,72.62000274658203,72.91000366210938,61.92253875732422,536200
ATO,2016-06-02,73.0199966430664,73.0199966430664,72.41999816894531,72.69999694824219,61.7441520690918,552500
ATO,2016-06-03,73.48999786376953,74.94999694824219,73.2300033569336,74.7300033569336,63.46824264526367,565800
ATO,2016-06-06,74.98999786376953,75.05999755859375,74.12999725341797,74.36000061035156,63.15401840209961,536800
ATO,2016-06-07,74.33000183105469,74.80999755859375,73.08000183105469,74.45999908447266,63.23894119262695,355200
ATO,2016-06-08,74.5999984741211,75.05999755859375,74.3499984741211,74.9000015258789,63.61263656616211,331100
ATO,2016-06-09,75.0,76.48999786376953,74.9000015258789,76.38999938964844,64.87809753417969,277100
ATO,2016-06-10,76.4000015258789,76.62000274658203,75.86000061035156,75.94999694824219,64.5043716430664,329400
ATO,2016-06-13,76.0199966430664,76.33000183105469,75.58000183105469,75.73999786376953,64.32604217529297,389900
ATO,2016-06-14,75.80000305175781,76.30000305175781,75.44999694824219,76.2699966430664,64.77617645263672,488100
ATO,2016-06-15,76.37000274658203,76.37999725341797,75.30000305175781,76.0,64.54686737060547,550900
ATO,2016-06-16,75.9000015258789,76.58000183105469,75.7699966430664,76.33000183105469,64.82713317871094,268900
ATO,2016-06-17,75.94000244140625,76.20999908447266,75.27999877929688,75.9800033569336,64.5298843383789,607900
ATO,2016-06-20,75.9800033569336,76.3499984741211,75.5199966430664,76.18000030517578,64.69973754882812,396500
ATO,2016-06-21,76.18000030517578,76.91999816894531,75.80000305175781,76.62999725341797,65.0819320678711,331800
ATO,2016-06-22,76.8499984741211,76.9000015258789,76.36000061035156,76.54000091552734,65.00550079345703,494500
ATO,2016-06-23,76.69000244140625,76.93000030517578,76.2699966430664,76.93000030517578,65.33670806884766,328600
ATO,2016-06-24,76.27999877929688,77.94999694824219,75.8499984741211,77.05000305175781,65.43862915039062,543400
ATO,2016-06-27,76.83000183105469,78.12999725341797,76.80000305175781,77.87000274658203,66.13504791259766,498700
ATO,2016-06-28,78.02999877929688,78.25,77.12000274658203,78.2300033569336,66.44080352783203,445800
ATO,2016-06-29,78.58999633789062,79.26000213623047,78.3499984741211,78.47000122070312,66.6446304321289,423700
ATO,2016-06-30,78.8499984741211,81.3499984741211,78.69000244140625,81.31999969482422,69.06515502929688,1146700
ATO,2016-07-01,81.97000122070312,81.97000122070312,79.72000122070312,80.47000122070312,68.34324645996094,594200
ATO,2016-07-05,80.69000244140625,81.25,80.06999969482422,81.12999725341797,68.90376281738281,714700
ATO,2016-07-06,81.0999984741211,81.55999755859375,80.47000122070312,81.16000366210938,68.92925262451172,879300
ATO,2016-07-07,80.69999694824219,80.69999694824219,79.4800033569336,79.5999984741211,67.60435485839844,465700
ATO,2016-07-08,79.5199966430664,80.02999877929688,78.69000244140625,80.0,67.9440689086914,532000
ATO,2016-07-11,79.70999908447266,80.12000274658203,79.0999984741211,80.08999633789062,68.02049255371094,516300
ATO,2016-07-12,79.52999877929688,80.41000366210938,79.16999816894531,79.91000366210938,67.86763763427734,568300
ATO,2016-07-13,80.48999786376953,81.0,80.12999725341797,80.73999786376953,68.57254791259766,367500
ATO,2016-07-14,80.08000183105469,80.58000183105469,79.83000183105469,80.08999633789062,68.02049255371094,433700
ATO,2016-07-15,80.16000366210938,80.5999984741211,79.77999877929688,80.05999755859375,67.99502563476562,346000
ATO,2016-07-18,80.13999938964844,80.37999725341797,79.72000122070312,79.9000015258789,67.85913848876953,258500
ATO,2016-07-19,80.04000091552734,80.04000091552734,79.69999694824219,79.93000030517578,67.88461303710938,246400
ATO,2016-07-20,79.94000244140625,80.04000091552734,79.61000061035156,79.66000366210938,67.65531158447266,212600
ATO,2016-07-21,79.44999694824219,79.93000030517578,78.94000244140625,79.73999786376953,67.72323608398438,276900
ATO,2016-07-22,79.62000274658203,80.61000061035156,79.52999877929688,80.51000213623047,68.37720489501953,230000
ATO,2016-07-25,80.12999725341797,80.1500015258789,79.62999725341797,79.94999694824219,67.901611328125,291300
ATO,2016-07-26,80.05000305175781,80.25,79.38999938964844,79.58999633789062,67.5958480834961,248400
ATO,2016-07-27,79.58999633789062,79.69000244140625,78.38999938964844,78.83999633789062,66.95886993408203,515700
ATO,2016-07-28,78.80000305175781,79.52999877929688,78.51000213623047,79.30000305175781,67.34957122802734,335600
ATO,2016-07-29,79.37999725341797,80.08000183105469,79.33000183105469,79.79000091552734,67.76573181152344,560700
ATO,2016-08-01,79.66000366210938,79.75,79.08000183105469,79.41999816894531,67.45148468017578,284000
ATO,2016-08-02,79.1500015258789,79.4000015258789,78.6500015258789,79.22000122070312,67.28163146972656,375200
ATO,2016-08-03,79.33999633789062,79.45999908447266,78.2300033569336,78.91000366210938,67.01834869384766,376300
ATO,2016-08-04,77.94000244140625,80.18000030517578,77.9000015258789,79.01000213623047,67.1032485961914,463200
ATO,2016-08-05,78.97000122070312,78.97000122070312,77.70999908447266,78.12000274658203,66.34738159179688,375900
ATO,2016-08-08,77.97000122070312,78.47000122070312,77.33000183105469,77.62000274658203,65.92272186279297,352600
ATO,2016-08-09,77.55999755859375,77.93000030517578,77.29000091552734,77.41000366210938,65.74439239501953,301100
ATO,2016-08-10,77.55999755859375,77.79000091552734,77.20999908447266,77.38999938964844,65.72738647460938,323500
ATO,2016-08-11,77.3499984741211,77.7699966430664,77.19000244140625,77.3499984741211,65.69339752197266,219200
ATO,2016-08-12,77.69000244140625,78.0,77.1500015258789,77.26000213623047,65.61698913574219,176600
ATO,2016-08-15,77.2699966430664,77.37000274658203,75.66999816894531,75.7699966430664,64.3515396118164,470700
ATO,2016-08-16,75.5,75.5999984741211,74.26000213623047,74.27999877929688,63.08607864379883,495400
ATO,2016-08-17,74.2300033569336,75.33000183105469,73.87000274658203,75.25,63.90990447998047,461100
ATO,2016-08-18,75.01000213623047,76.01000213623047,74.83000183105469,76.01000213623047,64.91769409179688,565200
ATO,2016-08-19,75.13999938964844,75.6500015258789,74.5,75.08999633789062,64.13192749023438,393500
ATO,2016-08-22,75.22000122070312,75.48999786376953,74.9800033569336,75.2300033569336,64.25150299072266,303100
ATO,2016-08-23,75.30999755859375,75.80000305175781,74.8499984741211,74.9000015258789,63.96967697143555,354300
ATO,2016-08-24,74.83999633789062,74.97000122070312,74.11000061035156,74.72000122070312,63.815956115722656,355000
ATO,2016-08-25,74.66999816894531,75.20999908447266,74.0199966430664,74.91999816894531,63.98675537109375,313000
ATO,2016-08-26,75.02999877929688,75.52999877929688,73.61000061035156,73.79000091552734,63.02166366577149,276000
ATO,2016-08-29,73.98999786376953,74.93000030517578,73.98999786376953,74.48999786376953,63.61949920654297,303100
ATO,2016-08-30,74.66000366210938,75.2699966430664,73.70999908447266,73.88999938964844,63.1070556640625,340600
ATO,2016-08-31,73.80000305175781,74.2300033569336,73.25,73.69999694824219,62.944766998291016,422600
ATO,2016-09-01,73.68000030517578,73.8499984741211,73.05000305175781,73.25,62.56047058105469,275400
ATO,2016-09-02,73.3499984741211,74.41000366210938,73.12999725341797,73.97000122070312,63.17538833618164,533600
ATO,2016-09-06,74.27999877929688,74.94000244140625,74.08000183105469,74.69000244140625,63.79031753540039,494200
ATO,2016-09-07,74.7300033569336,76.13999938964844,74.31999969482422,75.51000213623047,64.49064636230469,429100
ATO,2016-09-08,75.33000183105469,75.7699966430664,74.98999786376953,75.38999938964844,64.38816833496094,330900
ATO,2016-09-09,74.58999633789062,75.05000305175781,71.86000061035156,71.87999725341797,61.39038848876953,545300
ATO,2016-09-12,71.7699966430664,73.33000183105469,71.61000061035156,73.2300033569336,62.54339218139648,696300
ATO,2016-09-13,72.97000122070312,73.05000305175781,72.18000030517578,72.58999633789062,61.99675369262695,742400
ATO,2016-09-14,72.72000122070312,73.30999755859375,72.27999877929688,72.63999938964844,62.03948593139648,759800
ATO,2016-09-15,72.69000244140625,73.58999633789062,72.5999984741211,73.51000213623047,62.78252029418945,524800
ATO,2016-09-16,73.23999786376953,74.22000122070312,72.9000015258789,74.08999633789062,63.27787780761719,866900
ATO,2016-09-19,74.08999633789062,75.48999786376953,74.08999633789062,75.44999694824219,64.43940734863281,497000
ATO,2016-09-20,75.91999816894531,76.0,75.1500015258789,75.19999694824219,64.22588348388672,620800
ATO,2016-09-21,75.41999816894531,76.94000244140625,75.29000091552734,76.86000061035156,65.64364624023438,386400
ATO,2016-09-22,77.41999816894531,77.72000122070312,76.6500015258789,77.6500015258789,66.31836700439453,620000
ATO,2016-09-23,77.23999786376953,77.5199966430664,76.63999938964844,76.63999938964844,65.45576477050781,475500
ATO,2016-09-26,76.58999633789062,77.05999755859375,76.41000366210938,76.66999816894531,65.48136138916016,275600
ATO,2016-09-27,76.75,77.12999725341797,75.77999877929688,75.91000366210938,64.8322982788086,330800
ATO,2016-09-28,75.98999786376953,76.16999816894531,75.18000030517578,75.83999633789062,64.7724838256836,276500
ATO,2016-09-29,75.87000274658203,75.87000274658203,74.44999694824219,74.87999725341797,63.95258331298828,378700
ATO,2016-09-30,75.30000305175781,75.33000183105469,73.95999908447266,74.47000122070312,63.602420806884766,635500
ATO,2016-10-03,74.33999633789062,74.38999938964844,73.25,73.7300033569336,62.97043228149414,489700
ATO,2016-10-04,73.63999938964844,73.79000091552734,70.75,71.2699966430664,60.869415283203125,578900
ATO,2016-10-05,71.43000030517578,71.73999786376953,70.45999908447266,70.61000061035156,60.30571365356445,581300
ATO,2016-10-06,70.54000091552734,71.06999969482422,70.02999877929688,70.73999786376953,60.4167594909668,504700
ATO,2016-10-07,71.16000366210938,71.55999755859375,69.9000015258789,70.06999969482422,59.84450912475586,574800
ATO,2016-10-10,69.91999816894531,70.95999908447266,69.68000030517578,70.69999694824219,60.382598876953125,385000
ATO,2016-10-11,70.44999694824219,70.5199966430664,68.93000030517578,68.95999908447266,58.89651107788086,592700
ATO,2016-10-12,69.05999755859375,70.18000030517578,69.05999755859375,70.02999877929688,59.81035232543945,330100
ATO,2016-10-13,70.13999938964844,71.55000305175781,70.13999938964844,71.01000213623047,60.647342681884766,527200
ATO,2016-10-14,70.83999633789062,71.62999725341797,70.41999816894531,71.08000183105469,60.707122802734375,479500
ATO,2016-10-17,71.19000244140625,71.73999786376953,71.0199966430664,71.68000030517578,61.219573974609375,263100
ATO,2016-10-18,71.95999908447266,72.44000244140625,71.08000183105469,72.16999816894531,61.63805389404297,458600
ATO,2016-10-19,72.22000122070312,72.63999938964844,71.66999816894531,72.31999969482422,61.76615905761719,363900
ATO,2016-10-20,72.29000091552734,72.87999725341797,71.86000061035156,72.16999816894531,61.63805389404297,438100
ATO,2016-10-21,71.7699966430664,72.0199966430664,71.30000305175781,71.72000122070312,61.25373077392578,295800
ATO,2016-10-24,72.23999786376953,72.37999725341797,71.56999969482422,71.8499984741211,61.36476135253906,229000
ATO,2016-10-25,71.72000122070312,72.16000366210938,71.54000091552734,72.13999938964844,61.61245346069336,256500
ATO,2016-10-26,71.98999786376953,72.44999694824219,71.5999984741211,72.37999725341797,61.81742477416992,224800
ATO,2016-10-27,72.0199966430664,72.37000274658203,71.30000305175781,71.86000061035156,61.373313903808594,313200
ATO,2016-10-28,71.91999816894531,72.58999633789062,71.7699966430664,71.9800033569336,61.47578048706055,240900
ATO,2016-10-31,72.63999938964844,74.6500015258789,72.19000244140625,74.38999938964844,63.534088134765625,1093000
ATO,2016-11-01,74.27999877929688,74.27999877929688,71.93000030517578,71.94999694824219,61.45016098022461,340800
ATO,2016-11-02,71.9000015258789,71.97000122070312,70.7300033569336,70.87999725341797,60.53630447387695,366600
ATO,2016-11-03,70.5199966430664,71.7699966430664,70.12000274658203,71.36000061035156,60.94627380371094,316200
ATO,2016-11-04,71.75,72.33999633789062,70.97000122070312,70.97000122070312,60.61319351196289,352700
ATO,2016-11-07,71.54000091552734,72.81999969482422,71.05000305175781,72.75,62.13343811035156,328000
ATO,2016-11-08,72.62999725341797,73.94000244140625,72.62999725341797,73.16999816894531,62.49214172363281,410200
ATO,2016-11-09,71.75,72.72000122070312,71.26000213623047,72.06999969482422,61.55266571044922,343400
ATO,2016-11-10,72.38999938964844,73.05000305175781,68.51000213623047,70.47000122070312,60.18614196777344,824000
ATO,2016-11-11,70.29000091552734,71.4800033569336,70.25,70.56999969482422,60.27156448364258,581500
ATO,2016-11-14,70.08000183105469,71.01000213623047,69.5,70.91000366210938,60.56194305419922,563600
ATO,2016-11-15,71.12999725341797,72.01000213623047,71.01000213623047,71.44999694824219,61.02312850952149,582200
ATO,2016-11-16,71.33999633789062,71.97000122070312,70.7300033569336,71.27999877929688,60.8779411315918,486300
ATO,2016-11-17,70.9000015258789,71.7300033569336,70.83999633789062,71.2699966430664,60.869415283203125,384700
ATO,2016-11-18,71.62000274658203,72.2300033569336,71.31999969482422,71.62999725341797,61.17686080932617,623400
ATO,2016-11-21,71.88999938964844,73.19000244140625,71.6500015258789,72.83999633789062,62.21027755737305,579400
ATO,2016-11-22,72.72000122070312,73.25,72.18000030517578,72.37999725341797,61.81742477416992,578000
ATO,2016-11-23,71.08999633789062,71.98999786376953,71.08999633789062,71.55000305175781,61.49083709716797,426900
ATO,2016-11-25,71.72000122070312,72.91999816894531,71.72000122070312,72.88999938964844,62.64244842529297,258300
ATO,2016-11-28,73.12999725341797,73.16999816894531,72.4800033569336,72.69999694824219,62.47914505004883,642500
ATO,2016-11-29,72.51000213623047,74.30000305175781,72.37000274658203,74.1500015258789,63.72530364990234,738400
ATO,2016-11-30,72.80000305175781,73.56999969482422,71.12000274658203,71.12000274658203,61.12130355834961,965800
ATO,2016-12-01,70.94999694824219,71.48999786376953,69.56999969482422,70.16000366210938,60.2962760925293,783600
ATO,2016-12-02,70.6500015258789,71.72000122070312,70.6500015258789,71.47000122070312,61.42209243774414,579100
ATO,2016-12-05,71.33999633789062,71.33999633789062,70.2699966430664,71.1500015258789,61.14707565307617,430300
ATO,2016-12-06,71.33000183105469,71.52999877929688,70.7699966430664,71.05999755859375,61.06972503662109,434300
ATO,2016-12-07,71.5199966430664,72.30999755859375,71.05999755859375,72.30999755859375,62.14399337768555,632400
ATO,2016-12-08,71.62000274658203,73.1500015258789,70.9800033569336,73.0999984741211,62.82291030883789,450900
ATO,2016-12-09,73.25,73.52999877929688,72.66999816894531,73.2300033569336,62.93464660644531,301900
ATO,2016-12-12,72.94999694824219,74.05000305175781,72.83999633789062,73.97000122070312,63.57061767578125,504800
ATO,2016-12-13,74.20999908447266,74.77999877929688,73.80000305175781,73.94999694824219,63.55341339111328,460400
ATO,2016-12-14,74.3499984741211,74.55999755859375,72.4000015258789,72.41000366210938,62.22993469238281,485800
ATO,2016-12-15,72.12999725341797,73.20999908447266,72.0199966430664,73.0,62.73699569702149,453500
ATO,2016-12-16,73.22000122070312,74.44000244140625,73.13999938964844,74.16000366210938,63.73388671875,1598000
ATO,2016-12-19,74.56999969482422,74.72000122070312,73.62999725341797,74.11000061035156,63.69091796875,476000
ATO,2016-12-20,74.1500015258789,74.86000061035156,73.91000366210938,74.41999816894531,63.95734405517578,418100
ATO,2016-12-21,74.18000030517578,75.0,74.08999633789062,74.2699966430664,63.82844161987305,233500
ATO,2016-12-22,74.31999969482422,74.81999969482422,73.86000061035156,74.66000366210938,64.16361236572266,314600
ATO,2016-12-23,74.81999969482422,74.98999786376953,74.41999816894531,74.61000061035156,64.12065124511719,204500
ATO,2016-12-27,74.19999694824219,75.25,73.73999786376953,74.7300033569336,64.22376251220703,255500
ATO,2016-12-28,74.80000305175781,74.80000305175781,73.5,73.69000244140625,63.32999038696289,259000
ATO,2016-12-29,73.8499984741211,74.86000061035156,73.8499984741211,74.6500015258789,64.155029296875,360700
ATO,2016-12-30,74.73999786376953,74.87999725341797,73.98999786376953,74.1500015258789,63.72530364990234,331500
ATO,2017-01-03,74.33999633789062,74.55000305175781,73.6500015258789,74.55000305175781,64.06907653808594,451500
ATO,2017-01-04,74.66000366210938,75.79000091552734,74.66000366210938,74.97000122070312,64.43003845214844,663700
ATO,2017-01-05,74.88999938964844,75.5,74.01000213623047,74.5999984741211,64.11205291748047,398700
ATO,2017-01-06,74.36000061035156,74.5999984741211,74.01000213623047,74.16999816894531,63.74252700805664,510500
ATO,2017-01-09,74.33000183105469,74.33000183105469,73.1500015258789,73.20999908447266,62.91747283935547,318500
ATO,2017-01-10,73.23999786376953,73.54000091552734,72.54000091552734,73.29000091552734,62.98622894287109,459000
ATO,2017-01-11,73.08000183105469,74.08999633789062,73.08000183105469,74.08999633789062,63.67374038696289,338500
ATO,2017-01-12,74.01000213623047,74.73999786376953,73.20999908447266,74.51000213623047,64.03470611572266,490700
ATO,2017-01-13,74.26000213623047,75.08999633789062,74.25,74.86000061035156,64.33551025390625,391200
ATO,2017-01-17,75.20999908447266,75.5,74.56999969482422,74.73999786376953,64.23236083984375,343100
ATO,2017-01-18,74.69000244140625,75.77999877929688,74.69000244140625,75.23999786376953,64.66206359863281,410900
ATO,2017-01-19,74.75,75.4000015258789,74.0999984741211,74.26000213623047,63.81986618041992,351800
ATO,2017-01-20,74.31999969482422,74.8499984741211,74.12999725341797,74.70999908447266,64.20658111572266,349300
ATO,2017-01-23,74.7699966430664,74.98999786376953,74.08999633789062,74.38999938964844,63.93156814575195,296800
ATO,2017-01-24,74.41999816894531,75.29000091552734,74.0199966430664,75.13999938964844,64.57614135742188,414400
ATO,2017-01-25,74.77999877929688,75.58999633789062,74.69999694824219,74.9800033569336,64.43861389160156,443800
ATO,2017-01-26,75.05000305175781,75.87999725341797,75.0,75.69999694824219,65.0573959350586,368300
ATO,2017-01-27,75.69000244140625,76.13999938964844,75.11000061035156,75.33999633789062,64.7480239868164,210800
ATO,2017-01-30,75.05999755859375,75.38999938964844,74.44999694824219,74.81999969482422,64.30110931396484,263200
ATO,2017-01-31,74.9000015258789,76.26000213623047,74.70999908447266,76.18000030517578,65.46990966796875,497400
ATO,2017-02-01,75.69000244140625,76.2300033569336,74.30000305175781,74.55999755859375,64.07766723632812,346300
ATO,2017-02-02,74.58999633789062,75.22000122070312,74.4000015258789,75.08000183105469,64.52457427978516,437200
ATO,2017-02-03,75.56999969482422,75.94000244140625,75.16999816894531,75.87999725341797,65.21211242675781,252800
ATO,2017-02-06,76.13999938964844,76.13999938964844,75.06999969482422,75.23999786376953,64.66206359863281,363700
ATO,2017-02-07,75.16999816894531,76.06999969482422,75.16999816894531,75.97000122070312,65.28943634033203,530100
ATO,2017-02-08,75.87000274658203,75.87000274658203,72.58000183105469,75.4800033569336,64.86833190917969,814900
ATO,2017-02-09,75.62000274658203,75.98999786376953,75.12000274658203,75.1500015258789,64.584716796875,382000
ATO,2017-02-10,75.0,75.52999877929688,74.80999755859375,75.44999694824219,64.8425521850586,350000
ATO,2017-02-13,75.54000091552734,75.70999908447266,75.12000274658203,75.62999725341797,64.99724578857422,228100
ATO,2017-02-14,75.0199966430664,75.6500015258789,75.0199966430664,75.23999786376953,64.66206359863281,360100
ATO,2017-02-15,74.48999786376953,75.72000122070312,74.47000122070312,75.69000244140625,65.0488052368164,306800
ATO,2017-02-16,75.87999725341797,76.20999908447266,75.4000015258789,75.9000015258789,65.22926330566406,333200
ATO,2017-02-17,75.7300033569336,76.08999633789062,75.06999969482422,76.04000091552734,65.3495864868164,405600
ATO,2017-02-21,75.66000366210938,77.04000091552734,75.62000274658203,77.04000091552734,66.20899963378906,425000
ATO,2017-02-22,76.94999694824219,77.45999908447266,76.75,77.25,66.38948059082031,400400
ATO,2017-02-23,77.06999969482422,77.88999938964844,76.83999633789062,77.77999877929688,67.23664855957031,361700
ATO,2017-02-24,77.75,78.55999755859375,77.66999816894531,78.18000030517578,67.58242797851562,314700
ATO,2017-02-27,78.05000305175781,78.41000366210938,77.94999694824219,78.2699966430664,67.66022491455078,280500
ATO,2017-02-28,78.23999786376953,78.76000213623047,77.88999938964844,78.29000091552734,67.6775131225586,532500
ATO,2017-03-01,77.38999938964844,78.81999969482422,76.08999633789062,78.62000274658203,67.96278381347656,409800
ATO,2017-03-02,78.44999694824219,79.19000244140625,78.3499984741211,78.83999633789062,68.15296173095703,372000
ATO,2017-03-03,78.83999633789062,78.87999725341797,77.9000015258789,78.4000015258789,67.7726058959961,344200
ATO,2017-03-06,78.33000183105469,78.33000183105469,77.8499984741211,78.12999725341797,67.5391845703125,247100
ATO,2017-03-07,77.94999694824219,78.27999877929688,77.79000091552734,78.01000213623047,67.43547058105469,278900
ATO,2017-03-08,77.19999694824219,77.7300033569336,76.55999755859375,76.62999725341797,66.2425537109375,321300
ATO,2017-03-09,76.86000061035156,77.02999877929688,76.16999816894531,76.25,65.91404724121094,333000
ATO,2017-03-10,76.87999725341797,77.86000061035156,76.52999877929688,77.83000183105469,67.27987670898438,466400
ATO,2017-03-13,77.66000366210938,78.16000366210938,77.4800033569336,78.13999938964844,67.5478286743164,314000
ATO,2017-03-14,78.12000274658203,78.37999725341797,77.80999755859375,78.33000183105469,67.71209716796875,415300
ATO,2017-03-15,78.62999725341797,80.36000061035156,78.62999725341797,79.94999694824219,69.11249542236328,480200
ATO,2017-03-16,79.98999786376953,79.98999786376953,79.05999755859375,79.45999908447266,68.68888854980469,384300
ATO,2017-03-17,79.38999938964844,80.23999786376953,79.13999938964844,79.93000030517578,69.09520721435547,1187600
ATO,2017-03-20,80.02999877929688,80.47000122070312,78.55999755859375,78.66999816894531,68.0059814453125,298300
ATO,2017-03-21,78.68000030517578,80.01000213623047,78.56999969482422,79.9000015258789,69.06925964355469,463200
ATO,2017-03-22,79.87999725341797,80.16999816894531,79.18000030517578,79.87000274658203,69.04334259033203,448000
ATO,2017-03-23,79.7699966430664,80.55000305175781,79.58000183105469,80.1500015258789,69.2853775024414,329700
ATO,2017-03-24,80.2699966430664,80.41000366210938,79.94999694824219,80.13999938964844,69.27674865722656,282400
ATO,2017-03-27,80.13999938964844,80.45999908447266,79.20999908447266,80.30999755859375,69.42369079589844,262500
ATO,2017-03-28,79.97000122070312,80.55999755859375,79.7300033569336,80.4000015258789,69.50150299072266,337300
ATO,2017-03-29,80.23999786376953,80.23999786376953,79.73999786376953,79.8499984741211,69.02603912353516,347300
ATO,2017-03-30,79.97000122070312,79.97000122070312,78.87000274658203,79.0,68.291259765625,470100
ATO,2017-03-31,78.9800033569336,79.44000244140625,78.76000213623047,78.98999786376953,68.28262329101562,489500
ATO,2017-04-03,78.9000015258789,79.0199966430664,78.41999816894531,78.9000015258789,68.20480346679688,408100
ATO,2017-04-04,78.7699966430664,79.91999816894531,78.62000274658203,79.6500015258789,68.85316467285156,402800
ATO,2017-04-05,79.70999908447266,80.12000274658203,79.26000213623047,80.02999877929688,69.181640625,329000
ATO,2017-04-06,80.16999816894531,80.44000244140625,79.43000030517578,80.3499984741211,69.45826721191406,224300
ATO,2017-04-07,80.33999633789062,80.68000030517578,80.06999969482422,80.12000274658203,69.25945281982422,184500
ATO,2017-04-10,80.16999816894531,80.2699966430664,79.69000244140625,80.23999786376953,69.36317443847656,200800
ATO,2017-04-11,80.27999877929688,80.55999755859375,79.87999725341797,80.48999786376953,69.57929229736328,304700
ATO,2017-04-12,80.2699966430664,80.6500015258789,79.9800033569336,80.48999786376953,69.57929229736328,287700
ATO,2017-04-13,80.5,80.5,79.5199966430664,80.1500015258789,69.2853775024414,313200
ATO,2017-04-17,80.30000305175781,81.04000091552734,79.94999694824219,81.0,70.02014923095703,184800
ATO,2017-04-18,81.13999938964844,81.1500015258789,80.27999877929688,80.81999969482422,69.86454010009766,329500
ATO,2017-04-19,80.79000091552734,80.79000091552734,79.91000366210938,80.05999755859375,69.20758056640625,278300
ATO,2017-04-20,80.08000183105469,80.13999938964844,79.4000015258789,79.91999816894531,69.08656311035156,254000
ATO,2017-04-21,79.83000183105469,80.27999877929688,79.62000274658203,79.83000183105469,69.0087661743164,385700
ATO,2017-04-24,80.12000274658203,80.2300033569336,79.63999938964844,80.01000213623047,69.16435241699219,375600
ATO,2017-04-25,79.91000366210938,80.69999694824219,79.26000213623047,80.45999908447266,69.55335235595703,268900
ATO,2017-04-26,80.5,81.68000030517578,80.23999786376953,81.2699966430664,70.25355529785156,404100
ATO,2017-04-27,81.47000122070312,82.06999969482422,81.29000091552734,81.4000015258789,70.36593627929688,302700
ATO,2017-04-28,81.37000274658203,81.37000274658203,80.3499984741211,81.0199966430664,70.03742980957031,891800
ATO,2017-05-01,81.27999877929688,81.27999877929688,80.48999786376953,80.70999908447266,69.76946258544922,357900
ATO,2017-05-02,80.6500015258789,81.47000122070312,80.48999786376953,80.72000122070312,69.77810668945312,266500
ATO,2017-05-03,80.44999694824219,80.69000244140625,79.9800033569336,80.11000061035156,69.25079345703125,236600
ATO,2017-05-04,80.5999984741211,81.45999908447266,78.55000305175781,81.37999725341797,70.34866333007812,433000
ATO,2017-05-05,81.87999725341797,82.37000274658203,81.43000030517578,82.16999816894531,71.03154754638672,356400
ATO,2017-05-08,82.3499984741211,82.73999786376953,81.5999984741211,81.91000366210938,70.80680084228516,282600
ATO,2017-05-09,81.79000091552734,81.80000305175781,80.45999908447266,80.55000305175781,69.63116455078125,330900
ATO,2017-05-10,80.61000061035156,81.16000366210938,80.41000366210938,80.88999938964844,69.92505645751953,237500
ATO,2017-05-11,80.5199966430664,80.81999969482422,80.16999816894531,80.79000091552734,69.83860778808594,350900
ATO,2017-05-12,81.0,81.54000091552734,80.62999725341797,81.33999633789062,70.31407928466797,378800
ATO,2017-05-15,81.25,81.70999908447266,81.08999633789062,81.36000061035156,70.33133697509766,319200
ATO,2017-05-16,81.44999694824219,81.62999725341797,80.23999786376953,80.33000183105469,69.44097900390625,253400
ATO,2017-05-17,80.33000183105469,80.95999908447266,79.88999938964844,80.55000305175781,69.63116455078125,420100
ATO,2017-05-18,80.23999786376953,80.7699966430664,79.47000122070312,80.36000061035156,69.857177734375,326900
ATO,2017-05-19,80.5199966430664,81.20999908447266,79.83000183105469,81.08000183105469,70.48307037353516,244600
ATO,2017-05-22,81.12000274658203,81.75,80.6500015258789,81.52999877929688,70.87425231933594,395800
ATO,2017-05-23,81.66000366210938,82.33999633789062,81.30000305175781,82.08999633789062,71.36107635498047,331700
ATO,2017-05-24,82.20999908447266,82.5,81.9000015258789,82.16000366210938,71.42192840576172,288000
ATO,2017-05-25,82.30000305175781,83.23999786376953,82.0,83.0999984741211,72.23905181884766,356000
ATO,2017-05-26,83.13999938964844,83.30000305175781,82.62999725341797,82.8499984741211,72.02174377441406,368900
ATO,2017-05-30,82.94000244140625,83.37000274658203,82.48999786376953,83.19000244140625,72.31727600097656,279400
ATO,2017-05-31,83.23999786376953,83.62000274658203,82.9800033569336,83.30999755859375,72.42162322998047,1013100
ATO,2017-06-01,83.29000091552734,85.9800033569336,83.1500015258789,84.41999816894531,73.38655853271484,473500
ATO,2017-06-02,84.94999694824219,85.19999694824219,84.2699966430664,84.87999725341797,73.78641510009766,280100
ATO,2017-06-05,84.70999908447266,84.83000183105469,83.8499984741211,83.87999725341797,72.91712188720703,261600
ATO,2017-06-06,84.01000213623047,84.26000213623047,83.77999877929688,84.0999984741211,73.10836029052734,421500
ATO,2017-06-07,84.19999694824219,84.29000091552734,83.73999786376953,83.79000091552734,72.83888244628906,366900
ATO,2017-06-08,83.52999877929688,83.81999969482422,82.58999633789062,83.54000091552734,72.62157440185547,439400
ATO,2017-06-09,83.48999786376953,83.81999969482422,83.02999877929688,83.63999938964844,72.70848083496094,308500
ATO,2017-06-12,83.66999816894531,84.0199966430664,83.66000366210938,83.9000015258789,72.93451690673828,315400
ATO,2017-06-13,84.08000183105469,84.8499984741211,83.70999908447266,84.33000183105469,73.30830383300781,354800
ATO,2017-06-14,84.88999938964844,85.41000366210938,84.55999755859375,85.08999633789062,73.96897888183594,349000
ATO,2017-06-15,84.76000213623047,85.22000122070312,84.33999633789062,85.0999984741211,73.9776611328125,363500
ATO,2017-06-16,85.12000274658203,85.61000061035156,84.80000305175781,85.54000091552734,74.36017608642578,662700
ATO,2017-06-19,85.41000366210938,85.51000213623047,84.70999908447266,85.05999755859375,73.94291687011719,281000
ATO,2017-06-20,84.98999786376953,85.05999755859375,84.38999938964844,84.55999755859375,73.50824737548828,674800
ATO,2017-06-21,84.58000183105469,84.58000183105469,83.70999908447266,83.87999725341797,72.91712188720703,214900
ATO,2017-06-22,83.87000274658203,84.13999938964844,83.38999938964844,83.44999694824219,72.54332733154297,237300
ATO,2017-06-23,83.45999908447266,84.12999725341797,83.41000366210938,83.51000213623047,72.59547424316406,547000
ATO,2017-06-26,83.81999969482422,84.45999908447266,83.25,84.30999755859375,73.2909164428711,476400
ATO,2017-06-27,83.91999816894531,84.3499984741211,83.0199966430664,83.48999786376953,72.57808685302734,421600
ATO,2017-06-28,83.9000015258789,84.37999725341797,83.30999755859375,83.3499984741211,72.4563980102539,402400
ATO,2017-06-29,82.9800033569336,83.0,82.13999938964844,82.75,71.93480682373047,546800
ATO,2017-06-30,82.98999786376953,83.41999816894531,82.91999816894531,82.94999694824219,72.10867309570312,381200
ATO,2017-07-03,83.37999725341797,83.62000274658203,82.69000244140625,82.94999694824219,72.10867309570312,229000
ATO,2017-07-05,82.83000183105469,83.11000061035156,82.13999938964844,82.68000030517578,71.87396240234375,421800
ATO,2017-07-06,82.3499984741211,82.91999816894531,82.1500015258789,82.70999908447266,71.9000244140625,499700
ATO,2017-07-07,82.70999908447266,84.06999969482422,82.66000366210938,83.68000030517578,72.74327087402344,388100
ATO,2017-07-10,83.95999908447266,84.05999755859375,83.30000305175781,83.37000274658203,72.47379302978516,664600
ATO,2017-07-11,83.54000091552734,83.63999938964844,82.3499984741211,82.41999816894531,71.64794921875,363900
ATO,2017-07-12,83.33999633789062,83.95999908447266,83.23999786376953,83.75,72.80413818359375,317400
ATO,2017-07-13,83.86000061035156,83.86000061035156,82.72000122070312,83.2300033569336,72.35206604003906,279500
ATO,2017-07-14,83.80000305175781,84.41000366210938,83.45999908447266,83.79000091552734,72.83888244628906,358000
ATO,2017-07-17,83.83000183105469,84.0999984741211,83.55999755859375,84.0,73.02145385742188,264200
ATO,2017-07-18,84.2300033569336,84.30000305175781,83.69000244140625,84.08000183105469,73.09099578857422,236700
ATO,2017-07-19,84.20999908447266,84.70999908447266,83.91999816894531,84.58999633789062,73.53431701660156,278200
ATO,2017-07-20,85.05000305175781,85.68000030517578,84.55999755859375,85.52999877929688,74.3514633178711,675800
ATO,2017-07-21,85.70999908447266,86.23999786376953,85.43000030517578,86.22000122070312,74.95128631591797,176300
ATO,2017-07-24,86.22000122070312,86.22000122070312,85.58000183105469,85.94999694824219,74.7165756225586,203800
ATO,2017-07-25,86.0,86.9800033569336,85.87000274658203,86.9000015258789,75.54239654541016,504700
ATO,2017-07-26,86.7699966430664,87.08999633789062,86.48999786376953,86.7699966430664,75.42938995361328,280500
ATO,2017-07-27,86.66000366210938,87.22000122070312,86.33000183105469,87.0199966430664,75.646728515625,254800
ATO,2017-07-28,87.0199966430664,87.22000122070312,86.30000305175781,86.56999969482422,75.25553894042969,220400
ATO,2017-07-31,86.6500015258789,86.93000030517578,86.12000274658203,86.76000213623047,75.42070007324219,563900
ATO,2017-08-01,86.94000244140625,87.43000030517578,86.62999725341797,87.37999725341797,75.95965576171875,347400
ATO,2017-08-02,87.37999725341797,88.69000244140625,86.95999908447266,88.69000244140625,77.09847259521484,307900
ATO,2017-08-03,87.30000305175781,88.22000122070312,86.30000305175781,87.41000366210938,75.98574829101562,531800
ATO,2017-08-04,87.30999755859375,87.80000305175781,86.79000091552734,87.19000244140625,75.79452514648438,368400
ATO,2017-08-07,87.2699966430664,87.4000015258789,86.7300033569336,86.87999725341797,75.5250244140625,290200
ATO,2017-08-08,86.98999786376953,87.58999633789062,86.63999938964844,87.58999633789062,76.1422348022461,426100
ATO,2017-08-09,87.6500015258789,88.0999984741211,87.1500015258789,87.43000030517578,76.00316619873047,489000
ATO,2017-08-10,87.26000213623047,87.87999725341797,87.01000213623047,87.66999816894531,76.21175384521484,222900
ATO,2017-08-11,87.66999816894531,87.7300033569336,86.8499984741211,87.16000366210938,75.76841735839844,263000
ATO,2017-08-14,87.3499984741211,87.83999633789062,87.30999755859375,87.73999786376953,76.27261352539062,215000
ATO,2017-08-15,87.2699966430664,88.20999908447266,87.2699966430664,87.77999877929688,76.3073959350586,355000
ATO,2017-08-16,87.91999816894531,88.61000061035156,87.80000305175781,88.4000015258789,76.84638214111328,245200
ATO,2017-08-17,87.91999816894531,88.04000091552734,87.44000244140625,87.45999908447266,76.41822814941406,290000
ATO,2017-08-18,87.30999755859375,87.45999908447266,86.83000183105469,87.12000274658203,76.12116241455078,293500
ATO,2017-08-21,87.19000244140625,87.76000213623047,87.04000091552734,87.58999633789062,76.53179931640625,321300
ATO,2017-08-22,87.55000305175781,88.19000244140625,87.29000091552734,88.18000030517578,77.04731750488281,198600
ATO,2017-08-23,88.12000274658203,88.3499984741211,87.66000366210938,88.27999877929688,77.13468933105469,158800
ATO,2017-08-24,88.27999877929688,88.58000183105469,87.81999969482422,88.41000366210938,77.24830627441406,220300
ATO,2017-08-25,88.5199966430664,88.80999755859375,88.3499984741211,88.47000122070312,77.30071258544922,198100
ATO,2017-08-28,88.58999633789062,88.72000122070312,88.19000244140625,88.69000244140625,77.49295806884766,196900
ATO,2017-08-29,88.7699966430664,89.0,88.13999938964844,88.19000244140625,77.05608367919922,198200
ATO,2017-08-30,88.52999877929688,88.70999908447266,87.87000274658203,87.9800033569336,76.87256622314453,269800
ATO,2017-08-31,88.19000244140625,88.41999816894531,87.87999725341797,88.04000091552734,76.92501831054688,433400
ATO,2017-09-01,88.44999694824219,88.44999694824219,87.81999969482422,88.16000366210938,77.02983856201172,240500
ATO,2017-09-05,88.31999969482422,88.62000274658203,87.70999908447266,88.0199966430664,76.90753173828125,258800
ATO,2017-09-06,88.19000244140625,88.31999969482422,86.62999725341797,86.7300033569336,75.78038024902344,504700
ATO,2017-09-07,87.05999755859375,87.48999786376953,86.66000366210938,87.4000015258789,76.36580657958984,450400
ATO,2017-09-08,87.30999755859375,87.43000030517578,86.76000213623047,87.22000122070312,76.20854949951172,480300
ATO,2017-09-11,87.27999877929688,88.16999816894531,87.2699966430664,88.01000213623047,76.8988265991211,297400
ATO,2017-09-12,87.95999908447266,88.02999877929688,86.43000030517578,86.73999786376953,75.78912353515625,212000
ATO,2017-09-13,86.73999786376953,86.88999938964844,85.83000183105469,85.9000015258789,75.05519104003906,350100
ATO,2017-09-14,85.93000030517578,87.1500015258789,85.58999633789062,86.94999694824219,75.97261810302734,523500
ATO,2017-09-15,87.12000274658203,87.36000061035156,86.66999816894531,87.12999725341797,76.12989044189453,544000
ATO,2017-09-18,87.12000274658203,87.19999694824219,86.04000091552734,86.5,75.57943725585938,222200
ATO,2017-09-19,86.54000091552734,86.8499984741211,85.80000305175781,85.93000030517578,75.08139038085938,346500
ATO,2017-09-20,86.12000274658203,86.13999938964844,84.69000244140625,85.08000183105469,74.33868408203125,444700
ATO,2017-09-21,85.11000061035156,85.44999694824219,84.44999694824219,84.55000305175781,73.87561798095703,276100
ATO,2017-09-22,84.72000122070312,84.87999725341797,83.76000213623047,83.88999938964844,73.29891967773438,302000
ATO,2017-09-25,83.7699966430664,85.19999694824219,83.7699966430664,85.0,74.2688217163086,282100
ATO,2017-09-26,84.86000061035156,85.95999908447266,84.6500015258789,85.4000015258789,74.61830139160156,298600
ATO,2017-09-27,84.87000274658203,85.18000030517578,83.37000274658203,84.0999984741211,73.482421875,444800
ATO,2017-09-28,83.9800033569336,84.33999633789062,83.41000366210938,84.30000305175781,73.65717315673828,292200
ATO,2017-09-29,84.16999816894531,84.37999725341797,83.80000305175781,83.83999633789062,73.25524139404297,384500
ATO,2017-10-02,84.06999969482422,84.7300033569336,83.5999984741211,84.66999816894531,73.98045349121094,280500
ATO,2017-10-03,84.77999877929688,84.77999877929688,84.06999969482422,84.41000366210938,73.75328063964844,321100
ATO,2017-10-04,84.52999877929688,84.7699966430664,84.12000274658203,84.66999816894531,73.98045349121094,269200
ATO,2017-10-05,84.7300033569336,85.16000366210938,84.55000305175781,84.80000305175781,74.09404754638672,272400
ATO,2017-10-06,84.55000305175781,85.23999786376953,84.41000366210938,85.2300033569336,74.46975708007812,312400
ATO,2017-10-09,85.2699966430664,85.69000244140625,85.04000091552734,85.36000061035156,74.58336639404297,229700
ATO,2017-10-10,85.5,86.02999877929688,85.30000305175781,85.88999938964844,75.04644775390625,249000
ATO,2017-10-11,85.83999633789062,86.81999969482422,85.83999633789062,86.19999694824219,75.31729888916016,225200
ATO,2017-10-12,86.19000244140625,87.08000183105469,86.19000244140625,86.79000091552734,75.83280944824219,300400
ATO,2017-10-13,87.08999633789062,87.41000366210938,86.23999786376953,86.29000091552734,75.39594268798828,212100
ATO,2017-10-16,86.27999877929688,86.88999938964844,85.93000030517578,86.25,75.3609848022461,301900
ATO,2017-10-17,86.19000244140625,86.83000183105469,86.08000183105469,86.22000122070312,75.33477783203125,316900
ATO,2017-10-18,86.05000305175781,86.61000061035156,85.58000183105469,86.43000030517578,75.51826477050781,268500
ATO,2017-10-19,86.48999786376953,87.0999984741211,86.18000030517578,87.08000183105469,76.0862045288086,304200
ATO,2017-10-20,87.01000213623047,87.26000213623047,86.3499984741211,86.87000274658203,75.90271759033203,331900
ATO,2017-10-23,86.93000030517578,86.93000030517578,86.47000122070312,86.58000183105469,75.64933776855469,238300
ATO,2017-10-24,86.5999984741211,86.6500015258789,85.81999969482422,86.30999755859375,75.41340637207031,229000
ATO,2017-10-25,86.23999786376953,86.23999786376953,84.83999633789062,86.04000091552734,75.1775131225586,319500
ATO,2017-10-26,86.45999908447266,86.86000061035156,86.05999755859375,86.36000061035156,75.45711517333984,242900
ATO,2017-10-27,86.30999755859375,87.29000091552734,86.05999755859375,87.29000091552734,76.26969146728516,271700
ATO,2017-10-30,87.20999908447266,87.36000061035156,86.62999725341797,86.94000244140625,75.96387481689453,282400
ATO,2017-10-31,87.0,87.63999938964844,86.55999755859375,87.23999786376953,76.22600555419922,547400
ATO,2017-11-01,87.5199966430664,87.81999969482422,86.62999725341797,86.97000122070312,75.99008178710938,339200
ATO,2017-11-02,86.93000030517578,87.51000213623047,86.44000244140625,86.5199966430664,75.59689331054688,323200
ATO,2017-11-03,86.45999908447266,87.79000091552734,86.33000183105469,87.58999633789062,76.53179931640625,390300
ATO,2017-11-06,87.52999877929688,88.13999938964844,87.1500015258789,87.83999633789062,76.750244140625,303800
ATO,2017-11-07,88.05999755859375,88.76000213623047,87.72000122070312,88.56999969482422,77.38809967041016,640400
ATO,2017-11-08,88.63999938964844,89.25,88.19000244140625,89.23999786376953,77.9734878540039,353400
ATO,2017-11-09,89.41999816894531,90.38999938964844,89.16999816894531,89.79000091552734,78.4540786743164,496600
ATO,2017-11-10,89.45999908447266,89.77999877929688,88.91999816894531,89.16000366210938,77.90360260009766,459600
ATO,2017-11-13,89.25,90.12999725341795,89.06999969482422,89.54000091552734,78.23563385009766,487600
ATO,2017-11-14,89.4000015258789,90.77999877929688,89.33999633789062,90.54000091552734,79.10939025878906,319700
ATO,2017-11-15,90.69000244140624,91.0,89.48999786376953,89.56999969482422,78.2618408203125,435800
ATO,2017-11-16,89.79000091552734,90.13999938964844,88.95999908447266,89.94999694824219,78.5938491821289,579200
ATO,2017-11-17,89.87999725341797,89.95999908447266,88.91999816894531,89.33000183105469,78.0521469116211,462000
ATO,2017-11-20,89.5199966430664,89.58000183105469,88.83000183105469,89.11000061035156,77.85991668701172,371700
ATO,2017-11-21,89.5,89.8499984741211,89.16999816894531,89.41999816894531,78.13076782226562,459500
ATO,2017-11-22,89.5,89.58999633789062,88.62000274658203,89.0999984741211,77.85118103027344,343200
ATO,2017-11-24,88.94000244140625,88.9800033569336,88.13999938964844,88.72000122070312,77.94344329833984,137300
ATO,2017-11-27,88.72000122070312,89.51000213623047,88.16999816894531,89.5,78.62867736816406,346900
ATO,2017-11-28,89.69999694824219,90.83000183105467,89.62999725341797,90.2699966430664,79.3051528930664,481800
ATO,2017-11-29,89.5,90.77999877929688,89.1500015258789,90.51000213623048,79.51599884033203,1696400
ATO,2017-11-30,90.95999908447266,92.41000366210938,90.66999816894533,92.29000091552734,81.07980346679688,1197000
ATO,2017-12-01,92.4499969482422,92.7300033569336,91.23999786376952,92.23999786376952,81.0358657836914,453000
ATO,2017-12-04,92.61000061035156,93.55999755859376,91.62000274658205,91.6999969482422,80.56144714355469,847700
ATO,2017-12-05,91.83000183105467,92.18000030517578,91.0500030517578,91.4499969482422,80.34183502197266,806700
ATO,2017-12-06,91.58999633789062,91.9800033569336,91.41000366210938,91.43000030517578,80.32424926757812,381900
ATO,2017-12-07,91.43000030517578,91.66999816894533,90.83999633789062,91.55999755859376,80.4384536743164,742500
ATO,2017-12-08,91.33999633789062,91.93000030517578,91.33999633789062,91.8000030517578,80.6493148803711,521200
ATO,2017-12-11,91.8000030517578,92.22000122070312,91.2699966430664,91.91000366210938,80.74595642089844,657900
ATO,2017-12-12,91.8000030517578,92.0199966430664,89.26000213623047,89.27999877929688,78.43540954589844,536200
ATO,2017-12-13,89.43000030517578,90.41999816894533,89.43000030517578,89.95999908447266,79.03280639648438,626700
ATO,2017-12-14,89.66999816894531,90.52999877929688,89.05999755859375,89.41999816894531,78.55839538574219,689000
ATO,2017-12-15,89.63999938964844,90.68000030517578,88.25,89.37000274658203,78.51448059082031,1657300
ATO,2017-12-18,89.41999816894531,90.13999938964844,88.44999694824219,88.70999908447266,77.93463134765625,540400
ATO,2017-12-19,88.41999816894531,88.61000061035156,86.95999908447266,87.19000244140625,76.59929656982422,785900
ATO,2017-12-20,87.05999755859375,87.47000122070312,86.2300033569336,86.55000305175781,76.0370101928711,599100
ATO,2017-12-21,86.33999633789062,86.54000091552734,84.86000061035156,84.86000061035156,74.55229949951172,564100
ATO,2017-12-22,85.08000183105469,85.55999755859375,84.7699966430664,85.08999633789062,74.75435638427734,332700
ATO,2017-12-26,84.83000183105469,85.37000274658203,84.5199966430664,84.5999984741211,74.32386779785156,570300
ATO,2017-12-27,84.69000244140625,85.72000122070312,84.69000244140625,84.98999786376953,74.66651153564453,524900
ATO,2017-12-28,85.13999938964844,85.63999938964844,84.94999694824219,85.58999633789062,75.19361114501953,664700
ATO,2017-12-29,85.62999725341797,86.13999938964844,85.4000015258789,85.88999938964844,75.45718383789062,775000
ATO,2018-01-02,85.93000030517578,86.12000274658203,85.0,85.04000091552734,74.71044158935547,668800
ATO,2018-01-03,84.80999755859375,85.48999786376953,84.20999908447266,84.33999633789062,74.09545135498047,460400
ATO,2018-01-04,84.33999633789062,85.22000122070312,83.9800033569336,83.9800033569336,73.77920532226562,386900
ATO,2018-01-05,84.02999877929688,84.18000030517578,83.06999969482422,83.19000244140625,73.08513641357422,377700
ATO,2018-01-08,83.18000030517578,83.56999969482422,82.87999725341797,83.44999694824219,73.31356048583984,759800
ATO,2018-01-09,83.62999725341797,83.69999694824219,82.5,82.58999633789062,72.55802154541016,579100
ATO,2018-01-10,82.30000305175781,82.30000305175781,80.69999694824219,80.80000305175781,70.9854507446289,475300
ATO,2018-01-11,80.5999984741211,81.1500015258789,79.97000122070312,80.0,70.28260803222656,617700
ATO,2018-01-12,79.62000274658203,80.38999938964844,79.11000061035156,79.83999633789062,70.14205932617188,738000
ATO,2018-01-16,79.93000030517578,80.7699966430664,79.69000244140625,80.0999984741211,70.37049102783203,635200
ATO,2018-01-17,80.38999938964844,81.13999938964844,80.23999786376953,80.81999969482422,71.00299072265625,836300
ATO,2018-01-18,80.51000213623047,81.22000122070312,79.72000122070312,80.69000244140625,70.8888168334961,1005100
ATO,2018-01-19,80.86000061035156,81.47000122070312,80.38999938964844,80.83000183105469,71.01180267333984,837100
ATO,2018-01-22,80.97000122070312,81.61000061035156,80.9000015258789,81.4000015258789,71.5125503540039,620600
ATO,2018-01-23,81.55000305175781,82.5199966430664,81.1500015258789,82.26000213623047,72.26811218261719,957100
ATO,2018-01-24,82.13999938964844,82.5199966430664,81.94999694824219,82.25,72.25930786132812,624100
ATO,2018-01-25,82.02999877929688,83.0999984741211,81.86000061035156,82.91000366210938,72.83914184570312,552600
ATO,2018-01-26,83.0,83.31999969482422,82.45999908447266,83.0199966430664,72.935791015625,643000
ATO,2018-01-29,82.69999694824219,83.22000122070312,82.0,82.37000274658203,72.36473083496094,876300
ATO,2018-01-30,82.47000122070312,83.18000030517578,82.38999938964844,82.4800033569336,72.46136474609375,692900
ATO,2018-01-31,82.79000091552734,82.91000366210938,81.93000030517578,82.9000015258789,72.83035278320312,1390000
ATO,2018-02-01,83.05999755859375,83.30000305175781,81.91000366210938,82.29000091552734,72.2944564819336,588000
ATO,2018-02-02,81.77999877929688,82.20999908447266,81.12000274658203,81.5,71.60040283203125,869000
ATO,2018-02-05,81.23999786376953,81.9000015258789,79.26000213623047,79.30999755859375,69.67645263671875,1001900
ATO,2018-02-06,78.55000305175781,79.11000061035156,76.45999908447266,78.02999877929688,68.55189514160156,1053900
ATO,2018-02-07,79.30999755859375,80.83000183105469,78.19000244140625,78.4800033569336,68.947265625,1071500
ATO,2018-02-08,78.68000030517578,80.31999969482422,78.0,78.94999694824219,69.36016845703125,1126100
ATO,2018-02-09,79.30999755859375,81.61000061035156,79.12999725341797,81.11000061035156,71.25780487060547,736400
ATO,2018-02-12,81.30000305175781,81.45999908447266,79.45999908447266,80.38999938964844,70.62525177001953,996800
ATO,2018-02-13,80.18000030517578,80.63999938964844,79.12999725341797,80.41999816894531,70.651611328125,552000
ATO,2018-02-14,79.91000366210938,80.69000244140625,79.37999725341797,80.23999786376953,70.49348449707031,499000
ATO,2018-02-15,80.5999984741211,81.95999908447266,80.29000091552734,81.91999816894531,71.96940612792969,479400
ATO,2018-02-16,82.01000213623047,83.23999786376953,81.86000061035156,82.95999908447266,72.88308715820312,550900
ATO,2018-02-20,82.52999877929688,83.4800033569336,81.33999633789062,82.06999969482422,72.1011734008789,599000
ATO,2018-02-21,82.05999755859375,82.80000305175781,81.0199966430664,81.04000091552734,71.19628143310547,582500
ATO,2018-02-22,81.08999633789062,81.81999969482422,80.69999694824219,80.86000061035156,71.03814697265625,470500
ATO,2018-02-23,80.80999755859375,82.62000274658203,80.5199966430664,82.58999633789062,72.99585723876953,504900
ATO,2018-02-26,82.70999908447266,82.8499984741211,81.62999725341797,82.19000244140625,72.64231872558594,238400
ATO,2018-02-27,82.44999694824219,82.66999816894531,81.05000305175781,81.05000305175781,71.63475036621094,349800
ATO,2018-02-28,81.23999786376953,81.77999877929688,80.45999908447266,80.48999786376953,71.13980102539062,503500
ATO,2018-03-01,80.54000091552734,81.87000274658203,79.87999725341797,80.1500015258789,70.83928680419922,803900
ATO,2018-03-02,80.0999984741211,81.19000244140625,78.75,79.19000244140625,69.9908218383789,636900
ATO,2018-03-05,79.0999984741211,80.81999969482422,79.01000213623047,80.61000061035156,71.245849609375,589700
ATO,2018-03-06,80.44000244140625,80.87000274658203,79.56999969482422,80.04000091552734,70.74208068847656,825100
ATO,2018-03-07,79.95999908447266,80.62999725341797,79.2699966430664,79.45999908447266,70.22943878173828,797400
ATO,2018-03-08,79.8499984741211,80.30000305175781,79.37000274658203,79.81999969482422,70.547607421875,504800
ATO,2018-03-09,79.76000213623047,80.2699966430664,79.31999969482422,80.2300033569336,70.91000366210938,475000
ATO,2018-03-12,80.13999938964844,81.19999694824219,80.13999938964844,81.12999725341797,71.70545959472656,407300
ATO,2018-03-13,81.3499984741211,81.86000061035156,80.61000061035156,81.0199966430664,71.60824584960938,639400
ATO,2018-03-14,81.18000030517578,81.9800033569336,80.79000091552734,81.33999633789062,71.89107513427734,579200
ATO,2018-03-15,81.38999938964844,82.41000366210938,81.0199966430664,81.47000122070312,72.0059585571289,493200
ATO,2018-03-16,81.36000061035156,83.12999725341797,81.25,82.86000061035156,73.23448944091797,1256800
ATO,2018-03-19,82.73999786376953,82.83999633789062,81.4000015258789,81.69999694824219,72.20924377441406,353800
ATO,2018-03-20,81.77999877929688,82.12000274658203,80.86000061035156,81.2699966430664,71.82919311523438,388400
ATO,2018-03-21,81.30999755859375,82.76000213623047,81.12000274658203,81.37999725341797,71.92642211914062,315200
ATO,2018-03-22,81.30999755859375,82.76000213623047,81.12999725341797,81.16999816894531,71.7408218383789,577000
ATO,2018-03-23,81.4000015258789,81.98999786376953,79.83999633789062,80.02999877929688,70.73323059082031,547900
ATO,2018-03-26,80.37000274658203,81.80999755859375,79.48999786376953,81.69000244140625,72.20040893554688,742100
ATO,2018-03-27,82.08000183105469,83.83000183105469,81.56999969482422,83.12999725341797,73.47311401367188,804000
ATO,2018-03-28,83.37999725341797,83.9000015258789,82.54000091552734,83.69999694824219,73.97688293457031,810000
ATO,2018-03-29,83.8499984741211,84.45999908447266,83.55000305175781,84.23999786376953,74.45417785644531,799900
ATO,2018-04-02,84.30999755859375,84.76000213623047,82.26000213623047,82.8499984741211,73.22566223144531,442200
ATO,2018-04-03,83.02999877929688,84.41000366210938,82.30000305175781,83.98999786376953,74.23322296142578,458000
ATO,2018-04-04,83.52999877929688,84.05999755859375,82.93000030517578,83.69999694824219,73.97688293457031,385100
ATO,2018-04-05,83.5199966430664,84.69000244140625,82.87999725341797,84.52999877929688,74.71050262451172,372000
ATO,2018-04-06,84.8499984741211,84.9800033569336,83.80999755859375,84.1500015258789,74.3746109008789,546400
ATO,2018-04-09,84.26000213623047,84.66999816894531,83.83000183105469,84.18000030517578,74.40113830566406,319000
ATO,2018-04-10,84.26000213623047,84.44000244140625,83.83000183105469,84.05999755859375,74.29508972167969,596800
ATO,2018-04-11,84.05999755859375,84.29000091552734,83.41000366210938,83.83999633789062,74.10065460205078,368400
ATO,2018-04-12,83.79000091552734,83.9800033569336,82.52999877929688,82.68000030517578,73.07539367675781,297900
ATO,2018-04-13,82.95999908447266,83.55000305175781,82.62999725341797,83.37999725341797,73.69408416748047,417100
ATO,2018-04-16,83.5199966430664,84.9000015258789,83.44999694824219,84.68000030517578,74.84306335449219,451800
ATO,2018-04-17,84.69000244140625,85.48999786376953,84.30999755859375,85.16999816894531,75.27615356445312,286700
ATO,2018-04-18,85.29000091552734,85.75,84.4000015258789,84.47000122070312,74.65746307373047,441300
ATO,2018-04-19,84.30999755859375,84.58999633789062,83.55000305175781,84.2300033569336,74.44534301757812,327500
ATO,2018-04-20,84.41999816894531,84.58999633789062,83.66000366210938,83.9000015258789,74.1536865234375,238400
ATO,2018-04-23,84.0999984741211,84.69000244140625,83.95999908447266,84.41000366210938,74.60443115234375,305800
ATO,2018-04-24,84.56999969482422,85.47000122070312,84.18000030517578,85.29000091552734,75.3822021484375,580400
ATO,2018-04-25,85.11000061035156,85.66999816894531,84.44000244140625,85.30999755859375,75.3998794555664,342100
ATO,2018-04-26,85.41999816894531,86.79000091552734,84.94999694824219,86.79000091552734,76.70795440673828,347400
ATO,2018-04-27,86.62000274658203,88.12000274658203,86.62000274658203,87.41000366210938,77.25593566894531,303200
ATO,2018-04-30,87.61000061035156,87.87000274658203,86.80999755859375,86.88999938964844,76.79634857177734,692000
ATO,2018-05-01,86.80999755859375,87.01000213623047,86.33999633789062,86.83000183105469,76.74330139160156,487400
ATO,2018-05-02,86.91000366210938,86.97000122070312,86.0199966430664,86.97000122070312,76.86705780029297,402000
ATO,2018-05-03,86.5999984741211,88.23999786376953,86.12000274658203,88.05999755859375,77.83042907714844,607100
ATO,2018-05-04,88.41999816894531,89.94000244140625,87.77999877929688,89.7300033569336,79.30644226074219,483400
ATO,2018-05-07,89.80999755859375,89.80999755859375,88.73999786376953,88.86000061035156,78.53749084472656,698200
ATO,2018-05-08,88.30000305175781,88.30000305175781,87.27999877929688,87.75,77.55643463134766,608400
ATO,2018-05-09,87.73999786376953,88.0,86.8499984741211,87.68000030517578,77.49456787109375,517200
ATO,2018-05-10,88.33999633789062,88.69000244140625,88.12000274658203,88.5999984741211,78.30768585205078,376900
ATO,2018-05-11,88.75,88.7699966430664,87.83000183105469,88.25,77.99833679199219,402800
ATO,2018-05-14,88.37999725341797,88.37999725341797,87.08999633789062,87.45999908447266,77.30011749267578,533300
ATO,2018-05-15,87.20999908447266,87.41999816894531,86.20999908447266,86.55999755859375,76.50467681884766,414100
ATO,2018-05-16,86.8499984741211,87.13999938964844,85.58000183105469,85.87999725341797,75.90365600585938,442300
ATO,2018-05-17,85.91999816894531,86.38999938964844,85.33000183105469,85.38999938964844,75.47059631347656,374400
ATO,2018-05-18,85.16999816894531,85.58999633789062,84.52999877929688,84.91000366210938,75.47503662109375,393900
ATO,2018-05-21,85.16999816894531,85.54000091552734,84.6500015258789,85.26000213623047,75.7861328125,273500
ATO,2018-05-22,85.30000305175781,86.56999969482422,85.30000305175781,86.20999908447266,76.63057708740234,545800
ATO,2018-05-23,86.37999725341797,87.44000244140625,86.20999908447266,86.97000122070312,77.30613708496094,305200
ATO,2018-05-24,86.91999816894531,87.62999725341797,86.7300033569336,87.48999786376953,77.76834869384766,411400
ATO,2018-05-25,87.70999908447266,88.19999694824219,87.45999908447266,87.75,77.99945831298828,369000
ATO,2018-05-29,87.5,88.83000183105469,87.0999984741211,88.38999938964844,78.56835174560547,693300
ATO,2018-05-30,88.33000183105469,90.66000366210938,88.18000030517578,89.9800033569336,79.98167419433594,769100
ATO,2018-05-31,90.01000213623047,90.77999877929688,89.12000274658203,89.20999908447266,79.2972183227539,1392700
ATO,2018-06-01,89.27999877929688,89.27999877929688,87.33999633789062,87.9800033569336,78.20389556884766,467000
ATO,2018-06-04,88.0999984741211,88.36000061035156,87.44000244140625,87.80999755859375,78.05278778076172,426700
ATO,2018-06-05,87.91000366210938,88.22000122070312,86.97000122070312,87.38999938964844,77.6794662475586,404100
ATO,2018-06-06,87.33000183105469,87.41000366210938,85.5999984741211,85.80000305175781,76.26614379882812,445800
ATO,2018-06-07,85.83000183105469,86.33999633789062,85.4000015258789,85.7300033569336,76.20391082763672,614700
ATO,2018-06-08,85.91000366210938,86.06999969482422,85.0999984741211,85.30999755859375,75.8305892944336,458900
ATO,2018-06-11,85.44000244140625,86.0,84.36000061035156,84.61000061035156,75.2083740234375,377200
ATO,2018-06-12,84.58000183105469,85.36000061035156,84.3499984741211,85.30999755859375,75.8305892944336,402400
ATO,2018-06-13,85.23999786376953,86.06999969482422,84.55000305175781,84.58000183105469,75.18170166015625,458000
ATO,2018-06-14,84.83999633789062,85.70999908447266,84.72000122070312,85.68000030517578,76.15946197509766,607700
ATO,2018-06-15,85.8499984741211,86.86000061035156,84.83999633789062,86.79000091552734,77.1461410522461,894100
ATO,2018-06-18,86.61000061035156,87.26000213623047,86.45999908447266,87.11000061035156,77.43057250976562,285700
ATO,2018-06-19,87.20999908447266,88.80999755859375,87.12999725341797,88.31999969482422,78.50611877441406,431400
ATO,2018-06-20,88.48999786376953,88.75,87.9800033569336,88.33000183105469,78.51502990722656,332700
ATO,2018-06-21,88.88999938964844,89.41000366210938,88.19000244140625,88.8499984741211,78.97723388671875,470400
ATO,2018-06-22,89.0,89.41000366210938,88.62000274658203,89.11000061035156,79.20833587646484,578900
ATO,2018-06-25,89.16999816894531,90.72000122070312,89.16999816894531,90.52999877929688,80.47055053710938,391100
ATO,2018-06-26,90.18000030517578,90.7300033569336,89.7699966430664,89.83999633789062,79.85723876953125,730200
ATO,2018-06-27,89.79000091552734,90.23999786376952,89.11000061035156,90.12999725341795,80.114990234375,728800
ATO,2018-06-28,90.25,91.12999725341795,90.08000183105467,90.38999938964844,80.34611511230469,618200
ATO,2018-06-29,90.23999786376952,90.63999938964844,89.5,90.13999938964844,80.1238784790039,719800
ATO,2018-07-02,90.06999969482422,90.5500030517578,89.69999694824219,90.33999633789062,80.30166625976562,353200
ATO,2018-07-03,90.5199966430664,91.88999938964844,90.1500015258789,91.2699966430664,81.12832641601562,373600
ATO,2018-07-05,91.4800033569336,92.06999969482422,91.0199966430664,92.0500030517578,81.82166290283203,328000
ATO,2018-07-06,92.22000122070312,92.98999786376952,92.08000183105467,92.56999969482422,82.28388214111328,271100
ATO,2018-07-09,92.6500015258789,92.86000061035156,89.37999725341797,89.80999755859375,79.83056640625,564400
ATO,2018-07-10,89.72000122070312,90.81999969482422,89.38999938964844,90.66999816894533,80.59498596191406,350600
ATO,2018-07-11,90.54000091552734,91.33000183105467,90.54000091552734,91.05999755859376,80.94166564941406,372500
ATO,2018-07-12,91.25,91.25,90.62000274658205,91.12999725341795,81.00389099121094,343900
ATO,2018-07-13,91.41000366210938,91.62999725341795,90.80999755859376,91.12999725341795,81.00389099121094,250800
ATO,2018-07-16,91.13999938964844,91.3000030517578,90.5199966430664,91.11000061035156,80.98609924316406,320000
ATO,2018-07-17,91.2699966430664,91.2699966430664,90.5999984741211,90.8000030517578,80.71056365966797,195500
ATO,2018-07-18,91.02999877929688,91.02999877929688,89.9000015258789,90.54000091552734,80.47945404052734,208600
ATO,2018-07-19,90.79000091552734,92.16999816894533,90.52999877929688,91.7300033569336,81.53721618652344,241500
ATO,2018-07-20,91.52999877929688,91.79000091552734,90.5500030517578,91.44000244140624,81.27944946289062,265300
ATO,2018-07-23,91.4499969482422,91.4499969482422,90.31999969482422,90.81999969482422,80.72833251953125,138200
ATO,2018-07-24,90.7300033569336,90.76000213623048,89.20999908447266,90.62000274658205,80.5505599975586,504200
ATO,2018-07-25,90.37999725341795,91.12000274658205,90.05000305175781,90.4000015258789,80.35499572753906,241200
ATO,2018-07-26,90.94000244140624,91.56999969482422,90.51000213623048,91.30999755859376,81.16388702392578,347400
ATO,2018-07-27,91.41999816894533,91.56999969482422,90.37000274658205,90.87999725341795,80.78166198730469,270500
ATO,2018-07-30,90.83000183105467,91.1999969482422,90.25,90.51000213623048,80.4527816772461,204400
ATO,2018-07-31,90.87999725341795,91.98999786376952,90.61000061035156,91.87000274658205,81.66166687011719,462700
ATO,2018-08-01,91.41000366210938,91.41000366210938,90.12000274658205,90.98999786376952,80.87943267822266,496200
ATO,2018-08-02,90.9000015258789,91.75,90.36000061035156,91.58999633789062,81.41277313232422,177900
ATO,2018-08-03,91.55999755859376,92.2300033569336,91.0,91.83000183105467,81.62611389160156,154900
ATO,2018-08-06,91.8499984741211,92.6500015258789,91.7300033569336,91.95999908447266,81.74165344238281,254600
ATO,2018-08-07,91.8499984741211,92.3499984741211,90.87999725341795,91.95999908447266,81.74165344238281,274600
ATO,2018-08-08,91.76000213623048,92.05999755859376,90.9499969482422,91.87000274658205,81.66166687011719,371700
ATO,2018-08-09,91.87000274658205,91.87000274658205,89.80000305175781,91.23999786376952,81.1016616821289,575900
ATO,2018-08-10,91.04000091552734,92.58999633789062,91.04000091552734,91.2699966430664,81.12832641601562,302900
ATO,2018-08-13,91.4000015258789,92.0,91.13999938964844,91.81999969482422,81.6172103881836,360200
ATO,2018-08-14,91.81999969482422,93.3499984741211,91.5999984741211,92.5999984741211,82.31053924560547,587800
ATO,2018-08-15,92.62000274658205,93.86000061035156,92.55999755859376,93.04000091552734,82.70164489746094,345200
ATO,2018-08-16,92.88999938964844,94.20999908447266,92.88999938964844,94.18000030517578,83.71498107910156,281300
ATO,2018-08-17,94.04000091552734,94.8499984741211,94.01000213623048,94.33999633789062,83.85720825195312,302800
ATO,2018-08-20,94.5999984741211,94.72000122070312,93.51000213623048,93.58999633789062,83.1905288696289,191900
ATO,2018-08-21,93.62000274658205,93.62000274658205,92.58999633789062,92.9000015258789,82.57720184326172,266500
ATO,2018-08-22,92.9800033569336,92.9800033569336,92.16999816894533,92.51000213623048,82.23054504394531,330300
ATO,2018-08-23,92.62999725341795,93.4000015258789,92.0,92.12000274658205,81.8838882446289,317000
ATO,2018-08-24,91.66999816894533,92.4000015258789,91.66999816894533,92.22000122070312,82.40662384033203,301500
ATO,2018-08-27,92.4000015258789,92.68000030517578,91.4800033569336,91.77999877929688,82.01343536376953,309300
ATO,2018-08-28,91.73999786376952,92.0,91.33999633789062,91.8000030517578,82.03132629394531,359400
ATO,2018-08-29,91.87999725341795,92.54000091552734,91.68000030517578,92.33000183105467,82.50492095947266,321000
ATO,2018-08-30,92.3499984741211,92.83000183105467,92.2699966430664,92.5500030517578,82.70150756835938,351500
ATO,2018-08-31,92.58999633789062,92.9000015258789,91.91999816894533,92.2300033569336,82.41558074951172,355200
ATO,2018-09-04,92.41999816894533,93.25,92.19000244140624,92.38999938964844,82.55854797363281,360900
ATO,2018-09-05,92.4000015258789,93.7300033569336,92.20999908447266,93.5999984741211,83.6397933959961,273300
ATO,2018-09-06,93.80999755859376,94.33999633789062,93.37999725341795,94.05999755859376,84.05083465576172,369000
ATO,2018-09-07,93.7300033569336,94.11000061035156,92.9800033569336,93.62000274658205,83.65765380859375,210500
ATO,2018-09-10,93.7300033569336,94.1999969482422,92.94000244140624,93.0,83.10363006591797,311200
ATO,2018-09-11,93.26000213623048,94.47000122070312,92.01000213623048,93.73999786376952,83.7648696899414,350800
ATO,2018-09-12,93.72000122070312,94.0199966430664,93.25,93.61000061035156,83.64871215820312,168900
ATO,2018-09-13,93.76000213623048,94.5999984741211,92.87000274658205,94.5,84.44400024414062,310900
ATO,2018-09-14,94.37000274658205,94.5,93.25,94.12000274658205,84.10445404052734,357200
ATO,2018-09-17,94.01000213623048,94.87999725341795,93.86000061035156,94.7699966430664,84.68527221679688,319900
ATO,2018-09-18,94.87999725341795,95.22000122070312,94.01000213623048,94.48999786376952,84.43506622314453,295600
ATO,2018-09-19,94.66999816894533,94.66999816894533,91.9499969482422,92.70999908447266,82.84446716308594,424100
ATO,2018-09-20,92.69000244140624,93.66000366210938,92.16000366210938,93.30999755859376,83.380615234375,409300
ATO,2018-09-21,93.62999725341795,94.54000091552734,92.83000183105467,94.01000213623048,84.00613403320312,697000
ATO,2018-09-24,94.12000274658205,94.2300033569336,93.61000061035156,93.9000015258789,83.9078598022461,410400
ATO,2018-09-25,93.83999633789062,94.2300033569336,93.29000091552734,93.5,83.5504150390625,399500
ATO,2018-09-26,93.6500015258789,94.12000274658205,92.5999984741211,92.62999725341795,82.77299499511719,723800
ATO,2018-09-27,92.77999877929688,93.79000091552734,92.58000183105467,93.29000091552734,83.3627700805664,676900
ATO,2018-09-28,93.31999969482422,93.94000244140624,93.2300033569336,93.91000366210938,83.91679382324219,497000
ATO,2018-10-01,93.8499984741211,94.16999816894533,92.62999725341795,92.75,82.8802261352539,418900
ATO,2018-10-02,92.7699966430664,94.05999755859376,92.7699966430664,93.69000244140624,83.72019958496094,309600
ATO,2018-10-03,93.56999969482422,93.9800033569336,92.1500015258789,92.73999786376952,82.87129211425781,305800
ATO,2018-10-04,92.5,92.9499969482422,91.8000030517578,92.83999633789062,82.96066284179688,360000
ATO,2018-10-05,92.77999877929688,94.81999969482422,92.7699966430664,94.63999938964844,84.5691146850586,598600
ATO,2018-10-08,95.0,97.3000030517578,95.0,96.9499969482422,86.63329315185547,814800
ATO,2018-10-09,97.30999755859376,98.4000015258789,96.63999938964844,96.83000183105467,86.52606201171875,583400
ATO,2018-10-10,96.52999877929688,97.4499969482422,95.98999786376952,96.0199966430664,85.80227661132812,472700
ATO,2018-10-11,95.98999786376952,96.48999786376952,93.3000030517578,93.3499984741211,83.41638946533203,397700
ATO,2018-10-12,93.38999938964844,93.44000244140624,91.55999755859376,92.61000061035156,82.755126953125,378700
ATO,2018-10-15,92.95999908447266,93.87999725341795,92.66000366210938,93.47000122070312,83.52359771728516,242500
ATO,2018-10-16,93.4499969482422,95.05999755859376,93.02999877929688,94.93000030517578,84.82825469970703,293100
ATO,2018-10-17,94.83000183105467,95.02999877929688,94.01000213623048,94.62999725341795,84.56016540527344,246900
ATO,2018-10-18,94.77999877929688,96.23999786376952,94.77999877929688,95.38999938964844,85.23931121826172,363400
ATO,2018-10-19,95.44000244140624,97.4800033569336,95.44000244140624,97.06999969482422,86.74051666259766,347400
ATO,2018-10-22,97.20999908447266,97.58999633789062,96.33999633789062,96.51000213623048,86.24009704589844,345700
ATO,2018-10-23,96.4000015258789,96.7300033569336,94.66999816894533,95.68000030517578,85.4984359741211,336700
ATO,2018-10-24,95.91999816894533,98.0500030517578,95.48999786376952,97.13999938964844,86.8030776977539,424500
ATO,2018-10-25,96.79000091552734,96.79000091552734,95.20999908447266,95.62999725341795,85.4537582397461,380000
ATO,2018-10-26,95.69000244140624,95.91000366210938,93.04000091552734,93.62000274658205,83.65765380859375,489300
ATO,2018-10-29,93.66000366210938,95.0199966430664,93.66000366210938,94.48999786376952,84.43506622314453,443800
ATO,2018-10-30,94.7300033569336,95.6500015258789,93.83999633789062,94.8000030517578,84.71207427978516,491600
ATO,2018-10-31,94.33999633789062,94.3499984741211,92.63999938964844,93.08000183105467,83.17510223388672,846800
ATO,2018-11-01,93.27999877929688,93.66999816894533,92.38999938964844,92.94000244140624,83.05001068115234,491300
ATO,2018-11-02,93.12999725341795,93.12999725341795,91.27999877929688,92.13999938964844,82.33512878417969,437000
ATO,2018-11-05,92.27999877929688,93.97000122070312,91.95999908447266,93.29000091552734,83.3627700805664,429000
ATO,2018-11-06,93.22000122070312,95.47000122070312,92.87999725341795,95.45999908447266,85.30184936523438,475400
ATO,2018-11-07,95.94000244140624,96.76000213623048,95.3499984741211,96.6999969482422,86.40988159179688,357400
ATO,2018-11-08,96.0,97.47000122070312,94.43000030517578,95.83999633789062,85.64142608642578,833100
ATO,2018-11-09,95.87000274658205,97.43000030517578,95.33999633789062,96.69000244140624,86.40095520019531,344100
ATO,2018-11-12,96.44000244140624,98.25,96.2699966430664,96.66999816894533,86.38308715820312,481100
ATO,2018-11-13,96.6999969482422,97.2300033569336,95.70999908447266,96.4000015258789,86.14183044433594,592200
ATO,2018-11-14,96.11000061035156,97.45999908447266,95.83999633789062,97.29000091552734,86.93711853027344,688600
ATO,2018-11-15,97.56999969482422,98.9499969482422,96.0500030517578,98.91000366210938,88.38472747802734,611100
ATO,2018-11-16,99.16999816894533,99.7699966430664,98.77999877929688,99.02999877929688,88.4919662475586,575500
ATO,2018-11-19,98.9800033569336,99.77999877929688,98.16999816894533,99.33999633789062,88.76895904541016,723900
ATO,2018-11-20,99.79000091552734,100.76000213623048,97.5199966430664,98.1999969482422,87.75025939941406,573400
ATO,2018-11-21,97.98999786376952,98.12000274658205,97.08999633789062,97.72000122070312,87.32135772705078,346100
ATO,2018-11-23,97.29000091552734,98.13999938964844,96.70999908447266,97.1500015258789,87.2809066772461,235600
ATO,2018-11-26,97.3000030517578,97.9499969482422,96.69000244140624,97.80999755859376,87.87388610839844,405300
ATO,2018-11-27,97.7699966430664,98.5,97.4499969482422,98.41999816894533,88.42190551757812,935000
ATO,2018-11-28,98.33000183105467,98.8499984741211,97.4800033569336,97.62999725341795,87.71216583251953,695200
ATO,2018-11-29,94.70999908447266,95.4800033569336,92.8000030517578,93.4499969482422,83.95679473876953,5175000
ATO,2018-11-30,94.0,95.6999969482422,93.61000061035156,95.66999816894533,85.9512710571289,2173500
ATO,2018-12-03,95.66999816894533,97.66999816894533,94.7699966430664,97.61000061035156,87.69419860839844,1095800
ATO,2018-12-04,98.1999969482422,98.79000091552734,97.12000274658205,97.55999755859376,87.64927673339844,1270000
ATO,2018-12-06,98.05999755859376,98.58000183105467,96.20999908447266,98.5500030517578,88.5386962890625,1422900
ATO,2018-12-07,98.45999908447266,99.26000213623048,97.9000015258789,98.79000091552734,88.75433349609375,983400
ATO,2018-12-10,98.58999633789062,98.83999633789062,96.37000274658205,98.4499969482422,88.4488525390625,726700
ATO,2018-12-11,98.51000213623048,99.12000274658205,97.93000030517578,98.5,88.49378204345703,997000
ATO,2018-12-12,98.97000122070312,99.62000274658205,98.37999725341795,98.58999633789062,88.57463073730469,739100
ATO,2018-12-13,98.62999725341795,99.8000030517578,98.5199966430664,99.5,89.39219665527344,1218400
ATO,2018-12-14,99.08000183105467,99.7699966430664,97.83000183105467,98.47000122070312,88.46683502197266,941400
ATO,2018-12-17,98.66000366210938,98.93000030517578,95.4000015258789,95.55999755859376,85.8524398803711,1355500
ATO,2018-12-18,95.8499984741211,96.23999786376952,94.20999908447266,94.5199966430664,84.91809844970703,1000800
ATO,2018-12-19,94.93000030517578,96.11000061035156,93.7699966430664,94.93000030517578,85.28643798828125,1008400
ATO,2018-12-20,94.93000030517578,96.62000274658205,94.02999877929688,95.0999984741211,85.4391860961914,891300
ATO,2018-12-21,94.94000244140624,97.1999969482422,94.37000274658205,94.45999908447266,84.86418914794922,2943500
ATO,2018-12-24,94.6500015258789,95.0,89.31999969482422,89.33000183105469,80.25534057617188,466200
ATO,2018-12-26,89.31999969482422,90.23999786376952,87.87999725341797,90.12000274658205,80.96508026123047,806500
ATO,2018-12-27,89.95999908447266,91.29000091552734,88.26000213623047,91.1999969482422,81.93535614013672,1287600
ATO,2018-12-28,91.44000244140624,92.37999725341795,90.72000122070312,91.66000366210938,82.34864044189453,546900
ATO,2018-12-31,91.76000213623048,92.87000274658205,91.01000213623048,92.72000122070312,83.30094909667969,716000
ATO,2019-01-02,92.29000091552734,92.8499984741211,89.19000244140625,89.8499984741211,80.72249603271484,815500
ATO,2019-01-03,89.87000274658203,91.52999877929688,89.7699966430664,90.52999877929688,81.33342742919922,628900
ATO,2019-01-04,90.16999816894533,92.12999725341795,90.16999816894533,91.69000244140624,82.37557983398438,466600
ATO,2019-01-07,91.47000122070312,92.12000274658205,90.68000030517578,91.0199966430664,81.77364349365234,569400
ATO,2019-01-08,90.97000122070312,92.31999969482422,90.9499969482422,92.20999908447266,82.84275817871094,1251800
ATO,2019-01-09,92.1999969482422,92.6500015258789,90.38999938964844,90.6999969482422,81.48616027832031,571600
ATO,2019-01-10,90.70999908447266,92.62000274658205,90.41999816894533,92.41999816894533,83.03142547607422,800100
ATO,2019-01-11,92.79000091552734,92.79000091552734,91.43000030517578,91.9000015258789,82.56424713134766,542000
ATO,2019-01-14,91.58999633789062,92.01000213623048,90.6999969482422,91.33999633789062,82.06114959716797,804000
ATO,2019-01-15,90.8000030517578,93.0999984741211,90.8000030517578,92.61000061035156,83.20213317871094,440200
ATO,2019-01-16,92.72000122070312,94.47000122070312,92.55999755859376,94.36000061035156,84.77434539794922,780400
ATO,2019-01-17,94.20999908447266,95.1500015258789,94.06999969482422,94.98999786376952,85.3403549194336,666600
ATO,2019-01-18,95.08000183105467,95.56999969482422,94.7699966430664,95.43000030517578,85.73564910888672,384200
ATO,2019-01-22,95.1999969482422,95.7300033569336,94.30999755859376,95.1999969482422,85.52901458740234,543900
ATO,2019-01-23,95.47000122070312,96.3499984741211,95.37999725341795,96.16000366210938,86.3915023803711,429500
ATO,2019-01-24,96.43000030517578,97.08000183105467,95.73999786376952,96.66999816894533,86.84968566894531,683300
ATO,2019-01-25,96.5199966430664,96.5199966430664,94.63999938964844,94.83000183105467,85.19661712646484,536400
ATO,2019-01-28,94.94000244140624,95.0199966430664,93.97000122070312,94.33000183105467,84.74740600585938,386700
ATO,2019-01-29,94.6999969482422,95.37000274658205,93.9000015258789,94.77999877929688,85.15169525146484,398200
ATO,2019-01-30,94.52999877929688,95.88999938964844,94.23999786376952,95.48999786376952,85.78955841064453,685900
ATO,2019-01-31,95.47000122070312,97.9000015258789,95.30999755859376,97.62999725341795,87.71216583251953,689600
ATO,2019-02-01,97.20999908447266,97.72000122070312,96.31999969482422,97.22000122070312,87.34381866455078,792800
ATO,2019-02-04,96.77999877929688,96.77999877929688,95.5500030517578,96.44000244140624,86.64305114746094,548900
ATO,2019-02-05,96.4499969482422,96.9800033569336,95.9800033569336,96.58000183105467,86.76882934570312,846200
ATO,2019-02-06,95.80999755859376,96.95999908447266,93.86000061035156,95.87000274658205,86.13095092773438,1088600
ATO,2019-02-07,95.6500015258789,97.0500030517578,94.5199966430664,97.02999877929688,87.1731185913086,594500
ATO,2019-02-08,97.31999969482422,98.44000244140624,97.0999984741211,97.97000122070312,88.01763916015625,782100
ATO,2019-02-11,96.30999755859376,96.95999908447266,95.66000366210938,96.8499984741211,87.01140594482422,2466300
ATO,2019-02-12,97.06999969482422,97.12999725341795,95.44000244140624,95.8499984741211,86.11299133300781,1774700
ATO,2019-02-13,95.5999984741211,96.79000091552734,95.08999633789062,96.58999633789062,86.7778091430664,1797600
ATO,2019-02-14,96.83000183105467,97.51000213623048,95.5199966430664,95.95999908447266,86.21182250976562,31583900
ATO,2019-02-15,96.23999786376952,97.26000213623048,96.23999786376952,97.0500030517578,87.19108581542969,2440400
ATO,2019-02-19,97.16999816894533,97.83000183105467,96.83999633789062,97.3000030517578,87.41570281982422,848500
ATO,2019-02-20,97.37999725341795,98.1999969482422,96.76000213623048,98.0,88.0445785522461,882100
ATO,2019-02-21,97.55999755859376,99.20999908447266,97.33999633789062,99.12999725341795,89.05978393554688,822400
ATO,2019-02-22,98.79000091552734,99.58999633789062,98.31999969482422,99.4800033569336,89.8500747680664,695400
ATO,2019-02-25,99.55999755859376,99.55999755859376,97.93000030517578,98.3000030517578,88.78430938720703,651100
ATO,2019-02-26,98.66999816894533,98.88999938964844,97.76000213623048,98.27999877929688,88.76624298095703,1013200
ATO,2019-02-27,97.87999725341795,99.16000366210938,97.77999877929688,98.86000061035156,89.29011535644531,1760600
ATO,2019-02-28,98.58000183105467,99.41999816894533,98.0500030517578,98.8499984741211,89.28108215332031,1139300
ATO,2019-03-01,99.01000213623048,99.41000366210938,98.16000366210938,98.9000015258789,89.32623291015625,642100
ATO,2019-03-04,99.8499984741211,99.88999938964844,98.30999755859376,99.87000274658205,90.20232391357422,975500
ATO,2019-03-05,99.9499969482422,100.2699966430664,99.1500015258789,99.37000274658205,89.750732421875,836600
ATO,2019-03-06,99.45999908447266,99.76000213623048,99.0500030517578,99.48999786376952,89.85910034179688,734200
ATO,2019-03-07,99.75,100.31999969482422,99.13999938964844,99.45999908447266,89.83202362060547,587700
ATO,2019-03-08,99.5,100.1999969482422,99.26000213623048,100.16000366210938,90.46424865722656,563100
ATO,2019-03-11,100.0199966430664,100.55999755859376,99.76000213623048,100.55999755859376,90.82553100585938,709200
ATO,2019-03-12,100.56999969482422,101.44000244140624,100.27999877929688,101.4000015258789,91.58422088623048,677200
ATO,2019-03-13,101.5,102.25,101.26000213623048,101.80999755859376,91.95452117919922,883300
ATO,2019-03-14,101.87000274658205,102.44000244140624,101.36000061035156,101.5,91.67454528808594,632200
ATO,2019-03-15,101.30999755859376,102.25,101.29000091552734,101.51000213623048,91.68357849121094,2586500
ATO,2019-03-18,101.45999908447266,102.16999816894533,101.38999938964844,102.0,92.12613677978516,834100
ATO,2019-03-19,101.87999725341795,102.0,101.13999938964844,101.4800033569336,91.65648651123048,888800
ATO,2019-03-20,101.47000122070312,102.41000366210938,100.7699966430664,101.41000366210938,91.59324645996094,693900
ATO,2019-03-21,101.22000122070312,102.77999877929688,101.20999908447266,102.6500015258789,92.71320343017578,428700
ATO,2019-03-22,103.02999877929688,103.61000061035156,102.66999816894533,102.80999755859376,92.85773468017578,536100
ATO,2019-03-25,102.7300033569336,103.25,102.25,102.93000030517578,92.9661102294922,847300
ATO,2019-03-26,103.12999725341795,103.80999755859376,102.77999877929688,103.72000122070312,93.67963409423828,571500
ATO,2019-03-27,103.8499984741211,104.06999969482422,102.72000122070312,102.94000244140624,92.97515869140624,591100
ATO,2019-03-28,103.08000183105467,103.41999816894533,101.86000061035156,102.4800033569336,92.55967712402344,500600
ATO,2019-03-29,102.52999877929688,103.1500015258789,102.13999938964844,102.93000030517578,92.9661102294922,852300
ATO,2019-04-01,102.93000030517578,102.97000122070312,101.5199966430664,102.06999969482422,92.18937683105467,684400
ATO,2019-04-02,102.3000030517578,102.3000030517578,99.6500015258789,100.16999816894533,90.4732894897461,2501900
ATO,2019-04-03,100.36000061035156,101.63999938964844,99.48999786376952,101.51000213623048,91.68357849121094,827900
ATO,2019-04-04,101.6999969482422,101.6999969482422,100.19000244140624,100.63999938964844,90.89778900146484,541400
ATO,2019-04-05,100.6500015258789,101.55999755859376,100.25,101.52999877929688,91.70164489746094,598500
ATO,2019-04-08,101.41000366210938,101.4499969482422,100.76000213623048,100.91999816894533,91.1506805419922,453900
ATO,2019-04-09,100.91000366210938,101.1999969482422,100.41000366210938,100.58000183105467,90.84359741210938,430400
ATO,2019-04-10,100.79000091552734,101.45999908447266,100.27999877929688,100.43000030517578,90.7081069946289,433400
ATO,2019-04-11,100.45999908447266,100.79000091552734,100.02999877929688,100.69000244140624,90.94296264648438,429300
ATO,2019-04-12,100.41000366210938,101.37999725341795,99.98999786376952,101.19000244140624,91.39458465576172,404400
ATO,2019-04-15,101.4800033569336,101.70999908447266,100.8499984741211,101.11000061035156,91.32230377197266,332600
ATO,2019-04-16,101.1999969482422,101.58000183105467,99.83999633789062,100.16999816894533,90.4732894897461,761500
ATO,2019-04-17,100.11000061035156,100.11000061035156,99.08999633789062,99.44000244140624,89.81395721435547,462800
ATO,2019-04-18,99.56999969482422,99.91999816894533,99.12999725341795,99.18000030517578,89.57913208007812,754400
ATO,2019-04-22,99.08000183105467,99.30999755859376,98.66000366210938,99.06999969482422,89.47978210449219,398800
ATO,2019-04-23,99.37000274658205,100.08000183105467,99.13999938964844,99.56999969482422,89.93138122558594,1003800
ATO,2019-04-24,99.80999755859376,100.51000213623048,99.38999938964844,100.08999633789062,90.40100860595705,878600
ATO,2019-04-25,99.8000030517578,101.29000091552734,99.62999725341795,100.9800033569336,91.2048797607422,395000
ATO,2019-04-26,101.48999786376952,101.9000015258789,100.91000366210938,100.9800033569336,91.2048797607422,355400
ATO,2019-04-29,100.5999984741211,100.86000061035156,100.23999786376952,100.4800033569336,90.7532730102539,814600
ATO,2019-04-30,100.81999969482422,102.37999725341795,100.5,102.33999633789062,92.43321990966795,779900
ATO,2019-05-01,102.05999755859376,102.62999725341795,101.37000274658205,101.98999786376952,92.11711120605467,666600
ATO,2019-05-02,101.94000244140624,102.5199966430664,101.36000061035156,102.08000183105467,92.19840240478516,504900
ATO,2019-05-03,101.83999633789062,103.12999725341795,101.80999755859376,102.94000244140624,92.97515869140624,459100
ATO,2019-05-06,103.19000244140624,103.41999816894533,102.58999633789062,103.05999755859376,93.08350372314452,604900
ATO,2019-05-07,103.0,103.41999816894533,101.43000030517578,102.2300033569336,92.33386993408205,793200
ATO,2019-05-08,101.72000122070312,102.0500030517578,100.2300033569336,100.73999786376952,90.98810577392578,930400
ATO,2019-05-09,100.9000015258789,101.76000213623048,100.2300033569336,100.6999969482422,90.95197296142578,627300
ATO,2019-05-10,100.83000183105467,102.04000091552734,100.3000030517578,101.91999816894533,92.05387115478516,708700
ATO,2019-05-13,101.45999908447266,102.63999938964844,101.33000183105467,102.5,92.5777359008789,1166500
ATO,2019-05-14,102.43000030517578,102.55999755859376,101.2699966430664,101.44000244140624,91.62034606933594,787100
ATO,2019-05-15,101.5199966430664,101.66999816894533,100.70999908447266,100.73999786376952,90.98810577392578,725100
ATO,2019-05-16,100.5500030517578,102.06999969482422,100.37999725341795,101.6500015258789,91.81002807617188,670100
ATO,2019-05-17,101.69000244140624,103.37000274658205,101.54000091552734,102.66000366210938,92.7222671508789,2563400
ATO,2019-05-20,102.83999633789062,103.33999633789062,102.4000015258789,102.8499984741211,92.8938446044922,985200
ATO,2019-05-21,102.83000183105467,103.27999877929688,102.0,102.05999755859376,92.18033599853516,717100
ATO,2019-05-22,102.25,102.93000030517578,101.9000015258789,102.88999938964844,92.92999267578124,579100
ATO,2019-05-23,102.93000030517578,103.4800033569336,102.2699966430664,103.36000061035156,93.35447692871094,773300
ATO,2019-05-24,103.02999877929688,103.3499984741211,102.62999725341795,102.80999755859376,93.33179473876952,664200
ATO,2019-05-28,102.98999786376952,103.0500030517578,101.37999725341795,101.51000213623048,92.15164184570312,1327100
ATO,2019-05-29,101.8000030517578,101.8000030517578,100.27999877929688,100.73999786376952,91.45262908935548,965100
ATO,2019-05-30,100.3000030517578,101.2699966430664,100.3000030517578,100.63999938964844,91.36184692382812,729600
ATO,2019-05-31,100.72000122070312,101.8499984741211,100.31999969482422,101.8000030517578,92.4149169921875,761700
ATO,2019-06-03,102.0500030517578,103.01000213623048,101.37999725341795,102.87000274658205,93.38626861572266,589700
ATO,2019-06-04,103.04000091552734,103.04000091552734,99.97000122070312,101.5500030517578,92.18795776367188,931600
ATO,2019-06-05,102.0500030517578,104.22000122070312,101.56999969482422,103.83999633789062,94.26683807373048,733300
ATO,2019-06-06,103.87999725341795,104.79000091552734,103.5999984741211,104.22000122070312,94.61180114746094,609600
ATO,2019-06-07,104.69000244140624,105.19000244140624,104.0999984741211,104.20999908447266,94.60272216796876,554100
ATO,2019-06-10,103.79000091552734,103.79000091552734,102.68000030517578,103.12000274658205,93.61322021484376,475400
ATO,2019-06-11,103.13999938964844,103.83000183105467,102.08999633789062,102.62000274658205,93.15931701660156,477100
ATO,2019-06-12,102.80999755859376,104.41000366210938,102.80999755859376,104.33000183105467,94.711669921875,431800
ATO,2019-06-13,104.58999633789062,105.0,104.12999725341795,104.54000091552734,94.9022979736328,421400
ATO,2019-06-14,104.62000274658205,105.19000244140624,104.52999877929688,104.98999786376952,95.31082153320312,396300
ATO,2019-06-17,104.95999908447266,105.27999877929688,104.16000366210938,104.75,95.09293365478516,312600
ATO,2019-06-18,105.4800033569336,105.51000213623048,103.87000274658205,104.68000030517578,95.0293960571289,550800
ATO,2019-06-19,104.27999877929688,105.87999725341795,104.0999984741211,105.68000030517578,95.93720245361328,634200
ATO,2019-06-20,106.12999725341795,106.23999786376952,104.70999908447266,105.9000015258789,96.13690948486328,391400
ATO,2019-06-21,105.9000015258789,107.55999755859376,105.05999755859376,107.45999908447266,97.5531005859375,1821100
ATO,2019-06-24,107.3000030517578,108.01000213623048,106.66999816894533,107.0199966430664,97.1536636352539,915500
ATO,2019-06-25,107.31999969482422,108.45999908447266,107.11000061035156,107.93000030517578,97.9797821044922,814200
ATO,2019-06-26,107.62999725341795,107.83999633789062,104.06999969482422,104.08000183105467,94.48470306396484,832300
ATO,2019-06-27,104.31999969482422,104.91000366210938,104.0,104.83000183105467,95.16558837890624,573800
ATO,2019-06-28,104.68000030517578,105.68000030517578,104.68000030517578,105.55999755859376,95.8282699584961,768900
ATO,2019-07-01,105.70999908447266,105.83999633789062,104.18000030517578,105.2699966430664,95.56500244140624,744300
ATO,2019-07-02,105.70999908447266,106.69000244140624,105.61000061035156,106.54000091552734,96.71793365478516,635400
ATO,2019-07-03,106.95999908447266,107.86000061035156,106.7699966430664,107.31999969482422,97.42601013183594,379900
ATO,2019-07-05,106.5500030517578,107.16999816894533,105.5199966430664,107.11000061035156,97.2353744506836,305600
ATO,2019-07-08,107.2699966430664,107.58999633789062,106.19000244140624,106.80999755859376,96.9630126953125,445200
ATO,2019-07-09,106.66999816894533,107.0199966430664,105.94000244140624,106.9800033569336,97.11736297607422,669400
ATO,2019-07-10,107.0199966430664,107.88999938964844,106.76000213623048,106.80999755859376,96.9630126953125,441400
ATO,2019-07-11,106.76000213623048,107.43000030517578,106.33999633789062,107.0,97.13550567626952,506400
ATO,2019-07-12,106.91000366210938,107.01000213623048,105.9800033569336,106.45999908447266,96.64529418945312,361900
ATO,2019-07-15,107.26000213623048,107.62999725341795,106.38999938964844,107.26000213623048,97.37154388427734,630200
ATO,2019-07-16,107.2300033569336,107.41000366210938,106.37000274658205,107.0999984741211,97.22628784179688,567200
ATO,2019-07-17,107.51000213623048,108.1500015258789,107.41999816894533,107.91999816894533,97.9706802368164,704100
ATO,2019-07-18,108.08999633789062,108.58999633789062,107.25,108.41000366210938,98.41551208496094,529000
ATO,2019-07-19,108.29000091552734,108.83000183105467,107.26000213623048,107.2699966430664,97.38060760498048,710900
ATO,2019-07-22,107.5999984741211,107.9499969482422,106.66999816894533,107.44000244140624,97.53495025634766,549900
ATO,2019-07-23,107.63999938964844,108.02999877929688,106.9000015258789,107.62999725341795,97.70742797851562,579200
ATO,2019-07-24,108.13999938964844,108.13999938964844,106.55999755859376,107.63999938964844,97.7165069580078,842100
ATO,2019-07-25,107.61000061035156,108.27999877929688,106.87000274658205,107.11000061035156,97.2353744506836,504400
ATO,2019-07-26,107.0500030517578,108.52999877929688,107.0500030517578,108.12999725341795,98.1613311767578,505200
ATO,2019-07-29,108.5,109.18000030517578,108.08999633789062,108.87000274658205,98.83309936523438,525700
ATO,2019-07-30,108.7300033569336,109.95999908447266,108.1999969482422,108.87000274658205,98.83309936523438,579300
ATO,2019-07-31,108.97000122070312,110.05999755859376,108.2300033569336,109.04000091552734,98.98744201660156,1061800
ATO,2019-08-01,109.08000183105467,110.4499969482422,108.7300033569336,110.04000091552734,99.89525604248048,837200
ATO,2019-08-02,110.29000091552734,110.93000030517578,109.45999908447266,109.62999725341795,99.52304077148438,631900
ATO,2019-08-05,109.7300033569336,110.0999984741211,106.33999633789062,106.94000244140624,97.0810317993164,881400
ATO,2019-08-06,107.18000030517578,108.75,105.77999877929688,108.3499984741211,98.3610382080078,762700
ATO,2019-08-07,108.54000091552734,108.8000030517578,106.7300033569336,107.93000030517578,97.9797821044922,759900
ATO,2019-08-08,107.02999877929688,109.58000183105467,105.6999969482422,109.43000030517578,99.34148406982422,856000
ATO,2019-08-09,109.29000091552734,109.6999969482422,108.4800033569336,108.55999755859376,98.55168914794922,581800
ATO,2019-08-12,108.88999938964844,109.2300033569336,108.12999725341795,108.91999816894533,98.8785171508789,407300
ATO,2019-08-13,108.77999877929688,109.4499969482422,108.1999969482422,109.08999633789062,99.0328369140625,560900
ATO,2019-08-14,109.23999786376952,109.79000091552734,107.97000122070312,108.3000030517578,98.31568145751952,758800
ATO,2019-08-15,108.33999633789062,109.76000213623048,107.72000122070312,109.37000274658205,99.28703308105467,653600
ATO,2019-08-16,109.7300033569336,110.62999725341795,109.41000366210938,110.44000244140624,100.25838470458984,689900
ATO,2019-08-19,110.38999938964844,111.43000030517578,109.7699966430664,110.87999725341795,100.65779876708984,629500
ATO,2019-08-20,111.19000244140624,111.20999908447266,110.06999969482422,110.20999908447266,100.04959106445312,565800
ATO,2019-08-21,110.1500015258789,111.13999938964844,109.88999938964844,111.08000183105467,100.8393783569336,340900
ATO,2019-08-22,111.11000061035156,111.58000183105467,110.2699966430664,111.1999969482422,100.94831085205078,485300
ATO,2019-08-23,110.91999816894533,111.16999816894533,108.19000244140624,108.62999725341795,99.0830307006836,570100
ATO,2019-08-26,108.6500015258789,109.5,108.1500015258789,109.25,99.64854431152344,552800
ATO,2019-08-27,109.75,109.95999908447266,107.79000091552734,108.04000091552734,98.5448989868164,1022500
ATO,2019-08-28,108.0999984741211,108.4000015258789,107.25,108.27999877929688,98.7637939453125,1275300
ATO,2019-08-29,108.87999725341795,110.05999755859376,108.48999786376952,109.9800033569336,100.3144073486328,710300
ATO,2019-08-30,110.27999877929688,110.66999816894533,109.47000122070312,110.2300033569336,100.54241180419922,624900
ATO,2019-09-03,110.12000274658205,111.7699966430664,109.68000030517578,111.7699966430664,101.94705963134766,1121600
ATO,2019-09-04,111.9000015258789,111.9000015258789,110.38999938964844,110.95999908447266,101.2082748413086,1000300
ATO,2019-09-05,110.20999908447266,110.4000015258789,109.4000015258789,109.68000030517578,100.04075622558594,753700
ATO,2019-09-06,110.06999969482422,110.23999786376952,108.51000213623048,109.08999633789062,99.50260925292967,688600
ATO,2019-09-09,108.4000015258789,108.6999969482422,107.4800033569336,107.73999786376952,98.27125549316406,925500
ATO,2019-09-10,107.9499969482422,108.8000030517578,107.13999938964844,108.8000030517578,99.23809814453124,657900
ATO,2019-09-11,108.83000183105467,110.16000366210938,108.33999633789062,109.56999969482422,99.9404067993164,984600
ATO,2019-09-12,110.52999877929688,110.91999816894533,109.33999633789062,109.44000244140624,99.82183837890624,651400
ATO,2019-09-13,108.7699966430664,109.97000122070312,108.70999908447266,109.7300033569336,100.08637237548828,488500
ATO,2019-09-16,110.0500030517578,110.20999908447266,109.38999938964844,110.11000061035156,100.43297576904295,345900
ATO,2019-09-17,110.13999938964844,111.3499984741211,109.20999908447266,110.95999908447266,101.2082748413086,762100
ATO,2019-09-18,111.44000244140624,112.43000030517578,111.36000061035156,111.8000030517578,101.97443389892578,900900
ATO,2019-09-19,112.4000015258789,112.66000366210938,111.73999786376952,112.27999877929688,102.41224670410156,411900
ATO,2019-09-20,112.6999969482422,113.30999755859376,112.08999633789062,112.9800033569336,103.05072784423828,1216100
ATO,2019-09-23,112.9000015258789,113.41000366210938,112.5500030517578,112.58999633789062,102.69501495361328,524900
ATO,2019-09-24,112.95999908447266,114.6999969482422,112.8499984741211,114.29000091552734,104.24560546875,974800
ATO,2019-09-25,114.12999725341795,115.19000244140624,113.62999725341795,114.41999816894533,104.36417388916016,1300300
ATO,2019-09-26,114.66999816894533,115.08999633789062,114.20999908447266,114.6500015258789,104.57395935058594,724000
ATO,2019-09-27,114.3000030517578,114.87999725341795,113.26000213623048,114.0500030517578,104.02668762207033,748600
ATO,2019-09-30,114.0999984741211,114.58000183105467,113.66000366210938,113.88999938964844,103.88076782226562,660000
ATO,2019-10-01,113.72000122070312,114.19000244140624,112.94000244140624,112.9800033569336,103.05072784423828,760600
ATO,2019-10-02,112.79000091552734,113.0,111.16999816894533,111.5,101.70081329345705,557800
ATO,2019-10-03,111.54000091552734,111.87999725341795,110.81999969482422,111.79000091552734,101.96532440185548,509200
ATO,2019-10-04,112.0999984741211,113.18000030517578,111.51000213623048,113.13999938964844,103.19664764404295,413400
ATO,2019-10-07,112.7699966430664,113.05999755859376,112.0999984741211,112.69000244140624,102.78623962402344,419700
ATO,2019-10-08,112.58999633789062,112.58999633789062,111.1999969482422,111.23999786376952,101.46365356445312,440800
ATO,2019-10-09,111.5500030517578,111.6500015258789,110.9000015258789,111.31999969482422,101.53662872314452,615700
ATO,2019-10-10,111.04000091552734,111.58000183105467,110.41000366210938,110.8499984741211,101.10791778564452,615400
ATO,2019-10-11,111.05999755859376,112.0199966430664,110.51000213623048,111.36000061035156,101.57311248779295,444000
ATO,2019-10-14,112.37000274658205,112.41999816894533,111.06999969482422,111.36000061035156,101.57311248779295,719200
ATO,2019-10-15,111.04000091552734,111.69000244140624,109.81999969482422,109.98999786376952,100.32350158691406,693100
ATO,2019-10-16,109.9000015258789,111.11000061035156,109.16000366210938,111.11000061035156,101.34508514404295,1272400
ATO,2019-10-17,110.95999908447266,112.0500030517578,110.5999984741211,111.83999633789062,102.01091766357422,548600
ATO,2019-10-18,111.1999969482422,111.91000366210938,110.68000030517578,111.5999984741211,101.79202270507812,732100
ATO,2019-10-21,111.5999984741211,111.9499969482422,111.05999755859376,111.87999725341795,102.04739379882812,615500
ATO,2019-10-22,112.12000274658205,112.93000030517578,112.11000061035156,112.33000183105467,102.4578628540039,497300
ATO,2019-10-23,112.41999816894533,113.22000122070312,112.23999786376952,113.01000213623048,103.0781021118164,529100
ATO,2019-10-24,112.91999816894533,113.62000274658205,112.70999908447266,113.41999816894533,103.4520492553711,447700
ATO,2019-10-25,113.62000274658205,113.6500015258789,111.66000366210938,112.3000030517578,102.43049621582033,455700
ATO,2019-10-28,112.0199966430664,112.37000274658205,110.86000061035156,110.94000244140624,101.19001770019533,571300
ATO,2019-10-29,111.0999984741211,111.55999755859376,110.45999908447266,111.55999755859376,101.75550842285156,1206000
ATO,2019-10-30,111.30999755859376,112.41999816894533,110.94000244140624,112.33000183105467,102.4578628540039,536800
ATO,2019-10-31,112.4499969482422,112.83000183105467,111.75,112.4800033569336,102.5946807861328,917300
ATO,2019-11-01,112.33999633789062,112.81999969482422,111.30999755859376,111.6999969482422,101.88321685791016,508000
ATO,2019-11-04,111.5500030517578,111.8000030517578,109.06999969482422,109.48999786376952,99.86746215820312,827300
ATO,2019-11-05,109.02999877929688,109.2300033569336,107.56999969482422,107.91999816894533,98.4354248046875,1032900
ATO,2019-11-06,108.0500030517578,109.12999725341795,107.77999877929688,108.7699966430664,99.2107162475586,786800
ATO,2019-11-07,108.55999755859376,109.7300033569336,107.11000061035156,108.18000030517578,98.6725616455078,1216600
ATO,2019-11-08,107.7699966430664,108.52999877929688,106.8000030517578,107.31999969482422,97.88816833496094,953400
ATO,2019-11-11,107.47000122070312,107.73999786376952,106.76000213623048,107.51000213623048,98.06146240234376,520300
ATO,2019-11-12,107.4499969482422,107.52999877929688,106.72000122070312,107.0,97.5962905883789,841100
ATO,2019-11-13,107.20999908447266,109.56999969482422,106.88999938964844,109.12000274658205,99.52997589111328,874400
ATO,2019-11-14,109.48999786376952,109.86000061035156,108.8499984741211,109.56999969482422,99.9404067993164,789400
ATO,2019-11-15,109.58000183105467,109.75,109.20999908447266,109.48999786376952,99.86746215820312,727200
ATO,2019-11-18,109.56999969482422,110.63999938964844,109.0500030517578,109.29000091552734,99.68502044677734,963100
ATO,2019-11-19,109.33000183105467,109.55999755859376,108.62000274658205,108.63999938964844,99.09214782714844,662300
ATO,2019-11-20,108.37999725341795,108.93000030517578,108.20999908447266,108.79000091552734,99.22896575927734,557000
ATO,2019-11-21,108.8499984741211,108.86000061035156,107.41999816894533,108.04000091552734,98.5448989868164,671500
ATO,2019-11-22,107.41000366210938,107.72000122070312,106.38999938964844,107.31999969482422,98.4118881225586,651900
ATO,2019-11-25,107.3499984741211,107.6500015258789,106.63999938964844,106.76000213623048,97.89842224121094,767300
ATO,2019-11-26,106.9000015258789,107.83000183105467,106.66999816894533,107.29000091552734,98.38440704345705,1208500
ATO,2019-11-27,106.9499969482422,107.0199966430664,106.08999633789062,106.91999816894533,98.0451202392578,1513100
ATO,2019-11-29,107.3000030517578,107.72000122070312,106.87999725341795,106.95999908447266,98.0818099975586,503900
ATO,2019-12-02,106.54000091552734,106.93000030517578,105.68000030517578,105.76000213623048,96.9813995361328,981700
ATO,2019-12-03,106.18000030517578,106.54000091552734,105.12999725341795,105.47000122070312,96.7154769897461,773600
ATO,2019-12-04,106.36000061035156,107.16999816894533,106.02999877929688,106.98999786376952,98.10931396484376,1114300
ATO,2019-12-05,106.47000122070312,106.8499984741211,106.01000213623048,106.76000213623048,97.89842224121094,698800
ATO,2019-12-06,106.61000061035156,107.26000213623048,106.4000015258789,106.5199966430664,97.6783218383789,634200
ATO,2019-12-09,106.73999786376952,107.02999877929688,105.8499984741211,106.30999755859376,97.48576354980467,669100
ATO,2019-12-10,106.5,106.87999725341795,106.13999938964844,106.75,97.88924407958984,637800
ATO,2019-12-11,106.97000122070312,107.45999908447266,106.58000183105467,107.1999969482422,98.30187225341795,770900
ATO,2019-12-12,107.0500030517578,107.11000061035156,105.9499969482422,106.51000213623048,97.66915893554688,676900
ATO,2019-12-13,106.5,107.20999908447266,105.95999908447266,107.0500030517578,98.16433715820312,720200
ATO,2019-12-16,106.97000122070312,108.5,106.9000015258789,108.43000030517578,99.42977142333984,767700
ATO,2019-12-17,108.66000366210938,109.61000061035156,108.47000122070312,108.6500015258789,99.63153076171876,720600
ATO,2019-12-18,108.5,110.38999938964844,108.06999969482422,110.1500015258789,101.00700378417967,1362200
ATO,2019-12-19,109.8499984741211,110.87000274658205,109.8499984741211,110.80999755859376,101.61223602294922,1183200
ATO,2019-12-20,111.0,112.81999969482422,110.6500015258789,112.26000213623048,102.94188690185548,1802000
ATO,2019-12-23,112.36000061035156,112.36000061035156,110.87999725341795,111.11000061035156,101.88733673095705,698700
ATO,2019-12-24,111.16999816894533,111.2300033569336,110.25,110.58000183105467,101.4013214111328,179800
ATO,2019-12-26,110.93000030517578,110.9800033569336,110.12000274658205,110.5,101.32796478271484,450500
ATO,2019-12-27,110.54000091552734,110.58999633789062,109.9800033569336,110.12999725341795,100.9886703491211,648600
ATO,2019-12-30,109.9499969482422,110.4800033569336,109.75,110.47000122070312,101.30046081542967,500700
ATO,2019-12-31,110.44000244140624,111.87999725341795,110.37999725341795,111.86000061035156,102.57508087158205,637900
ATO,2020-01-02,112.04000091552734,112.04000091552734,109.41999816894533,110.37999725341795,101.21791076660156,906900
ATO,2020-01-03,110.05999755859376,111.31999969482422,110.05999755859376,111.11000061035156,101.88733673095705,724200
ATO,2020-01-06,110.95999908447266,111.68000030517578,110.88999938964844,110.95999908447266,101.74977111816406,822900
ATO,2020-01-07,112.0,112.0199966430664,110.43000030517578,111.6999969482422,102.42835235595705,875500
ATO,2020-01-08,111.70999908447266,111.70999908447266,110.66000366210938,110.73999786376952,101.54803466796876,905100
ATO,2020-01-09,110.58000183105467,111.51000213623048,110.5500030517578,111.0999984741211,101.8781509399414,834600
ATO,2020-01-10,111.37999725341795,111.79000091552734,111.19000244140624,111.38999938964844,102.14410400390624,543400
ATO,2020-01-13,111.4000015258789,112.81999969482422,111.4000015258789,112.54000091552734,103.19863891601562,403400
ATO,2020-01-14,112.61000061035156,112.87999725341795,112.08999633789062,112.80999755859376,103.44621276855467,601400
ATO,2020-01-15,113.0199966430664,113.97000122070312,112.9800033569336,113.75,104.30819702148438,561900
ATO,2020-01-16,114.02999877929688,114.95999908447266,113.73999786376952,114.70999908447266,105.18850708007812,785000
ATO,2020-01-17,114.8000030517578,115.08999633789062,114.04000091552734,114.9800033569336,105.43611907958984,602100
ATO,2020-01-21,115.13999938964844,116.11000061035156,114.5500030517578,115.91999816894533,106.29808807373048,925500
ATO,2020-01-22,116.66000366210938,116.7300033569336,115.72000122070312,116.08999633789062,106.45396423339844,690900
ATO,2020-01-23,116.04000091552734,116.93000030517578,115.87999725341795,116.87999725341795,107.17839813232422,672300
ATO,2020-01-24,117.05999755859376,117.66000366210938,116.58999633789062,117.37999725341795,107.63688659667967,699400
ATO,2020-01-27,117.16999816894533,117.9800033569336,115.93000030517578,116.38999938964844,106.72906494140624,1026800
ATO,2020-01-28,116.54000091552734,117.83999633789062,116.0500030517578,116.30999755859376,106.65570068359376,599000
ATO,2020-01-29,116.30999755859376,116.63999938964844,115.63999938964844,116.30999755859376,106.65570068359376,607700
ATO,2020-01-30,116.23999786376952,117.5199966430664,115.91000366210938,117.37999725341795,107.63688659667967,577200
ATO,2020-01-31,116.97000122070312,117.7300033569336,115.81999969482422,117.02999877929688,107.31593322753906,3787700
ATO,2020-02-03,117.4000015258789,118.73999786376952,117.0,118.66999816894533,108.81980895996094,1245900
ATO,2020-02-04,118.5,119.1999969482422,117.22000122070312,117.22000122070312,107.49017333984376,974000
ATO,2020-02-05,116.5199966430664,118.95999908447266,115.0,118.27999877929688,108.46219635009766,1167600
ATO,2020-02-06,118.62000274658205,118.62000274658205,117.12999725341795,117.66000366210938,107.89366149902344,1362900
ATO,2020-02-07,117.80999755859376,118.13999938964844,117.1500015258789,117.58999633789062,107.82946014404295,817300
ATO,2020-02-10,117.91999816894533,118.3499984741211,117.69000244140624,118.30999755859376,108.48969268798828,656400
ATO,2020-02-11,118.62000274658205,119.68000030517578,118.4800033569336,119.36000061035156,109.45254516601562,502100
ATO,2020-02-12,118.87999725341795,119.22000122070312,117.66999816894533,117.94000244140624,108.15040588378906,957200
ATO,2020-02-13,117.93000030517578,119.55999755859376,117.81999969482422,119.5,109.58091735839844,618900
ATO,2020-02-14,118.83000183105467,120.52999877929688,117.1999969482422,120.4499969482422,110.45206451416016,1290800
ATO,2020-02-18,120.66000366210938,121.08000183105467,120.26000213623048,120.56999969482422,110.56210327148438,939300
ATO,2020-02-19,120.47000122070312,120.4800033569336,119.5999984741211,119.5999984741211,109.67262268066406,693800
ATO,2020-02-20,119.73999786376952,119.77999877929688,118.83999633789062,119.2300033569336,109.33334350585938,894500
ATO,2020-02-21,118.81999969482422,119.63999938964844,118.52999877929688,118.6999969482422,109.3748016357422,967000
ATO,2020-02-24,117.93000030517578,118.27999877929688,116.08999633789062,116.22000122070312,107.08963775634766,967100
ATO,2020-02-25,116.62000274658205,117.0999984741211,113.69000244140624,113.73999786376952,104.80445098876952,830200
ATO,2020-02-26,113.9800033569336,115.23999786376952,112.0500030517578,112.08999633789062,103.28410339355467,1023200
ATO,2020-02-27,111.7699966430664,113.12000274658205,107.1999969482422,107.1999969482422,98.77825927734376,1163000
ATO,2020-02-28,104.83000183105467,105.66000366210938,101.7300033569336,103.25,95.13856506347656,2349500
ATO,2020-03-02,103.70999908447266,108.30999755859376,103.30999755859376,107.88999938964844,99.41404724121094,1877500
ATO,2020-03-03,107.62000274658205,109.37000274658205,105.69000244140624,106.54000091552734,98.17009735107422,1146700
ATO,2020-03-04,107.94000244140624,113.1500015258789,107.94000244140624,112.9000015258789,104.03045654296876,1106300
ATO,2020-03-05,111.0199966430664,111.9000015258789,110.19000244140624,111.12999725341795,102.39949798583984,1204600
ATO,2020-03-06,107.5999984741211,111.66999816894533,106.5,111.25,102.51007080078124,1557800
ATO,2020-03-09,107.11000061035156,107.47000122070312,103.33000183105467,105.12999725341795,96.8708724975586,1519800
ATO,2020-03-10,106.86000061035156,107.30999755859376,101.16000366210938,105.43000030517578,97.14730072021484,1418500
ATO,2020-03-11,103.1999969482422,103.93000030517578,100.52999877929688,102.8499984741211,94.76998138427734,1295900
ATO,2020-03-12,96.12999725341795,102.7300033569336,90.51000213623048,94.68000030517578,87.2418441772461,1667100
ATO,2020-03-13,98.80999755859376,100.66999816894533,93.5500030517578,100.66999816894533,92.76126098632812,1463000
ATO,2020-03-16,92.87000274658205,97.9800033569336,91.16999816894533,93.68000030517578,86.32039642333984,1546200
ATO,2020-03-17,96.1999969482422,108.33000183105467,95.79000091552734,108.08999633789062,99.59833526611328,1887700
ATO,2020-03-18,102.63999938964844,109.94000244140624,95.26000213623048,105.83999633789062,97.52510833740234,1574400
ATO,2020-03-19,106.37999725341795,106.37999725341795,92.18000030517578,98.51000213623048,90.77094268798828,1472900
ATO,2020-03-20,98.8499984741211,99.01000213623048,85.55999755859375,86.19999694824219,79.42802429199219,1884000
ATO,2020-03-23,85.5199966430664,85.56999969482422,77.91999816894531,80.5,74.17583465576172,1491700
ATO,2020-03-24,83.19999694824219,89.30000305175781,81.20999908447266,88.58999633789062,81.63025665283203,1351700
ATO,2020-03-25,87.93000030517578,93.79000091552734,79.4800033569336,90.3000030517578,83.2059326171875,1183500
ATO,2020-03-26,90.19000244140624,97.08000183105467,90.19000244140624,96.2699966430664,88.70691680908203,810100
ATO,2020-03-27,92.77999877929688,100.41999816894533,91.20999908447266,97.41000366210938,89.75735473632812,879600
ATO,2020-03-30,98.5199966430664,103.37999725341795,97.86000061035156,102.81999969482422,94.74234008789062,1058000
ATO,2020-03-31,101.63999938964844,102.26000213623048,98.55999755859376,99.2300033569336,91.43438720703124,944000
ATO,2020-04-01,95.5999984741211,100.02999877929688,92.33000183105467,94.63999938964844,87.2049789428711,999500
ATO,2020-04-02,93.5199966430664,98.58000183105467,93.5199966430664,97.37000274658205,89.72051239013672,565400
ATO,2020-04-03,95.91999816894533,97.16000366210938,93.01000213623048,94.16000366210938,86.76270294189453,684200
ATO,2020-04-06,97.81999969482422,104.9499969482422,97.73999786376952,103.62999725341795,95.48871612548828,794900
ATO,2020-04-07,105.95999908447266,105.95999908447266,98.08000183105467,98.41999816894533,90.6880111694336,1085000
ATO,2020-04-08,99.3000030517578,103.41999816894533,97.7699966430664,102.6500015258789,94.58570098876952,822000
ATO,2020-04-09,103.95999908447266,108.41000366210938,103.41000366210938,105.1999969482422,96.93536376953124,1263800
ATO,2020-04-13,104.02999877929688,104.8000030517578,101.8000030517578,103.2699966430664,95.15699005126952,639700
ATO,2020-04-14,105.68000030517578,108.6500015258789,104.37000274658205,108.11000061035156,99.61676788330078,791100
ATO,2020-04-15,106.20999908447266,107.62000274658205,105.4000015258789,106.3499984741211,97.99503326416016,819500
ATO,2020-04-16,106.63999938964844,107.3000030517578,103.6500015258789,105.08999633789062,96.8340072631836,622000
ATO,2020-04-17,106.6500015258789,111.33999633789062,105.7300033569336,110.6999969482422,102.00328063964844,1061100
ATO,2020-04-20,108.88999938964844,109.41000366210938,102.12000274658205,102.52999877929688,94.47512817382812,764800
ATO,2020-04-21,100.56999969482422,103.27999877929688,100.29000091552734,100.79000091552734,92.871826171875,575000
ATO,2020-04-22,102.76000213623048,103.25,101.4000015258789,102.31999969482422,94.2816162109375,514300
ATO,2020-04-23,103.18000030517578,103.2699966430664,100.41999816894533,101.33000183105467,93.36942291259766,875200
ATO,2020-04-24,102.63999938964844,104.72000122070312,101.16000366210938,104.41000366210938,96.20745086669922,881800
ATO,2020-04-27,105.05999755859376,106.0999984741211,103.73999786376952,105.5500030517578,97.25786590576172,730500
ATO,2020-04-28,106.76000213623048,107.91999816894533,105.0199966430664,107.1500015258789,98.732177734375,917400
ATO,2020-04-29,109.26000213623048,109.26000213623048,104.25,104.86000061035156,96.6220932006836,735300
ATO,2020-04-30,104.47000122070312,104.98999786376952,101.27999877929688,101.97000122070312,93.9591293334961,1322200
ATO,2020-05-01,101.11000061035156,101.11000061035156,98.81999969482422,100.0999984741211,92.2360382080078,626700
ATO,2020-05-04,99.66999816894533,100.9800033569336,98.66999816894533,100.75,92.83496856689452,885300
ATO,2020-05-05,101.63999938964844,102.9499969482422,101.11000061035156,101.7699966430664,93.77483367919922,952800
ATO,2020-05-06,102.1500015258789,102.1500015258789,96.08999633789062,96.5500030517578,88.96492767333984,1122300
ATO,2020-05-07,98.12999725341795,101.29000091552734,96.0999984741211,96.37999725341795,88.80828094482422,1119000
ATO,2020-05-08,97.38999938964844,97.87000274658205,96.16000366210938,97.33000183105467,89.68363952636719,868200
ATO,2020-05-11,96.61000061035156,97.66999816894533,94.63999938964844,96.77999877929688,89.17686462402344,1321700
ATO,2020-05-12,97.04000091552734,97.5,95.91000366210938,96.37000274658205,88.79905700683594,951100
ATO,2020-05-13,95.88999938964844,96.62999725341795,94.91000366210938,96.44000244140624,88.86357116699219,865100
ATO,2020-05-14,95.31999969482422,95.7699966430664,92.51000213623048,94.88999938964844,87.43534851074219,991400
ATO,2020-05-15,94.12999725341795,95.75,91.27999877929688,95.11000061035156,87.63805389404297,3166400
ATO,2020-05-18,98.48999786376952,99.26000213623048,97.33999633789062,98.5199966430664,90.78015899658205,793200
ATO,2020-05-19,97.80999755859376,99.5500030517578,96.23999786376952,96.3000030517578,88.73456573486328,805900
ATO,2020-05-20,97.80999755859376,100.33000183105467,97.4800033569336,99.41000366210938,91.6002426147461,1128600
ATO,2020-05-21,99.0199966430664,100.04000091552734,97.69000244140624,97.77999877929688,90.0982894897461,642300
ATO,2020-05-22,97.4000015258789,98.37999725341795,97.29000091552734,98.33000183105467,91.14103698730467,602600
ATO,2020-05-26,99.56999969482422,100.38999938964844,97.38999938964844,97.5999984741211,90.46441650390624,611800
ATO,2020-05-27,99.43000030517578,99.61000061035156,97.05999755859376,99.18000030517578,91.92890167236328,772000
ATO,2020-05-28,100.9000015258789,102.58000183105467,100.75,101.68000030517578,94.2461395263672,810600
ATO,2020-05-29,100.98999786376952,103.98999786376952,100.56999969482422,102.77999877929688,95.26569366455078,3602100
ATO,2020-06-01,103.19000244140624,103.87000274658205,102.06999969482422,102.9499969482422,95.42328643798828,861300
ATO,2020-06-02,103.68000030517578,103.77999877929688,102.31999969482422,103.25,95.70133972167967,718900
ATO,2020-06-03,103.68000030517578,105.7699966430664,103.31999969482422,104.76000213623048,97.10096740722656,785500
ATO,2020-06-04,103.95999908447266,104.61000061035156,101.83999633789062,104.22000122070312,96.60042572021484,1876500
ATO,2020-06-05,104.8000030517578,105.68000030517578,103.9800033569336,104.52999877929688,96.88775634765624,1391600
ATO,2020-06-08,104.4000015258789,106.48999786376952,103.27999877929688,106.02999877929688,98.27809143066406,838200
ATO,2020-06-09,105.2300033569336,105.2300033569336,102.91999816894533,104.31999969482422,96.69310760498048,628700
ATO,2020-06-10,103.97000122070312,105.16999816894533,103.36000061035156,103.73999786376952,96.15550994873048,570100
ATO,2020-06-11,102.0,102.5999984741211,98.33000183105467,99.2699966430664,92.01232147216795,1073500
ATO,2020-06-12,101.70999908447266,101.70999908447266,98.97000122070312,100.43000030517578,93.08751678466795,946200
ATO,2020-06-15,98.23999786376952,101.75,97.72000122070312,101.08000183105467,93.68999481201172,1540100
ATO,2020-06-16,103.66999816894533,104.81999969482422,101.58000183105467,102.26000213623048,94.78372955322266,1206700
ATO,2020-06-17,102.48999786376952,102.79000091552734,100.52999877929688,101.18000030517578,93.78268432617188,569900
ATO,2020-06-18,100.33000183105467,102.1999969482422,100.33000183105467,101.4499969482422,94.0329360961914,564400
ATO,2020-06-19,102.97000122070312,103.30999755859376,99.4800033569336,99.72000122070312,92.4294204711914,2081700
ATO,2020-06-22,99.13999938964844,100.56999969482422,98.4000015258789,100.12000274658205,92.80017852783205,670400
ATO,2020-06-23,101.26000213623048,101.5199966430664,98.48999786376952,98.83999633789062,91.6137466430664,1040100
ATO,2020-06-24,98.0199966430664,99.04000091552734,97.0500030517578,98.95999908447266,91.7249755859375,1549000
ATO,2020-06-25,98.45999908447266,98.68000030517578,95.3000030517578,97.06999969482422,89.9731674194336,1119900
ATO,2020-06-26,97.1500015258789,98.29000091552734,96.0999984741211,97.45999908447266,90.33466339111328,2046600
ATO,2020-06-29,98.11000061035156,98.55999755859376,96.79000091552734,98.37999725341795,91.1873779296875,726000
ATO,2020-06-30,98.45999908447266,100.30999755859376,98.23999786376952,99.58000183105467,92.29965209960938,926600
ATO,2020-07-01,99.75,101.33999633789062,99.75,100.69000244140624,93.3284912109375,606200
ATO,2020-07-02,101.19000244140624,102.16999816894533,100.86000061035156,101.18000030517578,93.78268432617188,405800
ATO,2020-07-06,102.0999984741211,102.87999725341795,100.7300033569336,101.23999786376952,93.83829498291016,730000
ATO,2020-07-07,100.37000274658205,101.06999969482422,99.66999816894533,100.06999969482422,92.75382995605467,655000
ATO,2020-07-08,100.0199966430664,100.36000061035156,98.69000244140624,99.37999725341795,92.11427307128906,619200
ATO,2020-07-09,98.72000122070312,98.8000030517578,97.08000183105467,97.69000244140624,90.54783630371094,819000
ATO,2020-07-10,97.69000244140624,99.7300033569336,97.55999755859376,99.08999633789062,91.84547424316406,498300
ATO,2020-07-13,99.58999633789062,100.68000030517578,99.0199966430664,99.69000244140624,92.401611328125,743200
ATO,2020-07-14,99.75,101.04000091552734,99.1999969482422,100.43000030517578,93.08751678466795,764400
ATO,2020-07-15,101.37999725341795,102.37000274658205,100.47000122070312,100.63999938964844,93.28215789794922,667700
ATO,2020-07-16,100.62999725341795,101.33000183105467,100.08999633789062,100.5500030517578,93.19873809814452,555700
ATO,2020-07-17,101.02999877929688,101.66000366210938,100.45999908447266,101.05999755859376,93.67146301269533,645500
ATO,2020-07-20,100.80999755859376,101.31999969482422,99.4800033569336,99.80999755859376,92.51282501220705,920000
ATO,2020-07-21,100.41999816894533,102.31999969482422,99.87999725341795,102.1500015258789,94.6817626953125,681300
ATO,2020-07-22,101.83000183105467,104.3499984741211,101.26000213623048,104.02999877929688,96.42430877685548,697400
ATO,2020-07-23,104.0500030517578,104.5,102.9499969482422,103.6999969482422,96.11843872070312,800600
ATO,2020-07-24,104.16000366210938,104.8000030517578,102.4800033569336,103.0,95.46961975097656,648800
ATO,2020-07-27,102.9800033569336,103.73999786376952,102.20999908447266,102.56999969482422,95.07105255126952,641400
ATO,2020-07-28,102.1999969482422,105.13999938964844,102.1999969482422,104.5999984741211,96.95263671875,819100
ATO,2020-07-29,105.02999877929688,105.9800033569336,105.02999877929688,105.66000366210938,97.93514251708984,910400
ATO,2020-07-30,104.80999755859376,105.7699966430664,104.6999969482422,105.41999816894533,97.71267700195312,566100
ATO,2020-07-31,105.31999969482422,106.66999816894533,104.63999938964844,105.98999786376952,98.24102020263672,1333400
ATO,2020-08-03,105.61000061035156,105.6500015258789,104.0500030517578,105.30999755859376,97.61073303222656,543700
ATO,2020-08-04,104.12999725341795,105.61000061035156,104.12000274658205,104.80999755859376,97.14727783203124,754600
ATO,2020-08-05,104.8000030517578,105.9800033569336,103.25,103.69000244140624,96.10919952392578,820800
ATO,2020-08-06,106.0999984741211,106.0999984741211,103.3499984741211,104.6999969482422,97.04534149169922,717700
ATO,2020-08-07,103.88999938964844,106.61000061035156,103.88999938964844,105.70999908447266,97.9814910888672,567500
ATO,2020-08-10,106.43000030517578,107.0199966430664,105.58000183105467,106.04000091552734,98.28736877441406,561000
ATO,2020-08-11,106.66999816894533,106.66999816894533,103.3000030517578,103.52999877929688,95.96086120605467,695800
ATO,2020-08-12,104.0999984741211,106.0,104.0500030517578,104.95999908447266,97.28632354736328,876000
ATO,2020-08-13,104.45999908447266,105.08000183105467,103.83999633789062,104.62000274658205,96.97118377685548,658200
ATO,2020-08-14,104.7300033569336,105.22000122070312,103.5199966430664,104.5,96.85994720458984,986100
ATO,2020-08-17,104.51000213623048,105.06999969482422,103.9800033569336,104.12000274658205,96.50773620605467,1075200
ATO,2020-08-18,103.8499984741211,104.29000091552734,102.94000244140624,103.0,95.46961975097656,846800
ATO,2020-08-19,103.27999877929688,103.70999908447266,102.3000030517578,102.63999938964844,95.1359405517578,1088100
ATO,2020-08-20,102.20999908447266,103.01000213623048,101.61000061035156,101.6999969482422,94.26465606689452,811700
ATO,2020-08-21,101.18000030517578,101.1999969482422,99.08000183105467,100.83999633789062,93.99898529052734,1912400
ATO,2020-08-24,100.86000061035156,101.91999816894533,99.58999633789062,101.91000366210938,94.99640655517578,543300
ATO,2020-08-25,102.23999786376952,102.23999786376952,99.72000122070312,100.44000244140624,93.62614440917967,463600
ATO,2020-08-26,100.12000274658205,100.12000274658205,98.5,99.3000030517578,92.56346893310548,570600
ATO,2020-08-27,99.81999969482422,100.18000030517578,98.52999877929688,98.9800033569336,92.2651824951172,580900
ATO,2020-08-28,99.38999938964844,99.6500015258789,98.05999755859376,99.58000183105467,92.82447814941406,582400
ATO,2020-08-31,99.51000213623048,100.20999908447266,99.12000274658205,99.81999969482422,93.04818725585938,636800
ATO,2020-09-01,99.41999816894533,99.41999816894533,97.13999938964844,97.43000030517578,90.8203353881836,839000
ATO,2020-09-02,97.51000213623048,99.02999877929688,97.16000366210938,98.43000030517578,91.75247955322266,1160100
ATO,2020-09-03,98.9499969482422,99.93000030517578,97.37999725341795,98.08999633789062,91.4355697631836,909800
ATO,2020-09-04,98.5,98.62999725341795,96.47000122070312,97.22000122070312,90.62457275390624,788900
ATO,2020-09-08,97.62999725341795,97.62999725341795,95.12000274658205,96.12000274658205,89.59919738769531,939300
ATO,2020-09-09,96.69000244140624,97.70999908447266,96.31999969482422,96.6500015258789,90.0932388305664,681700
ATO,2020-09-10,96.4499969482422,96.4499969482422,94.26000213623048,94.2699966430664,87.87470245361328,645500
ATO,2020-09-11,94.55999755859376,94.55999755859376,92.75,93.20999908447266,86.88661193847656,681600
ATO,2020-09-14,93.95999908447266,94.1999969482422,93.04000091552734,93.31999969482422,86.98914337158203,772900
ATO,2020-09-15,93.63999938964844,94.58999633789062,91.9000015258789,92.3499984741211,86.08495330810547,1081100
ATO,2020-09-16,92.5,94.5,92.11000061035156,93.88999938964844,87.5204849243164,1320200
ATO,2020-09-17,93.83000183105467,94.19000244140624,92.95999908447266,93.41999816894533,87.0823745727539,690100
ATO,2020-09-18,93.19000244140624,93.66999816894533,91.8000030517578,92.0,85.75869750976562,1570700
ATO,2020-09-21,91.23999786376952,92.4800033569336,90.48999786376952,92.2699966430664,86.01039123535156,1218700
ATO,2020-09-22,92.33000183105467,94.29000091552734,92.2300033569336,93.72000122070312,87.36200714111328,929900
ATO,2020-09-23,93.58000183105467,94.16000366210938,92.72000122070312,92.87000274658205,86.5696792602539,856800
ATO,2020-09-24,92.80999755859376,94.22000122070312,92.51000213623048,93.58999633789062,87.24082946777344,716200
ATO,2020-09-25,93.2300033569336,95.51000213623048,92.88999938964844,95.25,88.78821563720703,956900
ATO,2020-09-28,95.3000030517578,95.76000213623048,94.6500015258789,95.04000091552734,88.59246826171875,550200
ATO,2020-09-29,95.16999816894533,95.93000030517578,94.88999938964844,95.0999984741211,88.64840698242188,927300
ATO,2020-09-30,95.81999969482422,95.9499969482422,94.69000244140624,95.58999633789062,89.10514831542969,691000
ATO,2020-10-01,95.61000061035156,96.33999633789062,94.81999969482422,95.47000122070312,88.99330139160156,1124600
ATO,2020-10-02,94.9499969482422,97.0,94.58999633789062,96.0199966430664,89.5059814453125,1090700
ATO,2020-10-05,96.58999633789062,96.58999633789062,94.9499969482422,95.22000122070312,88.76026153564453,1040800
ATO,2020-10-06,95.36000061035156,97.87000274658205,95.36000061035156,96.9800033569336,90.40086364746094,863000
ATO,2020-10-07,97.06999969482422,97.41999816894533,95.62000274658205,96.37999725341795,89.84156799316406,955300
ATO,2020-10-08,96.6999969482422,97.27999877929688,96.1999969482422,96.79000091552734,90.22373962402344,989900
ATO,2020-10-09,97.4000015258789,97.8000030517578,95.98999786376952,96.51000213623048,89.9627456665039,1258800
ATO,2020-10-12,96.30999755859376,97.2699966430664,96.11000061035156,96.61000061035156,90.05596160888672,896700
ATO,2020-10-13,96.31999969482422,96.43000030517578,94.30999755859376,95.41000366210938,88.93736267089844,669400
ATO,2020-10-14,95.31999969482422,96.0500030517578,94.48999786376952,95.04000091552734,88.59246826171875,682500
ATO,2020-10-15,94.41000366210938,95.44000244140624,93.43000030517578,94.5,88.08910369873047,967600
ATO,2020-10-16,94.37000274658205,95.06999969482422,93.41999816894533,94.48999786376952,88.07978820800781,923200
ATO,2020-10-19,94.76000213623048,95.01000213623048,93.9000015258789,94.23999786376952,87.84674072265625,557100
ATO,2020-10-20,94.41000366210938,94.6999969482422,93.11000061035156,94.27999877929688,87.88402557373047,658000
ATO,2020-10-21,94.27999877929688,96.9000015258789,94.02999877929688,95.54000091552734,89.05854797363281,1079500
ATO,2020-10-22,95.55999755859376,97.0999984741211,95.3499984741211,96.63999938964844,90.08393096923828,808400
ATO,2020-10-23,97.26000213623048,98.19000244140624,96.95999908447266,97.69000244140624,91.06268310546876,593400
ATO,2020-10-26,97.19000244140624,97.80999755859376,96.66000366210938,97.4800033569336,90.86693572998048,768000
ATO,2020-10-27,97.66000366210938,98.16999816894533,97.02999877929688,97.06999969482422,90.4847640991211,704000
ATO,2020-10-28,96.06999969482422,96.6500015258789,92.62000274658205,92.69000244140624,86.40188598632812,837600
ATO,2020-10-29,92.4000015258789,93.37000274658205,90.66000366210938,92.08000183105467,85.8332748413086,704100
ATO,2020-10-30,91.56999969482422,92.22000122070312,91.0500030517578,91.66999816894533,85.45109558105469,1483000
ATO,2020-11-02,92.51000213623048,95.5999984741211,92.37000274658205,95.51000213623048,89.03057098388672,865800
ATO,2020-11-03,96.6999969482422,98.4000015258789,96.43000030517578,97.62999725341795,91.00674438476562,759500
ATO,2020-11-04,97.0,98.58999633789062,95.48999786376952,95.58999633789062,89.10514831542969,672200
ATO,2020-11-05,96.62000274658205,97.5500030517578,94.5199966430664,95.0199966430664,88.57383728027344,673400
ATO,2020-11-06,95.45999908447266,95.69000244140624,93.31999969482422,93.63999938964844,87.28743743896484,507200
ATO,2020-11-09,98.0,99.61000061035156,96.63999938964844,97.79000091552734,91.1559066772461,808500
ATO,2020-11-10,98.23999786376952,102.9499969482422,97.91999816894533,102.4499969482422,95.499755859375,1369300
ATO,2020-11-11,102.68000030517578,102.68000030517578,99.81999969482422,100.73999786376952,93.9057846069336,1077300
ATO,2020-11-12,99.88999938964844,100.7300033569336,97.4499969482422,98.72000122070312,92.0228271484375,1243200
ATO,2020-11-13,99.43000030517578,102.73999786376952,99.23999786376952,102.16000366210938,95.22945404052734,958300
ATO,2020-11-16,103.56999969482422,103.66000366210938,100.9000015258789,101.27999877929688,94.40914916992188,1641800
ATO,2020-11-17,100.55999755859376,101.41000366210938,99.88999938964844,100.0500030517578,93.2625961303711,1159400
ATO,2020-11-18,100.61000061035156,100.83000183105467,95.83000183105467,96.16999816894533,89.64580535888672,1152400
ATO,2020-11-19,96.5500030517578,96.79000091552734,93.04000091552734,95.0999984741211,88.64840698242188,1375200
ATO,2020-11-20,95.20999908447266,96.45999908447266,94.36000061035156,95.66999816894533,89.17972564697266,1458100
ATO,2020-11-23,96.16000366210938,97.16000366210938,95.9800033569336,96.86000061035156,90.28900146484376,935400
ATO,2020-11-24,97.8000030517578,101.3000030517578,97.5199966430664,100.27999877929688,93.47698211669922,1486600
ATO,2020-11-25,100.41999816894533,100.41999816894533,98.36000061035156,99.41000366210938,92.66600036621094,795200
ATO,2020-11-27,98.72000122070312,99.01000213623048,96.63999938964844,96.81999969482422,90.8227310180664,307900
ATO,2020-11-30,96.8499984741211,97.26000213623048,95.2699966430664,95.88999938964844,89.95033264160156,2098200
ATO,2020-12-01,96.19000244140624,97.37999725341795,96.19000244140624,96.63999938964844,90.65387725830078,1030100
ATO,2020-12-02,96.5,97.11000061035156,94.31999969482422,96.19000244140624,90.23174285888672,1020400
ATO,2020-12-03,96.19000244140624,96.88999938964844,95.5199966430664,96.5199966430664,90.54129791259766,822900
ATO,2020-12-04,96.95999908447266,98.01000213623048,95.70999908447266,97.2699966430664,91.24484252929688,1123900
ATO,2020-12-07,96.87999725341795,98.25,96.87999725341795,97.25,91.22608947753906,769600
ATO,2020-12-08,97.0199966430664,98.25,96.77999877929688,97.58999633789062,91.5450210571289,705100
ATO,2020-12-09,97.66999816894533,98.08000183105467,96.9000015258789,97.75,91.6951141357422,707000
ATO,2020-12-10,97.9000015258789,98.33000183105467,96.9000015258789,98.16999816894533,92.08910369873048,857700
ATO,2020-12-11,98.20999908447266,99.2699966430664,97.9000015258789,99.06999969482422,92.933349609375,1100900
ATO,2020-12-14,99.81999969482422,101.06999969482422,99.38999938964844,99.51000213623048,93.34609985351562,1074700
ATO,2020-12-15,100.08999633789062,102.26000213623048,99.83000183105467,101.68000030517578,95.38167572021484,1351400
ATO,2020-12-16,101.4499969482422,101.68000030517578,99.25,99.3499984741211,93.19599151611328,847700
ATO,2020-12-17,99.55999755859376,100.77999877929688,99.0500030517578,99.08999633789062,92.95211791992188,795500
ATO,2020-12-18,99.23999786376952,99.6999969482422,94.77999877929688,95.11000061035156,89.2186279296875,2443000
ATO,2020-12-21,94.12000274658205,95.13999938964844,91.3499984741211,92.0199966430664,86.32003784179688,1468100
ATO,2020-12-22,92.16999816894533,92.87000274658205,91.56999969482422,92.33000183105467,86.61083984375,821200
ATO,2020-12-23,92.5500030517578,93.5,91.91999816894533,92.02999877929688,86.32942962646484,634700
ATO,2020-12-24,92.30999755859376,92.8000030517578,91.56999969482422,92.7699966430664,87.02359008789062,331700
ATO,2020-12-28,92.93000030517578,94.1999969482422,92.63999938964844,93.41000366210938,87.62395477294922,529400
ATO,2020-12-29,93.5999984741211,94.25,92.58000183105467,93.16000366210938,87.38944244384766,706600
ATO,2020-12-30,93.47000122070312,95.04000091552734,93.05999755859376,93.51000213623048,87.7177505493164,947100
ATO,2020-12-31,93.2699966430664,95.48999786376952,93.0199966430664,95.43000030517578,89.51881408691406,631500
ATO,2021-01-04,95.4000015258789,95.91999816894533,93.6999969482422,94.02999877929688,88.2055435180664,1106700
ATO,2021-01-05,94.2699966430664,94.36000061035156,92.0,92.61000061035156,86.87349700927734,862000
ATO,2021-01-06,93.06999969482422,94.0999984741211,92.4800033569336,93.70999908447266,87.90535736083984,810200
ATO,2021-01-07,93.72000122070312,93.77999877929688,89.38999938964844,89.7699966430664,84.20941925048828,993900
ATO,2021-01-08,90.0,90.2300033569336,88.33000183105469,89.26000213623047,83.73101043701172,1054400
ATO,2021-01-11,88.95999908447266,89.9800033569336,87.33000183105469,87.66999816894531,82.239501953125,924700
ATO,2021-01-12,87.5,88.6500015258789,86.8499984741211,87.62000274658203,82.1926040649414,978400
ATO,2021-01-13,87.62999725341797,88.61000061035156,87.56999969482422,88.45999908447266,82.9805679321289,841300
ATO,2021-01-14,89.12999725341797,89.12999725341797,87.19999694824219,87.63999938964844,82.21134185791016,581200
ATO,2021-01-15,87.66999816894531,90.12000274658205,87.2699966430664,90.02999877929688,84.45330810546875,987200
ATO,2021-01-19,90.41999816894533,90.9499969482422,89.62999725341797,90.08000183105467,84.50021362304688,1399600
ATO,2021-01-20,90.30999755859376,91.52999877929688,89.6500015258789,90.08999633789062,84.50959014892578,1223400
ATO,2021-01-21,89.58000183105469,90.16999816894533,89.12000274658203,89.44999694824219,83.90923309326172,709700
ATO,2021-01-22,89.25,89.9000015258789,87.9800033569336,89.08999633789062,83.57152557373047,593800
ATO,2021-01-25,88.80000305175781,91.47000122070312,88.43000030517578,90.44000244140624,84.83790588378906,1333800
ATO,2021-01-26,90.77999877929688,91.56999969482422,89.81999969482422,90.9499969482422,85.31632232666016,849600
ATO,2021-01-27,90.33999633789062,92.0,90.3000030517578,90.83000183105467,85.2037582397461,1138200
ATO,2021-01-28,91.0199966430664,91.7300033569336,87.95999908447266,88.56999969482422,83.08374786376953,1797900
ATO,2021-01-29,88.05000305175781,90.08000183105467,87.69000244140625,89.0,83.48711395263672,3088800
ATO,2021-02-01,89.05999755859375,89.66999816894531,88.05000305175781,88.6500015258789,83.15880584716797,1069600
ATO,2021-02-02,88.9000015258789,90.37000274658205,87.95999908447266,88.66000366210938,83.16816711425781,757700
ATO,2021-02-03,88.75,89.18000030517578,86.70999908447266,87.05000305175781,81.65791320800781,1026400
ATO,2021-02-04,87.45999908447266,88.83000183105469,87.02999877929688,88.77999877929688,83.2807388305664,1370300
ATO,2021-02-05,89.19000244140625,89.45999908447266,88.5,89.05000305175781,83.53401947021484,696300
ATO,2021-02-08,89.19000244140625,89.80999755859375,88.58999633789062,89.08000183105469,83.56216430664062,886700
ATO,2021-02-09,89.13999938964844,89.62999725341797,88.27999877929688,89.5999984741211,84.04994201660156,666600
ATO,2021-02-10,90.16999816894533,92.12999725341795,89.8499984741211,91.8499984741211,86.16056823730469,1136300
ATO,2021-02-11,91.12000274658205,92.01000213623048,90.3000030517578,91.04000091552734,85.4007568359375,865500
ATO,2021-02-12,91.0,91.77999877929688,90.16000366210938,91.0500030517578,85.41012573242188,767100
ATO,2021-02-16,90.83999633789062,91.48999786376952,90.27999877929688,91.12999725341795,85.48517608642578,722100
ATO,2021-02-17,91.26000213623048,92.91000366210938,90.9000015258789,92.43000030517578,86.70464324951172,964200
ATO,2021-02-18,92.56999969482422,94.3000030517578,92.56999969482422,93.69000244140624,87.88658905029297,854300
ATO,2021-02-19,92.88999938964844,94.12999725341795,92.20999908447266,93.55999755859376,88.35406494140625,2130000
ATO,2021-02-22,90.0,90.9800033569336,88.58999633789062,89.41000366210938,84.43498229980469,2185500
ATO,2021-02-23,90.41000366210938,91.91999816894533,89.30000305175781,89.62999725341797,84.64273071289062,997200
ATO,2021-02-24,89.94999694824219,90.12000274658205,88.55999755859375,88.66999816894531,83.73614501953125,1002100
ATO,2021-02-25,88.87999725341797,90.25,88.08000183105469,88.2300033569336,83.32064056396484,927900
ATO,2021-02-26,88.37999725341797,88.62999725341797,84.58999633789062,84.61000061035156,79.90206909179688,1414100
ATO,2021-03-01,85.61000061035156,86.93000030517578,85.58999633789062,85.75,80.97862243652344,755100
ATO,2021-03-02,85.91999816894531,87.44000244140625,85.80000305175781,87.23999786376953,82.38572692871094,1057900
ATO,2021-03-03,87.76000213623047,89.45999908447266,86.94999694824219,88.44999694824219,83.52838134765625,1117900
ATO,2021-03-04,89.91999816894531,91.16999816894533,88.52999877929688,88.9000015258789,83.95335388183594,1376900
ATO,2021-03-05,88.93000030517578,92.63999938964844,88.93000030517578,91.70999908447266,86.60700225830078,1691600
ATO,2021-03-08,92.0,92.22000122070312,89.68000030517578,91.63999938964844,86.54090118408203,1078800
ATO,2021-03-09,90.1500015258789,91.3499984741211,89.26000213623047,89.33999633789062,84.36886596679688,920600
ATO,2021-03-10,89.86000061035156,91.0999984741211,89.05999755859375,90.80999755859376,85.757080078125,881600
ATO,2021-03-11,90.12000274658205,90.6999969482422,89.51000213623047,89.87999725341797,84.87882232666016,684300
ATO,2021-03-12,90.72000122070312,91.97000122070312,90.29000091552734,91.41999816894533,86.33312225341797,762300
ATO,2021-03-15,91.98999786376952,93.29000091552734,91.61000061035156,93.19000244140624,88.00465393066406,749300
ATO,2021-03-16,92.83999633789062,94.0500030517578,92.69000244140624,93.8000030517578,88.58071899414062,993800
ATO,2021-03-17,93.86000061035156,94.5500030517578,92.33000183105467,92.43000030517578,87.28692626953125,786100
ATO,2021-03-18,92.23999786376952,93.8000030517578,91.63999938964844,93.52999877929688,88.32574462890625,779200
ATO,2021-03-19,93.52999877929688,94.9000015258789,92.86000061035156,94.08999633789062,88.85456848144531,1945800
ATO,2021-03-22,93.72000122070312,94.16999816894533,92.0,93.54000091552734,88.33516693115234,1026800
ATO,2021-03-23,93.0,94.4800033569336,92.87000274658205,94.18000030517578,88.9395523071289,750900
ATO,2021-03-24,94.3499984741211,96.4000015258789,93.93000030517578,95.8499984741211,90.5166473388672,847500
ATO,2021-03-25,96.33999633789062,97.43000030517578,95.22000122070312,97.08000183105467,91.6781997680664,746800
ATO,2021-03-26,97.12999725341795,97.30999755859376,95.43000030517578,97.23999786376952,91.8292999267578,654700
ATO,2021-03-29,97.2699966430664,98.86000061035156,97.06999969482422,98.8499984741211,93.3497085571289,973400
ATO,2021-03-30,98.48999786376952,99.2300033569336,97.48999786376952,98.88999938964844,93.38748168945312,931800
ATO,2021-03-31,98.23999786376952,99.25,96.9499969482422,98.8499984741211,93.3497085571289,1142800
ATO,2021-04-01,98.56999969482422,98.86000061035156,97.08000183105467,98.23999786376952,92.77365112304688,689200
ATO,2021-04-05,98.16000366210938,99.1999969482422,97.5999984741211,98.62000274658205,93.13251495361328,513700
ATO,2021-04-06,98.3499984741211,98.56999969482422,97.48999786376952,98.26000213623048,92.79254913330078,731600
ATO,2021-04-07,97.91999816894533,98.87000274658205,97.26000213623048,98.2300033569336,92.7642059326172,563500
ATO,2021-04-08,98.66999816894533,98.86000061035156,97.7300033569336,98.31999969482422,92.84921264648438,848400
ATO,2021-04-09,98.8000030517578,99.41999816894533,98.33999633789062,99.12999725341795,93.61412811279295,543200
ATO,2021-04-12,99.62000274658205,100.27999877929688,99.1999969482422,99.36000061035156,93.83133697509766,479300
ATO,2021-04-13,99.51000213623048,100.41000366210938,98.87999725341795,99.08999633789062,93.57635498046876,740200
ATO,2021-04-14,98.83000183105467,100.44000244140624,98.73999786376952,100.12999725341795,94.55848693847656,575300
ATO,2021-04-15,100.0,101.33999633789062,99.80999755859376,101.31999969482422,95.6822738647461,651500
ATO,2021-04-16,101.70999908447266,102.1500015258789,100.52999877929688,101.81999969482422,96.1544418334961,868400
ATO,2021-04-19,102.30999755859376,102.30999755859376,101.23999786376952,101.83999633789062,96.17332458496094,969000
ATO,2021-04-20,102.13999938964844,104.7300033569336,102.0,104.58999633789062,98.77031707763672,798200
ATO,2021-04-21,104.5999984741211,104.98999786376952,103.37000274658205,103.38999938964844,97.63709259033205,1141100
ATO,2021-04-22,103.38999938964844,103.94000244140624,103.13999938964844,103.4000015258789,97.64653778076172,475000
ATO,2021-04-23,103.7699966430664,104.26000213623048,103.12999725341795,103.3499984741211,97.59931182861328,374900
ATO,2021-04-26,103.5500030517578,103.5500030517578,101.91999816894533,102.41000366210938,96.71163177490234,591200
ATO,2021-04-27,102.5,102.5,101.3000030517578,101.4800033569336,95.83336639404295,530700
ATO,2021-04-28,101.58999633789062,102.02999877929688,100.23999786376952,100.3000030517578,94.71903228759766,851800
ATO,2021-04-29,101.1999969482422,102.26000213623048,100.6500015258789,102.18000030517578,96.49441528320312,1108900
ATO,2021-04-30,102.41000366210938,103.70999908447266,102.04000091552734,103.58999633789062,97.8259735107422,863700
ATO,2021-05-03,103.58999633789062,104.79000091552734,103.43000030517578,103.79000091552734,98.01483154296876,777900
ATO,2021-05-04,103.95999908447266,104.26000213623048,102.70999908447266,103.5500030517578,97.78820037841795,650700
ATO,2021-05-05,102.83999633789062,103.0,101.08000183105467,102.52999877929688,96.82494354248048,597000
ATO,2021-05-06,102.68000030517578,104.2300033569336,102.37000274658205,103.3499984741211,97.59931182861328,745400
ATO,2021-05-07,103.0,103.75,102.7300033569336,103.0,97.268798828125,696700
ATO,2021-05-10,103.55999755859376,104.76000213623048,103.02999877929688,103.51000213623048,97.75042724609376,1023100
ATO,2021-05-11,103.91999816894533,104.18000030517578,100.68000030517578,101.30999755859376,95.6728286743164,718700
ATO,2021-05-12,101.70999908447266,101.7300033569336,99.1500015258789,99.25,93.72744750976562,835200
ATO,2021-05-13,98.73999786376952,101.18000030517578,98.31999969482422,100.61000061035156,95.01177978515624,549600
ATO,2021-05-14,100.8499984741211,101.63999938964844,100.16999816894533,100.45999908447266,94.8701171875,668700
ATO,2021-05-17,100.31999969482422,100.55999755859376,98.48999786376952,98.51000213623048,93.02862548828124,849400
ATO,2021-05-18,97.93000030517578,99.56999969482422,97.41999816894533,99.13999938964844,93.6235809326172,938300
ATO,2021-05-19,99.19000244140624,99.29000091552734,97.5999984741211,98.11000061035156,92.65089416503906,655000
ATO,2021-05-20,97.87999725341795,99.0,97.81999969482422,98.31999969482422,92.84921264648438,530300
ATO,2021-05-21,98.08999633789062,98.7300033569336,96.83999633789062,98.18000030517578,93.31015014648438,1834100
ATO,2021-05-24,98.37000274658205,99.0199966430664,98.27999877929688,98.43000030517578,93.54773712158205,632500
ATO,2021-05-25,98.31999969482422,98.31999969482422,97.16999816894533,98.29000091552734,93.41468811035156,547600
ATO,2021-05-26,98.31999969482422,99.0199966430664,97.77999877929688,98.62000274658205,93.72832489013672,737900
ATO,2021-05-27,98.7699966430664,99.7300033569336,98.66000366210938,99.16000366210938,94.24154663085938,3236800
ATO,2021-05-28,99.44000244140624,99.7699966430664,98.88999938964844,99.16999816894533,94.25103759765624,636000
ATO,2021-06-01,99.41999816894533,99.48999786376952,98.79000091552734,99.44000244140624,94.50765228271484,625100
ATO,2021-06-02,99.75,101.37999725341795,99.47000122070312,100.47000122070312,95.4865493774414,792700
ATO,2021-06-03,100.25,101.52999877929688,100.19000244140624,101.19000244140624,96.17084503173828,611000
ATO,2021-06-04,101.51000213623048,101.66999816894533,100.54000091552734,100.70999908447266,95.7146453857422,565100
ATO,2021-06-07,100.91999816894533,101.12000274658205,100.41999816894533,100.97000122070312,95.96174621582033,619300
ATO,2021-06-08,101.1500015258789,101.22000122070312,99.91000366210938,100.29000091552734,95.31548309326172,612000
ATO,2021-06-09,100.47000122070312,101.22000122070312,99.8000030517578,101.1500015258789,96.1328353881836,644400
ATO,2021-06-10,101.2699966430664,101.6999969482422,100.97000122070312,101.22000122070312,96.19935607910156,523500
ATO,2021-06-11,101.3499984741211,101.79000091552734,100.7300033569336,101.79000091552734,96.74108123779295,575200
ATO,2021-06-14,101.76000213623048,101.83999633789062,100.6999969482422,101.0999984741211,96.0853042602539,755500
ATO,2021-06-15,100.93000030517578,101.55999755859376,100.66999816894533,100.95999908447266,95.95223999023438,696600
ATO,2021-06-16,101.19000244140624,101.51000213623048,100.0999984741211,100.56999969482422,95.58160400390624,887300
ATO,2021-06-17,100.6500015258789,101.3499984741211,100.01000213623048,100.3000030517578,95.32498931884766,688500
ATO,2021-06-18,99.61000061035156,99.66999816894533,97.66999816894533,97.87999725341795,93.02501678466795,2081000
ATO,2021-06-21,98.37999725341795,99.51000213623048,98.12999725341795,99.04000091552734,94.12747955322266,895100
ATO,2021-06-22,98.66000366210938,99.2699966430664,98.13999938964844,98.41000366210938,93.52873992919922,873300
ATO,2021-06-23,98.41000366210938,98.41000366210938,97.23999786376952,97.3499984741211,92.52130126953124,839900
ATO,2021-06-24,97.06999969482422,97.58999633789062,96.73999786376952,97.45999908447266,92.6258544921875,623500
ATO,2021-06-25,97.23999786376952,98.93000030517578,97.12000274658205,98.93000030517578,94.02294921875,575500
ATO,2021-06-28,99.02999877929688,99.05999755859376,98.3000030517578,98.75,93.85186004638672,422300
ATO,2021-06-29,98.43000030517578,98.6500015258789,96.16999816894533,96.41000366210938,91.62794494628906,553300
ATO,2021-06-30,96.19000244140624,96.79000091552734,95.66999816894533,96.11000061035156,91.34281158447266,617600
ATO,2021-07-01,96.3499984741211,97.47000122070312,95.5999984741211,96.9800033569336,92.16966247558594,616900
ATO,2021-07-02,96.9800033569336,97.27999877929688,96.38999938964844,97.11000061035156,92.29322052001952,487000
ATO,2021-07-06,97.0,97.25,95.20999908447266,97.08000183105467,92.2646942138672,653200
ATO,2021-07-07,96.8000030517578,98.01000213623048,96.51000213623048,97.9499969482422,93.09154510498048,591800
ATO,2021-07-08,97.5,98.37000274658205,97.16999816894533,97.66000366210938,92.81594848632812,427100
ATO,2021-07-09,98.22000122070312,98.62999725341795,97.1500015258789,98.52999877929688,93.64278411865234,764700
ATO,2021-07-12,98.18000030517578,99.5199966430664,97.88999938964844,99.44000244140624,94.50765228271484,591700
ATO,2021-07-13,99.36000061035156,99.83999633789062,98.6500015258789,98.8000030517578,93.8993911743164,584000
ATO,2021-07-14,98.68000030517578,99.70999908447266,98.27999877929688,99.4499969482422,94.51714324951172,407400
ATO,2021-07-15,99.20999908447266,100.97000122070312,99.13999938964844,100.81999969482422,95.81919860839844,573200
ATO,2021-07-16,101.16000366210938,101.76000213623048,100.68000030517578,101.23999786376952,96.2183609008789,627900
ATO,2021-07-19,101.0999984741211,101.33000183105467,97.5,98.9499969482422,94.04195404052734,1053000
ATO,2021-07-20,99.31999969482422,100.2699966430664,98.66999816894533,99.48999786376952,94.5551528930664,928900
ATO,2021-07-21,99.63999938964844,100.16999816894533,98.16999816894533,98.25,93.37667083740234,729400
ATO,2021-07-22,97.87000274658205,98.6500015258789,97.5,97.66000366210938,92.81594848632812,475100
ATO,2021-07-23,98.0,99.5500030517578,97.73999786376952,99.4499969482422,94.51714324951172,447900
ATO,2021-07-26,99.26000213623048,99.7300033569336,99.06999969482422,99.5199966430664,94.58367919921876,490500
ATO,2021-07-27,99.44000244140624,101.4000015258789,99.08999633789062,101.0999984741211,96.0853042602539,400300
ATO,2021-07-28,101.23999786376952,101.26000213623048,99.4499969482422,100.3499984741211,95.37250518798828,494600
ATO,2021-07-29,100.5199966430664,100.6500015258789,99.11000061035156,100.19000244140624,95.22045135498048,392900
ATO,2021-07-30,100.30999755859376,100.8499984741211,98.22000122070312,98.58999633789062,93.6998062133789,1208500
ATO,2021-08-02,98.75,100.01000213623048,98.58999633789062,99.54000091552734,94.60269927978516,502700
ATO,2021-08-03,99.4800033569336,100.16000366210938,99.1500015258789,99.68000030517578,94.7357406616211,532600
ATO,2021-08-04,99.11000061035156,99.5500030517578,98.06999969482422,99.38999938964844,94.46012878417967,583900
ATO,2021-08-05,99.88999938964844,101.33000183105467,99.2699966430664,101.30999755859376,96.2848892211914,635700
ATO,2021-08-06,101.5,101.9000015258789,100.77999877929688,100.88999938964844,95.8857192993164,595200
ATO,2021-08-09,101.0,101.41999816894533,100.1500015258789,101.12000274658205,96.10431671142578,642700
ATO,2021-08-10,101.2300033569336,101.4499969482422,100.37999725341795,100.88999938964844,95.8857192993164,471400
ATO,2021-08-11,101.04000091552734,101.4000015258789,100.5500030517578,101.13999938964844,96.12332153320312,382300
ATO,2021-08-12,101.25,101.37000274658205,100.1500015258789,100.56999969482422,95.58160400390624,461900
ATO,2021-08-13,100.58000183105467,101.77999877929688,100.16999816894533,101.47000122070312,96.43695831298828,538300
ATO,2021-08-16,101.48999786376952,102.27999877929688,100.70999908447266,101.06999969482422,96.05679321289062,724000
ATO,2021-08-17,100.69000244140624,101.36000061035156,100.19000244140624,100.9499969482422,95.94274139404295,820600
ATO,2021-08-18,101.08000183105467,101.33000183105467,98.5500030517578,98.98999786376952,94.07996368408205,701500
ATO,2021-08-19,99.12000274658205,99.72000122070312,98.33000183105467,98.63999938964844,93.74732208251952,721800
ATO,2021-08-20,97.63999938964844,99.06999969482422,97.1500015258789,98.7699966430664,94.4694366455078,995500
ATO,2021-08-23,98.94000244140624,99.11000061035156,97.66000366210938,97.81999969482422,93.56082153320312,629300
ATO,2021-08-24,98.02999877929688,98.5199966430664,97.0500030517578,98.12000274658205,93.84776306152344,840100
ATO,2021-08-25,98.11000061035156,98.11000061035156,97.08999633789062,97.48999786376952,93.24517822265624,644100
ATO,2021-08-26,97.37000274658205,97.44000244140624,96.5199966430664,96.6999969482422,92.48957061767578,399100
ATO,2021-08-27,96.88999938964844,97.54000091552734,96.6500015258789,97.37999725341795,93.13996887207033,345400
ATO,2021-08-30,97.38999938964844,97.8000030517578,97.06999969482422,97.47000122070312,93.22605895996094,366500
ATO,2021-08-31,97.29000091552734,97.69000244140624,96.87000274658205,97.51000213623048,93.26431274414062,767300
ATO,2021-09-01,97.97000122070312,98.58999633789062,97.54000091552734,98.25,93.97209167480467,668400
ATO,2021-09-02,98.2699966430664,98.58000183105467,97.61000061035156,98.3000030517578,94.0199203491211,684100
ATO,2021-09-03,97.97000122070312,98.25,97.47000122070312,97.5,93.25475311279295,598500
ATO,2021-09-07,97.22000122070312,97.41000366210938,95.83000183105467,96.12999725341795,91.94440460205078,614800
ATO,2021-09-08,96.02999877929688,98.23999786376952,95.66000366210938,97.6500015258789,93.39822387695312,632300
ATO,2021-09-09,97.52999877929688,97.52999877929688,96.16000366210938,96.19000244140624,92.00179290771484,857000
ATO,2021-09-10,96.1500015258789,96.3499984741211,93.04000091552734,93.12000274658205,89.06546020507812,906500
ATO,2021-09-13,93.62999725341795,93.9499969482422,91.9499969482422,92.18000030517578,88.16639709472656,905600
ATO,2021-09-14,92.33999633789062,92.76000213623048,90.83999633789062,91.27999877929688,87.3055648803711,1030700
ATO,2021-09-15,91.08999633789062,91.61000061035156,89.25,89.55999755859375,85.66045379638672,763300
ATO,2021-09-16,89.45999908447266,90.36000061035156,89.04000091552734,89.76000213623047,85.85176086425781,627900
ATO,2021-09-17,89.41000366210938,89.98999786376953,89.06999969482422,89.08999633789062,85.21092987060547,1175300
ATO,2021-09-20,88.7300033569336,89.80000305175781,88.16999816894531,89.12999725341797,85.24918365478516,871600
ATO,2021-09-21,89.44000244140625,90.30999755859376,88.76000213623047,88.77999877929688,84.9144287109375,875400
ATO,2021-09-22,89.12000274658203,89.56999969482422,88.55000305175781,88.75,84.88573455810547,670500
ATO,2021-09-23,88.70999908447266,89.38999938964844,88.02999877929688,88.12999725341797,84.292724609375,448200
ATO,2021-09-24,88.38999938964844,89.30000305175781,88.19999694824219,88.22000122070312,84.3788070678711,530600
ATO,2021-09-27,88.3499984741211,89.66999816894531,87.47000122070312,87.58000183105469,83.76667785644531,743700
ATO,2021-09-28,87.98999786376953,88.16000366210938,85.80000305175781,86.69000244140625,82.91542053222656,715800
ATO,2021-09-29,86.69000244140625,88.9800033569336,86.55999755859375,88.91000366210938,85.03876495361328,1005500
ATO,2021-09-30,89.11000061035156,89.37000274658203,87.93000030517578,88.19999694824219,84.35968017578125,1549000
ATO,2021-10-01,88.66999816894531,89.25,87.80000305175781,88.77999877929688,84.9144287109375,798400
ATO,2021-10-04,88.86000061035156,91.13999938964844,88.73999786376953,90.5500030517578,86.60736846923828,1013900
ATO,2021-10-05,90.6999969482422,90.77999877929688,89.73999786376953,90.01000213623047,86.09086608886719,811000
ATO,2021-10-06,89.55000305175781,90.2300033569336,88.44000244140625,90.16000366210938,86.23434448242188,1177100
ATO,2021-10-07,89.20999908447266,90.58999633789062,89.16000366210938,89.76000213623047,85.85176086425781,981700
ATO,2021-10-08,89.94000244140625,90.26000213623048,89.62999725341797,89.95999908447266,86.04305267333984,616300
ATO,2021-10-11,89.87999725341797,90.48999786376952,89.08999633789062,89.11000061035156,85.23006439208984,440500
ATO,2021-10-12,88.9800033569336,89.5999984741211,88.66000366210938,88.9800033569336,85.10572052001953,468100
ATO,2021-10-13,88.55999755859375,92.62999725341795,88.0999984741211,92.1999969482422,88.18551635742188,1628900
ATO,2021-10-14,92.48999786376952,94.0,92.36000061035156,93.94000244140624,89.84976196289062,1045500
ATO,2021-10-15,94.0999984741211,94.66000366210938,92.95999908447266,93.0,88.95067596435547,779700
ATO,2021-10-18,92.37000274658205,92.76000213623048,90.72000122070312,91.0999984741211,87.13340759277344,866000
ATO,2021-10-19,91.51000213623048,92.9000015258789,90.83000183105467,92.87999725341795,88.83590698242188,631200
ATO,2021-10-20,93.19000244140624,94.83000183105467,92.8499984741211,94.5199966430664,90.40448760986328,717400
ATO,2021-10-21,94.5999984741211,94.81999969482422,93.13999938964844,93.4499969482422,89.38108825683594,526300
ATO,2021-10-22,93.77999877929688,94.2699966430664,93.54000091552734,94.04000091552734,89.94539642333984,422000
ATO,2021-10-25,94.0999984741211,94.72000122070312,93.13999938964844,94.1999969482422,90.0984344482422,464300
ATO,2021-10-26,94.20999908447266,94.8000030517578,93.41999816894533,94.02999877929688,89.93582153320312,433600
ATO,2021-10-27,94.16000366210938,94.16000366210938,91.70999908447266,91.77999877929688,87.7838134765625,765500
ATO,2021-10-28,91.66999816894533,93.0,91.56999969482422,92.88999938964844,88.84547424316406,474900
ATO,2021-10-29,92.79000091552734,93.51000213623048,91.6999969482422,92.12000274658205,88.10900115966797,1357900
ATO,2021-11-01,91.86000061035156,93.1999969482422,91.43000030517578,93.04000091552734,88.98894500732422,472400
ATO,2021-11-02,93.56999969482422,93.83999633789062,92.26000213623048,93.79000091552734,89.70629119873047,666000
ATO,2021-11-03,93.79000091552734,94.75,92.70999908447266,93.36000061035156,89.29500579833984,755700
ATO,2021-11-04,93.36000061035156,94.08000183105467,92.7300033569336,93.62999725341795,89.55325317382812,666000
ATO,2021-11-05,94.22000122070312,95.06999969482422,93.73999786376952,93.98999786376952,89.89757537841797,469200
ATO,2021-11-08,93.9499969482422,94.06999969482422,92.05999755859376,92.97000122070312,88.92198944091797,481800
ATO,2021-11-09,92.93000030517578,93.63999938964844,92.83000183105467,93.13999938964844,89.08458709716797,677600
ATO,2021-11-10,93.41000366210938,94.6999969482422,93.26000213623048,94.06999969482422,89.97409057617188,684000
ATO,2021-11-11,95.31999969482422,96.1500015258789,94.12000274658205,94.7699966430664,90.64361572265624,787300
ATO,2021-11-12,95.29000091552734,95.7699966430664,94.5199966430664,95.43000030517578,91.27487182617188,810000
ATO,2021-11-15,95.87000274658205,96.27999877929688,95.12000274658205,96.20999908447266,92.02091217041016,972600
ATO,2021-11-16,96.1500015258789,96.1500015258789,94.44000244140624,94.56999969482422,90.45232391357422,892900
ATO,2021-11-17,94.37999725341795,94.37999725341795,93.0500030517578,93.8499984741211,89.763671875,809300
ATO,2021-11-18,93.5199966430664,93.94000244140624,92.05999755859376,92.61000061035156,88.57766723632812,793900
ATO,2021-11-19,93.0,95.38999938964844,92.69000244140624,94.9000015258789,90.76795959472656,3139800
ATO,2021-11-22,95.0,95.77999877929688,94.05999755859376,95.62000274658205,91.45661163330078,877500
ATO,2021-11-23,95.83000183105467,96.08999633789062,94.80999755859376,95.30999755859376,91.16009521484376,747700
ATO,2021-11-24,95.5,95.8499984741211,94.5999984741211,95.0,90.86360168457033,1044400
ATO,2021-11-26,93.69000244140624,93.95999908447266,92.70999908447266,93.37999725341795,89.95803833007812,483600
ATO,2021-11-29,93.81999969482422,94.26000213623048,92.80999755859376,93.8000030517578,90.36266326904295,932400
ATO,2021-11-30,92.98999786376952,92.98999786376952,90.23999786376952,90.31999969482422,87.01018524169922,2321600
ATO,2021-12-01,91.12000274658205,92.38999938964844,89.43000030517578,89.43000030517578,86.15279388427734,1268100
ATO,2021-12-02,89.5,91.58000183105467,88.95999908447266,90.68000030517578,87.35698699951172,1333300
ATO,2021-12-03,91.25,93.30999755859376,90.68000030517578,92.76000213623048,89.36077117919922,1356500
ATO,2021-12-06,93.7300033569336,95.16000366210938,93.4000015258789,94.55999755859376,91.09480285644533,1379800
ATO,2021-12-07,94.25,95.4499969482422,93.6500015258789,94.87999725341795,91.403076171875,1601100
ATO,2021-12-08,94.8499984741211,95.19000244140624,93.37999725341795,94.41000366210938,90.95030212402344,3058500
ATO,2021-12-09,94.41000366210938,95.52999877929688,93.72000122070312,95.2300033569336,91.7402572631836,1721500
ATO,2021-12-10,95.55999755859376,96.1500015258789,94.98999786376952,95.73999786376952,92.23155975341795,1131500
ATO,2021-12-13,96.4000015258789,98.26000213623048,96.4000015258789,97.3499984741211,93.78255462646484,1567100
ATO,2021-12-14,97.37999725341795,98.3499984741211,96.86000061035156,97.13999938964844,93.58026123046876,1443100
ATO,2021-12-15,97.76000213623048,98.77999877929688,97.13999938964844,98.5199966430664,94.9096908569336,1309200
ATO,2021-12-16,98.41000366210938,100.58000183105467,98.11000061035156,100.3499984741211,96.67263793945312,1858900
ATO,2021-12-17,100.37000274658205,100.37000274658205,98.70999908447266,98.83000183105467,95.20833587646484,1650200
ATO,2021-12-20,97.91000366210938,99.37999725341795,97.41000366210938,99.33000183105467,95.69001770019533,667100
ATO,2021-12-21,99.83999633789062,100.29000091552734,98.6999969482422,99.45999908447266,95.81523895263672,995500
ATO,2021-12-22,99.18000030517578,102.19000244140624,99.06999969482422,102.12000274658205,98.37776947021484,1521900
ATO,2021-12-23,102.08000183105467,103.56999969482422,101.7699966430664,102.7300033569336,98.96541595458984,1112800
ATO,2021-12-27,102.94000244140624,104.22000122070312,102.77999877929688,104.05999755859376,100.24667358398438,1054400
ATO,2021-12-28,104.0,104.68000030517578,103.16999816894533,103.43000030517578,99.63976287841795,735000
ATO,2021-12-29,103.55999755859376,104.98999786376952,103.11000061035156,104.83000183105467,100.98846435546876,952100
ATO,2021-12-30,104.91999816894533,105.3000030517578,104.30999755859376,104.48999786376952,100.66092681884766,575100
ATO,2021-12-31,104.3499984741211,105.0999984741211,103.58000183105467,104.7699966430664,100.9306640625,651600
ATO,2022-01-03,105.0,105.02999877929688,103.52999877929688,105.01000213623048,101.161865234375,941600
ATO,2022-01-04,105.13999938964844,107.43000030517578,104.86000061035156,106.26000213623048,102.36605834960938,1174300
ATO,2022-01-05,106.29000091552734,107.66000366210938,106.26000213623048,106.5999984741211,102.69359588623048,855100
ATO,2022-01-06,107.08999633789062,107.44000244140624,105.45999908447266,105.7699966430664,101.89401245117188,916700
ATO,2022-01-07,105.54000091552734,105.86000061035156,104.83999633789062,105.29000091552734,101.43160247802734,1245900
ATO,2022-01-10,105.41999816894533,105.83000183105467,104.6500015258789,105.1500015258789,101.29672241210938,855000
ATO,2022-01-11,105.4800033569336,105.7699966430664,103.3000030517578,104.63999938964844,100.80541229248048,856300
ATO,2022-01-12,104.06999969482422,104.83000183105467,103.56999969482422,104.1999969482422,100.38153839111328,909700
ATO,2022-01-13,104.16999816894533,106.4000015258789,104.12999725341795,105.98999786376952,102.10594940185548,1721400
ATO,2022-01-14,105.69000244140624,106.2699966430664,104.56999969482422,106.0500030517578,102.16375732421876,1118700
ATO,2022-01-18,105.3499984741211,105.77999877929688,103.54000091552734,105.41000366210938,101.54721069335938,1121900
ATO,2022-01-19,105.66999816894533,107.48999786376952,105.30999755859376,105.33999633789062,101.47976684570312,965800
ATO,2022-01-20,105.33999633789062,105.79000091552734,104.37999725341795,105.0199966430664,101.17149353027344,1339200
ATO,2022-01-21,104.98999786376952,106.02999877929688,104.51000213623048,104.58999633789062,100.75725555419922,1350700
ATO,2022-01-24,104.5999984741211,105.27999877929688,99.81999969482422,102.31999969482422,98.57044219970705,1270000
ATO,2022-01-25,101.7300033569336,104.5,101.18000030517578,103.91999816894533,100.11180877685548,1566200
ATO,2022-01-26,103.73999786376952,105.33999633789062,102.76000213623048,103.6500015258789,99.85169982910156,1564600
ATO,2022-01-27,104.41000366210938,106.45999908447266,104.12999725341795,104.83000183105467,100.98846435546876,1259700
ATO,2022-01-28,104.56999969482422,106.16999816894533,103.58000183105467,106.11000061035156,102.2215576171875,1271600
ATO,2022-01-31,105.0999984741211,107.5500030517578,104.69000244140624,107.22000122070312,103.29087829589844,2251500
ATO,2022-02-01,107.27999877929688,107.3000030517578,105.33999633789062,106.27999877929688,102.38533020019533,1119300
ATO,2022-02-02,105.83000183105467,107.43000030517578,105.5500030517578,106.79000091552734,102.87664031982422,1104400
ATO,2022-02-03,106.7699966430664,107.12999725341795,105.58000183105467,106.77999877929688,102.86699676513672,964700
ATO,2022-02-04,105.98999786376952,106.80999755859376,104.6999969482422,105.76000213623048,101.8843765258789,951200
ATO,2022-02-07,105.8000030517578,106.44000244140624,104.8000030517578,105.94000244140624,102.05778503417967,871800
ATO,2022-02-08,106.25,107.0,105.86000061035156,106.56999969482422,102.6646957397461,1063100
ATO,2022-02-09,106.26000213623048,109.22000122070312,106.26000213623048,108.8499984741211,104.86115264892578,1203600
ATO,2022-02-10,108.0500030517578,108.3499984741211,105.41999816894533,105.9499969482422,102.06741333007812,940700
ATO,2022-02-11,106.08000183105467,107.81999969482422,105.56999969482422,106.68000030517578,102.77066802978516,859600
ATO,2022-02-14,106.87999725341795,107.16999816894533,104.52999877929688,105.9800033569336,102.09632110595705,1040000
ATO,2022-02-15,106.31999969482422,106.83999633789062,105.06999969482422,105.52999877929688,101.6627960205078,860300
ATO,2022-02-16,105.73999786376952,106.5500030517578,104.77999877929688,106.08999633789062,102.20227813720705,706400
ATO,2022-02-17,105.81999969482422,107.20999908447266,104.7699966430664,106.66000366210938,103.4142608642578,961900
ATO,2022-02-18,105.25,107.08999633789062,105.25,106.04000091552734,102.8131103515625,2331400
ATO,2022-02-22,105.98999786376952,107.3499984741211,105.62000274658205,106.26000213623048,103.02642059326172,1190000
ATO,2022-02-23,106.16999816894533,106.7300033569336,105.16999816894533,105.38999938964844,102.18289947509766,1539500
ATO,2022-02-24,104.8000030517578,105.25,102.3000030517578,104.75,101.5623779296875,2330500
ATO,2022-02-25,105.76000213623048,109.33999633789062,105.68000030517578,109.08999633789062,105.77030181884766,1311100
ATO,2022-02-28,108.04000091552734,110.37999725341795,108.04000091552734,109.80999755859376,106.46839141845705,2296500
ATO,2022-03-01,109.62999725341795,110.68000030517578,109.11000061035156,109.93000030517578,106.5847396850586,2193300
ATO,2022-03-02,110.0,111.79000091552734,109.45999908447266,111.13999938964844,107.75791931152344,1338700
ATO,2022-03-03,111.87000274658205,113.7699966430664,111.86000061035156,113.73999786376952,110.27879333496094,1162300
ATO,2022-03-04,113.33000183105467,116.26000213623048,112.48999786376952,116.1500015258789,112.61546325683594,1156400
ATO,2022-03-07,116.2300033569336,116.80999755859376,114.63999938964844,116.01000213623048,112.47972106933594,1539300
ATO,2022-03-08,116.37000274658205,116.37000274658205,113.4000015258789,113.4000015258789,109.94915008544922,1197900
ATO,2022-03-09,114.1500015258789,114.70999908447266,112.1500015258789,112.18000030517578,108.76627349853516,1096200
ATO,2022-03-10,111.33999633789062,113.6999969482422,111.27999877929688,113.29000091552734,109.84249114990234,798200
ATO,2022-03-11,113.30999755859376,114.43000030517578,112.37999725341795,113.73999786376952,110.27879333496094,1308300
ATO,2022-03-14,114.23999786376952,114.47000122070312,111.23999786376952,112.86000061035156,109.42557525634766,898600
ATO,2022-03-15,114.41999816894533,114.72000122070312,113.0500030517578,114.11000061035156,110.63753509521484,1193700
ATO,2022-03-16,113.8499984741211,114.4800033569336,111.7300033569336,114.3499984741211,110.87023162841795,1206600
ATO,2022-03-17,114.58999633789062,115.48999786376952,114.0199966430664,114.47000122070312,110.98658752441406,737000
ATO,2022-03-18,114.4499969482422,115.4000015258789,112.48999786376952,112.7300033569336,109.2995376586914,2273600
ATO,2022-03-21,113.0,115.27999877929688,112.91999816894533,115.23999786376952,111.733154296875,726500
ATO,2022-03-22,115.66999816894533,116.0,113.75,114.16000366210938,110.6860122680664,756700
ATO,2022-03-23,114.38999938964844,115.02999877929688,112.62999725341795,114.30999755859376,110.83145141601562,673000
ATO,2022-03-24,114.61000061035156,115.88999938964844,114.25,115.66999816894533,112.15005493164062,792000
ATO,2022-03-25,116.31999969482422,118.58999633789062,115.9499969482422,118.5199966430664,114.913330078125,905000
ATO,2022-03-28,118.47000122070312,118.47000122070312,117.12999725341795,117.79000091552734,114.20555877685548,1134800
ATO,2022-03-29,117.41000366210938,119.19000244140624,117.13999938964844,119.18000030517578,115.5532455444336,728700
ATO,2022-03-30,119.13999938964844,120.41000366210938,118.11000061035156,120.37000274658205,116.70704650878906,931900
ATO,2022-03-31,120.04000091552734,120.94000244140624,119.4800033569336,119.48999786376952,115.85382080078124,1157100
ATO,2022-04-01,119.55999755859376,121.45999908447266,118.81999969482422,121.41000366210938,117.71539306640624,995000
ATO,2022-04-04,120.75,120.83000183105467,118.16000366210938,119.18000030517578,115.5532455444336,1042400
ATO,2022-04-05,119.4499969482422,120.95999908447266,119.27999877929688,120.2300033569336,116.57129669189452,745800
ATO,2022-04-06,120.66999816894533,122.11000061035156,119.72000122070312,122.0500030517578,118.3359146118164,1013900
ATO,2022-04-07,121.98999786376952,121.98999786376952,119.2699966430664,120.86000061035156,117.18213653564452,1112800
ATO,2022-04-08,121.06999969482422,121.81999969482422,119.7699966430664,121.70999908447266,118.00625610351562,947800
ATO,2022-04-11,122.1500015258789,122.5,120.0999984741211,120.51000213623048,116.84278106689452,902200
ATO,2022-04-12,120.08000183105467,121.29000091552734,119.1500015258789,120.1999969482422,116.5422134399414,762300
ATO,2022-04-13,120.52999877929688,120.9499969482422,118.58000183105467,119.9000015258789,116.2513427734375,862100
ATO,2022-04-14,120.87999725341795,121.0,119.70999908447266,119.73999786376952,116.09620666503906,939200
ATO,2022-04-18,119.9499969482422,121.81999969482422,119.0199966430664,119.5999984741211,115.9604721069336,630000
ATO,2022-04-19,120.12000274658205,120.87000274658205,119.75,120.61000061035156,116.9397430419922,532400
ATO,2022-04-20,121.5,122.95999908447266,120.8000030517578,122.69000244140624,118.95643615722656,628200
ATO,2022-04-21,122.31999969482422,122.62000274658205,120.9800033569336,121.16000366210938,117.4729995727539,686200
ATO,2022-04-22,121.0,121.0,118.56999969482422,118.6999969482422,115.0878677368164,844100
ATO,2022-04-25,118.66999816894533,119.06999969482422,116.18000030517578,117.6999969482422,114.1182861328125,1052000
ATO,2022-04-26,117.87999725341795,118.8499984741211,116.93000030517578,117.0500030517578,113.48807525634766,874900
ATO,2022-04-27,117.2300033569336,118.25,115.41999816894533,116.05999755859376,112.52819061279295,797300
ATO,2022-04-28,116.7300033569336,117.58000183105467,115.8000030517578,116.80999755859376,113.25537109375,819500
ATO,2022-04-29,116.4800033569336,116.4800033569336,113.01000213623048,113.4000015258789,109.94915008544922,2886900
ATO,2022-05-02,114.18000030517578,114.66000366210938,110.66999816894533,111.76000213623048,108.35905456542967,1086400
ATO,2022-05-03,112.23999786376952,114.55999755859376,111.95999908447266,112.61000061035156,109.18318176269533,915500
ATO,2022-05-04,113.26000213623048,115.30999755859376,113.0999984741211,115.30999755859376,111.80101776123048,994200
ATO,2022-05-05,115.29000091552734,117.5,113.93000030517578,115.04000091552734,111.53923797607422,1006600
ATO,2022-05-06,114.30999755859376,115.3000030517578,113.3499984741211,114.9000015258789,111.40349578857422,1356500
ATO,2022-05-09,114.54000091552734,114.75,113.0199966430664,113.62999725341795,110.1721420288086,1134400
ATO,2022-05-10,113.75,115.2300033569336,111.56999969482422,113.11000061035156,109.66796112060548,952600
ATO,2022-05-11,113.62000274658205,115.54000091552734,112.19000244140624,112.62000274658205,109.19288635253906,1064600
ATO,2022-05-12,112.66000366210938,113.37999725341795,111.06999969482422,112.08999633789062,108.67901611328124,1184800
ATO,2022-05-13,111.88999938964844,113.5199966430664,111.16000366210938,112.95999908447266,109.52252960205078,1086200
ATO,2022-05-16,113.58000183105467,114.3000030517578,112.76000213623048,113.16000366210938,109.7164535522461,1234000
ATO,2022-05-17,113.76000213623048,113.87999725341795,111.69000244140624,113.75,110.28849029541016,1040900
ATO,2022-05-18,114.37000274658205,114.37000274658205,111.5999984741211,111.8499984741211,108.44630432128906,1080400
ATO,2022-05-19,111.16999816894533,111.93000030517578,109.91999816894533,111.37000274658205,107.98092651367188,937800
ATO,2022-05-20,110.54000091552734,112.12000274658205,109.94000244140624,111.6999969482422,108.96619415283205,981400
ATO,2022-05-23,112.95999908447266,114.12999725341795,111.70999908447266,113.66999816894533,110.88799285888672,1294900
ATO,2022-05-24,114.16999816894533,116.44000244140624,113.5500030517578,116.02999877929688,113.1902313232422,937900
ATO,2022-05-25,115.9000015258789,116.79000091552734,115.41999816894533,115.91999816894533,113.08291625976562,1013600
ATO,2022-05-26,116.4000015258789,117.45999908447266,116.06999969482422,116.73999786376952,113.88285064697266,1083900
ATO,2022-05-27,116.51000213623048,117.6500015258789,115.83999633789062,117.63999938964844,114.76082611083984,909200
ATO,2022-05-31,116.48999786376952,116.48999786376952,115.0999984741211,116.30999755859376,113.46337127685548,2783200
ATO,2022-06-01,116.69000244140624,117.0999984741211,114.70999908447266,116.43000030517578,113.5804443359375,993000
ATO,2022-06-02,116.63999938964844,117.62000274658205,113.62000274658205,116.5999984741211,113.74627685546876,725000
ATO,2022-06-03,116.23999786376952,116.76000213623048,115.55999755859376,116.11000061035156,113.2682647705078,652400
ATO,2022-06-06,116.4499969482422,117.38999938964844,116.0999984741211,116.76000213623048,113.90235900878906,715600
ATO,2022-06-07,116.47000122070312,117.48999786376952,115.94000244140624,117.43000030517578,114.55596160888672,714800
ATO,2022-06-08,117.0999984741211,117.33000183105467,115.05999755859376,115.22000122070312,112.4000473022461,630500
ATO,2022-06-09,115.2699966430664,115.6500015258789,112.9000015258789,112.9499969482422,110.18560028076172,554400
ATO,2022-06-10,112.19000244140624,112.91000366210938,111.5,111.97000122070312,109.2295913696289,646000
ATO,2022-06-13,110.7699966430664,111.2300033569336,106.5199966430664,107.01000213623048,104.3909912109375,856500
ATO,2022-06-14,107.20999908447266,108.36000061035156,104.41000366210938,105.54000091552734,102.95696258544922,906700
ATO,2022-06-15,106.16999816894533,108.02999877929688,105.22000122070312,106.08999633789062,103.49349975585938,982500
ATO,2022-06-16,104.8499984741211,105.1500015258789,103.66000366210938,104.58000183105467,102.0204620361328,990800
ATO,2022-06-17,105.05999755859376,105.4800033569336,102.04000091552734,103.51000213623048,100.97665405273438,2207000
ATO,2022-06-21,103.66999816894533,105.9800033569336,103.5,105.47000122070312,102.88868713378906,839700
ATO,2022-06-22,104.23999786376952,106.37000274658205,104.23999786376952,105.66000366210938,103.07402801513672,627900
ATO,2022-06-23,106.2300033569336,107.3000030517578,106.20999908447266,107.04000091552734,104.42024230957033,669800
ATO,2022-06-24,107.6500015258789,109.66999816894533,107.41000366210938,109.23999786376952,106.56640625,723400
ATO,2022-06-27,108.93000030517578,110.97000122070312,108.88999938964844,110.75,108.03944396972656,511100
ATO,2022-06-28,111.0500030517578,112.16999816894533,110.47000122070312,110.6500015258789,107.94189453125,521200
ATO,2022-06-29,110.81999969482422,111.33000183105467,110.08999633789062,110.9000015258789,108.18577575683594,726800
ATO,2022-06-30,110.12000274658205,112.68000030517578,110.0999984741211,112.0999984741211,109.35640716552734,829600
ATO,2022-07-01,112.5199966430664,115.4000015258789,111.97000122070312,115.1500015258789,112.33177185058594,800000
ATO,2022-07-05,114.63999938964844,114.86000061035156,108.95999908447266,110.61000061035156,107.9028778076172,838100
ATO,2022-07-06,111.0199966430664,113.62000274658205,110.44000244140624,113.0,110.23438262939452,643100
ATO,2022-07-07,113.61000061035156,113.75,112.3000030517578,112.33999633789062,109.5905303955078,673100
ATO,2022-07-08,112.6999969482422,112.83999633789062,111.66000366210938,112.0500030517578,109.30763244628906,585900
ATO,2022-07-11,111.70999908447266,112.97000122070312,111.2699966430664,112.12000274658205,109.3759307861328,673400
ATO,2022-07-12,111.2699966430664,112.62000274658205,111.11000061035156,111.8499984741211,109.1125259399414,519200
ATO,2022-07-13,110.97000122070312,112.0,110.3000030517578,111.08000183105467,108.36138153076172,565300
ATO,2022-07-14,109.41000366210938,111.33000183105467,109.41000366210938,110.91999816894533,108.20528411865234,748200
ATO,2022-07-15,112.18000030517578,112.29000091552734,110.48999786376952,111.9000015258789,109.16130065917967,1145500
ATO,2022-07-18,112.12999725341795,112.5,111.41000366210938,111.9000015258789,109.16130065917967,927700
ATO,2022-07-19,112.52999877929688,113.55999755859376,112.26000213623048,113.47000122070312,110.69288635253906,1029600
ATO,2022-07-20,113.55999755859376,114.02999877929688,111.5,111.6999969482422,108.96619415283205,1193500
ATO,2022-07-21,111.4000015258789,113.08999633789062,111.26000213623048,112.62000274658205,109.86368560791016,706400
ATO,2022-07-22,113.12999725341795,113.83999633789062,112.4499969482422,113.3499984741211,110.57581329345705,588700
ATO,2022-07-25,113.5,114.93000030517578,113.25,114.7699966430664,111.9610595703125,830500
ATO,2022-07-26,115.0,116.43000030517578,114.80999755859376,116.25,113.40484619140624,680700
ATO,2022-07-27,115.9499969482422,116.83999633789062,115.30999755859376,116.48999786376952,113.63896942138672,979300
ATO,2022-07-28,117.26000213623048,120.1500015258789,116.43000030517578,119.93000030517578,116.9947738647461,853800
ATO,2022-07-29,120.19000244140624,121.91999816894533,119.88999938964844,121.38999938964844,118.4190444946289,1185800
ATO,2022-08-01,120.9800033569336,121.4499969482422,119.95999908447266,121.16999816894533,118.20441436767578,1085900
ATO,2022-08-02,121.12999725341795,121.77999877929688,119.9800033569336,120.0999984741211,117.16061401367188,920400
ATO,2022-08-03,119.5199966430664,119.56999969482422,116.91999816894533,119.27999877929688,116.36067962646484,947600
ATO,2022-08-04,118.23999786376952,119.22000122070312,115.5199966430664,115.83000183105467,112.99512481689452,1105300
ATO,2022-08-05,115.4499969482422,115.62000274658205,113.06999969482422,113.88999938964844,111.10260009765624,1106000
ATO,2022-08-08,114.38999938964844,115.19000244140624,113.61000061035156,114.5999984741211,111.79522705078124,1474400
ATO,2022-08-09,115.43000030517578,115.8000030517578,114.69000244140624,115.27999877929688,112.45858001708984,988700
ATO,2022-08-10,115.58999633789062,116.04000091552734,114.26000213623048,114.47000122070312,111.66840362548828,2173300
ATO,2022-08-11,114.2300033569336,115.86000061035156,114.0999984741211,115.2699966430664,112.44881439208984,2238700
ATO,2022-08-12,115.91000366210938,116.98999786376952,115.4000015258789,116.9499969482422,114.08770751953124,1578100
ATO,2022-08-15,116.94000244140624,117.77999877929688,116.20999908447266,117.38999938964844,114.51693725585938,1789500
ATO,2022-08-16,117.47000122070312,117.87000274658205,116.58999633789062,117.58000183105467,114.7022933959961,759300
ATO,2022-08-17,117.44000244140624,118.23999786376952,116.54000091552734,117.66000366210938,114.78033447265624,966200
ATO,2022-08-18,117.91000366210938,118.30999755859376,117.47000122070312,118.08000183105467,115.19005584716795,604900
ATO,2022-08-19,117.41000366210938,118.41000366210938,117.02999877929688,118.01000213623048,115.78857421875,812000
ATO,2022-08-22,117.70999908447266,117.70999908447266,116.0199966430664,116.1500015258789,113.96358489990234,604400
ATO,2022-08-23,116.29000091552734,116.51000213623048,115.33000183105467,116.22000122070312,114.03226470947266,836100
ATO,2022-08-24,116.6500015258789,116.9000015258789,115.86000061035156,116.72000122070312,114.52285766601562,631600
ATO,2022-08-25,116.94000244140624,117.69000244140624,116.5,117.58000183105467,115.36666870117188,519400
ATO,2022-08-26,117.62000274658205,117.80999755859376,115.87000274658205,115.98999786376952,113.8065948486328,801600
ATO,2022-08-29,115.75,117.13999938964844,115.19000244140624,116.36000061035156,114.1696319580078,656400
ATO,2022-08-30,116.66000366210938,116.66000366210938,114.06999969482422,114.43000030517578,112.27596282958984,626200
ATO,2022-08-31,114.75,114.86000061035156,113.33999633789062,113.37999725341795,111.24571990966795,938200
ATO,2022-09-01,113.4499969482422,115.12999725341795,112.88999938964844,114.77999877929688,112.61937713623048,715900
ATO,2022-09-02,115.16999816894533,116.48999786376952,114.22000122070312,114.5500030517578,112.39371490478516,883400
ATO,2022-09-06,114.66999816894533,116.18000030517578,113.9000015258789,114.20999908447266,112.0601043701172,564400
ATO,2022-09-07,114.72000122070312,117.70999908447266,114.72000122070312,117.63999938964844,115.425537109375,671500
ATO,2022-09-08,117.38999938964844,118.02999877929688,116.5999984741211,117.9499969482422,115.72969818115234,914400
ATO,2022-09-09,118.4499969482422,118.73999786376952,117.4000015258789,118.08999633789062,115.8670654296875,654600
ATO,2022-09-12,118.58999633789062,119.86000061035156,117.98999786376952,119.44000244140624,117.19165802001952,611800
ATO,2022-09-13,118.36000061035156,118.8499984741211,115.87999725341795,116.45999908447266,114.26774597167967,787700
ATO,2022-09-14,116.37999725341795,117.72000122070312,116.37999725341795,117.02999877929688,114.82701873779295,962300
ATO,2022-09-15,116.75,116.75,113.97000122070312,114.12000274658205,111.97179412841795,948500
ATO,2022-09-16,114.1999969482422,114.41999816894533,113.22000122070312,114.01000213623048,111.8638687133789,1302400
ATO,2022-09-19,113.45999908447266,115.23999786376952,113.2699966430664,115.22000122070312,113.05109405517578,717500
ATO,2022-09-20,114.37999725341795,114.37999725341795,112.4499969482422,113.51000213623048,111.37328338623048,602700
ATO,2022-09-21,114.3000030517578,115.37999725341795,112.62000274658205,112.62999725341795,110.50984191894533,807500
ATO,2022-09-22,112.51000213623048,114.12999725341795,111.4000015258789,113.33000183105467,111.19667053222656,786600
ATO,2022-09-23,112.25,112.25,110.33999633789062,111.52999877929688,109.43054962158205,987100
ATO,2022-09-26,111.12000274658205,112.1999969482422,108.48999786376952,109.16999816894533,107.11497497558594,805800
ATO,2022-09-27,109.80999755859376,109.80999755859376,107.08000183105467,107.56999969482422,105.54509735107422,822500
ATO,2022-09-28,108.88999938964844,109.66000366210938,107.38999938964844,109.05999755859376,107.00704193115234,523800
ATO,2022-09-29,108.41000366210938,108.86000061035156,104.5999984741211,104.66000366210938,102.68988037109376,640500
ATO,2022-09-30,104.91999816894533,105.5,101.56999969482422,101.8499984741211,99.93276977539062,1019100
ATO,2022-10-03,103.54000091552734,105.93000030517578,103.0500030517578,105.01000213623048,103.03327941894533,817400
ATO,2022-10-04,105.19000244140624,106.48999786376952,104.83000183105467,106.41000366210938,104.4069366455078,940600
ATO,2022-10-05,105.41999816894533,105.41999816894533,103.2300033569336,104.11000061035156,102.15023040771484,521200
ATO,2022-10-06,103.6500015258789,103.8000030517578,100.68000030517578,100.80999755859376,98.91234588623048,859300
ATO,2022-10-07,100.6500015258789,100.8000030517578,98.83999633789062,99.38999938964844,97.51907348632812,856600
ATO,2022-10-10,99.7300033569336,100.9800033569336,99.5,99.87999725341795,97.99984741210938,1035200
ATO,2022-10-11,99.5,103.41000366210938,99.5,102.1999969482422,100.27617645263672,1159900
ATO,2022-10-12,101.72000122070312,101.9800033569336,99.2300033569336,99.26000213623048,97.39152526855467,779800
ATO,2022-10-13,98.18000030517578,101.81999969482422,97.70999908447266,101.45999908447266,99.55010986328124,755300
ATO,2022-10-14,101.9000015258789,102.54000091552734,97.8499984741211,98.11000061035156,96.26317596435548,951900
ATO,2022-10-17,99.3000030517578,100.8000030517578,98.98999786376952,99.62999725341795,97.75455474853516,1091100
ATO,2022-10-18,100.69000244140624,102.20999908447266,100.69000244140624,101.75,99.83464813232422,776500
ATO,2022-10-19,102.0,102.88999938964844,101.11000061035156,102.04000091552734,100.1191864013672,831500
ATO,2022-10-20,102.0,102.0,100.0199966430664,100.11000061035156,98.22552490234376,685200
ATO,2022-10-21,100.25,102.41000366210938,99.45999908447266,101.73999786376952,99.82483673095705,740000
ATO,2022-10-24,102.37999725341795,102.9000015258789,100.76000213623048,101.3499984741211,99.44217681884766,715900
ATO,2022-10-25,101.31999969482422,103.47000122070312,100.9499969482422,103.31999969482422,101.3750991821289,712000
ATO,2022-10-26,103.5999984741211,104.4499969482422,102.91999816894533,103.41999816894533,101.47322082519533,780900
ATO,2022-10-27,104.12000274658205,105.51000213623048,104.12000274658205,104.69000244140624,102.71931457519533,637400
ATO,2022-10-28,105.0999984741211,107.22000122070312,105.0999984741211,107.11000061035156,105.09375762939452,493300
ATO,2022-10-31,107.11000061035156,107.5,105.8000030517578,106.5500030517578,104.54430389404295,1107600
ATO,2022-11-01,106.9000015258789,107.12999725341795,104.93000030517578,106.2699966430664,104.26956176757812,739200
ATO,2022-11-02,105.66999816894533,108.33999633789062,105.31999969482422,105.5500030517578,103.56312561035156,748300
ATO,2022-11-03,103.97000122070312,105.33000183105467,102.72000122070312,104.73999786376952,102.76836395263672,865300
ATO,2022-11-04,105.02999877929688,106.18000030517578,104.20999908447266,106.02999877929688,104.0340805053711,560500
ATO,2022-11-07,106.13999938964844,106.4000015258789,102.5999984741211,103.97000122070312,102.01286315917967,667600
ATO,2022-11-08,104.54000091552734,105.41000366210938,103.63999938964844,104.63999938964844,102.67024230957033,652200
ATO,2022-11-09,104.16999816894533,105.1999969482422,102.86000061035156,103.1500015258789,101.2082977294922,876700
ATO,2022-11-10,108.79000091552734,112.1999969482422,106.6500015258789,111.8000030517578,109.69547271728516,1693000
ATO,2022-11-11,112.16000366210938,112.16000366210938,109.02999877929688,110.69000244140624,108.60636901855467,1076100
ATO,2022-11-14,111.25,112.27999877929688,110.23999786376952,110.52999877929688,108.44937896728516,688900
ATO,2022-11-15,111.37999725341795,111.5999984741211,110.0500030517578,111.58000183105467,109.4796142578125,909600
ATO,2022-11-16,111.43000030517578,112.95999908447266,111.43000030517578,112.3000030517578,110.1860580444336,716300
ATO,2022-11-17,111.23999786376952,111.83999633789062,109.81999969482422,111.16000366210938,109.06752014160156,680800
ATO,2022-11-18,112.33999633789062,115.2699966430664,112.33999633789062,115.0500030517578,112.88429260253906,1034400
ATO,2022-11-21,114.4800033569336,116.37000274658205,114.4800033569336,115.79000091552734,113.61036682128906,1061800
ATO,2022-11-22,116.29000091552734,117.61000061035156,115.7300033569336,117.51000213623048,115.29798889160156,808500
ATO,2022-11-23,117.48999786376952,118.61000061035156,116.98999786376952,118.58000183105467,116.34783935546876,1054900
ATO,2022-11-25,118.33000183105467,119.23999786376952,118.2699966430664,119.16000366210938,117.65113067626952,365900
ATO,2022-11-28,118.52999877929688,118.52999877929688,116.0500030517578,118.06999969482422,116.57492065429688,1249000
ATO,2022-11-29,117.47000122070312,118.76000213623048,117.04000091552734,118.63999938964844,117.13770294189452,898000
ATO,2022-11-30,118.66999816894533,120.48999786376952,118.41999816894533,120.1999969482422,118.67794799804688,2773500
ATO,2022-12-01,120.95999908447266,121.0199966430664,116.80999755859376,117.48999786376952,116.00227355957033,1230600
ATO,2022-12-02,116.3499984741211,116.8000030517578,115.0500030517578,116.54000091552734,115.06430053710938,968400
ATO,2022-12-05,115.58000183105467,115.87000274658205,114.66000366210938,115.86000061035156,114.39291381835938,677100
ATO,2022-12-06,115.87999725341795,117.58000183105467,115.87999725341795,117.44000244140624,115.9529037475586,958400
ATO,2022-12-07,117.16000366210938,118.2699966430664,116.83999633789062,117.41000366210938,115.92328643798828,1070000
ATO,2022-12-08,117.41000366210938,117.8499984741211,116.91000366210938,117.5,116.01214599609376,916800
ATO,2022-12-09,117.0,118.5,115.6500015258789,117.66999816894533,116.17998504638672,2023400
ATO,2022-12-12,118.08000183105467,119.05999755859376,116.81999969482422,119.0,117.49314880371094,1480900
ATO,2022-12-13,120.52999877929688,121.08000183105467,117.91999816894533,118.52999877929688,117.02910614013672,1748000
ATO,2022-12-14,119.0,120.6500015258789,117.75,118.33999633789062,116.84149932861328,742100
ATO,2022-12-15,117.70999908447266,118.11000061035156,115.93000030517578,116.86000061035156,115.3802490234375,721400
ATO,2022-12-16,115.41000366210938,115.9499969482422,113.01000213623048,114.7699966430664,113.31671142578124,1713700
ATO,2022-12-19,114.63999938964844,115.19000244140624,112.94000244140624,113.4800033569336,112.04304504394533,733700
ATO,2022-12-20,112.95999908447266,113.94000244140624,112.55999755859376,113.06999969482422,111.63824462890624,613300
ATO,2022-12-21,113.7699966430664,114.91000366210938,113.61000061035156,114.58000183105467,113.12911987304688,548000
ATO,2022-12-22,114.3499984741211,114.3499984741211,111.58999633789062,114.02999877929688,112.5860824584961,527600
ATO,2022-12-23,114.02999877929688,115.12000274658205,112.58000183105467,115.0999984741211,113.6425323486328,512400
ATO,2022-12-27,115.33000183105467,115.9499969482422,114.4499969482422,115.58000183105467,114.116455078125,960100
ATO,2022-12-28,115.3499984741211,116.44000244140624,115.01000213623048,115.06999969482422,113.6129150390625,834800
ATO,2022-12-29,115.70999908447266,115.94000244140624,113.86000061035156,114.48999786376952,113.04025268554688,815200
ATO,2022-12-30,114.56999969482422,114.56999969482422,111.33999633789062,112.06999969482422,110.6509017944336,588900
ATO,2023-01-03,112.33999633789062,112.91000366210938,110.20999908447266,111.1999969482422,109.79191589355467,1040000
ATO,2023-01-04,111.47000122070312,112.58999633789062,111.3000030517578,111.94000244140624,110.52255249023438,755200
ATO,2023-01-05,110.9800033569336,111.3000030517578,108.7300033569336,108.87000274658205,107.49142456054688,768100
ATO,2023-01-06,110.0,112.88999938964844,109.6999969482422,112.52999877929688,111.1050796508789,820700
ATO,2023-01-09,112.62000274658205,114.4499969482422,112.23999786376952,113.79000091552734,112.34912109375,834800
ATO,2023-01-10,113.68000030517578,114.37999725341795,113.04000091552734,114.3000030517578,112.85266876220705,698800
ATO,2023-01-11,114.72000122070312,117.11000061035156,114.3000030517578,116.7300033569336,115.25189971923828,644000
ATO,2023-01-12,117.06999969482422,117.6999969482422,116.1500015258789,116.37999725341795,114.90631866455078,585800
ATO,2023-01-13,116.0199966430664,116.0199966430664,114.38999938964844,114.73999786376952,113.28709411621094,633600
ATO,2023-01-17,115.05999755859376,116.1999969482422,113.5500030517578,113.9499969482422,112.50708770751952,689600
ATO,2023-01-18,114.05999755859376,114.13999938964844,111.19000244140624,111.62000274658205,110.20660400390624,595000
ATO,2023-01-19,110.87000274658205,112.38999938964844,110.87000274658205,112.04000091552734,110.62128448486328,812100
ATO,2023-01-20,112.5,113.06999969482422,110.8499984741211,113.0,111.56912994384766,592800
ATO,2023-01-23,112.94000244140624,114.44000244140624,112.16000366210938,113.5199966430664,112.08253479003906,581400
ATO,2023-01-24,114.3499984741211,115.0999984741211,112.0999984741211,114.8499984741211,113.39569854736328,511600
ATO,2023-01-25,114.18000030517578,115.23999786376952,113.54000091552734,115.13999938964844,113.6820297241211,566300
ATO,2023-01-26,115.22000122070312,116.36000061035156,114.62999725341795,115.4800033569336,114.0177230834961,519600
ATO,2023-01-27,115.4800033569336,116.58000183105467,114.87000274658205,115.9499969482422,114.48176574707033,585000
ATO,2023-01-30,115.66999816894533,117.12000274658205,115.33000183105467,115.52999877929688,114.0670928955078,681500
ATO,2023-01-31,116.18000030517578,117.8000030517578,114.9800033569336,117.54000091552734,116.0516357421875,1145100
ATO,2023-02-01,117.0,119.94000244140624,116.9800033569336,118.97000122070312,117.46353149414062,1098600
ATO,2023-02-02,119.3499984741211,121.44000244140624,118.6999969482422,119.5500030517578,118.03618621826172,1299700
ATO,2023-02-03,118.91999816894533,119.54000091552734,115.38999938964844,117.19000244140624,115.70606994628906,1130400
ATO,2023-02-06,117.23999786376952,117.88999938964844,115.88999938964844,117.63999938964844,116.1503677368164,648800
ATO,2023-02-07,117.12000274658205,117.36000061035156,115.41999816894533,116.9000015258789,115.41974639892578,797700
ATO,2023-02-08,117.61000061035156,118.45999908447266,114.83999633789062,116.4499969482422,114.97543334960938,971100
ATO,2023-02-09,116.4499969482422,117.5,114.51000213623048,114.5999984741211,113.14886474609376,716200
ATO,2023-02-10,114.5500030517578,116.2699966430664,114.41999816894533,116.25,114.77796936035156,682600
ATO,2023-02-13,116.26000213623048,117.0199966430664,115.93000030517578,116.80999755859376,115.33087921142578,578700
ATO,2023-02-14,116.83000183105467,117.29000091552734,115.08000183105467,115.7699966430664,114.3040542602539,551800
ATO,2023-02-15,114.9000015258789,116.9499969482422,114.41999816894533,116.91000366210938,115.42961883544922,754400
ATO,2023-02-16,114.66000366210938,116.13999938964844,113.37999725341795,115.69000244140624,114.95267486572266,809700
ATO,2023-02-17,115.95999908447266,117.88999938964844,115.66000366210938,117.11000061035156,116.3636245727539,1223000
ATO,2023-02-21,116.5999984741211,117.06999969482422,115.9499969482422,116.0500030517578,115.31038665771484,824600
ATO,2023-02-22,115.81999969482422,117.01000213623048,115.3499984741211,115.63999938964844,114.90299224853516,761700
ATO,2023-02-23,116.11000061035156,116.77999877929688,115.4000015258789,116.1500015258789,115.40974426269533,541100
ATO,2023-02-24,114.80999755859376,116.16000366210938,114.2300033569336,115.75,115.01229095458984,515400
ATO,2023-02-27,116.0999984741211,116.97000122070312,114.41999816894533,114.9000015258789,114.16770935058594,493000
ATO,2023-02-28,114.3000030517578,115.2300033569336,112.76000213623048,112.80999755859376,112.09102630615234,1069300
ATO,2023-03-01,111.83999633789062,112.30999755859376,109.9800033569336,110.54000091552734,109.8354949951172,709400
ATO,2023-03-02,110.26000213623048,111.48999786376952,109.61000061035156,111.48999786376952,110.7794418334961,544800
ATO,2023-03-03,111.86000061035156,112.7699966430664,110.37999725341795,112.7300033569336,112.01154327392578,565300
ATO,2023-03-06,112.75,113.95999908447266,112.62999725341795,113.4000015258789,112.6772689819336,573100
ATO,2023-03-07,113.69000244140624,114.12999725341795,110.81999969482422,111.1999969482422,110.49128723144533,588700
ATO,2023-03-08,111.2699966430664,112.9000015258789,111.0500030517578,112.38999938964844,111.6737060546875,606500
ATO,2023-03-09,112.68000030517578,112.9499969482422,110.41999816894533,110.52999877929688,109.8255615234375,961400
ATO,2023-03-10,110.81999969482422,111.2699966430664,108.16999816894533,109.16000366210938,108.46429443359376,948900
ATO,2023-03-13,109.02999877929688,113.0,108.93000030517578,110.52999877929688,109.8255615234375,1112700
ATO,2023-03-14,111.51000213623048,113.0999984741211,110.98999786376952,112.0500030517578,111.33587646484376,722300
ATO,2023-03-15,111.80999755859376,114.75,111.25,113.77999877929688,113.05484771728516,1096800
ATO,2023-03-16,113.4499969482422,115.93000030517578,113.26000213623048,114.33999633789062,113.61127471923828,1070800
ATO,2023-03-17,116.33000183105467,116.33000183105467,113.5500030517578,114.69000244140624,113.95905303955078,2777100
ATO,2023-03-20,114.8000030517578,115.8499984741211,114.51000213623048,114.87999725341795,114.14783477783205,1022300
ATO,2023-03-21,114.91999816894533,115.41999816894533,109.12999725341795,110.20999908447266,109.50759887695312,1473400
ATO,2023-03-22,110.25,110.83999633789062,107.2699966430664,107.29000091552734,106.60620880126952,877600
ATO,2023-03-23,107.0,108.01000213623048,105.77999877929688,106.5199966430664,105.84111785888672,896300
ATO,2023-03-24,106.77999877929688,109.41999816894533,106.2300033569336,109.37999725341795,108.6828842163086,945300
ATO,2023-03-27,110.01000213623048,110.95999908447266,109.5500030517578,110.25,109.54734802246094,533500
ATO,2023-03-28,110.0,111.0999984741211,109.55999755859376,110.05999755859376,109.35855102539062,584200
ATO,2023-03-29,110.63999938964844,111.91000366210938,110.61000061035156,111.52999877929688,110.81918334960938,577000
ATO,2023-03-30,111.62999725341795,112.44000244140624,111.2699966430664,111.94000244140624,111.22657775878906,690400
ATO,2023-03-31,112.3499984741211,112.41999816894533,110.76000213623048,112.36000061035156,111.6438980102539,1245300
ATO,2023-04-03,111.97000122070312,112.76000213623048,110.9000015258789,111.11000061035156,110.40186309814452,645500
ATO,2023-04-04,111.23999786376952,112.08999633789062,110.47000122070312,111.1500015258789,110.44161224365234,839900
ATO,2023-04-05,111.47000122070312,115.33000183105467,111.47000122070312,114.83999633789062,114.10808563232422,907000
ATO,2023-04-06,115.48999786376952,115.77999877929688,113.88999938964844,115.41999816894533,114.68439483642578,903600
ATO,2023-04-10,114.72000122070312,116.18000030517578,114.0,116.06999969482422,115.33025360107422,962500
ATO,2023-04-11,116.06999969482422,117.25,116.0500030517578,116.37000274658205,115.62834167480467,783200
ATO,2023-04-12,116.63999938964844,117.83999633789062,115.36000061035156,115.9000015258789,115.16133880615234,863000
ATO,2023-04-13,115.41000366210938,115.41000366210938,112.0999984741211,114.33999633789062,113.61127471923828,923500
ATO,2023-04-14,113.61000061035156,114.29000091552734,112.43000030517578,113.04000091552734,112.31956481933594,905400
ATO,2023-04-17,113.37000274658205,114.31999969482422,112.91999816894533,114.0999984741211,113.372802734375,883800
ATO,2023-04-18,113.66000366210938,114.08999633789062,112.31999969482422,113.5999984741211,112.87599182128906,840600
ATO,2023-04-19,114.05999755859376,114.97000122070312,113.77999877929688,114.73999786376952,114.00872802734376,743100
ATO,2023-04-20,115.2300033569336,115.93000030517578,114.2699966430664,115.7699966430664,115.03215789794922,813300
ATO,2023-04-21,116.55999755859376,116.73999786376952,115.06999969482422,115.37999725341795,114.64464569091795,472100
ATO,2023-04-24,115.51000213623048,116.26000213623048,115.01000213623048,116.22000122070312,115.47930145263672,470700
ATO,2023-04-25,116.11000061035156,116.8000030517578,115.9499969482422,116.2699966430664,115.52897644042967,632500
ATO,2023-04-26,115.69000244140624,116.16999816894533,113.81999969482422,113.8499984741211,113.12439727783205,806500
ATO,2023-04-27,114.06999969482422,115.01000213623048,112.68000030517578,114.94000244140624,114.20745849609376,790600
ATO,2023-04-28,114.55999755859376,115.1500015258789,113.41999816894533,114.13999938964844,113.4125518798828,684200
ATO,2023-05-01,114.0,115.77999877929688,113.83999633789062,114.5500030517578,113.8199462890625,707600
ATO,2023-05-02,114.61000061035156,114.9499969482422,111.70999908447266,112.3000030517578,111.58428192138672,706900
ATO,2023-05-03,112.97000122070312,114.79000091552734,112.87000274658205,112.91000366210938,112.19039916992188,731000
ATO,2023-05-04,111.0999984741211,118.19000244140624,111.0999984741211,117.95999908447266,117.2082061767578,1864700
ATO,2023-05-05,117.41999816894533,118.62999725341795,117.1999969482422,117.55999755859376,116.81075286865234,1169200
ATO,2023-05-08,116.73999786376952,118.0199966430664,116.37999725341795,117.86000061035156,117.10884857177734,837000
ATO,2023-05-09,117.27999877929688,119.11000061035156,116.77999877929688,118.5,117.74476623535156,1449600
ATO,2023-05-10,119.33999633789062,119.72000122070312,117.8499984741211,119.30999755859376,118.54959869384766,1046100
ATO,2023-05-11,119.38999938964844,119.38999938964844,117.56999969482422,118.0999984741211,117.3473129272461,806500
ATO,2023-05-12,119.0,119.4000015258789,117.91000366210938,119.1500015258789,118.390625,933600
ATO,2023-05-15,119.1999969482422,119.6999969482422,117.06999969482422,117.58999633789062,116.84056091308594,786100
ATO,2023-05-16,117.79000091552734,118.19000244140624,115.80999755859376,115.98999786376952,115.25076293945312,677800
ATO,2023-05-17,116.20999908447266,116.81999969482422,115.5500030517578,116.77999877929688,116.03572845458984,822700
ATO,2023-05-18,115.8000030517578,116.93000030517578,114.79000091552734,116.11000061035156,115.3699951171875,842000
ATO,2023-05-19,116.05999755859376,117.2699966430664,115.76000213623048,116.55999755859376,116.55999755859376,949400
ATO,2023-05-22,116.62000274658205,117.5500030517578,116.1500015258789,116.37000274658205,116.37000274658205,715900
ATO,2023-05-23,115.98999786376952,117.3000030517578,115.5,116.4000015258789,116.4000015258789,593200
ATO,2023-05-24,116.0999984741211,116.98999786376952,115.68000030517578,116.41000366210938,116.41000366210938,776300
ATO,2023-05-25,116.41000366210938,116.87000274658205,113.98999786376952,114.83999633789062,114.83999633789062,713200
ATO,2023-05-26,114.75,114.94000244140624,112.62000274658205,113.6999969482422,113.6999969482422,885700
ATO,2023-05-30,113.6999969482422,115.27999877929688,113.6999969482422,114.43000030517578,114.43000030517578,792000
ATO,2023-05-31,114.91999816894533,116.37000274658205,114.91000366210938,115.27999877929688,115.27999877929688,6839700
ATO,2023-06-01,115.11000061035156,115.1999969482422,110.79000091552734,112.06999969482422,112.06999969482422,1393300
ATO,2023-06-02,111.23999786376952,114.6999969482422,111.23999786376952,114.5199966430664,114.5199966430664,1205200
ATO,2023-06-05,114.73999786376952,116.30999755859376,114.3000030517578,114.5999984741211,114.5999984741211,783000
ATO,2023-06-06,115.48999786376952,116.11000061035156,114.13999938964844,115.16999816894533,115.16999816894533,706100
ATO,2023-06-07,115.6500015258789,117.58999633789062,114.36000061035156,117.13999938964844,117.13999938964844,653800
ATO,2023-06-08,116.79000091552734,117.5999984741211,116.51000213623048,117.5,117.5,765000
ATO,2023-06-09,117.6999969482422,118.0500030517578,117.0,117.33000183105467,117.33000183105467,544600
ATO,2023-06-12,117.5,117.76000213623048,116.41999816894533,117.5,117.5,791300
ATO,2023-06-13,116.80999755859376,117.8000030517578,116.5999984741211,117.56999969482422,117.56999969482422,671100
ATO,2023-06-14,117.44000244140624,118.0999984741211,116.72000122070312,117.06999969482422,117.06999969482422,949000
ATO,2023-06-15,117.5,117.88999938964844,116.72000122070312,117.48999786376952,117.48999786376952,887500
ATO,2023-06-16,117.6500015258789,118.77999877929688,116.94000244140624,117.0,117.0,1510700
ATO,2023-06-20,116.55999755859376,117.25,115.86000061035156,115.91000366210938,115.91000366210938,701200
ATO,2023-06-21,115.9499969482422,118.08000183105467,114.77999877929688,117.58000183105467,117.58000183105467,610400
ATO,2023-06-22,117.93000030517578,118.08000183105467,115.61000061035156,115.9499969482422,115.9499969482422,506000
ATO,2023-06-23,116.56999969482422,117.1999969482422,114.3000030517578,114.41999816894533,114.41999816894533,865100
ATO,2023-06-26,115.02999877929688,116.9499969482422,114.7699966430664,116.3499984741211,116.3499984741211,590600
ATO,2023-06-27,116.43000030517578,117.3499984741211,116.16000366210938,117.19000244140624,117.19000244140624,530600
ATO,2023-06-28,117.23999786376952,117.23999786376952,115.1500015258789,115.26000213623048,115.26000213623048,756300
ATO,2023-06-29,114.8499984741211,115.98999786376952,114.62999725341795,115.6999969482422,115.6999969482422,827100
ATO,2023-06-30,116.0,116.7699966430664,115.11000061035156,116.33999633789062,116.33999633789062,519400
ATO,2023-07-03,115.83000183105467,117.51000213623048,115.83000183105467,117.3000030517578,117.3000030517578,260200
ATO,2023-07-05,117.1500015258789,119.62999725341795,117.0999984741211,118.58999633789062,118.58999633789062,794000
ATO,2023-07-06,117.72000122070312,118.19000244140624,116.68000030517578,117.54000091552734,117.54000091552734,536000
ATO,2023-07-07,116.95999908447266,117.88999938964844,116.1500015258789,117.30999755859376,117.30999755859376,694300
ATO,2023-07-10,117.30999755859376,117.72000122070312,117.0,117.58000183105467,117.58000183105467,818900
ATO,2023-07-11,117.81999969482422,118.51000213623048,117.2300033569336,118.4800033569336,118.4800033569336,621300
ATO,2023-07-12,118.98999786376952,120.73999786376952,118.93000030517578,120.37000274658205,120.37000274658205,573100
ATO,2023-07-13,120.31999969482422,120.54000091552734,119.8000030517578,120.38999938964844,120.38999938964844,551500
ATO,2023-07-14,120.16000366210938,120.16000366210938,118.7300033569336,119.44000244140624,119.44000244140624,576200
ATO,2023-07-17,119.38999938964844,120.36000061035156,118.23999786376952,119.69000244140624,119.69000244140624,696700
ATO,2023-07-18,119.83000183105467,120.97000122070312,118.26000213623048,119.3499984741211,119.3499984741211,733600
ATO,2023-07-19,119.9000015258789,121.1999969482422,119.72000122070312,121.16999816894533,121.16999816894533,597000
ATO,2023-07-20,118.86000061035156,122.22000122070312,118.86000061035156,122.18000030517578,122.18000030517578,791400
ATO,2023-07-21,122.56999969482422,123.9800033569336,122.04000091552734,123.27999877929688,123.27999877929688,622700
ATO,2023-07-24,123.3000030517578,123.5999984741211,121.9000015258789,123.16999816894533,123.16999816894533,638900
ATO,2023-07-25,123.23999786376952,124.31999969482422,122.8499984741211,123.8499984741211,123.8499984741211,545200
ATO,2023-07-26,123.83000183105467,125.27999877929688,123.79000091552734,124.41000366210938,124.41000366210938,511200
ATO,2023-07-27,124.19000244140624,124.7300033569336,122.08999633789062,122.26000213623048,122.26000213623048,697300
ATO,2023-07-28,123.26000213623048,123.47000122070312,121.5999984741211,122.0999984741211,122.0999984741211,526900
ATO,2023-07-31,122.66999816894533,122.87000274658205,121.05999755859376,121.70999908447266,121.70999908447266,1574200
ATO,2023-08-01,121.55999755859376,122.58999633789062,120.8499984741211,121.05999755859376,121.05999755859376,810000
ATO,2023-08-02,120.08000183105467,122.6500015258789,119.8499984741211,121.4800033569336,121.4800033569336,1383300
ATO,2023-08-03,122.69000244140624,122.87999725341795,117.69000244140624,118.3249969482422,118.3249969482422,466964
