Ticker,Date,Open,High,Low,Close,Adj Close,Volume
BXP,1997-06-18,26.125,26.875,26.125,26.75,8.075572967529297,7918300
BXP,1997-06-19,26.875,27.0,26.5,26.625,8.037837028503418,1472400
BXP,1997-06-20,26.75,26.75,26.25,26.375,7.962362766265869,1030200
BXP,1997-06-23,26.375,26.375,26.125,26.125,7.886891841888428,628900
BXP,1997-06-24,26.1875,26.25,26.0625,26.0625,7.868021965026855,541800
BXP,1997-06-25,26.25,26.5625,26.25,26.4375,7.981230735778809,570500
BXP,1997-06-26,26.75,27.0,26.5625,27.0,8.151045799255371,488700
BXP,1997-06-27,27.0,27.125,26.75,26.875,8.113309860229492,586400
BXP,1997-06-30,26.8125,27.5,26.25,27.25,8.226520538330078,629800
BXP,1997-07-01,27.125,27.125,26.625,26.625,8.037837028503418,269700
BXP,1997-07-02,26.375,26.625,26.375,26.375,7.962362766265869,350800
BXP,1997-07-03,26.4375,26.75,26.4375,26.625,8.037837028503418,173000
BXP,1997-07-07,26.875,26.9375,26.5,26.75,8.075572967529297,449500
BXP,1997-07-08,26.6875,26.875,26.625,26.6875,8.056705474853516,239400
BXP,1997-07-09,26.625,26.6875,26.5,26.5625,8.018969535827637,226000
BXP,1997-07-10,26.5,26.5,26.3125,26.375,7.962362766265869,425100
BXP,1997-07-11,26.375,26.5,26.3125,26.4375,7.981230735778809,326300
BXP,1997-07-14,26.6875,27.1875,26.625,26.75,8.075572967529297,311000
BXP,1997-07-15,26.9375,26.9375,26.5625,26.6875,8.056705474853516,534400
BXP,1997-07-16,26.6875,27.0,26.625,26.875,8.113309860229492,443700
BXP,1997-07-17,26.9375,27.1875,26.9375,27.0625,8.169917106628418,443800
BXP,1997-07-18,27.0,27.0625,26.375,26.625,8.037837028503418,359600
BXP,1997-07-21,26.375,26.875,26.25,26.8125,8.094440460205078,422700
BXP,1997-07-22,26.8125,26.9375,26.75,26.8125,8.094440460205078,246500
BXP,1997-07-23,26.9375,26.9375,26.8125,26.8125,8.094440460205078,196900
BXP,1997-07-24,26.9375,27.125,26.75,27.0625,8.169917106628418,481800
BXP,1997-07-25,27.1875,27.375,27.125,27.3125,8.245388984680176,225800
BXP,1997-07-28,27.1875,27.375,27.0,27.3125,8.245388984680176,127600
BXP,1997-07-29,27.25,27.5625,27.1875,27.4375,8.283125877380371,350200
BXP,1997-07-30,27.4375,27.625,27.0,27.5625,8.320860862731934,126600
BXP,1997-07-31,27.5625,28.0,27.5,27.875,8.415200233459473,203500
BXP,1997-08-01,27.9375,27.9375,27.25,27.875,8.415200233459473,85200
BXP,1997-08-04,27.9375,28.0,27.1875,27.875,8.415200233459473,115600
BXP,1997-08-05,27.6875,28.3125,27.5625,28.125,8.490671157836914,152900
BXP,1997-08-06,28.0,29.375,27.9375,29.375,8.868036270141602,234900
BXP,1997-08-07,29.3125,29.375,29.25,29.25,8.830304145812988,358900
BXP,1997-08-08,29.0,29.0,28.0,29.0,8.754827499389648,387300
BXP,1997-08-11,28.875,28.9375,27.625,28.1875,8.509542465209961,164700
BXP,1997-08-12,28.25,28.375,27.9375,27.9375,8.434064865112305,437100
BXP,1997-08-13,28.0,28.25,27.5,27.6875,8.358595848083496,323000
BXP,1997-08-14,27.5625,27.75,27.5,27.5,8.301990509033203,89800
BXP,1997-08-15,27.625,27.75,27.5,27.625,8.339728355407715,120200
BXP,1997-08-18,27.5625,27.8125,27.5,27.8125,8.396332740783691,177000
BXP,1997-08-19,27.8125,28.3125,27.75,28.25,8.52840805053711,161300
BXP,1997-08-20,28.375,28.9375,28.1875,28.6875,8.660482406616211,206500
BXP,1997-08-21,28.6875,29.0625,28.5625,29.0,8.754827499389648,133000
BXP,1997-08-22,28.6875,29.5,28.4375,29.25,8.830304145812988,449700
BXP,1997-08-25,29.25,29.375,29.125,29.3125,8.849164962768555,227300
BXP,1997-08-26,29.375,29.375,29.25,29.25,8.830304145812988,266800
BXP,1997-08-27,29.25,29.5,29.25,29.3125,8.849164962768555,183200
BXP,1997-08-28,29.375,29.75,29.25,29.5625,8.92464542388916,177900
BXP,1997-08-29,29.5625,30.0,29.5625,29.8125,9.000114440917969,176600
BXP,1997-09-02,29.75,30.1875,29.6875,29.875,9.018980026245115,194000
BXP,1997-09-03,30.0,30.375,29.875,29.9375,9.037851333618164,296000
BXP,1997-09-04,30.0,30.0625,29.5,29.625,8.94350814819336,250400
BXP,1997-09-05,29.625,31.5,29.625,30.875,9.320865631103516,395800
BXP,1997-09-08,31.25,31.375,31.0,31.1875,9.415212631225586,193200
BXP,1997-09-09,31.0625,31.4375,31.0,31.0,9.35860824584961,242300
BXP,1997-09-10,31.125,31.3125,30.5,30.5625,9.226533889770508,328500
BXP,1997-09-11,30.5625,30.8125,30.0625,30.125,9.094452857971191,110400
BXP,1997-09-12,30.4375,30.625,30.375,30.5625,9.226533889770508,63400
BXP,1997-09-15,30.6875,31.0,30.5,31.0,9.35860824584961,249600
BXP,1997-09-16,31.125,32.0625,31.125,31.8125,9.603896141052246,425200
BXP,1997-09-17,32.25,33.0625,31.625,31.75,9.58502960205078,552400
BXP,1997-09-18,31.625,32.0625,31.625,32.0,9.66050148010254,223600
BXP,1997-09-19,32.25,32.375,31.75,32.0,9.66050148010254,110500
BXP,1997-09-22,31.9375,32.25,31.8125,31.9375,9.641632080078123,213500
BXP,1997-09-23,31.875,31.9375,31.375,31.5625,9.528424263000488,198400
BXP,1997-09-24,31.6875,31.875,31.625,31.875,9.62276554107666,83300
BXP,1997-09-25,31.75,32.125,31.75,32.125,9.698235511779783,111400
BXP,1997-09-26,31.9375,32.4375,31.75,32.4375,9.792574882507324,116800
BXP,1997-09-29,32.75,33.25,32.5625,33.25,10.037863731384276,59300
BXP,1997-09-30,33.125,33.125,32.75,32.8125,9.905784606933594,282700
BXP,1997-10-01,32.75,33.875,32.75,33.75,10.18880558013916,67900
BXP,1997-10-02,33.8125,34.25,33.8125,34.0,10.264280319213867,136000
BXP,1997-10-03,34.125,34.5,33.75,33.9375,10.24541473388672,73700
BXP,1997-10-06,33.9375,34.0625,33.25,33.5,10.113335609436035,235200
BXP,1997-10-07,33.25,33.25,32.4375,32.8125,9.905784606933594,101300
BXP,1997-10-08,32.9375,33.5,32.9375,33.1875,10.018994331359863,98200
BXP,1997-10-09,33.0625,33.0625,32.6875,32.8125,9.905784606933594,88200
BXP,1997-10-10,32.6875,32.8125,31.5,32.5,9.811443328857422,158300
BXP,1997-10-13,32.6875,32.75,32.5625,32.75,9.886919975280762,130400
BXP,1997-10-14,32.6875,33.375,32.6875,33.25,10.037863731384276,215700
BXP,1997-10-15,33.25,33.5,33.1875,33.3125,10.056730270385742,247000
BXP,1997-10-16,33.25,33.375,32.25,32.375,9.773706436157228,167300
BXP,1997-10-17,32.125,32.1875,31.625,32.0,9.66050148010254,266700
BXP,1997-10-20,31.875,32.0,31.75,31.9375,9.641632080078123,57700
BXP,1997-10-21,31.9375,32.0,31.5,31.5,9.50955581665039,178400
BXP,1997-10-22,31.625,32.25,31.625,31.75,9.58502960205078,100600
BXP,1997-10-23,31.625,31.625,30.46875,31.1875,9.415212631225586,85800
BXP,1997-10-24,31.25,31.875,31.25,31.875,9.62276554107666,203800
BXP,1997-10-27,31.75,31.75,30.875,30.875,9.320865631103516,145800
BXP,1997-10-28,28.5,30.0,28.5,30.0,9.056718826293944,472600
BXP,1997-10-29,30.0,31.0625,30.0,30.8125,9.302002906799316,205400
BXP,1997-10-30,30.6875,30.6875,29.9375,30.0625,9.075584411621094,322100
BXP,1997-10-31,31.5,32.0,31.5,32.0,9.66050148010254,757200
BXP,1997-11-03,32.125,33.75,32.125,33.75,10.18880558013916,206900
BXP,1997-11-04,33.5625,34.0625,33.25,34.0625,10.283147811889648,106800
BXP,1997-11-05,33.625,33.75,33.0625,33.5,10.245684623718262,112900
BXP,1997-11-06,33.375,33.9375,33.375,33.75,10.322141647338867,91500
BXP,1997-11-07,33.5,33.9375,33.25,33.625,10.283916473388672,103800
BXP,1997-11-10,33.8125,34.0,33.0,33.0625,10.1118745803833,75100
BXP,1997-11-11,33.0,33.125,32.5,32.625,9.978072166442873,102800
BXP,1997-11-12,32.375,32.5625,32.25,32.4375,9.920724868774414,84600
BXP,1997-11-13,32.0625,32.125,31.8125,31.9375,9.767805099487305,135000
BXP,1997-11-14,31.9375,33.25,31.9375,33.25,10.16922378540039,194600
BXP,1997-11-17,33.375,34.375,33.375,34.0,10.398605346679688,215000
BXP,1997-11-18,34.0,34.4375,33.875,34.0,10.398605346679688,263400
BXP,1997-11-19,33.75,34.25,33.75,34.1875,10.455950736999512,55700
BXP,1997-11-20,34.0625,34.4375,34.0625,34.375,10.51329517364502,57100
BXP,1997-11-21,34.1875,34.375,34.0625,34.3125,10.494178771972656,40400
BXP,1997-11-24,34.4375,34.4375,33.8125,34.0,10.398605346679688,72100
BXP,1997-11-25,34.0,34.125,33.875,33.9375,10.379491806030272,57400
BXP,1997-11-26,33.375,33.5,32.5,32.75,10.016305923461914,119400
BXP,1997-11-28,32.8125,32.8125,32.5625,32.625,9.978072166442873,9700
BXP,1997-12-01,32.5,33.25,32.5,33.25,10.16922378540039,82500
BXP,1997-12-02,33.125,33.875,33.0,33.875,10.360373497009276,63300
BXP,1997-12-03,33.875,34.375,33.875,34.375,10.51329517364502,26100
BXP,1997-12-04,34.375,34.4375,33.0,34.375,10.51329517364502,124800
BXP,1997-12-05,34.25,34.375,33.875,33.9375,10.379491806030272,46400
BXP,1997-12-08,33.9375,34.0,33.8125,33.875,10.360373497009276,36700
BXP,1997-12-09,34.0,35.25,33.625,34.375,10.51329517364502,171800
BXP,1997-12-10,34.5,34.5,34.0,34.0625,10.417716979980469,89400
BXP,1997-12-11,34.0,34.0625,33.3125,33.875,10.360373497009276,85000
BXP,1997-12-12,33.75,33.875,33.1875,33.5,10.245684623718262,19600
BXP,1997-12-15,33.75,34.125,33.625,34.0625,10.417716979980469,63800
BXP,1997-12-16,33.9375,33.9375,33.75,33.875,10.360373497009276,88400
BXP,1997-12-17,34.0,34.375,33.875,34.375,10.51329517364502,88500
BXP,1997-12-18,34.375,34.375,33.625,34.0625,10.417716979980469,415100
BXP,1997-12-19,34.0625,34.125,33.875,34.0,10.398605346679688,61300
BXP,1997-12-22,33.875,33.9375,33.1875,33.25,10.16922378540039,91600
BXP,1997-12-23,32.8125,32.875,32.5625,32.875,10.178509712219238,53400
BXP,1997-12-24,32.9375,33.25,32.9375,33.25,10.29461669921875,7400
BXP,1997-12-26,33.125,33.25,33.125,33.1875,10.275264739990234,4500
BXP,1997-12-29,33.3125,33.5625,33.125,33.1875,10.275264739990234,33500
BXP,1997-12-30,33.4375,33.75,33.375,33.6875,10.430068016052246,76700
BXP,1997-12-31,33.6875,33.75,33.0625,33.0625,10.236559867858888,83900
BXP,1998-01-02,33.125,33.1875,33.0,33.1875,10.275264739990234,27900
BXP,1998-01-05,33.4375,33.6875,32.9375,33.625,10.410723686218262,39700
BXP,1998-01-06,33.6875,33.75,33.4375,33.6875,10.430068016052246,53400
BXP,1998-01-07,33.625,33.75,33.5,33.5625,10.391369819641112,36400
BXP,1998-01-08,33.6875,33.75,33.5,33.6875,10.430068016052246,34600
BXP,1998-01-09,33.6875,33.75,33.3125,33.4375,10.3526611328125,66700
BXP,1998-01-12,33.25,33.25,32.8125,33.0,10.21721076965332,22300
BXP,1998-01-13,32.8125,32.8125,32.4375,32.5,10.062405586242676,58400
BXP,1998-01-14,32.75,32.9375,32.625,32.875,10.178509712219238,55000
BXP,1998-01-15,32.9375,33.3125,32.9375,33.25,10.29461669921875,77200
BXP,1998-01-16,33.125,34.75,33.125,34.5,10.681632995605469,140900
BXP,1998-01-20,34.25,34.25,33.5,33.5625,10.391369819641112,117100
BXP,1998-01-21,33.75,34.25,33.625,34.125,10.56552505493164,288200
BXP,1998-01-22,34.125,35.0,34.125,34.5625,10.70098114013672,259100
BXP,1998-01-23,34.625,35.0,34.5625,34.9375,10.817089080810549,94800
BXP,1998-01-26,34.8125,35.75,34.8125,35.125,10.875139236450195,294700
BXP,1998-01-27,35.125,35.625,35.125,35.5625,11.01059341430664,6032500
BXP,1998-01-28,35.5,35.75,35.5,35.625,11.02994441986084,1054100
BXP,1998-01-29,35.6875,35.9375,35.5625,35.75,11.068646430969238,790500
BXP,1998-01-30,35.5625,35.625,35.3125,35.5625,11.01059341430664,1075500
BXP,1998-02-02,35.5,35.9375,35.5,35.875,11.107354164123535,582700
BXP,1998-02-03,35.8125,36.0625,35.8125,35.875,11.107354164123535,596300
BXP,1998-02-04,35.875,35.875,35.5625,35.6875,11.049296379089355,283900
BXP,1998-02-05,35.625,35.875,35.5,35.8125,11.088001251220703,241700
BXP,1998-02-06,35.8125,35.9375,35.6875,35.75,11.068646430969238,266200
BXP,1998-02-09,35.875,35.875,35.5625,35.6875,11.049296379089355,234500
BXP,1998-02-10,35.625,35.6875,35.4375,35.5625,11.01059341430664,532700
BXP,1998-02-11,35.5,35.5,35.25,35.4375,10.971898078918455,572400
BXP,1998-02-12,35.375,35.375,35.125,35.3125,10.933191299438477,272100
BXP,1998-02-13,35.25,35.3125,35.125,35.1875,10.894493103027344,330000
BXP,1998-02-17,35.125,35.25,35.0,35.125,10.875139236450195,216100
BXP,1998-02-18,35.1875,35.1875,34.875,35.0,10.836440086364746,360500
BXP,1998-02-19,35.0625,35.125,34.875,35.0,10.836440086364746,362700
BXP,1998-02-20,34.875,35.0,34.75,34.875,10.797740936279297,190500
BXP,1998-02-23,34.875,35.0,34.5,34.875,10.797740936279297,140700
BXP,1998-02-24,34.875,35.0,34.625,35.0,10.836440086364746,215400
BXP,1998-02-25,35.0,35.0625,34.5,34.75,10.759038925170898,326400
BXP,1998-02-26,34.625,34.8125,33.875,34.125,10.56552505493164,372500
BXP,1998-02-27,34.25,34.25,34.0,34.0,10.526825904846191,95000
BXP,1998-03-02,34.0,34.0625,33.3125,33.625,10.410723686218262,589800
BXP,1998-03-03,33.375,33.375,32.75,33.125,10.255911827087402,644800
BXP,1998-03-04,33.375,34.75,33.375,34.09375,10.55585479736328,360900
BXP,1998-03-05,34.0,34.875,33.875,34.3125,10.623579025268556,428000
BXP,1998-03-06,34.25,34.6875,34.25,34.375,10.642930030822754,111900
BXP,1998-03-09,34.4375,34.5625,34.125,34.3125,10.623579025268556,141700
BXP,1998-03-10,34.25,34.5625,34.0,34.4375,10.662281036376951,509600
BXP,1998-03-11,34.3125,34.375,34.25,34.25,10.604226112365724,273200
BXP,1998-03-12,34.25,34.5,34.25,34.3125,10.623579025268556,63300
BXP,1998-03-13,34.25,34.4375,34.25,34.25,10.604226112365724,259200
BXP,1998-03-16,34.1875,34.25,32.75,33.1875,10.275264739990234,655100
BXP,1998-03-17,33.25,33.375,32.875,33.0,10.21721076965332,395300
BXP,1998-03-18,33.0,33.125,32.75,32.8125,10.159160614013672,400200
BXP,1998-03-19,32.8125,32.875,32.75,32.875,10.178509712219238,465900
BXP,1998-03-20,32.875,33.6875,32.875,33.5,10.372020721435549,575500
BXP,1998-03-23,33.5,34.125,33.5,34.0,10.526825904846191,155400
BXP,1998-03-24,34.0625,34.5,33.75,34.375,10.642930030822754,136600
BXP,1998-03-25,34.3125,34.5,33.875,34.3125,10.623579025268556,100700
BXP,1998-03-26,34.375,35.125,34.375,35.0,10.836440086364746,151300
BXP,1998-03-27,35.0,35.25,34.9375,35.1875,10.894493103027344,193900
BXP,1998-03-30,35.1875,35.4375,35.0,35.125,10.875139236450195,145800
BXP,1998-03-31,35.0625,35.1875,34.9375,35.1875,10.894493103027344,185100
BXP,1998-04-01,35.1875,35.25,34.9375,35.0,10.836440086364746,136000
BXP,1998-04-02,35.0625,35.375,34.9375,35.25,10.913846015930176,176500
BXP,1998-04-03,35.3125,35.3125,35.0,35.3125,10.933191299438477,194900
BXP,1998-04-06,35.25,35.3125,34.5,34.75,10.759038925170898,85100
BXP,1998-04-07,34.9375,35.0,34.375,34.875,10.797740936279297,132400
BXP,1998-04-08,34.8125,34.9375,34.4375,34.5,10.681632995605469,101100
BXP,1998-04-09,34.5,35.125,34.5,35.0,10.836440086364746,114300
BXP,1998-04-13,35.0625,35.0625,34.5625,34.75,10.759038925170898,83000
BXP,1998-04-14,34.75,35.1875,34.75,35.1875,10.894493103027344,57800
BXP,1998-04-15,35.0625,35.5625,35.0625,35.5625,11.01059341430664,417200
BXP,1998-04-16,35.5625,36.0,35.4375,35.9375,11.126696586608888,316200
BXP,1998-04-17,35.9375,36.0,35.25,35.25,10.913846015930176,268100
BXP,1998-04-20,35.0625,35.125,34.0625,34.375,10.642930030822754,267500
BXP,1998-04-21,34.125,34.5,34.0,34.0,10.526825904846191,185300
BXP,1998-04-22,34.0625,34.125,33.8125,33.875,10.488122940063477,110400
BXP,1998-04-23,33.625,33.625,33.0625,33.25,10.29461669921875,213300
BXP,1998-04-24,33.25,33.375,32.875,33.0625,10.236559867858888,139200
BXP,1998-04-27,33.0,33.0,32.125,32.625,10.10110855102539,498200
BXP,1998-04-28,32.75,33.0,32.75,32.9375,10.197860717773438,166700
BXP,1998-04-29,33.0,33.6875,33.0,33.6875,10.430068016052246,207400
BXP,1998-04-30,33.5,33.625,33.0,33.0625,10.236559867858888,390300
BXP,1998-05-01,33.125,33.1875,32.9375,33.0625,10.236559867858888,837900
BXP,1998-05-04,33.125,33.3125,33.0625,33.1875,10.275264739990234,347600
BXP,1998-05-05,33.5,33.5625,33.25,33.375,10.333318710327148,238000
BXP,1998-05-06,32.9375,33.375,32.9375,33.25,10.42107391357422,156100
BXP,1998-05-07,33.375,33.4375,33.125,33.375,10.460254669189451,80600
BXP,1998-05-08,33.4375,33.5625,33.0,33.4375,10.479835510253906,484800
BXP,1998-05-11,33.5625,33.625,33.3125,33.4375,10.479835510253906,148300
BXP,1998-05-12,33.3125,33.3125,33.0,33.125,10.381897926330566,499500
BXP,1998-05-13,33.375,35.25,33.375,34.0,10.65613842010498,271800
BXP,1998-05-14,34.0,34.1875,34.0,34.0,10.65613842010498,100400
BXP,1998-05-15,34.125,34.75,34.0625,34.4375,10.793255805969238,94700
BXP,1998-05-18,34.4375,34.625,34.375,34.5625,10.832433700561523,212200
BXP,1998-05-19,34.4375,34.5625,34.4375,34.5625,10.832433700561523,128400
BXP,1998-05-20,34.5625,35.125,34.5,34.625,10.852022171020508,249400
BXP,1998-05-21,34.625,34.875,34.375,34.4375,10.793255805969238,88800
BXP,1998-05-22,34.5,34.875,34.5,34.8125,10.91078281402588,270500
BXP,1998-05-26,34.875,35.0,34.375,34.4375,10.793255805969238,202800
BXP,1998-05-27,34.0,34.3125,34.0,34.1875,10.714900970458984,158700
BXP,1998-05-28,34.125,34.3125,34.0,34.0625,10.675724983215332,225000
BXP,1998-05-29,34.25,34.25,33.5625,34.0,10.65613842010498,280400
BXP,1998-06-01,33.875,34.125,33.6875,33.875,10.616955757141112,224900
BXP,1998-06-02,33.625,33.8125,33.3125,33.3125,10.440662384033203,80600
BXP,1998-06-03,33.5,33.625,33.375,33.4375,10.479835510253906,74600
BXP,1998-06-04,33.25,33.625,33.0625,33.5,10.499430656433104,134200
BXP,1998-06-05,33.5,33.5,33.0,33.0625,10.362305641174316,289200
BXP,1998-06-08,33.1875,33.375,31.875,32.0625,10.048893928527832,1273600
BXP,1998-06-09,32.1875,32.5,31.9375,32.3125,10.127242088317873,106800
BXP,1998-06-10,32.6875,33.375,32.6875,33.0,10.342716217041016,318300
BXP,1998-06-11,33.0625,33.5,33.0,33.0625,10.362305641174316,379000
BXP,1998-06-12,33.0,33.3125,31.875,32.1875,10.088069915771484,111000
BXP,1998-06-15,32.0625,32.5,32.0,32.1875,10.088069915771484,144200
BXP,1998-06-16,32.25,32.5,32.125,32.4375,10.166423797607422,196200
BXP,1998-06-17,32.4375,32.875,32.4375,32.625,10.22519302368164,69500
BXP,1998-06-18,32.5625,33.375,32.5625,33.375,10.460254669189451,102400
BXP,1998-06-19,33.5,34.0,33.4375,34.0,10.65613842010498,193200
BXP,1998-06-22,34.125,34.625,33.75,33.8125,10.597370147705078,161400
BXP,1998-06-23,33.75,34.375,33.75,34.125,10.695321083068848,152200
BXP,1998-06-24,34.25,34.3125,33.875,33.9375,10.63654899597168,108300
BXP,1998-06-25,34.0,34.125,33.5625,33.9375,10.63654899597168,170700
BXP,1998-06-26,34.0,34.0,33.75,33.875,10.616955757141112,144600
BXP,1998-06-29,33.9375,34.0,33.8125,34.0,10.65613842010498,182500
BXP,1998-06-30,34.0,34.5,33.875,34.0,10.65613842010498,396600
BXP,1998-07-01,34.75,34.9375,33.9375,34.3125,10.75408172607422,317300
BXP,1998-07-02,34.1875,34.25,34.0,34.125,10.695321083068848,148800
BXP,1998-07-06,34.0625,34.5,34.0625,34.5,10.812843322753906,229500
BXP,1998-07-07,34.4375,34.9375,34.4375,34.6875,10.87161350250244,140700
BXP,1998-07-08,34.5625,34.625,33.625,34.5,10.812843322753906,215500
BXP,1998-07-09,34.3125,34.5,33.875,34.375,10.773664474487305,146700
BXP,1998-07-10,34.625,34.6875,34.0625,34.1875,10.714900970458984,204300
BXP,1998-07-13,34.3125,34.3125,34.0625,34.125,10.695321083068848,93800
BXP,1998-07-14,34.0625,34.3125,33.625,33.625,10.538606643676758,632900
BXP,1998-07-15,33.625,34.0,33.625,33.8125,10.597370147705078,111200
BXP,1998-07-16,33.75,34.0,33.5,33.5,10.499430656433104,164600
BXP,1998-07-17,33.4375,34.0,33.25,33.9375,10.63654899597168,85300
BXP,1998-07-20,34.125,34.125,33.375,33.625,10.538606643676758,204900
BXP,1998-07-21,33.75,34.1875,33.6875,33.8125,10.597370147705078,204700
BXP,1998-07-22,33.75,33.75,33.4375,33.75,10.577781677246094,63600
BXP,1998-07-23,33.5625,33.5625,32.8125,32.8125,10.283957481384276,81900
BXP,1998-07-24,32.875,33.3125,32.8125,33.3125,10.440662384033203,114300
BXP,1998-07-27,33.5,33.5,32.8125,32.8125,10.283957481384276,1056600
BXP,1998-07-28,32.9375,32.9375,32.0,32.125,10.0684814453125,265900
BXP,1998-07-29,32.625,32.6875,32.1875,32.1875,10.088069915771484,166500
BXP,1998-07-30,32.1875,32.375,32.0,32.0625,10.048893928527832,100800
BXP,1998-07-31,32.0625,32.75,31.75,32.3125,10.127242088317873,158700
BXP,1998-08-03,32.125,32.125,31.75,31.75,9.950955390930176,119300
BXP,1998-08-04,31.75,31.875,31.0625,31.0625,9.735477447509766,145300
BXP,1998-08-05,31.0,31.125,30.6875,30.6875,9.617947578430176,345600
BXP,1998-08-06,30.25,31.25,30.25,31.25,9.925232887268066,163500
BXP,1998-08-07,31.0,31.75,31.0,31.6875,10.064183235168455,101500
BXP,1998-08-10,31.8125,32.1875,31.5,31.625,10.044339179992676,119000
BXP,1998-08-11,31.375,31.625,31.375,31.625,10.044339179992676,117200
BXP,1998-08-12,31.5,32.25,31.5,32.1875,10.222986221313477,109500
BXP,1998-08-13,32.125,32.125,31.9375,32.0,10.163434982299805,69400
BXP,1998-08-14,31.9375,32.0625,31.375,31.625,10.044339179992676,250800
BXP,1998-08-17,31.6875,31.75,31.625,31.75,10.08403778076172,124600
BXP,1998-08-18,31.75,31.8125,31.625,31.75,10.08403778076172,203000
BXP,1998-08-19,31.6875,32.0625,31.625,31.9375,10.14358615875244,86700
BXP,1998-08-20,31.875,31.9375,31.6875,31.875,10.123735427856444,105200
BXP,1998-08-21,31.9375,32.0625,31.3125,31.625,10.044339179992676,54200
BXP,1998-08-24,31.5625,31.625,31.125,31.625,10.044339179992676,195200
BXP,1998-08-25,31.5625,31.875,31.5625,31.625,10.044339179992676,117900
BXP,1998-08-26,31.375,32.875,31.375,32.3125,10.262688636779783,113200
BXP,1998-08-27,32.125,32.125,30.9375,31.0,9.845829963684082,196000
BXP,1998-08-28,31.125,31.125,29.75,29.75,9.448822021484377,176100
BXP,1998-08-31,29.625,29.75,28.25,28.375,9.012110710144045,179500
BXP,1998-09-01,28.4375,28.5625,28.0,28.5625,9.071661949157717,397000
BXP,1998-09-02,28.5625,28.6875,27.625,27.6875,8.793757438659668,346600
BXP,1998-09-03,27.5625,27.5625,26.4375,27.0,8.575400352478027,254400
BXP,1998-09-04,27.0,27.0,26.4375,27.0,8.575400352478027,151100
BXP,1998-09-08,27.1875,27.5,27.0,27.0625,8.595251083374023,105100
BXP,1998-09-09,27.0625,27.125,25.625,26.125,8.297492980957031,154500
BXP,1998-09-10,25.875,25.875,24.5,24.5625,7.801231861114502,220800
BXP,1998-09-11,24.4375,24.4375,23.4375,23.875,7.582878589630127,143900
BXP,1998-09-14,23.9375,24.125,23.6875,24.0,7.62257719039917,257600
BXP,1998-09-15,23.9375,24.875,23.8125,24.8125,7.880630016326904,336500
BXP,1998-09-16,24.6875,26.3125,24.6875,26.0,8.257794380187988,220000
BXP,1998-09-17,26.0625,27.125,25.6875,26.9375,8.555550575256348,481000
BXP,1998-09-18,26.8125,27.5,26.75,27.5,8.73420524597168,174800
BXP,1998-09-21,27.25,29.5,27.0,29.4375,9.349573135375977,170500
BXP,1998-09-22,30.0625,31.875,30.0625,31.375,9.964932441711426,406200
BXP,1998-09-23,31.375,31.625,31.25,31.4375,9.984784126281738,348000
BXP,1998-09-24,31.375,31.375,30.8125,30.875,9.806123733520508,304000
BXP,1998-09-25,30.75,30.75,29.5625,29.625,9.409120559692385,216400
BXP,1998-09-28,29.6875,29.6875,28.5,28.875,9.17091178894043,132400
BXP,1998-09-29,29.0,29.0,28.75,28.8125,9.151060104370115,404500
BXP,1998-09-30,28.625,28.625,28.375,28.5,9.05181121826172,186200
BXP,1998-10-01,28.375,28.375,27.8125,28.125,8.932705879211426,105100
BXP,1998-10-02,27.9375,27.9375,27.375,27.625,8.773905754089355,114300
BXP,1998-10-05,27.625,27.6875,26.25,26.75,8.495997428894043,235900
BXP,1998-10-06,27.125,27.75,27.125,27.3125,8.674652099609375,251800
BXP,1998-10-07,27.3125,27.625,27.0,27.125,8.615100860595703,121900
BXP,1998-10-08,26.875,26.875,26.0,26.625,8.456302642822266,214900
BXP,1998-10-09,26.6875,27.125,26.625,26.9375,8.555550575256348,297500
BXP,1998-10-12,26.9375,28.125,26.9375,28.0,8.89300537109375,191200
BXP,1998-10-13,28.125,28.5,28.0,28.3125,8.992257118225098,112900
BXP,1998-10-14,28.3125,28.375,27.875,28.375,9.012110710144045,131400
BXP,1998-10-15,28.4375,28.75,28.0625,28.6875,9.111355781555176,67600
BXP,1998-10-16,28.9375,30.375,28.9375,30.0,9.528223037719728,332400
BXP,1998-10-19,30.0,30.0,29.875,29.9375,9.50837230682373,212400
BXP,1998-10-20,29.875,30.0,29.875,29.9375,9.50837230682373,96900
BXP,1998-10-21,29.9375,29.9375,29.5,29.5,9.36942195892334,149000
BXP,1998-10-22,29.5,29.5,29.125,29.1875,9.270164489746094,56000
BXP,1998-10-23,29.375,29.375,28.75,28.8125,9.151060104370115,58400
BXP,1998-10-26,28.9375,29.0,28.5625,28.8125,9.151060104370115,36400
BXP,1998-10-27,28.8125,29.125,28.5625,28.6875,9.111355781555176,152200
BXP,1998-10-28,28.5625,28.625,27.625,27.875,8.853303909301758,274400
BXP,1998-10-29,27.75,27.875,27.5625,27.8125,8.833456039428711,215900
BXP,1998-10-30,27.875,28.75,27.8125,28.5,9.05181121826172,338100
BXP,1998-11-02,28.875,29.625,28.625,29.5625,9.38926887512207,191600
BXP,1998-11-03,29.6875,29.875,29.0,29.0,9.210613250732422,96700
BXP,1998-11-04,29.25,30.6875,29.25,30.6875,9.74657917022705,179400
BXP,1998-11-05,30.125,30.625,30.125,30.5,9.823067665100098,92100
BXP,1998-11-06,30.5,30.5,30.25,30.375,9.782812118530272,79800
BXP,1998-11-09,30.75,31.25,30.625,31.25,10.064620018005373,125100
BXP,1998-11-10,31.0625,31.25,30.625,30.875,9.943839073181152,298500
BXP,1998-11-11,30.875,30.875,30.3125,30.3125,9.762678146362305,81600
BXP,1998-11-12,30.1875,30.1875,29.25,29.5,9.50100040435791,58300
BXP,1998-11-13,29.75,29.9375,29.5625,29.875,9.621776580810549,38000
BXP,1998-11-16,30.0,30.5625,30.0,30.3125,9.762678146362305,168000
BXP,1998-11-17,30.0625,30.375,29.9375,30.0,9.662032127380373,81500
BXP,1998-11-18,29.9375,30.0625,29.6875,30.0,9.662032127380373,248300
BXP,1998-11-19,30.0625,30.5,30.0,30.375,9.782812118530272,40400
BXP,1998-11-20,30.625,31.0,30.5,30.9375,9.963972091674805,321000
BXP,1998-11-23,31.0,31.4375,30.9375,31.0,9.98410415649414,31100
BXP,1998-11-24,30.9375,31.4375,30.875,31.375,10.104878425598145,42000
BXP,1998-11-25,31.375,31.625,31.3125,31.4375,10.125009536743164,171600
BXP,1998-11-27,31.375,31.5,31.25,31.25,10.064620018005373,40900
BXP,1998-11-30,31.4375,31.75,31.4375,31.5625,10.165264129638672,190100
BXP,1998-12-01,31.5,32.1875,31.5,31.9375,10.28603744506836,511500
BXP,1998-12-02,32.375,32.375,32.0,32.125,10.346430778503418,93400
BXP,1998-12-03,32.125,32.25,31.9375,32.0,10.306169509887695,77000
BXP,1998-12-04,32.0,32.5625,31.9375,32.5,10.46720027923584,43300
BXP,1998-12-07,32.4375,32.5,32.0,32.1875,10.366559028625488,102200
BXP,1998-12-08,32.125,32.125,31.9375,32.0,10.306169509887695,227200
BXP,1998-12-09,31.8125,31.9375,31.375,31.5625,10.165264129638672,111400
BXP,1998-12-10,31.5625,31.6875,31.4375,31.5,10.145136833190918,217000
BXP,1998-12-11,31.5,31.5,31.1875,31.375,10.104878425598145,92600
BXP,1998-12-14,31.3125,31.5625,31.3125,31.4375,10.125009536743164,161700
BXP,1998-12-15,31.375,31.625,31.375,31.5625,10.165264129638672,391500
BXP,1998-12-16,31.5,32.0,31.5,31.9375,10.28603744506836,107900
BXP,1998-12-17,31.875,31.9375,31.5,31.75,10.225652694702148,54000
BXP,1998-12-18,31.9375,31.9375,31.625,31.75,10.225652694702148,184700
BXP,1998-12-21,31.5,31.5,31.125,31.1875,10.044490814208984,163000
BXP,1998-12-22,31.125,31.125,30.375,30.375,9.782812118530272,252500
BXP,1998-12-23,30.5625,30.625,29.875,30.5,9.823067665100098,120000
BXP,1998-12-24,30.5,30.625,30.0625,30.375,9.782812118530272,786900
BXP,1998-12-28,30.0,30.5,30.0,30.25,9.88079833984375,81900
BXP,1998-12-29,30.125,30.625,30.0625,30.4375,9.942044258117676,158800
BXP,1998-12-30,30.5,30.75,30.375,30.625,10.003293991088867,189900
BXP,1998-12-31,30.6875,31.0,30.5,30.5,9.962459564208984,208500
BXP,1999-01-04,30.25,30.4375,30.0,30.3125,9.901214599609377,137700
BXP,1999-01-05,30.25,31.3125,30.25,31.3125,10.227855682373049,197000
BXP,1999-01-06,31.5,31.625,31.125,31.375,10.248270988464355,227700
BXP,1999-01-07,31.25,31.8125,31.125,31.4375,10.268688201904297,188100
BXP,1999-01-08,31.375,31.75,31.375,31.625,10.32993221282959,69500
BXP,1999-01-11,31.75,31.75,31.5,31.6875,10.350341796875,127100
BXP,1999-01-12,31.5625,31.75,31.5,31.625,10.32993221282959,128300
BXP,1999-01-13,31.625,31.75,31.0625,31.625,10.32993221282959,57200
BXP,1999-01-14,31.75,31.75,31.375,31.375,10.248270988464355,54500
BXP,1999-01-15,31.625,32.0,31.5,31.625,10.32993221282959,42500
BXP,1999-01-19,31.75,32.0,31.625,31.75,10.37075901031494,42000
BXP,1999-01-20,31.9375,31.9375,31.625,31.8125,10.391176223754885,78200
BXP,1999-01-21,31.75,32.0,31.75,31.9375,10.432001113891602,28600
BXP,1999-01-22,31.8125,34.125,31.75,34.125,11.146524429321287,1021900
BXP,1999-01-25,34.0,34.875,33.875,34.25,11.18735408782959,566100
BXP,1999-01-26,34.25,34.75,34.125,34.6875,11.330255508422852,357100
BXP,1999-01-27,34.5625,34.625,33.3125,33.375,10.901541709899902,498700
BXP,1999-01-28,33.5,33.5,32.75,32.9375,10.75864028930664,173600
BXP,1999-01-29,33.0,33.1875,32.375,32.5,10.615734100341797,189200
BXP,1999-02-01,32.625,33.5,32.625,33.5,10.942374229431152,97400
BXP,1999-02-02,33.5,34.25,33.5,34.25,11.18735408782959,449200
BXP,1999-02-03,34.0625,34.5,34.0,34.0625,11.12610912322998,101100
BXP,1999-02-04,34.1875,34.5,34.0,34.0,11.105692863464355,125500
BXP,1999-02-05,34.0,34.0,33.625,33.625,10.983208656311035,176300
BXP,1999-02-08,33.625,33.8125,33.4375,33.625,10.983208656311035,178200
BXP,1999-02-09,33.5,33.625,33.3125,33.375,10.901541709899902,162400
BXP,1999-02-10,33.125,33.25,32.8125,32.9375,10.75864028930664,80600
BXP,1999-02-11,32.9375,33.75,32.9375,33.125,10.819883346557615,95700
BXP,1999-02-12,33.0625,33.0625,32.75,32.75,10.69739818572998,33800
BXP,1999-02-16,32.75,33.0,32.625,32.8125,10.717812538146973,122300
BXP,1999-02-17,32.9375,32.9375,32.5625,32.5625,10.636157035827637,101600
BXP,1999-02-18,32.625,32.75,32.5,32.5,10.615734100341797,108500
BXP,1999-02-19,32.5,32.6875,32.25,32.375,10.574904441833496,60000
BXP,1999-02-22,32.5,32.75,32.4375,32.5625,10.636157035827637,151100
BXP,1999-02-23,32.4375,32.5,32.125,32.125,10.493250846862791,246200
BXP,1999-02-24,32.1875,33.0,32.0,32.4375,10.595322608947754,94700
BXP,1999-02-25,32.5625,32.875,32.375,32.6875,10.676983833312988,52900
BXP,1999-02-26,32.625,32.625,32.1875,32.3125,10.554490089416504,114500
BXP,1999-03-01,32.25,32.375,32.125,32.125,10.493250846862791,131000
BXP,1999-03-02,32.125,32.875,32.125,32.75,10.69739818572998,52400
BXP,1999-03-03,32.625,32.875,32.625,32.875,10.738226890563965,103300
BXP,1999-03-04,32.75,33.125,32.5625,32.8125,10.717812538146973,56200
BXP,1999-03-05,33.0625,33.25,32.875,33.125,10.819883346557615,115900
BXP,1999-03-08,33.0625,33.0625,32.6875,32.875,10.738226890563965,215400
BXP,1999-03-09,32.8125,32.875,32.5,32.75,10.69739818572998,60900
BXP,1999-03-10,32.75,32.875,32.5,32.8125,10.717812538146973,62600
BXP,1999-03-11,32.75,32.8125,32.3125,32.375,10.574904441833496,61500
BXP,1999-03-12,32.375,32.375,31.875,32.0,10.452418327331545,131200
BXP,1999-03-15,31.875,32.0,31.8125,31.9375,10.432001113891602,88300
BXP,1999-03-16,32.0,32.0,31.8125,31.9375,10.432001113891602,173700
BXP,1999-03-17,31.9375,32.4375,31.9375,32.3125,10.554490089416504,1433700
BXP,1999-03-18,32.25,32.5,32.0,32.125,10.493250846862791,465500
BXP,1999-03-19,32.125,32.125,31.75,31.8125,10.391176223754885,498600
BXP,1999-03-22,31.6875,31.75,30.875,31.0,10.12578010559082,727200
BXP,1999-03-23,31.0,31.0625,30.6875,30.9375,10.105363845825195,205000
BXP,1999-03-24,30.9375,31.125,30.8125,31.0,10.12578010559082,123900
BXP,1999-03-25,30.9375,31.25,30.75,30.75,10.044122695922852,208400
BXP,1999-03-26,30.8125,31.125,30.8125,31.0,10.12578010559082,136700
BXP,1999-03-29,30.5625,31.3125,30.5625,31.25,10.349324226379396,91500
BXP,1999-03-30,31.125,32.0,31.0,32.0,10.59770679473877,225100
BXP,1999-03-31,32.0,32.0,31.625,31.625,10.473518371582031,176000
BXP,1999-04-01,31.6875,32.125,31.5625,31.9375,10.577007293701172,78100
BXP,1999-04-05,32.0,32.4375,31.8125,31.875,10.55631160736084,90900
BXP,1999-04-06,31.75,32.0,31.375,31.5,10.432119369506836,99100
BXP,1999-04-07,31.375,31.5625,31.125,31.25,10.349324226379396,277300
BXP,1999-04-08,31.1875,31.5,31.0,31.25,10.349324226379396,71000
BXP,1999-04-09,31.3125,31.625,31.0,31.25,10.349324226379396,101200
BXP,1999-04-12,31.1875,32.3125,31.1875,32.25,10.680501937866213,210700
BXP,1999-04-13,32.25,32.625,32.125,32.125,10.639105796813965,106500
BXP,1999-04-14,32.0,32.8125,32.0,32.625,10.804695129394531,114100
BXP,1999-04-15,32.625,34.25,32.625,33.625,11.135876655578612,215700
BXP,1999-04-16,33.625,34.625,33.625,34.4375,11.404955863952637,243500
BXP,1999-04-19,34.6875,35.4375,34.6875,35.4375,11.736138343811035,246000
BXP,1999-04-20,35.3125,35.375,34.25,34.5,11.425653457641602,111200
BXP,1999-04-21,34.75,36.0,34.75,35.6875,11.818928718566896,211900
BXP,1999-04-22,35.5625,36.625,35.0,35.8125,11.860326766967772,365700
BXP,1999-04-23,35.6875,35.6875,35.1875,35.1875,11.65334129333496,169100
BXP,1999-04-26,35.1875,35.5625,34.875,35.0,11.591240882873535,92200
BXP,1999-04-27,35.0,35.25,34.75,34.875,11.549846649169922,100000
BXP,1999-04-28,34.9375,36.0625,34.8125,34.875,11.549846649169922,189500
BXP,1999-04-29,35.3125,35.5625,34.6875,35.375,11.715436935424805,173400
BXP,1999-04-30,35.375,36.75,35.375,36.3125,12.02591609954834,298300
BXP,1999-05-03,36.375,36.375,36.0,36.0,11.922422409057615,127000
BXP,1999-05-04,36.1875,36.4375,36.125,36.3125,12.02591609954834,164100
BXP,1999-05-05,36.3125,36.5,36.25,36.5,12.08801555633545,124600
BXP,1999-05-06,36.5,36.6875,36.375,36.5625,12.108712196350098,84300
BXP,1999-05-07,36.5625,36.625,36.375,36.375,12.046616554260254,196600
BXP,1999-05-10,36.5,37.5,36.5,37.125,12.295001029968262,130300
BXP,1999-05-11,37.125,37.125,36.8125,36.8125,12.191506385803224,90700
BXP,1999-05-12,36.9375,36.9375,36.625,36.8125,12.191506385803224,50200
BXP,1999-05-13,36.875,36.9375,36.5625,36.6875,12.150108337402344,97600
BXP,1999-05-14,36.6875,37.4375,36.5,37.0,12.2536039352417,219200
BXP,1999-05-17,37.0,37.0,36.5625,36.9375,12.232903480529783,52100
BXP,1999-05-18,37.0,37.0,36.5,36.75,12.17080307006836,82900
BXP,1999-05-19,36.875,37.25,36.8125,37.0,12.2536039352417,100800
BXP,1999-05-20,36.625,36.75,35.625,36.75,12.17080307006836,2742200
BXP,1999-05-21,36.5,37.25,36.375,36.75,12.17080307006836,435600
BXP,1999-05-24,36.8125,36.875,36.25,36.375,12.046616554260254,212000
BXP,1999-05-25,36.1875,36.75,36.0625,36.375,12.046616554260254,355500
BXP,1999-05-26,36.4375,36.4375,36.0,36.0625,11.943119049072266,118700
BXP,1999-05-27,36.0625,36.125,35.9375,36.0,11.922422409057615,125400
BXP,1999-05-28,35.875,36.125,35.875,35.9375,11.901724815368652,48600
BXP,1999-06-01,35.9375,36.0,35.6875,35.875,11.881020545959473,31500
BXP,1999-06-02,35.875,36.0,35.75,35.875,11.881020545959473,874300
BXP,1999-06-03,35.875,36.0,35.75,35.9375,11.901724815368652,35600
BXP,1999-06-04,35.9375,36.0,35.75,35.75,11.839625358581545,33300
BXP,1999-06-07,35.875,35.9375,35.75,35.875,11.881020545959473,85500
BXP,1999-06-08,35.9375,35.9375,35.6875,35.6875,11.818928718566896,172000
BXP,1999-06-09,35.75,35.75,35.1875,35.3125,11.694735527038574,46500
BXP,1999-06-10,35.375,35.4375,34.875,35.0625,11.611942291259766,39000
BXP,1999-06-11,35.0,35.375,34.96875,35.0,11.591240882873535,46400
BXP,1999-06-14,35.0,35.125,34.875,34.9375,11.570547103881836,467600
BXP,1999-06-15,34.8125,35.3125,34.8125,35.25,11.674036979675291,275900
BXP,1999-06-16,35.3125,35.75,35.25,35.5,11.7568359375,195600
BXP,1999-06-17,35.625,35.75,35.3125,35.6875,11.818928718566896,183900
BXP,1999-06-18,35.625,35.75,35.5,35.625,11.79822826385498,59300
BXP,1999-06-21,35.75,35.75,35.5,35.625,11.79822826385498,234500
BXP,1999-06-22,35.5625,35.625,35.5,35.5625,11.777532577514648,123100
BXP,1999-06-23,35.625,35.625,35.125,35.3125,11.694735527038574,259800
BXP,1999-06-24,35.3125,35.375,35.0625,35.3125,11.694735527038574,95400
BXP,1999-06-25,35.375,35.625,35.25,35.5,11.7568359375,94400
BXP,1999-06-28,35.0625,35.6875,35.0625,35.5625,11.920578956604004,74900
BXP,1999-06-29,35.625,35.9375,35.625,35.6875,11.962477684020996,116800
BXP,1999-06-30,35.75,35.875,35.5,35.875,12.025330543518066,86300
BXP,1999-07-01,35.75,35.75,35.3125,35.4375,11.878684043884276,100300
BXP,1999-07-02,35.4375,35.625,35.25,35.625,11.941532135009766,77300
BXP,1999-07-06,35.625,35.75,34.75,34.75,11.64823055267334,102800
BXP,1999-07-07,34.75,34.75,34.0,34.0625,11.41777801513672,121600
BXP,1999-07-08,34.0,34.25,33.625,33.625,11.27112865447998,154000
BXP,1999-07-09,33.625,33.75,32.875,33.125,11.103528022766112,366700
BXP,1999-07-12,33.25,33.875,33.1875,33.75,11.313023567199709,84400
BXP,1999-07-13,33.5625,33.6875,33.4375,33.625,11.27112865447998,46200
BXP,1999-07-14,33.6875,34.375,33.5,34.25,11.480627059936523,93000
BXP,1999-07-15,34.25,34.8125,34.0625,34.8125,11.669178009033203,107800
BXP,1999-07-16,34.75,34.875,34.375,34.375,11.522528648376465,183500
BXP,1999-07-19,34.375,34.875,34.375,34.8125,11.669178009033203,116300
BXP,1999-07-20,34.75,34.8125,34.75,34.75,11.64823055267334,36900
BXP,1999-07-21,34.75,34.8125,34.75,34.75,11.64823055267334,31900
BXP,1999-07-22,34.8125,34.9375,34.75,34.8125,11.669178009033203,85400
BXP,1999-07-23,34.8125,34.8125,34.6875,34.8125,11.669178009033203,70600
BXP,1999-07-26,34.75,34.875,34.6875,34.75,11.64823055267334,53400
BXP,1999-07-27,34.75,34.875,33.5625,33.8125,11.333980560302734,103000
BXP,1999-07-28,33.8125,34.0,33.1875,33.6875,11.292075157165527,88000
BXP,1999-07-29,33.4375,33.875,33.4375,33.625,11.27112865447998,39900
BXP,1999-07-30,33.875,34.25,33.5,34.25,11.480627059936523,79200
BXP,1999-08-02,34.25,34.5,34.125,34.3125,11.50157642364502,50800
BXP,1999-08-03,34.25,34.25,33.9375,34.125,11.438726425170898,52800
BXP,1999-08-04,34.0625,34.125,33.8125,33.875,11.354930877685549,99300
BXP,1999-08-05,33.875,33.875,33.1875,33.4375,11.20827579498291,80300
BXP,1999-08-06,33.3125,33.75,33.125,33.625,11.27112865447998,49400
BXP,1999-08-09,33.5625,33.625,33.125,33.125,11.103528022766112,44400
BXP,1999-08-10,33.125,33.9375,32.6875,32.9375,11.040681838989258,56400
BXP,1999-08-11,33.0,33.125,32.6875,33.125,11.103528022766112,34400
BXP,1999-08-12,33.0625,33.6875,33.0,33.0,11.061628341674805,86000
BXP,1999-08-13,33.0625,33.625,33.0625,33.4375,11.20827579498291,38300
BXP,1999-08-16,33.5,33.625,33.0625,33.4375,11.20827579498291,33800
BXP,1999-08-17,33.25,33.5,33.1875,33.4375,11.20827579498291,37900
BXP,1999-08-18,33.4375,33.4375,33.125,33.1875,11.124478340148926,146800
BXP,1999-08-19,33.1875,33.5,33.1875,33.4375,11.20827579498291,55800
BXP,1999-08-20,33.4375,33.4375,33.1875,33.1875,11.124478340148926,39000
BXP,1999-08-23,33.1875,33.5,33.1875,33.375,11.187323570251465,111400
BXP,1999-08-24,33.3125,33.4375,33.125,33.1875,11.124478340148926,76300
BXP,1999-08-25,33.25,33.25,33.0,33.0,11.061628341674805,86400
BXP,1999-08-26,33.125,33.125,32.9375,33.0625,11.082576751708984,32100
BXP,1999-08-27,33.0,33.25,32.9375,33.0625,11.082576751708984,27200
BXP,1999-08-30,33.0625,33.125,32.75,32.75,10.977825164794922,50000
BXP,1999-08-31,32.875,33.3125,32.625,33.3125,11.16637897491455,130500
BXP,1999-09-01,33.3125,33.375,33.0625,33.1875,11.124478340148926,106500
BXP,1999-09-02,33.0625,33.125,32.875,33.0625,11.082576751708984,55600
BXP,1999-09-03,33.1875,33.25,32.875,33.125,11.103528022766112,35600
BXP,1999-09-07,33.25,33.5625,33.1875,33.5,11.229225158691406,34000
BXP,1999-09-08,33.5,33.6875,33.5,33.6875,11.292075157165527,79900
BXP,1999-09-09,33.8125,33.8125,33.5,33.625,11.27112865447998,87700
BXP,1999-09-10,33.5,33.5625,33.4375,33.5,11.229225158691406,26600
BXP,1999-09-13,33.5,33.625,33.25,33.25,11.145431518554688,27000
BXP,1999-09-14,33.375,33.375,33.125,33.3125,11.16637897491455,62500
BXP,1999-09-15,33.4375,33.5,32.9375,33.0,11.061628341674805,78600
BXP,1999-09-16,33.0,33.125,32.875,33.0625,11.082576751708984,98200
BXP,1999-09-17,32.875,33.0,32.75,32.875,11.019723892211914,480000
BXP,1999-09-20,32.875,32.875,32.625,32.75,10.977825164794922,135100
BXP,1999-09-21,32.75,32.75,32.375,32.375,10.85212516784668,292200
BXP,1999-09-22,32.25,32.25,31.625,32.0,10.72642707824707,352700
BXP,1999-09-23,32.0,32.0,30.9375,30.9375,10.37027072906494,158500
BXP,1999-09-24,31.0625,31.4375,31.0625,31.4375,10.537880897521973,74500
BXP,1999-09-27,31.4375,31.4375,30.5,30.75,10.307427406311035,409900
BXP,1999-09-28,30.25,30.6875,30.25,30.5,10.375462532043455,117000
BXP,1999-09-29,30.5,30.5,30.25,30.3125,10.311678886413574,384700
BXP,1999-09-30,30.25,30.75,30.25,30.6875,10.439244270324709,559500
BXP,1999-10-01,30.5625,30.625,30.0625,30.3125,10.311678886413574,61400
BXP,1999-10-04,30.0,30.375,30.0,30.375,10.33293628692627,223900
BXP,1999-10-05,30.3125,30.625,30.3125,30.5625,10.396724700927734,182100
BXP,1999-10-06,30.4375,30.75,30.375,30.5,10.375462532043455,264800
BXP,1999-10-07,30.4375,30.5625,30.375,30.5,10.375462532043455,240200
BXP,1999-10-08,30.5,30.5,30.0625,30.0625,10.226633071899414,186400
BXP,1999-10-11,30.1875,30.25,29.8125,29.9375,10.184106826782228,121200
BXP,1999-10-12,29.9375,30.0,29.6875,29.8125,10.141583442687988,101700
BXP,1999-10-13,29.75,30.0625,29.5625,29.625,10.077803611755373,134800
BXP,1999-10-14,29.5625,29.6875,29.0625,29.125,9.907709121704102,342400
BXP,1999-10-15,29.0,29.25,28.8125,29.25,9.950237274169922,132900
BXP,1999-10-18,29.1875,29.375,28.9375,29.0625,9.886451721191406,165100
BXP,1999-10-19,29.3125,29.375,29.0625,29.1875,9.92897891998291,133200
BXP,1999-10-20,29.3125,29.375,29.125,29.25,9.950237274169922,136800
BXP,1999-10-21,29.25,29.3125,28.6875,28.9375,9.843931198120115,121500
BXP,1999-10-22,29.0625,29.625,29.0625,29.5,10.03528118133545,128700
BXP,1999-10-25,29.6875,29.75,29.4375,29.5625,10.056544303894045,243800
BXP,1999-10-26,29.6875,29.6875,29.4375,29.6875,10.099063873291016,206000
BXP,1999-10-27,29.6875,29.8125,29.5625,29.625,10.077803611755373,161800
BXP,1999-10-28,29.8125,29.8125,29.5,29.625,10.077803611755373,79800
BXP,1999-10-29,29.75,29.875,29.5625,29.8125,10.141583442687988,144200
BXP,1999-11-01,29.9375,30.125,29.75,29.9375,10.184106826782228,281400
BXP,1999-11-02,29.9375,30.5,29.875,30.4375,10.354196548461914,309900
BXP,1999-11-03,30.5,30.6875,30.375,30.625,10.417980194091797,239500
BXP,1999-11-04,30.75,30.875,30.5,30.5625,10.396724700927734,167700
BXP,1999-11-05,30.5,30.6875,30.0,30.25,10.290416717529297,132800
BXP,1999-11-08,30.0,30.0,29.3125,29.5,10.03528118133545,285100
BXP,1999-11-09,29.5,29.625,29.3125,29.3125,9.971495628356934,189100
BXP,1999-11-10,29.3125,29.3125,28.6875,28.75,9.780145645141602,1277000
BXP,1999-11-11,28.75,28.9375,28.625,28.75,9.780145645141602,94500
BXP,1999-11-12,28.875,28.875,28.5625,28.625,9.737625122070312,119800
BXP,1999-11-15,28.75,28.8125,28.125,28.1875,9.588797569274902,193700
BXP,1999-11-16,28.25,28.4375,28.1875,28.375,9.652584075927734,137200
BXP,1999-11-17,28.3125,28.75,28.25,28.625,9.737625122070312,189600
BXP,1999-11-18,28.5,28.8125,28.4375,28.5,9.695100784301758,137000
BXP,1999-11-19,28.5625,28.5625,28.0,28.3125,9.631319999694824,168000
BXP,1999-11-22,28.4375,28.5,27.875,28.0,9.525014877319336,610800
BXP,1999-11-23,28.0,28.0,27.5,27.625,9.39744758605957,142200
BXP,1999-11-24,27.75,28.3125,27.75,28.25,9.61005687713623,230400
BXP,1999-11-26,28.125,28.1875,28.0,28.0625,9.546274185180664,17400
BXP,1999-11-29,28.25,28.375,28.0625,28.25,9.61005687713623,137600
BXP,1999-11-30,28.125,28.5,28.125,28.3125,9.631319999694824,124600
BXP,1999-12-01,28.5,29.0,28.5,29.0,9.865192413330078,255600
BXP,1999-12-02,29.0,29.0625,28.8125,29.0625,9.886451721191406,266200
BXP,1999-12-03,29.125,29.875,29.125,29.75,10.120320320129396,280700
BXP,1999-12-06,29.75,30.125,29.6875,29.75,10.120320320129396,245800
BXP,1999-12-07,29.5625,29.75,29.4375,29.5,10.03528118133545,239300
BXP,1999-12-08,29.375,29.5,29.0,29.3125,9.971495628356934,167900
BXP,1999-12-09,29.3125,29.4375,29.0,29.375,9.992757797241213,161300
BXP,1999-12-10,29.25,29.5,29.125,29.25,9.950237274169922,178800
BXP,1999-12-13,29.0625,29.125,28.625,28.75,9.780145645141602,210200
BXP,1999-12-14,28.5,28.75,27.25,27.625,9.39744758605957,495100
BXP,1999-12-15,27.6875,27.75,27.3125,27.5,9.354921340942385,202400
BXP,1999-12-16,27.75,27.8125,27.5625,27.6875,9.418706893920898,100000
BXP,1999-12-17,27.4375,29.875,27.4375,29.375,9.992757797241213,258400
BXP,1999-12-20,29.125,30.125,29.125,29.8125,10.141583442687988,195000
BXP,1999-12-21,29.75,29.875,29.625,29.875,10.162848472595217,131600
BXP,1999-12-22,29.8125,29.875,29.5625,29.6875,10.099063873291016,132400
BXP,1999-12-23,29.75,30.3125,29.6875,30.3125,10.311678886413574,88800
BXP,1999-12-27,30.3125,30.625,30.0625,30.125,10.247895240783691,68600
BXP,1999-12-28,30.25,31.0,30.125,30.75,10.619132995605469,130900
BXP,1999-12-29,30.8125,31.3125,30.4375,31.125,10.748635292053224,72700
BXP,1999-12-30,31.375,31.4375,30.875,31.125,10.748635292053224,53900
BXP,1999-12-31,30.875,31.3125,30.75,31.125,10.748635292053224,65700
BXP,2000-01-03,31.125,31.125,30.5,30.6875,10.597545623779297,59900
BXP,2000-01-04,30.6875,30.75,30.125,30.1875,10.424874305725098,95800
BXP,2000-01-05,30.1875,30.5625,30.125,30.4375,10.511208534240724,101000
BXP,2000-01-06,30.5625,31.125,30.3125,31.0,10.705462455749512,143100
BXP,2000-01-07,30.9375,32.25,30.9375,32.125,11.093968391418455,139000
BXP,2000-01-10,32.125,32.4375,31.9375,32.375,11.18030071258545,189100
BXP,2000-01-11,32.375,32.4375,31.875,32.0625,11.072386741638184,85300
BXP,2000-01-12,32.1875,32.1875,31.4375,31.5625,10.899717330932615,61100
BXP,2000-01-13,31.5625,31.8125,31.5,31.75,10.964468002319336,40800
BXP,2000-01-14,31.625,31.875,31.25,31.5625,10.899717330932615,64400
BXP,2000-01-18,31.625,31.625,31.125,31.25,10.791805267333984,73000
BXP,2000-01-19,31.125,31.375,31.0,31.25,10.791805267333984,100500
BXP,2000-01-20,31.0625,31.3125,30.8125,30.875,10.66230297088623,158700
BXP,2000-01-21,30.875,31.0,30.25,30.5625,10.554384231567385,272300
BXP,2000-01-24,30.75,31.0,30.4375,30.4375,10.511208534240724,117100
BXP,2000-01-25,30.6875,30.75,30.4375,30.5625,10.554384231567385,135300
BXP,2000-01-26,30.5,31.0,30.5,30.6875,10.597545623779297,119700
BXP,2000-01-27,30.625,30.6875,30.5,30.5625,10.554384231567385,118600
BXP,2000-01-28,30.5625,30.6875,30.125,30.4375,10.511208534240724,228200
BXP,2000-01-31,30.5,30.5,30.0,30.0,10.360129356384276,127900
BXP,2000-02-01,30.125,30.4375,29.0,29.8125,10.29537296295166,2240200
BXP,2000-02-02,30.125,30.125,29.75,29.9375,10.338540077209473,428800
BXP,2000-02-03,30.0,30.25,29.9375,30.1875,10.424874305725098,149400
BXP,2000-02-04,30.125,30.5625,29.875,29.9375,10.338540077209473,506300
BXP,2000-02-07,29.875,30.1875,29.625,30.0,10.360129356384276,105800
BXP,2000-02-08,30.0,30.5625,29.9375,30.5625,10.554384231567385,76500
BXP,2000-02-09,30.3125,30.9375,30.3125,30.5625,10.554384231567385,91700
BXP,2000-02-10,30.4375,30.5625,30.25,30.3125,10.468048095703123,68600
BXP,2000-02-11,30.4375,30.625,29.9375,30.0625,10.381711959838867,84900
BXP,2000-02-14,30.125,30.3125,30.0,30.125,10.403298377990724,124600
BXP,2000-02-15,30.375,30.375,29.9375,30.0,10.360129356384276,153100
BXP,2000-02-16,30.0,30.1875,30.0,30.1875,10.424874305725098,102300
BXP,2000-02-17,30.25,30.625,30.25,30.5,10.532801628112791,144900
BXP,2000-02-18,30.25,30.4375,29.875,30.125,10.403298377990724,80000
BXP,2000-02-22,29.9375,30.1875,29.875,30.0625,10.381711959838867,93400
BXP,2000-02-23,30.1875,30.375,30.0,30.375,10.489629745483398,73300
BXP,2000-02-24,30.375,30.5,30.375,30.4375,10.511208534240724,45500
BXP,2000-02-25,30.5,30.625,30.375,30.5,10.532801628112791,113900
BXP,2000-02-28,30.5,30.5,30.3125,30.375,10.489629745483398,83000
BXP,2000-02-29,30.5,30.5625,30.3125,30.3125,10.468048095703123,105900
BXP,2000-03-01,30.5,30.5,30.3125,30.375,10.489629745483398,84800
BXP,2000-03-02,30.3125,30.5,30.3125,30.375,10.489629745483398,64200
BXP,2000-03-03,30.375,30.5,30.375,30.375,10.489629745483398,160000
BXP,2000-03-06,30.3125,30.5,30.25,30.3125,10.468048095703123,60600
BXP,2000-03-07,30.125,30.3125,29.5625,29.875,10.316960334777832,97100
BXP,2000-03-08,29.6875,30.125,29.6875,30.0,10.360129356384276,49100
BXP,2000-03-09,30.1875,30.6875,30.1875,30.4375,10.511208534240724,113500
BXP,2000-03-10,30.4375,30.5,30.125,30.375,10.489629745483398,132000
BXP,2000-03-13,29.9375,30.125,29.75,30.0,10.360129356384276,53100
BXP,2000-03-14,30.0,30.375,30.0,30.375,10.489629745483398,51900
BXP,2000-03-15,30.4375,30.75,30.125,30.625,10.57595920562744,337200
BXP,2000-03-16,30.5,31.0,30.5,30.875,10.66230297088623,102900
BXP,2000-03-17,30.75,31.125,30.625,31.0,10.705462455749512,84200
BXP,2000-03-20,31.0,31.25,30.9375,31.25,10.791805267333984,149400
BXP,2000-03-21,31.4375,31.4375,31.0625,31.25,10.791805267333984,124400
BXP,2000-03-22,31.25,31.375,31.125,31.25,10.791805267333984,107100
BXP,2000-03-23,31.1875,31.5625,31.125,31.25,10.791805267333984,142700
BXP,2000-03-24,31.375,31.375,31.0625,31.25,10.791805267333984,119900
BXP,2000-03-27,31.375,31.4375,31.1875,31.3125,10.813382148742676,87100
BXP,2000-03-28,31.25,31.5,31.25,31.4375,10.85655117034912,188000
BXP,2000-03-29,31.0,31.3125,31.0,31.25,10.948519706726074,34700
BXP,2000-03-30,31.5,31.625,31.25,31.5,11.036105155944824,218000
BXP,2000-03-31,31.5,31.8125,31.4375,31.8125,11.145591735839844,156600
BXP,2000-04-03,31.6875,32.0625,31.5,31.75,11.123690605163574,272400
BXP,2000-04-04,31.9375,32.25,31.8125,32.0,11.21128273010254,324600
BXP,2000-04-05,32.0,32.5,32.0,32.4375,11.36456298828125,243100
BXP,2000-04-06,32.5625,34.4375,32.5625,34.125,11.955784797668455,224400
BXP,2000-04-07,34.0625,34.3125,33.5625,34.25,11.9995756149292,180000
BXP,2000-04-10,34.25,34.4375,34.0625,34.4375,12.065262794494627,91000
BXP,2000-04-11,34.625,34.625,34.25,34.3125,12.021474838256836,125100
BXP,2000-04-12,34.1875,34.5,34.1875,34.5,12.087163925170898,141900
BXP,2000-04-13,34.5,34.75,34.0,34.375,12.04336929321289,325400
BXP,2000-04-14,34.5,34.5,33.875,34.0,11.911988258361816,185600
BXP,2000-04-17,33.8125,34.25,33.8125,34.0,11.911988258361816,139400
BXP,2000-04-18,34.0,34.125,33.8125,34.125,11.955784797668455,141200
BXP,2000-04-19,34.125,34.25,33.9375,34.1875,11.977683067321776,185500
BXP,2000-04-20,34.125,34.3125,34.125,34.1875,11.977683067321776,52700
BXP,2000-04-24,34.1875,34.375,34.125,34.375,12.04336929321289,115100
BXP,2000-04-25,34.75,34.75,34.1875,34.3125,12.021474838256836,161800
BXP,2000-04-26,34.625,35.1875,34.5625,35.0,12.262338638305664,349100
BXP,2000-04-27,35.0,35.125,34.8125,35.0,12.262338638305664,112500
BXP,2000-04-28,35.0,35.1875,34.875,34.875,12.218548774719238,189400
BXP,2000-05-01,35.0,35.4375,34.5625,35.375,12.393717765808104,259100
BXP,2000-05-02,35.375,36.75,35.375,36.1875,12.678386688232422,558200
BXP,2000-05-03,36.125,36.25,35.9375,36.0,12.61269474029541,349500
BXP,2000-05-04,36.125,36.1875,35.5625,36.0,12.61269474029541,258500
BXP,2000-05-05,35.9375,36.25,35.875,36.125,12.656484603881836,266000
BXP,2000-05-08,36.0625,36.3125,35.9375,36.3125,12.722179412841797,181500
BXP,2000-05-09,36.1875,36.5,36.0,36.375,12.744081497192385,315900
BXP,2000-05-10,36.1875,36.4375,36.1875,36.3125,12.722179412841797,136700
BXP,2000-05-11,36.5,36.5,36.25,36.4375,12.765972137451172,138100
BXP,2000-05-12,36.375,36.6875,36.375,36.625,12.8316650390625,128700
BXP,2000-05-15,36.625,36.6875,36.125,36.25,12.700279235839844,389400
BXP,2000-05-16,36.1875,36.25,36.0625,36.1875,12.678386688232422,154500
BXP,2000-05-17,36.125,36.4375,36.125,36.4375,12.765972137451172,167100
BXP,2000-05-18,36.3125,36.5,36.1875,36.375,12.744081497192385,126300
BXP,2000-05-19,36.1875,36.625,36.0625,36.5625,12.809764862060549,71300
BXP,2000-05-22,36.5,36.5,35.9375,36.375,12.744081497192385,158100
BXP,2000-05-23,36.375,36.5,36.0,36.1875,12.678386688232422,90800
BXP,2000-05-24,36.25,36.25,35.5625,35.625,12.481311798095703,233100
BXP,2000-05-25,35.625,35.75,35.375,35.4375,12.41561794281006,109100
BXP,2000-05-26,35.5,35.5,35.25,35.4375,12.41561794281006,128800
BXP,2000-05-30,35.5,35.5,35.0,35.0,12.262338638305664,237700
BXP,2000-05-31,35.125,35.1875,34.875,34.9375,12.240445137023926,175800
BXP,2000-06-01,35.0,35.0,34.5,34.875,12.218548774719238,223700
BXP,2000-06-02,34.875,35.5,34.875,35.4375,12.41561794281006,123300
BXP,2000-06-05,35.6875,35.6875,35.125,35.25,12.349928855895996,89300
BXP,2000-06-06,35.25,35.625,35.0625,35.5625,12.459416389465332,79500
BXP,2000-06-07,35.625,36.1875,35.4375,36.125,12.656484603881836,82300
BXP,2000-06-08,36.0,36.5,35.875,36.5,12.787869453430176,105300
BXP,2000-06-09,36.375,36.5,36.0625,36.3125,12.722179412841797,66200
BXP,2000-06-12,36.375,36.6875,36.1875,36.59375,12.820720672607422,208200
BXP,2000-06-13,36.6875,36.75,36.5625,36.6875,12.853560447692873,114000
BXP,2000-06-14,36.75,38.3125,36.6875,37.6875,13.203912734985352,195400
BXP,2000-06-15,37.875,37.875,36.6875,37.125,13.006839752197266,197400
BXP,2000-06-16,37.1875,37.1875,36.8125,37.0625,12.984942436218262,276000
BXP,2000-06-19,37.25,37.25,36.875,37.0625,12.984942436218262,60100
BXP,2000-06-20,37.0,37.875,37.0,37.875,13.269603729248049,100000
BXP,2000-06-21,37.8125,37.8125,37.1875,37.5,13.138226509094238,98100
BXP,2000-06-22,37.25,37.3125,37.125,37.125,13.006839752197266,82800
BXP,2000-06-23,37.0,37.4375,37.0,37.3125,13.072528839111328,86100
BXP,2000-06-26,37.375,37.625,37.3125,37.4375,13.116326332092283,161900
BXP,2000-06-27,37.375,38.3125,37.375,38.1875,13.3790922164917,176100
BXP,2000-06-28,37.625,38.125,37.5625,38.0,13.500771522521973,1302200
BXP,2000-06-29,38.25,39.0,38.0625,38.96875,13.844963073730469,202700
BXP,2000-06-30,39.0,39.3125,38.125,38.625,13.722825050354004,340300
BXP,2000-07-03,38.625,38.875,38.5625,38.71875,13.75613784790039,44000
BXP,2000-07-05,39.25,39.25,38.625,38.625,13.722825050354004,299400
BXP,2000-07-06,38.75,38.75,38.125,38.1875,13.567391395568848,336400
BXP,2000-07-07,38.25,38.25,37.5,38.0,13.500771522521973,567600
BXP,2000-07-10,38.0,38.0,37.875,38.0,13.500771522521973,112800
BXP,2000-07-11,38.0,38.0,37.8125,37.9375,13.478571891784668,77600
BXP,2000-07-12,37.9375,38.0,37.8125,37.9375,13.478571891784668,100800
BXP,2000-07-13,38.0,38.0,37.75,37.875,13.456361770629885,130000
BXP,2000-07-14,37.75,37.875,37.75,37.75,13.411956787109377,77000
BXP,2000-07-17,37.75,37.8125,37.5,37.8125,13.434163093566896,75300
BXP,2000-07-18,37.6875,37.8125,37.625,37.75,13.411956787109377,69600
BXP,2000-07-19,37.625,37.6875,37.5625,37.5625,13.345335960388184,89200
BXP,2000-07-20,37.75,37.875,37.625,37.875,13.456361770629885,257900
BXP,2000-07-21,37.625,38.125,37.625,38.125,13.54518699645996,266000
BXP,2000-07-24,38.25,38.875,38.25,38.8125,13.789443969726562,494100
BXP,2000-07-25,38.8125,39.8125,38.8125,39.28125,13.955986976623535,415900
BXP,2000-07-26,39.6875,40.5625,39.6875,40.21875,14.289061546325684,397500
BXP,2000-07-27,40.75,41.8125,40.75,41.46875,14.733163833618164,378900
BXP,2000-07-28,41.375,42.0625,41.375,41.65625,14.799777030944824,379000
BXP,2000-07-31,41.75,41.75,41.0,41.46875,14.733163833618164,253800
BXP,2000-08-01,41.3125,41.875,41.3125,41.84375,14.866394996643066,302400
BXP,2000-08-02,41.75,41.75,41.125,41.46875,14.733163833618164,217400
BXP,2000-08-03,41.5625,42.0,41.5,41.90625,14.888596534729004,247400
BXP,2000-08-04,41.875,42.0625,41.75,42.03125,14.93300724029541,426900
BXP,2000-08-07,41.9375,42.0,41.875,41.96875,14.91081428527832,180200
BXP,2000-08-08,41.8125,42.3125,41.8125,42.25,15.01073169708252,208500
BXP,2000-08-09,42.25,42.5,42.25,42.5,15.099543571472168,191400
BXP,2000-08-10,42.5,43.1875,42.375,42.5625,15.121759414672852,215700
BXP,2000-08-11,42.375,42.5,42.25,42.4375,15.077347755432127,44300
BXP,2000-08-14,42.1875,42.5,42.125,42.15625,14.9774169921875,128100
BXP,2000-08-15,42.0625,42.375,41.9375,42.25,15.01073169708252,48100
BXP,2000-08-16,42.25,42.625,42.25,42.625,15.143960952758787,61300
BXP,2000-08-17,42.5,42.875,42.5,42.84375,15.221680641174316,93100
BXP,2000-08-18,42.875,42.875,42.53125,42.53125,15.11065673828125,137100
BXP,2000-08-21,42.6875,42.75,42.375,42.40625,15.06624698638916,158800
BXP,2000-08-22,42.375,42.5,42.25,42.3125,15.032928466796877,138400
BXP,2000-08-23,42.1875,42.25,41.125,41.1875,14.63323974609375,308300
BXP,2000-08-24,41.0625,41.3125,40.8125,40.8125,14.500007629394531,330600
BXP,2000-08-25,40.8125,40.8125,40.375,40.625,14.433389663696287,272800
BXP,2000-08-28,40.75,40.9375,40.75,40.875,14.522212028503418,127600
BXP,2000-08-29,41.0625,41.0625,40.3125,40.4375,14.366775512695312,181900
BXP,2000-08-30,40.4375,40.5,40.3125,40.3125,14.322368621826172,150400
BXP,2000-08-31,40.3125,40.6875,40.3125,40.4375,14.366775512695312,71700
BXP,2000-09-01,40.625,40.6875,40.3125,40.3125,14.322368621826172,89200
BXP,2000-09-05,40.375,40.375,39.9375,40.0625,14.23354434967041,291500
BXP,2000-09-06,40.0625,40.5,40.0,40.3125,14.322368621826172,207900
BXP,2000-09-07,40.5,40.5,40.3125,40.5,14.388985633850098,134200
BXP,2000-09-08,40.375,41.8125,40.375,41.8125,14.855292320251465,366600
BXP,2000-09-11,41.9375,42.1875,41.8125,42.125,14.966320991516112,141400
BXP,2000-09-12,42.125,43.4375,42.125,43.25,15.366009712219238,186000
BXP,2000-09-13,43.125,43.1875,42.4375,42.5,15.099543571472168,104900
BXP,2000-09-14,42.625,42.8125,42.3125,42.8125,15.210578918457031,122000
BXP,2000-09-15,42.8125,42.8125,42.4375,42.5625,15.121759414672852,49800
BXP,2000-09-18,42.4375,42.5,41.5,41.5,14.744272232055664,105500
BXP,2000-09-19,41.625,42.25,41.625,42.25,15.01073169708252,198100
BXP,2000-09-20,42.375,42.6875,42.125,42.625,15.143960952758787,60300
BXP,2000-09-21,42.625,42.75,42.625,42.75,15.188372611999512,81600
BXP,2000-09-22,42.75,43.0,42.5625,42.875,15.232783317565918,155100
BXP,2000-09-25,43.0,43.0,42.5,42.5625,15.121759414672852,52200
BXP,2000-09-26,42.375,42.6875,42.375,42.5625,15.121759414672852,64000
BXP,2000-09-27,42.125,42.9375,42.125,42.8125,15.402376174926758,108500
BXP,2000-09-28,42.8125,43.25,42.75,43.25,15.559765815734863,133200
BXP,2000-09-29,43.3125,43.5,42.6875,42.9375,15.447342872619627,193700
BXP,2000-10-02,43.0,43.0625,41.875,41.875,15.06509017944336,171100
BXP,2000-10-03,42.0,42.1875,41.4375,41.5,14.930187225341797,153400
BXP,2000-10-04,41.5,41.5,40.375,40.625,14.61538791656494,569200
BXP,2000-10-05,40.625,40.875,40.4375,40.875,14.705329895019531,495900
BXP,2000-10-06,41.0,41.25,40.75,40.875,14.705329895019531,374400
BXP,2000-10-09,40.8125,41.0,40.75,40.75,14.660358428955078,131900
BXP,2000-10-10,40.875,41.0625,40.75,41.0,14.750300407409668,52100
BXP,2000-10-11,40.875,40.875,39.0625,39.625,14.25562572479248,587500
BXP,2000-10-12,39.75,40.25,39.625,39.75,14.300602912902832,212100
BXP,2000-10-13,39.5625,39.9375,39.4375,39.5,14.210652351379396,322300
BXP,2000-10-16,39.75,40.6875,39.75,40.1875,14.457990646362305,176300
BXP,2000-10-17,40.3125,40.375,39.625,39.8125,14.323083877563477,101500
BXP,2000-10-18,39.625,39.75,39.25,39.75,14.300602912902832,168400
BXP,2000-10-19,39.75,40.1875,39.75,40.0,14.390539169311523,80500
BXP,2000-10-20,39.875,40.1875,39.875,40.0625,14.413020133972168,89800
BXP,2000-10-23,40.0625,40.125,39.75,39.75,14.300602912902832,162800
BXP,2000-10-24,39.625,39.75,38.625,38.875,13.985804557800291,292700
BXP,2000-10-25,38.875,39.3125,38.625,39.0625,14.05325698852539,322800
BXP,2000-10-26,39.0625,40.0625,38.9375,40.0625,14.413020133972168,4215600
BXP,2000-10-27,40.375,41.0625,39.75,41.0625,14.772794723510742,1176300
BXP,2000-10-30,41.0,41.1875,40.4375,41.0,14.750300407409668,679200
BXP,2000-10-31,40.5,40.625,40.125,40.5,14.570417404174805,487000
BXP,2000-11-01,40.5,41.0,40.3125,41.0,14.750300407409668,543100
BXP,2000-11-02,40.875,41.25,40.5,40.8125,14.68284797668457,468100
BXP,2000-11-03,40.875,40.875,40.625,40.8125,14.68284797668457,167900
BXP,2000-11-06,40.625,40.75,40.25,40.5625,14.592905044555664,392800
BXP,2000-11-07,40.625,40.625,40.25,40.3125,14.502964973449709,351400
BXP,2000-11-08,40.25,40.5,40.1875,40.4375,14.547932624816896,224200
BXP,2000-11-09,40.25,40.5625,40.0,40.5625,14.592905044555664,560800
BXP,2000-11-10,40.3125,40.375,40.25,40.375,14.525446891784668,230100
BXP,2000-11-13,40.625,40.625,40.25,40.5625,14.592905044555664,428500
BXP,2000-11-14,41.125,41.625,40.375,40.875,14.705329895019531,515000
BXP,2000-11-15,41.0,41.3125,40.5625,41.0625,14.772794723510742,197100
BXP,2000-11-16,41.1875,41.1875,40.6875,41.0,14.750300407409668,212000
BXP,2000-11-17,40.8125,41.125,40.75,41.0625,14.772794723510742,115000
BXP,2000-11-20,41.125,41.125,40.8125,41.0,14.750300407409668,156000
BXP,2000-11-21,41.0,41.4375,41.0,41.4375,14.907694816589355,277900
BXP,2000-11-22,41.5625,41.625,41.0,41.1875,14.817761421203612,449700
BXP,2000-11-24,41.3125,41.375,41.125,41.3125,14.862727165222168,67600
BXP,2000-11-27,41.5,41.6875,41.3125,41.4375,14.907694816589355,215500
BXP,2000-11-28,41.5625,41.625,41.375,41.4375,14.907694816589355,379600
BXP,2000-11-29,41.6875,41.75,41.25,41.75,15.02012062072754,150100
BXP,2000-11-30,41.625,42.6875,41.625,42.4375,15.267461776733398,208000
BXP,2000-12-01,42.625,42.625,41.375,41.6875,14.99763011932373,248100
BXP,2000-12-04,41.9375,42.1875,41.3125,41.75,15.02012062072754,295900
BXP,2000-12-05,42.0,43.0,41.875,42.1875,15.17751407623291,253500
BXP,2000-12-06,42.375,42.375,41.5,42.0,15.110063552856444,196200
BXP,2000-12-07,41.875,42.0,41.375,41.9375,15.087576866149902,312100
BXP,2000-12-08,42.125,42.5,41.875,42.375,15.24497890472412,406600
BXP,2000-12-11,42.375,43.3125,42.375,43.25,15.559765815734863,227600
BXP,2000-12-12,42.875,43.0,42.625,42.875,15.424856185913086,115700
BXP,2000-12-13,42.9375,43.5,42.75,43.5,15.649706840515137,195800
BXP,2000-12-14,43.625,43.625,43.125,43.375,15.604737281799316,151000
BXP,2000-12-15,43.25,43.875,43.0625,43.875,15.78461742401123,234300
BXP,2000-12-18,43.75,44.375,43.5,44.375,15.964500427246094,159500
BXP,2000-12-19,44.375,44.6875,44.25,44.625,16.054443359375,252000
BXP,2000-12-20,44.5,44.5,44.25,44.375,15.964500427246094,135100
BXP,2000-12-21,44.375,44.625,44.0,44.625,16.054443359375,206200
BXP,2000-12-22,44.4375,44.5,44.1875,44.375,15.964500427246094,72800
BXP,2000-12-26,44.3125,44.3125,44.0,44.3125,15.942020416259766,44600
BXP,2000-12-27,43.6875,44.1875,43.6875,44.1875,16.089481353759766,220700
BXP,2000-12-28,44.0625,44.875,43.75,44.75,16.294301986694336,173100
BXP,2000-12-29,44.6875,44.8125,43.1875,43.5,15.839153289794922,282800
BXP,2001-01-02,43.625,43.875,42.625,43.3125,15.770880699157717,342000
BXP,2001-01-03,43.375,43.375,42.25,42.875,15.611581802368164,917800
BXP,2001-01-04,42.75,42.8125,42.375,42.5625,15.49779224395752,425900
BXP,2001-01-05,42.5,42.5,40.4375,40.8125,14.860584259033203,1463500
BXP,2001-01-08,40.9375,41.0,40.125,40.25,14.65577220916748,496800
BXP,2001-01-09,40.5,40.5625,40.125,40.4375,14.724038124084473,624400
BXP,2001-01-10,40.3125,40.875,40.0,40.5625,14.769558906555176,246400
BXP,2001-01-11,40.625,40.6875,40.0,40.125,14.61025333404541,441200
BXP,2001-01-12,40.3125,40.625,40.25,40.5625,14.769558906555176,286200
BXP,2001-01-16,40.6875,40.6875,40.25,40.375,14.701287269592283,182900
BXP,2001-01-17,40.5,40.5625,40.25,40.4375,14.724038124084473,327000
BXP,2001-01-18,40.4375,40.75,40.25,40.75,14.83782958984375,317200
BXP,2001-01-19,40.625,40.8125,40.375,40.8125,14.860584259033203,161500
BXP,2001-01-22,40.8125,41.25,40.5625,41.25,15.01988410949707,235900
BXP,2001-01-23,41.3125,41.5625,41.25,41.5,15.110918998718262,143300
BXP,2001-01-24,41.75,42.25,41.5625,41.9375,15.270216941833496,356300
BXP,2001-01-25,41.9375,42.4375,41.875,42.375,15.429515838623049,252900
BXP,2001-01-26,42.25,42.3125,41.4375,41.625,15.156431198120115,153400
BXP,2001-01-29,41.70000076293945,41.79999923706055,39.75,40.88999938964844,14.888798713684082,253800
BXP,2001-01-30,41.0,41.400001525878906,40.869998931884766,40.970001220703125,14.917932510375977,379300
BXP,2001-01-31,41.0,41.0,40.470001220703125,40.59999847412109,14.783209800720217,368500
BXP,2001-02-01,40.5,41.0,40.20000076293945,41.0,14.928857803344728,375500
BXP,2001-02-02,41.0099983215332,42.119998931884766,40.900001525878906,42.119998931884766,15.336663246154783,219200
BXP,2001-02-05,42.400001525878906,42.5,41.650001525878906,42.18000030517578,15.358514785766602,168700
BXP,2001-02-06,42.09999847412109,42.11000061035156,41.20000076293945,41.27000045776367,15.027165412902832,188400
BXP,2001-02-07,41.27000045776367,41.34999847412109,40.25,40.650001525878906,14.801405906677246,179500
BXP,2001-02-08,40.66999816894531,40.66999816894531,40.25,40.5,14.746795654296877,250900
BXP,2001-02-09,40.650001525878906,40.70000076293945,40.25,40.33000183105469,14.684898376464844,210000
BXP,2001-02-12,40.43000030517578,40.59000015258789,40.400001525878906,40.54999923706055,14.765003204345703,222600
BXP,2001-02-13,40.5,40.75,40.45000076293945,40.709999084472656,14.82325839996338,114600
BXP,2001-02-14,40.65999984741211,40.70000076293945,40.52000045776367,40.59999847412109,14.783209800720217,381500
BXP,2001-02-15,40.59999847412109,40.70000076293945,40.45000076293945,40.59999847412109,14.783209800720217,130300
BXP,2001-02-16,40.59999847412109,40.59999847412109,40.25,40.36000061035156,14.69582176208496,212800
BXP,2001-02-20,40.400001525878906,40.400001525878906,40.09999847412109,40.25,14.65577220916748,231400
BXP,2001-02-21,40.09999847412109,40.09999847412109,39.70000076293945,39.79999923706055,14.491917610168455,332400
BXP,2001-02-22,39.70000076293945,39.70000076293945,39.0,39.209999084472656,14.277085304260254,783400
BXP,2001-02-23,39.150001525878906,40.310001373291016,39.150001525878906,40.20000076293945,14.637560844421388,860900
BXP,2001-02-26,40.25,40.34999847412109,39.79999923706055,39.970001220703125,14.553813934326172,243700
BXP,2001-02-27,40.0,40.29999923706055,39.86000061035156,40.29999923706055,14.673972129821776,345300
BXP,2001-02-28,40.5,40.5,40.0099983215332,40.34000015258789,14.6885347366333,448700
BXP,2001-03-01,40.36000061035156,40.36000061035156,40.0,40.150001525878906,14.619354248046877,412600
BXP,2001-03-02,40.150001525878906,40.70000076293945,40.150001525878906,40.630001068115234,14.7941312789917,331200
BXP,2001-03-05,40.84999847412109,41.04999923706055,40.650001525878906,40.650001525878906,14.801405906677246,439000
BXP,2001-03-06,40.7599983215332,40.869998931884766,40.5,40.70000076293945,14.81961727142334,623100
BXP,2001-03-07,40.79999923706055,41.150001525878906,40.650001525878906,41.060001373291016,14.95070457458496,1164400
BXP,2001-03-08,41.040000915527344,41.16999816894531,41.0,41.130001068115234,14.97619342803955,45100
BXP,2001-03-09,41.25,41.25,40.88999938964844,40.88999938964844,14.888798713684082,336000
BXP,2001-03-12,40.79999923706055,40.86000061035156,39.900001525878906,40.02999877929688,14.575665473937988,371600
BXP,2001-03-13,40.0,40.0,39.63999938964844,39.81999969482422,14.499199867248535,200700
BXP,2001-03-14,39.77999877929688,40.06999969482422,39.650001525878906,39.7400016784668,14.47007179260254,160100
BXP,2001-03-15,39.7400016784668,39.84999847412109,39.5099983215332,39.84999847412109,14.510122299194336,159900
BXP,2001-03-16,40.0,40.25,39.400001525878906,39.470001220703125,14.37175464630127,225800
BXP,2001-03-19,39.5,39.70000076293945,39.38999938964844,39.5,14.382676124572754,103100
BXP,2001-03-20,39.54999923706055,40.0,39.150001525878906,39.2400016784668,14.288004875183104,148000
BXP,2001-03-21,39.0,39.41999816894531,38.5,38.75,14.109588623046877,151500
BXP,2001-03-22,38.79999923706055,38.79999923706055,37.25,37.91999816894531,13.807371139526367,317400
BXP,2001-03-23,38.0,39.0,38.0,38.68000030517578,14.084102630615234,257300
BXP,2001-03-26,38.79999923706055,39.58000183105469,38.34999847412109,39.4900016784668,14.379045486450195,181000
BXP,2001-03-27,39.34999847412109,39.59999847412109,39.0,39.45000076293945,14.364474296569824,288100
BXP,2001-03-28,38.9900016784668,38.9900016784668,38.4900016784668,38.54999923706055,14.227910041809082,388800
BXP,2001-03-29,38.5,38.59999847412109,38.2599983215332,38.43000030517578,14.183629035949709,133000
BXP,2001-03-30,38.59999847412109,38.65999984741211,38.400001525878906,38.45000076293945,14.19100856781006,174200
BXP,2001-04-02,38.650001525878906,38.650001525878906,37.77000045776367,38.09999847412109,14.061829566955566,346100
BXP,2001-04-03,38.09999847412109,38.209999084472656,37.75,37.95000076293945,14.006470680236816,178200
BXP,2001-04-04,37.900001525878906,38.33000183105469,37.63999938964844,37.70000076293945,13.914199829101562,257200
BXP,2001-04-05,37.70000076293945,37.959999084472656,37.70000076293945,37.900001525878906,13.988021850585938,267600
BXP,2001-04-06,38.150001525878906,38.150001525878906,37.29999923706055,37.33000183105469,13.777640342712402,218400
BXP,2001-04-09,37.650001525878906,37.970001220703125,37.15999984741211,37.34000015258789,13.781335830688477,150200
BXP,2001-04-10,37.34999847412109,37.4900016784668,37.09999847412109,37.22999954223633,13.740729331970217,265800
BXP,2001-04-11,36.900001525878906,36.90999984741211,36.0,36.470001220703125,13.460235595703123,295000
BXP,2001-04-12,36.5,36.54999923706055,36.150001525878906,36.470001220703125,13.460235595703123,229100
BXP,2001-04-16,36.38999938964844,36.95000076293945,36.36000061035156,36.59999847412109,13.50821018218994,415800
BXP,2001-04-17,36.75,37.09999847412109,36.75,37.09999847412109,13.692756652832031,342200
BXP,2001-04-18,37.20000076293945,38.04999923706055,37.0,37.75,13.932655334472656,566700
BXP,2001-04-19,37.70000076293945,37.91999816894531,37.25,37.79999923706055,13.951106071472168,218800
BXP,2001-04-20,37.84999847412109,37.84999847412109,37.29999923706055,37.79999923706055,13.951106071472168,233100
BXP,2001-04-23,37.75,37.75,37.290000915527344,37.59999847412109,13.877293586730955,486200
BXP,2001-04-24,37.70000076293945,38.02000045776367,37.34999847412109,38.02000045776367,14.032306671142578,258800
BXP,2001-04-25,38.0,38.20000076293945,37.29999923706055,37.52000045776367,13.847768783569336,337600
BXP,2001-04-26,38.0,38.52000045776367,37.93000030517578,38.400001525878906,14.17255687713623,230100
BXP,2001-04-27,38.400001525878906,39.18000030517578,38.400001525878906,39.18000030517578,14.460433959960938,222400
BXP,2001-04-30,39.18000030517578,39.650001525878906,39.18000030517578,39.5099983215332,14.582234382629396,247500
BXP,2001-05-01,39.400001525878906,39.40999984741211,38.900001525878906,39.400001525878906,14.541626930236816,124500
BXP,2001-05-02,39.16999816894531,39.18000030517578,38.630001068115234,39.09999847412109,14.430902481079102,222200
BXP,2001-05-03,39.09999847412109,39.09999847412109,38.630001068115234,39.0,14.394003868103027,185900
BXP,2001-05-04,38.84999847412109,38.970001220703125,38.56999969482422,38.95000076293945,14.375547409057615,166300
BXP,2001-05-07,39.04999923706055,39.25,38.9900016784668,39.13999938964844,14.44566822052002,284600
BXP,2001-05-08,39.119998931884766,39.119998931884766,38.84999847412109,38.97999954223633,14.386615753173828,210200
BXP,2001-05-09,39.04999923706055,39.20000076293945,38.93000030517578,39.06999969482422,14.419836044311523,129700
BXP,2001-05-10,39.09999847412109,39.150001525878906,38.90999984741211,39.0099983215332,14.39768886566162,121800
BXP,2001-05-11,38.900001525878906,39.29999923706055,38.869998931884766,39.0,14.394003868103027,387400
BXP,2001-05-14,39.09999847412109,39.09999847412109,38.650001525878906,38.79999923706055,14.320178031921388,249600
BXP,2001-05-15,38.70000076293945,39.09999847412109,38.59999847412109,39.06999969482422,14.419836044311523,348300
BXP,2001-05-16,39.06999969482422,39.33000183105469,39.04999923706055,39.33000183105469,14.515792846679688,281000
BXP,2001-05-17,39.33000183105469,39.7400016784668,39.33000183105469,39.72999954223633,14.663429260253906,194000
BXP,2001-05-18,39.75,40.0,39.59999847412109,40.0,14.763075828552246,85600
BXP,2001-05-21,39.97999954223633,40.0,39.790000915527344,39.84999847412109,14.707718849182127,148500
BXP,2001-05-22,40.09999847412109,40.09999847412109,39.880001068115234,40.08000183105469,14.792607307434082,360800
BXP,2001-05-23,40.0,40.20000076293945,39.90999984741211,40.18000030517578,14.829507827758787,285600
BXP,2001-05-24,40.20000076293945,40.5,40.130001068115234,40.5,14.94761562347412,473000
BXP,2001-05-25,40.45000076293945,40.4900016784668,40.25,40.41999816894531,14.918091773986816,114800
BXP,2001-05-29,40.29999923706055,40.59999847412109,40.25,40.38999938964844,14.90701675415039,136200
BXP,2001-05-30,40.38999938964844,40.38999938964844,39.84999847412109,39.9900016784668,14.759382247924805,539700
BXP,2001-05-31,39.900001525878906,40.09999847412109,39.86000061035156,39.880001068115234,14.718785285949709,144900
BXP,2001-06-01,39.95000076293945,39.970001220703125,39.709999084472656,39.880001068115234,14.718785285949709,266500
BXP,2001-06-04,40.0,40.25,39.650001525878906,40.25,14.8553466796875,397300
BXP,2001-06-05,40.29999923706055,40.29999923706055,39.97999954223633,40.060001373291016,14.78522491455078,574800
BXP,2001-06-06,40.060001373291016,40.119998931884766,39.97999954223633,40.040000915527344,14.77784252166748,102900
BXP,2001-06-07,40.08000183105469,40.18999862670898,40.08000183105469,40.09999847412109,14.799986839294434,223200
BXP,2001-06-08,40.09000015258789,40.09000015258789,39.90999984741211,39.959999084472656,14.748310089111328,129200
BXP,2001-06-11,39.900001525878906,40.59999847412109,39.84999847412109,40.56999969482422,14.973450660705566,338100
BXP,2001-06-12,40.400001525878906,40.95000076293945,40.400001525878906,40.900001525878906,15.095243453979492,350600
BXP,2001-06-13,40.880001068115234,41.0,40.75,41.0,15.132153511047363,102900
BXP,2001-06-14,40.84999847412109,41.04999923706055,40.75,41.0,15.132153511047363,170200
BXP,2001-06-15,40.97999954223633,40.9900016784668,40.45000076293945,40.97999954223633,15.124775886535645,130800
BXP,2001-06-18,41.04999923706055,41.04999923706055,40.54999923706055,41.0,15.132153511047363,187500
BXP,2001-06-19,41.0,41.0,40.77000045776367,40.880001068115234,15.087867736816406,115600
BXP,2001-06-20,40.900001525878906,41.04999923706055,40.84999847412109,41.0,15.132153511047363,288700
BXP,2001-06-21,41.0,41.41999816894531,40.970001220703125,41.060001373291016,15.154298782348633,251400
BXP,2001-06-22,41.150001525878906,41.220001220703125,40.75,41.0,15.132153511047363,455600
BXP,2001-06-25,41.09999847412109,41.29999923706055,40.59999847412109,40.79999923706055,15.05833339691162,75500
BXP,2001-06-26,40.75,41.09999847412109,40.70000076293945,41.04999923706055,15.15059757232666,323900
BXP,2001-06-27,40.720001220703125,40.84999847412109,40.5,40.650001525878906,15.217987060546877,192800
BXP,2001-06-28,40.619998931884766,41.15999984741211,40.54999923706055,41.0,15.34902000427246,1137700
BXP,2001-06-29,41.0099983215332,41.09999847412109,40.900001525878906,40.900001525878906,15.31158447265625,338800
BXP,2001-07-02,40.95000076293945,41.040000915527344,40.84999847412109,41.0,15.34902000427246,262100
BXP,2001-07-03,41.0,41.20000076293945,40.95000076293945,41.18000030517578,15.41640281677246,83900
BXP,2001-07-05,41.18999862670898,41.310001373291016,41.13999938964844,41.2599983215332,15.446355819702148,158700
BXP,2001-07-06,41.22999954223633,41.22999954223633,41.04999923706055,41.04999923706055,15.367735862731934,75600
BXP,2001-07-09,41.02000045776367,41.09999847412109,40.400001525878906,40.58000183105469,15.19178581237793,180800
BXP,2001-07-10,40.5,40.52999877929688,40.02000045776367,40.04999923706055,14.993374824523926,214800
BXP,2001-07-11,40.0,40.0,39.720001220703125,39.810001373291016,14.903524398803713,179200
BXP,2001-07-12,39.72999954223633,40.09999847412109,39.68000030517578,40.09000015258789,15.008349418640137,186400
BXP,2001-07-13,40.0,40.0,39.77000045776367,39.77999877929688,14.892298698425291,166800
BXP,2001-07-16,39.83000183105469,39.91999816894531,39.59999847412109,39.61000061035156,14.82864761352539,182500
BXP,2001-07-17,39.59999847412109,39.810001373291016,39.58000183105469,39.59999847412109,14.824909210205078,271700
BXP,2001-07-18,39.58000183105469,40.04999923706055,39.5,39.97999954223633,14.967166900634766,244400
BXP,2001-07-19,40.09999847412109,40.29999923706055,40.09000015258789,40.150001525878906,15.030807495117188,144700
BXP,2001-07-20,40.150001525878906,40.150001525878906,39.59000015258789,39.66999816894531,14.85111141204834,283200
BXP,2001-07-23,39.79999923706055,39.91999816894531,39.29999923706055,39.31999969482422,14.720085144042969,379500
BXP,2001-07-24,39.5,39.52999877929688,39.20000076293945,39.20000076293945,14.675166130065918,173700
BXP,2001-07-25,39.20000076293945,39.20000076293945,38.27999877929688,38.97999954223633,14.592802047729492,302700
BXP,2001-07-26,39.04999923706055,39.31999969482422,38.70000076293945,39.150001525878906,14.656447410583496,107500
BXP,2001-07-27,39.150001525878906,39.400001525878906,39.0,39.27999877929688,14.70510959625244,130200
BXP,2001-07-30,39.04999923706055,39.06999969482422,38.400001525878906,38.400001525878906,14.37566089630127,245300
BXP,2001-07-31,38.59999847412109,38.900001525878906,38.54999923706055,38.54999923706055,14.431815147399902,114300
BXP,2001-08-01,38.650001525878906,38.84999847412109,38.400001525878906,38.70000076293945,14.48797607421875,295400
BXP,2001-08-02,38.84999847412109,38.93999862670898,38.59999847412109,38.900001525878906,14.562856674194336,305700
BXP,2001-08-03,38.97999954223633,39.04999923706055,38.75,39.0,14.600290298461914,83700
BXP,2001-08-06,39.20000076293945,39.400001525878906,39.0,39.380001068115234,14.742551803588867,201000
BXP,2001-08-07,39.45000076293945,39.459999084472656,39.150001525878906,39.33000183105469,14.723827362060549,264700
BXP,2001-08-08,39.33000183105469,39.4900016784668,39.20000076293945,39.369998931884766,14.738800048828123,652600
BXP,2001-08-09,39.45000076293945,39.5,39.0,39.29999923706055,14.712603569030762,266600
BXP,2001-08-10,39.400001525878906,40.02000045776367,39.34999847412109,39.900001525878906,14.937211036682127,311400
BXP,2001-08-13,39.95000076293945,40.09999847412109,39.900001525878906,40.0099983215332,14.978397369384766,211400
BXP,2001-08-14,40.0,40.25,39.95000076293945,40.25,15.068243026733398,384700
BXP,2001-08-15,40.20000076293945,40.79999923706055,40.20000076293945,40.68000030517578,15.229219436645508,368600
BXP,2001-08-16,40.68000030517578,40.70000076293945,40.29999923706055,40.65999984741211,15.221738815307615,225200
BXP,2001-08-17,40.65999984741211,41.150001525878906,40.59999847412109,41.150001525878906,15.405174255371094,360800
BXP,2001-08-20,41.09999847412109,41.09999847412109,40.61000061035156,40.630001068115234,15.21050262451172,229500
BXP,2001-08-21,40.630001068115234,41.09999847412109,40.59999847412109,40.81999969482422,15.281634330749512,409400
BXP,2001-08-22,40.81999969482422,40.97999954223633,40.20000076293945,40.47999954223633,15.1543550491333,742800
BXP,2001-08-23,40.5,40.91999816894531,40.5,40.75,15.2554292678833,506000
BXP,2001-08-24,40.79999923706055,40.79999923706055,40.310001373291016,40.5,15.161835670471191,147300
BXP,2001-08-27,40.45000076293945,40.84999847412109,40.20000076293945,40.560001373291016,15.184306144714355,145700
BXP,2001-08-28,40.630001068115234,40.75,40.400001525878906,40.5099983215332,15.16557788848877,228700
BXP,2001-08-29,40.380001068115234,40.400001525878906,39.959999084472656,40.18000030517578,15.042033195495604,277700
BXP,2001-08-30,40.08000183105469,40.09000015258789,39.5,39.59999847412109,14.824909210205078,249800
BXP,2001-08-31,39.70000076293945,40.0,39.400001525878906,39.400001525878906,14.75003719329834,160200
BXP,2001-09-04,39.400001525878906,39.54999923706055,38.880001068115234,39.20000076293945,14.675166130065918,186000
BXP,2001-09-05,39.09999847412109,39.29999923706055,38.83000183105469,39.02000045776367,14.60777473449707,188800
BXP,2001-09-06,38.970001220703125,38.970001220703125,38.2599983215332,38.470001220703125,14.401873588562012,435800
BXP,2001-09-07,38.47999954223633,38.54999923706055,38.18000030517578,38.18000030517578,14.293306350708008,189700
BXP,2001-09-10,38.18000030517578,38.18000030517578,37.900001525878906,37.95000076293945,14.20720386505127,162300
BXP,2001-09-17,38.09999847412109,38.900001525878906,36.20000076293945,36.20000076293945,13.552053451538086,1154600
BXP,2001-09-18,36.5,37.459999084472656,36.5,37.16999816894531,13.915197372436523,795800
BXP,2001-09-19,37.41999816894531,37.75,36.70000076293945,37.34999847412109,13.98257827758789,914700
BXP,2001-09-20,37.5,37.5,36.619998931884766,36.65999984741211,13.724267959594728,583000
BXP,2001-09-21,36.34999847412109,37.09000015258789,36.20000076293945,36.34999847412109,13.608216285705566,341900
BXP,2001-09-24,37.400001525878906,37.900001525878906,36.900001525878906,37.040000915527344,13.866527557373049,452800
BXP,2001-09-25,37.150001525878906,37.54999923706055,37.09999847412109,37.220001220703125,13.933917999267578,582000
BXP,2001-09-26,37.09999847412109,37.25,36.650001525878906,36.68999862670898,13.952929496765137,735600
BXP,2001-09-27,36.75,37.400001525878906,36.709999084472656,37.18999862670898,14.143075942993164,455600
BXP,2001-09-28,37.18999862670898,38.20000076293945,37.09999847412109,38.130001068115234,14.500553131103516,480800
BXP,2001-10-01,38.130001068115234,38.130001068115234,37.70000076293945,37.97999954223633,14.44350528717041,337500
BXP,2001-10-02,37.95000076293945,38.040000915527344,37.5,37.84999847412109,14.394070625305176,320700
BXP,2001-10-03,37.5,37.5,36.25,36.369998931884766,13.831235885620115,385600
BXP,2001-10-04,36.70000076293945,37.38999938964844,36.68000030517578,37.04999923706055,14.089838981628418,880400
BXP,2001-10-05,37.04999923706055,37.13999938964844,35.900001525878906,36.40999984741211,13.846442222595217,440800
BXP,2001-10-08,36.5,36.70000076293945,36.09999847412109,36.25,13.785599708557127,715500
BXP,2001-10-09,35.900001525878906,37.29999923706055,35.5,37.27999877929688,14.177301406860352,509600
BXP,2001-10-10,37.02999877929688,37.84000015258789,36.95000076293945,37.65999984741211,14.321813583374023,345000
BXP,2001-10-11,37.59999847412109,38.0,37.59999847412109,37.900001525878906,14.413091659545898,203400
BXP,2001-10-12,38.0,38.29999923706055,37.70000076293945,37.95000076293945,14.432101249694824,265400
BXP,2001-10-15,37.900001525878906,38.150001525878906,37.70000076293945,37.900001525878906,14.413091659545898,211300
BXP,2001-10-16,37.900001525878906,37.900001525878906,37.630001068115234,37.650001525878906,14.318015098571776,320800
BXP,2001-10-17,37.75,37.90999984741211,37.29999923706055,37.5,14.260967254638672,345400
BXP,2001-10-18,37.400001525878906,37.41999816894531,36.650001525878906,36.81999969482422,14.002367973327637,203800
BXP,2001-10-19,36.650001525878906,36.72999954223633,36.150001525878906,36.290000915527344,13.800811767578123,319200
BXP,2001-10-22,36.540000915527344,36.540000915527344,34.939998626708984,35.79999923706055,13.614471435546877,495600
BXP,2001-10-23,35.599998474121094,36.0,35.0,35.0,13.310229301452637,916300
BXP,2001-10-24,35.0,35.0,34.0,34.33000183105469,13.055441856384276,1229200
BXP,2001-10-25,34.33000183105469,35.0,34.33000183105469,34.65999984741211,13.180936813354492,496200
BXP,2001-10-26,34.900001525878906,35.099998474121094,34.59000015258789,34.9900016784668,13.306436538696287,704500
BXP,2001-10-29,34.900001525878906,35.22999954223633,34.83000183105469,35.16999816894531,13.374884605407717,265700
BXP,2001-10-30,35.25,35.349998474121094,35.0,35.08000183105469,13.340662002563477,293100
BXP,2001-10-31,35.08000183105469,35.45000076293945,35.04999923706055,35.349998474121094,13.44333553314209,147800
BXP,2001-11-01,35.349998474121094,35.900001525878906,35.25,35.72999954223633,13.587848663330078,349000
BXP,2001-11-02,35.70000076293945,35.869998931884766,35.459999084472656,35.720001220703125,13.584044456481934,236100
BXP,2001-11-05,35.66999816894531,35.90999984741211,35.349998474121094,35.68000030517578,13.568833351135254,226800
BXP,2001-11-06,35.779998779296875,36.09999847412109,35.599998474121094,36.04999923706055,13.709546089172363,225100
BXP,2001-11-07,36.04999923706055,36.20000076293945,35.93000030517578,35.970001220703125,13.679117202758787,300400
BXP,2001-11-08,36.0,36.150001525878906,35.779998779296875,35.9900016784668,13.68671989440918,152300
BXP,2001-11-09,36.09999847412109,36.09999847412109,35.5,35.939998626708984,13.66771411895752,215300
BXP,2001-11-12,35.900001525878906,36.04999923706055,35.540000915527344,35.95000076293945,13.671515464782717,165300
BXP,2001-11-13,35.95000076293945,36.65999984741211,35.900001525878906,36.369998931884766,13.831235885620115,345800
BXP,2001-11-14,36.56999969482422,36.70000076293945,36.29999923706055,36.5099983215332,13.884475708007812,374300
BXP,2001-11-15,36.59000015258789,36.970001220703125,36.5,36.869998931884766,14.021388053894045,489000
BXP,2001-11-16,36.66999816894531,37.13999938964844,36.630001068115234,37.04999923706055,14.089838981628418,225000
BXP,2001-11-19,37.150001525878906,37.209999084472656,36.650001525878906,37.209999084472656,14.150686264038086,164900
BXP,2001-11-20,37.25,37.25,36.65999984741211,36.84999847412109,14.013781547546388,178300
BXP,2001-11-21,36.900001525878906,37.400001525878906,36.68999862670898,37.119998931884766,14.116456031799316,114800
BXP,2001-11-23,37.130001068115234,37.150001525878906,37.0099983215332,37.150001525878906,14.127870559692385,41700
BXP,2001-11-26,37.25,37.29999923706055,37.0099983215332,37.02999877929688,14.082230567932127,154800
BXP,2001-11-27,37.130001068115234,37.380001068115234,36.900001525878906,37.18000030517578,14.139273643493652,149700
BXP,2001-11-28,37.08000183105469,37.27000045776367,36.93999862670898,37.119998931884766,14.116456031799316,276800
BXP,2001-11-29,37.04999923706055,37.20000076293945,36.81999969482422,37.20000076293945,14.146888732910156,275800
BXP,2001-11-30,37.29999923706055,37.29999923706055,36.84999847412109,37.20000076293945,14.146888732910156,197600
BXP,2001-12-03,37.09999847412109,37.18999862670898,36.900001525878906,37.0,14.070818901062012,159400
BXP,2001-12-04,37.09999847412109,37.70000076293945,37.09999847412109,37.59999847412109,14.298995971679688,116700
BXP,2001-12-05,37.900001525878906,38.54999923706055,37.720001220703125,38.150001525878906,14.508160591125488,247500
BXP,2001-12-06,38.15999984741211,38.34999847412109,38.04999923706055,38.09999847412109,14.489141464233398,211200
BXP,2001-12-07,38.20000076293945,38.540000915527344,38.09999847412109,38.40999984741211,14.607036590576172,85700
BXP,2001-12-10,38.380001068115234,38.380001068115234,37.59999847412109,37.75,14.356039047241213,173400
BXP,2001-12-11,37.70000076293945,37.84999847412109,37.68000030517578,37.75,14.356039047241213,319600
BXP,2001-12-12,37.79999923706055,37.84999847412109,37.45000076293945,37.650001525878906,14.318015098571776,281600
BXP,2001-12-13,37.65999984741211,37.65999984741211,37.15999984741211,37.16999816894531,14.135467529296877,225800
BXP,2001-12-14,37.15999984741211,37.470001220703125,37.15999984741211,37.400001525878906,14.222936630249023,366600
BXP,2001-12-17,37.380001068115234,37.68999862670898,37.29999923706055,37.68999862670898,14.333226203918455,288500
BXP,2001-12-18,37.900001525878906,38.0,37.63999938964844,37.720001220703125,14.344636917114258,147800
BXP,2001-12-19,37.79999923706055,37.79999923706055,37.59999847412109,37.7599983215332,14.359846115112305,345100
BXP,2001-12-20,37.75,37.83000183105469,37.68999862670898,37.75,14.356039047241213,233900
BXP,2001-12-21,37.84999847412109,38.0,37.65999984741211,37.93000030517578,14.4244966506958,221300
BXP,2001-12-24,38.0,38.5,38.0,38.31999969482422,14.572809219360352,73700
BXP,2001-12-26,37.75,38.150001525878906,37.70000076293945,38.09999847412109,14.711814880371094,292000
BXP,2001-12-27,38.20000076293945,38.5,37.9900016784668,37.9900016784668,14.669339179992676,126600
BXP,2001-12-28,37.9900016784668,38.34999847412109,37.95000076293945,38.20000076293945,14.75042724609375,195600
BXP,2001-12-31,38.25,38.34999847412109,37.81999969482422,38.0,14.673202514648438,168200
BXP,2002-01-02,38.150001525878906,38.369998931884766,37.36000061035156,38.25,14.769744873046877,308200
BXP,2002-01-03,38.150001525878906,38.77000045776367,38.130001068115234,38.380001068115234,14.819938659667969,147200
BXP,2002-01-04,38.47999954223633,38.56999969482422,38.25,38.4900016784668,14.86240577697754,170800
BXP,2002-01-07,38.54999923706055,38.7599983215332,38.54999923706055,38.70000076293945,14.943496704101562,155000
BXP,2002-01-08,38.75,39.0,38.75,38.959999084472656,15.04389476776123,313700
BXP,2002-01-09,38.97999954223633,39.04999923706055,38.84999847412109,38.90999984741211,15.02458953857422,189300
BXP,2002-01-10,38.93000030517578,39.0,38.86000061035156,38.900001525878906,15.020729064941406,121100
BXP,2002-01-11,38.970001220703125,38.970001220703125,38.34999847412109,38.34999847412109,14.808355331420898,593700
BXP,2002-01-14,38.31999969482422,38.34999847412109,37.880001068115234,38.34999847412109,14.808355331420898,1383000
BXP,2002-01-15,38.29999923706055,38.5,37.95000076293945,37.970001220703125,14.661623001098633,392000
BXP,2002-01-16,37.81999969482422,38.0,37.70000076293945,37.84999847412109,14.615283012390137,311600
BXP,2002-01-17,38.0,38.08000183105469,37.4900016784668,37.70000076293945,14.557363510131836,338400
BXP,2002-01-18,37.83000183105469,37.83000183105469,37.33000183105469,37.41999816894531,14.449246406555176,157600
BXP,2002-01-22,37.5,37.59000015258789,37.369998931884766,37.369998931884766,14.429939270019531,162500
BXP,2002-01-23,37.720001220703125,37.77000045776367,37.25,37.5,14.480135917663574,328700
BXP,2002-01-24,37.34999847412109,37.34999847412109,36.540000915527344,36.68000030517578,14.16350269317627,796800
BXP,2002-01-25,36.68999862670898,36.84000015258789,36.58000183105469,36.79999923706055,14.209835052490234,283800
BXP,2002-01-28,36.79999923706055,36.79999923706055,36.61000061035156,36.720001220703125,14.178945541381836,308800
BXP,2002-01-29,36.75,36.75,36.5099983215332,36.54999923706055,14.113303184509276,227200
BXP,2002-01-30,36.59999847412109,36.84999847412109,36.52000045776367,36.75,14.190528869628906,328800
BXP,2002-01-31,36.84999847412109,36.84999847412109,36.5,36.63999938964844,14.14805507659912,437900
BXP,2002-02-01,36.84999847412109,37.0,36.70000076293945,36.84000015258789,14.225281715393066,226300
BXP,2002-02-04,36.91999816894531,37.20000076293945,36.81999969482422,37.08000183105469,14.317959785461426,266700
BXP,2002-02-05,37.18000030517578,37.25,36.91999816894531,36.93000030517578,14.260039329528809,274600
BXP,2002-02-06,37.04999923706055,37.04999923706055,36.65999984741211,36.70000076293945,14.171222686767578,174800
BXP,2002-02-07,36.66999816894531,36.83000183105469,36.34999847412109,36.369998931884766,14.043797492980955,116100
BXP,2002-02-08,36.29999923706055,36.59999847412109,35.70000076293945,35.97999954223633,13.89320468902588,660000
BXP,2002-02-11,36.130001068115234,36.560001373291016,36.09999847412109,36.400001525878906,14.055381774902344,572100
BXP,2002-02-12,36.470001220703125,36.470001220703125,36.150001525878906,36.20000076293945,13.978150367736816,343100
BXP,2002-02-13,36.09999847412109,36.33000183105469,36.08000183105469,36.310001373291016,14.0206298828125,188100
BXP,2002-02-14,36.400001525878906,36.95000076293945,36.34999847412109,36.900001525878906,14.248456001281738,549500
BXP,2002-02-15,36.970001220703125,37.34999847412109,36.869998931884766,37.29999923706055,14.40290641784668,1097800
BXP,2002-02-19,37.34999847412109,37.66999816894531,37.15999984741211,37.18000030517578,14.356568336486816,182300
BXP,2002-02-20,37.29999923706055,37.43999862670898,37.09999847412109,37.150001525878906,14.344990730285645,196900
BXP,2002-02-21,36.93000030517578,37.27000045776367,36.93000030517578,36.959999084472656,14.271620750427246,156200
BXP,2002-02-22,36.95000076293945,37.38999938964844,36.900001525878906,37.38999938964844,14.437660217285156,112200
BXP,2002-02-25,37.400001525878906,37.63999938964844,37.220001220703125,37.38999938964844,14.437660217285156,205200
BXP,2002-02-26,37.52999877929688,38.02000045776367,37.4900016784668,37.9900016784668,14.669339179992676,210500
BXP,2002-02-27,37.95000076293945,37.95000076293945,37.5,37.650001525878906,14.538057327270508,133500
BXP,2002-02-28,37.650001525878906,37.77999877929688,37.58000183105469,37.66999816894531,14.545777320861816,226500
BXP,2002-03-01,37.75,38.20000076293945,37.70000076293945,38.20000076293945,14.75042724609375,341300
BXP,2002-03-04,38.29999923706055,38.93000030517578,38.220001220703125,38.91999816894531,15.02844524383545,361600
BXP,2002-03-05,38.77999877929688,39.52000045776367,38.75,39.34999847412109,15.194483757019045,364900
BXP,2002-03-06,39.400001525878906,39.90999984741211,39.130001068115234,39.709999084472656,15.333503723144531,1040000
BXP,2002-03-07,39.709999084472656,39.93999862670898,39.63999938964844,39.7599983215332,15.35280418395996,154500
BXP,2002-03-08,39.900001525878906,39.95000076293945,39.75,39.81999969482422,15.375974655151367,281500
BXP,2002-03-11,39.79999923706055,39.79999923706055,39.18999862670898,39.25,15.155877113342283,409900
BXP,2002-03-12,39.25,39.34999847412109,39.18000030517578,39.2599983215332,15.159734725952148,246000
BXP,2002-03-13,39.20000076293945,39.310001373291016,39.09999847412109,39.20000076293945,15.13657283782959,335000
BXP,2002-03-14,39.20000076293945,39.470001220703125,39.15999984741211,39.34999847412109,15.194483757019045,305400
BXP,2002-03-15,39.20000076293945,39.20000076293945,38.95000076293945,39.0,15.059345245361328,429300
BXP,2002-03-18,39.0,39.619998931884766,38.90999984741211,39.20000076293945,15.13657283782959,581000
BXP,2002-03-19,39.209999084472656,39.540000915527344,39.209999084472656,39.43000030517578,15.225379943847656,129400
BXP,2002-03-20,39.43000030517578,39.59999847412109,39.29999923706055,39.5,15.252412796020508,414700
BXP,2002-03-21,39.56999969482422,39.650001525878906,39.400001525878906,39.58000183105469,15.283296585083008,161700
BXP,2002-03-22,39.52999877929688,39.58000183105469,39.400001525878906,39.400001525878906,15.213800430297852,229100
BXP,2002-03-25,39.45000076293945,39.54999923706055,39.2400016784668,39.47999954223633,15.244683265686035,395100
BXP,2002-03-26,39.0,39.66999816894531,39.0,39.59999847412109,15.51900863647461,363300
BXP,2002-03-27,39.54999923706055,39.59999847412109,39.43999862670898,39.59999847412109,15.51900863647461,163300
BXP,2002-03-28,39.59999847412109,39.72999954223633,39.45000076293945,39.45000076293945,15.46022891998291,325100
BXP,2002-04-01,39.5,39.7400016784668,39.459999084472656,39.61000061035156,15.52293300628662,138500
BXP,2002-04-02,39.5,39.5,39.34999847412109,39.459999084472656,15.46414566040039,245200
BXP,2002-04-03,39.47999954223633,39.47999954223633,39.13999938964844,39.18999862670898,15.358341217041016,164200
BXP,2002-04-04,39.20000076293945,39.400001525878906,39.0,39.34000015258789,15.41712474822998,203900
BXP,2002-04-05,39.59000015258789,39.59000015258789,39.47999954223633,39.540000915527344,15.495497703552246,227500
BXP,2002-04-08,39.560001373291016,40.09999847412109,39.54999923706055,39.72999954223633,15.569961547851562,290100
BXP,2002-04-09,39.75,40.5,39.75,40.470001220703125,15.859957695007324,279600
BXP,2002-04-10,40.70000076293945,41.47999954223633,40.650001525878906,40.900001525878906,16.02847671508789,372600
BXP,2002-04-11,40.900001525878906,40.95000076293945,40.619998931884766,40.900001525878906,16.02847671508789,244400
BXP,2002-04-12,40.79999923706055,41.54999923706055,40.79999923706055,41.54999923706055,16.283206939697266,285300
BXP,2002-04-15,41.400001525878906,41.400001525878906,41.0099983215332,41.02999877929688,16.079425811767578,161400
BXP,2002-04-16,41.18000030517578,41.18999862670898,39.97999954223633,40.09999847412109,15.71496295928955,245600
BXP,2002-04-17,40.25,40.27000045776367,39.18000030517578,39.45000076293945,15.46022891998291,305100
BXP,2002-04-18,39.31999969482422,39.900001525878906,39.20000076293945,39.34999847412109,15.421040534973145,383200
BXP,2002-04-19,39.70000076293945,39.70000076293945,38.77999877929688,38.900001525878906,15.244690895080566,237600
BXP,2002-04-22,38.900001525878906,38.97999954223633,38.650001525878906,38.650001525878906,15.14671516418457,491400
BXP,2002-04-23,38.650001525878906,38.65999984741211,37.70000076293945,37.880001068115234,14.844961166381836,586100
BXP,2002-04-24,38.0,38.83000183105469,38.0,38.72999954223633,15.178065299987791,234000
BXP,2002-04-25,38.79999923706055,39.0,38.72999954223633,38.93999862670898,15.26035499572754,187200
BXP,2002-04-26,39.0,39.0,38.34999847412109,38.369998931884766,15.036981582641602,311200
BXP,2002-04-29,38.400001525878906,38.43999862670898,38.04999923706055,38.380001068115234,15.040905952453612,125700
BXP,2002-04-30,38.5,39.22999954223633,38.43999862670898,38.97999954223633,15.276039123535156,497500
BXP,2002-05-01,39.150001525878906,39.18999862670898,38.95000076293945,39.09999847412109,15.32306671142578,468700
BXP,2002-05-02,39.20000076293945,39.869998931884766,39.11000061035156,39.7599983215332,15.581714630126951,127400
BXP,2002-05-03,39.77000045776367,40.22999954223633,39.63999938964844,40.09999847412109,15.71496295928955,221600
BXP,2002-05-06,40.09999847412109,40.09999847412109,39.66999816894531,39.66999816894531,15.546445846557615,115800
BXP,2002-05-07,39.900001525878906,39.93999862670898,39.380001068115234,39.75,15.577799797058104,261500
BXP,2002-05-08,39.84999847412109,39.880001068115234,38.97999954223633,39.45000076293945,15.46022891998291,236600
BXP,2002-05-09,39.29999923706055,39.59999847412109,39.09999847412109,39.09999847412109,15.32306671142578,238400
BXP,2002-05-10,39.34999847412109,39.34999847412109,38.95000076293945,39.119998931884766,15.33089828491211,244700
BXP,2002-05-13,39.119998931884766,39.52000045776367,39.04999923706055,39.5,15.479825019836426,152400
BXP,2002-05-14,39.59999847412109,39.7400016784668,39.15999984741211,39.7400016784668,15.573877334594728,196300
BXP,2002-05-15,39.7400016784668,40.09000015258789,39.70000076293945,40.0,15.67576503753662,130300
BXP,2002-05-16,40.0,40.040000915527344,39.52999877929688,40.0,15.67576503753662,150500
BXP,2002-05-17,40.0,40.45000076293945,39.970001220703125,40.45000076293945,15.85212230682373,297800
BXP,2002-05-20,40.45000076293945,40.45000076293945,40.150001525878906,40.2599983215332,15.777665138244627,325600
BXP,2002-05-21,40.31999969482422,40.400001525878906,39.88999938964844,40.34999847412109,15.812936782836914,466200
BXP,2002-05-22,40.36000061035156,40.38999938964844,40.150001525878906,40.31999969482422,15.801185607910156,400000
BXP,2002-05-23,40.31999969482422,40.84999847412109,40.20000076293945,40.68000030517578,15.94225788116455,338000
BXP,2002-05-24,40.75,40.97999954223633,40.630001068115234,40.90999984741211,16.03238868713379,108200
BXP,2002-05-28,40.9900016784668,41.09999847412109,40.790000915527344,41.08000183105469,16.09902000427246,237900
BXP,2002-05-29,40.900001525878906,41.25,40.79999923706055,41.11000061035156,16.110774993896484,507600
BXP,2002-05-30,41.11000061035156,41.18999862670898,40.84000015258789,40.93000030517578,16.040225982666016,408200
BXP,2002-05-31,41.0,41.34999847412109,40.93999862670898,41.0,16.06766128540039,319700
BXP,2002-06-03,41.09999847412109,41.29999923706055,40.970001220703125,41.02000045776367,16.07550048828125,142000
BXP,2002-06-04,41.02999877929688,41.31999969482422,41.0,41.2599983215332,16.169557571411133,124800
BXP,2002-06-05,41.2599983215332,41.2599983215332,40.86000061035156,40.95000076293945,16.048067092895508,217700
BXP,2002-06-06,40.900001525878906,41.0,40.59999847412109,40.72999954223633,15.961858749389648,130000
BXP,2002-06-07,40.720001220703125,40.7599983215332,40.060001373291016,40.5,15.871716499328612,237900
BXP,2002-06-10,40.56999969482422,40.810001373291016,40.56999969482422,40.68000030517578,15.94225788116455,57800
BXP,2002-06-11,40.75,41.09999847412109,40.5,40.70000076293945,15.95009422302246,202700
BXP,2002-06-12,40.84999847412109,41.0,40.560001373291016,40.72999954223633,15.961858749389648,148400
BXP,2002-06-13,40.79999923706055,40.959999084472656,40.7599983215332,40.81999969482422,15.997125625610352,161800
BXP,2002-06-14,40.84999847412109,40.84999847412109,40.650001525878906,40.75,15.969693183898926,145000
BXP,2002-06-17,40.75,40.79999923706055,40.45000076293945,40.59999847412109,15.910902976989746,400900
BXP,2002-06-18,40.650001525878906,40.970001220703125,40.38999938964844,40.400001525878906,15.832534790039062,258400
BXP,2002-06-19,40.400001525878906,40.869998931884766,39.84999847412109,40.08000183105469,15.707125663757324,359300
BXP,2002-06-20,40.09999847412109,40.47999954223633,40.06999969482422,40.369998931884766,15.82076644897461,210500
BXP,2002-06-21,40.54999923706055,40.95000076293945,40.43999862670898,40.79999923706055,15.989293098449709,294200
BXP,2002-06-24,40.810001373291016,41.09999847412109,40.79999923706055,40.84999847412109,16.008878707885742,254600
BXP,2002-06-25,40.95000076293945,41.0,40.880001068115234,41.0,16.06766128540039,503100
BXP,2002-06-26,40.45000076293945,40.75,39.70000076293945,40.02000045776367,15.920475959777832,322500
BXP,2002-06-27,40.0,40.29999923706055,39.54999923706055,40.20000076293945,15.99208164215088,333000
BXP,2002-06-28,40.09999847412109,40.18999862670898,39.79999923706055,39.95000076293945,15.892627716064451,605800
BXP,2002-07-01,39.95000076293945,40.0,39.45000076293945,39.869998931884766,15.860800743103027,264000
BXP,2002-07-02,39.91999816894531,39.9900016784668,39.119998931884766,39.25,15.614158630371094,416100
BXP,2002-07-03,39.25,39.33000183105469,38.86000061035156,39.0099983215332,15.51867961883545,322400
BXP,2002-07-05,39.11000061035156,39.65999984741211,39.0,39.29999923706055,15.634050369262695,157600
BXP,2002-07-08,39.54999923706055,39.56999969482422,39.0,39.0,15.514704704284668,435500
BXP,2002-07-09,39.09999847412109,39.34000015258789,38.650001525878906,38.650001525878906,15.37547206878662,285800
BXP,2002-07-10,38.75,38.93000030517578,37.88999938964844,38.0,15.116887092590332,328500
BXP,2002-07-11,37.95000076293945,38.0,36.7599983215332,37.38999938964844,14.874224662780762,449000
BXP,2002-07-12,37.38999938964844,37.959999084472656,37.220001220703125,37.25,14.81853199005127,281900
BXP,2002-07-15,37.34999847412109,37.43000030517578,36.79999923706055,37.25,14.81853199005127,386900
BXP,2002-07-16,37.04999923706055,38.20000076293945,37.040000915527344,37.22999954223633,14.810571670532228,344000
BXP,2002-07-17,37.47999954223633,37.79999923706055,36.900001525878906,37.04999923706055,14.73896598815918,336800
BXP,2002-07-18,37.20000076293945,37.20000076293945,35.939998626708984,36.09999847412109,14.361042022705078,339300
BXP,2002-07-19,36.0,36.34999847412109,35.439998626708984,36.34999847412109,14.460503578186035,468500
BXP,2002-07-22,36.79999923706055,36.79999923706055,34.599998474121094,35.72999954223633,14.213855743408203,549900
BXP,2002-07-23,35.599998474121094,36.5099983215332,34.90999984741211,34.97999954223633,13.915493965148926,402100
BXP,2002-07-24,34.400001525878906,35.09000015258789,32.95000076293945,34.560001373291016,13.74841594696045,974700
BXP,2002-07-25,34.41999816894531,35.900001525878906,34.0,34.779998779296875,13.835935592651367,632400
BXP,2002-07-26,36.25,36.400001525878906,35.5,35.75,14.221819877624512,594400
BXP,2002-07-29,35.70000076293945,37.400001525878906,35.70000076293945,36.900001525878906,14.679292678833008,634800
BXP,2002-07-30,36.900001525878906,37.45000076293945,36.40999984741211,37.0,14.719075202941896,560600
BXP,2002-07-31,36.97999954223633,37.5,35.84000015258789,37.29999923706055,14.838412284851074,574500
BXP,2002-08-01,37.400001525878906,37.77000045776367,37.04999923706055,37.31999969482422,14.846379280090332,476100
BXP,2002-08-02,37.31999969482422,37.380001068115234,36.09999847412109,37.0,14.719075202941896,739800
BXP,2002-08-05,37.0,37.04999923706055,36.33000183105469,36.45000076293945,14.500279426574709,155500
BXP,2002-08-06,36.650001525878906,36.84999847412109,36.25,36.79999923706055,14.639518737792969,266500
BXP,2002-08-07,36.79999923706055,37.650001525878906,36.459999084472656,37.650001525878906,14.977657318115234,559700
BXP,2002-08-08,37.81999969482422,38.0,37.619998931884766,37.709999084472656,15.0015230178833,220000
BXP,2002-08-09,37.59999847412109,37.70000076293945,36.84999847412109,37.25,14.81853199005127,160600
BXP,2002-08-12,37.20000076293945,38.0,37.09000015258789,38.0,15.116887092590332,231100
BXP,2002-08-13,38.04999923706055,38.09999847412109,37.900001525878906,37.90999984741211,15.08108901977539,430600
BXP,2002-08-14,37.900001525878906,37.90999984741211,37.5099983215332,37.84999847412109,15.057221412658691,280100
BXP,2002-08-15,37.84999847412109,37.9900016784668,37.5,37.77999877929688,15.029377937316896,243400
BXP,2002-08-16,37.77999877929688,37.91999816894531,37.68999862670898,37.75,15.01743984222412,228600
BXP,2002-08-19,37.84999847412109,38.04999923706055,37.5,37.5,14.917985916137695,90100
BXP,2002-08-20,37.54999923706055,37.9900016784668,37.52999877929688,37.869998931884766,15.06517219543457,166500
BXP,2002-08-21,37.95000076293945,38.0,37.84999847412109,38.0,15.116887092590332,102600
BXP,2002-08-22,38.0,38.04999923706055,37.84000015258789,37.970001220703125,15.104955673217772,169000
BXP,2002-08-23,37.97999954223633,38.08000183105469,37.900001525878906,37.9900016784668,15.112910270690918,183700
BXP,2002-08-26,37.9900016784668,38.08000183105469,37.75,38.0,15.116887092590332,342900
BXP,2002-08-27,38.0099983215332,38.20000076293945,37.84999847412109,38.02999877929688,15.128826141357422,429700
BXP,2002-08-28,38.02000045776367,38.25,37.90999984741211,38.150001525878906,15.176568031311035,554600
BXP,2002-08-29,38.150001525878906,38.150001525878906,37.869998931884766,37.900001525878906,15.077116012573242,343800
BXP,2002-08-30,38.0,38.13999938964844,37.880001068115234,37.880001068115234,15.06915283203125,310000
BXP,2002-09-03,38.0,38.22999954223633,37.959999084472656,38.16999816894531,15.184520721435549,436400
BXP,2002-09-04,38.25,38.29999923706055,38.0,38.04999923706055,15.136778831481934,1541800
BXP,2002-09-05,38.119998931884766,38.20000076293945,37.7599983215332,38.119998931884766,15.164621353149414,272800
BXP,2002-09-06,38.20000076293945,38.20000076293945,37.97999954223633,38.040000915527344,15.132804870605469,215800
BXP,2002-09-09,37.97999954223633,38.20000076293945,37.959999084472656,38.20000076293945,15.19644832611084,323000
BXP,2002-09-10,38.20000076293945,38.29999923706055,38.18999862670898,38.25,15.216348648071287,455900
BXP,2002-09-11,38.29999923706055,38.400001525878906,38.2599983215332,38.310001373291016,15.240216255187988,318400
BXP,2002-09-12,38.29999923706055,38.34000015258789,38.0,38.15999984741211,15.180543899536133,346200
BXP,2002-09-13,38.25,38.66999816894531,38.18000030517578,38.54999923706055,15.335691452026367,218200
BXP,2002-09-16,38.54999923706055,38.54999923706055,38.16999816894531,38.2400016784668,15.212359428405762,133500
BXP,2002-09-17,38.20000076293945,38.2400016784668,37.79999923706055,38.0,15.116887092590332,275100
BXP,2002-09-18,38.06999969482422,38.08000183105469,37.77999877929688,37.86000061035156,15.061197280883787,176800
BXP,2002-09-19,37.869998931884766,38.25,37.77000045776367,37.81999969482422,15.045283317565918,490800
BXP,2002-09-20,37.970001220703125,38.38999938964844,37.90999984741211,38.38999938964844,15.272042274475098,457500
BXP,2002-09-23,38.20000076293945,38.29999923706055,38.09999847412109,38.20000076293945,15.19644832611084,324000
BXP,2002-09-24,38.20000076293945,38.290000915527344,38.04999923706055,38.290000915527344,15.232254028320312,432000
BXP,2002-09-25,38.22999954223633,38.25,37.70000076293945,38.08000183105469,15.14871883392334,404100
BXP,2002-09-26,37.77999877929688,37.95000076293945,37.65999984741211,37.880001068115234,15.314478874206545,424600
BXP,2002-09-27,37.880001068115234,37.880001068115234,37.59999847412109,37.59999847412109,15.20127296447754,518100
BXP,2002-09-30,37.5,37.5,37.0,37.20000076293945,15.039558410644531,629100
BXP,2002-10-01,37.08000183105469,37.25,36.54999923706055,36.97999954223633,14.95061492919922,447000
BXP,2002-10-02,36.900001525878906,37.040000915527344,36.459999084472656,36.5099983215332,14.760602951049805,256700
BXP,2002-10-03,36.400001525878906,36.5,36.13999938964844,36.470001220703125,14.744426727294922,393900
BXP,2002-10-04,36.470001220703125,36.47999954223633,35.38999938964844,35.75,14.453339576721191,321500
BXP,2002-10-07,35.599998474121094,35.650001525878906,34.75,34.7599983215332,14.053091049194336,308300
BXP,2002-10-08,34.81999969482422,34.81999969482422,33.689998626708984,34.65999984741211,14.01266098022461,524600
BXP,2002-10-09,34.54999923706055,34.54999923706055,33.79999923706055,33.93000030517578,13.717534065246582,491600
BXP,2002-10-10,33.79999923706055,35.20000076293945,33.29999923706055,35.20000076293945,14.230976104736328,476300
BXP,2002-10-11,35.150001525878906,36.41999816894531,35.150001525878906,36.40999984741211,14.720168113708496,554000
BXP,2002-10-14,36.43999862670898,36.43999862670898,35.880001068115234,35.95000076293945,14.53419303894043,333000
BXP,2002-10-15,36.34999847412109,37.27000045776367,36.290000915527344,36.77999877929688,14.869757652282717,395500
BXP,2002-10-16,36.70000076293945,36.86000061035156,36.20000076293945,36.47999954223633,14.748464584350586,296800
BXP,2002-10-17,36.70000076293945,37.09999847412109,36.70000076293945,36.79999923706055,14.877843856811523,408600
BXP,2002-10-18,37.0,37.34999847412109,36.59000015258789,36.59000015258789,14.79294204711914,427800
BXP,2002-10-21,36.150001525878906,36.15999984741211,35.209999084472656,35.72999954223633,14.445255279541016,818700
BXP,2002-10-22,35.72999954223633,35.72999954223633,34.650001525878906,35.04999923706055,14.17033576965332,672900
BXP,2002-10-23,34.900001525878906,34.95000076293945,34.29999923706055,34.83000183105469,14.081395149230955,771400
BXP,2002-10-24,34.900001525878906,36.150001525878906,34.7599983215332,36.0,14.554405212402344,550700
BXP,2002-10-25,36.09999847412109,36.95000076293945,35.95000076293945,36.88999938964844,14.914226531982422,352400
BXP,2002-10-28,36.95000076293945,37.0,36.29999923706055,36.459999084472656,14.740382194519045,326400
BXP,2002-10-29,36.209999084472656,36.209999084472656,35.439998626708984,36.0,14.554405212402344,314500
BXP,2002-10-30,35.95000076293945,35.95000076293945,35.709999084472656,35.880001068115234,14.505894660949709,437400
BXP,2002-10-31,35.95000076293945,36.09999847412109,35.689998626708984,35.70000076293945,14.433119773864746,392400
BXP,2002-11-01,35.599998474121094,36.810001373291016,35.470001220703125,36.4900016784668,14.752516746520996,292500
BXP,2002-11-04,36.5,36.97999954223633,36.5,36.77000045776367,14.865717887878418,501300
BXP,2002-11-05,36.70000076293945,36.9900016784668,36.58000183105469,36.9900016784668,14.95466136932373,212900
BXP,2002-11-06,36.9900016784668,37.08000183105469,36.65999984741211,37.08000183105469,14.991047859191896,336700
BXP,2002-11-07,37.08000183105469,37.4900016784668,37.02999877929688,37.40999984741211,15.124459266662598,474300
BXP,2002-11-08,37.369998931884766,37.380001068115234,37.06999969482422,37.11000061035156,15.003168106079102,93800
BXP,2002-11-11,37.11000061035156,37.34999847412109,37.0099983215332,37.220001220703125,15.047652244567873,227700
BXP,2002-11-12,37.150001525878906,37.43000030517578,37.150001525878906,37.43000030517578,15.132545471191406,260800
BXP,2002-11-13,37.29999923706055,37.29999923706055,36.4900016784668,36.59999847412109,14.79698371887207,284800
BXP,2002-11-14,36.59999847412109,37.43000030517578,36.58000183105469,37.29999923706055,15.079984664916992,307700
BXP,2002-11-15,37.400001525878906,37.400001525878906,36.790000915527344,36.79999923706055,14.877843856811523,301800
BXP,2002-11-18,36.869998931884766,36.869998931884766,36.45000076293945,36.58000183105469,14.788897514343262,207900
BXP,2002-11-19,36.34999847412109,36.720001220703125,36.34999847412109,36.66999816894531,14.825284957885742,182700
BXP,2002-11-20,36.84999847412109,37.04999923706055,36.79999923706055,36.88999938964844,14.914226531982422,222900
BXP,2002-11-21,36.880001068115234,37.06999969482422,36.68000030517578,36.90999984741211,14.922318458557127,217400
BXP,2002-11-22,36.84999847412109,37.0,36.81999969482422,36.97999954223633,14.95061492919922,602900
BXP,2002-11-25,37.0,37.0099983215332,36.31999969482422,36.75,14.857626914978027,367400
BXP,2002-11-26,36.68000030517578,37.11000061035156,36.66999816894531,36.869998931884766,14.906140327453612,416800
BXP,2002-11-27,36.95000076293945,37.02000045776367,36.75,37.0099983215332,14.962748527526855,356100
BXP,2002-11-29,37.0099983215332,37.25,36.95000076293945,37.06999969482422,14.98700714111328,148600
BXP,2002-12-02,37.20000076293945,37.43999862670898,37.08000183105469,37.43000030517578,15.132545471191406,321300
BXP,2002-12-03,37.40999984741211,37.4900016784668,37.27999877929688,37.36000061035156,15.104248046875,443200
BXP,2002-12-04,37.36000061035156,37.400001525878906,37.0,37.29999923706055,15.079984664916992,236600
BXP,2002-12-05,37.34999847412109,37.41999816894531,37.119998931884766,37.29999923706055,15.079984664916992,213700
BXP,2002-12-06,37.25,37.25,36.88999938964844,37.0099983215332,14.962748527526855,362900
BXP,2002-12-09,37.09999847412109,37.36000061035156,37.02999877929688,37.29999923706055,15.079984664916992,248900
BXP,2002-12-10,37.310001373291016,37.34999847412109,37.0099983215332,37.09999847412109,14.999135971069336,190300
BXP,2002-12-11,37.09999847412109,37.220001220703125,36.90999984741211,36.97999954223633,14.95061492919922,300200
BXP,2002-12-12,36.97999954223633,36.9900016784668,36.900001525878906,36.959999084472656,14.942527770996094,352600
BXP,2002-12-13,36.97999954223633,36.97999954223633,36.45000076293945,36.45000076293945,14.73634147644043,400200
BXP,2002-12-16,36.59999847412109,36.70000076293945,36.060001373291016,36.59999847412109,14.79698371887207,778500
BXP,2002-12-17,36.72999954223633,36.72999954223633,36.15999984741211,36.20000076293945,14.635262489318848,293600
BXP,2002-12-18,36.25,36.290000915527344,35.869998931884766,35.900001525878906,14.513978004455566,525000
BXP,2002-12-19,35.91999816894531,36.0,35.66999816894531,35.95000076293945,14.53419303894043,311800
BXP,2002-12-20,35.95000076293945,36.20000076293945,35.900001525878906,36.04999923706055,14.574629783630373,353200
BXP,2002-12-23,36.09999847412109,36.38999938964844,35.939998626708984,36.34999847412109,14.695913314819336,230200
BXP,2002-12-24,36.25,36.54999923706055,36.16999816894531,36.40999984741211,14.720168113708496,215100
BXP,2002-12-26,35.79999923706055,36.40999984741211,35.79999923706055,36.34999847412109,14.946316719055176,391800
BXP,2002-12-27,36.25,36.63999938964844,36.09999847412109,36.5,15.0079927444458,179900
BXP,2002-12-30,36.34999847412109,36.68000030517578,36.06999969482422,36.68000030517578,15.082005500793455,369900
BXP,2002-12-31,36.77999877929688,37.02999877929688,36.54999923706055,36.86000061035156,15.156017303466797,367100
BXP,2003-01-02,36.86000061035156,36.95000076293945,36.58000183105469,36.79999923706055,15.131349563598633,193200
BXP,2003-01-03,36.75,36.9900016784668,36.70000076293945,36.95000076293945,15.19302463531494,609900
BXP,2003-01-06,36.95000076293945,37.20000076293945,36.93999862670898,37.08000183105469,15.246482849121094,464100
BXP,2003-01-07,37.08000183105469,37.2400016784668,37.0,37.04999923706055,15.234138488769531,410600
BXP,2003-01-08,37.08000183105469,37.08000183105469,36.59000015258789,36.65999984741211,15.073786735534668,327500
BXP,2003-01-09,36.7599983215332,36.900001525878906,36.540000915527344,36.75,15.110788345336914,358200
BXP,2003-01-10,36.70000076293945,36.709999084472656,36.45000076293945,36.52000045776367,15.016220092773438,758800
BXP,2003-01-13,36.58000183105469,36.58000183105469,36.09999847412109,36.09999847412109,14.843520164489746,338400
BXP,2003-01-14,36.11000061035156,36.130001068115234,35.70000076293945,35.84000015258789,14.736615180969238,286200
BXP,2003-01-15,35.77000045776367,35.880001068115234,35.58000183105469,35.75,14.69961166381836,229900
BXP,2003-01-16,35.70000076293945,35.720001220703125,35.5,35.56999969482422,14.62559413909912,256800
BXP,2003-01-17,35.54999923706055,35.54999923706055,35.150001525878906,35.150001525878906,14.452900886535645,196900
BXP,2003-01-21,35.150001525878906,35.290000915527344,34.79999923706055,34.9900016784668,14.387118339538574,132500
BXP,2003-01-22,35.099998474121094,35.70000076293945,35.099998474121094,35.45000076293945,14.576255798339844,247600
BXP,2003-01-23,35.650001525878906,35.65999984741211,35.349998474121094,35.36000061035156,14.539251327514648,286300
BXP,2003-01-24,35.349998474121094,35.459999084472656,34.95000076293945,35.20000076293945,14.473459243774414,320400
BXP,2003-01-27,35.209999084472656,35.560001373291016,35.150001525878906,35.5,14.59681510925293,270400
BXP,2003-01-28,35.47999954223633,35.720001220703125,35.47999954223633,35.720001220703125,14.68727970123291,573600
BXP,2003-01-29,35.70000076293945,35.90999984741211,35.619998931884766,35.81999969482422,14.72838306427002,429800
BXP,2003-01-30,35.70000076293945,35.900001525878906,35.5099983215332,35.52000045776367,14.605036735534668,236600
BXP,2003-01-31,35.54999923706055,35.95000076293945,35.54999923706055,35.900001525878906,14.761282920837402,602500
BXP,2003-02-03,35.79999923706055,35.970001220703125,35.7599983215332,35.86000061035156,14.744836807250977,362400
BXP,2003-02-04,35.75,35.900001525878906,35.720001220703125,35.79999923706055,14.72016429901123,499300
BXP,2003-02-05,35.849998474121094,35.900001525878906,35.79999923706055,35.849998474121094,14.74071979522705,511700
BXP,2003-02-06,35.880001068115234,35.970001220703125,35.79999923706055,35.86000061035156,14.744836807250977,512200
BXP,2003-02-07,35.900001525878906,35.9900016784668,35.79999923706055,35.810001373291016,14.724284172058104,323600
BXP,2003-02-10,35.900001525878906,36.09999847412109,35.849998474121094,36.0,14.802400588989258,234600
BXP,2003-02-11,36.0,36.02999877929688,35.79999923706055,35.810001373291016,14.724284172058104,213200
BXP,2003-02-12,35.900001525878906,36.0,35.38999938964844,35.40999984741211,14.559806823730469,299700
BXP,2003-02-13,35.40999984741211,35.54999923706055,35.34000015258789,35.470001220703125,14.584474563598633,400300
BXP,2003-02-14,35.66999816894531,35.66999816894531,35.2400016784668,35.439998626708984,14.572149276733398,377400
BXP,2003-02-18,36.0,36.08000183105469,35.75,35.959999084472656,14.78595733642578,493600
BXP,2003-02-19,36.209999084472656,36.70000076293945,36.150001525878906,36.63999938964844,15.065547943115234,396300
BXP,2003-02-20,36.79999923706055,36.97999954223633,36.63999938964844,36.88999938964844,15.168352127075195,326000
BXP,2003-02-21,37.0,37.11000061035156,36.75,37.08000183105469,15.246482849121094,360000
BXP,2003-02-24,37.09999847412109,37.09999847412109,36.75,36.75,15.110788345336914,255000
BXP,2003-02-25,36.77999877929688,37.220001220703125,36.619998931884766,37.150001525878906,15.275262832641602,293300
BXP,2003-02-26,37.15999984741211,37.20000076293945,36.959999084472656,37.0,15.213582992553713,232900
BXP,2003-02-27,37.09999847412109,37.25,37.0,37.08000183105469,15.246482849121094,382200
BXP,2003-02-28,37.150001525878906,37.36000061035156,37.11000061035156,37.20000076293945,15.295818328857422,261000
BXP,2003-03-03,37.25,37.400001525878906,37.130001068115234,37.22999954223633,15.308147430419922,433300
BXP,2003-03-04,37.25,37.25,36.79999923706055,36.79999923706055,15.131349563598633,281100
BXP,2003-03-05,36.900001525878906,36.93999862670898,36.72999954223633,36.900001525878906,15.172462463378906,223600
BXP,2003-03-06,36.75,36.880001068115234,36.70000076293945,36.79999923706055,15.131349563598633,220600
BXP,2003-03-07,36.869998931884766,36.869998931884766,36.52000045776367,36.7599983215332,15.114897727966309,179200
BXP,2003-03-10,36.84999847412109,36.84999847412109,36.369998931884766,36.43000030517578,14.979211807250977,272700
BXP,2003-03-11,36.400001525878906,36.619998931884766,35.97999954223633,35.9900016784668,14.79829216003418,291900
BXP,2003-03-12,36.04999923706055,36.150001525878906,35.79999923706055,36.0099983215332,14.806513786315918,351400
BXP,2003-03-13,36.15999984741211,36.83000183105469,36.150001525878906,36.77999877929688,15.123126029968262,729900
BXP,2003-03-14,36.84999847412109,37.0,36.650001525878906,36.7400016784668,15.10667610168457,305900
BXP,2003-03-17,36.7400016784668,36.97999954223633,36.58000183105469,36.79999923706055,15.131349563598633,463700
BXP,2003-03-18,36.880001068115234,37.619998931884766,36.880001068115234,37.619998931884766,15.468514442443848,347600
BXP,2003-03-19,37.54999923706055,38.060001373291016,37.54999923706055,38.04999923706055,15.64531421661377,350100
BXP,2003-03-20,38.0,38.619998931884766,37.75,38.619998931884766,15.879705429077148,277900
BXP,2003-03-21,38.650001525878906,39.43999862670898,38.63999938964844,39.290000915527344,16.15517807006836,370500
BXP,2003-03-24,38.900001525878906,38.900001525878906,37.790000915527344,38.150001525878906,15.686437606811523,275000
BXP,2003-03-25,38.27999877929688,38.75,38.13999938964844,38.75,15.933135032653809,378300
BXP,2003-03-26,38.0,38.459999084472656,37.900001525878906,38.41999816894531,16.050111770629883,528700
BXP,2003-03-27,38.41999816894531,38.45000076293945,37.97999954223633,38.38999938964844,16.037588119506836,277800
BXP,2003-03-28,38.27999877929688,38.27999877929688,37.91999816894531,38.060001373291016,15.899725914001465,427700
BXP,2003-03-31,38.04999923706055,38.09000015258789,37.560001373291016,37.900001525878906,15.832886695861816,312700
BXP,2003-04-01,38.0,38.720001220703125,38.0,38.68000030517578,16.158727645874023,244800
BXP,2003-04-02,38.93000030517578,39.150001525878906,38.84999847412109,39.0,16.29241180419922,447000
BXP,2003-04-03,39.04999923706055,39.04999923706055,38.7599983215332,38.84999847412109,16.229736328125,167300
BXP,2003-04-04,38.900001525878906,38.9900016784668,38.59999847412109,38.650001525878906,16.14620590209961,217300
BXP,2003-04-07,39.0,39.040000915527344,38.83000183105469,38.900001525878906,16.25063705444336,352000
BXP,2003-04-08,38.97999954223633,39.0,38.709999084472656,38.900001525878906,16.25063705444336,244600
BXP,2003-04-09,38.97999954223633,39.04999923706055,38.84000015258789,38.95000076293945,16.271526336669922,281900
BXP,2003-04-10,38.97999954223633,39.02999877929688,38.90999984741211,38.90999984741211,16.254812240600586,285300
BXP,2003-04-11,38.97999954223633,39.04999923706055,38.72999954223633,38.900001525878906,16.25063705444336,216500
BXP,2003-04-14,39.09999847412109,39.54999923706055,39.0099983215332,39.54999923706055,16.522174835205078,182000
BXP,2003-04-15,39.5,39.75,39.400001525878906,39.59999847412109,16.543067932128906,249700
BXP,2003-04-16,39.5,39.54999923706055,38.95000076293945,39.5,16.501291275024414,447800
BXP,2003-04-17,39.5,39.95000076293945,39.15999984741211,39.95000076293945,16.689279556274414,384300
BXP,2003-04-21,39.900001525878906,40.470001220703125,39.790000915527344,40.470001220703125,16.906518936157227,466200
BXP,2003-04-22,40.75,40.75,40.150001525878906,40.290000915527344,16.831315994262695,494600
BXP,2003-04-23,40.29999923706055,40.75,40.25,40.459999084472656,16.902328491210938,288100
BXP,2003-04-24,40.5,40.58000183105469,40.09999847412109,40.150001525878906,16.772829055786133,443400
BXP,2003-04-25,40.20000076293945,40.20000076293945,39.540000915527344,39.75,16.605735778808594,244200
BXP,2003-04-28,39.75,39.75,39.0,39.400001525878906,16.459516525268555,351700
BXP,2003-04-29,39.34999847412109,39.84999847412109,39.34999847412109,39.4900016784668,16.497112274169922,463500
BXP,2003-04-30,39.5,39.540000915527344,39.02999877929688,39.20000076293945,16.37596893310547,313700
BXP,2003-05-01,39.20000076293945,39.58000183105469,38.810001373291016,39.45000076293945,16.48040199279785,385700
BXP,2003-05-02,39.52999877929688,39.88999938964844,39.45000076293945,39.84000015258789,16.643333435058594,240900
BXP,2003-05-05,39.900001525878906,40.150001525878906,39.79999923706055,40.150001525878906,16.772829055786133,272100
BXP,2003-05-06,40.22999954223633,40.75,40.209999084472656,40.54999923706055,16.939931869506836,319400
BXP,2003-05-07,40.650001525878906,40.650001525878906,40.15999984741211,40.16999816894531,16.78118133544922,204600
BXP,2003-05-08,40.16999816894531,40.38999938964844,40.0099983215332,40.34999847412109,16.856374740600586,208100
BXP,2003-05-09,40.54999923706055,40.7400016784668,40.2599983215332,40.470001220703125,16.906518936157227,266200
BXP,2003-05-12,40.470001220703125,40.91999816894531,40.369998931884766,40.84999847412109,17.065258026123047,396000
BXP,2003-05-13,40.880001068115234,41.04999923706055,40.79999923706055,40.90999984741211,17.0903263092041,261700
BXP,2003-05-14,40.900001525878906,41.08000183105469,40.75,41.04999923706055,17.148805618286133,254500
BXP,2003-05-15,41.150001525878906,41.16999816894531,40.869998931884766,41.06999969482422,17.15717124938965,246000
BXP,2003-05-16,41.0,41.59999847412109,40.650001525878906,41.59999847412109,17.37856674194336,365900
BXP,2003-05-19,41.47999954223633,41.59000015258789,41.27000045776367,41.31999969482422,17.261598587036133,334800
BXP,2003-05-20,41.33000183105469,41.86000061035156,41.27999877929688,41.84999847412109,17.48301124572754,178400
BXP,2003-05-21,41.84999847412109,42.560001373291016,41.52000045776367,42.54999923706055,17.775440216064453,448000
BXP,2003-05-22,42.52999877929688,42.61000061035156,42.09999847412109,42.59999847412109,17.796329498291016,534900
BXP,2003-05-23,42.59999847412109,43.040000915527344,42.27999877929688,42.95000076293945,17.94253921508789,383700
BXP,2003-05-27,42.95000076293945,42.959999084472656,42.150001525878906,42.18000030517578,17.620872497558594,536400
BXP,2003-05-28,42.09999847412109,42.56999969482422,41.70000076293945,41.79999923706055,17.462120056152344,405100
BXP,2003-05-29,41.79999923706055,41.880001068115234,40.0,40.95000076293945,17.107032775878906,624200
BXP,2003-05-30,40.97999954223633,41.93000030517578,40.45000076293945,41.91999816894531,17.51226234436035,1635000
BXP,2003-06-02,42.0,42.720001220703125,41.959999084472656,42.45000076293945,17.73366355895996,336400
BXP,2003-06-03,42.45000076293945,42.650001525878906,42.130001068115234,42.650001525878906,17.81722068786621,325800
BXP,2003-06-04,42.650001525878906,42.84999847412109,42.650001525878906,42.68999862670898,17.833919525146484,322400
BXP,2003-06-05,42.709999084472656,42.79999923706055,42.4900016784668,42.68999862670898,17.833919525146484,247600
BXP,2003-06-06,42.75,43.59999847412109,42.75,43.2599983215332,18.07204818725586,552400
BXP,2003-06-09,43.2599983215332,43.33000183105469,42.95000076293945,43.2400016784668,18.063684463500977,239000
BXP,2003-06-10,43.29999923706055,43.93999862670898,43.29999923706055,43.90999984741211,18.34359359741211,273500
BXP,2003-06-11,43.95000076293945,44.7599983215332,43.79999923706055,44.5099983215332,18.59423065185547,232800
BXP,2003-06-12,44.7599983215332,44.83000183105469,43.84999847412109,43.84999847412109,18.318523406982425,379100
BXP,2003-06-13,44.04999923706055,44.25,43.380001068115234,44.0,18.38117790222168,269800
BXP,2003-06-16,44.0,44.65999984741211,44.0,44.40999984741211,18.55246353149414,377500
BXP,2003-06-17,44.43000030517578,44.45000076293945,44.02999877929688,44.20000076293945,18.464740753173828,321800
BXP,2003-06-18,44.04999923706055,44.09999847412109,43.220001220703125,43.70000076293945,18.25585556030273,457500
BXP,2003-06-19,43.84999847412109,44.130001068115234,43.400001525878906,43.52000045776367,18.18066024780273,271800
BXP,2003-06-20,43.59999847412109,43.900001525878906,43.25,43.25,18.067859649658203,385400
BXP,2003-06-23,43.400001525878906,43.52000045776367,43.040000915527344,43.16999816894531,18.034448623657227,323500
BXP,2003-06-24,43.09999847412109,43.459999084472656,42.79999923706055,43.400001525878906,18.130538940429688,490400
BXP,2003-06-25,43.25,43.79999923706055,43.25,43.59999847412109,18.21407890319824,358300
BXP,2003-06-26,43.0,43.59999847412109,42.900001525878906,43.47999954223633,18.43025588989257,371800
BXP,2003-06-27,43.630001068115234,43.970001220703125,43.5,43.72999954223633,18.536226272583008,284000
BXP,2003-06-30,43.75,43.79999923706055,43.04999923706055,43.79999923706055,18.56589698791504,364200
BXP,2003-07-01,43.75,44.15999984741211,43.20000076293945,44.119998931884766,18.70155143737793,537600
BXP,2003-07-02,44.119998931884766,44.5,43.970001220703125,44.4900016784668,18.85837173461914,312500
BXP,2003-07-03,44.4900016784668,44.83000183105469,44.27000045776367,44.79999923706055,18.98978614807129,118600
BXP,2003-07-07,44.95000076293945,45.5,44.88999938964844,45.5,19.286500930786133,307800
BXP,2003-07-08,45.400001525878906,45.5,44.95000076293945,45.47999954223633,19.27802085876465,424600
BXP,2003-07-09,45.25,45.25,44.79999923706055,44.91999816894531,19.0406436920166,691400
BXP,2003-07-10,44.900001525878906,44.90999984741211,43.54999923706055,43.59999847412109,18.48111915588379,505500
BXP,2003-07-11,43.83000183105469,44.2400016784668,43.83000183105469,43.95000076293945,18.629487991333008,332500
BXP,2003-07-14,44.09999847412109,44.540000915527344,44.02999877929688,44.5,18.86261749267578,351100
BXP,2003-07-15,44.5,44.900001525878906,44.34999847412109,44.900001525878906,19.03217124938965,165700
BXP,2003-07-16,44.900001525878906,44.93000030517578,44.0,44.0,18.65067481994629,365400
BXP,2003-07-17,43.79999923706055,43.81999969482422,42.880001068115234,43.0,18.22679328918457,625800
BXP,2003-07-18,43.040000915527344,43.47999954223633,43.040000915527344,43.20000076293945,18.31157875061035,327700
BXP,2003-07-21,43.380001068115234,43.59000015258789,42.900001525878906,43.08000183105469,18.260717391967773,273100
BXP,2003-07-22,43.08000183105469,43.459999084472656,43.060001373291016,43.369998931884766,18.38363647460937,349100
BXP,2003-07-23,43.45000076293945,43.47999954223633,42.72999954223633,42.900001525878906,18.184415817260746,307800
BXP,2003-07-24,43.0,43.5,43.0,43.0,18.22679328918457,269600
BXP,2003-07-25,42.900001525878906,43.34000015258789,42.83000183105469,43.25,18.332761764526367,456900
BXP,2003-07-28,43.04999923706055,43.25,42.56999969482422,42.7400016784668,18.11658477783203,301900
BXP,2003-07-29,42.79999923706055,42.880001068115234,42.72999954223633,42.810001373291016,18.1462631225586,306100
BXP,2003-07-30,42.900001525878906,43.400001525878906,42.84999847412109,43.34999847412109,18.37515640258789,433500
BXP,2003-07-31,43.400001525878906,43.459999084472656,43.0,43.290000915527344,18.3497257232666,271100
BXP,2003-08-01,43.29999923706055,43.34999847412109,42.63999938964844,42.77999877929688,18.13354682922364,285000
BXP,2003-08-04,42.77999877929688,42.77999877929688,41.52999877929688,41.959999084472656,17.78595733642578,495700
BXP,2003-08-05,41.86000061035156,42.04999923706055,41.650001525878906,42.0,17.80291748046875,332100
BXP,2003-08-06,42.04999923706055,42.150001525878906,41.61000061035156,42.130001068115234,17.858020782470703,273000
BXP,2003-08-07,42.150001525878906,42.29999923706055,42.02999877929688,42.119998931884766,17.85378646850586,288300
BXP,2003-08-08,42.27000045776367,42.27000045776367,42.0,42.08000183105469,17.836833953857422,281900
BXP,2003-08-11,42.09999847412109,42.18999862670898,41.900001525878906,41.95000076293945,17.781721115112305,196500
BXP,2003-08-12,42.04999923706055,42.25,41.88999938964844,42.20000076293945,17.887699127197266,218500
BXP,2003-08-13,42.400001525878906,42.45000076293945,42.02000045776367,42.20000076293945,17.887699127197266,149000
BXP,2003-08-14,42.150001525878906,42.43999862670898,41.90999984741211,42.41999816894531,17.98094367980957,220500
BXP,2003-08-15,42.41999816894531,42.470001220703125,42.209999084472656,42.209999084472656,17.891935348510742,291500
BXP,2003-08-18,42.27999877929688,42.52000045776367,42.2400016784668,42.31999969482422,17.93855857849121,159700
BXP,2003-08-19,42.33000183105469,42.58000183105469,42.25,42.36000061035156,17.955516815185547,144000
BXP,2003-08-20,42.36000061035156,42.810001373291016,42.150001525878906,42.79999923706055,18.142024993896484,221800
BXP,2003-08-21,42.84999847412109,42.93999862670898,42.400001525878906,42.52000045776367,18.02334213256836,266800
BXP,2003-08-22,42.54999923706055,42.619998931884766,42.18999862670898,42.20000076293945,17.887699127197266,252200
BXP,2003-08-25,42.25,42.25,41.380001068115234,41.54999923706055,17.612171173095703,223300
BXP,2003-08-26,41.54999923706055,42.20000076293945,41.2599983215332,42.20000076293945,17.887699127197266,200700
BXP,2003-08-27,42.29999923706055,43.150001525878906,42.09999847412109,43.0,18.22679328918457,243300
BXP,2003-08-28,43.09999847412109,43.25,42.66999816894531,42.83000183105469,18.154735565185547,210700
BXP,2003-08-29,42.84999847412109,43.040000915527344,42.70000076293945,42.95000076293945,18.205612182617188,90900
BXP,2003-09-02,43.06999969482422,43.5099983215332,43.06999969482422,43.5,18.4387435913086,228600
BXP,2003-09-03,43.5,44.25,43.380001068115234,44.25,18.75664520263672,358700
BXP,2003-09-04,44.20000076293945,44.72999954223633,44.150001525878906,44.540000915527344,18.87957000732422,293600
BXP,2003-09-05,44.540000915527344,44.540000915527344,44.18999862670898,44.33000183105469,18.79055976867676,290800
BXP,2003-09-08,44.18000030517578,44.400001525878906,44.02000045776367,44.18000030517578,18.72697639465332,201100
BXP,2003-09-09,44.18000030517578,44.34000015258789,43.88999938964844,44.209999084472656,18.73969268798828,352400
BXP,2003-09-10,44.08000183105469,44.220001220703125,43.4900016784668,43.83000183105469,18.57861328125,305400
BXP,2003-09-11,43.79999923706055,43.97999954223633,43.68000030517578,43.709999084472656,18.527755737304688,229800
BXP,2003-09-12,43.75,44.09999847412109,43.540000915527344,43.970001220703125,18.637964248657227,249200
BXP,2003-09-15,44.09999847412109,44.09999847412109,43.77999877929688,43.790000915527344,18.561656951904297,148100
BXP,2003-09-16,43.880001068115234,44.04999923706055,43.63999938964844,43.790000915527344,18.561656951904297,137100
BXP,2003-09-17,43.900001525878906,43.900001525878906,43.58000183105469,43.68000030517578,18.515033721923828,113500
BXP,2003-09-18,43.83000183105469,43.84000015258789,43.59000015258789,43.75,18.544708251953125,274800
BXP,2003-09-19,43.79999923706055,44.15999984741211,43.77000045776367,44.150001525878906,18.714258193969727,403400
BXP,2003-09-22,44.150001525878906,44.150001525878906,43.84999847412109,43.95000076293945,18.629487991333008,204400
BXP,2003-09-23,44.0,44.0,43.79999923706055,43.95000076293945,18.629487991333008,269300
BXP,2003-09-24,44.09999847412109,44.13999938964844,43.68999862670898,43.70000076293945,18.52351951599121,219800
BXP,2003-09-25,43.79999923706055,43.91999816894531,43.5,43.91999816894531,18.61676597595215,274400
BXP,2003-09-26,43.43999862670898,43.470001220703125,43.09999847412109,43.150001525878906,18.55656242370605,306900
BXP,2003-09-29,43.150001525878906,43.380001068115234,42.83000183105469,43.220001220703125,18.58666610717773,383700
BXP,2003-09-30,43.25,43.70000076293945,42.75,43.470001220703125,18.69417762756348,774600
BXP,2003-10-01,43.54999923706055,44.20000076293945,43.52000045776367,44.09999847412109,18.9650993347168,248900
BXP,2003-10-02,44.20000076293945,44.81999969482422,44.18000030517578,44.75,19.24463653564453,429900
BXP,2003-10-03,45.0,45.58000183105469,45.0,45.0,19.352144241333008,406200
BXP,2003-10-06,45.060001373291016,45.68999862670898,45.04999923706055,45.5,19.567174911499023,458300
BXP,2003-10-07,45.45000076293945,45.54999923706055,45.25,45.5,19.567174911499023,574800
BXP,2003-10-08,45.5,45.54999923706055,45.25,45.45000076293945,19.54567146301269,242100
BXP,2003-10-09,45.400001525878906,45.77999877929688,45.34000015258789,45.5,19.567174911499023,334300
BXP,2003-10-10,45.29999923706055,45.52999877929688,45.25,45.34000015258789,19.49835968017578,135800
BXP,2003-10-13,45.43999862670898,45.59999847412109,45.27999877929688,45.45000076293945,19.54567146301269,222200
BXP,2003-10-14,45.5,45.5,45.09000015258789,45.31999969482422,19.48976707458496,200800
BXP,2003-10-15,45.47999954223633,45.54999923706055,45.130001068115234,45.22999954223633,19.45105743408203,354900
BXP,2003-10-16,45.33000183105469,45.47999954223633,44.900001525878906,45.06999969482422,19.38224983215332,387300
BXP,2003-10-17,45.16999816894531,45.20000076293945,44.34000015258789,44.34999847412109,19.07261085510254,257500
BXP,2003-10-20,44.41999816894531,44.70000076293945,44.20000076293945,44.27999877929688,19.042518615722656,345900
BXP,2003-10-21,44.20000076293945,44.45000076293945,44.150001525878906,44.25,19.02961158752441,241300
BXP,2003-10-22,44.150001525878906,44.33000183105469,44.02999877929688,44.15999984741211,18.99090576171875,293900
BXP,2003-10-23,44.04999923706055,44.04999923706055,43.75,43.880001068115234,18.870494842529297,582000
BXP,2003-10-24,43.95000076293945,43.97999954223633,43.400001525878906,43.54999923706055,18.72858238220215,224700
BXP,2003-10-27,43.75,44.4900016784668,43.7400016784668,44.209999084472656,19.01240921020508,369900
BXP,2003-10-28,44.25,44.34999847412109,43.66999816894531,43.70000076293945,18.7930908203125,331600
BXP,2003-10-29,43.79999923706055,44.29999923706055,43.79999923706055,44.209999084472656,19.01240921020508,270700
BXP,2003-10-30,44.25,44.45000076293945,43.900001525878906,44.310001373291016,19.055419921875,249900
BXP,2003-10-31,44.400001525878906,44.400001525878906,43.93000030517578,44.25,19.02961158752441,224800
BXP,2003-11-03,44.45000076293945,44.86000061035156,44.369998931884766,44.79999923706055,19.26614570617676,258000
BXP,2003-11-04,44.900001525878906,45.790000915527344,44.56999969482422,45.790000915527344,19.69189071655273,390400
BXP,2003-11-05,45.84999847412109,45.84999847412109,45.2599983215332,45.45000076293945,19.54567146301269,415000
BXP,2003-11-06,45.650001525878906,45.900001525878906,45.47999954223633,45.84999847412109,19.717687606811523,275700
BXP,2003-11-07,46.0,46.20000076293945,45.959999084472656,46.150001525878906,19.846704483032227,150300
BXP,2003-11-10,46.15999984741211,46.209999084472656,45.7599983215332,46.0,19.782196044921875,164400
BXP,2003-11-11,46.0,46.0,45.56999969482422,45.70000076293945,19.653188705444336,188200
BXP,2003-11-12,45.75,46.38999938964844,45.75,46.20000076293945,19.86820411682129,239900
BXP,2003-11-13,46.29999923706055,46.36000061035156,46.04999923706055,46.34999847412109,19.93270874023437,284300
BXP,2003-11-14,46.45000076293945,46.70000076293945,46.400001525878906,46.54999923706055,20.018718719482425,205600
BXP,2003-11-17,46.400001525878906,46.45000076293945,46.040000915527344,46.400001525878906,19.95421600341797,340200
BXP,2003-11-18,46.29999923706055,46.65999984741211,46.29999923706055,46.56999969482422,20.027326583862305,202900
BXP,2003-11-19,46.59999847412109,46.790000915527344,46.18000030517578,46.22999954223633,19.881107330322266,239600
BXP,2003-11-20,46.310001373291016,46.34999847412109,45.59000015258789,45.75,19.6746826171875,194800
BXP,2003-11-21,45.7599983215332,45.95000076293945,45.0,45.65999984741211,19.63597869873047,349400
BXP,2003-11-24,45.84999847412109,45.97999954223633,45.47999954223633,45.630001068115234,19.62307357788086,156700
BXP,2003-11-25,45.70000076293945,46.400001525878906,45.68000030517578,46.25,19.88971710205078,274000
BXP,2003-11-26,46.25,46.29999923706055,45.79999923706055,46.0,19.782196044921875,265700
BXP,2003-11-28,46.16999816894531,46.34999847412109,46.150001525878906,46.25,19.88971710205078,82900
BXP,2003-12-01,46.5,46.97999954223633,46.5,46.83000183105469,20.139135360717773,277900
BXP,2003-12-02,46.900001525878906,47.0,46.68000030517578,46.84999847412109,20.14772605895996,225000
BXP,2003-12-03,46.900001525878906,47.33000183105469,46.900001525878906,47.130001068115234,20.268150329589844,258800
BXP,2003-12-04,47.13999938964844,47.13999938964844,46.59999847412109,46.59999847412109,20.040218353271484,242900
BXP,2003-12-05,46.619998931884766,46.70000076293945,46.29999923706055,46.29999923706055,19.911205291748047,104100
BXP,2003-12-08,46.29999923706055,47.0,46.29999923706055,47.0,20.21223831176757,181100
BXP,2003-12-09,47.0,47.0,46.68000030517578,46.95000076293945,20.190746307373047,215300
BXP,2003-12-10,46.91999816894531,46.970001220703125,46.5,46.59999847412109,20.040218353271484,210800
BXP,2003-12-11,46.45000076293945,47.29999923706055,46.400001525878906,47.29999923706055,20.34125709533692,275300
BXP,2003-12-12,47.29999923706055,47.31999969482422,47.11000061035156,47.150001525878906,20.27676582336425,188200
BXP,2003-12-15,47.5,47.58000183105469,47.29999923706055,47.29999923706055,20.34125709533692,298200
BXP,2003-12-16,47.43000030517578,47.61000061035156,47.09999847412109,47.61000061035156,20.474571228027344,301600
BXP,2003-12-17,47.59999847412109,47.75,47.5,47.75,20.53477478027344,192100
BXP,2003-12-18,47.7599983215332,47.95000076293945,47.619998931884766,47.900001525878906,20.599288940429688,192100
BXP,2003-12-19,47.84999847412109,48.04999923706055,47.77000045776367,47.880001068115234,20.590688705444336,225100
BXP,2003-12-22,48.04999923706055,48.22999954223633,47.93999862670898,48.22999954223633,20.74120330810547,297000
BXP,2003-12-23,48.25,48.400001525878906,47.91999816894531,47.97999954223633,20.633695602416992,204600
BXP,2003-12-24,48.0,48.36000061035156,47.959999084472656,48.34000015258789,20.78850746154785,145100
BXP,2003-12-26,47.97999954223633,48.04999923706055,47.68000030517578,47.95000076293945,20.8930778503418,120600
BXP,2003-12-29,47.97999954223633,48.22999954223633,47.84999847412109,48.15999984741211,20.98457717895508,145100
BXP,2003-12-30,48.20000076293945,48.400001525878906,48.15999984741211,48.22999954223633,21.015087127685547,198500
BXP,2003-12-31,48.25,48.470001220703125,48.09999847412109,48.18999862670898,20.997648239135746,182000
BXP,2004-01-02,48.18999862670898,48.25,47.84000015258789,48.25,21.023794174194336,304000
BXP,2004-01-05,48.29999923706055,48.650001525878906,47.72999954223633,48.0,20.91486549377441,660200
BXP,2004-01-06,48.20000076293945,48.33000183105469,48.09999847412109,48.130001068115234,20.97150993347168,468900
BXP,2004-01-07,48.29999923706055,48.31999969482422,47.84999847412109,48.02999877929688,20.927934646606445,259800
BXP,2004-01-08,48.150001525878906,48.34999847412109,47.9900016784668,48.27000045776367,21.032516479492188,247400
BXP,2004-01-09,48.25,48.560001373291016,48.130001068115234,48.45000076293945,21.110939025878903,184800
BXP,2004-01-12,48.54999923706055,48.77000045776367,48.400001525878906,48.43000030517578,21.102230072021484,146700
BXP,2004-01-13,48.43000030517578,48.59999847412109,48.31999969482422,48.4900016784668,21.128381729125977,257900
BXP,2004-01-14,48.470001220703125,48.880001068115234,48.43999862670898,48.880001068115234,21.298315048217773,196300
BXP,2004-01-15,48.59999847412109,48.61000061035156,47.79999923706055,48.09000015258789,20.954078674316406,381800
BXP,2004-01-16,48.04999923706055,48.16999816894531,47.79999923706055,47.79999923706055,20.82773208618164,265500
BXP,2004-01-20,47.70000076293945,47.86000061035156,47.220001220703125,47.54999923706055,20.71879005432129,273800
BXP,2004-01-21,47.5,47.5099983215332,46.68999862670898,46.95000076293945,20.45735740661621,497200
BXP,2004-01-22,46.93000030517578,47.619998931884766,46.93000030517578,47.59999847412109,20.74057579040528,232800
BXP,2004-01-23,47.45000076293945,48.20000076293945,47.45000076293945,48.04999923706055,20.936655044555664,238500
BXP,2004-01-26,48.54999923706055,49.290000915527344,48.5,49.2599983215332,21.4638786315918,798400
BXP,2004-01-27,49.2599983215332,50.040000915527344,49.08000183105469,49.95000076293945,21.76453399658203,489300
BXP,2004-01-28,49.97999954223633,50.220001220703125,49.290000915527344,49.43000030517578,21.53795623779297,271300
BXP,2004-01-29,49.29999923706055,50.38999938964844,49.29999923706055,49.77000045776367,21.686098098754883,420800
BXP,2004-01-30,49.84999847412109,50.04999923706055,49.650001525878906,50.02999877929688,21.79939079284668,237900
BXP,2004-02-02,50.18000030517578,50.34999847412109,49.43999862670898,50.08000183105469,21.821178436279297,735200
BXP,2004-02-03,50.0,50.369998931884766,49.84999847412109,49.86000061035156,21.72531509399414,355100
BXP,2004-02-04,49.959999084472656,49.959999084472656,49.09999847412109,49.459999084472656,21.5510311126709,298100
BXP,2004-02-05,49.459999084472656,50.54999923706055,49.400001525878906,50.52999877929688,22.01726531982422,391900
BXP,2004-02-06,50.75,51.65999984741211,50.45000076293945,51.5,22.439912796020508,499900
BXP,2004-02-09,51.5,51.790000915527344,51.36000061035156,51.56999969482422,22.47041130065918,454400
BXP,2004-02-10,51.58000183105469,51.59999847412109,51.20000076293945,51.5,22.439912796020508,252600
BXP,2004-02-11,51.54999923706055,51.75,51.20000076293945,51.7400016784668,22.544479370117188,273800
BXP,2004-02-12,51.5,51.70000076293945,51.04999923706055,51.619998931884766,22.492197036743164,506100
BXP,2004-02-13,51.59999847412109,51.68000030517578,51.04999923706055,51.310001373291016,22.35712432861328,275300
BXP,2004-02-17,51.29999923706055,51.61000061035156,51.20000076293945,51.459999084472656,22.42247772216797,214200
BXP,2004-02-18,52.09999847412109,52.09999847412109,51.33000183105469,51.47999954223633,22.43120384216309,264100
BXP,2004-02-19,51.4900016784668,51.560001373291016,51.20000076293945,51.52999877929688,22.452980041503903,531300
BXP,2004-02-20,51.75,51.75,51.040000915527344,51.380001068115234,22.38762855529785,219700
BXP,2004-02-23,51.34999847412109,51.709999084472656,51.34999847412109,51.59999847412109,22.48348426818848,284300
BXP,2004-02-24,51.59999847412109,52.06999969482422,51.400001525878906,51.97999954223633,22.649065017700195,311400
BXP,2004-02-25,52.22999954223633,53.220001220703125,52.130001068115234,53.220001220703125,23.18935203552246,377800
BXP,2004-02-26,53.09999847412109,53.09999847412109,52.29999923706055,52.52000045776367,22.884361267089844,373900
BXP,2004-02-27,51.20000076293945,51.36000061035156,51.130001068115234,51.22999954223633,22.322269439697266,1443600
BXP,2004-03-01,51.29999923706055,51.68000030517578,51.29999923706055,51.56999969482422,22.47041130065918,2109200
BXP,2004-03-02,51.560001373291016,52.25,51.470001220703125,52.11000061035156,22.705690383911133,946800
BXP,2004-03-03,52.119998931884766,52.619998931884766,52.119998931884766,52.400001525878906,22.832061767578125,695500
BXP,2004-03-04,52.5,52.560001373291016,52.290000915527344,52.470001220703125,22.862567901611328,307300
BXP,2004-03-05,52.150001525878906,52.66999816894531,52.130001068115234,52.25,22.766706466674805,382800
BXP,2004-03-08,52.29999923706055,52.400001525878906,51.869998931884766,51.93000030517578,22.62728500366211,420200
BXP,2004-03-09,52.0,52.56999969482422,51.93999862670898,52.560001373291016,22.90177345275879,275600
BXP,2004-03-10,52.65999984741211,53.209999084472656,52.58000183105469,52.65999984741211,22.94535255432129,503000
BXP,2004-03-11,52.65999984741211,52.70000076293945,51.880001068115234,51.880001068115234,22.60548210144043,465400
BXP,2004-03-12,51.88999938964844,52.54999923706055,51.650001525878906,52.54999923706055,22.897436141967773,309200
BXP,2004-03-15,52.650001525878906,52.650001525878906,52.04999923706055,52.04999923706055,22.679553985595703,223200
BXP,2004-03-16,52.09999847412109,52.369998931884766,51.97999954223633,52.36000061035156,22.81464385986328,346700
BXP,2004-03-17,52.560001373291016,53.08000183105469,52.54999923706055,53.0,23.093505859375,367500
BXP,2004-03-18,53.02999877929688,53.630001068115234,52.91999816894531,53.59999847412109,23.354942321777344,284500
BXP,2004-03-19,53.59999847412109,54.29999923706055,53.54999923706055,54.150001525878906,23.59458923339844,395600
BXP,2004-03-22,54.09999847412109,54.16999816894531,53.7599983215332,54.0,23.52922821044922,351500
BXP,2004-03-23,54.0099983215332,54.5,53.959999084472656,54.5,23.74708747863769,322700
BXP,2004-03-24,54.5,54.59999847412109,54.02000045776367,54.20000076293945,23.616369247436523,282900
BXP,2004-03-25,54.18999862670898,54.88999938964844,54.18000030517578,54.88999938964844,23.917022705078125,386400
BXP,2004-03-26,54.88999938964844,54.88999938964844,54.27000045776367,54.27999877929688,23.65122413635254,316900
BXP,2004-03-29,53.84999847412109,53.91999816894531,52.91999816894531,53.209999084472656,23.457250595092773,867100
BXP,2004-03-30,53.25,54.11000061035156,53.09999847412109,54.04999923706055,23.82756423950196,441100
BXP,2004-03-31,54.09999847412109,54.43999862670898,53.93000030517578,54.310001373291016,23.942188262939453,619500
BXP,2004-04-01,54.41999816894531,55.540000915527344,54.38999938964844,55.52999877929688,24.480005264282227,730900
BXP,2004-04-02,55.52999877929688,55.52999877929688,54.75,54.79999923706055,24.15820503234864,462800
BXP,2004-04-05,54.650001525878906,54.65999984741211,51.630001068115234,52.2599983215332,23.03846549987793,922600
BXP,2004-04-06,51.34999847412109,51.369998931884766,49.790000915527344,49.79999923706055,21.95397186279297,1323800
BXP,2004-04-07,49.84999847412109,51.16999816894531,49.459999084472656,50.2400016784668,22.1479549407959,1432500
BXP,2004-04-08,50.34999847412109,50.59000015258789,49.72999954223633,49.77000045776367,21.940757751464844,583100
BXP,2004-04-12,49.09999847412109,49.11000061035156,46.369998931884766,47.27000045776367,20.838647842407227,1378100
BXP,2004-04-13,46.79999923706055,48.33000183105469,45.84999847412109,47.22999954223633,20.82101821899414,973600
BXP,2004-04-14,46.33000183105469,47.560001373291016,46.33000183105469,46.70000076293945,20.58736991882324,683600
BXP,2004-04-15,46.59999847412109,47.95000076293945,46.59999847412109,47.95000076293945,21.13841819763184,443700
BXP,2004-04-16,48.0,48.79999923706055,47.77000045776367,48.41999816894531,21.34561920166016,605800
BXP,2004-04-19,48.29999923706055,48.900001525878906,47.5,48.84999847412109,21.5351791381836,499800
BXP,2004-04-20,48.79999923706055,48.86000061035156,47.38999938964844,47.47999954223633,20.93121719360352,601500
BXP,2004-04-21,47.47999954223633,47.84999847412109,46.650001525878906,46.869998931884766,20.66231346130371,551600
BXP,2004-04-22,46.86000061035156,47.72999954223633,46.86000061035156,46.95000076293945,20.697587966918945,567400
BXP,2004-04-23,47.150001525878906,47.2400016784668,46.290000915527344,46.59999847412109,20.543275833129883,271200
BXP,2004-04-26,46.29999923706055,47.5,46.25,47.43000030517578,20.9091911315918,428500
BXP,2004-04-27,47.43000030517578,47.95000076293945,47.09999847412109,47.41999816894531,20.90478134155273,497500
BXP,2004-04-28,47.5,47.70000076293945,47.13999938964844,47.45000076293945,20.917999267578125,300200
BXP,2004-04-29,47.84999847412109,48.220001220703125,46.88999938964844,47.09000015258789,20.75929832458496,980800
BXP,2004-04-30,47.20000076293945,47.400001525878906,46.540000915527344,47.0,20.719621658325195,559700
BXP,2004-05-03,46.970001220703125,47.56999969482422,46.70000076293945,47.5099983215332,20.944448471069336,611100
BXP,2004-05-04,47.45000076293945,48.290000915527344,47.2599983215332,47.47999954223633,20.93121719360352,475200
BXP,2004-05-05,47.58000183105469,47.68999862670898,46.900001525878906,46.900001525878906,20.675537109375,231800
BXP,2004-05-06,46.900001525878906,46.93999862670898,46.220001220703125,46.77000045776367,20.618227005004883,504000
BXP,2004-05-07,46.56999969482422,46.58000183105469,44.54999923706055,44.59999847412109,19.66160011291504,935900
BXP,2004-05-10,43.79999923706055,44.7400016784668,42.9900016784668,44.0,19.397092819213867,935800
BXP,2004-05-11,44.150001525878906,45.20000076293945,44.11000061035156,44.18999862670898,19.480854034423828,726800
BXP,2004-05-12,44.25,44.25,43.630001068115234,44.09999847412109,19.44116973876953,416700
BXP,2004-05-13,44.0,44.650001525878906,44.0,44.0,19.397092819213867,413300
BXP,2004-05-14,44.25,45.18999862670898,44.02999877929688,44.650001525878906,19.68363571166992,553500
BXP,2004-05-17,44.63999938964844,45.400001525878906,43.95000076293945,44.97999954223633,19.8291130065918,658200
BXP,2004-05-18,45.150001525878906,46.34999847412109,45.02000045776367,46.25,20.388994216918945,488900
BXP,2004-05-19,46.20000076293945,47.09999847412109,45.0,45.0,19.837940216064453,950100
BXP,2004-05-20,45.150001525878906,46.209999084472656,45.150001525878906,46.209999084472656,20.371356964111328,307500
BXP,2004-05-21,46.2400016784668,46.630001068115234,46.08000183105469,46.16999816894531,20.35372543334961,431500
BXP,2004-05-24,46.34999847412109,46.81999969482422,46.2599983215332,46.59999847412109,20.543275833129883,203600
BXP,2004-05-25,46.5,47.47999954223633,46.5,47.380001068115234,20.887142181396484,256000
BXP,2004-05-26,47.45000076293945,48.29999923706055,47.130001068115234,48.2599983215332,21.27507972717285,408500
BXP,2004-05-27,48.5,48.54999923706055,48.04999923706055,48.4900016784668,21.37648582458496,563600
BXP,2004-05-28,48.4900016784668,49.45000076293945,48.34999847412109,49.36000061035156,21.760009765625,460300
BXP,2004-06-01,49.369998931884766,49.45000076293945,48.45000076293945,48.59999847412109,21.42497062683105,732100
BXP,2004-06-02,48.75,49.650001525878906,48.75,49.650001525878906,21.88785552978516,604600
BXP,2004-06-03,49.59999847412109,49.61000061035156,48.79999923706055,49.11000061035156,21.649805068969727,357700
BXP,2004-06-04,49.5,49.68000030517578,49.02000045776367,49.119998931884766,21.654211044311523,447000
BXP,2004-06-07,49.04999923706055,49.66999816894531,49.0,49.54999923706055,21.84376335144043,477400
BXP,2004-06-08,49.29999923706055,49.41999816894531,49.09999847412109,49.2400016784668,21.70711708068848,257600
BXP,2004-06-09,49.29999923706055,49.33000183105469,49.0,49.2400016784668,21.70711708068848,349600
BXP,2004-06-10,49.34999847412109,49.43000030517578,48.52999877929688,49.08000183105469,21.63657188415528,281400
BXP,2004-06-14,48.9900016784668,49.0,47.790000915527344,48.27000045776367,21.27949523925781,423800
BXP,2004-06-15,48.40999984741211,48.970001220703125,48.40999984741211,48.970001220703125,21.588077545166016,332500
BXP,2004-06-16,48.970001220703125,49.09999847412109,48.63999938964844,48.83000183105469,21.5263671875,293500
BXP,2004-06-17,48.83000183105469,49.58000183105469,48.790000915527344,49.58000183105469,21.857006072998047,351600
BXP,2004-06-18,49.68000030517578,49.810001373291016,49.33000183105469,49.59000015258789,21.861406326293945,282400
BXP,2004-06-21,49.84000015258789,49.97999954223633,49.59999847412109,49.84999847412109,21.97602653503418,284300
BXP,2004-06-22,49.79999923706055,50.33000183105469,49.77999877929688,50.220001220703125,22.139148712158203,382000
BXP,2004-06-23,50.33000183105469,50.40999984741211,49.84999847412109,50.220001220703125,22.139148712158203,259600
BXP,2004-06-24,50.220001220703125,50.400001525878906,50.02999877929688,50.11000061035156,22.090654373168945,366900
BXP,2004-06-25,50.25,50.52000045776367,50.209999084472656,50.400001525878906,22.2185001373291,407400
BXP,2004-06-28,49.7599983215332,50.41999816894531,49.7599983215332,50.18000030517578,22.410524368286133,348400
BXP,2004-06-29,50.130001068115234,50.150001525878906,49.119998931884766,49.18000030517578,21.963916778564453,486700
BXP,2004-06-30,49.25,50.29999923706055,49.25,50.08000183105469,22.365875244140625,527500
BXP,2004-07-01,50.08000183105469,50.27999877929688,49.86000061035156,50.27000045776367,22.45071029663086,346500
BXP,2004-07-02,50.5,51.33000183105469,50.5,51.33000183105469,22.924121856689453,410500
BXP,2004-07-06,51.33000183105469,51.380001068115234,50.70000076293945,50.91999816894531,22.74100875854492,306300
BXP,2004-07-07,50.95000076293945,51.43999862670898,50.900001525878906,51.27999877929688,22.901796340942383,526700
BXP,2004-07-08,51.38999938964844,51.52000045776367,50.59999847412109,50.75,22.665096282958984,578100
BXP,2004-07-09,50.95000076293945,51.16999816894531,50.68000030517578,51.04999923706055,22.79907417297364,369000
BXP,2004-07-12,51.150001525878906,52.0,51.08000183105469,52.0,23.223350524902344,278600
BXP,2004-07-13,51.79999923706055,52.0099983215332,51.54999923706055,51.70000076293945,23.089374542236328,564000
BXP,2004-07-14,51.79999923706055,51.95000076293945,51.61000061035156,51.95000076293945,23.20101547241211,493500
BXP,2004-07-15,52.0,52.619998931884766,52.0,52.33000183105469,23.3707275390625,267000
BXP,2004-07-16,52.43000030517578,52.75,52.119998931884766,52.20000076293945,23.31267166137696,279600
BXP,2004-07-19,52.400001525878906,52.560001373291016,52.130001068115234,52.459999084472656,23.428789138793945,272500
BXP,2004-07-20,52.75,53.18999862670898,52.650001525878906,53.0,23.66995620727539,512700
BXP,2004-07-21,53.22999954223633,53.2599983215332,52.369998931884766,52.54999923706055,23.46898460388184,359800
BXP,2004-07-22,52.54999923706055,52.869998931884766,51.7599983215332,51.869998931884766,23.165287017822266,415200
BXP,2004-07-23,51.79999923706055,52.150001525878906,51.58000183105469,51.58000183105469,23.0357723236084,265900
BXP,2004-07-26,51.54999923706055,51.619998931884766,51.15999984741211,51.45000076293945,22.977718353271484,177800
BXP,2004-07-27,51.45000076293945,51.93999862670898,50.59999847412109,51.20000076293945,22.86606979370117,500000
BXP,2004-07-28,51.20000076293945,52.5,50.91999816894531,52.22999954223633,23.326066970825195,295300
BXP,2004-07-29,52.45000076293945,53.0,52.18000030517578,52.380001068115234,23.39305877685547,309600
BXP,2004-07-30,52.45000076293945,52.900001525878906,52.25,52.900001525878906,23.62529182434082,286100
BXP,2004-08-02,52.88999938964844,53.29999923706055,51.93999862670898,53.29999923706055,23.80393409729004,741000
BXP,2004-08-03,53.29999923706055,53.61000061035156,53.060001373291016,53.27999877929688,23.79499626159668,310100
BXP,2004-08-04,53.16999816894531,53.900001525878906,52.880001068115234,53.900001525878906,24.07188606262207,244200
BXP,2004-08-05,53.66999816894531,53.79999923706055,53.27000045776367,53.29999923706055,23.80393409729004,296000
BXP,2004-08-06,53.33000183105469,54.0,53.22999954223633,53.75,24.004901885986328,547200
BXP,2004-08-09,53.79999923706055,53.90999984741211,53.400001525878906,53.5,23.89324188232422,340100
BXP,2004-08-10,53.650001525878906,53.88999938964844,53.27000045776367,53.29999923706055,23.80393409729004,257500
BXP,2004-08-11,53.290000915527344,53.470001220703125,53.0,53.470001220703125,23.87985038757324,146700
BXP,2004-08-12,53.41999816894531,53.41999816894531,52.790000915527344,52.869998931884766,23.611900329589844,145500
BXP,2004-08-13,52.75,53.11000061035156,52.61000061035156,52.84999847412109,23.60296058654785,182500
BXP,2004-08-16,52.900001525878906,53.77000045776367,52.900001525878906,53.709999084472656,23.987030029296875,112700
BXP,2004-08-17,53.709999084472656,53.90999984741211,53.369998931884766,53.869998931884766,24.05849266052246,258000
BXP,2004-08-18,53.79999923706055,54.650001525878906,53.75,54.59999847412109,24.384506225585938,368000
BXP,2004-08-19,54.34999847412109,54.52999877929688,52.43000030517578,53.380001068115234,23.839656829833984,374000
BXP,2004-08-20,53.58000183105469,55.09000015258789,53.58000183105469,55.04999923706055,24.58548355102539,548300
BXP,2004-08-23,55.02000045776367,55.150001525878906,54.4900016784668,54.97999954223633,24.55422592163086,339500
BXP,2004-08-24,54.84999847412109,55.27000045776367,54.79999923706055,55.18999862670898,24.648006439208984,448400
BXP,2004-08-25,55.18999862670898,55.34999847412109,54.5,54.68000030517578,24.420244216918945,311200
BXP,2004-08-26,54.68000030517578,55.060001373291016,54.66999816894531,54.95000076293945,24.54082489013672,259500
BXP,2004-08-27,55.0,55.040000915527344,54.68999862670898,54.709999084472656,24.433639526367188,124500
BXP,2004-08-30,54.880001068115234,55.290000915527344,54.52000045776367,55.20000076293945,24.652482986450195,294300
BXP,2004-08-31,55.09999847412109,55.47999954223633,54.91999816894531,55.47999954223633,24.77752113342285,429600
BXP,2004-09-01,55.43000030517578,55.5,54.880001068115234,55.25,24.674802780151367,200100
BXP,2004-09-02,55.0,55.34000015258789,54.97999954223633,55.34000015258789,24.71500968933105,197800
BXP,2004-09-03,55.29999923706055,55.7400016784668,55.20000076293945,55.68000030517578,24.866863250732425,238900
BXP,2004-09-07,55.68000030517578,56.150001525878906,55.459999084472656,56.150001525878906,25.07674789428711,280000
BXP,2004-09-08,56.150001525878906,56.290000915527344,55.790000915527344,56.04999923706055,25.03209686279297,219800
BXP,2004-09-09,56.0,56.0,54.66999816894531,54.68000030517578,24.420244216918945,378500
BXP,2004-09-10,54.68000030517578,54.75,54.22999954223633,54.650001525878906,24.406831741333008,188000
BXP,2004-09-13,54.400001525878906,54.52999877929688,53.959999084472656,54.04999923706055,24.138891220092773,343500
BXP,2004-09-14,53.54999923706055,54.04999923706055,53.0,53.0,23.66995620727539,423600
BXP,2004-09-15,52.79999923706055,53.9900016784668,52.79999923706055,53.810001373291016,24.031702041625977,333900
BXP,2004-09-16,53.900001525878906,54.95000076293945,53.869998931884766,54.95000076293945,24.54082489013672,223000
BXP,2004-09-17,54.95000076293945,55.25,54.29999923706055,55.20000076293945,24.652482986450195,273700
BXP,2004-09-20,55.150001525878906,55.150001525878906,54.5,54.79999923706055,24.47383499145508,263400
BXP,2004-09-21,54.75,54.959999084472656,54.43999862670898,54.68000030517578,24.420244216918945,191900
BXP,2004-09-22,54.66999816894531,54.83000183105469,54.5,54.54999923706055,24.3621768951416,217800
BXP,2004-09-23,54.5,54.66999816894531,54.15999984741211,54.52000045776367,24.348779678344727,330300
BXP,2004-09-24,54.5,54.79999923706055,54.5,54.75,24.45150375366211,192100
BXP,2004-09-27,54.59999847412109,54.790000915527344,54.5099983215332,54.75,24.45150375366211,234300
BXP,2004-09-28,54.0,54.59999847412109,53.75,54.59999847412109,24.6774845123291,223700
BXP,2004-09-29,54.59999847412109,54.880001068115234,54.36000061035156,54.77000045776367,24.75432014465332,195500
BXP,2004-09-30,54.79999923706055,55.75,54.66999816894531,55.38999938964844,25.034542083740234,394500
BXP,2004-10-01,55.470001220703125,56.83000183105469,55.150001525878906,56.25,25.423227310180664,474700
BXP,2004-10-04,56.54999923706055,57.220001220703125,56.34999847412109,56.75,25.64921760559082,355100
BXP,2004-10-05,56.650001525878906,57.09000015258789,56.5,56.75,25.64921760559082,206200
BXP,2004-10-06,56.54999923706055,57.040000915527344,56.54999923706055,56.9900016784668,25.75769424438477,215600
BXP,2004-10-07,56.84999847412109,56.86000061035156,56.27000045776367,56.29999923706055,25.445837020874023,226600
BXP,2004-10-08,56.400001525878906,57.209999084472656,56.400001525878906,56.959999084472656,25.744138717651367,261700
BXP,2004-10-11,56.900001525878906,57.04999923706055,56.29999923706055,56.5,25.53622436523437,201700
BXP,2004-10-12,56.380001068115234,57.20000076293945,56.29999923706055,57.20000076293945,25.85260391235352,155300
BXP,2004-10-13,57.20000076293945,57.29999923706055,56.7599983215332,57.130001068115234,25.82097053527832,195600
BXP,2004-10-14,57.0,58.45000076293945,57.0,58.45000076293945,26.41756248474121,394100
BXP,2004-10-15,58.54999923706055,58.91999816894531,58.290000915527344,58.34999847412109,26.372371673583984,370100
BXP,2004-10-18,58.34999847412109,59.18999862670898,58.2400016784668,58.54999923706055,26.462766647338867,308400
BXP,2004-10-19,58.560001373291016,59.09000015258789,58.0,58.04999923706055,26.23677635192871,381900
BXP,2004-10-20,58.0,58.25,56.84999847412109,57.91999816894531,26.178022384643555,374000
BXP,2004-10-21,58.150001525878906,59.61000061035156,58.040000915527344,58.97999954223633,26.657114028930664,414000
BXP,2004-10-22,59.060001373291016,59.56999969482422,58.95000076293945,59.0,26.66614532470703,368700
BXP,2004-10-25,59.0,59.06999969482422,58.58000183105469,58.810001373291016,26.58028221130371,265000
BXP,2004-10-26,58.70000076293945,59.290000915527344,58.70000076293945,59.290000915527344,26.79722595214844,321100
BXP,2004-10-27,59.290000915527344,59.29999923706055,58.68999862670898,59.22999954223633,26.770112991333008,510200
BXP,2004-10-28,59.04999923706055,59.84000015258789,59.04999923706055,59.75,27.00513458251953,225800
BXP,2004-10-29,59.59999847412109,59.86000061035156,59.25,59.720001220703125,26.991567611694336,301400
BXP,2004-11-01,59.720001220703125,59.75,59.18000030517578,59.54999923706055,26.91472816467285,804500
BXP,2004-11-02,59.54999923706055,59.58000183105469,59.0,59.0099983215332,26.67066764831543,572000
BXP,2004-11-03,59.310001373291016,59.970001220703125,59.25,59.45000076293945,26.869531631469727,500100
BXP,2004-11-04,59.34999847412109,59.959999084472656,59.22999954223633,59.93999862670898,27.09099769592285,631400
BXP,2004-11-05,59.93999862670898,59.95000076293945,58.0,58.09999847412109,26.259370803833008,849900
BXP,2004-11-08,58.0,58.59999847412109,57.93999862670898,58.400001525878906,26.394983291625977,363500
BXP,2004-11-09,58.400001525878906,58.90999984741211,58.119998931884766,58.72999954223633,26.544118881225582,208600
BXP,2004-11-10,58.52999877929688,59.66999816894531,58.40999984741211,59.34000015258789,26.81982421875,277600
BXP,2004-11-11,59.31999969482422,59.59999847412109,59.209999084472656,59.540000915527344,26.910215377807617,233800
BXP,2004-11-12,59.5,61.400001525878906,59.4900016784668,61.34999847412109,27.72827339172364,670600
BXP,2004-11-15,61.34999847412109,62.25,61.27999877929688,62.04999923706055,28.04465103149414,419800
BXP,2004-11-16,62.04999923706055,62.34000015258789,61.650001525878906,61.650001525878906,27.86385536193848,460200
BXP,2004-11-17,61.650001525878906,61.970001220703125,59.630001068115234,60.08000183105469,27.15428352355957,442000
BXP,2004-11-18,60.25,60.900001525878906,59.119998931884766,60.38999938964844,27.29438591003418,504700
BXP,2004-11-19,60.38999938964844,60.38999938964844,59.22999954223633,59.400001525878906,26.846942901611328,485200
BXP,2004-11-22,58.79999923706055,59.47999954223633,58.59999847412109,59.400001525878906,26.846942901611328,690400
BXP,2004-11-23,59.150001525878906,59.810001373291016,58.84999847412109,59.619998931884766,26.946372985839844,294100
BXP,2004-11-24,59.400001525878906,60.5099983215332,59.400001525878906,60.459999084472656,27.32602882385254,304600
BXP,2004-11-26,60.25,60.75,60.02000045776367,60.060001373291016,27.145240783691406,115800
BXP,2004-11-29,60.060001373291016,60.29999923706055,59.58000183105469,59.95000076293945,27.09552383422852,415300
BXP,2004-11-30,59.95000076293945,60.18000030517578,59.70000076293945,60.18000030517578,27.1994686126709,404800
BXP,2004-12-01,60.220001220703125,62.150001525878906,60.040000915527344,62.0,28.02205848693848,433500
BXP,2004-12-02,62.0,62.119998931884766,61.130001068115234,61.52999877929688,27.809633255004883,442900
BXP,2004-12-03,61.650001525878906,62.77999877929688,61.54999923706055,62.75,28.36104393005371,244900
BXP,2004-12-06,62.66999816894531,63.25,62.59000015258789,63.20000076293945,28.564428329467773,248200
BXP,2004-12-07,63.20000076293945,63.20000076293945,62.41999816894531,62.4900016784668,28.24352264404297,666600
BXP,2004-12-08,62.470001220703125,62.97999954223633,62.310001373291016,62.72999954223633,28.352001190185547,201900
BXP,2004-12-09,62.650001525878906,62.70000076293945,62.09000015258789,62.31999969482422,28.16669273376465,407600
BXP,2004-12-10,63.310001373291016,63.43999862670898,62.16999816894531,62.93999862670898,28.446910858154297,201000
BXP,2004-12-13,62.900001525878906,63.09999847412109,62.59999847412109,62.900001525878906,28.4288330078125,484600
BXP,2004-12-14,62.79999923706055,63.119998931884766,62.650001525878906,63.02000045776367,28.483068466186523,352100
BXP,2004-12-15,63.09000015258789,63.5,62.45000076293945,63.5,28.70000648498535,277900
BXP,2004-12-16,63.5,63.81999969482422,62.900001525878906,62.900001525878906,28.4288330078125,272000
BXP,2004-12-17,62.90999984741211,63.470001220703125,62.09999847412109,63.29999923706055,28.6096134185791,296600
BXP,2004-12-20,63.369998931884766,63.5,62.81999969482422,63.5,28.70000648498535,199900
BXP,2004-12-21,63.459999084472656,64.20999908447266,63.31999969482422,64.08000183105469,28.9621524810791,293700
BXP,2004-12-22,64.5,64.9000015258789,64.45999908447266,64.8499984741211,29.3101749420166,235100
BXP,2004-12-23,64.7699966430664,64.7699966430664,63.540000915527344,63.540000915527344,28.718090057373047,192500
BXP,2004-12-27,63.59999847412109,64.04000091552734,63.34999847412109,63.70000076293945,28.79041290283203,231700
BXP,2004-12-28,63.900001525878906,64.08999633789062,63.75,64.05000305175781,28.948596954345703,180900
BXP,2004-12-29,63.34999847412109,63.79999923706055,63.220001220703125,63.79999923706055,29.13123321533203,212600
BXP,2004-12-30,63.79999923706055,63.97999954223633,63.5099983215332,63.97999954223633,29.21342086791992,216600
BXP,2004-12-31,63.97999954223633,64.66999816894531,63.84999847412109,64.66999816894531,29.52847480773925,382100
BXP,2005-01-03,64.55999755859375,65.05000305175781,63.0,63.650001525878906,29.062742233276367,349700
BXP,2005-01-04,63.45000076293945,63.93999862670898,62.5099983215332,62.560001373291016,28.565053939819336,270500
BXP,2005-01-05,62.310001373291016,62.310001373291016,59.09999847412109,60.09999847412109,27.44181060791016,880900
BXP,2005-01-06,59.900001525878906,61.31999969482422,59.900001525878906,61.20000076293945,27.944072723388672,512300
BXP,2005-01-07,61.40999984741211,61.79999923706055,60.68999862670898,61.09000015258789,27.893836975097656,275800
BXP,2005-01-10,61.900001525878906,62.0,60.619998931884766,60.619998931884766,27.679229736328125,520300
BXP,2005-01-11,60.720001220703125,60.810001373291016,59.43999862670898,59.630001068115234,27.22719955444336,477600
BXP,2005-01-12,59.54999923706055,59.72999954223633,58.54999923706055,59.22999954223633,27.044574737548828,337700
BXP,2005-01-13,58.900001525878906,60.369998931884766,58.900001525878906,59.70000076293945,27.259164810180664,366000
BXP,2005-01-14,59.68000030517578,60.08000183105469,59.27999877929688,59.880001068115234,27.34136390686035,371600
BXP,2005-01-18,60.02999877929688,60.52000045776367,59.560001373291016,60.52000045776367,27.633575439453125,273000
BXP,2005-01-19,60.75,61.20000076293945,60.25,60.5,27.62445068359375,296600
BXP,2005-01-20,60.29999923706055,60.70000076293945,59.970001220703125,60.459999084472656,27.606172561645508,343000
BXP,2005-01-21,60.2599983215332,60.72999954223633,60.20000076293945,60.459999084472656,27.606172561645508,584000
BXP,2005-01-24,60.29999923706055,60.72999954223633,59.540000915527344,59.56999969482422,27.19979858398437,345900
BXP,2005-01-25,59.70000076293945,59.81999969482422,58.290000915527344,58.290000915527344,26.615358352661133,517100
BXP,2005-01-26,58.09999847412109,58.22999954223633,57.150001525878906,58.040000915527344,26.501201629638672,657200
BXP,2005-01-27,58.040000915527344,58.16999816894531,56.65999984741211,56.93000030517578,25.99437522888184,771500
BXP,2005-01-28,58.130001068115234,58.150001525878906,57.130001068115234,57.9900016784668,26.478364944458008,740100
BXP,2005-01-31,58.09999847412109,58.36000061035156,57.0,57.77999877929688,26.382488250732425,704800
BXP,2005-02-01,58.02999877929688,58.18999862670898,57.59999847412109,57.93999862670898,26.45555686950684,763200
BXP,2005-02-02,58.04999923706055,59.27000045776367,58.04999923706055,59.27000045776367,27.06281089782715,695200
BXP,2005-02-03,59.34999847412109,59.560001373291016,59.02000045776367,59.20000076293945,27.03086280822754,458600
BXP,2005-02-04,59.47999954223633,59.95000076293945,59.38999938964844,59.619998931884766,27.222644805908203,426400
BXP,2005-02-07,59.54999923706055,59.70000076293945,59.209999084472656,59.220001220703125,27.03999710083008,268000
BXP,2005-02-08,59.29999923706055,59.36000061035156,59.11000061035156,59.20000076293945,27.03086280822754,261500
BXP,2005-02-09,59.04999923706055,59.83000183105469,59.04999923706055,59.7599983215332,27.28654670715332,302400
BXP,2005-02-10,59.7599983215332,59.97999954223633,59.290000915527344,59.95000076293945,27.3733139038086,315700
BXP,2005-02-11,59.900001525878906,60.400001525878906,59.5099983215332,60.400001525878906,27.57878875732422,427000
BXP,2005-02-14,60.400001525878906,60.65999984741211,60.09999847412109,60.56999969482422,27.65641021728516,218800
BXP,2005-02-15,60.58000183105469,61.04999923706055,60.38999938964844,60.79999923706055,27.76142883300781,341500
BXP,2005-02-16,60.79999923706055,61.20000076293945,60.150001525878906,61.20000076293945,27.944072723388672,217800
BXP,2005-02-17,62.0,62.040000915527344,61.150001525878906,61.7599983215332,28.199766159057617,557200
BXP,2005-02-18,61.54999923706055,61.560001373291016,60.400001525878906,61.06999969482422,27.884716033935547,412000
BXP,2005-02-22,60.900001525878906,60.900001525878906,59.38999938964844,59.400001525878906,27.1221866607666,413600
BXP,2005-02-23,59.650001525878906,60.22999954223633,59.0099983215332,59.27999877929688,27.06739044189453,371100
BXP,2005-02-24,59.20000076293945,59.34000015258789,58.5,58.86000061035156,26.875621795654297,360700
BXP,2005-02-25,58.65999984741211,60.18000030517578,58.65999984741211,60.119998931884766,27.45092964172364,331200
BXP,2005-02-28,60.150001525878906,60.36000061035156,58.84000015258789,59.79999923706055,27.30482482910156,603300
BXP,2005-03-01,59.810001373291016,60.77999877929688,59.75,60.66999816894531,27.702072143554688,397200
BXP,2005-03-02,60.59999847412109,60.61000061035156,59.95000076293945,60.25,27.510297775268555,295400
BXP,2005-03-03,60.400001525878906,60.4900016784668,59.81999969482422,60.13999938964844,27.460071563720703,305000
BXP,2005-03-04,60.29999923706055,61.84999847412109,60.29999923706055,61.84999847412109,28.24087142944336,402700
BXP,2005-03-07,61.75,62.95000076293945,61.43999862670898,62.47999954223633,28.52853202819824,418800
BXP,2005-03-08,62.4900016784668,62.4900016784668,61.630001068115234,61.79999923706055,28.218032836914062,255900
BXP,2005-03-09,61.59999847412109,61.59999847412109,59.63999938964844,59.869998931884766,27.33678436279297,808200
BXP,2005-03-10,60.470001220703125,60.91999816894531,59.72999954223633,60.91999816894531,27.81622695922852,631100
BXP,2005-03-11,60.66999816894531,60.70000076293945,60.31999969482422,60.5099983215332,27.6290225982666,334800
BXP,2005-03-14,60.15999984741211,61.56999969482422,60.130001068115234,61.56999969482422,28.11301040649414,331700
BXP,2005-03-15,61.59999847412109,62.08000183105469,61.40999984741211,61.459999084472656,28.062774658203125,459500
BXP,2005-03-16,61.459999084472656,61.4900016784668,60.619998931884766,60.68000030517578,27.706642150878903,442300
BXP,2005-03-17,60.83000183105469,61.56999969482422,60.83000183105469,61.56999969482422,28.11301040649414,269300
BXP,2005-03-18,61.52000045776367,61.68999862670898,61.060001373291016,61.54999923706055,28.1038761138916,377100
BXP,2005-03-21,61.47999954223633,61.54999923706055,60.650001525878906,60.95000076293945,27.829910278320312,232400
BXP,2005-03-22,60.880001068115234,61.310001373291016,58.95000076293945,59.459999084472656,27.14958572387696,499700
BXP,2005-03-23,59.09999847412109,60.130001068115234,58.68000030517578,59.5,27.167856216430664,465500
BXP,2005-03-24,59.70000076293945,60.43999862670898,59.619998931884766,59.86000061035156,27.33222961425781,317600
BXP,2005-03-28,59.79999923706055,59.970001220703125,59.38999938964844,59.59999847412109,27.213499069213867,334500
BXP,2005-03-29,59.02999877929688,59.20000076293945,58.66999816894531,58.91999816894531,27.199663162231445,637200
BXP,2005-03-30,58.81999969482422,59.90999984741211,58.81999969482422,59.84999847412109,27.62897491455078,278500
BXP,2005-03-31,60.09999847412109,60.630001068115234,60.040000915527344,60.22999954223633,27.80439186096192,417400
BXP,2005-04-01,61.5,61.5,59.470001220703125,59.650001525878906,27.53664207458496,543100
BXP,2005-04-04,59.68000030517578,59.86000061035156,58.84000015258789,59.7599983215332,27.587417602539062,645600
BXP,2005-04-05,59.720001220703125,59.91999816894531,59.54999923706055,59.77000045776367,27.5920467376709,453500
BXP,2005-04-06,59.869998931884766,60.33000183105469,59.75,60.290000915527344,27.832107543945312,419000
BXP,2005-04-07,60.290000915527344,60.7400016784668,60.09999847412109,60.61000061035156,27.979820251464844,280600
BXP,2005-04-08,60.650001525878906,60.90999984741211,60.59000015258789,60.75,28.0444450378418,839600
BXP,2005-04-11,60.79999923706055,61.18000030517578,60.68999862670898,61.13999938964844,28.224504470825195,144600
BXP,2005-04-12,60.95000076293945,62.0,60.91999816894531,62.0,28.62149238586425,550900
BXP,2005-04-13,62.0,62.4900016784668,61.88999938964844,62.22999954223633,28.72767639160156,415000
BXP,2005-04-14,62.20000076293945,62.45000076293945,62.02000045776367,62.130001068115234,28.681501388549805,466400
BXP,2005-04-15,62.27999877929688,62.59000015258789,61.970001220703125,62.33000183105469,28.77384757995605,356800
BXP,2005-04-18,62.33000183105469,62.59000015258789,62.209999084472656,62.59000015258789,28.893861770629883,441800
BXP,2005-04-19,62.380001068115234,62.75,62.380001068115234,62.70000076293945,28.94464111328125,429700
BXP,2005-04-20,62.59999847412109,62.650001525878906,62.25,62.59999847412109,28.898468017578125,474600
BXP,2005-04-21,62.54999923706055,62.79999923706055,62.18999862670898,62.79999923706055,28.99081039428711,900100
BXP,2005-04-22,62.68000030517578,63.290000915527344,62.52999877929688,63.290000915527344,29.217010498046875,437300
BXP,2005-04-25,63.209999084472656,63.91999816894531,63.15999984741211,63.70000076293945,29.40628242492676,409600
BXP,2005-04-26,63.650001525878906,63.77999877929688,63.33000183105469,63.77000045776367,29.438596725463867,523400
BXP,2005-04-27,63.75,65.43000030517578,63.58000183105469,65.41999816894531,30.200300216674805,1018100
BXP,2005-04-28,66.19999694824219,66.6500015258789,65.9800033569336,66.27999877929688,30.597312927246094,1020300
BXP,2005-04-29,66.30000305175781,66.55000305175781,65.5,66.47000122070312,30.68502426147461,783700
BXP,2005-05-02,66.47000122070312,66.47000122070312,64.91000366210938,65.56999969482422,30.26953887939453,819400
BXP,2005-05-03,65.43000030517578,66.08999633789062,65.2699966430664,65.94999694824219,30.44495964050293,557700
BXP,2005-05-04,65.95999908447266,66.56999969482422,65.76000213623047,66.4800033569336,30.68963432312012,504600
BXP,2005-05-05,66.44999694824219,67.4800033569336,66.4000015258789,67.31999969482422,31.077411651611328,498000
BXP,2005-05-06,66.94999694824219,67.29000091552734,66.36000061035156,66.80999755859375,30.84197425842285,360200
BXP,2005-05-09,66.80999755859375,67.94999694824219,66.76000213623047,67.94999694824219,31.368236541748047,288000
BXP,2005-05-10,67.94999694824219,68.08000183105469,67.63999938964844,67.69999694824219,31.25284004211425,1077600
BXP,2005-05-11,67.73999786376953,67.7699966430664,66.91000366210938,66.94999694824219,30.90660095214844,736100
BXP,2005-05-12,66.4000015258789,66.4000015258789,65.7300033569336,65.91000366210938,30.42648696899414,660800
BXP,2005-05-13,66.02999877929688,66.33000183105469,65.5,65.7699966430664,30.361860275268555,374600
BXP,2005-05-16,65.8499984741211,66.5,65.69000244140625,66.5,30.69886016845703,400700
BXP,2005-05-17,66.37999725341797,66.88999938964844,66.04000091552734,66.81999969482422,30.846586227416992,311900
BXP,2005-05-18,67.0,67.25,66.9000015258789,67.0,30.92968368530273,788300
BXP,2005-05-19,67.0,68.8499984741211,66.95999908447266,68.58000183105469,31.659067153930664,658700
BXP,2005-05-20,68.5999984741211,68.5999984741211,67.77999877929688,68.02999877929688,31.405168533325195,321200
BXP,2005-05-23,67.9000015258789,68.8499984741211,67.9000015258789,68.23999786376953,31.502103805541992,277900
BXP,2005-05-24,66.9000015258789,67.69000244140625,66.7300033569336,66.80000305175781,30.83735084533692,546700
BXP,2005-05-25,66.80999755859375,66.83999633789062,66.16000366210938,66.33999633789062,30.62501335144043,317300
BXP,2005-05-26,66.44000244140625,66.95999908447266,65.2300033569336,65.5,30.23723602294922,538400
BXP,2005-05-27,65.51000213623047,65.73999786376953,65.37000274658203,65.69999694824219,30.329553604125977,395400
BXP,2005-05-31,65.75,67.05000305175781,65.72000122070312,66.80000305175781,30.83735084533692,650100
BXP,2005-06-01,66.77999877929688,67.02999877929688,66.47000122070312,67.02999877929688,30.943523406982425,670000
BXP,2005-06-02,66.8499984741211,67.0,66.62000274658203,66.88999938964844,30.878904342651367,269400
BXP,2005-06-03,67.06999969482422,67.69999694824219,67.0,67.0,30.92968368530273,331000
BXP,2005-06-06,67.1500015258789,67.5199966430664,67.04000091552734,67.23999786376953,31.040483474731445,325000
BXP,2005-06-07,67.47000122070312,67.87999725341797,67.1500015258789,67.48999786376953,31.1558780670166,447200
BXP,2005-06-08,67.41999816894531,68.29000091552734,67.41999816894531,67.75,31.275915145874023,263900
BXP,2005-06-09,67.5,67.75,67.23999786376953,67.5,31.1605167388916,503800
BXP,2005-06-10,67.69999694824219,68.0999984741211,67.5,67.75,31.275915145874023,294000
BXP,2005-06-13,67.75,68.27999877929688,67.70999908447266,68.22000122070312,31.492883682250977,425200
BXP,2005-06-14,68.12999725341797,68.58000183105469,67.9000015258789,68.56999969482422,31.654441833496094,350600
BXP,2005-06-15,68.56999969482422,68.61000061035156,68.08000183105469,68.52999877929688,31.6359977722168,301600
BXP,2005-06-16,68.44999694824219,68.52999877929688,68.02999877929688,68.37999725341797,31.56674766540528,352000
BXP,2005-06-17,68.4000015258789,69.94999694824219,68.4000015258789,69.9000015258789,32.268428802490234,619700
BXP,2005-06-20,69.66999816894531,70.0,69.55000305175781,69.73999786376953,32.194580078125,265800
BXP,2005-06-21,69.75,69.9800033569336,69.11000061035156,69.12000274658203,31.908353805541992,438100
BXP,2005-06-22,69.30999755859375,69.6500015258789,69.02999877929688,69.20999908447266,31.94990539550781,271200
BXP,2005-06-23,69.05000305175781,69.69999694824219,69.0199966430664,69.44000244140625,32.05607223510742,269700
BXP,2005-06-24,69.69999694824219,70.16999816894531,68.83000183105469,69.31999969482422,32.00069046020508,856200
BXP,2005-06-27,69.06999969482422,69.44000244140625,68.79000091552734,69.04000091552734,31.87141799926757,431100
BXP,2005-06-28,68.16000366210938,68.81999969482422,68.16000366210938,68.72000122070312,32.039268493652344,609100
BXP,2005-06-29,68.62000274658203,69.5199966430664,68.4800033569336,69.19999694824219,32.263057708740234,275600
BXP,2005-06-30,69.08000183105469,70.01000213623047,68.62000274658203,70.0,32.63603591918945,752800
BXP,2005-07-01,70.08999633789062,70.98999786376953,69.76000213623047,70.98999786376953,33.09761428833008,718000
BXP,2005-07-05,70.80000305175781,71.97000122070312,70.18000030517578,71.72000122070312,33.43793869018555,545900
BXP,2005-07-06,71.80000305175781,72.12000274658203,71.38999938964844,71.4000015258789,33.28877258300781,475000
BXP,2005-07-07,71.1500015258789,71.95999908447266,70.94999694824219,71.9000015258789,33.5218620300293,284100
BXP,2005-07-08,71.91999816894531,73.25,71.70999908447266,73.05000305175781,34.05804443359375,452200
BXP,2005-07-11,73.05000305175781,73.80999755859375,73.0199966430664,73.69999694824219,34.36109924316406,625500
BXP,2005-07-12,73.62000274658203,74.05999755859375,73.44999694824219,73.87000274658203,34.44034576416016,479200
BXP,2005-07-13,73.8499984741211,73.86000061035156,73.38999938964844,73.47000122070312,34.25385665893555,265200
BXP,2005-07-14,73.47000122070312,73.56999969482422,72.37999725341797,72.66999816894531,33.88086700439453,368800
BXP,2005-07-15,72.44000244140625,72.79000091552734,72.25,72.69999694824219,33.894866943359375,382600
BXP,2005-07-18,72.5999984741211,73.38999938964844,72.56999969482422,72.9800033569336,34.0254020690918,468200
BXP,2005-07-19,73.05000305175781,73.68000030517578,73.0199966430664,73.44999694824219,34.244529724121094,299700
BXP,2005-07-20,73.3499984741211,74.29000091552734,73.13999938964844,74.2300033569336,34.608192443847656,252100
BXP,2005-07-21,74.05000305175781,74.22000122070312,72.69000244140625,72.87999725341797,33.97877502441406,384400
BXP,2005-07-22,72.87999725341797,73.41999816894531,72.52999877929688,73.41000366210938,34.22587585449219,260600
BXP,2005-07-25,73.44999694824219,74.23999786376953,73.4000015258789,74.0999984741211,34.54758834838867,248600
BXP,2005-07-26,74.2300033569336,74.77999877929688,74.05999755859375,74.75,34.850624084472656,306900
BXP,2005-07-27,75.0,76.05999755859375,74.81999969482422,75.4000015258789,35.153663635253906,404500
BXP,2005-07-28,75.4000015258789,76.33000183105469,75.2699966430664,75.97000122070312,35.419429779052734,398400
BXP,2005-07-29,75.97000122070312,76.66999816894531,75.97000122070312,76.1500015258789,35.50333786010742,403400
BXP,2005-08-01,76.4000015258789,76.66000366210938,75.69999694824219,76.12000274658203,35.48936462402344,334400
BXP,2005-08-02,75.5999984741211,76.30999755859375,75.3499984741211,76.25,35.54997253417969,528600
BXP,2005-08-03,76.25,76.48999786376953,75.54000091552734,76.16000366210938,35.50800704956055,267000
BXP,2005-08-04,76.0,76.01000213623047,74.91000366210938,75.01000213623047,34.971858978271484,404800
BXP,2005-08-05,74.5,74.5,71.87999725341797,73.27999877929688,34.165283203125,672800
BXP,2005-08-08,72.4000015258789,72.41000366210938,69.83000183105469,70.5,32.86914825439453,1084100
BXP,2005-08-09,70.55000305175781,71.76000213623047,70.55000305175781,71.12999725341797,33.162872314453125,751700
BXP,2005-08-10,71.5,72.36000061035156,70.55000305175781,70.58000183105469,32.90644454956055,828000
BXP,2005-08-11,70.0999984741211,70.77999877929688,69.5199966430664,70.55999755859375,32.89712142944336,1206300
BXP,2005-08-12,70.5,70.91999816894531,70.4000015258789,70.79000091552734,33.00436019897461,439900
BXP,2005-08-15,70.79000091552734,71.55000305175781,70.19000244140625,71.16000366210938,33.17686462402344,546100
BXP,2005-08-16,71.16000366210938,71.62999725341797,71.0199966430664,71.1500015258789,33.17219543457031,496700
BXP,2005-08-17,71.16000366210938,71.30000305175781,70.44000244140625,70.5199966430664,32.878475189208984,582800
BXP,2005-08-18,70.41999816894531,70.55000305175781,69.80000305175781,70.25,32.75259017944336,433600
BXP,2005-08-19,70.75,71.0,70.2300033569336,70.2699966430664,32.76191329956055,375300
BXP,2005-08-22,70.5,70.81999969482422,70.19999694824219,70.55000305175781,32.89247512817383,396000
BXP,2005-08-23,70.55000305175781,71.05000305175781,70.3499984741211,70.72000122070312,32.97172927856445,298600
BXP,2005-08-24,70.94000244140625,71.12999725341797,70.4800033569336,70.55000305175781,32.89247512817383,460800
BXP,2005-08-25,70.79000091552734,71.1500015258789,70.58999633789062,70.80999755859375,33.0136833190918,577900
BXP,2005-08-26,71.05999755859375,71.20999908447266,69.9800033569336,70.02999877929688,32.650028228759766,340500
BXP,2005-08-29,70.02999877929688,70.29000091552734,68.9800033569336,69.83999633789062,32.56144714355469,450600
BXP,2005-08-30,69.69999694824219,69.88999938964844,69.12000274658203,69.83000183105469,32.55677795410156,429600
BXP,2005-08-31,69.83000183105469,71.4000015258789,69.77999877929688,71.1500015258789,33.17219543457031,686600
BXP,2005-09-01,71.75,72.44000244140625,70.91999816894531,71.58999633789062,33.37735366821289,838200
BXP,2005-09-02,71.83999633789062,72.23999786376953,71.33000183105469,71.48999786376953,33.33071517944336,353200
BXP,2005-09-06,71.58000183105469,73.36000061035156,71.58000183105469,72.56999969482422,33.834259033203125,470600
BXP,2005-09-07,72.47000122070312,72.8499984741211,71.80999755859375,72.04000091552734,33.587135314941406,236400
BXP,2005-09-08,71.5999984741211,72.44000244140625,71.58000183105469,71.9000015258789,33.5218620300293,288500
BXP,2005-09-09,72.1500015258789,72.55999755859375,71.86000061035156,72.26000213623047,33.6897087097168,354600
BXP,2005-09-12,72.2699966430664,72.41999816894531,71.88999938964844,71.94999694824219,33.5451774597168,207600
BXP,2005-09-13,71.8499984741211,72.13999938964844,71.4000015258789,71.62999725341797,33.3960075378418,223000
BXP,2005-09-14,71.7300033569336,72.16999816894531,71.56999969482422,71.93000030517578,33.53586959838867,284100
BXP,2005-09-15,71.93000030517578,72.48999786376953,71.58999633789062,72.4800033569336,33.792293548583984,318000
BXP,2005-09-16,72.56999969482422,73.19999694824219,71.7699966430664,73.19999694824219,34.127967834472656,603000
BXP,2005-09-19,74.25,74.81999969482422,72.38999938964844,72.5999984741211,33.84822463989258,764100
BXP,2005-09-20,72.75,73.18000030517578,72.0,72.25,33.685054779052734,979700
BXP,2005-09-21,72.25,72.3499984741211,71.01000213623047,71.0199966430664,33.111595153808594,902300
BXP,2005-09-22,71.0199966430664,72.08000183105469,70.26000213623047,71.44000244140625,33.307411193847656,459400
BXP,2005-09-23,71.44000244140625,72.0,70.94999694824219,71.5999984741211,33.38199996948242,355200
BXP,2005-09-26,71.8499984741211,72.0,71.5999984741211,71.93000030517578,33.53586959838867,311200
BXP,2005-09-27,72.0,72.08999633789062,70.9000015258789,71.69000244140625,33.42396545410156,430600
BXP,2005-09-28,68.70999908447266,69.4000015258789,68.20999908447266,69.2300033569336,33.77521514892578,778400
BXP,2005-09-29,69.13999938964844,69.66999816894531,68.58000183105469,69.61000061035156,33.96061325073242,620700
BXP,2005-09-30,69.73999786376953,70.94000244140625,69.7300033569336,70.9000015258789,34.589988708496094,721500
BXP,2005-10-03,71.0,71.7699966430664,70.62000274658203,71.55999755859375,34.9119758605957,621200
BXP,2005-10-04,71.5,71.51000213623047,70.31999969482422,70.33000183105469,34.311893463134766,540800
BXP,2005-10-05,70.36000061035156,70.62000274658203,69.0,69.1500015258789,33.736202239990234,771400
BXP,2005-10-06,69.1500015258789,69.45999908447266,68.04000091552734,68.44999694824219,33.39467239379883,565300
BXP,2005-10-07,67.30000305175781,67.72000122070312,66.48999786376953,67.58000183105469,32.970237731933594,665800
BXP,2005-10-10,67.22000122070312,67.51000213623047,66.94000244140625,67.0999984741211,32.73607635498047,570200
BXP,2005-10-11,67.08999633789062,67.43000030517578,66.0199966430664,66.27999877929688,32.33601760864258,355100
BXP,2005-10-12,65.77999877929688,66.12999725341797,64.87000274658203,65.36000061035156,31.887178421020508,499900
BXP,2005-10-13,65.3499984741211,66.27999877929688,64.4000015258789,65.11000061035156,31.765213012695312,531900
BXP,2005-10-14,65.6500015258789,66.97000122070312,65.6500015258789,66.83999633789062,32.60920333862305,455000
BXP,2005-10-17,66.83999633789062,67.5,66.55000305175781,67.41999816894531,32.89219284057617,370000
BXP,2005-10-18,67.33999633789062,67.5,66.38999938964844,66.75,32.565303802490234,351200
BXP,2005-10-19,66.76000213623047,67.55999755859375,66.0,67.44999694824219,32.906822204589844,339700
BXP,2005-10-20,67.3499984741211,68.25,66.83000183105469,66.9000015258789,32.63849258422852,401600
BXP,2005-10-21,66.83000183105469,67.79000091552734,66.44999694824219,67.0,32.68728256225586,447100
BXP,2005-10-24,66.86000061035156,68.62000274658203,66.86000061035156,68.22000122070312,33.282493591308594,252300
BXP,2005-10-25,68.2300033569336,69.12999725341797,67.5999984741211,67.72000122070312,33.038543701171875,312600
BXP,2005-10-26,67.69999694824219,67.70999908447266,66.55999755859375,67.23999786376953,32.804378509521484,567800
BXP,2005-10-27,67.0,67.23999786376953,66.5,66.52999877929688,32.457984924316406,408600
BXP,2005-10-28,67.0,68.12999725341797,67.0,67.87999725341797,33.11661148071289,605500
BXP,2005-10-31,68.08000183105469,69.2300033569336,67.94000244140625,69.22000122070312,33.770347595214844,502200
BXP,2005-11-01,69.22000122070312,69.22000122070312,67.31999969482422,67.6500015258789,33.0044059753418,739700
BXP,2005-11-02,67.6500015258789,67.83999633789062,66.7300033569336,67.6500015258789,33.0044059753418,779100
BXP,2005-11-03,67.75,68.45999908447266,66.97000122070312,67.30999755859375,32.838523864746094,879500
BXP,2005-11-04,67.45999908447266,67.45999908447266,66.16999816894531,67.0,32.68728256225586,299400
BXP,2005-11-07,67.16000366210938,67.81999969482422,67.0,67.47000122070312,32.91658020019531,659500
BXP,2005-11-08,67.22000122070312,67.68000030517578,66.62999725341797,67.3499984741211,32.858028411865234,575000
BXP,2005-11-09,67.23999786376953,68.81999969482422,67.08999633789062,68.80000305175781,33.5654296875,1238800
BXP,2005-11-10,68.76000213623047,72.37999725341797,68.19999694824219,71.69999694824219,34.98027038574219,1414500
BXP,2005-11-11,71.80000305175781,72.9800033569336,71.80000305175781,72.8499984741211,35.54132843017578,957000
BXP,2005-11-14,73.0,74.4000015258789,72.5199966430664,73.2300033569336,35.7266960144043,860200
BXP,2005-11-15,73.05000305175781,73.2300033569336,72.7699966430664,72.88999938964844,35.56084060668945,1047000
BXP,2005-11-16,72.88999938964844,73.02999877929688,72.2300033569336,73.01000213623047,35.6193733215332,466900
BXP,2005-11-17,72.9000015258789,73.80999755859375,72.52999877929688,73.80000305175781,36.00480270385742,566100
BXP,2005-11-18,73.80000305175781,74.0,73.05999755859375,73.94999694824219,36.07798385620117,667400
BXP,2005-11-21,73.70999908447266,73.83999633789062,72.9000015258789,73.66999816894531,35.941383361816406,353800
BXP,2005-11-22,73.47000122070312,74.36000061035156,73.3499984741211,74.16999816894531,36.18529891967773,423600
BXP,2005-11-23,73.91999816894531,74.79000091552734,73.75,74.41000366210938,36.30239868164063,309300
BXP,2005-11-25,74.30000305175781,74.66000366210938,73.66000366210938,74.66000366210938,36.42436599731445,203800
BXP,2005-11-28,74.41000366210938,74.76000213623047,74.0199966430664,74.44999694824219,36.32191848754883,595700
BXP,2005-11-29,74.5999984741211,75.30000305175781,74.47000122070312,75.30000305175781,36.73661422729492,955900
BXP,2005-11-30,75.44999694824219,75.5999984741211,74.61000061035156,75.20999908447266,36.692684173583984,648600
BXP,2005-12-01,75.25,76.08000183105469,74.9800033569336,76.05000305175781,37.10251998901367,948900
BXP,2005-12-02,75.8499984741211,75.95999908447266,75.27999877929688,75.66000366210938,36.912235260009766,326100
BXP,2005-12-05,75.41000366210938,75.7300033569336,74.88999938964844,75.61000061035156,36.88783264160156,664200
BXP,2005-12-06,75.20999908447266,75.9000015258789,75.0,75.02999877929688,36.60487365722656,548400
BXP,2005-12-07,73.8499984741211,75.1500015258789,73.5,74.41000366210938,36.30239868164063,819500
BXP,2005-12-08,74.41999816894531,75.33000183105469,74.04000091552734,74.3499984741211,36.27312850952149,477200
BXP,2005-12-09,74.3499984741211,74.9000015258789,73.93000030517578,74.7699966430664,36.47803497314453,678900
BXP,2005-12-12,74.7699966430664,75.01000213623047,74.56999969482422,74.87000274658203,36.52681350708008,342800
BXP,2005-12-13,74.87999725341797,75.19999694824219,74.58999633789062,75.05999755859375,36.61951446533203,313200
BXP,2005-12-14,75.0,76.16000366210938,74.56999969482422,76.0,37.07810592651367,508300
BXP,2005-12-15,75.62999725341797,76.37000274658203,74.77999877929688,74.88999938964844,36.53657913208008,431200
BXP,2005-12-16,75.26000213623047,76.19999694824219,75.05000305175781,75.68000030517578,36.921993255615234,508800
BXP,2005-12-19,75.51000213623047,75.98999786376953,74.41000366210938,74.5,36.34630584716797,314600
BXP,2005-12-20,73.94999694824219,74.33000183105469,73.48999786376953,73.91999816894531,36.06335067749024,496800
BXP,2005-12-21,73.98999786376953,74.51000213623047,73.80999755859375,74.2699966430664,36.23408889770508,437900
BXP,2005-12-22,74.16999816894531,74.81999969482422,73.47000122070312,74.52999877929688,36.36095428466797,270600
BXP,2005-12-23,74.5,75.11000061035156,74.5,74.80000305175781,36.49267578125,201400
BXP,2005-12-27,74.80000305175781,75.30999755859375,74.41000366210938,74.7699966430664,36.47803497314453,1113100
BXP,2005-12-28,74.33999633789062,74.6500015258789,73.8499984741211,74.48999786376953,36.67496490478516,381700
BXP,2005-12-29,74.55999755859375,74.73999786376953,73.61000061035156,73.94999694824219,36.40910339355469,278400
BXP,2005-12-30,73.80000305175781,74.4800033569336,73.44999694824219,74.12999725341797,36.49773406982422,481000
BXP,2006-01-03,74.37999725341797,75.5,72.9800033569336,75.36000061035156,37.10331344604492,683200
BXP,2006-01-04,75.36000061035156,76.0,75.12000274658203,75.63999938964844,37.24116897583008,463100
BXP,2006-01-05,75.69000244140625,77.02999877929688,75.43000030517578,76.80000305175781,37.812294006347656,708000
BXP,2006-01-06,77.23999786376953,78.36000061035156,76.68000030517578,78.3499984741211,38.57543182373047,481600
BXP,2006-01-09,78.3499984741211,79.41999816894531,78.19999694824219,79.41000366210938,39.09732818603516,620100
BXP,2006-01-10,78.0,80.94999694824219,78.0,79.5,39.14162826538086,779500
BXP,2006-01-11,79.51000213623047,79.80999755859375,78.1500015258789,78.36000061035156,38.580360412597656,997700
BXP,2006-01-12,78.36000061035156,78.45999908447266,77.38999938964844,77.83999633789062,38.324344635009766,802200
BXP,2006-01-13,77.72000122070312,77.7300033569336,76.47000122070312,76.91000366210938,37.866458892822266,485000
BXP,2006-01-17,76.91999816894531,76.94000244140625,76.02999877929688,76.68000030517578,37.75321578979492,377700
BXP,2006-01-18,76.55000305175781,77.2699966430664,75.66999816894531,76.0,37.41840744018555,796700
BXP,2006-01-19,76.13999938964844,77.05999755859375,76.0199966430664,76.61000061035156,37.71875381469727,666600
BXP,2006-01-20,76.66999816894531,77.0999984741211,76.16999816894531,76.29000091552734,37.56118774414063,670000
BXP,2006-01-23,76.30000305175781,77.0999984741211,76.30000305175781,76.81999969482422,37.82213973999024,196600
BXP,2006-01-24,77.0,78.0,76.9800033569336,77.58000183105469,38.196319580078125,652300
BXP,2006-01-25,77.58999633789062,78.1500015258789,76.66999816894531,77.33999633789062,38.078155517578125,779900
BXP,2006-01-26,77.58999633789062,78.37000274658203,76.9800033569336,77.70999908447266,38.26031875610352,764400
BXP,2006-01-27,78.08999633789062,78.6500015258789,77.83999633789062,78.20999908447266,38.50650787353516,656600
BXP,2006-01-30,78.20999908447266,78.30000305175781,77.72000122070312,78.0,38.40311813354492,342600
BXP,2006-01-31,77.5999984741211,78.29000091552734,77.5199966430664,78.26000213623047,38.5311279296875,905400
BXP,2006-02-01,78.26000213623047,79.62999725341797,78.05999755859375,78.80000305175781,38.79698944091797,1677500
BXP,2006-02-02,78.80000305175781,79.20999908447266,78.11000061035156,79.06999969482422,38.9299201965332,728100
BXP,2006-02-03,78.23999786376953,78.73999786376953,77.36000061035156,78.22000122070312,38.51142120361328,431100
BXP,2006-02-06,78.2300033569336,78.66000366210938,78.0,78.62999725341797,38.71328353881836,322000
BXP,2006-02-07,78.68000030517578,79.05999755859375,78.45999908447266,78.58999633789062,38.6935920715332,528400
BXP,2006-02-08,78.83999633789062,78.83999633789062,77.04000091552734,77.80000305175781,38.30464553833008,595700
BXP,2006-02-09,77.79000091552734,78.37000274658203,76.95999908447266,78.30999755859375,38.55574035644531,323500
BXP,2006-02-10,78.37999725341797,78.91999816894531,77.79000091552734,78.36000061035156,38.580360412597656,349500
BXP,2006-02-13,78.5,79.33999633789062,78.38999938964844,79.18000030517578,38.98408889770508,447100
BXP,2006-02-14,79.18000030517578,79.7699966430664,78.3499984741211,79.70999908447266,39.245025634765625,607000
BXP,2006-02-15,80.0,81.63999938964844,79.5199966430664,81.20999908447266,39.983543395996094,653500
BXP,2006-02-16,81.30999755859375,81.8499984741211,80.58999633789062,81.81999969482422,40.283878326416016,424600
BXP,2006-02-17,82.0999984741211,83.97000122070312,82.0999984741211,83.95999908447266,41.33750534057617,798000
BXP,2006-02-21,83.5999984741211,85.01000213623047,83.19999694824219,84.9800033569336,41.83968734741211,779900
BXP,2006-02-22,84.8499984741211,86.18000030517578,84.25,85.25,41.97263717651367,760400
BXP,2006-02-23,85.5,85.6500015258789,84.94000244140625,85.25,41.97263717651367,446100
BXP,2006-02-24,85.25,85.58000183105469,84.91999816894531,85.43000030517578,42.06126022338867,368600
BXP,2006-02-27,85.30000305175781,85.62000274658203,84.66000366210938,85.41000366210938,42.05139923095703,271900
BXP,2006-02-28,85.41000366210938,85.55000305175781,84.31999969482422,84.66999816894531,41.68705749511719,507300
BXP,2006-03-01,84.9000015258789,85.25,84.44000244140625,84.75,41.7264518737793,373500
BXP,2006-03-02,84.75,85.38999938964844,84.2699966430664,85.30000305175781,41.99722290039063,463400
BXP,2006-03-03,85.05000305175781,85.91999816894531,84.6500015258789,85.66000366210938,42.17448806762695,458600
BXP,2006-03-06,85.97000122070312,88.22000122070312,85.76000213623047,87.52999877929688,43.095176696777344,624900
BXP,2006-03-07,87.44000244140625,87.80999755859375,87.16000366210938,87.41000366210938,43.03609848022461,760900
BXP,2006-03-08,87.3499984741211,88.36000061035156,86.9000015258789,88.36000061035156,43.50382614135742,515000
BXP,2006-03-09,88.33999633789062,89.23999786376953,88.08000183105469,89.0199966430664,43.82876586914063,394400
BXP,2006-03-10,88.7699966430664,90.23999786376952,88.45999908447266,89.83000183105469,44.227577209472656,638900
BXP,2006-03-13,90.0,90.16999816894533,89.2699966430664,89.8499984741211,44.237430572509766,574000
BXP,2006-03-14,89.87999725341797,90.80999755859376,89.43000030517578,89.66999816894531,44.14879608154297,737000
BXP,2006-03-15,91.62000274658205,93.20999908447266,90.6500015258789,93.05999755859376,45.81785202026367,1049600
BXP,2006-03-16,93.1500015258789,94.33999633789062,92.9499969482422,93.5,46.03450012207031,473400
BXP,2006-03-17,93.5,96.5199966430664,93.16999816894533,96.0199966430664,47.27521514892578,717000
BXP,2006-03-20,95.91999816894533,95.91999816894533,93.5500030517578,93.69000244140624,46.12803268432617,548500
BXP,2006-03-21,93.5500030517578,94.4499969482422,92.38999938964844,93.08000183105467,45.82770156860352,590900
BXP,2006-03-22,93.08000183105467,93.87000274658205,92.5,92.94000244140624,45.7587890625,561300
BXP,2006-03-23,92.94000244140624,93.51000213623048,92.23999786376952,92.75,45.66524887084961,647500
BXP,2006-03-24,92.83999633789062,93.0,91.9000015258789,92.33000183105467,45.45844650268555,400600
BXP,2006-03-27,92.27999877929688,92.29000091552734,90.68000030517578,90.9000015258789,44.75440216064453,831300
BXP,2006-03-28,90.91000366210938,92.29000091552734,90.7300033569336,91.3000030517578,44.95133972167969,755600
BXP,2006-03-29,94.6500015258789,96.87000274658205,94.5,96.87000274658205,48.05160140991211,4004600
BXP,2006-03-30,96.6999969482422,97.18000030517578,95.5199966430664,96.30999755859376,47.77381134033203,1894700
BXP,2006-03-31,94.75,94.75,92.63999938964844,93.25,46.25590896606445,8716800
BXP,2006-04-03,93.1500015258789,93.1500015258789,91.08999633789062,91.5500030517578,45.41264724731445,2935300
BXP,2006-04-04,91.5,91.5500030517578,89.06999969482422,89.94000244140625,44.61402130126953,2372700
BXP,2006-04-05,90.0,90.75,90.0,90.37999725341795,44.83228302001953,1137100
BXP,2006-04-06,90.12999725341795,90.4000015258789,89.4000015258789,89.93000030517578,44.60906600952149,887400
BXP,2006-04-07,89.76000213623047,90.0,88.16999816894531,88.41000366210938,43.85508728027344,751300
BXP,2006-04-10,87.0999984741211,88.7300033569336,86.04000091552734,88.2699966430664,43.7856330871582,1010000
BXP,2006-04-11,88.0199966430664,88.26000213623047,86.86000061035156,87.12000274658203,43.21519088745117,768900
BXP,2006-04-12,86.8499984741211,87.77999877929688,86.51000213623047,87.0,43.15565872192383,545400
BXP,2006-04-13,86.56999969482422,86.80000305175781,85.52999877929688,85.98999786376953,42.6546745300293,721400
BXP,2006-04-17,85.97000122070312,86.44000244140625,85.69000244140625,85.83000183105469,42.5753059387207,419600
BXP,2006-04-18,85.9000015258789,88.68000030517578,85.75,87.87999725341797,43.592193603515625,841800
BXP,2006-04-19,87.98999786376953,89.7699966430664,87.69999694824219,89.54000091552734,44.41561126708984,768200
BXP,2006-04-20,89.3499984741211,89.37000274658203,88.25,89.12000274658203,44.20726776123047,413400
BXP,2006-04-21,89.30000305175781,89.70999908447266,88.94999694824219,89.5199966430664,44.40567779541016,477600
BXP,2006-04-24,89.5199966430664,89.58999633789062,88.77999877929688,88.91999816894531,44.10807037353516,403000
BXP,2006-04-25,88.9000015258789,88.9000015258789,87.33999633789062,87.7699966430664,43.53759765625,493700
BXP,2006-04-26,87.7699966430664,87.77999877929688,85.37999725341797,85.9000015258789,42.610008239746094,949200
BXP,2006-04-27,86.75,88.44999694824219,86.05000305175781,87.79000091552734,43.54752349853516,1092200
BXP,2006-04-28,87.79000091552734,89.20999908447266,87.52999877929688,88.2699966430664,43.7856330871582,495600
BXP,2006-05-01,88.5,89.0199966430664,86.66000366210938,87.01000213623047,43.16062927246094,628900
BXP,2006-05-02,86.98999786376953,87.01000213623047,85.37000274658203,85.80999755859375,42.565372467041016,1053800
BXP,2006-05-03,85.86000061035156,86.6500015258789,85.12999725341797,85.30999755859375,42.31734848022461,717000
BXP,2006-05-04,85.20999908447266,86.7699966430664,85.20999908447266,86.08999633789062,42.70428085327149,664800
BXP,2006-05-05,86.48999786376953,87.9000015258789,86.43000030517578,87.5999984741211,43.45327758789063,541300
BXP,2006-05-08,87.5999984741211,88.41999816894531,87.4000015258789,88.23999786376953,43.77074813842773,329600
BXP,2006-05-09,88.30000305175781,89.36000061035156,87.6500015258789,89.31999969482422,44.30649566650391,576300
BXP,2006-05-10,89.33000183105469,90.75,89.30000305175781,90.36000061035156,44.822364807128906,754600
BXP,2006-05-11,90.3499984741211,90.5199966430664,87.86000061035156,88.08000183105469,43.69139099121094,698100
BXP,2006-05-12,87.69999694824219,87.69999694824219,86.5199966430664,87.0199966430664,43.16557693481445,550300
BXP,2006-05-15,87.0,87.7300033569336,86.11000061035156,87.30999755859375,43.30943298339844,858900
BXP,2006-05-16,87.2300033569336,87.77999877929688,86.91999816894531,87.06999969482422,43.19037628173828,439500
BXP,2006-05-17,85.79000091552734,86.69999694824219,85.7300033569336,86.0,42.65962600708008,819400
BXP,2006-05-18,86.37000274658203,87.69000244140625,85.76000213623047,85.77999877929688,42.55049514770508,574600
BXP,2006-05-19,85.9000015258789,86.36000061035156,83.87000274658203,86.04000091552734,42.6794548034668,1023200
BXP,2006-05-22,86.04000091552734,86.04000091552734,83.77999877929688,84.87000274658203,42.099098205566406,1268200
BXP,2006-05-23,85.13999938964844,85.44999694824219,83.30000305175781,83.37999725341797,41.3599853515625,629900
BXP,2006-05-24,83.12999725341797,84.30000305175781,81.88999938964844,82.87000274658203,41.10699844360352,783900
BXP,2006-05-25,83.29000091552734,85.38999938964844,83.13999938964844,85.01000213623047,42.16852951049805,715300
BXP,2006-05-26,85.19000244140625,86.91000366210938,84.98999786376953,86.79000091552734,43.05150604248047,682100
BXP,2006-05-30,86.5999984741211,86.5999984741211,85.04000091552734,85.05000305175781,42.18837738037109,570200
BXP,2006-05-31,85.18000030517578,85.8499984741211,83.44999694824219,84.6500015258789,41.98995208740234,940200
BXP,2006-06-01,84.70999908447266,86.4000015258789,84.70999908447266,86.29000091552734,42.8034782409668,555800
BXP,2006-06-02,86.69000244140625,88.26000213623047,86.33999633789062,87.97000122070312,43.63680648803711,633800
BXP,2006-06-05,87.95999908447266,90.6999969482422,87.70999908447266,88.11000061035156,43.70626449584961,1126200
BXP,2006-06-06,88.30000305175781,88.91000366210938,87.19999694824219,87.79000091552734,43.54752349853516,709500
BXP,2006-06-07,87.8499984741211,88.51000213623047,87.2300033569336,87.7300033569336,43.51778411865234,673300
BXP,2006-06-08,87.7300033569336,87.7300033569336,85.12000274658203,87.0,43.15565872192383,913400
BXP,2006-06-09,87.0,88.52999877929688,86.83999633789062,87.9800033569336,43.64178466796875,754900
BXP,2006-06-12,87.7300033569336,87.80000305175781,86.0999984741211,86.51000213623047,42.91259002685547,747200
BXP,2006-06-13,86.75,87.16000366210938,85.45999908447266,86.51000213623047,42.91259002685547,866200
BXP,2006-06-14,86.4000015258789,86.83000183105469,85.81999969482422,86.20999908447266,42.7637825012207,1301300
BXP,2006-06-15,86.43000030517578,87.56999969482422,86.0199966430664,87.33999633789062,43.324317932128906,600200
BXP,2006-06-16,87.0199966430664,88.30999755859375,87.0199966430664,88.05999755859375,43.68147277832031,885200
BXP,2006-06-19,88.25,88.94999694824219,88.0,88.29000091552734,43.79555892944336,669100
BXP,2006-06-20,88.29000091552734,88.58999633789062,87.22000122070312,87.4800033569336,43.39374923706055,585700
BXP,2006-06-21,87.36000061035156,88.4800033569336,87.11000061035156,88.19999694824219,43.75090026855469,576000
BXP,2006-06-22,87.80000305175781,87.97000122070312,86.93000030517578,87.55000305175781,43.42849349975586,472000
BXP,2006-06-23,87.62999725341797,87.79000091552734,87.02999877929688,87.52999877929688,43.418556213378906,491500
BXP,2006-06-26,87.30999755859375,88.22000122070312,87.16999816894531,88.1500015258789,43.72609329223633,375200
BXP,2006-06-27,88.1500015258789,88.3499984741211,87.0,87.38999938964844,43.34912872314453,513100
BXP,2006-06-28,86.72000122070312,87.73999786376953,86.52999877929688,87.68000030517578,43.83406066894531,489000
BXP,2006-06-29,88.23999786376953,89.08000183105469,87.11000061035156,89.05999755859375,44.52396011352539,663700
BXP,2006-06-30,89.9000015258789,90.91999816894533,89.31999969482422,90.4000015258789,45.19386672973633,814900
BXP,2006-07-03,90.4000015258789,91.55999755859376,90.08999633789062,91.55999755859376,45.77378082275391,309800
BXP,2006-07-05,91.0999984741211,92.29000091552734,90.38999938964844,91.26000213623048,45.62380599975586,743400
BXP,2006-07-06,91.4000015258789,91.76000213623048,90.87000274658205,91.75,45.868770599365234,347200
BXP,2006-07-07,91.8499984741211,93.36000061035156,91.68000030517578,92.0,45.993770599365234,699600
BXP,2006-07-10,92.0,93.26000213623048,91.88999938964844,93.20999908447266,46.598670959472656,491300
BXP,2006-07-11,93.20999908447266,93.79000091552734,92.63999938964844,93.62999725341795,46.80864334106445,405100
BXP,2006-07-12,93.68000030517578,94.0199966430664,93.0199966430664,94.0199966430664,47.00362777709961,625800
BXP,2006-07-13,94.5,94.73999786376952,92.66000366210938,92.9499969482422,46.46870803833008,928400
BXP,2006-07-14,93.05999755859376,93.1500015258789,91.5199966430664,91.66000366210938,45.82377624511719,611500
BXP,2006-07-17,91.66000366210938,92.2300033569336,91.44000244140624,91.68000030517578,45.833778381347656,525200
BXP,2006-07-18,91.6500015258789,93.5199966430664,91.58999633789062,93.4000015258789,46.69364929199219,622000
BXP,2006-07-19,93.75,95.43000030517578,93.4800033569336,95.43000030517578,47.70853042602539,549200
BXP,2006-07-20,95.98999786376952,95.98999786376952,94.6500015258789,94.77999877929688,47.3835563659668,624800
BXP,2006-07-21,94.98999786376952,94.98999786376952,92.93000030517578,93.01000213623048,46.498680114746094,805100
BXP,2006-07-24,93.05999755859376,94.97000122070312,92.88999938964844,94.69000244140624,47.33858108520508,691500
BXP,2006-07-25,94.8499984741211,95.66000366210938,94.2300033569336,95.56999969482422,47.77851486206055,548900
BXP,2006-07-26,95.75,96.3000030517578,94.16000366210938,94.63999938964844,47.31357192993164,887400
BXP,2006-07-27,95.63999938964844,96.87999725341795,94.6500015258789,95.75,47.86850357055664,898300
BXP,2006-07-28,96.3499984741211,97.97000122070312,96.27999877929688,97.91000366210938,48.94834899902344,601600
BXP,2006-07-31,97.9800033569336,98.79000091552734,97.55999755859376,98.1999969482422,49.09330368041992,659300
BXP,2006-08-01,96.0999984741211,98.18000030517578,96.0,97.66999816894533,48.828369140625,748500
BXP,2006-08-02,97.91999816894533,98.25,97.19000244140624,97.47000122070312,48.72838973999024,512900
BXP,2006-08-03,97.47000122070312,99.73999786376952,97.30999755859376,99.48999786376952,49.73825073242188,827700
BXP,2006-08-04,100.4000015258789,101.0,99.97000122070312,100.5,50.2431869506836,739000
BXP,2006-08-07,100.51000213623048,100.86000061035156,99.18000030517578,99.48999786376952,49.73825073242188,484400
BXP,2006-08-08,97.6999969482422,98.7300033569336,96.62999725341795,96.8000030517578,48.3934326171875,1149400
BXP,2006-08-09,97.0500030517578,97.25,95.52999877929688,95.98999786376952,47.98849868774414,938200
BXP,2006-08-10,95.98999786376952,96.27999877929688,94.72000122070312,95.4800033569336,47.733516693115234,890000
BXP,2006-08-11,95.58999633789062,95.72000122070312,94.69000244140624,95.0999984741211,47.54354476928711,537700
BXP,2006-08-14,95.5999984741211,97.51000213623048,95.30999755859376,96.61000061035156,48.29844665527344,941600
BXP,2006-08-15,97.51000213623048,98.0,96.8000030517578,96.81999969482422,48.40342330932617,706100
BXP,2006-08-16,97.08999633789062,97.27999877929688,96.72000122070312,96.75,48.368431091308594,579300
BXP,2006-08-17,96.61000061035156,97.87000274658205,96.41999816894533,97.54000091552734,48.76338195800781,388500
BXP,2006-08-18,97.55999755859376,98.02999877929688,97.16999816894533,97.61000061035156,48.79835891723633,538200
BXP,2006-08-21,97.51000213623048,98.37999725341795,97.36000061035156,98.11000061035156,49.04834365844727,368800
BXP,2006-08-22,98.1500015258789,99.95999908447266,97.8000030517578,99.87000274658205,49.92822647094727,573800
BXP,2006-08-23,99.8000030517578,100.0,98.41000366210938,98.68000030517578,49.33331680297852,403200
BXP,2006-08-24,98.76000213623048,99.87999725341795,98.72000122070312,99.81999969482422,49.90322113037109,351600
BXP,2006-08-25,99.7699966430664,100.0,99.52999877929688,99.73999786376952,49.86322784423828,515200
BXP,2006-08-28,99.6999969482422,101.5199966430664,99.5999984741211,101.33999633789062,50.66312026977539,540000
BXP,2006-08-29,101.2699966430664,101.44000244140624,100.12999725341795,101.31999969482422,50.65312957763672,452000
BXP,2006-08-30,101.06999969482422,101.86000061035156,100.87000274658205,101.48999786376952,50.73810958862305,390700
BXP,2006-08-31,101.73999786376952,102.6999969482422,101.5500030517578,101.62999725341795,50.80810546875,509800
BXP,2006-09-01,101.77999877929688,101.77999877929688,100.48999786376952,100.9000015258789,50.443172454833984,468400
BXP,2006-09-05,100.6999969482422,101.83000183105467,100.44000244140624,101.83000183105467,50.90810394287109,505500
BXP,2006-09-06,101.83000183105467,102.12000274658205,101.0999984741211,101.2699966430664,50.62813568115234,398500
BXP,2006-09-07,101.2699966430664,101.33999633789062,99.95999908447266,100.23999786376952,50.11320495605469,499400
BXP,2006-09-08,100.43000030517578,100.8499984741211,99.31999969482422,100.66999816894533,50.32815933227539,589500
BXP,2006-09-11,100.06999969482422,102.6500015258789,99.81999969482422,102.6500015258789,51.31800079345703,1267900
BXP,2006-09-12,102.75,104.63999938964844,101.87999725341795,104.47000122070312,52.22789764404297,917200
BXP,2006-09-13,104.2699966430664,105.41000366210938,103.79000091552734,104.6999969482422,52.3428955078125,734000
BXP,2006-09-14,104.54000091552734,104.62999725341795,103.16999816894533,103.93000030517578,51.957950592041016,690900
BXP,2006-09-15,105.0,105.6500015258789,103.63999938964844,104.25,52.117942810058594,3894200
BXP,2006-09-18,104.25,104.5,103.37999725341795,103.62000274658205,51.8029670715332,897600
BXP,2006-09-19,104.5500030517578,105.1999969482422,104.06999969482422,104.9800033569336,52.48289489746094,910400
BXP,2006-09-20,105.11000061035156,105.94000244140624,104.0,104.25,52.117942810058594,684900
BXP,2006-09-21,104.0199966430664,104.6500015258789,102.30999755859376,103.16000366210938,51.57299423217773,878900
BXP,2006-09-22,103.20999908447266,104.38999938964844,102.91000366210938,104.05999755859376,52.02294921875,648400
BXP,2006-09-25,104.5500030517578,104.87999725341795,103.1999969482422,104.16000366210938,52.072940826416016,814600
BXP,2006-09-26,104.0199966430664,104.2300033569336,103.3000030517578,103.5500030517578,51.76796340942383,557800
BXP,2006-09-27,102.94000244140624,104.06999969482422,102.66000366210938,103.9000015258789,52.28630065917969,853100
BXP,2006-09-28,104.0,104.25,102.04000091552734,102.45999908447266,51.56166458129883,652900
BXP,2006-09-29,102.51000213623048,103.47000122070312,102.29000091552734,103.33999633789062,52.004493713378906,580300
BXP,2006-10-02,103.75,104.4000015258789,102.3000030517578,103.2300033569336,51.94913101196289,506200
BXP,2006-10-03,103.16999816894533,103.98999786376952,102.77999877929688,103.83999633789062,52.25609588623047,895200
BXP,2006-10-04,104.08999633789062,104.63999938964844,103.8499984741211,104.3499984741211,52.51277160644531,667500
BXP,2006-10-05,104.3499984741211,105.48999786376952,104.02999877929688,105.45999908447266,53.07136154174805,1600600
BXP,2006-10-06,105.45999908447266,105.45999908447266,103.55999755859376,104.2300033569336,52.45237731933594,765900
BXP,2006-10-09,104.25,105.2300033569336,103.47000122070312,105.2300033569336,52.95562744140625,508400
BXP,2006-10-10,105.5,105.7699966430664,103.4000015258789,104.75,52.71406173706055,442100
BXP,2006-10-11,104.75,105.76000213623048,103.63999938964844,103.88999938964844,52.28127670288086,670200
BXP,2006-10-12,104.3000030517578,104.91000366210938,103.4800033569336,104.83000183105467,52.75431823730469,533200
BXP,2006-10-13,104.83000183105467,106.4800033569336,104.83000183105467,106.1500015258789,53.41860961914063,616800
BXP,2006-10-16,106.3499984741211,106.62000274658205,105.13999938964844,105.52999877929688,53.10659408569336,540600
BXP,2006-10-17,105.05999755859376,105.29000091552734,104.30999755859376,104.4800033569336,52.57818603515625,735600
BXP,2006-10-18,104.54000091552734,105.0,103.94000244140624,104.38999938964844,52.53288269042969,653000
BXP,2006-10-19,104.3499984741211,105.11000061035156,103.62000274658205,104.22000122070312,52.447357177734375,580100
BXP,2006-10-20,104.43000030517578,104.66000366210938,103.6999969482422,104.5199966430664,52.59832382202149,553400
BXP,2006-10-23,104.5199966430664,106.1500015258789,104.11000061035156,105.83000183105467,53.25755310058594,539200
BXP,2006-10-24,105.83000183105467,105.94000244140624,104.0999984741211,104.25,52.46244812011719,809200
BXP,2006-10-25,105.0999984741211,106.16000366210938,103.5199966430664,104.52999877929688,52.60334014892578,787000
BXP,2006-10-26,104.72000122070312,105.2300033569336,104.18000030517578,105.12000274658205,52.9002685546875,563200
BXP,2006-10-27,105.12000274658205,105.37999725341795,104.12000274658205,104.36000061035156,52.51780319213867,619200
BXP,2006-10-30,104.77999877929688,106.26000213623048,104.45999908447266,106.1500015258789,53.41860961914063,992200
BXP,2006-10-31,106.83000183105467,107.01000213623048,105.5999984741211,106.83000183105467,53.76078414916992,786400
BXP,2006-11-01,107.0500030517578,107.48999786376952,105.51000213623048,105.83999633789062,53.26256942749024,622000
BXP,2006-11-02,105.83999633789062,106.0199966430664,103.30999755859376,104.04000091552734,52.35676193237305,895300
BXP,2006-11-03,104.04000091552734,104.25,101.87999725341795,103.3499984741211,52.00952911376953,940100
BXP,2006-11-06,103.5999984741211,105.12999725341795,103.45999908447266,104.55999755859376,52.61843490600586,716300
BXP,2006-11-07,104.56999969482422,104.56999969482422,103.37000274658205,103.37000274658205,52.01958465576172,587300
BXP,2006-11-08,103.41999816894533,104.13999938964844,102.0999984741211,103.44000244140624,52.05482864379883,579600
BXP,2006-11-09,103.58999633789062,105.23999786376952,103.12000274658205,104.5,52.58825302124024,997700
BXP,2006-11-10,104.5,105.91999816894533,104.1999969482422,105.83000183105467,53.25755310058594,526800
BXP,2006-11-13,105.83000183105467,106.4499969482422,105.30999755859376,106.26000213623048,53.473934173583984,401200
BXP,2006-11-14,106.58000183105467,108.37999725341795,106.20999908447266,108.11000061035156,54.40494155883789,578900
BXP,2006-11-15,108.11000061035156,108.69000244140624,107.5199966430664,108.06999969482422,54.384796142578125,561400
BXP,2006-11-16,108.5,109.87999725341795,108.08999633789062,109.56999969482422,55.1396598815918,679500
BXP,2006-11-17,109.38999938964844,109.5199966430664,108.41999816894533,108.62000274658205,54.66158676147461,600900
BXP,2006-11-20,110.25,118.0,110.25,115.5500030517578,58.1490364074707,2637000
BXP,2006-11-21,115.75,118.20999908447266,115.75,116.87000274658205,58.81331253051758,988500
BXP,2006-11-22,116.8000030517578,117.7699966430664,116.31999969482422,117.3000030517578,59.02968215942383,605000
BXP,2006-11-24,117.30999755859376,118.1999969482422,116.80999755859376,117.9499969482422,59.35678863525391,153000
BXP,2006-11-27,117.9499969482422,118.12999725341795,113.55999755859376,113.7300033569336,57.23312759399414,1387600
BXP,2006-11-28,114.25,115.12999725341795,113.79000091552734,114.5,57.62061309814453,812100
BXP,2006-11-29,114.8499984741211,115.88999938964844,114.6999969482422,115.5500030517578,58.1490364074707,1172000
BXP,2006-11-30,115.58000183105467,117.41999816894533,115.5199966430664,117.0500030517578,58.90388488769531,1151000
BXP,2006-12-01,116.8000030517578,117.3499984741211,116.0199966430664,116.8499984741211,58.80325698852539,1000400
BXP,2006-12-04,116.8499984741211,118.0,116.51000213623048,118.0,59.3819465637207,969200
BXP,2006-12-05,118.0500030517578,118.22000122070312,117.08000183105467,117.12999725341795,58.94412612915039,799300
BXP,2006-12-06,117.12000274658205,117.33999633789062,115.4000015258789,116.33000183105467,58.54157257080078,615100
BXP,2006-12-07,116.6999969482422,117.44000244140624,116.1999969482422,116.6500015258789,58.702598571777344,601000
BXP,2006-12-08,116.66999816894533,117.7300033569336,116.66999816894533,117.23999786376952,58.999507904052734,642900
BXP,2006-12-11,117.23999786376952,117.23999786376952,115.63999938964844,116.36000061035156,58.55663299560547,642400
BXP,2006-12-12,116.44000244140624,116.66999816894533,115.12999725341795,115.4499969482422,58.09869003295898,689100
BXP,2006-12-13,115.9800033569336,116.29000091552734,114.2699966430664,115.31999969482422,58.03328323364258,511200
BXP,2006-12-14,115.1999969482422,116.3499984741211,115.1999969482422,116.3000030517578,58.52643585205078,740100
BXP,2006-12-15,116.47000122070312,116.73999786376952,115.11000061035156,115.16999816894533,57.95775985717773,929300
BXP,2006-12-18,116.0,116.48999786376952,114.25,114.25,57.49481201171875,972500
BXP,2006-12-19,114.26000213623048,114.41999816894533,111.94000244140624,112.58000183105467,56.6544075012207,1298900
BXP,2006-12-20,114.1999969482422,115.5999984741211,114.1500015258789,115.38999938964844,58.068477630615234,954300
BXP,2006-12-21,115.23999786376952,116.33000183105467,113.02999877929688,113.13999938964844,56.93621063232422,976800
BXP,2006-12-22,113.0,113.38999938964844,111.58999633789062,111.87000274658205,56.2971076965332,811700
BXP,2006-12-26,112.1500015258789,114.27999877929688,112.1500015258789,112.88999938964844,56.81040954589844,848600
BXP,2006-12-27,107.9000015258789,109.83000183105467,107.5199966430664,109.83000183105467,58.41669464111328,1183200
BXP,2006-12-28,109.83000183105467,111.62000274658205,109.4499969482422,111.12000274658205,59.10280227661133,863000
BXP,2006-12-29,111.1999969482422,112.8499984741211,110.79000091552734,111.87999725341795,59.507057189941406,773700
BXP,2007-01-03,112.0,113.0999984741211,110.98999786376952,112.08999633789062,59.61875534057617,1244600
BXP,2007-01-04,111.83999633789062,112.22000122070312,111.25,111.68000030517578,59.40068054199219,1134400
BXP,2007-01-05,111.47000122070312,111.47000122070312,109.4499969482422,109.72000122070312,58.35820388793945,567400
BXP,2007-01-08,109.52999877929688,110.4800033569336,109.06999969482422,110.3499984741211,58.69325637817383,630900
BXP,2007-01-09,110.6999969482422,112.0999984741211,110.6500015258789,111.75,59.43790435791016,848200
BXP,2007-01-10,111.75,114.08999633789062,111.16999816894533,114.05999755859376,60.66654968261719,670900
BXP,2007-01-11,114.3000030517578,116.9000015258789,114.3000030517578,115.20999908447266,61.27821350097656,1094300
BXP,2007-01-12,115.0500030517578,116.83999633789062,115.01000213623048,115.87000274658205,61.629276275634766,748100
BXP,2007-01-16,116.12000274658205,118.72000122070312,116.12000274658205,118.72000122070312,63.14512252807617,786200
BXP,2007-01-17,118.72000122070312,119.1500015258789,116.91999816894533,118.5199966430664,63.03876876831055,796900
BXP,2007-01-18,118.7699966430664,119.4000015258789,117.69000244140624,117.97000122070312,62.7462158203125,909200
BXP,2007-01-19,118.4000015258789,119.9499969482422,117.79000091552734,119.93000030517578,63.78870391845703,681400
BXP,2007-01-22,120.3499984741211,120.5999984741211,119.6500015258789,119.81999969482422,63.7302131652832,898100
BXP,2007-01-23,119.81999969482422,121.11000061035156,119.3000030517578,120.4000015258789,64.03868865966797,699400
BXP,2007-01-24,120.4000015258789,121.93000030517578,120.0999984741211,121.93000030517578,64.85247039794922,698600
BXP,2007-01-25,122.9499969482422,124.26000213623048,122.2699966430664,122.7300033569336,65.27799987792969,1066500
BXP,2007-01-26,123.25,123.3000030517578,121.58999633789062,122.68000030517578,65.25138092041016,755200
BXP,2007-01-29,122.77999877929688,123.44000244140624,122.06999969482422,122.4499969482422,65.12903594970703,752100
BXP,2007-01-30,122.4499969482422,123.8000030517578,121.6500015258789,123.8000030517578,65.84711456298828,897600
BXP,2007-01-31,123.8000030517578,126.55999755859376,123.58999633789062,126.08999633789062,67.06511688232422,819200
BXP,2007-02-01,123.51000213623048,126.12000274658205,123.13999938964844,126.08999633789062,67.06511688232422,5489900
BXP,2007-02-02,126.5,127.08000183105467,125.36000061035156,126.87999725341795,67.48530578613281,1995300
BXP,2007-02-05,127.0,127.58000183105467,126.3499984741211,126.41999816894533,67.24064636230469,1506300
BXP,2007-02-06,126.9499969482422,128.55999755859375,126.5999984741211,128.3800048828125,68.28311920166016,1673700
BXP,2007-02-07,128.44000244140625,131.47999572753906,127.80999755859376,130.75,69.54366302490234,3003900
BXP,2007-02-08,130.75,133.02000427246094,129.0,129.47999572753906,68.86819458007812,3549900
BXP,2007-02-09,129.72999572753906,130.2899932861328,124.0500030517578,127.04000091552734,67.5704116821289,3119600
BXP,2007-02-12,127.02999877929688,127.02999877929688,122.58999633789062,123.5,65.68753814697266,3085400
BXP,2007-02-13,123.5199966430664,125.87000274658205,121.43000030517578,125.8000030517578,66.91085052490234,1807000
BXP,2007-02-14,125.37000274658205,126.12000274658205,124.5,124.98999786376952,66.48005676269531,1326600
BXP,2007-02-15,124.98999786376952,127.91999816894533,124.94000244140624,127.0999984741211,67.60232543945312,1618400
BXP,2007-02-16,126.7699966430664,127.3499984741211,124.43000030517578,125.87999725341795,66.95343017578125,2169900
BXP,2007-02-20,125.88999938964844,127.45999908447266,125.05999755859376,127.41000366210938,67.76719665527344,1602800
BXP,2007-02-21,127.41000366210938,127.41000366210938,125.9000015258789,126.73999786376952,67.41084289550781,632200
BXP,2007-02-22,127.4000015258789,127.5999984741211,125.5,126.0,67.01724243164062,1358700
BXP,2007-02-23,126.0,126.08999633789062,122.58999633789062,122.6500015258789,65.23542022705078,1381200
BXP,2007-02-26,122.79000091552734,123.87999725341795,119.8499984741211,121.9499969482422,64.86311340332031,1737100
BXP,2007-02-27,121.9499969482422,121.9499969482422,117.0,118.1999969482422,62.868534088134766,1859800
BXP,2007-02-28,118.44000244140624,120.80999755859376,118.1999969482422,120.02999877929688,63.84189987182617,2119000
BXP,2007-03-01,118.0,119.91999816894533,115.38999938964844,118.72000122070312,63.14512252807617,1837400
BXP,2007-03-02,118.47000122070312,118.9499969482422,116.91000366210938,117.02999877929688,62.24626922607422,1180500
BXP,2007-03-05,117.04000091552734,117.04000091552734,113.7300033569336,113.7300033569336,60.49104690551758,1456200
BXP,2007-03-06,114.62999725341795,118.79000091552734,114.62999725341795,118.16000366210938,62.847286224365234,1435600
BXP,2007-03-07,118.18000030517578,118.6500015258789,116.13999938964844,116.44000244140624,61.93245315551758,1012800
BXP,2007-03-08,117.0,119.94000244140624,117.0,118.97000122070312,63.27811813354492,1587600
BXP,2007-03-09,119.6500015258789,120.51000213623048,119.0,119.6999969482422,63.66636657714844,1012100
BXP,2007-03-12,119.5199966430664,120.45999908447266,118.11000061035156,119.6999969482422,63.66636657714844,695200
BXP,2007-03-13,119.5,119.5,116.51000213623048,117.18000030517578,62.326053619384766,1415400
BXP,2007-03-14,117.18000030517578,118.19000244140624,115.1500015258789,117.66000366210938,62.581336975097656,1210800
BXP,2007-03-15,117.62000274658205,119.0999984741211,117.62000274658205,118.16999816894533,62.85260009765625,783000
BXP,2007-03-16,118.5999984741211,118.70999908447266,116.2300033569336,116.66999816894533,62.05477523803711,1151800
BXP,2007-03-19,117.66999816894533,118.1999969482422,116.91999816894533,118.01000213623048,62.76749420166016,814000
BXP,2007-03-20,117.87999725341795,118.11000061035156,116.6999969482422,117.72000122070312,62.61326217651367,792900
BXP,2007-03-21,117.68000030517578,119.91999816894533,116.62999725341795,119.51000213623048,63.565338134765625,841300
BXP,2007-03-22,119.75,120.0,118.22000122070312,118.91000366210938,63.24618148803711,619600
BXP,2007-03-23,119.16000366210938,120.48999786376952,119.0,119.13999938964844,63.3685417175293,557900
BXP,2007-03-26,119.13999938964844,119.48999786376952,116.70999908447266,117.0500030517578,62.25687789916992,1261200
BXP,2007-03-27,117.0500030517578,117.0500030517578,115.01000213623048,115.77999877929688,61.58139419555664,1081600
BXP,2007-03-28,114.9000015258789,116.23999786376952,113.16000366210938,115.0,61.52790069580078,1023500
BXP,2007-03-29,115.9000015258789,116.08999633789062,114.30999755859376,114.6500015258789,61.34063720703125,837000
BXP,2007-03-30,115.3000030517578,117.5,114.98999786376952,117.4000015258789,62.81196594238281,1655600
BXP,2007-04-02,117.41000366210938,118.9000015258789,116.79000091552734,118.5500030517578,63.42721939086914,1657000
BXP,2007-04-03,119.0199966430664,119.9499969482422,118.68000030517578,119.47000122070312,63.91941452026367,1046500
BXP,2007-04-04,119.69000244140624,119.6999969482422,117.63999938964844,118.56999969482422,63.437931060791016,769500
BXP,2007-04-05,118.81999969482422,118.8499984741211,117.97000122070312,118.08999633789062,63.18112564086914,512700
BXP,2007-04-09,118.08999633789062,119.02999877929688,118.0,118.73999786376952,63.52888488769531,411100
BXP,2007-04-10,118.86000061035156,119.3000030517578,117.6999969482422,118.06999969482422,63.17041778564453,819500
BXP,2007-04-11,116.58000183105467,118.48999786376952,115.87000274658205,116.55999755859376,62.3625373840332,926400
BXP,2007-04-12,114.87000274658205,116.45999908447266,114.87000274658205,115.6500015258789,61.87565994262695,691000
BXP,2007-04-13,115.4000015258789,116.5999984741211,114.77999877929688,116.31999969482422,62.23412704467773,700700
BXP,2007-04-16,116.8000030517578,116.9499969482422,115.0999984741211,115.87000274658205,61.99337387084961,907300
BXP,2007-04-17,116.16999816894533,117.73999786376952,115.5999984741211,117.36000061035156,62.79054260253906,867000
BXP,2007-04-18,117.36000061035156,117.6999969482422,116.47000122070312,116.56999969482422,62.36788558959961,668000
BXP,2007-04-19,116.56999969482422,116.61000061035156,115.1999969482422,116.16000366210938,62.14852142333984,748500
BXP,2007-04-20,117.0199966430664,117.5999984741211,116.0,116.3499984741211,62.25017929077149,759800
BXP,2007-04-23,116.3499984741211,118.1500015258789,116.3499984741211,117.8499984741211,63.052711486816406,1136300
BXP,2007-04-24,118.25,118.25,116.3000030517578,116.73999786376952,62.45881652832031,701900
BXP,2007-04-25,117.20999908447266,118.27999877929688,116.05999755859376,117.22000122070312,62.71564102172852,753700
BXP,2007-04-26,117.2300033569336,118.26000213623048,116.8000030517578,117.47000122070312,62.849395751953125,533200
BXP,2007-04-27,117.94000244140624,119.4499969482422,117.0199966430664,118.91999816894533,63.62516784667969,921000
BXP,2007-04-30,117.47000122070312,119.4800033569336,117.47000122070312,117.55999755859376,62.89754486083984,1006600
BXP,2007-05-01,117.70999908447266,118.0,115.4800033569336,116.61000061035156,62.38929748535156,1093600
BXP,2007-05-02,116.16000366210938,117.4499969482422,115.27999877929688,116.91999816894533,62.55516815185547,826700
BXP,2007-05-03,117.33000183105467,117.69000244140624,115.43000030517578,117.2699966430664,62.74239730834961,635300
BXP,2007-05-04,117.5199966430664,117.55999755859376,115.20999908447266,115.63999938964844,61.87031936645508,603300
BXP,2007-05-07,116.91999816894533,117.33000183105467,115.8000030517578,116.20999908447266,62.17527389526367,715000
BXP,2007-05-08,116.11000061035156,116.33000183105467,115.1999969482422,115.1999969482422,61.63489532470703,586400
BXP,2007-05-09,115.41999816894533,117.91000366210938,115.33000183105467,117.83000183105467,63.04201889038086,892000
BXP,2007-05-10,117.0,117.61000061035156,116.1500015258789,116.22000122070312,62.18062973022461,1078900
BXP,2007-05-11,116.4499969482422,117.72000122070312,116.4499969482422,117.11000061035156,62.65680313110352,736300
BXP,2007-05-14,117.23999786376952,117.9499969482422,115.4800033569336,116.11000061035156,62.12179565429688,623500
BXP,2007-05-15,115.8499984741211,116.62000274658205,113.1500015258789,113.3000030517578,60.61833572387695,1229300
BXP,2007-05-16,113.8499984741211,114.05999755859376,111.36000061035156,112.3000030517578,60.08335494995117,1060800
BXP,2007-05-17,111.6500015258789,111.8499984741211,109.5199966430664,109.76000213623048,58.724365234375,1357800
BXP,2007-05-18,110.08999633789062,110.3000030517578,107.1999969482422,107.3000030517578,57.40819549560547,2107500
BXP,2007-05-21,107.25,109.11000061035156,107.1500015258789,108.27999877929688,57.93253326416016,1444700
BXP,2007-05-22,109.1500015258789,111.83000183105467,108.62000274658205,110.97000122070312,59.37173843383789,1800500
BXP,2007-05-23,111.22000122070312,112.33999633789062,110.22000122070312,110.22000122070312,58.9704704284668,1053400
BXP,2007-05-24,110.04000091552734,110.04000091552734,106.41000366210938,107.62000274658205,57.57938766479492,1390200
BXP,2007-05-25,107.88999938964844,109.38999938964844,107.3499984741211,107.7300033569336,57.63827133178711,879500
BXP,2007-05-29,108.77999877929688,111.45999908447266,108.77999877929688,111.16000366210938,59.4734001159668,1504700
BXP,2007-05-30,111.1500015258789,115.06999969482422,110.98999786376952,115.0,61.52790069580078,2195200
BXP,2007-05-31,115.06999969482422,115.87000274658205,113.8499984741211,115.68000030517578,61.89170455932617,1835200
BXP,2007-06-01,115.68000030517578,117.0,115.36000061035156,116.6999969482422,62.43742752075195,1042200
BXP,2007-06-04,116.69000244140624,118.0,116.27999877929688,117.4499969482422,62.83871078491211,904400
BXP,2007-06-05,117.1999969482422,117.1999969482422,115.05999755859376,115.31999969482422,61.6990852355957,1433200
BXP,2007-06-06,114.77999877929688,115.1500015258789,113.88999938964844,114.3499984741211,61.180137634277344,768500
BXP,2007-06-07,113.80999755859376,113.80999755859376,110.0199966430664,110.0500030517578,58.87953186035156,1211300
BXP,2007-06-08,108.33000183105467,111.26000213623048,108.33000183105467,111.26000213623048,59.52691268920898,983000
BXP,2007-06-11,111.1999969482422,111.1999969482422,108.5,108.7699966430664,58.19467544555664,1238700
BXP,2007-06-12,108.76000213623048,108.76000213623048,106.4499969482422,106.4499969482422,56.95343780517578,1434100
BXP,2007-06-13,107.1500015258789,109.37000274658205,106.68000030517578,109.37000274658205,58.51571273803711,1240800
BXP,2007-06-14,108.87999725341795,109.4000015258789,107.52999877929688,108.16000366210938,57.86831665039063,910100
BXP,2007-06-15,108.70999908447266,109.68000030517578,108.20999908447266,109.44000244140624,58.55316925048828,1504700
BXP,2007-06-18,109.44000244140624,109.58999633789062,107.31999969482422,107.81999969482422,57.68640899658203,1121400
BXP,2007-06-19,106.86000061035156,107.73999786376952,106.51000213623048,107.73999786376952,57.64361953735352,974100
BXP,2007-06-20,107.51000213623048,107.68000030517578,104.3000030517578,104.33999633789062,55.82453918457031,1403400
BXP,2007-06-21,104.26000213623048,104.33999633789062,102.05999755859376,102.79000091552734,54.995243072509766,2000000
BXP,2007-06-22,102.0,103.19000244140624,100.81999969482422,101.58999633789062,54.35319519042969,2288400
BXP,2007-06-25,101.58999633789062,102.41999816894533,99.41000366210938,100.0999984741211,53.55602645874024,1581100
BXP,2007-06-26,101.58999633789062,101.58999633789062,98.5500030517578,100.06999969482422,53.53995132446289,1724600
BXP,2007-06-27,99.75,103.18000030517578,97.94000244140624,103.18000030517578,55.58158493041992,1948000
BXP,2007-06-28,102.79000091552734,104.25,101.87999725341795,102.30999755859376,55.1129264831543,1297700
BXP,2007-06-29,102.44000244140624,104.5,101.0199966430664,102.12999725341795,55.01595687866211,1610600
BXP,2007-07-02,102.45999908447266,105.01000213623048,101.75,104.91999816894533,56.51889801025391,1239200
BXP,2007-07-03,105.08000183105467,105.62000274658205,104.16000366210938,104.48999786376952,56.28726577758789,545600
BXP,2007-07-05,106.19000244140624,106.7300033569336,105.3000030517578,105.91000366210938,57.052188873291016,928500
BXP,2007-07-06,105.7300033569336,106.63999938964844,104.5199966430664,106.0199966430664,57.1114387512207,752900
BXP,2007-07-09,106.0999984741211,106.20999908447266,104.9499969482422,105.58000183105467,56.87440872192383,584100
BXP,2007-07-10,104.77999877929688,105.44000244140624,102.81999969482422,103.16999816894533,55.57618713378906,1071400
BXP,2007-07-11,102.8499984741211,103.68000030517578,101.94000244140624,103.41000366210938,55.70548629760742,1176400
BXP,2007-07-12,103.5199966430664,105.83999633789062,103.02999877929688,105.83999633789062,57.01448822021485,764700
BXP,2007-07-13,106.11000061035156,106.62999725341795,104.8000030517578,106.1999969482422,57.20841979980469,954300
BXP,2007-07-16,106.0,108.25,105.0500030517578,105.12000274658205,56.62662887573242,2123600
BXP,2007-07-17,105.5500030517578,105.97000122070312,104.0,104.5,56.29264068603516,750100
BXP,2007-07-18,104.56999969482422,104.56999969482422,102.52999877929688,104.02999877929688,56.03946304321289,1412200
BXP,2007-07-19,104.29000091552734,105.47000122070312,104.29000091552734,104.80999755859376,56.45962524414063,658900
BXP,2007-07-20,104.9000015258789,105.2699966430664,102.93000030517578,103.41999816894533,55.710845947265625,1319200
BXP,2007-07-23,103.13999938964844,103.16000366210938,100.77999877929688,100.77999877929688,54.28872299194336,1069500
BXP,2007-07-24,100.25,100.9499969482422,98.2300033569336,98.25,52.92587661743164,1501000
BXP,2007-07-25,98.25,100.6999969482422,97.0500030517578,98.5,53.06055450439453,1312500
BXP,2007-07-26,98.5,98.5,94.33999633789062,96.9499969482422,52.225563049316406,2138800
BXP,2007-07-27,95.23999786376952,97.27999877929688,92.81999969482422,92.81999969482422,50.00081253051758,2144300
BXP,2007-07-30,94.0199966430664,95.4499969482422,92.19000244140624,94.9800033569336,51.16437149047852,1548800
BXP,2007-07-31,96.0500030517578,97.37999725341795,94.11000061035156,94.48999786376952,50.90043258666992,1657600
BXP,2007-08-01,93.52999877929688,94.9499969482422,91.25,94.68000030517578,51.00273513793945,2417200
BXP,2007-08-02,95.0,98.9499969482422,94.52999877929688,97.54000091552734,52.54338073730469,1989200
BXP,2007-08-03,96.8000030517578,98.25,94.4800033569336,95.31999969482422,51.3475227355957,2508100
BXP,2007-08-06,94.23999786376952,99.52999877929688,94.05999755859376,99.52999877929688,53.61539077758789,1595500
BXP,2007-08-07,98.75,100.76000213623048,97.26000213623048,99.4000015258789,53.54534530639648,1614700
BXP,2007-08-08,99.4000015258789,103.38999938964844,99.4000015258789,102.87999725341795,55.41996383666992,1645500
BXP,2007-08-09,97.01000213623048,105.5,96.98999786376952,104.86000061035156,56.486576080322266,1775900
BXP,2007-08-10,103.8499984741211,104.48999786376952,100.88999938964844,101.26000213623048,54.54731369018555,1742400
BXP,2007-08-13,101.72000122070312,102.41000366210938,98.51000213623048,98.51000213623048,53.06592559814453,996900
BXP,2007-08-14,99.3499984741211,99.3499984741211,94.0500030517578,94.37000274658205,50.83577346801758,1608800
BXP,2007-08-15,94.08999633789062,96.95999908447266,93.0999984741211,93.2300033569336,50.22165298461914,1347700
BXP,2007-08-16,92.91999816894533,98.0,91.38999938964844,96.8499984741211,52.17169952392578,1607800
BXP,2007-08-17,105.75,105.86000061035156,96.87000274658205,97.61000061035156,52.58109664916992,1508100
BXP,2007-08-20,97.4000015258789,101.0199966430664,97.0500030517578,100.93000030517578,54.36954116821289,1500600
BXP,2007-08-21,100.05999755859376,101.83000183105467,99.63999938964844,101.01000213623048,54.41266632080078,1299500
BXP,2007-08-22,101.70999908447266,101.70999908447266,99.1500015258789,99.91999816894533,53.82548904418945,1265500
BXP,2007-08-23,100.25,101.0,98.18000030517578,98.58000183105467,53.103641510009766,1341300
BXP,2007-08-24,97.83999633789062,98.7699966430664,97.0199966430664,98.05999755859376,52.82350158691406,799200
BXP,2007-08-27,98.5,98.5,96.36000061035156,96.47000122070312,51.96697998046875,583600
BXP,2007-08-28,95.5,95.9499969482422,93.83000183105467,93.9499969482422,50.609493255615234,973000
BXP,2007-08-29,94.68000030517578,96.41999816894533,93.9800033569336,96.41999816894533,51.9400634765625,694200
BXP,2007-08-30,95.87999725341795,97.7300033569336,95.3499984741211,97.19000244140624,52.35487747192383,748700
BXP,2007-08-31,98.62000274658205,101.25,97.73999786376952,100.06999969482422,53.90625381469727,1047400
BXP,2007-09-04,99.5,102.13999938964844,99.37000274658205,101.08999633789062,54.45573806762695,1169700
BXP,2007-09-05,99.9800033569336,100.16000366210938,98.08999633789062,98.47000122070312,53.04436874389648,915300
BXP,2007-09-06,98.91999816894533,99.5199966430664,96.81999969482422,99.12999725341795,53.3999252319336,890900
BXP,2007-09-07,97.9800033569336,97.9800033569336,96.01000213623048,96.76000213623048,52.12322235107422,927000
BXP,2007-09-10,97.13999938964844,97.52999877929688,94.29000091552734,95.18000030517578,51.27210235595703,766300
BXP,2007-09-11,95.3499984741211,96.11000061035156,94.91999816894533,95.66000366210938,51.53065872192383,926100
BXP,2007-09-12,95.66000366210938,96.0,94.87000274658205,95.19000244140624,51.2774772644043,946300
BXP,2007-09-13,95.68000030517578,98.5199966430664,95.3499984741211,97.5,52.52185821533203,818500
BXP,2007-09-14,96.83000183105467,97.38999938964844,95.5199966430664,97.27999877929688,52.40332794189453,502500
BXP,2007-09-17,97.18000030517578,97.91000366210938,96.38999938964844,97.3000030517578,52.41414642333984,394000
BXP,2007-09-18,97.01000213623048,101.4000015258789,97.01000213623048,100.87000274658205,54.337196350097656,1159200
BXP,2007-09-19,101.63999938964844,104.88999938964844,101.63999938964844,104.37000274658205,56.22259521484375,1577000
BXP,2007-09-20,104.7300033569336,105.0,103.6999969482422,103.70999908447266,55.86707305908203,1318800
BXP,2007-09-21,105.0,105.5,103.70999908447266,103.80999755859376,55.92097473144531,1601000
BXP,2007-09-24,104.3499984741211,106.43000030517578,103.83999633789062,105.94000244140624,57.068359375,780300
BXP,2007-09-25,105.36000061035156,105.45999908447266,102.0999984741211,102.29000091552734,55.10215759277344,770900
BXP,2007-09-26,101.69000244140624,102.27999877929688,100.66000366210938,101.11000061035156,54.831016540527344,1300900
BXP,2007-09-27,101.3000030517578,102.8499984741211,101.3000030517578,102.8499984741211,55.77459716796875,689000
BXP,2007-09-28,102.5500030517578,103.9000015258789,102.0,103.9000015258789,56.344017028808594,922200
BXP,2007-10-01,104.25,107.6999969482422,104.08000183105467,107.5999984741211,58.35049057006836,1116400
BXP,2007-10-02,107.45999908447266,109.1500015258789,107.45999908447266,108.80999755859376,59.00664520263672,1248000
BXP,2007-10-03,108.5199966430664,108.93000030517578,107.56999969482422,108.77999877929688,58.99039459228516,729700
BXP,2007-10-04,108.83000183105467,110.0,108.29000091552734,109.88999938964844,59.59230041503906,1179300
BXP,2007-10-05,110.01000213623048,113.5999984741211,109.16999816894533,113.5999984741211,61.60421752929688,1055000
BXP,2007-10-08,112.0199966430664,112.66000366210938,111.01000213623048,111.95999908447266,60.714874267578125,661000
BXP,2007-10-09,112.58000183105467,112.62999725341795,110.31999969482422,111.81999969482422,60.63892364501953,857700
BXP,2007-10-10,112.20999908447266,112.23999786376952,110.5199966430664,111.22000122070312,60.31355285644531,726400
BXP,2007-10-11,111.87999725341795,112.25,109.61000061035156,110.13999938964844,59.7279052734375,1002200
BXP,2007-10-12,110.66999816894533,110.98999786376952,109.01000213623048,109.22000122070312,59.22898864746094,493500
BXP,2007-10-15,109.4499969482422,109.56999969482422,105.6500015258789,105.9000015258789,57.42856216430664,769500
BXP,2007-10-16,105.81999969482422,105.81999969482422,104.51000213623048,104.66999816894533,56.76157379150391,662200
BXP,2007-10-17,105.2699966430664,105.63999938964844,101.48999786376952,103.9000015258789,56.344017028808594,1041400
BXP,2007-10-18,103.5,105.13999938964844,101.93000030517578,103.68000030517578,56.224700927734375,856800
BXP,2007-10-19,102.94000244140624,103.25,99.55999755859376,100.04000091552734,54.25077438354492,1198600
BXP,2007-10-22,99.48999786376952,102.0999984741211,98.0,102.0999984741211,55.36787796020508,1007100
BXP,2007-10-23,102.93000030517578,104.81999969482422,102.51000213623048,104.81999969482422,56.8428955078125,1153600
BXP,2007-10-24,104.5,107.68000030517578,102.47000122070312,104.1500015258789,56.47957611083984,1379300
BXP,2007-10-25,104.7699966430664,105.5,102.94000244140624,105.1999969482422,57.04898071289063,1212200
BXP,2007-10-26,105.3499984741211,107.41999816894533,105.0,107.19000244140624,58.12814331054688,946600
BXP,2007-10-29,107.02999877929688,108.54000091552734,106.37000274658205,107.04000091552734,58.04680633544922,762100
BXP,2007-10-30,106.44000244140624,107.63999938964844,106.2699966430664,106.5,57.75395965576172,766600
BXP,2007-10-31,107.1999969482422,108.33999633789062,105.75,108.33999633789062,58.75176239013672,1227500
BXP,2007-11-01,107.63999938964844,107.8000030517578,104.9800033569336,105.20999908447266,57.05440902709961,1234300
BXP,2007-11-02,105.43000030517578,105.4499969482422,101.2699966430664,103.08000183105467,55.89933776855469,1441200
BXP,2007-11-05,101.80999755859376,103.22000122070312,100.76000213623048,102.1500015258789,55.39498519897461,902400
BXP,2007-11-06,102.8000030517578,103.4499969482422,100.8000030517578,103.27999877929688,56.00778579711914,886800
BXP,2007-11-07,102.37000274658205,102.37000274658205,99.04000091552734,99.26000213623048,53.827781677246094,1185300
BXP,2007-11-08,99.26000213623048,100.8000030517578,97.76000213623048,99.63999938964844,54.03384017944336,1928900
BXP,2007-11-09,98.48999786376952,101.5,97.95999908447266,100.1999969482422,54.33753967285156,1017700
BXP,2007-11-12,100.0,103.1500015258789,99.38999938964844,99.83000183105467,54.13687515258789,1032500
BXP,2007-11-13,99.7300033569336,104.04000091552734,99.7300033569336,104.04000091552734,56.41992568969727,1041600
BXP,2007-11-14,104.04000091552734,104.9499969482422,99.58000183105467,99.88999938964844,54.16941833496094,1564100
BXP,2007-11-15,99.5999984741211,100.12999725341795,96.58000183105467,98.1999969482422,53.2529525756836,1220400
BXP,2007-11-16,98.48999786376952,98.88999938964844,95.31999969482422,96.19000244140624,52.16294860839844,1314000
BXP,2007-11-19,95.44000244140624,96.1999969482422,94.08999633789062,94.16999816894533,51.0675048828125,1079900
BXP,2007-11-20,94.0,95.98999786376952,90.4000015258789,91.9000015258789,49.83649826049805,1522100
BXP,2007-11-21,90.08999633789062,91.80999755859376,89.45999908447266,91.04000091552734,49.37013244628906,1478600
BXP,2007-11-23,91.1500015258789,93.63999938964844,91.1500015258789,93.25,50.568603515625,431700
BXP,2007-11-26,92.66999816894533,93.11000061035156,88.44000244140625,88.70999908447266,48.106590270996094,2145200
BXP,2007-11-27,89.45999908447266,91.02999877929688,87.77999877929688,91.02999877929688,49.36471557617188,1532700
BXP,2007-11-28,91.9000015258789,95.25,91.9000015258789,94.8000030517578,51.409156799316406,1302900
BXP,2007-11-29,94.30999755859376,96.3000030517578,93.19000244140624,95.45999908447266,51.76706314086914,1091100
BXP,2007-11-30,96.8000030517578,98.73999786376952,96.77999877929688,98.41999816894533,53.37224197387695,1682400
BXP,2007-12-03,98.33000183105467,98.48999786376952,96.55999755859376,97.41000366210938,52.82455825805664,1000300
BXP,2007-12-04,96.63999938964844,96.98999786376952,94.81999969482422,94.95999908447266,51.495941162109375,1009200
BXP,2007-12-05,96.12999725341795,98.8000030517578,96.02999877929688,98.3000030517578,53.30718231201172,1127100
BXP,2007-12-06,98.11000061035156,101.7300033569336,97.8000030517578,101.62999725341795,55.11299896240234,1606100
BXP,2007-12-07,101.55999755859376,104.23999786376952,101.1500015258789,102.38999938964844,55.525146484375,1406200
BXP,2007-12-10,102.47000122070312,105.11000061035156,101.69000244140624,104.62999725341795,56.7398681640625,975400
BXP,2007-12-11,105.0,105.0,98.33000183105467,98.33000183105467,53.32345581054688,1497600
BXP,2007-12-12,100.73999786376952,101.97000122070312,96.91999816894533,98.0500030517578,53.17161178588867,1387800
BXP,2007-12-13,97.37000274658205,97.8000030517578,94.83000183105467,96.37000274658205,52.260528564453125,1352600
BXP,2007-12-14,96.4800033569336,96.86000061035156,92.72000122070312,92.72000122070312,50.281192779541016,1204000
BXP,2007-12-17,92.22000122070312,92.95999908447266,90.5,90.9000015258789,49.29423522949219,1230800
BXP,2007-12-18,91.87000274658205,94.25,91.5,93.6999969482422,50.812644958496094,1486900
BXP,2007-12-19,93.9000015258789,96.44000244140624,93.87000274658205,95.9499969482422,52.03278732299805,1742700
BXP,2007-12-20,97.48999786376952,97.98999786376952,96.01000213623048,97.68000030517578,52.970947265625,1378900
BXP,2007-12-21,98.62999725341795,100.4000015258789,98.62999725341795,100.0500030517578,54.25618743896485,1473600
BXP,2007-12-24,100.0500030517578,103.3000030517578,100.0500030517578,103.29000091552734,56.01321792602539,410600
BXP,2007-12-26,102.87000274658205,102.87999725341795,100.93000030517578,101.80999755859376,55.21061325073242,880900
BXP,2007-12-27,96.6999969482422,96.6999969482422,92.8499984741211,93.06999969482422,54.003692626953125,921800
BXP,2007-12-28,94.08000183105467,94.3499984741211,90.41000366210938,91.27999877929688,52.96504211425781,1148100
BXP,2007-12-31,91.04000091552734,92.83999633789062,90.79000091552734,91.80999755859376,53.2725830078125,1068700
BXP,2008-01-02,91.56999969482422,93.56999969482422,90.55999755859376,92.7699966430664,53.82962417602539,1310300
BXP,2008-01-03,92.7699966430664,93.25,89.2699966430664,89.66999816894531,52.030860900878906,1485800
BXP,2008-01-04,89.0999984741211,89.0999984741211,85.91000366210938,86.12000274658203,49.970977783203125,2404000
BXP,2008-01-07,86.58999633789062,86.75,83.0199966430664,85.41999816894531,49.56479644775391,1763200
BXP,2008-01-08,86.16999816894531,88.0999984741211,81.88999938964844,82.0999984741211,47.638370513916016,2092400
BXP,2008-01-09,82.11000061035156,84.5,79.87999725341797,84.20999908447266,48.862674713134766,1876100
BXP,2008-01-10,83.73999786376953,88.11000061035156,82.0999984741211,86.98999786376953,50.47578430175781,2114000
BXP,2008-01-11,86.36000061035156,90.54000091552734,84.83000183105469,89.30000305175781,51.81618118286133,2257000
BXP,2008-01-14,89.83999633789062,90.9000015258789,86.44999694824219,89.05000305175781,51.67111206054688,1510200
BXP,2008-01-15,87.47000122070312,88.37000274658203,86.0,87.06999969482422,50.522216796875,1818300
BXP,2008-01-16,85.94999694824219,90.20999908447266,85.94999694824219,88.58999633789062,51.40419006347656,2037500
BXP,2008-01-17,88.68000030517578,89.3499984741211,86.33000183105469,87.04000091552734,50.50479888916016,2007700
BXP,2008-01-18,87.94000244140625,89.16999816894531,84.16000366210938,85.18000030517578,49.42554473876953,2603100
BXP,2008-01-22,81.4000015258789,88.7300033569336,81.4000015258789,88.72000122070312,51.4796142578125,3648400
BXP,2008-01-23,88.66999816894531,94.87999725341795,86.80999755859375,94.26000213623048,54.69417953491211,3000900
BXP,2008-01-24,94.56999969482422,94.58999633789062,90.27999877929688,91.8000030517578,53.26679229736328,2201100
BXP,2008-01-25,93.0999984741211,93.4499969482422,89.19000244140625,89.66000366210938,52.02505493164063,1464100
BXP,2008-01-28,89.66999816894531,93.33000183105467,88.01000213623047,93.33000183105467,54.154571533203125,1404700
BXP,2008-01-29,93.1500015258789,94.62999725341795,91.61000061035156,93.1500015258789,54.05011749267578,1408600
BXP,2008-01-30,93.1500015258789,93.62999725341795,89.0,89.31999969482422,51.82777404785156,2829500
BXP,2008-01-31,89.73999786376953,92.86000061035156,87.77999877929688,91.70999908447266,53.21455001831055,2260400
BXP,2008-02-01,90.91000366210938,96.38999938964844,90.91000366210938,96.08999633789062,55.75603866577149,2393500
BXP,2008-02-04,94.66999816894533,96.52999877929688,93.56999969482422,95.0199966430664,55.13518142700195,1708900
BXP,2008-02-05,93.02999877929688,94.9000015258789,91.9800033569336,91.9800033569336,53.37123489379883,2077300
BXP,2008-02-06,92.22000122070312,93.1500015258789,89.5999984741211,89.61000061035156,51.996036529541016,1329100
BXP,2008-02-07,89.29000091552734,91.30999755859376,88.45999908447266,90.6999969482422,52.62850570678711,1762100
BXP,2008-02-08,89.97000122070312,90.5199966430664,85.94999694824219,87.2300033569336,50.61504364013672,1503800
BXP,2008-02-11,87.91999816894531,87.91999816894531,85.27999877929688,85.72000122070312,49.7388801574707,1246200
BXP,2008-02-12,85.5999984741211,87.9800033569336,85.5999984741211,87.79000091552734,50.93997573852539,1433000
BXP,2008-02-13,88.0999984741211,89.5999984741211,86.0,87.37999725341797,50.70207977294922,1401000
BXP,2008-02-14,87.2300033569336,87.94999694824219,84.62000274658203,85.3499984741211,49.524173736572266,1034800
BXP,2008-02-15,85.33999633789062,86.62999725341797,83.79000091552734,86.62999725341797,50.266883850097656,1474400
BXP,2008-02-19,87.44999694824219,87.98999786376953,84.7699966430664,85.29000091552734,49.4893684387207,1277400
BXP,2008-02-20,84.58000183105469,86.98999786376953,84.33000183105469,86.75,50.33653259277344,1260400
BXP,2008-02-21,87.1500015258789,88.0,84.69999694824219,84.94000244140625,49.28628921508789,1256900
BXP,2008-02-22,85.25,88.05999755859375,84.01000213623047,88.05999755859375,51.09667205810547,1596900
BXP,2008-02-25,87.66999816894531,90.4800033569336,86.76000213623047,90.47000122070312,52.49504470825195,1749000
BXP,2008-02-26,90.0,91.11000061035156,89.0999984741211,91.06999969482422,52.84318923950195,1560600
BXP,2008-02-27,90.52999877929688,91.47000122070312,89.51000213623047,90.26000213623048,52.37319564819336,907500
BXP,2008-02-28,89.55000305175781,89.66000366210938,88.12999725341797,88.43000030517578,51.31135940551758,740300
BXP,2008-02-29,87.1500015258789,87.66999816894531,85.61000061035156,86.16999816894531,49.9999885559082,1290300
BXP,2008-03-03,85.11000061035156,87.16000366210938,84.58000183105469,87.05999755859375,50.51639938354492,1310200
BXP,2008-03-04,86.43000030517578,88.43000030517578,85.79000091552734,87.93000030517578,51.02123641967773,1409000
BXP,2008-03-05,88.06999969482422,89.55000305175781,87.20999908447266,88.56999969482422,51.39256286621094,969700
BXP,2008-03-06,89.98999786376953,91.06999969482422,85.7300033569336,85.98999786376953,49.895545959472656,1296500
BXP,2008-03-07,85.4800033569336,88.86000061035156,84.95999908447266,88.19999694824219,51.17788696289063,1693300
BXP,2008-03-10,87.93000030517578,88.12000274658203,86.01000213623047,86.16000366210938,49.99418258666992,1756300
BXP,2008-03-11,88.66000366210938,92.6500015258789,88.12000274658203,92.44000244140624,53.63815689086914,1793200
BXP,2008-03-12,92.43000030517578,93.9000015258789,90.29000091552734,90.37999725341795,52.44282150268555,1232200
BXP,2008-03-13,89.30000305175781,90.91999816894533,86.33999633789062,90.41000366210938,52.460235595703125,2082200
BXP,2008-03-14,90.45999908447266,91.08999633789062,85.66999816894531,87.2300033569336,50.61504364013672,2363500
BXP,2008-03-17,84.95999908447266,85.95999908447266,82.44999694824219,85.37999725341797,49.54158782958984,2703900
BXP,2008-03-18,86.79000091552734,90.80999755859376,86.33000183105469,90.80999755859376,52.69233322143555,2260400
BXP,2008-03-19,91.06999969482422,93.1500015258789,90.0,90.18000030517578,52.326786041259766,1812500
BXP,2008-03-20,89.8499984741211,94.3000030517578,89.69000244140625,93.97000122070312,54.52592086791992,1758000
BXP,2008-03-24,94.16999816894533,97.77999877929688,94.16999816894533,96.9000015258789,56.22605514526367,2721900
BXP,2008-03-25,96.73999786376952,98.72000122070312,95.91999816894533,98.38999938964844,57.09061813354492,2058800
BXP,2008-03-26,97.6999969482422,98.1999969482422,94.33999633789062,94.52999877929688,54.85084915161133,1764800
BXP,2008-03-27,95.5,95.77999877929688,92.62999725341795,92.91999816894533,54.307315826416016,1852200
BXP,2008-03-28,93.0,93.58999633789062,91.86000061035156,92.12000274658205,53.83973693847656,1409300
BXP,2008-03-31,92.27999877929688,94.26000213623048,91.6999969482422,92.06999969482422,53.810546875,1399800
BXP,2008-04-01,92.3499984741211,97.93000030517578,92.3499984741211,97.81999969482422,57.17115020751953,1722900
BXP,2008-04-02,98.25,99.5,96.56999969482422,98.0,57.27633285522461,1403600
BXP,2008-04-03,97.41999816894533,100.0,96.38999938964844,99.51000213623048,58.15886306762695,1068200
BXP,2008-04-04,98.6500015258789,99.81999969482422,97.29000091552734,97.52999877929688,57.00164413452149,1105200
BXP,2008-04-07,97.5500030517578,98.1500015258789,96.01000213623048,97.08000183105467,56.73862075805664,1207000
BXP,2008-04-08,96.6500015258789,97.0199966430664,94.9499969482422,95.18000030517578,55.62819290161133,1160700
BXP,2008-04-09,95.5999984741211,96.16999816894533,93.05999755859376,93.44000244140624,54.61122131347656,982600
BXP,2008-04-10,93.4000015258789,95.66999816894533,93.26000213623048,95.0500030517578,55.55219268798828,2518700
BXP,2008-04-11,94.12000274658205,96.45999908447266,93.9800033569336,94.61000061035156,55.295047760009766,966600
BXP,2008-04-14,95.0199966430664,95.7300033569336,93.75,93.80999755859376,54.827484130859375,832500
BXP,2008-04-15,94.66999816894533,95.01000213623048,92.80999755859376,94.29000091552734,55.108009338378906,1186900
BXP,2008-04-16,95.61000061035156,98.45999908447266,93.9000015258789,98.23999786376952,57.41660690307617,1330400
BXP,2008-04-17,97.6500015258789,99.33000183105467,96.62000274658205,99.23999786376952,58.00104904174805,767300
BXP,2008-04-18,100.12000274658205,100.4499969482422,97.3000030517578,98.01000213623048,57.282188415527344,926400
BXP,2008-04-21,97.5,99.1500015258789,97.43000030517578,98.62999725341795,57.6445426940918,584000
BXP,2008-04-22,98.81999969482422,100.23999786376952,98.4000015258789,99.27999877929688,58.024444580078125,952800
BXP,2008-04-23,100.05999755859376,101.68000030517578,98.8499984741211,101.0500030517578,59.05890655517578,865400
BXP,2008-04-24,100.9499969482422,103.4000015258789,100.61000061035156,103.05999755859376,60.233680725097656,977300
BXP,2008-04-25,103.05999755859376,103.9000015258789,102.16999816894533,103.27999877929688,60.36225509643555,510100
BXP,2008-04-28,103.75,103.88999938964844,102.26000213623048,102.9000015258789,60.14015197753906,783700
BXP,2008-04-29,102.38999938964844,103.37000274658205,100.2699966430664,100.55999755859376,58.77252960205078,901600
BXP,2008-04-30,100.70999908447266,103.66000366210938,100.48999786376952,100.48999786376952,58.73162078857422,1005900
BXP,2008-05-01,101.5199966430664,105.04000091552734,100.87999725341795,105.04000091552734,61.390872955322266,1104500
BXP,2008-05-02,105.0,106.52999877929688,102.61000061035156,103.01000213623048,60.20443344116211,1397000
BXP,2008-05-05,102.16999816894533,103.38999938964844,101.8000030517578,102.37000274658205,59.830379486083984,873900
BXP,2008-05-06,101.75,103.83999633789062,101.11000061035156,103.83999633789062,60.68953323364258,1090300
BXP,2008-05-07,104.02999877929688,104.62000274658205,100.37000274658205,100.5199966430664,58.7491569519043,949200
BXP,2008-05-08,101.66000366210938,103.43000030517578,98.80999755859376,99.58000183105467,58.19976425170898,981000
BXP,2008-05-09,98.54000091552734,99.33000183105467,97.11000061035156,97.76000213623048,57.13606262207031,832500
BXP,2008-05-12,98.13999938964844,99.72000122070312,97.8000030517578,99.48999786376952,58.14718246459961,761400
BXP,2008-05-13,100.16000366210938,100.25,98.72000122070312,99.73999786376952,58.29328918457031,846400
BXP,2008-05-14,100.43000030517578,102.08000183105467,99.73999786376952,101.5999984741211,59.38039016723633,775300
BXP,2008-05-15,101.04000091552734,102.9000015258789,100.2699966430664,102.9000015258789,60.14015197753906,609700
BXP,2008-05-16,102.79000091552734,102.79000091552734,99.86000061035156,100.25,58.59136581420898,995900
BXP,2008-05-19,100.63999938964844,101.0999984741211,99.48999786376952,100.13999938964844,58.527076721191406,812300
BXP,2008-05-20,99.62000274658205,100.06999969482422,98.1500015258789,99.01000213623048,57.86661911010742,605900
BXP,2008-05-21,99.47000122070312,100.12999725341795,96.8000030517578,96.94000244140624,56.65680694580078,1276300
BXP,2008-05-22,96.66000366210938,97.58999633789062,96.25,97.01000213623048,56.69771957397461,957100
BXP,2008-05-23,96.48999786376952,96.91999816894533,95.70999908447266,96.11000061035156,56.1717414855957,910000
BXP,2008-05-27,96.86000061035156,97.94000244140624,96.0199966430664,97.58000183105467,57.03086471557617,794100
BXP,2008-05-28,97.79000091552734,98.27999877929688,95.88999938964844,96.68000030517578,56.5048713684082,850700
BXP,2008-05-29,96.93000030517578,98.4499969482422,96.6999969482422,98.41999816894533,57.52180480957031,1201100
BXP,2008-05-30,98.76000213623048,99.0,96.91999816894533,97.73999786376952,57.1243896484375,1826200
BXP,2008-06-02,97.0999984741211,97.30999755859376,94.26000213623048,94.91999816894533,55.47621536254883,1559100
BXP,2008-06-03,95.3000030517578,96.79000091552734,95.04000091552734,96.5999984741211,56.45812225341797,1378200
BXP,2008-06-04,96.5500030517578,98.25,95.87999725341795,97.76000213623048,57.13606262207031,853400
BXP,2008-06-05,97.83000183105467,100.72000122070312,97.79000091552734,100.66000366210938,58.83097839355469,834200
BXP,2008-06-06,98.98999786376952,99.75,95.76000213623048,96.0500030517578,56.13666534423828,1365400
BXP,2008-06-09,97.0,97.5500030517578,94.47000122070312,94.62000274658205,55.3008918762207,1012200
BXP,2008-06-10,94.12000274658205,95.29000091552734,92.6999969482422,95.0199966430664,55.53467178344727,1274700
BXP,2008-06-11,94.68000030517578,95.56999969482422,92.37000274658205,92.47000122070312,54.0443115234375,1188100
BXP,2008-06-12,93.37999725341795,94.87999725341795,92.4499969482422,94.0,54.93853759765625,1205600
BXP,2008-06-13,94.69000244140624,97.41999816894533,93.77999877929688,97.41999816894533,56.93734359741211,1130900
BXP,2008-06-16,97.45999908447266,100.11000061035156,97.23999786376952,100.0500030517578,58.47447967529297,1288200
BXP,2008-06-17,100.95999908447266,101.0,97.4499969482422,97.5,56.9841194152832,1020400
BXP,2008-06-18,96.97000122070312,97.8499984741211,96.20999908447266,96.41000366210938,56.3470573425293,1439900
BXP,2008-06-19,96.48999786376952,99.0,96.04000091552734,98.88999938964844,57.796512603759766,1127700
BXP,2008-06-20,97.6999969482422,98.5,95.5,95.6999969482422,55.93210220336914,1294100
BXP,2008-06-23,96.70999908447266,96.7699966430664,93.4800033569336,93.61000061035156,54.71057891845703,1107300
BXP,2008-06-24,93.55999755859376,95.5,92.58999633789062,94.16999816894533,55.03788375854492,955600
BXP,2008-06-25,94.54000091552734,96.61000061035156,93.91000366210938,95.06999969482422,55.563907623291016,1092400
BXP,2008-06-26,92.41000366210938,93.5999984741211,90.5999984741211,90.8499984741211,53.48003387451172,1316400
BXP,2008-06-27,90.45999908447266,91.8499984741211,89.04000091552734,90.06999969482422,53.0208740234375,2052000
BXP,2008-06-30,90.0,91.27999877929688,89.31999969482422,90.22000122070312,53.109169006347656,1302900
BXP,2008-07-01,89.48999786376953,91.1999969482422,88.16000366210938,91.16999816894533,53.66838073730469,1282300
BXP,2008-07-02,91.9000015258789,91.9499969482422,88.73999786376953,88.76000213623047,52.24972915649414,1368000
BXP,2008-07-03,89.98999786376953,90.52999877929688,88.12999725341797,89.01000213623047,52.39687347412109,1075800
BXP,2008-07-07,89.37000274658203,90.05999755859375,87.06999969482422,87.47000122070312,51.49034118652344,1548600
BXP,2008-07-08,87.70999908447266,95.79000091552734,86.72000122070312,93.58000183105467,55.08709716796875,1986500
BXP,2008-07-09,93.72000122070312,94.2300033569336,88.1500015258789,88.25,51.949493408203125,1919900
BXP,2008-07-10,88.43000030517578,92.9499969482422,88.43000030517578,91.80999755859376,54.045143127441406,2237200
BXP,2008-07-11,89.93000030517578,93.5,89.19999694824219,90.94000244140624,53.53301239013672,2788100
BXP,2008-07-14,92.41000366210938,92.5,89.0,89.33000183105469,52.58526611328125,2150300
BXP,2008-07-15,88.33000183105469,92.0999984741211,87.56999969482422,89.20999908447266,52.51461410522461,3212200
BXP,2008-07-16,89.83000183105469,94.54000091552734,88.25,93.81999969482422,55.22833633422852,2481500
BXP,2008-07-17,95.41999816894533,96.18000030517578,92.2699966430664,95.75,56.36445999145508,2945900
BXP,2008-07-18,95.73999786376952,96.80999755859376,94.0999984741211,96.58000183105467,56.8530502319336,1589300
BXP,2008-07-21,96.4800033569336,98.22000122070312,95.62999725341795,96.72000122070312,56.93549346923828,1469400
BXP,2008-07-22,95.12000274658205,100.0,95.12000274658205,99.87999725341795,58.79565048217773,1505100
BXP,2008-07-23,99.02999877929688,102.8000030517578,98.26000213623048,100.0,58.86628341674805,2228600
BXP,2008-07-24,97.5,103.2699966430664,92.33999633789062,93.12000274658205,54.81630325317383,2756300
BXP,2008-07-25,93.58999633789062,96.37999725341795,92.91999816894533,94.87000274658205,55.84646987915039,1604600
BXP,2008-07-28,93.6500015258789,96.94000244140624,92.55999755859376,93.0199966430664,54.75743865966797,1707400
BXP,2008-07-29,93.29000091552734,99.6500015258789,93.13999938964844,99.20999908447266,58.4012565612793,2071600
BXP,2008-07-30,99.25,99.25,94.41000366210938,97.02999877929688,57.11797332763672,1949100
BXP,2008-07-31,95.87000274658205,97.8499984741211,94.8000030517578,96.19000244140624,56.62346267700195,1402700
BXP,2008-08-01,96.86000061035156,96.86000061035156,93.6500015258789,96.2300033569336,56.64703369140625,1127600
BXP,2008-08-04,96.0,96.95999908447266,94.45999908447266,94.5999984741211,55.687538146972656,1004700
BXP,2008-08-05,95.77999877929688,99.93000030517578,95.04000091552734,99.22000122070312,58.4071159362793,1651600
BXP,2008-08-06,99.20999908447266,99.98999786376952,97.61000061035156,99.19000244140624,58.38948059082031,1270300
BXP,2008-08-07,98.5199966430664,99.6999969482422,96.76000213623048,98.08000183105467,57.73605728149414,1814100
BXP,2008-08-08,98.27999877929688,103.37999725341795,97.83000183105467,102.37000274658205,60.26142120361328,1492400
BXP,2008-08-11,101.87999725341795,105.12999725341795,101.0,103.41999816894533,60.87950134277344,1546600
BXP,2008-08-12,103.0,104.62999725341795,101.12000274658205,101.88999938964844,59.9788932800293,1661900
BXP,2008-08-13,99.25,100.12000274658205,97.0,97.9800033569336,57.67719268798828,4034800
BXP,2008-08-14,97.0,99.5,97.0,99.12999725341795,58.35414123535156,3431100
BXP,2008-08-15,99.72000122070312,100.0,97.4499969482422,99.44000244140624,58.53664779663086,1103300
BXP,2008-08-18,99.94000244140624,101.12999725341795,98.02999877929688,99.0199966430664,58.28940582275391,1525900
BXP,2008-08-19,98.25,98.25,96.8499984741211,97.52999877929688,57.41229248046875,1494000
BXP,2008-08-20,97.70999908447266,98.5999984741211,96.0,98.22000122070312,57.8184814453125,1364500
BXP,2008-08-21,96.86000061035156,98.62999725341795,96.86000061035156,98.0199966430664,57.70072555541992,1241600
BXP,2008-08-22,98.83999633789062,102.37999725341795,98.55999755859376,101.61000061035156,59.81406021118164,1501900
BXP,2008-08-25,102.0,102.0,98.75,99.0500030517578,58.30704879760742,1023900
BXP,2008-08-26,99.19000244140624,100.04000091552734,98.12999725341795,100.01000213623048,58.872188568115234,856200
BXP,2008-08-27,98.13999938964844,102.61000061035156,98.13999938964844,102.05999755859376,60.07892227172852,1523300
BXP,2008-08-28,102.5500030517578,104.33999633789062,102.02999877929688,103.94000244140624,61.18562698364258,1789400
BXP,2008-08-29,102.58000183105467,104.3499984741211,102.47000122070312,102.47000122070312,60.32029342651367,1219800
BXP,2008-09-02,104.4800033569336,104.97000122070312,102.06999969482422,104.3499984741211,61.42695999145508,1116600
BXP,2008-09-03,103.72000122070312,104.62999725341795,102.55999755859376,103.79000091552734,61.09730529785156,2571300
BXP,2008-09-04,103.4499969482422,103.5199966430664,100.54000091552734,101.0,59.45495223999024,1610200
BXP,2008-09-05,99.83999633789062,101.08999633789062,98.5,101.0500030517578,59.484375,1718500
BXP,2008-09-08,104.48999786376952,105.54000091552734,101.33999633789062,103.91000366210938,61.16794204711914,3404400
BXP,2008-09-09,103.55999755859376,104.9800033569336,99.79000091552734,100.41999816894533,59.11355209350586,2259700
BXP,2008-09-10,101.62999725341795,103.41999816894533,99.73999786376952,102.62999725341795,60.41447830200195,1928400
BXP,2008-09-11,101.88999938964844,103.38999938964844,99.5999984741211,103.18000030517578,60.73825454711914,1937800
BXP,2008-09-12,101.47000122070312,103.54000091552734,101.0999984741211,103.1500015258789,60.72058868408203,1094100
BXP,2008-09-15,96.41999816894533,97.86000061035156,89.0,89.0,52.3909912109375,4609000
BXP,2008-09-16,88.93000030517578,94.73999786376952,88.5,94.16000366210938,55.42850112915039,3686300
BXP,2008-09-17,92.93000030517578,93.1999969482422,85.9800033569336,87.0,51.21367645263672,2777600
BXP,2008-09-18,88.5999984741211,98.88999938964844,82.4000015258789,97.0,57.10029220581055,4686800
BXP,2008-09-19,104.0,105.8000030517578,82.0,95.29000091552734,56.09367370605469,4280800
BXP,2008-09-22,94.63999938964844,99.13999938964844,86.41999816894531,87.25,51.36084747314453,2850100
BXP,2008-09-23,87.5999984741211,92.66999816894533,87.41000366210938,89.0,52.3909912109375,2529000
BXP,2008-09-24,88.81999969482422,89.9800033569336,87.06999969482422,89.54000091552734,52.7088623046875,1740600
BXP,2008-09-25,89.61000061035156,92.91000366210938,88.66999816894531,91.9800033569336,54.14522933959961,2407600
BXP,2008-09-26,89.88999938964844,94.94000244140624,89.5,94.70999908447266,56.1674919128418,2045300
BXP,2008-09-29,91.8499984741211,94.08999633789062,87.87000274658203,89.26000213623047,52.93540573120117,3133900
BXP,2008-09-30,92.25,94.62999725341795,89.12999725341797,93.66000366210938,55.54480743408203,2230900
BXP,2008-10-01,92.0,92.41000366210938,87.83999633789062,89.30000305175781,52.95913314819336,1553100
BXP,2008-10-02,86.54000091552734,87.3499984741211,80.55000305175781,81.01000213623047,48.04273986816406,2635000
BXP,2008-10-03,82.0,85.20999908447266,79.11000061035156,81.19000244140625,48.149513244628906,3809800
BXP,2008-10-06,78.01000213623047,81.69000244140625,74.87999725341797,81.33999633789062,48.23844146728516,3794800
BXP,2008-10-07,81.69000244140625,82.38999938964844,74.94999694824219,75.94999694824219,45.04193878173828,3727000
BXP,2008-10-08,74.0,79.91000366210938,73.37999725341797,75.01000213623047,44.48447036743164,3377000
BXP,2008-10-09,75.5,77.2300033569336,66.33000183105469,66.55000305175781,39.46730041503906,3300400
BXP,2008-10-10,65.0,79.45999908447266,64.0,76.18000030517578,45.17833709716797,7637300
BXP,2008-10-13,78.33000183105469,84.36000061035156,75.80999755859375,83.48999786376953,49.51350784301758,3865200
BXP,2008-10-14,87.5,87.5,72.0,76.97000122070312,45.64684677124024,4097000
BXP,2008-10-15,76.0,76.02999877929688,64.08999633789062,64.88999938964844,38.48283386230469,4098700
BXP,2008-10-16,67.3499984741211,68.61000061035156,63.0,68.0,40.32720184326172,5065600
BXP,2008-10-17,66.72000122070312,72.27999877929688,63.709999084472656,68.55999755859375,40.65932846069336,2212700
BXP,2008-10-20,69.0999984741211,69.69999694824219,64.2699966430664,69.69999694824219,41.33539962768555,1958600
BXP,2008-10-21,68.1500015258789,73.20999908447266,67.12000274658203,69.75,41.36504364013672,2738200
BXP,2008-10-22,67.37000274658203,69.94999694824219,62.560001373291016,64.81999969482422,38.44132995605469,3372100
BXP,2008-10-23,65.05000305175781,66.9800033569336,59.18000030517578,64.58000183105469,38.29899597167969,4040400
BXP,2008-10-24,60.0,63.790000915527344,59.4900016784668,61.2400016784668,36.31821060180664,2945800
BXP,2008-10-27,60.0099983215332,65.5999984741211,57.630001068115234,58.5,34.693267822265625,3367000
BXP,2008-10-28,59.22999954223633,72.5,57.68000030517578,72.5,42.99592971801758,4603600
BXP,2008-10-29,70.3499984741211,70.94999694824219,61.29999923706055,64.83999633789062,38.45318603515625,5006700
BXP,2008-10-30,66.56999969482422,67.66000366210938,64.0,66.66999816894531,39.5384635925293,2970600
BXP,2008-10-31,67.08000183105469,70.87999725341797,65.5,70.87999725341797,42.03517532348633,2529600
BXP,2008-11-03,70.41999816894531,71.81999969482422,65.58999633789062,66.48999786376953,39.43171310424805,2041500
BXP,2008-11-04,66.6500015258789,73.05000305175781,65.1500015258789,72.37999725341797,42.92476272583008,2972100
BXP,2008-11-05,71.36000061035156,71.80999755859375,63.33000183105469,64.48999786376953,38.24560546875,3021700
BXP,2008-11-06,64.98999786376953,64.98999786376953,60.880001068115234,61.27000045776367,36.33600997924805,2803800
BXP,2008-11-07,62.220001220703125,65.25,59.33000183105469,64.19999694824219,38.07363128662109,2169200
BXP,2008-11-10,64.54000091552734,64.54000091552734,58.0,58.310001373291016,34.58058547973633,2417900
BXP,2008-11-11,57.5,58.810001373291016,55.34000015258789,58.34999847412109,34.60432052612305,2737300
BXP,2008-11-12,57.15999984741211,57.36000061035156,53.54999923706055,54.0099983215332,32.030487060546875,4200500
BXP,2008-11-13,53.0099983215332,59.470001220703125,51.13999938964844,57.06999969482422,33.8452033996582,4676200
BXP,2008-11-14,56.709999084472656,57.119998931884766,51.709999084472656,52.400001525878906,31.07567977905273,2689300
BXP,2008-11-17,51.2599983215332,52.7400016784668,49.209999084472656,49.400001525878906,29.296527862548828,3020400
BXP,2008-11-18,49.560001373291016,50.47999954223633,46.58000183105469,49.59000015258789,29.409217834472656,3600400
BXP,2008-11-19,49.59999847412109,49.59999847412109,42.540000915527344,43.59999847412109,25.856868743896484,4875300
BXP,2008-11-20,42.20000076293945,48.52000045776367,41.84999847412109,43.27999877929688,25.66707420349121,8048600
BXP,2008-11-21,43.540000915527344,45.43000030517578,37.52000045776367,43.650001525878906,25.886505126953125,9053500
BXP,2008-11-24,45.0,53.41999816894531,43.54999923706055,51.97999954223633,30.82659721374512,6524000
BXP,2008-11-25,54.04999923706055,54.33000183105469,48.59000015258789,52.380001068115234,31.06380653381348,5536900
BXP,2008-11-26,51.25,55.4900016784668,49.83000183105469,54.93999862670898,32.5820198059082,4199400
BXP,2008-11-28,55.650001525878906,55.650001525878906,52.95000076293945,53.400001525878906,31.66873359680176,1944400
BXP,2008-12-01,51.0099983215332,52.68000030517578,42.58000183105469,44.4900016784668,26.38467597961425,4891100
BXP,2008-12-02,45.4900016784668,49.43999862670898,44.869998931884766,48.93999862670898,29.023719787597656,5693400
BXP,2008-12-03,47.25,52.09000015258789,45.88999938964844,51.7400016784668,30.684267044067383,5096600
BXP,2008-12-04,50.2400016784668,54.97999954223633,49.06999969482422,50.83000183105469,30.144588470458984,5163300
BXP,2008-12-05,50.630001068115234,55.90999984741211,48.720001220703125,55.66999816894531,33.01494598388672,4755300
BXP,2008-12-08,56.880001068115234,60.95000076293945,54.5,60.95000076293945,36.14621353149414,4771300
BXP,2008-12-09,59.310001373291016,61.310001373291016,55.84000015258789,56.459999084472656,33.48345184326172,4583900
BXP,2008-12-10,56.75,60.47999954223633,56.459999084472656,60.09999847412109,35.64213562011719,3297800
BXP,2008-12-11,58.5099983215332,59.16999816894531,50.34999847412109,51.119998931884766,30.31657218933105,5664600
BXP,2008-12-12,48.7599983215332,56.02000045776367,48.25,56.0,33.21063995361328,5107100
BXP,2008-12-15,55.08000183105469,55.7400016784668,50.61000061035156,52.5,31.13496971130371,3190500
BXP,2008-12-16,54.9900016784668,61.15999984741211,52.59999847412109,61.15999984741211,36.27077865600586,5287300
BXP,2008-12-17,59.4900016784668,63.900001525878906,57.33000183105469,60.5099983215332,35.885276794433594,3548100
BXP,2008-12-18,61.0,61.70000076293945,55.630001068115234,56.22999954223633,33.3470458984375,5168700
BXP,2008-12-19,55.560001373291016,57.459999084472656,54.369998931884766,56.790000915527344,33.67916488647461,3978300
BXP,2008-12-22,56.68999862670898,56.970001220703125,51.54999923706055,53.650001525878906,31.81698608398437,2521700
BXP,2008-12-23,54.36000061035156,55.33000183105469,52.54999923706055,53.33000183105469,31.62721061706543,1940100
BXP,2008-12-24,53.4900016784668,54.060001373291016,52.41999816894531,53.34000015258789,31.63314247131348,586700
BXP,2008-12-26,54.18000030517578,54.88999938964844,52.27000045776367,53.83000183105469,31.92373275756836,699300
BXP,2008-12-29,52.84999847412109,52.84999847412109,49.0,50.40999984741211,30.27799415588379,1924700
BXP,2008-12-30,51.369998931884766,53.369998931884766,50.220001220703125,52.90999984741211,31.77958106994629,2039100
BXP,2008-12-31,52.790000915527344,55.47999954223633,52.75,55.0,33.034912109375,2546900
BXP,2009-01-02,55.29999923706055,56.77999877929688,54.29999923706055,55.130001068115234,33.11299133300781,2790900
BXP,2009-01-05,55.0,55.0,52.20000076293945,52.59999847412109,31.593374252319336,3181400
BXP,2009-01-06,53.09999847412109,56.06999969482422,51.7400016784668,55.54999923706055,33.36524963378906,3433200
BXP,2009-01-07,54.400001525878906,55.650001525878906,52.869998931884766,53.36000061035156,32.04987335205078,2292200
BXP,2009-01-08,52.869998931884766,55.09000015258789,51.45000076293945,54.70000076293945,32.85472869873047,2426100
BXP,2009-01-09,54.65999984741211,55.47999954223633,51.9900016784668,52.310001373291016,31.419208526611328,2904600
BXP,2009-01-12,50.77000045776367,51.459999084472656,47.84999847412109,48.59999847412109,29.19083404541016,2624500
BXP,2009-01-13,49.11000061035156,51.310001373291016,48.34000015258789,49.869998931884766,29.95363998413086,3680200
BXP,2009-01-14,48.380001068115234,48.59000015258789,45.38999938964844,46.43000030517578,27.88747978210449,4538700
BXP,2009-01-15,46.25,46.810001373291016,42.7599983215332,46.310001373291016,27.81538772583008,5853000
BXP,2009-01-16,47.4900016784668,48.33000183105469,44.7599983215332,48.04999923706055,28.860504150390625,3904700
BXP,2009-01-20,46.130001068115234,47.0099983215332,40.68999862670898,40.959999084472656,24.60198402404785,5564400
BXP,2009-01-21,41.75,43.810001373291016,40.4900016784668,43.150001525878906,25.917383193969727,7091000
BXP,2009-01-22,41.84000015258789,43.86000061035156,40.68999862670898,41.34000015258789,24.83023834228516,4789800
BXP,2009-01-23,39.95000076293945,44.04999923706055,39.5,43.380001068115234,26.055540084838867,4093900
BXP,2009-01-26,43.86000061035156,45.31999969482422,42.31999969482422,43.70000076293945,26.247737884521484,3216600
BXP,2009-01-27,44.47999954223633,45.29999923706055,43.0,43.84999847412109,26.337831497192383,2594000
BXP,2009-01-28,46.2400016784668,47.72999954223633,44.90999984741211,47.290000915527344,28.404016494750977,4592700
BXP,2009-01-29,46.9900016784668,48.66999816894531,43.84999847412109,44.2599983215332,26.58408546447754,5228300
BXP,2009-01-30,44.880001068115234,46.29999923706055,42.2400016784668,43.29999923706055,26.007476806640625,4682400
BXP,2009-02-02,42.18999862670898,44.02999877929688,41.400001525878906,43.79999923706055,26.30778312683105,3736000
BXP,2009-02-03,43.900001525878906,44.220001220703125,42.06999969482422,42.709999084472656,25.65310478210449,2972700
BXP,2009-02-04,42.970001220703125,44.130001068115234,41.970001220703125,42.400001525878906,25.466920852661133,2737300
BXP,2009-02-05,42.02000045776367,44.31999969482422,40.0099983215332,42.84000015258789,25.731185913085938,4086300
BXP,2009-02-06,43.4900016784668,47.2400016784668,43.34000015258789,46.93000030517578,28.18778610229492,4625400
BXP,2009-02-09,45.25,47.900001525878906,45.13999938964844,47.709999084472656,28.656280517578125,3421700
BXP,2009-02-10,46.75,46.75,42.58000183105469,43.130001068115234,25.905372619628903,4722000
BXP,2009-02-11,43.77999877929688,44.43000030517578,41.40999984741211,44.22999954223633,26.566064834594727,4552000
BXP,2009-02-12,42.95000076293945,44.310001373291016,40.4900016784668,43.880001068115234,26.355854034423828,4764200
BXP,2009-02-13,42.9900016784668,43.720001220703125,41.150001525878906,41.220001220703125,24.75815200805664,4189100
BXP,2009-02-17,39.709999084472656,40.06999969482422,36.72999954223633,37.45000076293945,22.493776321411133,5977000
BXP,2009-02-18,38.22999954223633,39.2400016784668,36.41999816894531,38.52000045776367,23.136445999145508,4039200
BXP,2009-02-19,39.7599983215332,40.119998931884766,36.5,36.880001068115234,22.15139961242676,3653400
BXP,2009-02-20,35.79999923706055,39.34000015258789,35.75,38.880001068115234,23.352678298950195,5534000
BXP,2009-02-23,39.61000061035156,39.61000061035156,35.439998626708984,35.72999954223633,21.460674285888672,4352200
BXP,2009-02-24,35.83000183105469,40.400001525878906,35.5099983215332,40.02999877929688,24.04340362548828,7592500
BXP,2009-02-25,39.5,42.2400016784668,37.560001373291016,40.0,24.02539253234864,6007700
BXP,2009-02-26,41.150001525878906,41.33000183105469,37.119998931884766,37.27000045776367,22.38566017150879,4161800
BXP,2009-02-27,35.90999984741211,38.95000076293945,35.90999984741211,37.09000015258789,22.27754592895508,6318700
BXP,2009-03-02,35.45000076293945,36.5,33.45000076293945,33.849998474121094,20.33148193359375,6407400
BXP,2009-03-03,34.540000915527344,35.02000045776367,32.16999816894531,33.59000015258789,20.17532539367676,5280600
BXP,2009-03-04,34.59000015258789,35.31999969482422,32.7599983215332,34.040000915527344,20.445606231689453,4283300
BXP,2009-03-05,32.65999984741211,33.41999816894531,31.1200008392334,31.489999771118164,18.913986206054688,5204900
BXP,2009-03-06,31.940000534057617,32.869998931884766,29.299999237060547,31.729999542236328,19.058141708374023,6287000
BXP,2009-03-09,31.229999542236328,32.709999084472656,30.799999237060547,32.5,19.520626068115234,4817900
BXP,2009-03-10,33.04999923706055,37.65999984741211,32.7400016784668,37.65999984741211,22.61990547180176,7643900
BXP,2009-03-11,37.900001525878906,37.90999984741211,35.720001220703125,36.650001525878906,22.01326560974121,5484300
BXP,2009-03-12,37.119998931884766,39.540000915527344,36.11000061035156,39.09999847412109,23.48481750488281,6459900
BXP,2009-03-13,39.310001373291016,39.560001373291016,36.02999877929688,37.63999938964844,22.607885360717773,4469200
BXP,2009-03-16,39.20000076293945,39.29999923706055,34.86000061035156,35.0,21.02221870422364,5139100
BXP,2009-03-17,34.83000183105469,38.5,34.400001525878906,38.36000061035156,23.04034805297852,5761000
BXP,2009-03-18,37.52000045776367,41.58000183105469,36.709999084472656,41.25,24.776180267333984,6261500
BXP,2009-03-19,42.2599983215332,42.79999923706055,39.0,39.41999816894531,23.677026748657227,4829600
BXP,2009-03-20,39.36000061035156,39.36000061035156,34.83000183105469,34.900001525878906,20.96214866638184,6278900
BXP,2009-03-23,36.70000076293945,40.630001068115234,35.91999816894531,40.27999877929688,24.19356346130371,7666700
BXP,2009-03-24,38.959999084472656,40.380001068115234,36.34000015258789,37.02000045776367,22.235498428344727,5378200
BXP,2009-03-25,37.16999816894531,38.33000183105469,33.7400016784668,36.77999877929688,22.091346740722656,6031900
BXP,2009-03-26,38.22999954223633,38.47999954223633,34.79999923706055,37.560001373291016,22.559844970703125,5687400
BXP,2009-03-27,35.02000045776367,35.709999084472656,34.369998931884766,34.540000915527344,21.128437042236328,4336200
BXP,2009-03-30,33.38999938964844,33.66999816894531,31.690000534057617,31.920000076293945,19.52576065063477,5132500
BXP,2009-03-31,32.599998474121094,35.20000076293945,32.150001525878906,35.029998779296875,21.428186416625977,6785000
BXP,2009-04-01,34.68000030517578,35.619998931884766,33.790000915527344,34.7400016784668,21.250782012939453,4236500
BXP,2009-04-02,36.0,37.68000030517578,35.5,37.09999847412109,22.694419860839844,6499400
BXP,2009-04-03,36.81999969482422,41.790000915527344,36.150001525878906,41.68999862670898,25.502159118652344,7014500
BXP,2009-04-06,40.91999816894531,41.470001220703125,38.77999877929688,40.18000030517578,24.57847023010254,5645400
BXP,2009-04-07,38.970001220703125,39.40999984741211,36.52999877929688,36.56999969482422,22.37020301818848,5049900
BXP,2009-04-08,37.22999954223633,37.63999938964844,36.2599983215332,37.33000183105469,22.83511543273925,4524400
BXP,2009-04-09,39.4900016784668,44.43999862670898,38.27999877929688,44.08000183105469,26.96415138244629,7714900
BXP,2009-04-13,43.0099983215332,44.900001525878906,42.130001068115234,43.77000045776367,26.774526596069336,5621800
BXP,2009-04-14,42.810001373291016,43.4900016784668,39.02000045776367,39.29999923706055,24.04017639160156,6188800
BXP,2009-04-15,39.369998931884766,43.209999084472656,38.810001373291016,42.869998931884766,26.223976135253903,6274300
BXP,2009-04-16,42.68999862670898,47.02999877929688,41.040000915527344,44.880001068115234,27.453516006469727,5703200
BXP,2009-04-17,45.040000915527344,48.52999877929688,44.2599983215332,47.16999816894531,28.85433959960937,7090200
BXP,2009-04-20,45.20000076293945,46.56999969482422,41.380001068115234,41.540000915527344,25.4104061126709,5429200
BXP,2009-04-21,40.470001220703125,46.36000061035156,40.209999084472656,45.869998931884766,28.0591049194336,7012100
BXP,2009-04-22,44.20000076293945,46.7599983215332,43.31999969482422,43.959999084472656,26.89073944091797,6554600
BXP,2009-04-23,44.38999938964844,46.31999969482422,42.84000015258789,46.060001373291016,28.17532539367676,4576700
BXP,2009-04-24,45.880001068115234,51.13999938964844,45.2400016784668,49.84000015258789,30.48759078979492,6347100
BXP,2009-04-27,48.56999969482422,49.209999084472656,44.209999084472656,45.79999923706055,28.01628303527832,5053200
BXP,2009-04-28,44.68999862670898,48.31999969482422,44.45000076293945,46.709999084472656,28.57293128967285,3523100
BXP,2009-04-29,47.2599983215332,49.369998931884766,46.790000915527344,48.4900016784668,29.661794662475582,4109300
BXP,2009-04-30,49.150001525878906,51.310001373291016,48.650001525878906,49.41999816894531,30.23067283630371,5492900
BXP,2009-05-01,48.65999984741211,49.060001373291016,46.02999877929688,46.52999877929688,28.46283531188965,3860600
BXP,2009-05-04,47.709999084472656,50.31999969482422,46.66999816894531,50.290000915527344,30.762859344482425,5639400
BXP,2009-05-05,50.040000915527344,50.220001220703125,48.130001068115234,48.560001373291016,29.70460700988769,3862000
BXP,2009-05-06,49.13999938964844,51.75,48.97999954223633,51.27000045776367,31.36233901977539,3882700
BXP,2009-05-07,51.27000045776367,51.91999816894531,47.59000015258789,48.77000045776367,29.833057403564453,5154400
BXP,2009-05-08,48.970001220703125,52.72999954223633,48.04999923706055,52.41999816894531,32.0658073425293,4545200
BXP,2009-05-11,51.06999969482422,51.5,49.7599983215332,50.04999923706055,30.61604118347168,3698500
BXP,2009-05-12,50.41999816894531,50.81999969482422,47.52000045776367,49.70000076293945,30.40195655822754,2696900
BXP,2009-05-13,48.68999862670898,49.040000915527344,45.13999938964844,45.540000915527344,27.85724258422852,4468200
BXP,2009-05-14,45.400001525878906,47.70000076293945,44.61000061035156,47.04999923706055,28.78093147277832,4219100
BXP,2009-05-15,46.06999969482422,46.77000045776367,44.31999969482422,44.970001220703125,27.508569717407227,3822700
BXP,2009-05-18,45.52999877929688,48.77000045776367,45.06999969482422,48.66999816894531,29.771892547607425,5352900
BXP,2009-05-19,48.27000045776367,49.08000183105469,46.880001068115234,47.22999954223633,28.891033172607425,2959100
BXP,2009-05-20,48.84000015258789,49.43999862670898,46.5099983215332,46.7400016784668,28.591289520263672,3682500
BXP,2009-05-21,45.650001525878906,47.68999862670898,45.310001373291016,46.59000015258789,28.49954414367676,3514800
BXP,2009-05-22,46.7400016784668,47.70000076293945,45.29999923706055,45.380001068115234,27.75936889648437,2509400
BXP,2009-05-26,45.18999862670898,48.459999084472656,44.36000061035156,48.150001525878906,29.45381164550781,3993200
BXP,2009-05-27,47.11000061035156,47.93999862670898,45.5,45.77999877929688,28.00405502319336,4126100
BXP,2009-05-28,46.290000915527344,47.369998931884766,45.02999877929688,47.18999862670898,28.866567611694336,3374800
BXP,2009-05-29,47.400001525878906,48.380001068115234,46.27999877929688,48.31999969482422,29.557796478271484,3306000
BXP,2009-06-01,49.36000061035156,51.400001525878906,48.43999862670898,49.880001068115234,30.51205062866211,4036800
BXP,2009-06-02,49.18000030517578,50.2400016784668,48.43999862670898,49.2599983215332,30.13279914855957,3546900
BXP,2009-06-03,48.81999969482422,50.52999877929688,48.81999969482422,50.310001373291016,30.77509880065918,3191700
BXP,2009-06-04,50.38999938964844,53.18999862670898,50.29999923706055,53.0099983215332,32.42671203613281,4783300
BXP,2009-06-05,50.63999938964844,51.220001220703125,49.79999923706055,50.31999969482422,30.78121757507324,15519500
BXP,2009-06-08,49.83000183105469,51.0,49.369998931884766,50.43000030517578,30.84850311279297,3817100
BXP,2009-06-09,51.52000045776367,52.09999847412109,50.0099983215332,50.880001068115234,31.123767852783203,3409500
BXP,2009-06-10,51.619998931884766,51.650001525878906,48.68000030517578,49.72999954223633,30.420307159423828,3177800
BXP,2009-06-11,49.7599983215332,50.2400016784668,48.720001220703125,48.88999938964844,29.906457901000977,2987600
BXP,2009-06-12,48.869998931884766,50.93000030517578,48.720001220703125,50.93000030517578,31.154354095458984,3497500
BXP,2009-06-15,50.380001068115234,50.380001068115234,48.29999923706055,48.540000915527344,29.692354202270508,3857000
BXP,2009-06-16,49.11000061035156,49.369998931884766,46.59000015258789,47.369998931884766,28.976661682128903,2837000
BXP,2009-06-17,47.18999862670898,48.13999938964844,46.08000183105469,46.29999923706055,28.322141647338867,2729800
BXP,2009-06-18,46.040000915527344,47.18999862670898,46.040000915527344,46.5099983215332,28.450603485107425,2524200
BXP,2009-06-19,47.709999084472656,47.709999084472656,46.20000076293945,47.31999969482422,28.94609260559082,3755400
BXP,2009-06-22,46.66999816894531,46.869998931884766,44.040000915527344,44.27000045776367,27.080371856689453,3679800
BXP,2009-06-23,44.38999938964844,45.9900016784668,44.02000045776367,45.20000076293945,27.64925193786621,3268400
BXP,2009-06-24,45.54999923706055,47.2599983215332,45.540000915527344,46.75,28.5974178314209,2674500
BXP,2009-06-25,46.25,47.290000915527344,46.15999984741211,47.25,28.903261184692383,2596900
BXP,2009-06-26,46.77000045776367,47.2599983215332,46.02999877929688,46.90999984741211,29.00218963623047,1946200
BXP,2009-06-29,47.02999877929688,47.290000915527344,46.119998931884766,46.54999923706055,28.779617309570312,2227400
BXP,2009-06-30,46.630001068115234,48.130001068115234,46.5,47.70000076293945,29.49060440063477,3008500
BXP,2009-07-01,48.02000045776367,48.66999816894531,47.70000076293945,48.06999969482422,29.71935272216797,1528000
BXP,2009-07-02,47.369998931884766,47.54999923706055,44.90999984741211,44.90999984741211,27.765687942504883,2763800
BXP,2009-07-06,44.79999923706055,46.81999969482422,44.5,46.77000045776367,28.91563415527344,2788400
BXP,2009-07-07,46.66999816894531,46.77000045776367,44.13999938964844,44.2599983215332,27.363819122314453,2919800
BXP,2009-07-08,44.38999938964844,45.04999923706055,42.7400016784668,43.93999862670898,27.16598892211914,3271800
BXP,2009-07-09,44.86000061035156,45.2599983215332,43.56999969482422,43.70000076293945,27.01760482788086,2126700
BXP,2009-07-10,43.54999923706055,44.02000045776367,42.619998931884766,43.619998931884766,26.968135833740234,1483600
BXP,2009-07-13,44.09000015258789,46.13999938964844,43.40999984741211,46.13999938964844,28.5261344909668,2769100
BXP,2009-07-14,46.02000045776367,46.52000045776367,44.72999954223633,46.130001068115234,28.51994514465332,2003200
BXP,2009-07-15,46.25,48.31999969482422,46.25,47.790000915527344,29.546253204345703,3274200
BXP,2009-07-16,47.54999923706055,48.650001525878906,46.79999923706055,48.209999084472656,29.805912017822266,1948500
BXP,2009-07-17,47.86000061035156,48.04999923706055,46.81999969482422,47.709999084472656,29.49678421020508,3208100
BXP,2009-07-20,48.0099983215332,50.0,48.0099983215332,49.90999984741211,30.85694122314453,2899100
BXP,2009-07-21,49.970001220703125,50.0,48.52000045776367,49.79999923706055,30.7889404296875,2522300
BXP,2009-07-22,49.02999877929688,51.06999969482422,47.970001220703125,50.84000015258789,31.431915283203125,3163900
BXP,2009-07-23,50.650001525878906,53.5,50.290000915527344,53.09999847412109,32.82916259765625,3230900
BXP,2009-07-24,52.66999816894531,53.369998931884766,51.66999816894531,53.22999954223633,32.909542083740234,2066700
BXP,2009-07-27,53.150001525878906,53.47999954223633,52.40999984741211,53.36000061035156,32.98991775512695,2726200
BXP,2009-07-28,52.810001373291016,53.470001220703125,52.709999084472656,53.20000076293945,32.8910026550293,2568900
BXP,2009-07-29,52.79999923706055,53.09000015258789,51.77000045776367,52.38999938964844,32.390193939208984,2183200
BXP,2009-07-30,53.09000015258789,54.38999938964844,52.630001068115234,53.52999877929688,33.09500503540039,3470500
BXP,2009-07-31,52.93999862670898,53.54999923706055,51.72999954223633,52.900001525878906,32.70552062988281,3293000
BXP,2009-08-03,53.41999816894531,54.22999954223633,53.02000045776367,53.95000076293945,33.354679107666016,2441400
BXP,2009-08-04,53.72999954223633,57.84000015258789,53.31999969482422,57.09999847412109,35.30216598510742,3608800
BXP,2009-08-05,56.650001525878906,60.43000030517578,56.16999816894531,60.290000915527344,37.274391174316406,3696500
BXP,2009-08-06,60.61000061035156,61.790000915527344,58.65999984741211,58.7599983215332,36.32846450805664,3529700
BXP,2009-08-07,59.5099983215332,62.97999954223633,58.709999084472656,62.220001220703125,38.46762847900391,3260500
BXP,2009-08-10,62.0,62.59000015258789,60.7400016784668,61.5099983215332,38.02864837646485,2532200
BXP,2009-08-11,61.08000183105469,61.18999862670898,59.0,59.79999923706055,36.9714469909668,2408500
BXP,2009-08-12,59.84999847412109,61.5,59.130001068115234,59.650001525878906,36.87871551513672,2744000
BXP,2009-08-13,60.040000915527344,60.38999938964844,58.59000015258789,59.27000045776367,36.64377975463867,1842200
BXP,2009-08-14,58.16999816894531,58.52999877929688,56.869998931884766,58.52999877929688,36.18627166748047,1957400
BXP,2009-08-17,56.90999984741211,56.90999984741211,54.61000061035156,54.959999084472656,33.979103088378906,2759100
BXP,2009-08-18,55.20000076293945,56.400001525878906,54.75,55.68999862670898,34.43042755126953,1759600
BXP,2009-08-19,54.97999954223633,55.81999969482422,54.459999084472656,55.369998931884766,34.23258590698242,1609400
BXP,2009-08-20,55.619998931884766,58.290000915527344,55.11000061035156,58.16999816894531,35.96370315551758,2035300
BXP,2009-08-21,58.38999938964844,60.81999969482422,58.2400016784668,59.400001525878906,36.72414016723633,2094900
BXP,2009-08-24,59.290000915527344,60.70000076293945,58.93999862670898,59.33000183105469,36.68087387084961,1853700
BXP,2009-08-25,59.630001068115234,60.959999084472656,59.33000183105469,59.560001373291016,36.82307434082031,2018900
BXP,2009-08-26,59.72999954223633,60.18000030517578,59.02999877929688,59.77000045776367,36.95290756225586,1630700
BXP,2009-08-27,59.65999984741211,60.83000183105469,58.43999862670898,60.810001373291016,37.595890045166016,1746700
BXP,2009-08-28,61.09999847412109,61.45000076293945,59.88999938964844,61.119998931884766,37.78754425048828,1305700
BXP,2009-08-31,60.43999862670898,61.0,59.77999877929688,60.58000183105469,37.45369338989258,2315300
BXP,2009-09-01,60.41999816894531,61.08000183105469,57.119998931884766,57.16999816894531,35.34545135498047,3237400
BXP,2009-09-02,56.900001525878906,57.27000045776367,56.04999923706055,56.16999816894531,34.7271842956543,1866200
BXP,2009-09-03,56.77999877929688,57.52999877929688,55.84999847412109,57.45000076293945,35.5185661315918,2397400
BXP,2009-09-04,57.5,58.310001373291016,56.54999923706055,58.150001525878906,35.95133209228516,1386800
BXP,2009-09-08,58.900001525878906,60.93000030517578,58.65999984741211,60.900001525878906,37.65152359008789,2404800
BXP,2009-09-09,60.880001068115234,62.310001373291016,60.27000045776367,62.209999084472656,38.46144104003906,2017900
BXP,2009-09-10,62.0,63.709999084472656,61.36000061035156,63.5099983215332,39.26516342163086,1946200
BXP,2009-09-11,63.650001525878906,64.66999816894531,63.0,63.34000015258789,39.16006851196289,2362500
BXP,2009-09-14,62.900001525878906,65.80999755859375,62.45000076293945,65.66000366210938,40.59440231323242,1773400
BXP,2009-09-15,65.7699966430664,67.76000213623047,64.2300033569336,66.3499984741211,41.02099990844727,3118800
BXP,2009-09-16,66.5,70.02999877929688,66.5,69.87999725341797,43.20342254638672,3239500
BXP,2009-09-17,69.94999694824219,72.2300033569336,68.87000274658203,69.88999938964844,43.20960235595703,2572100
BXP,2009-09-18,70.58000183105469,71.44000244140625,68.83000183105469,70.55000305175781,43.61765670776367,2296700
BXP,2009-09-21,68.37999725341797,69.79000091552734,67.41999816894531,68.16000366210938,42.14003753662109,1785100
BXP,2009-09-22,68.69000244140625,70.72000122070312,68.69000244140625,70.51000213623047,43.59292221069336,2207300
BXP,2009-09-23,70.38999938964844,70.66999816894531,67.25,67.25,41.577423095703125,2396600
BXP,2009-09-24,67.7699966430664,68.05000305175781,64.31999969482422,64.44000244140625,39.84013366699219,2924500
BXP,2009-09-25,63.93999862670898,66.18000030517578,63.34000015258789,65.5999984741211,40.557315826416016,2382400
BXP,2009-09-28,64.73999786376953,67.5,64.18000030517578,67.29000091552734,41.92167282104492,2491200
BXP,2009-09-29,67.55000305175781,68.26000213623047,65.4800033569336,65.66999816894531,40.91241836547852,2144500
BXP,2009-09-30,66.06999969482422,67.22000122070312,64.38999938964844,65.55000305175781,40.83766174316406,2358200
BXP,2009-10-01,65.23999786376953,65.5199966430664,61.810001373291016,61.880001068115234,38.551246643066406,3075000
BXP,2009-10-02,61.150001525878906,63.959999084472656,60.5099983215332,61.59999847412109,38.37680816650391,2546600
BXP,2009-10-05,62.150001525878906,64.19999694824219,61.88999938964844,63.77000045776367,39.72872543334961,1864000
BXP,2009-10-06,64.61000061035156,65.1500015258789,62.34999847412109,63.400001525878906,39.49819946289063,1344000
BXP,2009-10-07,63.27000045776367,63.84999847412109,62.04999923706055,63.0099983215332,39.25523376464844,1145300
BXP,2009-10-08,63.400001525878906,65.19000244140625,63.400001525878906,64.58000183105469,40.23335647583008,1582200
BXP,2009-10-09,64.5999984741211,65.70999908447266,63.880001068115234,65.66999816894531,40.91241836547852,1312500
BXP,2009-10-12,66.0,66.45999908447266,65.06999969482422,65.4800033569336,40.79404830932617,1083400
BXP,2009-10-13,64.88999938964844,65.4000015258789,64.0,64.36000061035156,40.09629821777344,1189000
BXP,2009-10-14,65.43000030517578,67.25,65.26000213623047,66.86000061035156,41.65378952026367,1798700
BXP,2009-10-15,66.37000274658203,66.66999816894531,65.54000091552734,66.31999969482422,41.3173713684082,1232500
BXP,2009-10-16,64.83000183105469,65.63999938964844,63.04999923706055,63.13999938964844,39.336238861083984,2086400
BXP,2009-10-19,63.5099983215332,64.02999877929688,63.060001373291016,63.88999938964844,39.80348587036133,1831400
BXP,2009-10-20,63.290000915527344,63.90999984741211,62.29999923706055,62.5099983215332,38.94374084472656,2246100
BXP,2009-10-21,62.400001525878906,63.54999923706055,61.34999847412109,61.45000076293945,38.28335189819336,1907200
BXP,2009-10-22,61.7400016784668,63.47999954223633,60.5,63.22999954223633,39.39229583740234,1627100
BXP,2009-10-23,63.36000061035156,63.380001068115234,62.31999969482422,62.65999984741211,39.03719329833984,2289500
BXP,2009-10-26,63.93999862670898,64.83000183105469,62.220001220703125,62.34000015258789,38.83782577514648,1917200
BXP,2009-10-27,62.43999862670898,62.68999862670898,60.66999816894531,60.90999984741211,37.94694519042969,2105300
BXP,2009-10-28,59.83000183105469,61.27999877929688,57.18999862670898,57.25,35.666751861572266,3351400
BXP,2009-10-29,58.2400016784668,61.310001373291016,58.2400016784668,61.09000015258789,38.059078216552734,2697700
BXP,2009-10-30,60.52999877929688,61.20000076293945,58.90999984741211,60.77000045776367,37.85970306396485,4082700
BXP,2009-11-02,60.93999862670898,62.43999862670898,59.08000183105469,60.9900016784668,37.99678421020508,2312800
BXP,2009-11-03,60.18000030517578,61.84999847412109,60.11000061035156,61.70000076293945,38.43910217285156,1724900
BXP,2009-11-04,62.43000030517578,63.2400016784668,60.13999938964844,60.290000915527344,37.5606803894043,2133000
BXP,2009-11-05,60.790000915527344,62.400001525878906,60.52999877929688,62.150001525878906,38.719459533691406,1428200
BXP,2009-11-06,61.41999816894531,62.09000015258789,59.93999862670898,60.060001373291016,37.41739273071289,1665900
BXP,2009-11-09,60.61000061035156,63.5099983215332,60.369998931884766,63.41999816894531,39.51066589355469,2395800
BXP,2009-11-10,63.0,64.0999984741211,62.619998931884766,63.59999847412109,39.62281036376953,1530200
BXP,2009-11-11,64.19000244140625,65.4800033569336,64.0,64.9800033569336,40.482547760009766,1606000
BXP,2009-11-12,64.88999938964844,65.30000305175781,64.30000305175781,64.48999786376953,40.17726135253906,1729900
BXP,2009-11-13,64.69000244140625,65.8499984741211,64.58000183105469,65.70999908447266,40.93733215332031,1271600
BXP,2009-11-16,66.18000030517578,67.70999908447266,65.9800033569336,67.4800033569336,42.0400505065918,2147000
BXP,2009-11-17,67.06999969482422,67.37999725341797,65.91999816894531,65.93000030517578,41.07440948486328,2333400
BXP,2009-11-18,66.12999725341797,67.4800033569336,65.66000366210938,67.30999755859375,41.93413925170898,1300200
BXP,2009-11-19,66.81999969482422,66.81999969482422,65.44000244140625,66.08000183105469,41.16786193847656,2119200
BXP,2009-11-20,65.55999755859375,65.80000305175781,65.19000244140625,65.5,40.80651092529297,1902100
BXP,2009-11-23,65.9000015258789,67.2300033569336,65.9000015258789,66.69999694824219,41.55411529541016,1871700
BXP,2009-11-24,66.87000274658203,66.87000274658203,65.66999816894531,65.87999725341797,41.04325485229492,2307400
BXP,2009-11-25,65.95999908447266,66.76000213623047,65.75,65.9800033569336,41.10555267333984,1619100
BXP,2009-11-27,63.9900016784668,65.12999725341797,63.29999923706055,63.790000915527344,39.741188049316406,913600
BXP,2009-11-30,64.05999755859375,67.19999694824219,63.7599983215332,66.9800033569336,41.72854995727539,2754800
BXP,2009-12-01,67.44999694824219,68.69999694824219,67.01000213623047,67.97000122070312,42.34530258178711,2066000
BXP,2009-12-02,67.80999755859375,69.30000305175781,67.47000122070312,68.88999938964844,42.9184799194336,2171400
BXP,2009-12-03,69.33999633789062,70.51000213623047,68.52999877929688,68.73999786376953,42.82502365112305,2161000
BXP,2009-12-04,69.7300033569336,71.44000244140625,68.70999908447266,69.9800033569336,43.59755325317383,2452100
BXP,2009-12-07,69.5199966430664,69.91000366210938,67.12999725341797,67.62999725341797,42.13350296020508,1998700
BXP,2009-12-08,67.31999969482422,69.13999938964844,67.0199966430664,67.37000274658203,41.97153091430664,1944500
BXP,2009-12-09,67.62999725341797,68.38999938964844,67.12000274658203,67.44999694824219,42.02134704589844,1330200
BXP,2009-12-10,67.70999908447266,68.4000015258789,66.61000061035156,66.94999694824219,41.70985412597656,1227300
BXP,2009-12-11,67.56999969482422,67.88999938964844,66.8499984741211,67.80000305175781,42.23943328857422,1347300
BXP,2009-12-14,68.29000091552734,69.5,67.37999725341797,69.33000183105469,43.192604064941406,1216400
BXP,2009-12-15,68.9800033569336,69.4000015258789,68.36000061035156,68.63999938964844,42.762725830078125,1104700
BXP,2009-12-16,69.27999877929688,69.79000091552734,68.63999938964844,69.23999786376953,43.13652801513672,1385400
BXP,2009-12-17,68.80000305175781,69.5199966430664,68.33000183105469,69.1500015258789,43.08046340942383,1408600
BXP,2009-12-18,68.37999725341797,68.86000061035156,67.26000213623047,68.0199966430664,42.3764533996582,4236000
BXP,2009-12-21,68.2300033569336,69.30999755859375,68.12999725341797,68.94999694824219,42.95587158203125,1128900
BXP,2009-12-22,68.77999877929688,69.98999786376953,68.77999877929688,69.62999725341797,43.37948226928711,1303600
BXP,2009-12-23,69.73999786376953,71.29000091552734,69.62000274658203,69.91000366210938,43.55392837524414,1293900
BXP,2009-12-24,70.33999633789062,70.9800033569336,70.08999633789062,70.80000305175781,44.10841751098633,535300
BXP,2009-12-28,71.01000213623047,71.7300033569336,70.04000091552734,70.33000183105469,43.81559753417969,1899100
BXP,2009-12-29,69.91000366210938,70.52999877929688,69.0999984741211,69.22000122070312,43.43284225463867,1009700
BXP,2009-12-30,68.87000274658203,69.4000015258789,68.4800033569336,69.30999755859375,43.48932266235352,963800
BXP,2009-12-31,69.3499984741211,69.87999725341797,67.06999969482422,67.06999969482422,42.08380889892578,1659900
BXP,2010-01-04,67.58999633789062,68.33000183105469,66.52999877929688,67.0999984741211,42.10264587402344,1511500
BXP,2010-01-05,67.23999786376953,68.19999694824219,66.44999694824219,68.12000274658203,42.742652893066406,2173700
BXP,2010-01-06,68.2300033569336,68.94000244140625,68.02999877929688,68.44000244140625,42.94343185424805,1814900
BXP,2010-01-07,68.26000213623047,69.38999938964844,67.70999908447266,68.73999786376953,43.13165664672852,1329100
BXP,2010-01-08,68.26000213623047,68.63999938964844,67.08999633789062,67.8499984741211,42.57323455810547,1021900
BXP,2010-01-11,68.13999938964844,68.72000122070312,67.69000244140625,68.16999816894531,42.774017333984375,974400
BXP,2010-01-12,67.70999908447266,68.08999633789062,66.70999908447266,67.48999786376953,42.34732818603516,1391700
BXP,2010-01-13,67.61000061035156,68.73999786376953,67.30000305175781,68.5999984741211,43.0438232421875,1384200
BXP,2010-01-14,68.43000030517578,68.77999877929688,67.80000305175781,68.30999755859375,42.86186218261719,967100
BXP,2010-01-15,68.19000244140625,68.44999694824219,67.61000061035156,68.08999633789062,42.72382736206055,1421900
BXP,2010-01-19,68.26000213623047,69.62000274658203,67.83999633789062,69.52999877929688,43.62735748291016,1721700
BXP,2010-01-20,69.0199966430664,69.19000244140625,68.33000183105469,69.06999969482422,43.33871841430664,1591300
BXP,2010-01-21,68.87999725341797,69.30000305175781,65.58000183105469,65.83999633789062,41.31203842163086,2598500
BXP,2010-01-22,65.5199966430664,66.5199966430664,63.93999862670898,64.27999877929688,40.33320236206055,2289400
BXP,2010-01-25,65.25,65.56999969482422,63.59000015258789,65.0999984741211,40.84771347045898,1560700
BXP,2010-01-26,64.77999877929688,65.94000244140625,64.2300033569336,64.72000122070312,40.60927963256836,1436900
BXP,2010-01-27,64.26000213623047,65.44000244140625,63.34999847412109,65.06999969482422,40.82889175415039,2375600
BXP,2010-01-28,65.75,65.93000030517578,64.69000244140625,65.38999938964844,41.02965545654297,1440400
BXP,2010-01-29,65.80999755859375,66.25,64.2300033569336,64.87000274658203,40.70339584350586,1783500
BXP,2010-02-01,65.70999908447266,66.87999725341797,65.04000091552734,66.87000274658203,41.958309173583984,1639500
BXP,2010-02-02,67.70999908447266,68.01000213623047,66.55999755859375,67.80000305175781,42.5418701171875,2092100
BXP,2010-02-03,67.58999633789062,67.5999984741211,66.19999694824219,66.5,41.72615814208984,1869400
BXP,2010-02-04,65.97000122070312,66.12000274658203,63.380001068115234,63.43999862670898,39.80612182617188,2384600
BXP,2010-02-05,63.63999938964844,64.95999908447266,62.38999938964844,64.52999877929688,40.49005126953125,1997400
BXP,2010-02-08,64.6500015258789,65.13999938964844,62.7400016784668,62.900001525878906,39.4672966003418,1455600
BXP,2010-02-09,63.650001525878906,63.810001373291016,62.220001220703125,62.810001373291016,39.41083908081055,1713800
BXP,2010-02-10,62.720001220703125,63.27999877929688,61.5,62.4900016784668,39.21003723144531,1567700
BXP,2010-02-11,62.400001525878906,63.02999877929688,61.81999969482422,62.720001220703125,39.35435485839844,1197000
BXP,2010-02-12,62.08000183105469,63.470001220703125,61.77999877929688,63.400001525878906,39.78102493286133,1355600
BXP,2010-02-16,64.0,65.1500015258789,63.61000061035156,65.02999877929688,40.80378723144531,1698200
BXP,2010-02-17,65.2300033569336,65.68000030517578,64.91999816894531,65.38999938964844,41.02965545654297,1083500
BXP,2010-02-18,65.11000061035156,66.62000274658203,64.69999694824219,66.3499984741211,41.63203811645508,1184300
BXP,2010-02-19,65.91000366210938,66.7699966430664,65.37999725341797,66.56999969482422,41.77006912231445,1294400
BXP,2010-02-22,66.54000091552734,67.48999786376953,66.54000091552734,67.02999877929688,42.05868911743164,1311200
BXP,2010-02-23,66.69999694824219,67.0,65.68000030517578,65.94999694824219,41.38103866577149,1525700
BXP,2010-02-24,65.91999816894531,66.7300033569336,65.72000122070312,66.70999908447266,41.85791397094727,1598000
BXP,2010-02-25,65.93000030517578,67.48999786376953,65.62000274658203,67.41999816894531,42.303409576416016,1380100
BXP,2010-02-26,67.41999816894531,68.75,67.25,67.93000030517578,42.6234245300293,1842200
BXP,2010-03-01,68.23999786376953,68.73999786376953,67.83999633789062,68.27999877929688,42.84302520751953,1261400
BXP,2010-03-02,68.72000122070312,68.94000244140625,68.41000366210938,68.62000274658203,43.05635833740234,1173500
BXP,2010-03-03,68.77999877929688,69.0,68.31999969482422,68.66999816894531,43.0877571105957,905100
BXP,2010-03-04,68.72000122070312,69.30999755859375,68.5,69.16999816894531,43.401466369628906,1056800
BXP,2010-03-05,69.66000366210938,71.26000213623047,69.33999633789062,71.13999938964844,44.6375732421875,1322600
BXP,2010-03-08,71.06999969482422,72.76000213623047,71.06999969482422,72.58000183105469,45.5411262512207,1341400
BXP,2010-03-09,72.2300033569336,73.76000213623047,71.91999816894531,72.48999786376953,45.48462677001953,1590100
BXP,2010-03-10,72.76000213623047,73.69999694824219,72.26000213623047,73.45999908447266,46.09330368041992,1209600
BXP,2010-03-11,73.02999877929688,73.76000213623047,72.75,73.72000122070312,46.25643157958984,1139300
BXP,2010-03-12,73.91000366210938,74.56999969482422,73.55000305175781,74.0,46.4321174621582,1259400
BXP,2010-03-15,73.86000061035156,74.33000183105469,72.94000244140625,74.05999755859375,46.469764709472656,1157600
BXP,2010-03-16,74.1500015258789,75.93000030517578,74.04000091552734,75.69000244140625,47.492523193359375,1194700
BXP,2010-03-17,76.06999969482422,77.3499984741211,75.86000061035156,77.13999938964844,48.402339935302734,1353200
BXP,2010-03-18,77.01000213623047,77.7300033569336,76.63999938964844,76.73999786376953,48.15134811401367,1433900
BXP,2010-03-19,75.88999938964844,77.5999984741211,75.87999725341797,75.88999938964844,47.61802291870117,1896000
BXP,2010-03-22,75.04000091552734,76.5199966430664,75.04000091552734,76.26000213623047,47.85018539428711,1348000
BXP,2010-03-23,76.26000213623047,76.47000122070312,75.33000183105469,76.02999877929688,47.70586395263672,1053300
BXP,2010-03-24,75.91000366210938,76.95999908447266,75.80999755859375,76.1500015258789,47.78116226196289,1046000
BXP,2010-03-25,76.76000213623047,78.22000122070312,76.62000274658203,76.7300033569336,48.14508056640625,1353700
BXP,2010-03-26,77.19999694824219,77.19999694824219,75.69000244140625,76.19000244140625,47.806251525878906,1192300
BXP,2010-03-29,75.62999725341797,76.25,75.43000030517578,76.25,48.15993881225586,901500
BXP,2010-03-30,76.12999725341797,76.77999877929688,75.93000030517578,76.23999786376953,48.15363311767578,791200
BXP,2010-03-31,75.69000244140625,76.18000030517578,75.18000030517578,75.44000244140625,47.64835739135742,998800
BXP,2010-04-01,75.8499984741211,75.94999694824219,74.87000274658203,75.47000122070312,47.66729736328125,867300
BXP,2010-04-05,75.76000213623047,77.79000091552734,75.5199966430664,77.79000091552734,49.13262939453125,971500
BXP,2010-04-06,77.47000122070312,79.61000061035156,76.9800033569336,79.41000366210938,50.15583419799805,1309000
BXP,2010-04-07,79.37000274658203,79.5199966430664,77.0,77.23999786376953,48.78522872924805,1242000
BXP,2010-04-08,76.86000061035156,77.13999938964844,76.55999755859375,76.94999694824219,48.60205841064453,1122200
BXP,2010-04-09,77.12999725341797,78.43000030517578,76.94999694824219,78.3499984741211,49.48630905151367,1022300
BXP,2010-04-12,78.33999633789062,78.45999908447266,77.26000213623047,77.44999694824219,48.91788482666016,1231700
BXP,2010-04-13,77.37999725341797,80.27999877929688,77.22000122070312,79.97000122070312,50.50951385498047,1152100
BXP,2010-04-14,80.68000030517578,80.70999908447266,79.58999633789062,80.12999725341797,50.610572814941406,952400
BXP,2010-04-15,79.83999633789062,80.23999786376953,77.94999694824219,78.04000091552734,49.29053115844727,1230100
BXP,2010-04-16,77.95999908447266,78.48999786376953,75.5199966430664,75.58999633789062,47.74309158325195,1753700
BXP,2010-04-19,75.1500015258789,76.61000061035156,74.87000274658203,76.08999633789062,48.05889129638672,922100
BXP,2010-04-20,76.62999725341797,77.01000213623047,75.19999694824219,77.0,48.63365173339844,1110100
BXP,2010-04-21,76.93000030517578,78.41000366210938,76.58999633789062,77.94000244140625,49.22736358642578,1113500
BXP,2010-04-22,77.16999816894531,79.7699966430664,76.6500015258789,79.37000274658203,50.13056945800781,1264500
BXP,2010-04-23,79.52999877929688,81.0,79.04000091552734,80.11000061035156,50.59795379638672,1567800
BXP,2010-04-26,80.12000274658203,81.48999786376953,79.73999786376953,80.69000244140625,50.96428298950195,1314900
BXP,2010-04-27,79.95999908447266,80.41000366210938,78.0999984741211,78.12000274658203,49.34104919433594,2652700
BXP,2010-04-28,78.94999694824219,79.44999694824219,77.66999816894531,78.80000305175781,49.770545959472656,1629500
BXP,2010-04-29,79.4800033569336,83.41999816894531,79.41000366210938,83.38999938964844,52.669620513916016,2198800
BXP,2010-04-30,83.01000213623047,83.30000305175781,78.75,78.86000061035156,49.80843734741211,1811600
BXP,2010-05-03,79.87000274658203,82.33999633789062,79.41999816894531,81.51000213623047,51.48221969604492,1942400
BXP,2010-05-04,80.5199966430664,81.58000183105469,79.97000122070312,81.12999725341797,51.24217224121094,2726500
BXP,2010-05-05,79.66999816894531,81.87000274658203,78.94999694824219,80.72000122070312,50.98323440551758,2138200
BXP,2010-05-06,80.01000213623047,80.7699966430664,73.80999755859375,78.02999877929688,49.284217834472656,3534500
BXP,2010-05-07,78.30999755859375,79.55999755859375,75.37999725341797,76.08999633789062,48.05889129638672,2984100
BXP,2010-05-10,80.19000244140625,80.7699966430664,78.66999816894531,80.7300033569336,50.98955154418945,2647600
BXP,2010-05-11,79.63999938964844,82.4800033569336,79.2699966430664,81.16000366210938,51.26112747192383,1804800
BXP,2010-05-12,81.16999816894531,81.86000061035156,80.4000015258789,81.7300033569336,51.62115097045898,1799500
BXP,2010-05-13,81.37000274658203,82.33000183105469,80.6500015258789,80.76000213623047,51.00850296020508,1273700
BXP,2010-05-14,79.79000091552734,80.2699966430664,77.37000274658203,78.19999694824219,49.391578674316406,2042500
BXP,2010-05-17,78.70999908447266,79.83999633789062,76.04000091552734,78.44999694824219,49.54949569702149,1628900
BXP,2010-05-18,79.44999694824219,79.97000122070312,76.20999908447266,76.56999969482422,48.362060546875,1737700
BXP,2010-05-19,76.18000030517578,77.86000061035156,74.18000030517578,76.05000305175781,48.03362274169922,1869400
BXP,2010-05-20,74.36000061035156,75.11000061035156,72.66999816894531,72.72000122070312,45.93038177490234,2579000
BXP,2010-05-21,71.30999755859375,75.5999984741211,71.30999755859375,75.5,47.68624114990234,2679900
BXP,2010-05-24,75.62000274658203,75.94999694824219,73.61000061035156,73.62999725341797,46.505157470703125,1332300
BXP,2010-05-25,71.69000244140625,74.88999938964844,70.94000244140625,74.83000183105469,47.263065338134766,2491100
BXP,2010-05-26,75.66999816894531,76.72000122070312,73.5199966430664,73.83999633789062,46.63776397705078,1769200
BXP,2010-05-27,75.55000305175781,78.2300033569336,74.9000015258789,78.12000274658203,49.34104919433594,1833500
BXP,2010-05-28,77.9000015258789,78.23999786376953,76.19000244140625,76.68000030517578,48.43153762817383,1752700
BXP,2010-06-01,76.1500015258789,77.75,75.66999816894531,75.91000366210938,47.9452018737793,1714800
BXP,2010-06-02,76.30999755859375,76.45999908447266,74.44000244140625,76.18000030517578,48.11574172973633,2739500
BXP,2010-06-03,76.52999877929688,76.55000305175781,75.04000091552734,75.66000366210938,47.78731155395508,1913700
BXP,2010-06-04,73.5999984741211,74.76000213623047,71.5199966430664,71.80999755859375,45.35562133789063,2811500
BXP,2010-06-07,72.33999633789062,73.94999694824219,71.83999633789062,72.12000274658203,45.55142211914063,1998500
BXP,2010-06-08,72.2699966430664,74.05000305175781,70.91000366210938,73.80000305175781,46.61250686645508,1986700
BXP,2010-06-09,74.45999908447266,76.44999694824219,74.18000030517578,74.62000274658203,47.13043975830078,2039300
BXP,2010-06-10,75.80000305175781,78.47000122070312,75.3499984741211,78.19000244140625,49.38526916503906,2181700
BXP,2010-06-11,77.16000366210938,79.0999984741211,77.13999938964844,79.0199966430664,49.90950393676758,1541000
BXP,2010-06-14,79.80999755859375,80.5199966430664,78.44999694824219,79.26000213623047,50.06108856201172,1852500
BXP,2010-06-15,79.75,81.2300033569336,79.04000091552734,81.08000183105469,51.21061706542969,1655900
BXP,2010-06-16,80.48999786376953,81.12000274658203,79.87000274658203,80.44999694824219,50.81270217895508,1384700
BXP,2010-06-17,80.5999984741211,80.79000091552734,79.54000091552734,79.97000122070312,50.50951385498047,1635000
BXP,2010-06-18,80.25,80.41999816894531,79.66000366210938,80.08999633789062,50.5853157043457,1613900
BXP,2010-06-21,81.08000183105469,81.80000305175781,79.22000122070312,79.38999938964844,50.143192291259766,1286700
BXP,2010-06-22,79.72000122070312,79.7699966430664,76.2699966430664,76.36000061035156,48.22943878173828,1758200
BXP,2010-06-23,76.5,77.51000213623047,75.41999816894531,76.52999877929688,48.33680725097656,1348900
BXP,2010-06-24,76.05000305175781,76.36000061035156,74.12000274658203,74.23999786376953,46.890411376953125,1656200
BXP,2010-06-25,74.77999877929688,76.98999786376953,74.37000274658203,76.73999786376953,48.46944427490234,1671100
BXP,2010-06-28,76.20999908447266,76.44000244140625,74.48999786376953,74.6500015258789,47.45860290527344,1242200
BXP,2010-06-29,73.5999984741211,73.93000030517578,71.81999969482422,72.33999633789062,45.9900016784668,2258700
BXP,2010-06-30,72.05999755859375,73.48999786376953,71.06999969482422,71.33999633789062,45.35426712036133,1630200
BXP,2010-07-01,71.55999755859375,71.93000030517578,69.83999633789062,71.25,45.29705429077149,1592600
BXP,2010-07-02,71.5999984741211,71.8499984741211,69.5,69.69999694824219,44.3116340637207,1242000
BXP,2010-07-06,71.2699966430664,72.08000183105469,68.47000122070312,69.08000183105469,43.91748046875,2404800
BXP,2010-07-07,69.41999816894531,72.83999633789062,69.08000183105469,72.7699966430664,46.26338958740234,2130000
BXP,2010-07-08,73.69999694824219,74.37000274658203,72.33000183105469,73.8499984741211,46.95000457763672,1553400
BXP,2010-07-09,73.88999938964844,75.29000091552734,73.68000030517578,75.2300033569336,47.82734298706055,1261600
BXP,2010-07-12,75.16999816894531,75.75,74.1500015258789,75.51000213623047,48.00534439086914,866800
BXP,2010-07-13,76.52999877929688,77.66000366210938,76.06999969482422,77.37999725341797,49.19416809082031,1355700
BXP,2010-07-14,76.58000183105469,77.62000274658203,75.93000030517578,77.01000213623047,48.95895767211914,964000
BXP,2010-07-15,77.1500015258789,77.5,75.3499984741211,77.30999755859375,49.149688720703125,953700
BXP,2010-07-16,76.41000366210938,76.94999694824219,74.02999877929688,74.70999908447266,47.49673461914063,1791200
BXP,2010-07-19,74.75,76.68000030517578,73.93000030517578,76.25,48.47578430175781,1497700
BXP,2010-07-20,75.0,78.04000091552734,74.68000030517578,77.97000122070312,49.56927108764648,1828300
BXP,2010-07-21,78.37000274658203,78.5,75.73999786376953,76.08000183105469,48.36771011352539,1351800
BXP,2010-07-22,77.12999725341797,79.77999877929688,76.52999877929688,79.13999938964844,50.31311798095703,1709800
BXP,2010-07-23,78.83999633789062,80.0999984741211,77.62000274658203,79.97000122070312,50.840782165527344,1399400
BXP,2010-07-26,80.13999938964844,81.86000061035156,79.45999908447266,81.75,51.97239303588867,1161900
BXP,2010-07-27,82.0,82.5,80.37000274658203,81.62999725341797,51.8961067199707,1371200
BXP,2010-07-28,81.26000213623047,82.55999755859375,80.86000061035156,81.54000091552734,51.83890151977539,1227700
BXP,2010-07-29,82.18000030517578,82.18000030517578,80.2699966430664,81.0999984741211,51.55918884277344,1557100
BXP,2010-07-30,80.13999938964844,82.36000061035156,79.94000244140625,81.9000015258789,52.06776428222656,1631400
BXP,2010-08-02,83.76000213623047,85.66000366210938,82.98999786376953,85.08000183105469,54.089454650878906,2529600
BXP,2010-08-03,84.72000122070312,84.72000122070312,83.18000030517578,84.11000061035156,53.472774505615234,1732800
BXP,2010-08-04,84.25,85.91999816894531,84.0,85.6500015258789,54.451847076416016,1650600
BXP,2010-08-05,84.98999786376953,85.69999694824219,84.4800033569336,84.88999938964844,53.96863555908203,1201900
BXP,2010-08-06,84.45999908447266,84.88999938964844,83.26000213623047,84.7300033569336,53.8669548034668,890100
BXP,2010-08-09,85.04000091552734,86.08000183105469,84.44999694824219,85.87000274658203,54.59169769287109,959800
BXP,2010-08-10,85.3499984741211,85.61000061035156,83.79000091552734,84.58999633789062,53.77793502807617,1115200
BXP,2010-08-11,83.19999694824219,84.16000366210938,82.33999633789062,82.86000061035156,52.67808151245117,1387600
BXP,2010-08-12,81.44999694824219,82.86000061035156,81.27999877929688,81.31999969482422,51.699031829833984,1300400
BXP,2010-08-13,81.0999984741211,82.0,80.98999786376953,81.0199966430664,51.50830841064453,1280800
BXP,2010-08-16,80.56999969482422,81.61000061035156,80.0,81.04000091552734,51.52101516723633,976800
BXP,2010-08-17,81.77999877929688,84.37999725341797,81.37000274658203,83.6500015258789,53.18032455444336,1426900
BXP,2010-08-18,83.77999877929688,84.0,82.72000122070312,83.16999816894531,52.87518310546875,1149000
BXP,2010-08-19,82.73999786376953,82.83000183105469,80.52999877929688,81.23999786376953,51.64818572998047,1522800
BXP,2010-08-20,80.52999877929688,81.44999694824219,80.27999877929688,81.2300033569336,51.64184188842773,815300
BXP,2010-08-23,81.56999969482422,82.36000061035156,81.41999816894531,81.52999877929688,51.832557678222656,1024400
BXP,2010-08-24,80.9800033569336,80.9800033569336,79.63999938964844,79.94000244140625,50.82170104980469,1524200
BXP,2010-08-25,79.44000244140625,81.7300033569336,79.20999908447266,81.38999938964844,51.74355316162109,950700
BXP,2010-08-26,81.87999725341797,82.05999755859375,80.4800033569336,80.6500015258789,51.273094177246094,1288000
BXP,2010-08-27,81.33999633789062,82.20999908447266,79.37999725341797,81.72000122070312,51.95334243774414,1343700
BXP,2010-08-30,81.27999877929688,82.16999816894531,81.02999877929688,81.05999755859375,51.53374481201172,879900
BXP,2010-08-31,81.0,81.93000030517578,80.41999816894531,81.4000015258789,51.74990463256836,1189500
BXP,2010-09-01,82.80000305175781,84.79000091552734,82.19000244140625,84.47000122070312,53.70165252685547,1622800
BXP,2010-09-02,84.6500015258789,86.54000091552734,84.61000061035156,86.41999816894531,54.94136428833008,1922200
BXP,2010-09-03,87.54000091552734,88.37000274658203,86.66999816894531,87.8499984741211,55.85046005249024,1508900
BXP,2010-09-07,87.08999633789062,87.56999969482422,86.44999694824219,86.5199966430664,55.00492477416992,992300
BXP,2010-09-08,85.88999938964844,87.04000091552734,85.86000061035156,86.80000305175781,55.18292617797852,1094200
BXP,2010-09-09,88.1500015258789,88.16000366210938,84.97000122070312,85.0999984741211,54.102169036865234,1458400
BXP,2010-09-10,85.41000366210938,86.0999984741211,84.70999908447266,85.19999694824219,54.165748596191406,1251500
BXP,2010-09-13,85.88999938964844,86.31999969482422,85.48999786376953,86.26000213623047,54.83964157104492,1188400
BXP,2010-09-14,85.87000274658203,86.88999938964844,85.30999755859375,86.4000015258789,54.92864608764648,858600
BXP,2010-09-15,86.05000305175781,87.55000305175781,85.51000213623047,87.5,55.627960205078125,871500
BXP,2010-09-16,87.19000244140625,87.41999816894531,86.33000183105469,86.7699966430664,55.163856506347656,615900
BXP,2010-09-17,87.05999755859375,87.37000274658203,86.41000366210938,87.0999984741211,55.3736457824707,873800
BXP,2010-09-20,87.66999816894531,89.25,87.25,88.87999725341797,56.50528335571289,1141200
BXP,2010-09-21,88.01000213623047,89.26000213623047,87.9000015258789,88.01000213623047,55.95218276977539,1561400
BXP,2010-09-22,87.77999877929688,88.23999786376953,86.06999969482422,86.54000091552734,55.01765823364258,1368900
BXP,2010-09-23,85.5,85.91999816894531,83.69999694824219,83.9800033569336,53.3901252746582,1690400
BXP,2010-09-24,85.0,86.02999877929688,84.83000183105469,85.77999877929688,54.53447723388672,1389700
BXP,2010-09-27,85.7300033569336,85.83999633789062,84.45999908447266,85.02999877929688,54.05768203735352,892500
BXP,2010-09-28,84.94999694824219,85.20999908447266,83.2300033569336,84.95999908447266,54.33265686035156,1228100
BXP,2010-09-29,84.69000244140625,84.80999755859375,83.12000274658203,83.4800033569336,53.38619613647461,1078500
BXP,2010-09-30,83.94999694824219,84.94999694824219,82.62999725341797,83.12000274658203,53.15595245361328,1829400
BXP,2010-10-01,83.9000015258789,83.98999786376953,82.70999908447266,83.63999938964844,53.48850631713867,1213500
BXP,2010-10-04,83.56999969482422,84.02999877929688,82.9000015258789,83.56999969482422,53.4437255859375,1006500
BXP,2010-10-05,84.47000122070312,85.20999908447266,83.62000274658203,85.08000183105469,54.40939712524414,1298000
BXP,2010-10-06,84.69999694824219,85.0,84.05000305175781,84.80999755859375,54.23674392700195,974100
BXP,2010-10-07,85.19999694824219,85.68000030517578,84.61000061035156,84.98999786376953,54.35184097290039,704800
BXP,2010-10-08,85.04000091552734,85.18000030517578,84.19999694824219,84.86000061035156,54.26871109008789,1018500
BXP,2010-10-11,84.86000061035156,85.41000366210938,84.62999725341797,85.06999969482422,54.40299987792969,635600
BXP,2010-10-12,84.72000122070312,85.98999786376953,84.36000061035156,85.8499984741211,54.90180206298828,797800
BXP,2010-10-13,86.3499984741211,87.54000091552734,86.0199966430664,86.83000183105469,55.52853393554688,1258100
BXP,2010-10-14,86.5,87.33999633789062,86.2699966430664,87.16999816894531,55.7459602355957,1019600
BXP,2010-10-15,87.5999984741211,87.98999786376953,86.62000274658203,86.95999908447266,55.61167144775391,940000
BXP,2010-10-18,86.52999877929688,88.45999908447266,86.19999694824219,88.44999694824219,56.564544677734375,1436200
BXP,2010-10-19,87.5,88.98999786376953,87.11000061035156,87.80999755859375,56.15525817871094,1583200
BXP,2010-10-20,88.16000366210938,90.87999725341795,87.95999908447266,89.88999938964844,57.48543930053711,1674500
BXP,2010-10-21,90.11000061035156,91.2300033569336,89.47000122070312,90.13999938964844,57.645294189453125,873300
BXP,2010-10-22,90.20999908447266,91.04000091552734,89.55999755859375,90.5,57.87553024291992,881500
BXP,2010-10-25,91.18000030517578,91.4499969482422,90.4800033569336,90.7300033569336,58.02260971069336,853800
BXP,2010-10-26,90.19000244140624,90.2300033569336,89.18000030517578,89.87000274658203,57.472633361816406,1022900
BXP,2010-10-27,88.62000274658203,89.2300033569336,86.69000244140625,87.33999633789062,55.85468673706055,1888500
BXP,2010-10-28,87.91000366210938,88.05999755859375,86.05000305175781,86.25,55.15763854980469,1121500
BXP,2010-10-29,85.87999725341797,86.36000061035156,85.7300033569336,86.19000244140625,55.11924743652344,1153200
BXP,2010-11-01,86.58999633789062,86.93000030517578,85.8499984741211,86.31999969482422,55.2023811340332,1014100
BXP,2010-11-02,87.27999877929688,87.5,86.52999877929688,87.4000015258789,55.89304733276367,810700
BXP,2010-11-03,87.47000122070312,87.87999725341797,86.80000305175781,87.3499984741211,55.86109924316406,869500
BXP,2010-11-04,88.4800033569336,88.77999877929688,87.73999786376953,88.63999938964844,56.68603515625,1228300
BXP,2010-11-05,88.62999725341797,90.51000213623048,88.4000015258789,90.1500015258789,57.65169906616211,1118800
BXP,2010-11-08,89.7699966430664,90.1999969482422,88.9800033569336,89.33000183105469,57.12729263305664,750900
BXP,2010-11-09,89.02999877929688,89.02999877929688,84.76000213623047,85.37000274658203,54.5948486328125,2146800
BXP,2010-11-10,85.5199966430664,86.5,85.37000274658203,86.31999969482422,55.2023811340332,958700
BXP,2010-11-11,85.47000122070312,86.62000274658203,85.05000305175781,85.06999969482422,54.40299987792969,850800
BXP,2010-11-12,84.44999694824219,85.30999755859375,83.94000244140625,84.69999694824219,54.1663818359375,887300
BXP,2010-11-15,85.04000091552734,85.80999755859375,83.69000244140625,83.7699966430664,53.57164001464844,919200
BXP,2010-11-16,83.27999877929688,83.70999908447266,81.0199966430664,81.55999755859375,52.1583137512207,1500900
BXP,2010-11-17,81.83999633789062,82.4800033569336,81.38999938964844,82.26000213623047,52.6059684753418,1007900
BXP,2010-11-18,83.91999816894531,84.19000244140625,83.25,83.52999877929688,53.41815185546875,1479600
BXP,2010-11-19,83.5199966430664,84.30000305175781,82.81999969482422,84.12000274658203,53.79546356201172,937800
BXP,2010-11-22,83.66999816894531,84.58999633789062,83.41999816894531,84.05999755859375,53.75708770751953,768900
BXP,2010-11-23,83.06999969482422,83.83999633789062,82.80999755859375,83.47000122070312,53.37976837158203,912800
BXP,2010-11-24,84.12999725341797,85.12000274658203,83.8499984741211,84.95999908447266,54.33265686035156,847100
BXP,2010-11-26,84.26000213623047,84.72000122070312,83.98999786376953,84.33000183105469,53.92974472045898,375000
BXP,2010-11-29,83.66999816894531,84.44999694824219,82.5999984741211,84.19000244140625,53.84023666381836,727800
BXP,2010-11-30,83.19999694824219,84.5,83.01000213623047,83.80000305175781,53.59082412719727,1265400
BXP,2010-12-01,85.0999984741211,85.22000122070312,84.02999877929688,84.91000366210938,54.30066680908203,909000
BXP,2010-12-02,84.91999816894531,86.31999969482422,84.68000030517578,86.12000274658203,55.0744743347168,905400
BXP,2010-12-03,85.68000030517578,86.37000274658203,85.30000305175781,86.19000244140625,55.11924743652344,580600
BXP,2010-12-06,85.94999694824219,86.80999755859375,85.08000183105469,86.41000366210938,55.25993347167969,739600
BXP,2010-12-07,87.33000183105469,87.33000183105469,86.0999984741211,86.41000366210938,55.25993347167969,717100
BXP,2010-12-08,86.41000366210938,86.4800033569336,84.02999877929688,84.51000213623047,54.04487228393555,1180800
BXP,2010-12-09,85.19000244140625,85.38999938964844,82.6500015258789,82.69999694824219,52.88735961914063,1391300
BXP,2010-12-10,82.7699966430664,83.43000030517578,82.51000213623047,83.37000274658203,53.31583404541016,799200
BXP,2010-12-13,83.58000183105469,84.44999694824219,83.26000213623047,84.05000305175781,53.75070190429688,737200
BXP,2010-12-14,83.94000244140625,84.0999984741211,82.1500015258789,82.66000366210938,52.861778259277344,1069500
BXP,2010-12-15,82.5,83.13999938964844,81.9000015258789,81.94999694824219,52.40771865844727,1139100
BXP,2010-12-16,82.04000091552734,82.5199966430664,81.11000061035156,82.05999755859375,52.478057861328125,792700
BXP,2010-12-17,82.06999969482422,83.25,81.77999877929688,83.12000274658203,53.15595245361328,1747400
BXP,2010-12-20,83.55999755859375,84.37999725341797,83.31999969482422,84.19000244140625,53.84023666381836,798800
BXP,2010-12-21,84.55999755859375,84.86000061035156,83.81999969482422,84.73999786376953,54.19195938110352,995500
BXP,2010-12-22,85.1500015258789,86.18000030517578,84.73999786376953,85.55999755859375,54.71635818481445,675100
BXP,2010-12-23,85.44999694824219,86.12000274658203,85.37000274658203,85.41000366210938,54.620418548583984,513500
BXP,2010-12-27,85.2300033569336,86.5999984741211,84.94000244140625,86.58999633789062,55.37506484985352,331100
BXP,2010-12-28,86.58999633789062,87.0,86.0199966430664,86.88999938964844,55.5669059753418,509700
BXP,2010-12-29,86.80000305175781,86.80000305175781,85.83000183105469,86.51000213623047,55.64408493041992,698700
BXP,2010-12-30,86.58999633789062,86.8499984741211,86.4000015258789,86.52999877929688,55.656959533691406,548300
BXP,2010-12-31,86.52999877929688,86.9800033569336,86.02999877929688,86.0999984741211,55.38037490844727,745900
BXP,2011-01-03,86.86000061035156,89.31999969482422,86.83999633789062,89.18000030517578,57.361419677734375,1505500
BXP,2011-01-04,89.47000122070312,89.58000183105469,86.19999694824219,86.5,55.637657165527344,1907300
BXP,2011-01-05,86.18000030517578,87.41999816894531,85.94000244140625,87.08000183105469,56.0107307434082,1074800
BXP,2011-01-06,87.0999984741211,87.36000061035156,85.63999938964844,85.87000274658203,55.232452392578125,1562400
BXP,2011-01-07,86.11000061035156,86.7300033569336,84.20999908447266,84.93000030517578,54.627811431884766,1702500
BXP,2011-01-10,84.56999969482422,85.08999633789062,83.9000015258789,84.68000030517578,54.467018127441406,1387300
BXP,2011-01-11,84.81999969482422,85.54000091552734,84.12000274658203,84.66000366210938,54.45417785644531,941800
BXP,2011-01-12,85.0199966430664,86.62999725341797,85.01000213623047,86.45999908447266,55.6119384765625,1344200
BXP,2011-01-13,86.5999984741211,87.43000030517578,86.20999908447266,87.20999908447266,56.09431838989258,991100
BXP,2011-01-14,87.43000030517578,89.5,87.20999908447266,89.47000122070312,57.5479850769043,1646500
BXP,2011-01-18,89.2300033569336,90.97000122070312,89.16000366210938,90.58000183105467,58.26195526123047,1386400
BXP,2011-01-19,90.41000366210938,90.6999969482422,89.38999938964844,89.62999725341797,57.65088653564453,1517600
BXP,2011-01-20,89.55000305175781,90.7699966430664,89.47000122070312,89.94999694824219,57.85672378540039,1464500
BXP,2011-01-21,89.98999786376953,90.29000091552734,89.27999877929688,90.29000091552734,58.075439453125,1188800
BXP,2011-01-24,90.33000183105467,91.29000091552734,89.94999694824219,90.5199966430664,58.22335433959961,1068500
BXP,2011-01-25,90.11000061035156,91.29000091552734,89.83000183105469,91.26000213623048,58.69932556152344,1150500
BXP,2011-01-26,93.62000274658205,93.8000030517578,91.75,92.33000183105467,59.38756561279297,1157300
BXP,2011-01-27,92.98999786376952,93.76000213623048,92.66000366210938,93.72000122070312,60.28163528442383,1216600
BXP,2011-01-28,93.61000061035156,94.26000213623048,92.44000244140624,92.70999908447266,59.63201141357422,1117600
BXP,2011-01-31,93.02999877929688,94.94000244140624,93.02999877929688,94.37000274658205,60.6997184753418,987200
BXP,2011-02-01,94.91999816894533,95.12000274658205,93.12000274658205,93.7699966430664,60.313777923583984,1105300
BXP,2011-02-02,93.4800033569336,94.26000213623048,93.18000030517578,93.41000366210938,60.08224868774414,957200
BXP,2011-02-03,93.4000015258789,94.20999908447266,92.87999725341795,93.9800033569336,60.44886016845703,816700
BXP,2011-02-04,93.87000274658205,94.12999725341795,92.93000030517578,93.33999633789062,60.03720474243164,1047500
BXP,2011-02-07,93.76000213623048,94.91999816894533,93.31999969482422,94.69000244140624,60.90555191040039,1201400
BXP,2011-02-08,94.76000213623048,95.52999877929688,94.56999969482422,94.87000274658205,61.02132415771485,1196100
BXP,2011-02-09,94.31999969482422,95.0,94.18000030517578,94.75,60.94414138793945,1073900
BXP,2011-02-10,94.3499984741211,95.77999877929688,94.3499984741211,95.37000274658205,61.34292984008789,1146600
BXP,2011-02-11,95.0999984741211,96.33999633789062,95.05999755859376,95.9000015258789,61.68385696411133,1040700
BXP,2011-02-14,95.9000015258789,96.22000122070312,94.55999755859376,95.37000274658205,61.34292984008789,653200
BXP,2011-02-15,94.83000183105467,96.2699966430664,94.5199966430664,95.47000122070312,61.40727996826172,938100
BXP,2011-02-16,95.91000366210938,96.58999633789062,94.8499984741211,95.20999908447266,61.240020751953125,792400
BXP,2011-02-17,95.0199966430664,95.0500030517578,94.38999938964844,94.51000213623048,60.789772033691406,804100
BXP,2011-02-18,94.25,95.2699966430664,94.13999938964844,94.98999786376952,61.09850692749024,933500
BXP,2011-02-22,94.2699966430664,95.7699966430664,93.87999725341795,94.0,60.46175384521485,1392500
BXP,2011-02-23,94.12999725341795,94.52999877929688,92.5199966430664,93.0,59.81853485107422,1385500
BXP,2011-02-24,92.7300033569336,93.77999877929688,92.05999755859376,92.4499969482422,59.46474838256836,1108700
BXP,2011-02-25,93.12000274658205,94.01000213623048,93.04000091552734,93.7300033569336,60.288063049316406,1468900
BXP,2011-02-28,93.98999786376952,96.36000061035156,93.95999908447266,95.91999816894533,61.69672775268555,1542000
BXP,2011-03-01,96.0999984741211,96.1500015258789,93.4000015258789,93.6500015258789,60.23660659790039,1375300
BXP,2011-03-02,93.7300033569336,93.8000030517578,92.08000183105467,92.69000244140624,59.619136810302734,1127300
BXP,2011-03-03,93.62000274658205,94.0500030517578,93.23999786376952,94.0199966430664,60.474605560302734,1072000
BXP,2011-03-04,93.73999786376952,94.04000091552734,92.2300033569336,92.7300033569336,59.64485168457031,770900
BXP,2011-03-07,93.05999755859376,93.55999755859376,91.8000030517578,92.33999633789062,59.394020080566406,588500
BXP,2011-03-08,92.5500030517578,93.81999969482422,92.5500030517578,93.37000274658205,60.0565185546875,983400
BXP,2011-03-09,93.31999969482422,94.0,92.68000030517578,93.4499969482422,60.10796356201172,1004300
BXP,2011-03-10,92.2699966430664,93.0199966430664,91.44000244140624,91.56999969482422,58.89871597290039,1222400
BXP,2011-03-11,91.20999908447266,93.4800033569336,91.06999969482422,93.2300033569336,59.96647262573242,951200
BXP,2011-03-14,92.58999633789062,92.86000061035156,91.97000122070312,92.04000091552734,59.20103073120117,1035600
BXP,2011-03-15,89.88999938964844,93.02999877929688,89.81999969482422,91.95999908447266,59.14958190917969,1577100
BXP,2011-03-16,91.83999633789062,92.01000213623048,89.93000030517578,90.41000366210938,58.15262985229492,1227800
BXP,2011-03-17,91.77999877929688,91.94000244140624,90.7300033569336,91.66000366210938,58.95661926269531,827200
BXP,2011-03-18,92.91000366210938,93.12999725341795,91.4800033569336,91.5199966430664,58.86656951904297,1535500
BXP,2011-03-21,92.55999755859376,93.05999755859376,91.93000030517578,92.37999725341795,59.41972732543945,847100
BXP,2011-03-22,92.5199966430664,92.95999908447266,91.87000274658205,92.1999969482422,59.303955078125,884400
BXP,2011-03-23,92.01000213623048,92.26000213623048,90.01000213623047,91.0,58.532108306884766,863600
BXP,2011-03-24,91.3499984741211,91.66000366210938,90.23999786376952,91.43000030517578,58.80868911743164,1097500
BXP,2011-03-25,91.83000183105467,92.9800033569336,91.5199966430664,92.88999938964844,59.74776840209961,959000
BXP,2011-03-28,93.0,93.72000122070312,92.87999725341795,93.1999969482422,59.94715881347656,1222600
BXP,2011-03-29,92.77999877929688,93.8000030517578,92.4000015258789,93.5199966430664,60.47743606567383,1759800
BXP,2011-03-30,93.81999969482422,94.12000274658205,93.3000030517578,93.94000244140624,60.749061584472656,1244100
BXP,2011-03-31,93.8000030517578,94.9499969482422,93.56999969482422,94.8499984741211,61.33755493164063,776600
BXP,2011-04-01,95.52999877929688,96.63999938964844,95.16999816894533,96.54000091552734,62.4304084777832,1567300
BXP,2011-04-04,96.5199966430664,97.04000091552734,96.30999755859376,96.62999725341795,62.48859405517578,776400
BXP,2011-04-05,96.3499984741211,96.9800033569336,96.23999786376952,96.61000061035156,62.475677490234375,475600
BXP,2011-04-06,96.7300033569336,97.0500030517578,95.8000030517578,95.87000274658205,61.99714660644531,797300
BXP,2011-04-07,95.83999633789062,96.0500030517578,94.48999786376952,94.8499984741211,61.33755493164063,1078800
BXP,2011-04-08,95.41000366210938,95.4800033569336,93.6999969482422,93.91000366210938,60.72964859008789,760100
BXP,2011-04-11,94.25,94.91999816894533,94.22000122070312,94.7699966430664,61.285789489746094,607000
BXP,2011-04-12,94.3499984741211,95.11000061035156,94.19000244140624,94.44000244140624,61.0723876953125,950800
BXP,2011-04-13,94.7300033569336,95.0999984741211,93.75,94.05999755859376,60.82664489746094,729200
BXP,2011-04-14,93.37999725341795,96.2300033569336,93.29000091552734,95.7699966430664,61.932464599609375,1119700
BXP,2011-04-15,95.87999725341795,97.16000366210938,95.87999725341795,97.13999938964844,62.81843185424805,860100
BXP,2011-04-18,96.06999969482422,96.54000091552734,95.61000061035156,96.30999755859376,62.281681060791016,877500
BXP,2011-04-19,96.33000183105467,97.16000366210938,95.81999969482422,97.16000366210938,62.83135986328125,918100
BXP,2011-04-20,98.37000274658205,98.37000274658205,97.08000183105467,98.12000274658205,63.45219039916992,836400
BXP,2011-04-21,98.38999938964844,98.9499969482422,97.51000213623048,98.91000366210938,63.96306228637695,777100
BXP,2011-04-25,99.0,100.4499969482422,98.62999725341795,100.22000122070312,64.8102035522461,844500
BXP,2011-04-26,100.66000366210938,101.6999969482422,99.95999908447266,100.9499969482422,65.28227233886719,996700
BXP,2011-04-27,101.18000030517578,102.2699966430664,100.72000122070312,101.88999938964844,65.89015197753906,850400
BXP,2011-04-28,101.80999755859376,104.19000244140624,101.62000274658205,103.77999877929688,67.11235809326172,1482200
BXP,2011-04-29,103.83000183105467,104.58000183105467,102.68000030517578,104.52999877929688,67.597412109375,1500000
BXP,2011-05-02,105.19000244140624,105.33000183105467,103.47000122070312,104.0999984741211,67.31929016113281,1176800
BXP,2011-05-03,104.08999633789062,105.37999725341795,102.36000061035156,103.79000091552734,67.11885833740234,1109000
BXP,2011-05-04,103.7699966430664,105.08999633789062,103.0500030517578,104.51000213623048,67.58443450927734,1284700
BXP,2011-05-05,103.93000030517578,105.2300033569336,103.66000366210938,104.19000244140624,67.37749481201172,1008100
BXP,2011-05-06,104.97000122070312,105.0,102.87999725341795,103.33000183105467,66.82136535644531,1332000
BXP,2011-05-09,103.33000183105467,104.25,102.95999908447266,103.94000244140624,67.21585083007812,663300
BXP,2011-05-10,104.0,105.73999786376952,103.86000061035156,105.70999908447266,68.3604507446289,1120500
BXP,2011-05-11,105.4499969482422,105.62000274658205,104.38999938964844,104.5199966430664,67.5909194946289,987500
BXP,2011-05-12,104.12000274658205,104.31999969482422,103.33000183105467,104.0,67.25462341308594,1050900
BXP,2011-05-13,104.27999877929688,104.27999877929688,102.55999755859376,103.01000213623048,66.61443328857422,1008100
BXP,2011-05-16,102.8499984741211,105.13999938964844,102.7300033569336,104.58999633789062,67.63616943359375,1274400
BXP,2011-05-17,104.16999816894533,104.7300033569336,103.61000061035156,104.41000366210938,67.5197982788086,735000
BXP,2011-05-18,104.6500015258789,105.86000061035156,104.0199966430664,105.70999908447266,68.3604507446289,610100
BXP,2011-05-19,106.18000030517578,106.7699966430664,105.70999908447266,106.29000091552734,68.73551177978516,818700
BXP,2011-05-20,106.20999908447266,106.4499969482422,104.2300033569336,104.51000213623048,67.58443450927734,1132200
BXP,2011-05-23,103.19000244140624,103.95999908447266,103.19000244140624,103.5199966430664,66.9442367553711,980200
BXP,2011-05-24,103.76000213623048,104.22000122070312,103.01000213623048,103.2699966430664,66.78256225585938,730300
BXP,2011-05-25,103.08999633789062,104.73999786376952,102.44000244140624,104.0999984741211,67.31929016113281,948400
BXP,2011-05-26,103.83999633789062,105.97000122070312,103.51000213623048,105.77999877929688,68.40572357177734,653600
BXP,2011-05-27,106.3000030517578,106.5,105.1500015258789,106.33000183105467,68.76140594482422,549000
BXP,2011-05-31,107.01000213623048,108.3499984741211,106.62000274658205,108.3499984741211,70.06768798828125,1235600
BXP,2011-06-01,107.68000030517578,108.1999969482422,104.87000274658205,104.9800033569336,67.88838195800781,1393000
BXP,2011-06-02,104.47000122070312,106.0,104.47000122070312,104.48999786376952,67.57150268554688,1227900
BXP,2011-06-03,103.19000244140624,105.23999786376952,103.19000244140624,104.47000122070312,67.55857849121094,1229700
BXP,2011-06-06,104.37000274658205,105.0199966430664,102.9499969482422,103.20999908447266,66.7437744140625,1098100
BXP,2011-06-07,103.63999938964844,105.66999816894533,103.27999877929688,104.48999786376952,67.57150268554688,1126300
BXP,2011-06-08,104.4499969482422,105.73999786376952,104.18000030517578,104.43000030517578,67.53271484375,1196700
BXP,2011-06-09,104.5500030517578,104.7300033569336,102.4499969482422,103.16000366210938,66.71145629882812,1083300
BXP,2011-06-10,103.5999984741211,103.6500015258789,100.5,101.19000244140624,65.43748474121094,1571600
BXP,2011-06-13,101.37999725341795,102.41999816894533,100.83000183105467,101.6500015258789,65.73494720458984,1227000
BXP,2011-06-14,102.61000061035156,103.47000122070312,102.33000183105467,103.1500015258789,66.70496368408203,1294000
BXP,2011-06-15,102.33999633789062,102.6500015258789,100.0,101.04000091552734,65.34048461914062,1197900
BXP,2011-06-16,101.33999633789062,102.81999969482422,100.7300033569336,102.73999786376952,66.4398193359375,1614200
BXP,2011-06-17,103.58999633789062,104.51000213623048,102.75,103.93000030517578,67.20936584472656,1958100
BXP,2011-06-20,103.52999877929688,105.95999908447266,103.4499969482422,105.68000030517578,68.34104919433594,901000
BXP,2011-06-21,106.72000122070312,106.91000366210938,105.6999969482422,106.7300033569336,69.02009582519531,1053900
BXP,2011-06-22,106.26000213623048,107.9499969482422,105.91999816894533,106.76000213623048,69.03947448730469,1028200
BXP,2011-06-23,105.47000122070312,105.7699966430664,102.70999908447266,103.66999816894533,67.04125213623047,1607300
BXP,2011-06-24,103.73999786376952,104.55999755859376,102.2699966430664,102.61000061035156,66.35574340820312,2529900
BXP,2011-06-27,102.81999969482422,104.0199966430664,102.5,103.86000061035156,67.16409301757812,1027700
BXP,2011-06-28,103.98999786376952,104.44000244140624,102.97000122070312,104.3000030517578,67.77494049072266,990400
BXP,2011-06-29,104.9499969482422,105.80999755859376,104.4000015258789,105.70999908447266,68.69114685058594,847500
BXP,2011-06-30,105.9499969482422,106.5,105.16999816894533,106.16000366210938,68.98356628417969,939000
BXP,2011-07-01,106.0,108.1999969482422,105.98999786376952,107.83000183105467,70.06871795654297,1025400
BXP,2011-07-05,107.83000183105467,110.23999786376952,107.12000274658205,109.76000213623048,71.32286071777344,1377600
BXP,2011-07-06,109.55999755859376,110.91000366210938,108.83000183105467,110.62000274658205,71.88170623779297,964700
BXP,2011-07-07,111.54000091552734,111.94000244140624,110.83999633789062,111.4800033569336,72.44055938720703,936900
BXP,2011-07-08,110.0999984741211,110.83999633789062,109.5500030517578,110.75,71.96617889404297,693400
BXP,2011-07-11,109.47000122070312,109.87999725341795,108.37999725341795,108.58999633789062,70.56260681152344,763200
BXP,2011-07-12,108.47000122070312,110.86000061035156,108.30999755859376,108.97000122070312,70.80952453613281,1019600
BXP,2011-07-13,109.43000030517578,110.12000274658205,108.43000030517578,108.45999908447266,70.47811889648438,715800
BXP,2011-07-14,109.01000213623048,109.1999969482422,107.16999816894533,107.97000122070312,70.15972900390625,1151200
BXP,2011-07-15,108.44000244140624,109.51000213623048,107.6999969482422,109.45999908447266,71.1279067993164,784800
BXP,2011-07-18,108.9000015258789,109.16999816894533,107.11000061035156,108.0999984741211,70.24419403076172,859500
BXP,2011-07-19,108.95999908447266,111.0,108.95999908447266,110.98999786376952,72.12214660644531,955800
BXP,2011-07-20,111.27999877929688,111.45999908447266,110.0500030517578,110.66000366210938,71.90769958496094,839200
BXP,2011-07-21,111.5500030517578,112.83999633789062,111.13999938964844,112.36000061035156,73.01237487792969,896300
BXP,2011-07-22,112.56999969482422,112.77999877929688,111.79000091552734,112.2699966430664,72.95388793945312,832900
BXP,2011-07-25,111.12000274658205,111.6500015258789,110.37999725341795,110.91999816894533,72.07662963867188,929200
BXP,2011-07-26,111.08000183105467,111.12999725341795,109.6500015258789,110.37000274658205,71.71925354003906,916900
BXP,2011-07-27,110.04000091552734,110.0999984741211,106.88999938964844,106.98999786376952,69.52288818359375,1318700
BXP,2011-07-28,107.20999908447266,107.95999908447266,105.77999877929688,107.20999908447266,69.6658706665039,1000700
BXP,2011-07-29,106.20999908447266,107.77999877929688,105.2699966430664,107.36000061035156,69.76334381103516,1091500
BXP,2011-08-01,108.7699966430664,108.9800033569336,105.16999816894533,105.95999908447266,68.8536148071289,1180800
BXP,2011-08-02,105.1999969482422,106.80999755859376,103.4499969482422,103.4800033569336,67.24208068847656,1787000
BXP,2011-08-03,103.27999877929688,103.43000030517578,100.25,103.12000274658205,67.00818634033203,1583600
BXP,2011-08-04,101.80999755859376,102.1500015258789,98.27999877929688,98.37999725341795,63.92806243896485,2007300
BXP,2011-08-05,99.6999969482422,100.2699966430664,95.25,96.91000366210938,62.97285079956055,2307000
BXP,2011-08-08,94.68000030517578,95.13999938964844,89.0199966430664,89.0999984741211,57.89785385131836,3011000
BXP,2011-08-09,90.6500015258789,97.16000366210938,89.36000061035156,97.12000274658205,63.10931396484375,3526700
BXP,2011-08-10,94.66000366210938,100.3499984741211,94.0,95.66000366210938,62.16057968139648,4294900
BXP,2011-08-11,96.7300033569336,102.20999908447266,95.31999969482422,100.30999755859376,65.18220520019531,2883800
BXP,2011-08-12,101.23999786376952,102.3000030517578,99.37000274658205,100.16999816894533,65.09121704101562,1421200
BXP,2011-08-15,100.76000213623048,103.5,100.62999725341795,103.26000213623048,67.09912872314453,1587400
BXP,2011-08-16,101.63999938964844,103.75,100.7300033569336,103.0199966430664,66.94317626953125,1406800
BXP,2011-08-17,102.95999908447266,104.66999816894533,102.62000274658205,104.08999633789062,67.63847351074219,1408800
BXP,2011-08-18,100.38999938964844,101.75,98.83999633789062,100.04000091552734,65.00675964355469,2152000
BXP,2011-08-19,99.0199966430664,101.58000183105467,98.5,98.77999877929688,64.18798065185547,1747900
BXP,2011-08-22,100.83000183105467,100.83000183105467,97.36000061035156,97.98999786376952,63.67461395263672,1523700
BXP,2011-08-23,98.0999984741211,100.3499984741211,97.51000213623048,100.30999755859376,65.18220520019531,1152500
BXP,2011-08-24,100.37999725341795,101.79000091552734,98.94000244140624,101.12000274658205,65.70854187011719,1723800
BXP,2011-08-25,101.41000366210938,103.02999877929688,98.69000244140624,99.52999877929688,64.67534637451172,1334400
BXP,2011-08-26,98.3499984741211,100.69000244140624,96.43000030517578,100.5999984741211,65.37061309814453,1068800
BXP,2011-08-29,101.8499984741211,103.7300033569336,101.12000274658205,103.63999938964844,67.34606170654297,1208800
BXP,2011-08-30,103.70999908447266,104.22000122070312,101.22000122070312,103.47000122070312,67.23558044433594,1062000
BXP,2011-08-31,103.9000015258789,104.58000183105467,102.66999816894533,104.29000091552734,67.76842498779297,1577100
BXP,2011-09-01,104.31999969482422,104.51000213623048,102.05999755859376,102.44000244140624,66.56629943847656,963900
BXP,2011-09-02,99.91000366210938,102.4499969482422,99.91000366210938,101.25,65.79301452636719,1035800
BXP,2011-09-06,98.37000274658205,102.69000244140624,98.3499984741211,101.7699966430664,66.13092041015625,1386600
BXP,2011-09-07,102.58999633789062,104.36000061035156,101.01000213623048,104.0999984741211,67.64496612548828,2091400
BXP,2011-09-08,103.83999633789062,104.72000122070312,103.12999725341795,103.5500030517578,67.28755950927734,1213200
BXP,2011-09-09,102.1999969482422,103.0,99.2699966430664,100.26000213623048,65.14970397949219,1278800
BXP,2011-09-12,99.0500030517578,100.48999786376952,98.30999755859376,100.4499969482422,65.27316284179688,1264000
BXP,2011-09-13,100.63999938964844,101.37000274658205,99.04000091552734,99.73999786376952,64.81180572509766,1991300
BXP,2011-09-14,100.52999877929688,101.20999908447266,98.2699966430664,100.55999755859376,65.34463500976562,1602000
BXP,2011-09-15,101.41000366210938,102.77999877929688,100.41999816894533,102.76000213623048,66.77422332763672,1283400
BXP,2011-09-16,102.83999633789062,103.91999816894533,101.5199966430664,102.5,66.6052474975586,1753700
BXP,2011-09-19,100.58000183105467,101.73999786376952,99.4000015258789,99.5199966430664,64.66883850097656,1257000
BXP,2011-09-20,99.81999969482422,101.0999984741211,99.4499969482422,99.61000061035156,64.72732543945312,1034900
BXP,2011-09-21,99.94000244140624,99.94000244140624,94.91000366210938,95.0500030517578,61.76422119140625,1755100
BXP,2011-09-22,92.58000183105467,93.18000030517578,91.13999938964844,92.5500030517578,60.139686584472656,2379500
BXP,2011-09-23,91.58999633789062,92.87999725341795,91.30999755859376,92.41999816894533,60.05522537231445,1773000
BXP,2011-09-26,93.02999877929688,93.30999755859376,90.5199966430664,93.0,60.43206787109375,1610700
BXP,2011-09-27,94.80999755859376,95.4000015258789,92.61000061035156,93.16000366210938,60.53606796264648,1761300
BXP,2011-09-28,93.08000183105467,93.41000366210938,90.62999725341795,90.80999755859376,59.32744598388672,1628200
BXP,2011-09-29,92.69000244140624,93.11000061035156,91.18000030517578,92.68000030517578,60.54914093017578,1664500
BXP,2011-09-30,91.29000091552734,92.72000122070312,89.0199966430664,89.0999984741211,58.21025848388672,2050200
BXP,2011-10-03,88.3499984741211,90.05000305175781,84.63999938964844,84.72000122070312,55.348751068115234,2607300
BXP,2011-10-04,83.12999725341797,86.8499984741211,82.31999969482422,86.54000091552734,56.53779602050781,2900000
BXP,2011-10-05,86.62000274658203,86.62000274658203,81.5199966430664,85.45999908447266,55.832218170166016,2597700
BXP,2011-10-06,85.12999725341797,87.80000305175781,84.0,87.69999694824219,57.29561996459961,1655000
BXP,2011-10-07,87.30000305175781,89.30000305175781,85.37000274658203,85.47000122070312,55.8387565612793,2239300
BXP,2011-10-10,87.0,90.58999633789062,87.0,90.52999877929688,59.14450454711914,1621600
BXP,2011-10-11,89.63999938964844,90.62000274658205,88.51000213623047,88.86000061035156,58.0534782409668,1606900
BXP,2011-10-12,89.54000091552734,91.38999938964844,88.68000030517578,89.91999816894531,58.74598693847656,1366400
BXP,2011-10-13,89.43000030517578,90.62999725341795,87.62999725341797,89.9000015258789,58.73291015625,1319100
BXP,2011-10-14,90.98999786376952,92.73999786376952,90.69000244140624,92.33999633789062,60.326995849609375,1093500
BXP,2011-10-17,91.45999908447266,92.1500015258789,90.1999969482422,90.55999755859376,59.16410827636719,1174400
BXP,2011-10-18,90.75,93.20999908447266,90.29000091552734,92.63999938964844,60.52302551269531,1529700
BXP,2011-10-19,92.33000183105467,93.5,89.8499984741211,90.06999969482422,58.84396743774414,1660900
BXP,2011-10-20,91.08999633789062,91.08999633789062,88.4800033569336,90.8499984741211,59.35356140136719,1305800
BXP,2011-10-21,91.93000030517578,93.62999725341795,91.26000213623048,92.9800033569336,60.7451286315918,1410000
BXP,2011-10-24,92.86000061035156,95.19000244140624,92.54000091552734,94.9800033569336,62.05175018310547,1336500
BXP,2011-10-25,93.81999969482422,94.19000244140624,92.7300033569336,92.98999786376952,60.75165557861328,1053600
BXP,2011-10-26,91.36000061035156,94.86000061035156,90.13999938964844,94.11000061035156,61.48337173461914,1934500
BXP,2011-10-27,97.33000183105467,99.61000061035156,95.66999816894533,99.1500015258789,64.77606964111328,1625300
BXP,2011-10-28,98.5,100.08000183105467,98.04000091552734,99.83999633789062,65.22686004638672,1298300
BXP,2011-10-31,98.25,99.77999877929688,98.0199966430664,98.98999786376952,64.67154693603516,1728400
BXP,2011-11-01,96.73999786376952,98.7699966430664,95.62999725341795,97.18000030517578,63.48904037475586,2225300
BXP,2011-11-02,99.06999969482422,99.29000091552734,96.13999938964844,98.33000183105467,64.24036407470703,1473200
BXP,2011-11-03,99.0500030517578,99.8000030517578,96.87000274658205,99.4000015258789,64.9394302368164,1078600
BXP,2011-11-04,98.58000183105467,99.05999755859376,97.08000183105467,98.80999755859376,64.55393981933594,886500
BXP,2011-11-07,98.56999969482422,99.83000183105467,97.45999908447266,98.9000015258789,64.61273956298828,632500
BXP,2011-11-08,99.0500030517578,100.63999938964844,97.61000061035156,100.4499969482422,65.6253890991211,807600
BXP,2011-11-09,98.23999786376952,99.06999969482422,95.43000030517578,95.8000030517578,62.58746719360352,1424700
BXP,2011-11-10,97.01000213623048,97.01000213623048,94.51000213623048,95.38999938964844,62.319618225097656,1072700
BXP,2011-11-11,96.79000091552734,98.22000122070312,96.0,98.08999633789062,64.08354949951172,793800
BXP,2011-11-14,97.48999786376952,97.48999786376952,95.12999725341795,95.5999984741211,62.45682144165039,850300
BXP,2011-11-15,95.47000122070312,96.9800033569336,94.80999755859376,96.38999938964844,62.97291946411133,582900
BXP,2011-11-16,95.52999877929688,96.91000366210938,95.1500015258789,95.29000091552734,62.2542724609375,738600
BXP,2011-11-17,95.01000213623048,95.77999877929688,93.2699966430664,93.7699966430664,61.26126480102539,1226600
BXP,2011-11-18,94.4800033569336,95.20999908447266,93.20999908447266,95.12999725341795,62.149749755859375,922500
BXP,2011-11-21,93.55999755859376,93.9800033569336,92.43000030517578,92.5,60.43154144287109,1257100
BXP,2011-11-22,92.47000122070312,93.18000030517578,91.58000183105467,92.12999725341795,60.18980407714844,764700
BXP,2011-11-23,91.27999877929688,91.30999755859376,88.80000305175781,88.81999969482422,58.0273323059082,1014600
BXP,2011-11-25,88.63999938964844,90.83999633789062,88.4000015258789,89.1500015258789,58.24295425415039,402300
BXP,2011-11-28,91.95999908447266,92.4800033569336,89.44000244140625,90.29000091552734,58.98771667480469,1519700
BXP,2011-11-29,90.6999969482422,91.20999908447266,89.5,89.95999908447266,58.772117614746094,981100
BXP,2011-11-30,92.3000030517578,95.5500030517578,91.73999786376952,95.37999725341795,62.313087463378906,1741200
BXP,2011-12-01,94.94000244140624,95.20999908447266,93.23999786376952,93.56999969482422,61.13057708740234,1071000
BXP,2011-12-02,94.43000030517578,95.26000213623048,93.45999908447266,93.7300033569336,61.23511505126953,811200
BXP,2011-12-05,94.95999908447266,96.44000244140624,94.5,95.2300033569336,62.215087890625,824800
BXP,2011-12-06,95.16999816894533,95.33000183105467,94.0999984741211,94.91000366210938,62.00602340698242,520200
BXP,2011-12-07,94.66999816894533,96.22000122070312,93.86000061035156,95.87000274658205,62.63320159912109,508700
BXP,2011-12-08,95.4000015258789,95.44000244140624,93.51000213623048,93.79000091552734,61.27431869506836,695000
BXP,2011-12-09,94.18000030517578,96.0,93.6999969482422,95.48999786376952,62.38494873046875,849000
BXP,2011-12-12,94.62000274658205,94.63999938964844,92.58000183105467,93.3499984741211,60.98685836791992,873700
BXP,2011-12-13,93.7300033569336,94.47000122070312,91.8499984741211,92.54000091552734,60.45767593383789,882800
BXP,2011-12-14,92.11000061035156,94.5199966430664,91.9000015258789,93.6500015258789,61.18284225463867,1186200
BXP,2011-12-15,94.43000030517578,96.06999969482422,93.55999755859376,95.04000091552734,62.09095001220703,1133400
BXP,2011-12-16,95.68000030517578,97.22000122070312,95.3000030517578,95.95999908447266,62.69200134277344,1305300
BXP,2011-12-19,96.08999633789062,96.8499984741211,94.91999816894533,95.11000061035156,62.13667297363281,754600
BXP,2011-12-20,96.4800033569336,98.5,96.1500015258789,98.38999938964844,64.2795639038086,822700
BXP,2011-12-21,98.37000274658205,98.66999816894533,97.3000030517578,97.9000015258789,63.95943069458008,762200
BXP,2011-12-22,98.31999969482422,100.52999877929688,98.01000213623048,100.02999877929688,65.35100555419922,1064600
BXP,2011-12-23,100.23999786376952,101.13999938964844,99.88999938964844,101.01000213623048,65.99124908447266,582400
BXP,2011-12-27,100.61000061035156,102.31999969482422,100.30999755859376,101.58999633789062,66.3701400756836,663400
BXP,2011-12-28,101.0999984741211,101.0999984741211,98.87999725341795,99.06999969482422,65.07614135742188,740000
BXP,2011-12-29,99.56999969482422,100.20999908447266,98.9499969482422,100.02999877929688,65.70673370361328,591700
BXP,2011-12-30,100.36000061035156,100.69000244140624,99.5999984741211,99.5999984741211,65.42428588867188,544200
BXP,2012-01-03,101.73999786376952,102.86000061035156,100.48999786376952,101.31999969482422,66.5540542602539,1260400
BXP,2012-01-04,100.69000244140624,101.0199966430664,99.20999908447266,99.33000183105467,65.24693298339844,1438700
BXP,2012-01-05,98.83000183105467,99.9800033569336,98.6500015258789,99.5,65.35860443115234,1046800
BXP,2012-01-06,99.41999816894533,99.81999969482422,98.16999816894533,99.22000122070312,65.17467498779297,945600
BXP,2012-01-09,99.30999755859376,99.70999908447266,98.27999877929688,98.63999938964844,64.7936782836914,567700
BXP,2012-01-10,99.41999816894533,100.62999725341795,99.0,99.58000183105467,65.4111328125,875700
BXP,2012-01-11,98.6999969482422,100.0,98.2300033569336,99.88999938964844,65.61476135253906,902900
BXP,2012-01-12,99.1500015258789,99.62999725341795,97.81999969482422,98.20999908447266,64.5112075805664,994500
BXP,2012-01-13,97.62000274658205,98.18000030517578,96.7300033569336,97.48999786376952,64.03826141357422,1324900
BXP,2012-01-17,98.55999755859376,99.4000015258789,98.22000122070312,98.6999969482422,64.83307647705078,826700
BXP,2012-01-18,98.9000015258789,99.6500015258789,98.76000213623048,99.18000030517578,65.14836883544922,1061300
BXP,2012-01-19,99.18000030517578,100.08000183105467,99.01000213623048,99.76000213623048,65.52935028076172,772200
BXP,2012-01-20,99.4000015258789,99.93000030517578,98.12000274658205,99.86000061035156,65.59507751464844,1271000
BXP,2012-01-23,99.51000213623048,101.20999908447266,99.51000213623048,100.72000122070312,66.15999603271484,959800
BXP,2012-01-24,99.73999786376952,102.04000091552734,99.52999877929688,101.9499969482422,66.96788024902344,1063900
BXP,2012-01-25,101.75,103.98999786376952,101.6500015258789,103.75,68.1502914428711,1036500
BXP,2012-01-26,103.95999908447266,104.69000244140624,103.43000030517578,103.68000030517578,68.10429382324219,912600
BXP,2012-01-27,103.81999969482422,104.66999816894533,103.33999633789062,104.23999786376952,68.47213745117188,858100
BXP,2012-01-30,102.68000030517578,103.4800033569336,102.16999816894533,102.5500030517578,67.36203002929688,995800
BXP,2012-01-31,103.12999725341795,104.16000366210938,102.55999755859376,104.0500030517578,68.34733581542969,1490300
BXP,2012-02-01,104.23999786376952,106.16000366210938,104.23999786376952,106.13999938964844,69.72018432617188,1323400
BXP,2012-02-02,106.11000061035156,106.73999786376952,105.62999725341795,106.20999908447266,69.76616668701172,1316400
BXP,2012-02-03,107.33999633789062,107.87000274658205,106.8000030517578,107.56999969482422,70.65953063964844,994900
BXP,2012-02-06,107.43000030517578,107.52999877929688,106.61000061035156,107.25,70.44930267333984,605900
BXP,2012-02-07,106.8499984741211,107.33000183105467,106.01000213623048,106.3000030517578,69.8252944946289,734200
BXP,2012-02-08,106.83000183105467,107.06999969482422,105.33999633789062,106.0,69.62824249267578,794400
BXP,2012-02-09,105.98999786376952,106.4499969482422,104.63999938964844,104.73999786376952,68.8005599975586,808800
BXP,2012-02-10,104.02999877929688,104.66999816894533,103.4000015258789,103.77999877929688,68.16998291015625,867100
BXP,2012-02-13,105.0,105.13999938964844,104.05999755859376,104.47000122070312,68.62321472167969,967400
BXP,2012-02-14,104.20999908447266,104.2699966430664,102.38999938964844,103.12999725341795,67.7430191040039,930100
BXP,2012-02-15,103.43000030517578,103.79000091552734,102.19000244140624,102.77999877929688,67.51311492919922,757200
BXP,2012-02-16,102.8000030517578,105.0199966430664,102.62000274658205,104.8000030517578,68.84001159667969,806800
BXP,2012-02-17,105.33000183105467,105.45999908447266,104.0,104.83999633789062,68.86624908447266,854700
BXP,2012-02-21,104.79000091552734,104.91000366210938,102.62999725341795,103.33999633789062,67.88093566894531,627000
BXP,2012-02-22,103.08000183105467,103.86000061035156,101.56999969482422,101.76000213623048,66.84312438964844,973100
BXP,2012-02-23,101.5999984741211,103.18000030517578,101.5999984741211,103.12999725341795,67.7430191040039,612700
BXP,2012-02-24,103.16999816894533,103.56999969482422,102.19000244140624,102.62000274658205,67.40801239013672,571100
BXP,2012-02-27,102.16999816894533,102.87999725341795,100.9800033569336,102.41999816894533,67.27661895751953,1332500
BXP,2012-02-28,102.66000366210938,102.93000030517578,101.62999725341795,101.80999755859376,66.8759536743164,922200
BXP,2012-02-29,101.81999969482422,102.30999755859376,101.0199966430664,101.5500030517578,66.70515441894531,1461700
BXP,2012-03-01,101.52999877929688,102.58000183105467,101.41999816894533,102.47000122070312,67.30946350097656,693600
BXP,2012-03-02,102.37000274658205,102.95999908447266,102.13999938964844,102.45999908447266,67.30294036865234,513500
BXP,2012-03-05,102.37999725341795,103.16999816894533,101.5999984741211,103.0199966430664,67.67076873779297,526200
BXP,2012-03-06,102.12999725341795,103.37999725341795,101.75,102.5500030517578,67.36203002929688,1126300
BXP,2012-03-07,102.72000122070312,103.12999725341795,101.26000213623048,103.05999755859376,67.6970443725586,1002200
BXP,2012-03-08,103.4000015258789,103.4000015258789,101.62000274658205,101.91000366210938,66.94163513183594,1152900
BXP,2012-03-09,101.87999725341795,102.7300033569336,101.66999816894533,102.30999755859376,67.20438385009766,662400
BXP,2012-03-12,102.52999877929688,104.83999633789062,102.37999725341795,103.7699966430664,68.16339874267578,1193300
BXP,2012-03-13,104.12999725341795,105.95999908447266,104.02999877929688,105.70999908447266,69.43775939941406,1172300
BXP,2012-03-14,105.58000183105467,106.27999877929688,104.87000274658205,105.08000183105467,69.02389526367188,858400
BXP,2012-03-15,105.33000183105467,105.44000244140624,104.33999633789062,104.73999786376952,68.8005599975586,928300
BXP,2012-03-16,104.76000213623048,106.36000061035156,104.6999969482422,105.94000244140624,69.58882904052734,1694400
BXP,2012-03-19,105.61000061035156,106.0,104.70999908447266,105.16999816894533,69.0830307006836,1317300
BXP,2012-03-20,104.29000091552734,105.83999633789062,104.0999984741211,105.08000183105467,69.02389526367188,955200
BXP,2012-03-21,105.0500030517578,105.31999969482422,104.2699966430664,104.3499984741211,68.54437255859375,822200
BXP,2012-03-22,103.91000366210938,103.91000366210938,102.41999816894533,103.37999725341795,67.90721130371094,786100
BXP,2012-03-23,103.47000122070312,104.58000183105467,102.68000030517578,104.01000213623048,68.32106018066406,821600
BXP,2012-03-26,105.19000244140624,105.23999786376952,103.98999786376952,104.4800033569336,68.62979125976562,851800
BXP,2012-03-27,104.66000366210938,104.94000244140624,104.08000183105467,104.13999938964844,68.40645599365234,844500
BXP,2012-03-28,103.7699966430664,104.33000183105467,102.9800033569336,104.33000183105467,68.89510345458984,921800
BXP,2012-03-29,103.69000244140624,104.13999938964844,102.81999969482422,103.86000061035156,68.58476257324219,928700
BXP,2012-03-30,104.61000061035156,105.30999755859376,104.31999969482422,104.98999786376952,69.33094787597656,1209100
BXP,2012-04-02,104.98999786376952,105.5999984741211,104.66000366210938,105.20999908447266,69.47624969482422,1116600
BXP,2012-04-03,104.72000122070312,105.12999725341795,104.37000274658205,104.8499984741211,69.23851013183594,732100
BXP,2012-04-04,104.23999786376952,104.3499984741211,103.25,103.61000061035156,68.41966247558594,614300
BXP,2012-04-05,103.04000091552734,103.48999786376952,102.13999938964844,102.76000213623048,67.85836791992188,744900
BXP,2012-04-09,101.02999877929688,101.83000183105467,100.77999877929688,101.38999938964844,66.95367431640625,807000
BXP,2012-04-10,101.3499984741211,101.61000061035156,98.91999816894533,99.02999877929688,65.39521026611328,1153500
BXP,2012-04-11,100.0199966430664,100.47000122070312,99.37000274658205,100.4499969482422,66.33293914794922,866400
BXP,2012-04-12,100.2699966430664,102.01000213623048,99.51000213623048,102.01000213623048,67.36308288574219,831100
BXP,2012-04-13,101.52999877929688,101.75,100.19000244140624,100.3000030517578,66.23387908935547,1062000
BXP,2012-04-16,100.97000122070312,102.52999877929688,100.87000274658205,101.9000015258789,67.29044342041016,891600
BXP,2012-04-17,102.1999969482422,103.79000091552734,101.48999786376952,103.63999938964844,68.439453125,1106800
BXP,2012-04-18,102.80999755859376,103.5,102.4800033569336,103.08000183105467,68.0696792602539,763000
BXP,2012-04-19,103.25,103.56999969482422,102.5,103.33999633789062,68.2413330078125,748300
BXP,2012-04-20,103.61000061035156,105.16999816894533,103.5,105.0199966430664,69.35074615478516,1072700
BXP,2012-04-23,103.93000030517578,104.51000213623048,103.47000122070312,104.45999908447266,68.98097229003906,1237100
BXP,2012-04-24,104.68000030517578,106.19000244140624,104.48999786376952,106.16000366210938,70.10356903076172,1338200
BXP,2012-04-25,106.9499969482422,106.9499969482422,105.9000015258789,106.77999877929688,70.51301574707031,1071900
BXP,2012-04-26,106.4800033569336,107.6500015258789,106.19000244140624,107.45999908447266,70.9620132446289,782300
BXP,2012-04-27,107.5500030517578,108.18000030517578,106.44000244140624,107.8000030517578,71.18658447265625,885800
BXP,2012-04-30,107.76000213623048,108.3000030517578,107.13999938964844,108.25,71.48371124267578,1060600
BXP,2012-05-01,108.3499984741211,110.16999816894533,107.80999755859376,109.75,72.47425842285156,875000
BXP,2012-05-02,106.6999969482422,109.73999786376952,106.6999969482422,109.41000366210938,72.24972534179688,1021700
BXP,2012-05-03,109.61000061035156,109.72000122070312,107.8499984741211,107.9000015258789,71.25260162353516,1491400
BXP,2012-05-04,107.75,108.23999786376952,107.38999938964844,107.9499969482422,71.2856216430664,1382300
BXP,2012-05-07,107.41000366210938,108.86000061035156,107.33000183105467,108.43000030517578,71.60258483886719,881400
BXP,2012-05-08,108.05999755859376,108.61000061035156,107.56999969482422,108.33999633789062,71.54315185546875,1091300
BXP,2012-05-09,107.45999908447266,108.81999969482422,107.0,107.81999969482422,71.19978332519531,885700
BXP,2012-05-10,108.97000122070312,108.97000122070312,107.11000061035156,108.1999969482422,71.45068359375,817200
BXP,2012-05-11,107.91000366210938,108.51000213623048,107.37000274658205,108.30999755859376,71.52335357666016,1013800
BXP,2012-05-14,107.58000183105467,108.4800033569336,107.26000213623048,107.5199966430664,71.00166320800781,1131800
BXP,2012-05-15,107.38999938964844,107.66999816894533,106.36000061035156,106.5,70.32808685302734,865400
BXP,2012-05-16,107.1500015258789,107.31999969482422,104.8000030517578,104.88999938964844,69.26492309570312,1023000
BXP,2012-05-17,104.72000122070312,105.13999938964844,101.66000366210938,101.70999908447266,67.16497039794922,1442900
BXP,2012-05-18,102.5199966430664,102.9800033569336,100.47000122070312,100.87000274658205,66.61030578613281,1077900
BXP,2012-05-21,101.4499969482422,103.69000244140624,101.16999816894533,103.5,68.3470458984375,900300
BXP,2012-05-22,103.56999969482422,103.6999969482422,102.72000122070312,103.27999877929688,68.20174407958984,638600
BXP,2012-05-23,102.73999786376952,103.83999633789062,102.0999984741211,103.5999984741211,68.41304779052734,867000
BXP,2012-05-24,103.36000061035156,104.5,102.9499969482422,104.0500030517578,68.71022033691406,711200
BXP,2012-05-25,103.87999725341795,104.47000122070312,103.52999877929688,103.8499984741211,68.57815551757812,857600
BXP,2012-05-29,104.0999984741211,105.5999984741211,104.0999984741211,105.33000183105467,69.55548095703125,718900
BXP,2012-05-30,104.02999877929688,104.5999984741211,102.62999725341795,102.66999816894533,67.7989273071289,895400
BXP,2012-05-31,102.9800033569336,103.95999908447266,101.75,102.93000030517578,67.9706039428711,1224000
BXP,2012-06-01,101.1999969482422,102.16000366210938,100.8000030517578,101.30999755859376,66.90084838867188,1193300
BXP,2012-06-04,101.55999755859376,101.55999755859376,99.33000183105467,100.2699966430664,66.2140884399414,1006800
BXP,2012-06-05,100.33999633789062,101.83000183105467,99.8499984741211,101.58999633789062,67.08572387695312,889800
BXP,2012-06-06,102.56999969482422,104.12999725341795,101.76000213623048,104.12999725341795,68.7630615234375,970000
BXP,2012-06-07,105.0199966430664,105.37999725341795,103.23999786376952,103.8499984741211,68.57815551757812,606900
BXP,2012-06-08,103.51000213623048,105.1999969482422,103.51000213623048,105.1999969482422,69.4696273803711,570600
BXP,2012-06-11,105.70999908447266,105.8499984741211,101.83000183105467,101.88999938964844,67.2838363647461,1188800
BXP,2012-06-12,102.20999908447266,102.41000366210938,100.97000122070312,102.05999755859376,67.39611053466797,1214800
BXP,2012-06-13,101.83999633789062,102.7300033569336,101.01000213623048,101.5,67.02632141113281,996400
BXP,2012-06-14,101.75,103.66000366210938,101.45999908447266,103.20999908447266,68.15552520751953,655800
BXP,2012-06-15,103.72000122070312,104.11000061035156,102.87999725341795,104.02999877929688,68.69700622558594,1084900
BXP,2012-06-18,103.95999908447266,105.37999725341795,103.1999969482422,104.94000244140624,69.29791259765625,696300
BXP,2012-06-19,105.33000183105467,105.9800033569336,104.6999969482422,105.30999755859376,69.54227447509766,568900
BXP,2012-06-20,105.58999633789062,106.26000213623048,104.83999633789062,105.54000091552734,69.69416046142578,898600
BXP,2012-06-21,105.77999877929688,105.95999908447266,103.4800033569336,103.63999938964844,68.439453125,937200
BXP,2012-06-22,104.05999755859376,104.20999908447266,103.11000061035156,103.30999755859376,68.2215576171875,1901400
BXP,2012-06-25,102.61000061035156,104.45999908447266,102.5,104.08999633789062,68.73663330078125,933600
BXP,2012-06-26,104.37000274658205,104.8000030517578,103.36000061035156,104.0999984741211,68.74322509765625,655000
BXP,2012-06-27,104.13999938964844,104.38999938964844,103.12999725341795,103.8499984741211,68.94239807128906,499700
BXP,2012-06-28,103.33000183105467,105.0500030517578,102.62999725341795,104.86000061035156,69.6129150390625,416300
BXP,2012-06-29,106.83000183105467,108.37000274658205,105.98999786376952,108.37000274658205,71.94304656982422,984200
BXP,2012-07-02,109.2300033569336,109.56999969482422,108.04000091552734,109.56999969482422,72.73967742919922,900000
BXP,2012-07-03,109.4000015258789,110.30999755859376,109.13999938964844,110.25,73.19112396240234,457100
BXP,2012-07-05,110.0,110.44000244140624,108.93000030517578,109.37000274658205,72.60694122314453,513900
BXP,2012-07-06,108.33999633789062,110.41000366210938,108.22000122070312,110.18000030517578,73.14468383789062,609100
BXP,2012-07-09,109.88999938964844,110.05999755859376,109.08000183105467,109.62999725341795,72.77953338623047,629100
BXP,2012-07-10,109.97000122070312,110.1999969482422,107.91999816894533,108.4499969482422,71.99618530273438,545100
BXP,2012-07-11,108.68000030517578,109.23999786376952,108.1999969482422,108.9499969482422,72.3281021118164,719200
BXP,2012-07-12,108.26000213623048,109.7300033569336,107.87999725341795,108.9000015258789,72.29492950439453,765600
BXP,2012-07-13,109.16000366210938,110.62000274658205,109.08000183105467,110.58999633789062,73.41683197021484,587400
BXP,2012-07-16,110.8499984741211,110.8499984741211,110.11000061035156,110.5,73.35709381103516,594600
BXP,2012-07-17,110.69000244140624,112.08999633789062,109.76000213623048,111.9499969482422,74.31970977783203,838100
BXP,2012-07-18,111.18000030517578,111.86000061035156,110.44000244140624,111.0199966430664,73.70232391357422,702300
BXP,2012-07-19,111.01000213623048,111.25,109.18000030517578,110.3499984741211,73.25751495361328,779100
BXP,2012-07-20,109.4499969482422,110.44000244140624,108.95999908447266,109.93000030517578,72.97869873046875,700100
BXP,2012-07-23,108.72000122070312,109.3499984741211,108.20999908447266,109.06999969482422,72.40775299072266,656100
BXP,2012-07-24,109.02999877929688,109.41000366210938,107.5199966430664,108.54000091552734,72.05591583251953,589100
BXP,2012-07-25,109.0,109.38999938964844,107.70999908447266,108.72000122070312,72.1754150390625,570200
BXP,2012-07-26,110.08999633789062,111.08999633789062,109.06999969482422,110.11000061035156,73.09819793701172,861800
BXP,2012-07-27,110.58000183105467,111.66999816894533,110.11000061035156,110.79000091552734,73.54960632324219,809000
BXP,2012-07-30,110.66999816894533,111.37999725341795,109.94000244140624,110.41999816894533,73.30400848388672,790500
BXP,2012-07-31,110.2300033569336,111.30999755859376,110.22000122070312,110.9000015258789,73.62265014648438,669400
BXP,2012-08-01,111.20999908447266,112.0,110.61000061035156,111.1999969482422,73.8218002319336,797500
BXP,2012-08-02,110.5500030517578,111.9000015258789,110.19000244140624,111.80999755859376,74.22674560546875,788200
BXP,2012-08-03,112.58000183105467,113.3000030517578,112.16000366210938,113.0,75.01673126220703,959000
BXP,2012-08-06,113.38999938964844,113.83000183105467,112.56999969482422,113.16999816894533,75.12959289550781,1434800
BXP,2012-08-07,112.72000122070312,113.01000213623048,111.33999633789062,112.52999877929688,74.70475006103516,764700
BXP,2012-08-08,112.2699966430664,112.33000183105467,110.56999969482422,110.79000091552734,73.54960632324219,687100
BXP,2012-08-09,110.66999816894533,111.88999938964844,110.05999755859376,110.5199966430664,73.37035369873047,1279100
BXP,2012-08-10,110.25,110.91999816894533,109.83999633789062,110.6999969482422,73.4898910522461,595000
BXP,2012-08-13,110.27999877929688,111.4499969482422,110.27999877929688,111.0,73.68901062011719,420700
BXP,2012-08-14,111.16000366210938,111.48999786376952,110.27999877929688,110.55999755859376,73.39693450927734,503900
BXP,2012-08-15,110.56999969482422,111.5500030517578,110.33000183105467,111.33999633789062,73.91474151611328,281100
BXP,2012-08-16,111.08999633789062,112.16000366210938,110.72000122070312,111.98999786376952,74.34625244140625,495800
BXP,2012-08-17,112.13999938964844,112.20999908447266,111.38999938964844,111.76000213623048,74.19355010986328,450000
BXP,2012-08-20,111.51000213623048,111.7699966430664,110.56999969482422,111.33999633789062,73.91474151611328,633700
BXP,2012-08-21,111.33999633789062,111.61000061035156,110.79000091552734,111.3499984741211,73.9213638305664,656800
BXP,2012-08-22,111.2699966430664,111.83999633789062,110.19000244140624,111.62000274658205,74.10063171386719,652700
BXP,2012-08-23,111.56999969482422,111.93000030517578,111.18000030517578,111.58000183105467,74.0740737915039,693300
BXP,2012-08-24,111.3499984741211,112.1999969482422,111.16999816894533,111.83999633789062,74.2466812133789,498100
BXP,2012-08-27,111.9499969482422,112.2699966430664,111.05999755859376,111.43000030517578,73.9744644165039,412300
BXP,2012-08-28,111.12000274658205,111.9800033569336,110.29000091552734,111.8499984741211,74.25331115722656,584000
BXP,2012-08-29,112.31999969482422,112.31999969482422,111.29000091552734,111.8499984741211,74.25331115722656,538400
BXP,2012-08-30,111.29000091552734,111.58999633789062,110.9499969482422,111.4000015258789,73.95457458496094,547900
BXP,2012-08-31,111.83999633789062,112.26000213623048,111.13999938964844,112.12999725341795,74.4391860961914,797000
BXP,2012-09-04,112.0999984741211,112.81999969482422,111.06999969482422,112.76000213623048,74.85743713378906,489500
BXP,2012-09-05,112.75,112.75,111.66999816894533,112.37999725341795,74.60517120361328,473900
BXP,2012-09-06,112.87000274658205,113.30999755859376,112.56999969482422,112.9499969482422,74.98356628417969,747800
BXP,2012-09-07,113.58999633789062,114.51000213623048,113.25,114.37000274658205,75.92626190185547,1020600
BXP,2012-09-10,114.16000366210938,114.16000366210938,113.0500030517578,113.20999908447266,75.15616607666016,736800
BXP,2012-09-11,112.83000183105467,113.43000030517578,112.29000091552734,112.68000030517578,74.80433654785156,810900
BXP,2012-09-12,112.9000015258789,113.27999877929688,112.43000030517578,112.76000213623048,74.85743713378906,746300
BXP,2012-09-13,112.7699966430664,114.83000183105467,112.44000244140624,114.83000183105467,76.23164367675781,1006000
BXP,2012-09-14,116.93000030517578,116.94000244140624,115.16999816894533,116.06999969482422,77.05484008789062,1044500
BXP,2012-09-17,116.23999786376952,117.0,115.51000213623048,115.87000274658205,76.92205047607422,517700
BXP,2012-09-18,115.58000183105467,115.68000030517578,114.63999938964844,114.9499969482422,76.31128692626953,452500
BXP,2012-09-19,115.0500030517578,115.36000061035156,113.66000366210938,113.66000366210938,75.45491027832031,630300
BXP,2012-09-20,113.5999984741211,113.75,112.18000030517578,112.54000091552734,74.71137237548828,912200
BXP,2012-09-21,112.97000122070312,113.98999786376952,112.62999725341795,113.54000091552734,75.375244140625,1668400
BXP,2012-09-24,113.0999984741211,114.44000244140624,112.48999786376952,112.56999969482422,74.73127746582031,996500
BXP,2012-09-25,112.81999969482422,112.91000366210938,110.8000030517578,110.81999969482422,73.56952667236328,749200
BXP,2012-09-26,110.56999969482422,111.18000030517578,110.22000122070312,110.4000015258789,73.65626525878906,820700
BXP,2012-09-27,110.6999969482422,112.2300033569336,110.55999755859376,111.38999938964844,74.31675720214844,828100
BXP,2012-09-28,110.79000091552734,111.19000244140624,110.31999969482422,110.61000061035156,73.7963638305664,909700
BXP,2012-10-01,110.66999816894533,111.05999755859376,108.62000274658205,109.44000244140624,73.01578521728516,1086400
BXP,2012-10-02,109.77999877929688,110.37000274658205,109.01000213623048,109.77999877929688,73.24260711669922,697000
BXP,2012-10-03,110.02999877929688,111.55999755859376,109.9000015258789,110.48999786376952,73.71630859375,604600
BXP,2012-10-04,110.8499984741211,111.16999816894533,109.66000366210938,109.87999725341795,73.309326171875,509400
BXP,2012-10-05,110.3000030517578,110.86000061035156,109.72000122070312,110.1500015258789,73.4894790649414,329100
BXP,2012-10-08,110.11000061035156,110.26000213623048,109.77999877929688,110.0199966430664,73.4027328491211,356000
BXP,2012-10-09,110.05999755859376,110.94000244140624,109.5,109.58000183105467,73.10918426513672,421000
BXP,2012-10-10,109.7699966430664,109.88999938964844,108.86000061035156,109.5,73.05579376220703,463800
BXP,2012-10-11,110.13999938964844,110.5500030517578,109.4499969482422,109.4499969482422,73.02242279052734,363200
BXP,2012-10-12,109.43000030517578,110.26000213623048,108.66999816894533,108.9800033569336,72.7088851928711,468700
BXP,2012-10-15,108.97000122070312,109.91999816894533,108.47000122070312,109.87000274658205,73.30265808105469,425900
BXP,2012-10-16,110.26000213623048,110.98999786376952,109.87000274658205,110.27999877929688,73.57620239257812,459900
BXP,2012-10-17,109.94000244140624,110.44000244140624,109.18000030517578,110.12999725341795,73.47611999511719,632100
BXP,2012-10-18,110.0,111.45999908447266,109.93000030517578,111.45999908447266,74.36347961425781,676300
BXP,2012-10-19,110.9000015258789,111.30999755859376,109.2699966430664,109.52999877929688,73.07582092285156,950500
BXP,2012-10-22,109.37000274658205,109.51000213623048,108.23999786376952,109.29000091552734,72.91570281982422,791100
BXP,2012-10-23,108.04000091552734,108.29000091552734,107.31999969482422,107.69000244140624,71.84822082519531,852400
BXP,2012-10-24,106.86000061035156,108.70999908447266,106.86000061035156,107.70999908447266,71.861572265625,1314900
BXP,2012-10-25,108.81999969482422,109.6999969482422,106.77999877929688,107.3499984741211,71.62136840820312,1107300
BXP,2012-10-26,107.25,107.25,105.75,106.52999877929688,71.07429504394531,1078100
BXP,2012-10-31,107.83999633789062,107.83999633789062,105.41000366210938,106.3000030517578,70.92084503173828,1048800
BXP,2012-11-01,106.4499969482422,107.29000091552734,105.87000274658205,107.16000366210938,71.49462127685547,789900
BXP,2012-11-02,107.5199966430664,108.0,107.12999725341795,107.22000122070312,71.5346450805664,638600
BXP,2012-11-05,107.72000122070312,107.72000122070312,105.77999877929688,106.38999938964844,70.98088073730469,814700
BXP,2012-11-06,106.63999938964844,107.19000244140624,105.87999725341795,107.0500030517578,71.42122650146484,815100
BXP,2012-11-07,106.2300033569336,107.0,105.88999938964844,106.08000183105467,70.77406311035156,758300
BXP,2012-11-08,105.5199966430664,105.79000091552734,103.45999908447266,103.69000244140624,69.17953491210938,1102400
BXP,2012-11-09,103.37000274658205,104.0999984741211,103.0199966430664,103.0999984741211,68.78585815429688,739800
BXP,2012-11-12,103.18000030517578,103.22000122070312,102.4000015258789,102.4800033569336,68.3722152709961,625200
BXP,2012-11-13,102.08999633789062,103.0199966430664,101.5,101.61000061035156,67.79179382324219,2058700
BXP,2012-11-14,101.75,101.98999786376952,99.8499984741211,100.05999755859376,66.75765991210938,1582500
BXP,2012-11-15,100.1999969482422,100.81999969482422,99.2300033569336,100.02999877929688,66.73766326904297,961500
BXP,2012-11-16,100.2699966430664,101.13999938964844,99.31999969482422,100.8499984741211,67.28475952148438,708300
BXP,2012-11-19,101.30999755859376,102.2300033569336,101.20999908447266,101.87999725341795,67.97193908691406,767400
BXP,2012-11-20,101.66000366210938,102.26000213623048,100.95999908447266,102.25,68.21880340576172,472100
BXP,2012-11-21,102.2699966430664,102.7300033569336,101.22000122070312,101.66999816894533,67.83181762695312,595200
BXP,2012-11-23,102.3499984741211,103.05999755859376,101.66999816894533,103.05999755859376,68.75919342041016,304300
BXP,2012-11-26,102.3000030517578,103.48999786376952,101.9800033569336,102.61000061035156,68.45896911621094,978500
BXP,2012-11-27,102.11000061035156,103.0999984741211,101.12999725341795,101.63999938964844,67.81179809570312,1464600
BXP,2012-11-28,101.5500030517578,101.83000183105467,100.68000030517578,101.4499969482422,67.68502807617188,1214000
BXP,2012-11-29,101.91999816894533,102.51000213623048,101.1500015258789,102.19000244140624,68.1787338256836,594300
BXP,2012-11-30,102.19000244140624,103.0,102.12999725341795,102.62999725341795,68.47232055664062,940900
BXP,2012-12-03,102.97000122070312,103.61000061035156,102.20999908447266,102.58999633789062,68.44559478759766,632100
BXP,2012-12-04,102.41999816894533,103.56999969482422,102.13999938964844,102.52999877929688,68.40558624267578,627100
BXP,2012-12-05,102.72000122070312,102.86000061035156,101.95999908447266,102.55999755859376,68.42562103271484,725000
BXP,2012-12-06,102.88999938964844,104.43000030517578,102.88999938964844,104.2300033569336,69.53977966308594,897600
BXP,2012-12-07,104.25,105.44000244140624,104.01000213623048,105.4000015258789,70.32038879394531,1010800
BXP,2012-12-10,105.04000091552734,105.3499984741211,104.4800033569336,104.98999786376952,70.0468521118164,675400
BXP,2012-12-11,105.22000122070312,105.41999816894533,104.73999786376952,104.87999725341795,69.97344970703125,1101400
BXP,2012-12-12,104.66000366210938,104.83000183105467,103.43000030517578,104.2699966430664,69.56648254394531,750500
BXP,2012-12-13,104.0500030517578,104.2699966430664,103.47000122070312,103.75,69.21952819824219,666700
BXP,2012-12-14,103.51000213623048,104.4000015258789,103.51000213623048,103.9800033569336,69.37300109863281,765200
BXP,2012-12-17,104.43000030517578,104.9000015258789,104.08000183105467,104.83999633789062,69.94676971435547,821200
BXP,2012-12-18,104.91999816894533,105.69000244140624,104.66999816894533,105.4000015258789,70.32038879394531,1138100
BXP,2012-12-19,105.56999969482422,105.66999816894533,104.76000213623048,105.1999969482422,70.18695068359375,1022500
BXP,2012-12-20,105.2699966430664,106.6999969482422,105.0199966430664,106.66999816894533,71.16769409179688,903600
BXP,2012-12-21,105.88999938964844,106.87000274658205,105.58999633789062,105.6999969482422,70.52055358886719,1400100
BXP,2012-12-24,105.47000122070312,106.31999969482422,105.0999984741211,105.98999786376952,70.7140121459961,249500
BXP,2012-12-26,106.11000061035156,106.11000061035156,105.05999755859376,105.62000274658205,70.46714782714844,535500
BXP,2012-12-27,105.43000030517578,105.93000030517578,104.2300033569336,105.66999816894533,70.93708038330078,690400
BXP,2012-12-28,105.04000091552734,106.16000366210938,104.8499984741211,104.94000244140624,70.447021484375,553800
BXP,2012-12-31,104.6999969482422,105.83999633789062,104.52999877929688,105.80999755859376,71.03105163574219,810100
BXP,2013-01-02,106.76000213623048,107.22000122070312,105.9000015258789,106.6500015258789,71.59496307373047,1029500
BXP,2013-01-03,106.8000030517578,107.4000015258789,106.5199966430664,106.77999877929688,71.68223571777344,732900
BXP,2013-01-04,106.6999969482422,107.66000366210938,106.6999969482422,107.47000122070312,72.14543914794922,650000
BXP,2013-01-07,107.02999877929688,108.31999969482422,106.93000030517578,108.26000213623048,72.6757583618164,807400
BXP,2013-01-08,107.91000366210938,108.16000366210938,107.04000091552734,107.33000183105467,72.05142974853516,591500
BXP,2013-01-09,107.4499969482422,107.7300033569336,107.33000183105467,107.55999755859376,72.20584106445312,532700
BXP,2013-01-10,107.87000274658205,107.87000274658205,107.0,107.4000015258789,72.09844207763672,780500
BXP,2013-01-11,107.5500030517578,107.6999969482422,106.87999725341795,107.0,71.82990264892578,688600
BXP,2013-01-14,107.12000274658205,107.51000213623048,107.05999755859376,107.36000061035156,72.07158660888672,489200
BXP,2013-01-15,107.2300033569336,108.88999938964844,107.0500030517578,108.6999969482422,72.97114562988281,729200
BXP,2013-01-16,108.19000244140624,108.26000213623048,106.70999908447266,107.58999633789062,72.22599029541016,794700
BXP,2013-01-17,107.69000244140624,107.94000244140624,107.08999633789062,107.12000274658205,71.91046142578125,673500
BXP,2013-01-18,107.19000244140624,107.87000274658205,107.05999755859376,107.83000183105467,72.38710021972656,1181800
BXP,2013-01-22,107.5,108.94000244140624,107.47000122070312,108.91999816894533,73.11882019042969,633900
BXP,2013-01-23,108.58999633789062,109.08000183105467,108.37999725341795,108.76000213623048,73.01141357421875,496800
BXP,2013-01-24,108.9000015258789,109.37999725341795,108.4000015258789,109.0,73.17253875732422,492200
BXP,2013-01-25,109.25,109.6500015258789,108.86000061035156,109.45999908447266,73.48133087158203,564000
BXP,2013-01-28,109.45999908447266,109.48999786376952,108.41999816894533,108.83000183105467,73.05841064453125,735600
BXP,2013-01-29,108.95999908447266,109.36000061035156,108.43000030517578,108.8499984741211,73.07183074951172,644300
BXP,2013-01-30,108.58000183105467,109.23999786376952,106.04000091552734,106.51000213623048,71.50098419189453,1793400
BXP,2013-01-31,106.5199966430664,106.9000015258789,105.12999725341795,105.27999877929688,70.67526245117188,1339900
BXP,2013-02-01,105.61000061035156,106.30999755859376,105.0199966430664,105.0999984741211,70.554443359375,1308100
BXP,2013-02-04,104.4499969482422,105.8499984741211,104.13999938964844,104.5,70.15164184570312,874900
BXP,2013-02-05,105.08999633789062,105.11000061035156,103.79000091552734,104.0199966430664,69.82940673828125,980100
BXP,2013-02-06,103.56999969482422,104.3499984741211,103.56999969482422,104.2300033569336,69.97039031982422,653000
BXP,2013-02-07,104.5500030517578,104.88999938964844,104.0199966430664,104.18000030517578,69.93682861328125,880100
BXP,2013-02-08,104.27999877929688,105.25,104.18000030517578,105.13999938964844,70.58128356933594,1054200
BXP,2013-02-11,104.9499969482422,105.30999755859376,104.61000061035156,105.29000091552734,70.68199157714844,1174300
BXP,2013-02-12,105.54000091552734,107.05999755859376,105.47000122070312,107.02999877929688,71.85003662109375,805100
BXP,2013-02-13,107.12000274658205,107.3499984741211,106.72000122070312,107.18000030517578,71.95075988769531,910600
BXP,2013-02-14,106.76000213623048,107.36000061035156,106.2699966430664,107.3499984741211,72.06487274169922,970100
BXP,2013-02-15,107.2300033569336,107.27999877929688,106.52999877929688,107.20999908447266,71.97087860107422,1307400
BXP,2013-02-19,107.19000244140624,107.83999633789062,106.48999786376952,107.3499984741211,72.06487274169922,974900
BXP,2013-02-20,107.26000213623048,107.7699966430664,106.5,106.5199966430664,71.50769805908203,678800
BXP,2013-02-21,106.0999984741211,106.58000183105467,105.06999969482422,105.45999908447266,70.79610443115234,929400
BXP,2013-02-22,105.88999938964844,106.56999969482422,105.58999633789062,106.2699966430664,71.33985900878906,544600
BXP,2013-02-25,106.69000244140624,106.91999816894533,104.0,104.01000213623048,69.82270050048828,641100
BXP,2013-02-26,104.52999877929688,105.18000030517578,103.54000091552734,104.1999969482422,69.95024871826172,932600
BXP,2013-02-27,104.06999969482422,104.62999725341795,103.8000030517578,103.9000015258789,69.74886322021484,943400
BXP,2013-02-28,104.0500030517578,104.68000030517578,103.0,103.87999725341795,69.73542785644531,2099100
BXP,2013-03-01,103.56999969482422,104.3000030517578,102.18000030517578,103.5199966430664,69.49374389648438,1860200
BXP,2013-03-04,103.4800033569336,104.75,103.0500030517578,104.47000122070312,70.13152313232422,716400
BXP,2013-03-05,104.93000030517578,105.5500030517578,104.5,105.25,70.65512084960938,510400
BXP,2013-03-06,105.6500015258789,105.6500015258789,104.4800033569336,104.83000183105467,70.37316131591797,381700
BXP,2013-03-07,104.87999725341795,105.33000183105467,103.7699966430664,103.83000183105467,69.70186614990234,888800
BXP,2013-03-08,104.41999816894533,104.41999816894533,102.6500015258789,102.88999938964844,69.07084655761719,949700
BXP,2013-03-11,102.80999755859376,104.05999755859376,102.68000030517578,104.04000091552734,69.84283447265625,926600
BXP,2013-03-12,104.0199966430664,104.83999633789062,103.4499969482422,104.77999877929688,70.33960723876953,1049300
BXP,2013-03-13,104.80999755859376,105.08000183105467,104.45999908447266,104.91999816894533,70.43359375,777700
BXP,2013-03-14,105.04000091552734,105.9000015258789,104.9000015258789,105.66999816894533,70.93708038330078,863100
BXP,2013-03-15,105.25,105.4000015258789,104.41000366210938,105.25,70.65512084960938,1260100
BXP,2013-03-18,104.54000091552734,105.1999969482422,104.0,104.70999908447266,70.29261016845703,1344600
BXP,2013-03-19,104.58999633789062,104.87999725341795,102.5,102.80999755859376,69.01712036132812,1309500
BXP,2013-03-20,103.12999725341795,103.2699966430664,101.66999816894533,101.8499984741211,68.37269592285156,1547300
BXP,2013-03-21,101.41000366210938,101.93000030517578,100.66000366210938,100.70999908447266,67.607421875,1371700
BXP,2013-03-22,100.9499969482422,101.5199966430664,100.77999877929688,100.9800033569336,67.78864288330078,1098000
BXP,2013-03-25,101.3499984741211,101.76000213623048,100.62000274658205,100.88999938964844,67.72820281982422,1425600
BXP,2013-03-26,100.68000030517578,101.0999984741211,100.36000061035156,100.66000366210938,68.01201629638672,899500
BXP,2013-03-27,100.18000030517578,100.79000091552734,99.8499984741211,100.33000183105467,67.78901672363281,865900
BXP,2013-03-28,100.3000030517578,101.47000122070312,99.93000030517578,101.05999755859376,68.28225708007812,1691600
BXP,2013-04-01,100.86000061035156,101.63999938964844,100.0,100.5,67.90392303466797,782500
BXP,2013-04-02,100.98999786376952,102.36000061035156,100.93000030517578,102.13999938964844,69.01195526123047,1182300
BXP,2013-04-03,102.4800033569336,103.41999816894533,101.7699966430664,103.2699966430664,69.77548217773438,1162100
BXP,2013-04-04,103.51000213623048,105.62000274658205,103.44000244140624,105.51000213623048,71.28895568847656,1809000
BXP,2013-04-05,104.62000274658205,106.5,104.11000061035156,106.25,71.78894805908203,1200100
BXP,2013-04-08,106.18000030517578,107.77999877929688,105.2699966430664,107.7300033569336,72.7889404296875,870800
BXP,2013-04-09,107.5999984741211,108.83999633789062,106.0500030517578,108.31999969482422,73.18756103515625,1703500
BXP,2013-04-10,108.76000213623048,110.12999725341795,108.4000015258789,109.87000274658205,74.23481750488281,1481100
BXP,2013-04-11,109.79000091552734,110.83999633789062,109.79000091552734,110.51000213623048,74.66726684570312,1543600
BXP,2013-04-12,110.38999938964844,110.9000015258789,109.9800033569336,110.36000061035156,74.56591033935547,999500
BXP,2013-04-15,109.55999755859376,110.0,108.06999969482422,108.16000366210938,73.07942962646484,1936800
BXP,2013-04-16,109.98999786376952,110.0999984741211,108.41000366210938,109.52999877929688,74.00514221191406,1259700
BXP,2013-04-17,109.08999633789062,109.54000091552734,108.06999969482422,109.29000091552734,73.84297180175781,1100100
BXP,2013-04-18,109.30999755859376,109.5999984741211,108.37000274658205,109.08000183105467,73.70109558105469,1057900
BXP,2013-04-19,109.5,110.08000183105467,108.95999908447266,109.8000030517578,74.18754577636719,1186800
BXP,2013-04-22,109.9000015258789,109.9800033569336,108.72000122070312,108.86000061035156,73.55242156982422,1160300
BXP,2013-04-23,109.3499984741211,109.41999816894533,107.56999969482422,108.41999816894533,73.25514221191406,1433800
BXP,2013-04-24,108.6999969482422,109.16000366210938,107.98999786376952,108.37999725341795,73.22810363769531,1256600
BXP,2013-04-25,108.41000366210938,108.68000030517578,107.76000213623048,108.0500030517578,73.00513458251953,1063100
BXP,2013-04-26,107.83999633789062,108.4499969482422,107.63999938964844,107.7699966430664,72.8159408569336,838200
BXP,2013-04-29,107.7699966430664,109.22000122070312,107.68000030517578,109.1500015258789,73.74836730957031,730200
BXP,2013-04-30,108.83000183105467,109.55999755859376,108.02999877929688,109.43000030517578,73.9375228881836,1526100
BXP,2013-05-01,108.87999725341795,109.33999633789062,108.0199966430664,108.70999908447266,73.4510498046875,915600
BXP,2013-05-02,108.9000015258789,109.62999725341795,108.55999755859376,109.05999755859376,73.68754577636719,651000
BXP,2013-05-03,109.6500015258789,109.6500015258789,108.43000030517578,108.58000183105467,73.36323547363281,1185900
BXP,2013-05-06,108.86000061035156,109.36000061035156,108.6500015258789,109.20999908447266,73.78890991210938,1035300
BXP,2013-05-07,109.12999725341795,110.33999633789062,108.55999755859376,110.3000030517578,74.5253677368164,1233000
BXP,2013-05-08,109.93000030517578,110.80999755859376,109.18000030517578,110.80999755859376,74.8699722290039,1365600
BXP,2013-05-09,110.5500030517578,110.79000091552734,109.87000274658205,110.04000091552734,74.34970092773438,1066700
BXP,2013-05-10,110.27999877929688,111.2699966430664,109.5999984741211,111.2300033569336,75.15374755859375,1133300
BXP,2013-05-13,110.73999786376952,111.31999969482422,110.45999908447266,110.91000366210938,74.9375228881836,1011400
BXP,2013-05-14,111.06999969482422,111.22000122070312,110.12000274658205,110.5,74.66049194335938,1229600
BXP,2013-05-15,110.7300033569336,111.81999969482422,110.22000122070312,111.7300033569336,75.49156951904297,1074700
BXP,2013-05-16,111.3499984741211,112.16999816894533,110.83000183105467,111.33999633789062,75.22806549072266,784200
BXP,2013-05-17,111.51000213623048,112.44000244140624,111.27999877929688,112.43000030517578,75.96452331542969,1150900
BXP,2013-05-20,112.33999633789062,113.76000213623048,112.06999969482422,113.6999969482422,76.82262420654297,1014400
BXP,2013-05-21,114.1500015258789,114.87000274658205,113.62000274658205,114.58999633789062,77.42394256591797,1153000
BXP,2013-05-22,114.68000030517578,115.8499984741211,112.2699966430664,112.98999786376952,76.34291076660156,1498900
BXP,2013-05-23,112.02999877929688,112.9000015258789,111.04000091552734,112.62000274658205,76.09290313720703,1736300
BXP,2013-05-24,111.9499969482422,112.75,111.01000213623048,112.44000244140624,75.97128295898438,955800
BXP,2013-05-28,113.36000061035156,113.62000274658205,110.5500030517578,111.1500015258789,75.09966278076172,1366600
BXP,2013-05-29,110.93000030517578,111.18000030517578,108.37000274658205,109.58000183105467,74.03890228271484,1471600
BXP,2013-05-30,109.58000183105467,110.0199966430664,108.22000122070312,108.30999755859376,73.18080139160156,1226600
BXP,2013-05-31,108.27999877929688,108.9000015258789,106.5500030517578,106.58000183105467,72.01192474365234,1548500
BXP,2013-06-03,106.87999725341795,108.66999816894533,106.18000030517578,108.48999786376952,73.30241394042969,1683700
BXP,2013-06-04,108.68000030517578,109.75,108.55999755859376,108.95999908447266,73.6199951171875,1267400
BXP,2013-06-05,108.62999725341795,109.0500030517578,107.4000015258789,107.8499984741211,72.87001037597656,959500
BXP,2013-06-06,108.06999969482422,109.6500015258789,107.18000030517578,109.58000183105467,74.03890228271484,876200
BXP,2013-06-07,109.8499984741211,110.48999786376952,108.12000274658205,109.80999755859376,74.19430541992188,814200
BXP,2013-06-10,110.0,110.4499969482422,108.93000030517578,109.31999969482422,73.86324310302734,844700
BXP,2013-06-11,108.38999938964844,108.62999725341795,106.79000091552734,106.9000015258789,72.2281265258789,1403400
BXP,2013-06-12,107.41000366210938,107.70999908447266,106.30999755859376,106.5199966430664,71.97136688232422,1342200
BXP,2013-06-13,106.66000366210938,111.31999969482422,106.26000213623048,110.77999877929688,74.84968566894531,1225700
BXP,2013-06-14,110.77999877929688,113.19000244140624,109.79000091552734,110.08999633789062,74.38349151611328,1184400
BXP,2013-06-17,110.80999755859376,111.5199966430664,110.19000244140624,111.2300033569336,75.15374755859375,1177200
BXP,2013-06-18,111.16000366210938,111.91999816894533,110.44000244140624,111.1999969482422,75.13347625732422,961400
BXP,2013-06-19,111.2300033569336,111.68000030517578,107.23999786376952,107.51000213623048,72.6402816772461,924300
BXP,2013-06-20,106.79000091552734,106.95999908447266,99.80999755859376,100.58000183105467,67.95795440673828,2501000
BXP,2013-06-21,101.47000122070312,102.94000244140624,99.70999908447266,101.94000244140624,68.87684631347656,1823600
BXP,2013-06-24,100.43000030517578,104.9000015258789,99.58999633789062,102.62999725341795,69.34307098388672,1484600
BXP,2013-06-25,103.62000274658205,103.9000015258789,101.86000061035156,102.66000366210938,69.36337280273438,1236700
BXP,2013-06-26,103.08000183105467,104.3499984741211,102.76000213623048,103.91000366210938,70.65528106689453,1303000
BXP,2013-06-27,104.4499969482422,106.62000274658205,104.44000244140624,106.4800033569336,72.40277862548828,1164300
BXP,2013-06-28,106.3000030517578,106.9000015258789,105.37000274658205,105.47000122070312,71.71599578857422,1079500
BXP,2013-07-01,106.2699966430664,106.36000061035156,104.52999877929688,104.76000213623048,71.23323822021484,651700
BXP,2013-07-02,104.0999984741211,106.83000183105467,104.0500030517578,106.08999633789062,72.1375732421875,812600
BXP,2013-07-03,105.43000030517578,106.26000213623048,104.44000244140624,104.93000030517578,71.3488540649414,539300
BXP,2013-07-05,105.66000366210938,105.83999633789062,103.1500015258789,105.18000030517578,71.51880645751953,743700
BXP,2013-07-08,105.3000030517578,106.41999816894533,105.0,105.47000122070312,71.71599578857422,1128100
BXP,2013-07-09,105.95999908447266,107.75,105.88999938964844,107.30999755859376,72.96714782714844,850800
BXP,2013-07-10,107.02999877929688,107.27999877929688,105.87000274658205,106.86000061035156,72.66114807128906,743600
BXP,2013-07-11,107.8499984741211,111.12999725341795,107.8499984741211,110.69000244140624,75.26544189453125,1171200
BXP,2013-07-12,110.91000366210938,111.44000244140624,109.20999908447266,110.36000061035156,75.041015625,1178000
BXP,2013-07-15,110.0,110.0,108.25,109.6999969482422,74.59226989746094,856100
BXP,2013-07-16,109.66000366210938,110.19000244140624,108.9000015258789,109.5,74.45626831054688,834900
BXP,2013-07-17,109.7699966430664,109.95999908447266,108.56999969482422,109.0500030517578,74.1502914428711,1004300
BXP,2013-07-18,109.5199966430664,110.52999877929688,109.16000366210938,110.51000213623048,75.1430435180664,548600
BXP,2013-07-19,110.45999908447266,110.69000244140624,109.38999938964844,110.11000061035156,74.87104034423828,670900
BXP,2013-07-22,110.08999633789062,111.62000274658205,109.87999725341795,111.3499984741211,75.71421813964844,654900
BXP,2013-07-23,111.51000213623048,111.81999969482422,110.5,111.0,75.47622680664062,487400
BXP,2013-07-24,111.06999969482422,111.41000366210938,108.4800033569336,109.02999877929688,74.13667297363281,1032800
BXP,2013-07-25,108.4000015258789,109.37000274658205,108.06999969482422,108.5500030517578,73.81031799316406,857100
BXP,2013-07-26,108.33999633789062,109.77999877929688,107.83000183105467,109.75,74.62627410888672,535900
BXP,2013-07-29,109.44000244140624,109.83999633789062,108.47000122070312,108.97000122070312,74.09589385986328,379700
BXP,2013-07-30,109.41999816894533,110.25,108.45999908447266,108.72000122070312,73.9259033203125,747200
BXP,2013-07-31,108.73999786376952,109.9000015258789,103.81999969482422,106.9499969482422,72.72235870361328,1628500
BXP,2013-08-01,106.91999816894533,107.45999908447266,104.4000015258789,105.0,71.39642333984375,866600
BXP,2013-08-02,105.01000213623048,105.33000183105467,103.81999969482422,103.97000122070312,70.69605255126953,715700
BXP,2013-08-05,103.79000091552734,104.4499969482422,103.41000366210938,103.98999786376952,70.70965576171875,420500
BXP,2013-08-06,103.26000213623048,104.44000244140624,103.12999725341795,103.91999816894533,70.66207122802734,711500
BXP,2013-08-07,103.75,103.91999816894533,102.25,102.6500015258789,69.79850769042969,1251700
BXP,2013-08-08,103.0999984741211,103.20999908447266,102.16000366210938,103.0,70.0364761352539,847000
BXP,2013-08-09,103.06999969482422,105.3000030517578,102.61000061035156,105.08999633789062,71.45762634277344,926900
BXP,2013-08-12,104.77999877929688,105.1999969482422,103.30999755859376,103.83000183105467,70.60086822509766,1003500
BXP,2013-08-13,103.72000122070312,103.93000030517578,102.06999969482422,103.11000061035156,70.11128234863281,1123200
BXP,2013-08-14,103.11000061035156,103.5,102.52999877929688,103.41000366210938,70.31527709960938,727700
BXP,2013-08-15,102.76000213623048,103.27999877929688,100.81999969482422,101.75,69.1865234375,1327500
BXP,2013-08-16,101.38999938964844,101.83999633789062,98.29000091552734,99.45999908447266,67.6294174194336,1701900
BXP,2013-08-19,99.4499969482422,99.91000366210938,98.20999908447266,98.2699966430664,66.82025146484375,964100
BXP,2013-08-20,98.45999908447266,101.91999816894533,98.45999908447266,101.5500030517578,69.05054473876953,1194600
BXP,2013-08-21,101.1999969482422,102.3499984741211,99.8000030517578,100.8000030517578,68.54056549072266,750100
BXP,2013-08-22,100.91999816894533,101.66999816894533,100.4800033569336,101.44000244140624,68.97574615478516,716900
BXP,2013-08-23,101.5500030517578,103.36000061035156,101.18000030517578,103.29000091552734,70.23365783691406,632800
BXP,2013-08-26,103.56999969482422,104.4499969482422,103.1999969482422,103.95999908447266,70.68923950195312,769700
BXP,2013-08-27,102.83999633789062,103.62000274658205,102.5199966430664,103.41000366210938,70.31527709960938,598400
BXP,2013-08-28,103.3499984741211,103.4800033569336,102.30999755859376,102.75,69.86649322509766,599300
BXP,2013-08-29,102.0500030517578,102.45999908447266,101.26000213623048,102.38999938964844,69.62171936035156,683500
BXP,2013-08-30,102.5199966430664,103.08000183105467,102.0999984741211,102.5,69.69649505615234,1062900
BXP,2013-09-03,103.0999984741211,103.27999877929688,100.79000091552734,101.68000030517578,69.138916015625,1258800
BXP,2013-09-04,101.83000183105467,103.26000213623048,101.33000183105467,102.9800033569336,70.02287292480469,965100
BXP,2013-09-05,103.33000183105467,103.4499969482422,102.1999969482422,102.4800033569336,69.68292999267578,1092300
BXP,2013-09-06,103.5500030517578,105.47000122070312,103.3499984741211,104.80999755859376,71.26725769042969,1015600
BXP,2013-09-09,104.75,105.79000091552734,104.66000366210938,105.79000091552734,71.93360137939453,906800
BXP,2013-09-10,106.25,106.68000030517578,105.4000015258789,106.62000274658205,72.49796295166016,729000
BXP,2013-09-11,106.38999938964844,107.04000091552734,106.05999755859376,106.95999908447266,72.72916412353516,669500
BXP,2013-09-12,106.68000030517578,107.23999786376952,104.19000244140624,104.5999984741211,71.12443542480469,810500
BXP,2013-09-13,104.69000244140624,105.30999755859376,104.4000015258789,104.8000030517578,71.26042175292969,464200
BXP,2013-09-16,106.6500015258789,107.16000366210938,105.36000061035156,105.86000061035156,71.98120880126953,447400
BXP,2013-09-17,105.81999969482422,106.80999755859376,105.27999877929688,105.6999969482422,71.87240600585938,396500
BXP,2013-09-18,105.62000274658205,111.02999877929688,104.6999969482422,110.88999938964844,75.40143585205078,1427100
BXP,2013-09-19,110.8000030517578,112.93000030517578,110.69000244140624,111.12000274658205,75.55779266357422,1181000
BXP,2013-09-20,111.0999984741211,111.0999984741211,108.9499969482422,109.36000061035156,74.36109161376953,1386800
BXP,2013-09-23,108.94000244140624,110.37999725341795,108.3499984741211,109.43000030517578,74.40863800048828,999500
BXP,2013-09-24,109.12000274658205,109.63999938964844,107.08000183105467,107.1999969482422,72.89236450195312,912000
BXP,2013-09-25,107.12999725341795,108.37000274658205,105.56999969482422,106.30999755859376,72.28717803955078,1131100
BXP,2013-09-26,106.01000213623048,106.83999633789062,105.73999786376952,106.73999786376952,73.02605438232422,591800
BXP,2013-09-27,106.41999816894533,107.4499969482422,106.16000366210938,107.08999633789062,73.26551055908203,827200
BXP,2013-09-30,106.68000030517578,107.97000122070312,106.27999877929688,106.9000015258789,73.13555145263672,994200
BXP,2013-10-01,107.05999755859376,108.91000366210938,106.4000015258789,107.73999786376952,73.7102279663086,1242700
BXP,2013-10-02,106.5199966430664,107.6500015258789,105.87000274658205,107.55999755859376,73.58706665039062,1049300
BXP,2013-10-03,107.47000122070312,107.5500030517578,105.3499984741211,106.6999969482422,72.9986801147461,794500
BXP,2013-10-04,106.94000244140624,107.83000183105467,105.7699966430664,106.4800033569336,72.84819030761719,584500
BXP,2013-10-07,105.68000030517578,106.97000122070312,105.44000244140624,105.5500030517578,72.21189880371094,633800
BXP,2013-10-08,104.81999969482422,104.9800033569336,103.33000183105467,103.5500030517578,70.84362030029297,1316600
BXP,2013-10-09,103.81999969482422,104.66999816894533,103.19000244140624,103.44000244140624,70.76837158203125,755600
BXP,2013-10-10,104.20999908447266,105.48999786376952,103.80999755859376,105.3499984741211,72.0750961303711,1317500
BXP,2013-10-11,105.51000213623048,107.33000183105467,105.01000213623048,107.27999877929688,73.39550018310547,805900
BXP,2013-10-14,106.80999755859376,107.5,106.0999984741211,107.22000122070312,73.35445404052734,664500
BXP,2013-10-15,106.5199966430664,108.08000183105467,106.5199966430664,106.9800033569336,73.19025421142578,429400
BXP,2013-10-16,107.31999969482422,108.91000366210938,106.86000061035156,108.4499969482422,74.19596099853516,733900
BXP,2013-10-17,108.0199966430664,109.58000183105467,107.81999969482422,109.18000030517578,74.69537353515625,682300
BXP,2013-10-18,108.83000183105467,109.3499984741211,107.3000030517578,108.81999969482422,74.44906616210938,960400
BXP,2013-10-21,108.6500015258789,108.6500015258789,106.5199966430664,106.9800033569336,73.19025421142578,977900
BXP,2013-10-22,107.5500030517578,109.69000244140624,107.5500030517578,109.37000274658205,74.82537078857422,1218700
BXP,2013-10-23,109.12000274658205,109.58999633789062,107.87000274658205,108.4000015258789,74.1617431640625,697300
BXP,2013-10-24,108.4000015258789,108.75,107.31999969482422,107.37999725341795,73.46391296386719,865300
BXP,2013-10-25,107.26000213623048,109.66999816894533,107.23999786376952,109.63999938964844,75.01009368896484,991900
BXP,2013-10-28,109.80999755859376,109.83000183105467,106.9499969482422,107.38999938964844,73.47076416015625,716500
BXP,2013-10-29,107.37999725341795,108.0500030517578,106.27999877929688,107.95999908447266,73.86072540283203,1034000
BXP,2013-10-30,106.87000274658205,106.87000274658205,103.62999725341795,105.05999755859376,71.87669372558594,1528100
BXP,2013-10-31,105.0,105.63999938964844,102.87999725341795,103.5,70.80941772460938,1305500
BXP,2013-11-01,103.95999908447266,104.5999984741211,102.98999786376952,104.41999816894533,71.4388198852539,800800
BXP,2013-11-04,104.45999908447266,104.98999786376952,103.41999816894533,103.77999877929688,71.0009765625,935100
BXP,2013-11-05,103.4000015258789,103.5999984741211,102.0,102.1500015258789,69.88581848144531,858600
BXP,2013-11-06,102.29000091552734,102.79000091552734,101.93000030517578,102.1500015258789,69.88581848144531,694400
BXP,2013-11-07,102.4499969482422,102.69000244140624,101.12000274658205,101.2300033569336,69.25641632080078,793900
BXP,2013-11-08,100.86000061035156,100.87000274658205,98.70999908447266,100.33000183105467,68.64066314697266,1060900
BXP,2013-11-11,100.66000366210938,101.7300033569336,100.66000366210938,100.95999908447266,69.07169342041016,495300
BXP,2013-11-12,100.7300033569336,101.0999984741211,99.94000244140624,100.6500015258789,68.8595962524414,852700
BXP,2013-11-13,100.38999938964844,101.37000274658205,100.05999755859376,101.31999969482422,69.31797790527344,626400
BXP,2013-11-14,101.61000061035156,102.4000015258789,101.1999969482422,101.58000183105467,69.495849609375,700600
BXP,2013-11-15,101.47000122070312,103.12000274658205,101.47000122070312,103.02999877929688,70.48786926269531,1185300
BXP,2013-11-18,103.6999969482422,103.97000122070312,102.12999725341795,102.48999786376952,70.11841583251953,703600
BXP,2013-11-19,102.56999969482422,103.72000122070312,101.62000274658205,103.41000366210938,70.74784088134766,767900
BXP,2013-11-20,103.30999755859376,104.26000213623048,101.25,101.87999725341795,69.70108032226562,881000
BXP,2013-11-21,101.76000213623048,102.68000030517578,101.25,102.36000061035156,70.02948760986328,722500
BXP,2013-11-22,102.36000061035156,102.76000213623048,101.04000091552734,101.69000244140624,69.57109069824219,689700
BXP,2013-11-25,101.70999908447266,102.27999877929688,101.1999969482422,101.62000274658205,69.52320861816406,581300
BXP,2013-11-26,101.62000274658205,101.8000030517578,100.63999938964844,100.66000366210938,68.86642456054688,592700
BXP,2013-11-27,100.73999786376952,101.76000213623048,100.08999633789062,101.62000274658205,69.52320861816406,603300
BXP,2013-11-29,101.9499969482422,102.0500030517578,99.36000061035156,99.48999786376952,68.06598663330078,493900
BXP,2013-12-02,99.8499984741211,101.16000366210938,99.51000213623048,99.83999633789062,68.30542755126953,1161100
BXP,2013-12-03,99.23999786376952,100.01000213623048,98.9000015258789,99.48999786376952,68.06598663330078,1108600
BXP,2013-12-04,98.61000061035156,100.72000122070312,98.5199966430664,99.77999877929688,68.2643814086914,810800
BXP,2013-12-05,99.38999938964844,100.4000015258789,98.41999816894533,100.04000091552734,68.44227600097656,1091000
BXP,2013-12-06,100.93000030517578,101.41999816894533,99.94000244140624,100.7300033569336,68.91432189941406,912000
BXP,2013-12-09,100.95999908447266,102.0,100.4800033569336,102.0,69.783203125,876300
BXP,2013-12-10,101.6999969482422,102.95999908447266,101.37999725341795,102.2300033569336,69.94053649902344,987800
BXP,2013-12-11,102.08999633789062,102.08999633789062,99.5999984741211,99.66000366210938,68.1822738647461,1243800
BXP,2013-12-12,99.7699966430664,99.83000183105467,98.83000183105467,99.12999725341795,67.8196792602539,947100
BXP,2013-12-13,99.62000274658205,100.37000274658205,98.18000030517578,98.45999908447266,67.36131286621094,883800
BXP,2013-12-16,98.58999633789062,99.23999786376952,98.04000091552734,98.97000122070312,67.7102279663086,733000
BXP,2013-12-17,99.26000213623048,101.16000366210938,98.87999725341795,101.11000061035156,69.17427062988281,994400
BXP,2013-12-18,101.37000274658205,103.20999908447266,99.73999786376952,103.0,70.46733093261719,1012400
BXP,2013-12-19,103.0999984741211,103.0999984741211,101.56999969482422,102.1500015258789,69.88581848144531,1167800
BXP,2013-12-20,101.95999908447266,103.62000274658205,101.80999755859376,103.5,70.80941772460938,1475400
BXP,2013-12-23,103.95999908447266,105.22000122070312,103.37000274658205,103.70999908447266,70.95307159423828,789800
BXP,2013-12-24,103.51000213623048,104.02999877929688,102.56999969482422,103.41999816894533,70.75468444824219,373900
BXP,2013-12-26,103.88999938964844,104.23999786376952,102.83000183105467,104.0,71.1514892578125,608100
BXP,2013-12-27,101.06999969482422,101.5,99.8000030517578,100.4000015258789,70.65885925292969,653300
BXP,2013-12-30,100.54000091552734,101.3000030517578,100.25,101.11000061035156,71.15853881835938,502100
BXP,2013-12-31,101.1500015258789,101.62000274658205,99.88999938964844,100.37000274658205,70.63774871826172,896800
BXP,2014-01-02,100.22000122070312,101.36000061035156,99.5500030517578,100.38999938964844,70.65181732177734,894800
BXP,2014-01-03,100.7300033569336,102.6999969482422,100.06999969482422,101.58999633789062,71.496337890625,686800
BXP,2014-01-06,101.83999633789062,103.20999908447266,101.6999969482422,102.72000122070312,72.2916030883789,981000
BXP,2014-01-07,102.70999908447266,103.83000183105467,102.12999725341795,103.37999725341795,72.75607299804688,1127800
BXP,2014-01-08,103.51000213623048,104.01000213623048,102.33999633789062,102.69000244140624,72.27049255371094,908900
BXP,2014-01-09,102.93000030517578,102.93000030517578,101.73999786376952,102.73999786376952,72.3056869506836,934100
BXP,2014-01-10,103.1500015258789,104.9800033569336,102.75,104.44000244140624,73.5020980834961,929000
BXP,2014-01-13,104.05999755859376,104.94000244140624,103.16000366210938,103.5999984741211,72.91092681884766,769000
BXP,2014-01-14,104.0500030517578,104.98999786376952,103.5999984741211,104.55999755859376,73.5865478515625,970400
BXP,2014-01-15,104.25,105.3499984741211,104.25,105.19000244140624,74.0299301147461,913800
BXP,2014-01-16,104.87999725341795,105.66000366210938,104.68000030517578,104.87000274658205,73.80471801757812,553800
BXP,2014-01-17,105.12000274658205,105.23999786376952,104.13999938964844,104.73999786376952,73.7132339477539,991800
BXP,2014-01-21,105.0999984741211,106.93000030517578,105.0999984741211,106.20999908447266,74.74777221679688,976700
BXP,2014-01-22,106.56999969482422,107.80999755859376,106.41000366210938,107.29000091552734,75.50785827636719,705800
BXP,2014-01-23,106.26000213623048,107.12000274658205,105.94000244140624,106.9000015258789,75.2333755493164,662800
BXP,2014-01-24,106.75,106.8499984741211,104.88999938964844,104.88999938964844,73.81879425048828,833600
BXP,2014-01-27,104.9499969482422,105.62999725341795,103.93000030517578,104.30999755859376,73.41059875488281,809800
BXP,2014-01-28,104.36000061035156,105.98999786376952,104.36000061035156,105.31999969482422,74.12142181396484,762000
BXP,2014-01-29,104.86000061035156,106.83999633789062,104.19000244140624,105.8000030517578,74.459228515625,1056800
BXP,2014-01-30,106.52999877929688,108.33999633789062,106.4800033569336,108.0,76.00752258300781,872400
BXP,2014-01-31,107.02999877929688,108.62999725341795,106.63999938964844,108.08999633789062,76.07086944580078,1013600
BXP,2014-02-03,107.93000030517578,108.41999816894533,105.81999969482422,106.05999755859376,74.64220428466797,830100
BXP,2014-02-04,106.66999816894533,107.94000244140624,105.94000244140624,107.73999786376952,75.82454681396484,915800
BXP,2014-02-05,107.58000183105467,107.72000122070312,106.19000244140624,106.7300033569336,75.11373138427734,717400
BXP,2014-02-06,106.9800033569336,108.66000366210938,106.7699966430664,108.48999786376952,76.35237884521484,953600
BXP,2014-02-07,108.91999816894533,109.98999786376952,107.91999816894533,109.18000030517578,76.83797454833984,1089000
BXP,2014-02-10,109.1500015258789,110.23999786376952,108.41000366210938,109.91999816894533,77.35877227783203,738100
BXP,2014-02-11,109.68000030517578,110.37999725341795,109.31999969482422,109.63999938964844,77.16169738769531,990100
BXP,2014-02-12,109.72000122070312,110.29000091552734,109.02999877929688,110.12999725341795,77.50655364990234,503600
BXP,2014-02-13,109.47000122070312,111.23999786376952,109.47000122070312,110.11000061035156,77.49246215820312,726700
BXP,2014-02-14,110.20999908447266,111.2300033569336,109.73999786376952,110.95999908447266,78.09069061279297,361500
BXP,2014-02-18,110.7699966430664,111.3499984741211,109.8499984741211,111.31999969482422,78.34406280517578,690100
BXP,2014-02-19,110.93000030517578,111.97000122070312,110.4800033569336,110.83999633789062,78.00625610351562,515100
BXP,2014-02-20,110.86000061035156,111.73999786376952,110.04000091552734,110.66000366210938,77.87956237792969,655300
BXP,2014-02-21,110.6999969482422,111.69000244140624,110.3000030517578,110.91000366210938,78.05548858642578,582900
BXP,2014-02-24,110.91000366210938,111.54000091552734,110.5999984741211,110.62999725341795,77.85845184326172,694500
BXP,2014-02-25,110.66999816894533,112.72000122070312,110.25,112.0999984741211,78.89299011230469,836700
BXP,2014-02-26,112.58000183105467,112.94000244140624,110.9800033569336,111.4000015258789,78.40036010742188,625200
BXP,2014-02-27,111.36000061035156,112.25,109.7300033569336,110.93000030517578,78.069580078125,717800
BXP,2014-02-28,110.79000091552734,112.95999908447266,110.58999633789062,112.43000030517578,79.1252212524414,1083900
BXP,2014-03-03,111.9800033569336,112.83999633789062,110.9800033569336,112.16999816894533,78.94224548339844,639700
BXP,2014-03-04,113.0,114.05999755859376,112.55999755859376,113.58999633789062,79.94161987304688,938700
BXP,2014-03-05,113.47000122070312,113.66999816894533,111.16000366210938,112.98999786376952,79.51934814453125,903700
BXP,2014-03-06,113.45999908447266,113.45999908447266,111.61000061035156,112.44000244140624,79.13227081298828,764400
BXP,2014-03-07,112.44000244140624,112.44000244140624,110.16999816894533,110.94000244140624,78.07661437988281,903700
BXP,2014-03-10,110.8499984741211,111.05999755859376,109.94000244140624,110.68000030517578,77.89364624023438,688400
BXP,2014-03-11,111.4800033569336,113.72000122070312,111.2300033569336,112.91000366210938,79.46305847167969,1205600
BXP,2014-03-12,112.16999816894533,113.0,111.43000030517578,111.56999969482422,78.52000427246094,820200
BXP,2014-03-13,111.87000274658205,111.9000015258789,110.7699966430664,111.6500015258789,78.57630920410156,639500
BXP,2014-03-14,111.58999633789062,112.79000091552734,111.4000015258789,111.8499984741211,78.7170639038086,487100
BXP,2014-03-17,112.3000030517578,113.0,111.66999816894533,112.19000244140624,78.95633697509766,645400
BXP,2014-03-18,112.23999786376952,113.29000091552734,111.87000274658205,113.20999908447266,79.67418670654297,588000
BXP,2014-03-19,113.37999725341795,114.44000244140624,111.37000274658205,112.0,78.82262420654297,1119700
BXP,2014-03-20,111.4499969482422,112.87999725341795,110.48999786376952,112.83999633789062,79.41377258300781,891700
BXP,2014-03-21,113.87000274658205,114.58999633789062,112.66999816894533,113.9499969482422,80.19497680664062,1095000
BXP,2014-03-24,113.97000122070312,114.13999938964844,112.18000030517578,113.16000366210938,79.63899993896484,745800
BXP,2014-03-25,113.61000061035156,114.0500030517578,112.87999725341795,113.63999938964844,79.97681427001953,482200
BXP,2014-03-26,113.8000030517578,113.91999816894533,112.16999816894533,112.33999633789062,79.06189727783203,955000
BXP,2014-03-27,111.62999725341795,113.11000061035156,111.38999938964844,113.04000091552734,80.0175552368164,776500
BXP,2014-03-28,113.37999725341795,114.19000244140624,113.37999725341795,113.88999938964844,80.61919403076172,522600
BXP,2014-03-31,114.1999969482422,115.1999969482422,113.1999969482422,114.52999877929688,81.07223510742188,685000
BXP,2014-04-01,114.58000183105467,115.76000213623048,113.81999969482422,115.70999908447266,81.90754699707031,884100
BXP,2014-04-02,115.36000061035156,116.25,114.9000015258789,115.5,81.75887298583984,787200
BXP,2014-04-03,115.69000244140624,115.91999816894533,114.83999633789062,115.5,81.75887298583984,612600
BXP,2014-04-04,114.79000091552734,117.0,114.79000091552734,116.30999755859376,82.33224487304688,782700
BXP,2014-04-07,116.1999969482422,117.4499969482422,115.63999938964844,116.56999969482422,82.51628875732422,1302800
BXP,2014-04-08,116.56999969482422,117.41000366210938,115.97000122070312,117.26000213623048,83.00473022460938,719700
BXP,2014-04-09,117.27999877929688,117.48999786376952,116.01000213623048,116.26000213623048,82.29686737060547,969200
BXP,2014-04-10,116.61000061035156,117.27999877929688,114.2300033569336,114.4499969482422,81.015625,965200
BXP,2014-04-11,113.95999908447266,116.0,113.86000061035156,115.3499984741211,81.65269470214844,1291000
BXP,2014-04-14,115.83999633789062,116.47000122070312,114.23999786376952,115.44000244140624,81.71640014648438,775600
BXP,2014-04-15,115.4800033569336,117.06999969482422,115.3499984741211,116.79000091552734,82.67203521728516,1086800
BXP,2014-04-16,117.11000061035156,117.5500030517578,115.88999938964844,116.88999938964844,82.74280548095703,1182500
BXP,2014-04-17,116.54000091552734,117.48999786376952,116.1999969482422,117.43000030517578,83.12506866455078,690700
BXP,2014-04-21,118.0,118.23999786376952,117.12000274658205,117.58999633789062,83.23833465576172,677100
BXP,2014-04-22,117.33000183105467,118.26000213623048,117.05999755859376,118.01000213623048,83.53563690185547,618900
BXP,2014-04-23,118.0199966430664,118.5,116.95999908447266,117.37000274658205,83.08259582519531,835200
BXP,2014-04-24,117.5199966430664,118.36000061035156,117.0199966430664,118.22000122070312,83.68427276611328,583400
BXP,2014-04-25,118.12000274658205,118.37999725341795,116.9800033569336,117.37000274658205,83.08259582519531,455200
BXP,2014-04-28,118.0999984741211,118.45999908447266,117.11000061035156,118.3000030517578,83.74092102050781,673300
BXP,2014-04-29,118.31999969482422,118.41000366210938,117.22000122070312,117.52999877929688,83.19586944580078,600100
BXP,2014-04-30,118.29000091552734,118.9800033569336,116.55999755859376,117.13999938964844,82.91976928710938,1110400
BXP,2014-05-01,117.33000183105467,118.37000274658205,116.47000122070312,118.2300033569336,83.69136810302734,813800
BXP,2014-05-02,117.93000030517578,118.97000122070312,117.1999969482422,117.8499984741211,83.42237091064453,1194600
BXP,2014-05-05,117.48999786376952,118.16999816894533,117.2300033569336,117.8000030517578,83.3869857788086,711900
BXP,2014-05-06,117.62999725341795,117.9000015258789,116.91000366210938,117.05999755859376,82.8631362915039,854200
BXP,2014-05-07,117.73999786376952,118.94000244140624,117.22000122070312,118.6999969482422,84.02407836914062,688600
BXP,2014-05-08,118.66000366210938,119.5,118.5199966430664,119.05999755859376,84.27887725830078,496000
BXP,2014-05-09,119.66000366210938,120.16000366210938,118.63999938964844,119.43000030517578,84.54080963134766,683400
BXP,2014-05-12,119.52999877929688,119.98999786376952,119.05999755859376,119.79000091552734,84.795654296875,583600
BXP,2014-05-13,120.0,120.54000091552734,118.3000030517578,118.76000213623048,84.06653594970703,585300
BXP,2014-05-14,118.94000244140624,119.11000061035156,117.93000030517578,118.77999877929688,84.08070373535156,493600
BXP,2014-05-15,118.68000030517578,119.1999969482422,117.5999984741211,119.16999816894533,84.35678100585938,865200
BXP,2014-05-16,118.6999969482422,120.18000030517578,118.2300033569336,120.13999938964844,85.04340362548828,757500
BXP,2014-05-19,119.87999725341795,120.1999969482422,118.6999969482422,120.0,84.94430541992188,776100
BXP,2014-05-20,119.73999786376952,120.33000183105467,119.4499969482422,119.8000030517578,84.80271911621094,826600
BXP,2014-05-21,120.9000015258789,121.0500030517578,119.08999633789062,119.1500015258789,84.34261322021484,505400
BXP,2014-05-22,119.12999725341795,119.41000366210938,118.05999755859376,118.26000213623048,83.71261596679688,446800
BXP,2014-05-23,118.66999816894533,119.2699966430664,118.36000061035156,118.91000366210938,84.1727066040039,676400
BXP,2014-05-27,119.0,120.44000244140624,118.83000183105467,120.43000030517578,85.24867248535156,600200
BXP,2014-05-28,120.12999725341795,120.12999725341795,118.4499969482422,119.3000030517578,84.44878387451172,465000
BXP,2014-05-29,119.20999908447266,119.5999984741211,118.77999877929688,119.4800033569336,84.57620239257812,377900
BXP,2014-05-30,119.54000091552734,120.68000030517578,119.51000213623048,120.68000030517578,85.42564392089844,1143100
BXP,2014-06-02,120.47000122070312,121.43000030517578,120.1999969482422,120.9000015258789,85.58138275146484,507300
BXP,2014-06-03,120.58999633789062,120.80999755859376,119.83000183105467,119.98999786376952,84.93720245361328,416600
BXP,2014-06-04,119.7300033569336,120.62000274658205,119.18000030517578,120.30999755859376,85.16373443603516,529500
BXP,2014-06-05,120.3499984741211,122.02999877929688,119.9800033569336,121.9499969482422,86.32463073730469,769400
BXP,2014-06-06,121.94000244140624,122.0,121.3000030517578,121.9000015258789,86.28923797607422,668600
BXP,2014-06-09,121.9000015258789,122.4000015258789,119.19000244140624,119.73999786376952,84.76022338867188,838100
BXP,2014-06-10,119.4000015258789,119.91000366210938,117.70999908447266,117.9499969482422,83.4931640625,905100
BXP,2014-06-11,117.87999725341795,118.13999938964844,116.7699966430664,117.0,82.82069396972656,938200
BXP,2014-06-12,113.62000274658205,117.04000091552734,113.62000274658205,116.25,82.2897720336914,1363700
BXP,2014-06-13,116.62000274658205,117.25,115.72000122070312,116.80999755859376,82.68620300292969,1082000
BXP,2014-06-16,116.9800033569336,117.47000122070312,115.63999938964844,116.0,82.11284637451172,878800
BXP,2014-06-17,115.58999633789062,115.63999938964844,114.4000015258789,114.98999786376952,81.39786529541016,1095900
BXP,2014-06-18,115.2300033569336,117.19000244140624,114.66000366210938,116.9499969482422,82.78528594970703,845700
BXP,2014-06-19,117.19000244140624,118.06999969482422,116.63999938964844,118.02999877929688,83.54978942871094,856300
BXP,2014-06-20,118.1500015258789,118.55999755859376,117.1500015258789,118.38999938964844,83.80461883544922,1021400
BXP,2014-06-23,118.23999786376952,118.87999725341795,117.9000015258789,118.25,83.70552062988281,698000
BXP,2014-06-24,118.0199966430664,118.73999786376952,117.54000091552734,118.73999786376952,84.05238342285156,979900
BXP,2014-06-25,118.31999969482422,118.87999725341795,117.83000183105467,118.31999969482422,83.75506591796875,798600
BXP,2014-06-26,117.4499969482422,117.69000244140624,116.86000061035156,117.30999755859376,83.49882507324219,656300
BXP,2014-06-27,117.37999725341795,118.52999877929688,116.9800033569336,118.52999877929688,84.36720275878906,845800
BXP,2014-06-30,118.2300033569336,118.58999633789062,117.33000183105467,118.18000030517578,84.11810302734375,694800
BXP,2014-07-01,118.3499984741211,119.12000274658205,117.63999938964844,118.5199966430664,84.36009216308594,767100
BXP,2014-07-02,118.16999816894533,118.61000061035156,117.58999633789062,117.94000244140624,83.94725799560547,630400
BXP,2014-07-03,117.80999755859376,117.98999786376952,116.97000122070312,117.37999725341795,83.54865264892578,728200
BXP,2014-07-07,117.52999877929688,118.8000030517578,117.11000061035156,118.55999755859376,84.38853454589844,1041200
BXP,2014-07-08,118.52999877929688,118.9000015258789,118.19000244140624,118.5999984741211,84.41704559326172,526300
BXP,2014-07-09,118.69000244140624,118.9000015258789,117.73999786376952,118.62999725341795,84.43838500976562,474900
BXP,2014-07-10,117.93000030517578,120.19000244140624,117.93000030517578,119.69000244140624,85.19287109375,736800
BXP,2014-07-11,119.69000244140624,119.69000244140624,118.91000366210938,119.41999816894533,85.00067901611328,458500
BXP,2014-07-14,119.5199966430664,120.44000244140624,119.19000244140624,120.37000274658205,85.67689514160156,660700
BXP,2014-07-15,120.38999938964844,120.72000122070312,119.6500015258789,120.4499969482422,85.73381042480469,415000
BXP,2014-07-16,120.5500030517578,121.16999816894533,120.23999786376952,120.79000091552734,85.97583770751953,418100
BXP,2014-07-17,120.6999969482422,121.11000061035156,120.19000244140624,120.31999969482422,85.64128112792969,560000
BXP,2014-07-18,120.6999969482422,121.83999633789062,120.4499969482422,121.69000244140624,86.61641693115234,543900
BXP,2014-07-21,121.1999969482422,121.5999984741211,120.87999725341795,121.0,86.12528228759766,473800
BXP,2014-07-22,121.5500030517578,121.9000015258789,121.3499984741211,121.68000030517578,86.60930633544922,659900
BXP,2014-07-23,121.8499984741211,121.8499984741211,121.05999755859376,121.20999908447266,86.2747573852539,531400
BXP,2014-07-24,121.54000091552734,121.79000091552734,120.72000122070312,121.29000091552734,86.33171844482422,601400
BXP,2014-07-25,120.8000030517578,121.25,119.79000091552734,120.08000183105467,85.4704818725586,655200
BXP,2014-07-28,120.47000122070312,122.0,120.37000274658205,121.4499969482422,86.44558715820312,604500
BXP,2014-07-29,121.26000213623048,121.3499984741211,119.87999725341795,120.51000213623048,85.77654266357422,568700
BXP,2014-07-30,120.3499984741211,121.91000366210938,120.25,120.9800033569336,86.11106872558594,700400
BXP,2014-07-31,120.70999908447266,121.29000091552734,119.37999725341795,119.4499969482422,85.02203369140625,715100
BXP,2014-08-01,119.5199966430664,120.06999969482422,118.72000122070312,118.77999877929688,84.54515838623047,518900
BXP,2014-08-04,118.81999969482422,120.23999786376952,118.08000183105467,119.81999969482422,85.28541564941406,542600
BXP,2014-08-05,119.18000030517578,119.63999938964844,117.76000213623048,118.30999755859376,84.21061706542969,710600
BXP,2014-08-06,118.20999908447266,119.2300033569336,118.06999969482422,118.95999908447266,84.67324829101562,637100
BXP,2014-08-07,119.16999816894533,119.8000030517578,118.43000030517578,118.66999816894533,84.46685791015625,456300
BXP,2014-08-08,119.8000030517578,120.12000274658205,118.45999908447266,120.0500030517578,85.44911193847656,515600
BXP,2014-08-11,120.61000061035156,121.37999725341795,120.16000366210938,120.6500015258789,85.87618255615234,482500
BXP,2014-08-12,120.51000213623048,120.97000122070312,120.0999984741211,120.51000213623048,85.77654266357422,360900
BXP,2014-08-13,120.75,122.18000030517578,120.54000091552734,121.4800033569336,86.46696472167969,453900
BXP,2014-08-14,121.7699966430664,122.0,120.87000274658205,120.93000030517578,86.0754623413086,450100
BXP,2014-08-15,121.33999633789062,121.66000366210938,120.30999755859376,120.54000091552734,85.79791259765625,598400
BXP,2014-08-18,121.23999786376952,122.5,120.88999938964844,122.41999816894533,87.13605499267578,533900
BXP,2014-08-19,122.5500030517578,123.1500015258789,121.79000091552734,122.94000244140624,87.50613403320312,381800
BXP,2014-08-20,122.58000183105467,123.8000030517578,121.88999938964844,123.41000366210938,87.84069061279297,405600
BXP,2014-08-21,123.41000366210938,124.04000091552734,122.70999908447266,122.98999786376952,87.54174041748047,470500
BXP,2014-08-22,122.8499984741211,123.33999633789062,121.22000122070312,121.9800033569336,86.82286071777344,335000
BXP,2014-08-25,122.72000122070312,122.72000122070312,120.83000183105467,121.37999725341795,86.39578247070312,422700
BXP,2014-08-26,121.36000061035156,121.95999908447266,121.04000091552734,121.13999938964844,86.22493743896484,454200
BXP,2014-08-27,121.3499984741211,122.22000122070312,121.18000030517578,121.48999786376952,86.47406768798828,449600
BXP,2014-08-28,121.29000091552734,121.66999816894533,120.7300033569336,121.06999969482422,86.17512512207031,437900
BXP,2014-08-29,121.2699966430664,121.5199966430664,120.66999816894533,121.41999816894533,86.42423248291016,814900
BXP,2014-09-02,121.2699966430664,121.88999938964844,121.02999877929688,121.2300033569336,86.28900909423828,565300
BXP,2014-09-03,121.7300033569336,122.3000030517578,121.2300033569336,121.8499984741211,86.7303237915039,520600
BXP,2014-09-04,121.7699966430664,122.37000274658205,120.30999755859376,120.66999816894533,85.89041900634766,624100
BXP,2014-09-05,120.77999877929688,122.88999938964844,120.77999877929688,122.79000091552734,87.3993911743164,571000
BXP,2014-09-08,122.91000366210938,123.33000183105467,122.2300033569336,122.66000366210938,87.30684661865234,318500
BXP,2014-09-09,122.33000183105467,122.81999969482422,121.11000061035156,121.4000015258789,86.41001892089844,357900
BXP,2014-09-10,120.9800033569336,121.04000091552734,118.9000015258789,119.0500030517578,84.73731994628906,602900
BXP,2014-09-11,118.91000366210938,119.58999633789062,118.52999877929688,119.27999877929688,84.90103149414062,452800
BXP,2014-09-12,119.0,119.01000213623048,114.5500030517578,115.3000030517578,82.06815338134766,1078900
BXP,2014-09-15,115.5500030517578,116.0500030517578,114.16000366210938,114.86000061035156,81.75496673583984,686300
BXP,2014-09-16,114.98999786376952,116.7699966430664,114.44000244140624,116.30999755859376,82.78706359863281,781400
BXP,2014-09-17,117.26000213623048,118.66999816894533,117.08999633789062,117.94000244140624,83.94725799560547,1113500
BXP,2014-09-18,118.93000030517578,118.93000030517578,117.04000091552734,117.36000061035156,83.53441619873047,749300
BXP,2014-09-19,117.98999786376952,117.98999786376952,116.98999786376952,117.20999908447266,83.42764282226562,984600
BXP,2014-09-22,116.8000030517578,117.56999969482422,116.38999938964844,116.4800033569336,82.9080581665039,535600
BXP,2014-09-23,116.18000030517578,116.62000274658205,115.3000030517578,115.45999908447266,82.18205261230469,739000
BXP,2014-09-24,115.2699966430664,117.02999877929688,114.88999938964844,115.11000061035156,81.93292999267578,847800
BXP,2014-09-25,115.41000366210938,115.52999877929688,113.61000061035156,113.66000366210938,80.90084838867188,1379000
BXP,2014-09-26,112.83999633789062,115.66999816894533,112.75,115.25,82.50438690185547,984500
BXP,2014-09-29,115.66999816894533,115.88999938964844,114.31999969482422,115.87000274658205,82.9482421875,1054600
BXP,2014-09-30,115.9000015258789,116.30999755859376,114.86000061035156,115.76000213623048,82.86951446533203,1036500
BXP,2014-10-01,115.44000244140624,117.02999877929688,115.30999755859376,115.9800033569336,83.02698516845703,988200
BXP,2014-10-02,115.76000213623048,116.56999969482422,115.44000244140624,115.98999786376952,83.03413391113281,829500
BXP,2014-10-03,116.33000183105467,116.81999969482422,115.5999984741211,116.44000244140624,83.35628509521484,878200
BXP,2014-10-06,116.54000091552734,117.16999816894533,115.88999938964844,116.3499984741211,83.29185485839844,624300
BXP,2014-10-07,115.9000015258789,116.70999908447266,115.05999755859376,115.0999984741211,82.39701080322266,916700
BXP,2014-10-08,115.58999633789062,118.62000274658205,115.3000030517578,118.58999633789062,84.8954086303711,1397400
BXP,2014-10-09,118.5,119.8499984741211,118.08000183105467,118.77999877929688,85.03144073486328,1214000
BXP,2014-10-10,119.13999938964844,120.70999908447266,119.04000091552734,119.33999633789062,85.43231201171875,818400
BXP,2014-10-13,119.02999877929688,120.79000091552734,119.02999877929688,119.3000030517578,85.40367889404297,739500
BXP,2014-10-14,119.66999816894533,122.30999755859376,119.3000030517578,120.66999816894533,86.38442993164062,947500
BXP,2014-10-15,120.26000213623048,121.02999877929688,118.11000061035156,119.4800033569336,85.53253936767578,1443100
BXP,2014-10-16,118.51000213623048,119.37000274658205,117.45999908447266,118.44000244140624,84.78802490234375,1239100
BXP,2014-10-17,118.88999938964844,119.8000030517578,117.56999969482422,119.55999755859376,85.58980560302734,1167500
BXP,2014-10-20,119.68000030517578,120.94000244140624,119.37000274658205,120.91999816894533,86.56340789794922,594400
BXP,2014-10-21,121.29000091552734,122.16000366210938,120.44000244140624,122.11000061035156,87.41527557373047,829900
BXP,2014-10-22,122.3000030517578,122.8000030517578,121.62000274658205,121.7699966430664,87.17191314697266,792200
BXP,2014-10-23,122.1999969482422,122.69000244140624,121.4499969482422,121.9000015258789,87.26496124267578,1057900
BXP,2014-10-24,121.91999816894533,122.4499969482422,121.33000183105467,121.8499984741211,87.22917175292969,755300
BXP,2014-10-27,122.0,123.0199966430664,121.41000366210938,122.9000015258789,87.9808349609375,841900
BXP,2014-10-28,122.8499984741211,123.12000274658205,121.91000366210938,123.12000274658205,88.13831329345703,789500
BXP,2014-10-29,124.62999725341795,125.56999969482422,122.87999725341795,124.73999786376952,89.29803466796875,1320800
BXP,2014-10-30,124.13999938964844,125.5999984741211,123.87999725341795,125.56999969482422,89.89220428466797,859600
BXP,2014-10-31,126.0,126.91999816894533,125.43000030517578,126.75,90.73694610595705,1159000
BXP,2014-11-03,127.06999969482422,128.69000244140625,126.61000061035156,128.69000244140625,92.12572479248048,1484600
BXP,2014-11-04,128.80999755859375,129.3300018310547,127.97000122070312,129.02999877929688,92.36912536621094,943900
BXP,2014-11-05,129.19000244140625,129.61000061035156,128.00999450683594,128.85000610351562,92.2402572631836,804000
BXP,2014-11-06,128.94000244140625,129.38999938964844,127.68000030517578,127.91999816894533,91.57450103759766,1173700
BXP,2014-11-07,127.75,128.30999755859375,126.76000213623048,127.81999969482422,91.50292205810548,1416800
BXP,2014-11-10,127.66999816894533,128.41000366210938,127.4000015258789,128.2899932861328,91.83938598632812,722300
BXP,2014-11-11,128.47000122070312,128.52000427246094,127.0500030517578,127.63999938964844,91.37406158447266,643300
BXP,2014-11-12,128.2899932861328,128.3000030517578,126.47000122070312,126.8000030517578,90.7727279663086,776000
BXP,2014-11-13,126.80999755859376,127.94000244140624,126.37999725341795,127.83999633789062,91.51724243164062,847400
BXP,2014-11-14,127.63999938964844,128.11000061035156,126.04000091552734,126.33999633789062,90.44342041015624,624300
BXP,2014-11-17,126.58000183105467,127.23999786376952,126.23999786376952,126.43000030517578,90.5078582763672,721800
BXP,2014-11-18,126.69000244140624,127.9000015258789,126.26000213623048,127.7699966430664,91.4671401977539,849200
BXP,2014-11-19,127.43000030517578,128.8300018310547,127.06999969482422,127.91000366210938,91.56735229492188,1046900
BXP,2014-11-20,127.08000183105467,127.87999725341795,126.4499969482422,127.01000213623048,90.9230728149414,846100
BXP,2014-11-21,127.73999786376952,128.38999938964844,127.2699966430664,128.3800048828125,91.90380859375,1665300
BXP,2014-11-24,128.8300018310547,128.97999572753906,127.91000366210938,128.3699951171875,91.89666748046876,707000
BXP,2014-11-25,128.25,129.10000610351562,127.80999755859376,128.5399932861328,92.01834106445312,949300
BXP,2014-11-26,128.72999572753906,129.63999938964844,128.47999572753906,129.22000122070312,92.5051498413086,823000
BXP,2014-11-28,129.5800018310547,131.14999389648438,128.85000610351562,129.63999938964844,92.8058090209961,484400
BXP,2014-12-01,129.47999572753906,130.72999572753906,129.17999267578125,129.97999572753906,93.04920196533205,951800
BXP,2014-12-02,129.91000366210938,131.72000122070312,129.13999938964844,131.49000549316406,94.13020324707033,808200
BXP,2014-12-03,131.25,131.42999267578125,130.33999633789062,131.0800018310547,93.83667755126952,1191400
BXP,2014-12-04,131.25,131.7899932861328,130.41000366210938,131.52000427246094,94.15166473388672,872400
BXP,2014-12-05,131.07000732421875,131.4499969482422,129.32000732421875,131.38999938964844,94.05859375,772500
BXP,2014-12-08,131.6300048828125,132.8300018310547,131.35000610351562,131.82000732421875,94.36642456054688,884800
BXP,2014-12-09,130.97999572753906,133.69000244140625,130.97999572753906,133.16000366210938,95.32568359375,849200
BXP,2014-12-10,132.74000549316406,133.47999572753906,132.16000366210938,132.99000549316406,95.20401000976562,810700
BXP,2014-12-11,133.50999450683594,133.57000732421875,131.57000732421875,131.77000427246094,94.33061981201172,1017700
BXP,2014-12-12,131.3699951171875,132.24000549316406,130.61000061035156,130.64999389648438,93.5288314819336,687000
BXP,2014-12-15,131.08999633789062,131.25999450683594,128.69000244140625,128.92999267578125,92.29752349853516,1231400
BXP,2014-12-16,128.9600067138672,130.72999572753906,128.35000610351562,128.82000732421875,92.21880340576172,1003100
BXP,2014-12-17,129.22999572753906,132.17999267578125,128.82000732421875,131.99000549316406,94.48810577392578,781100
BXP,2014-12-18,132.97999572753906,134.1199951171875,132.13999938964844,134.10000610351562,95.99859619140624,859600
BXP,2014-12-19,134.7899932861328,134.83999633789062,132.66000366210938,133.7100067138672,95.71942138671876,1392800
BXP,2014-12-22,134.0399932861328,135.83999633789062,133.7100067138672,135.77000427246094,97.19412994384766,741600
BXP,2014-12-23,135.83999633789062,136.5399932861328,135.3800048828125,136.27999877929688,97.55921936035156,797600
BXP,2014-12-24,136.55999755859375,137.14999389648438,134.9199981689453,135.17999267578125,96.77173614501952,360500
BXP,2014-12-26,135.16000366210938,136.02999877929688,135.1199951171875,135.2899932861328,96.8504867553711,528300
BXP,2014-12-29,131.25,131.5500030517578,129.89999389648438,130.75,97.30445861816406,700700
BXP,2014-12-30,130.9499969482422,131.92999267578125,130.1199951171875,131.02000427246094,97.50540161132812,550400
BXP,2014-12-31,131.57000732421875,132.3699951171875,128.49000549316406,128.69000244140625,95.77140045166016,1107500
BXP,2015-01-02,129.33999633789062,131.4600067138672,129.2899932861328,131.25999450683594,97.68401336669922,612000
BXP,2015-01-05,131.85000610351562,132.67999267578125,131.05999755859375,132.4499969482422,98.56961059570312,892500
BXP,2015-01-06,132.91000366210938,135.24000549316406,132.72999572753906,135.02000427246094,100.48221588134766,1636600
BXP,2015-01-07,135.44000244140625,137.0399932861328,134.3300018310547,136.52999877929688,101.60594940185548,999200
BXP,2015-01-08,137.00999450683594,137.8800048828125,136.13999938964844,137.0800018310547,102.01526641845705,937400
BXP,2015-01-09,137.3800048828125,138.52000427246094,136.36000061035156,137.77000427246094,102.52875518798828,664900
BXP,2015-01-12,138.07000732421875,138.69000244140625,137.66000366210938,138.33999633789062,102.95296478271484,739100
BXP,2015-01-13,138.77999877929688,139.77999877929688,137.17999267578125,138.0399932861328,102.72967529296876,611900
BXP,2015-01-14,137.42999267578125,139.77000427246094,136.38999938964844,139.66000366210938,103.93531036376952,1043900
BXP,2015-01-15,139.7100067138672,140.3300018310547,139.10000610351562,139.97000122070312,104.1660385131836,618300
BXP,2015-01-16,139.8800048828125,141.3300018310547,139.07000732421875,141.08999633789062,104.9995346069336,731300
BXP,2015-01-20,141.5800018310547,141.86000061035156,140.07000732421875,140.52000427246094,104.5753402709961,884400
BXP,2015-01-21,140.02999877929688,140.9600067138672,139.55999755859375,140.52000427246094,104.5753402709961,567000
BXP,2015-01-22,140.89999389648438,143.41000366210938,140.6300048828125,143.16000366210938,106.5400161743164,861800
BXP,2015-01-23,143.0,143.1999969482422,142.0399932861328,142.6699981689453,106.17536163330078,519100
BXP,2015-01-26,142.3000030517578,144.27000427246094,142.0,144.22999572753906,107.33629608154295,536800
BXP,2015-01-27,143.67999267578125,145.10000610351562,143.55999755859375,144.22000122070312,107.3288803100586,698000
BXP,2015-01-28,144.7100067138672,146.07000732421875,142.97999572753906,142.97999572753906,106.40605926513672,841600
BXP,2015-01-29,143.32000732421875,143.97000122070312,142.00999450683594,143.44000244140625,106.7483901977539,742000
BXP,2015-01-30,142.69000244140625,144.07000732421875,138.8000030517578,138.8000030517578,103.29531860351562,1633000
BXP,2015-02-02,139.4499969482422,140.38999938964844,136.97000122070312,140.2100067138672,104.34461975097656,1535600
BXP,2015-02-03,139.52999877929688,141.91000366210938,139.00999450683594,141.80999755859375,105.5353546142578,747100
BXP,2015-02-04,141.5800018310547,142.19000244140625,140.10000610351562,141.1300048828125,105.02925872802734,892100
BXP,2015-02-05,142.0,143.92999267578125,141.5800018310547,143.7899932861328,107.00882720947266,711400
BXP,2015-02-06,143.4499969482422,143.5,140.27000427246094,140.9499969482422,104.8953094482422,1007600
BXP,2015-02-09,140.4499969482422,141.44000244140625,140.0800018310547,140.19000244140625,104.32970428466795,595600
BXP,2015-02-10,140.97000122070312,142.24000549316406,139.72999572753906,142.22000122070312,105.84046173095705,1226400
BXP,2015-02-11,142.4499969482422,142.86000061035156,139.91000366210938,140.9199981689453,104.8730010986328,830800
BXP,2015-02-12,141.35000610351562,142.7100067138672,140.08999633789062,142.66000366210938,106.1679229736328,864800
BXP,2015-02-13,142.3000030517578,142.36000061035156,140.25,141.0800018310547,104.99208068847656,529900
BXP,2015-02-17,140.9199981689453,141.7100067138672,139.77999877929688,140.25,104.37440490722656,705500
BXP,2015-02-18,140.1699981689453,141.86000061035156,139.27999877929688,141.77999877929688,105.51300811767578,826300
BXP,2015-02-19,141.19000244140625,141.19000244140625,138.08999633789062,138.47000122070312,103.04969787597656,920200
BXP,2015-02-20,138.19000244140625,140.1199951171875,137.83999633789062,139.3699951171875,103.71947479248048,834200
BXP,2015-02-23,140.1300048828125,140.92999267578125,139.02999877929688,140.92999267578125,104.88043975830078,858300
BXP,2015-02-24,140.1999969482422,140.63999938964844,137.50999450683594,138.25999450683594,102.89344024658205,606900
BXP,2015-02-25,138.58999633789062,139.66000366210938,137.47000122070312,137.66000366210938,102.44691467285156,785900
BXP,2015-02-26,137.4499969482422,137.77000427246094,136.1300048828125,136.22999572753906,101.3827133178711,886300
BXP,2015-02-27,136.3699951171875,137.83999633789062,135.57000732421875,137.41000366210938,102.26085662841795,774300
BXP,2015-03-02,137.74000549316406,139.88999938964844,137.6999969482422,138.75999450683594,103.26551818847656,792800
BXP,2015-03-03,138.69000244140625,139.3300018310547,137.58999633789062,138.75,103.25807189941406,586900
BXP,2015-03-04,138.60000610351562,138.66000366210938,136.9600067138672,137.3000030517578,102.17899322509766,792400
BXP,2015-03-05,137.89999389648438,139.9499969482422,137.89999389648438,139.02999877929688,103.46646881103516,810100
BXP,2015-03-06,135.74000549316406,137.1999969482422,133.63999938964844,133.82000732421875,99.58917236328124,1181200
BXP,2015-03-09,134.25999450683594,135.25,133.86000061035156,134.94000244140625,100.42267608642578,730700
BXP,2015-03-10,134.82000732421875,135.72999572753906,134.52999877929688,134.75,100.28128051757812,777000
BXP,2015-03-11,135.08999633789062,135.5,134.27999877929688,134.5800018310547,100.15475463867188,672400
BXP,2015-03-12,135.49000549316406,137.63999938964844,135.41000366210938,137.33999633789062,102.20873260498048,839300
BXP,2015-03-13,136.7100067138672,137.8300018310547,135.58999633789062,135.97999572753906,101.1966323852539,1046400
BXP,2015-03-16,136.86000061035156,138.7100067138672,136.61000061035156,137.25,102.14179229736328,1044000
BXP,2015-03-17,136.67999267578125,137.86000061035156,136.39999389648438,137.50999450683594,102.3352508544922,562800
BXP,2015-03-18,137.1699981689453,141.72999572753906,137.0800018310547,141.1300048828125,105.02925872802734,906700
BXP,2015-03-19,140.99000549316406,141.89999389648438,140.25999450683594,141.14999389648438,105.04415130615234,690300
BXP,2015-03-20,141.02000427246094,144.9600067138672,141.0,144.72999572753906,107.70840454101562,1057100
BXP,2015-03-23,144.39999389648438,145.89999389648438,143.75,144.74000549316406,107.71585845947266,775800
BXP,2015-03-24,144.32000732421875,145.17999267578125,143.44000244140625,143.97999572753906,107.15027618408205,619100
BXP,2015-03-25,143.99000549316406,144.7100067138672,140.83999633789062,141.16000366210938,105.05162048339844,956300
BXP,2015-03-26,140.52999877929688,141.5500030517578,140.0500030517578,140.41000366210938,104.49346923828124,615800
BXP,2015-03-27,140.07000732421875,141.13999938964844,139.10000610351562,139.80999755859375,104.53081512451172,989100
BXP,2015-03-30,140.47999572753906,142.27000427246094,139.99000549316406,142.25,106.35513305664062,675500
BXP,2015-03-31,141.88999938964844,142.22999572753906,140.17999267578125,140.47999572753906,105.03176879882812,943700
BXP,2015-04-01,140.47999572753906,141.24000549316406,138.85000610351562,139.7100067138672,104.45608520507812,856000
BXP,2015-04-02,139.49000549316406,141.5399932861328,139.49000549316406,140.92999267578125,105.36820220947266,567000
BXP,2015-04-06,141.24000549316406,143.08999633789062,141.0,142.1699981689453,106.29530334472656,443200
BXP,2015-04-07,141.99000549316406,142.07000732421875,139.50999450683594,139.50999450683594,104.3065414428711,811300
BXP,2015-04-08,139.7899932861328,140.6300048828125,139.3699951171875,139.7100067138672,104.45608520507812,466900
BXP,2015-04-09,139.3800048828125,139.38999938964844,136.91000366210938,137.35000610351562,102.69158935546876,838800
BXP,2015-04-10,137.58999633789062,139.1199951171875,136.99000549316406,137.5800018310547,102.86354064941406,425900
BXP,2015-04-13,137.61000061035156,138.02999877929688,137.07000732421875,137.07000732421875,102.48226165771484,474900
BXP,2015-04-14,137.24000549316406,138.41000366210938,137.14999389648438,137.64999389648438,102.91588592529295,450500
BXP,2015-04-15,137.77999877929688,138.10000610351562,136.33999633789062,136.49000549316406,102.04861450195312,703800
BXP,2015-04-16,136.4600067138672,137.9600067138672,135.7100067138672,137.67999267578125,102.93828582763672,596600
BXP,2015-04-17,137.08999633789062,137.8000030517578,135.6300048828125,136.60000610351562,102.130859375,504900
BXP,2015-04-20,137.05999755859375,137.3800048828125,136.19000244140625,136.38999938964844,101.97380828857422,441100
BXP,2015-04-21,136.49000549316406,137.7100067138672,136.05999755859375,136.77000427246094,102.2579345703125,594400
BXP,2015-04-22,137.05999755859375,137.63999938964844,136.0399932861328,136.50999450683594,102.06353759765624,773800
BXP,2015-04-23,136.2899932861328,137.39999389648438,136.02000427246094,137.02999877929688,102.45232391357422,549600
BXP,2015-04-24,137.57000732421875,139.16000366210938,136.94000244140625,137.8699951171875,103.08035278320312,523500
BXP,2015-04-27,137.97000122070312,139.5800018310547,137.39999389648438,137.8000030517578,103.02802276611328,821000
BXP,2015-04-28,137.6999969482422,138.88999938964844,136.77000427246094,138.35000610351562,103.43927001953124,552600
BXP,2015-04-29,137.35000610351562,138.1999969482422,134.72000122070312,134.8800048828125,100.84489440917967,935400
BXP,2015-04-30,134.14999389648438,134.9600067138672,131.47000122070312,132.30999755859375,98.92335510253906,895600
BXP,2015-05-01,132.89999389648438,134.0500030517578,132.57000732421875,132.9499969482422,99.4018783569336,728900
BXP,2015-05-04,133.50999450683594,134.58999633789062,132.61000061035156,132.9499969482422,99.4018783569336,537900
BXP,2015-05-05,132.2100067138672,133.0500030517578,129.36000061035156,129.64999389648438,96.93458557128906,1231900
BXP,2015-05-06,130.25,130.27000427246094,128.3800048828125,128.64999389648438,96.1869125366211,1183700
BXP,2015-05-07,129.32000732421875,132.0500030517578,128.75999450683594,131.5,98.31776428222656,727900
BXP,2015-05-08,133.24000549316406,135.1999969482422,133.11000061035156,133.3300018310547,99.68598175048828,714000
BXP,2015-05-11,132.77999877929688,133.61000061035156,130.38999938964844,130.83999633789062,97.82428741455078,837900
BXP,2015-05-12,130.08999633789062,132.0,128.92999267578125,131.3699951171875,98.22056579589844,522200
BXP,2015-05-13,131.7899932861328,133.13999938964844,130.27999877929688,130.64999389648438,97.6822509765625,717000
BXP,2015-05-14,131.42999267578125,133.4199981689453,130.64999389648438,133.36000061035156,99.70841979980467,599500
BXP,2015-05-15,133.89999389648438,135.49000549316406,133.57000732421875,134.6999969482422,100.71028900146484,901400
BXP,2015-05-18,134.13999938964844,134.92999267578125,133.22999572753906,134.30999755859375,100.41869354248048,536100
BXP,2015-05-19,133.49000549316406,135.05999755859375,133.08999633789062,133.38999938964844,99.73081970214844,537000
BXP,2015-05-20,133.58999633789062,134.52000427246094,133.14999389648438,133.30999755859375,99.67100524902344,434600
BXP,2015-05-21,133.30999755859375,133.8300018310547,131.74000549316406,132.24000549316406,98.87100982666016,735100
BXP,2015-05-22,132.3300018310547,133.9600067138672,131.6699981689453,132.8699951171875,99.34205627441406,420800
BXP,2015-05-26,132.42999267578125,132.6999969482422,131.0399932861328,131.22999572753906,98.1158676147461,642600
BXP,2015-05-27,131.30999755859375,132.07000732421875,131.3000030517578,131.86000061035156,98.58689880371094,606800
BXP,2015-05-28,131.66000366210938,132.47000122070312,130.69000244140625,131.5500030517578,98.35514068603516,660100
BXP,2015-05-29,131.5500030517578,132.07000732421875,129.6999969482422,130.02999877929688,97.21869659423828,1466800
BXP,2015-06-01,130.0800018310547,131.86000061035156,130.0800018310547,131.64999389648438,98.42991638183594,968200
BXP,2015-06-02,131.00999450683594,131.07000732421875,129.38999938964844,129.57000732421875,96.87479400634766,787100
BXP,2015-06-03,129.47000122070312,130.2899932861328,127.41999816894533,127.9000015258789,95.62618255615234,849000
BXP,2015-06-04,127.70999908447266,128.42999267578125,127.0199966430664,127.45999908447266,95.29719543457033,561000
BXP,2015-06-05,126.52999877929688,128.44000244140625,123.38999938964844,126.18000030517578,94.3401870727539,1058900
BXP,2015-06-08,126.66999816894533,127.06999969482422,125.77999877929688,125.98999786376952,94.19812774658205,543600
BXP,2015-06-09,125.98999786376952,126.30999755859376,124.66000366210938,124.88999938964844,93.3757095336914,633200
BXP,2015-06-10,125.02999877929688,127.41999816894533,124.72000122070312,126.22000122070312,94.37010955810548,607500
BXP,2015-06-11,126.70999908447266,127.47000122070312,126.54000091552734,126.7699966430664,94.7812957763672,474000
BXP,2015-06-12,126.27999877929688,126.95999908447266,125.86000061035156,126.0999984741211,94.28038787841795,543500
BXP,2015-06-15,125.66000366210938,125.73999786376952,124.6999969482422,125.0999984741211,93.53270721435548,915700
BXP,2015-06-16,124.9000015258789,126.12999725341795,124.83000183105467,126.0199966430664,94.2205810546875,832400
BXP,2015-06-17,125.9499969482422,126.95999908447266,124.70999908447266,126.91000366210938,94.885986328125,754300
BXP,2015-06-18,127.43000030517578,129.0500030517578,127.02999877929688,128.08999633789062,95.76821899414062,762900
BXP,2015-06-19,127.58000183105467,127.83999633789062,126.3499984741211,126.70999908447266,94.7364501953125,773500
BXP,2015-06-22,126.77999877929688,127.58000183105467,125.48999786376952,125.62000274658205,93.9215087890625,713500
BXP,2015-06-23,125.1999969482422,126.12999725341795,124.5199966430664,124.97000122070312,93.43551635742188,731500
BXP,2015-06-24,125.1500015258789,125.69000244140624,124.66000366210938,124.87000274658205,93.36073303222656,917500
BXP,2015-06-25,123.62000274658205,124.45999908447266,123.16000366210938,123.26000213623048,92.15702056884766,944100
BXP,2015-06-26,122.5199966430664,123.9499969482422,122.08999633789062,123.43000030517578,92.77335357666016,2556600
BXP,2015-06-29,123.1500015258789,124.22000122070312,120.7699966430664,120.83000183105467,90.81912994384766,921000
BXP,2015-06-30,121.63999938964844,122.33999633789062,120.44000244140624,121.04000091552734,90.97695922851562,782900
BXP,2015-07-01,118.12000274658205,122.13999938964844,117.9000015258789,122.12999725341795,91.79623413085938,887400
BXP,2015-07-02,122.66000366210938,123.61000061035156,121.66000366210938,121.8499984741211,91.58577728271484,771800
BXP,2015-07-06,121.04000091552734,122.93000030517578,120.27999877929688,122.52999877929688,92.09687042236328,824400
BXP,2015-07-07,123.05999755859376,125.3000030517578,122.54000091552734,124.95999908447266,93.92333221435548,855800
BXP,2015-07-08,124.38999938964844,124.80999755859376,123.58000183105467,123.70999908447266,92.98377990722656,607400
BXP,2015-07-09,124.41999816894533,125.20999908447266,122.81999969482422,123.12000274658205,92.5403289794922,469300
BXP,2015-07-10,123.86000061035156,124.88999938964844,123.62999725341795,124.16000366210938,93.32201385498048,749200
BXP,2015-07-13,125.22000122070312,125.86000061035156,123.7699966430664,124.73999786376952,93.75798797607422,837500
BXP,2015-07-14,124.9499969482422,125.33999633789062,123.70999908447266,124.62999725341795,93.67529296875,702400
BXP,2015-07-15,124.12000274658205,124.68000030517578,123.70999908447266,124.13999938964844,93.30699157714844,908600
BXP,2015-07-16,124.66000366210938,126.08000183105467,124.66000366210938,125.98999786376952,94.69751739501952,742300
BXP,2015-07-17,125.70999908447266,125.97000122070312,125.05999755859376,125.56999969482422,94.38182067871094,910000
BXP,2015-07-20,125.05999755859376,126.30999755859376,125.05999755859376,125.8000030517578,94.5547103881836,738500
BXP,2015-07-21,125.7300033569336,126.48999786376952,125.36000061035156,125.4000015258789,94.25403594970705,778200
BXP,2015-07-22,125.45999908447266,126.6500015258789,125.45999908447266,125.93000030517578,94.65242767333984,778500
BXP,2015-07-23,125.63999938964844,125.9499969482422,123.33000183105467,124.54000091552734,93.6076431274414,734400
BXP,2015-07-24,124.37999725341795,125.6500015258789,123.9800033569336,125.16000366210938,94.07367706298828,607200
BXP,2015-07-27,125.06999969482422,126.22000122070312,124.83000183105467,125.2300033569336,94.1262664794922,644300
BXP,2015-07-28,125.62999725341795,125.7300033569336,124.38999938964844,124.81999969482422,93.8180923461914,579000
BXP,2015-07-29,124.7699966430664,126.38999938964844,123.6500015258789,126.31999969482422,94.94554901123048,710100
BXP,2015-07-30,126.1500015258789,127.1500015258789,122.61000061035156,123.33999633789062,92.70570373535156,1062000
BXP,2015-07-31,124.31999969482422,124.98999786376952,123.16000366210938,123.27999877929688,92.6605987548828,897100
BXP,2015-08-03,123.31999969482422,124.8499984741211,123.25,124.6999969482422,93.7279281616211,588000
BXP,2015-08-04,124.33000183105467,124.81999969482422,122.80999755859376,123.02999877929688,92.4726791381836,730000
BXP,2015-08-05,123.58000183105467,123.58000183105467,120.94000244140624,121.29000091552734,91.16486358642578,1260100
BXP,2015-08-06,120.76000213623048,121.36000061035156,118.91000366210938,120.9499969482422,90.90930938720705,837300
BXP,2015-08-07,121.16999816894533,121.41999816894533,119.38999938964844,120.16999816894533,90.32301330566406,868400
BXP,2015-08-10,120.9499969482422,120.9499969482422,119.11000061035156,119.73999786376952,89.99983978271484,683200
BXP,2015-08-11,119.69000244140624,120.7699966430664,119.11000061035156,119.75,90.00733947753906,889700
BXP,2015-08-12,119.41999816894533,119.9800033569336,118.19000244140624,119.95999908447266,90.16520690917967,937700
BXP,2015-08-13,119.47000122070312,121.18000030517578,118.01000213623048,120.70999908447266,90.7289047241211,1184400
BXP,2015-08-14,120.58999633789062,121.9800033569336,119.7699966430664,121.91999816894533,91.6383819580078,698100
BXP,2015-08-17,121.91999816894533,123.12000274658205,120.6999969482422,122.98999786376952,92.44263458251952,710900
BXP,2015-08-18,122.80999755859376,123.0500030517578,122.12000274658205,122.93000030517578,92.39752197265624,567200
BXP,2015-08-19,122.12999725341795,122.95999908447266,121.3499984741211,122.41999816894533,92.01423645019533,532800
BXP,2015-08-20,121.97000122070312,122.62999725341795,120.66000366210938,120.8499984741211,90.83413696289062,616100
BXP,2015-08-21,120.70999908447266,121.1500015258789,118.5999984741211,118.6500015258789,89.18055725097656,1133300
BXP,2015-08-24,118.6500015258789,118.6500015258789,94.91000366210938,112.33000183105467,84.43026733398438,1154500
BXP,2015-08-25,115.02999877929688,115.02999877929688,108.5999984741211,108.6500015258789,81.6642837524414,1515700
BXP,2015-08-26,110.69000244140624,114.41999816894533,109.76000213623048,113.80999755859376,85.54269409179688,1888900
BXP,2015-08-27,114.8000030517578,117.83000183105467,114.08000183105467,116.79000091552734,87.78254699707031,1309800
BXP,2015-08-28,116.4000015258789,116.77999877929688,115.37000274658205,116.62000274658205,87.6547622680664,979500
BXP,2015-08-31,116.16999816894533,116.16999816894533,113.23999786376952,113.37999725341795,85.21949005126953,1294800
BXP,2015-09-01,112.0,112.95999908447266,109.6999969482422,110.66000366210938,83.17506408691406,952300
BXP,2015-09-02,112.0,112.70999908447266,111.08999633789062,111.91000366210938,84.1146240234375,939400
BXP,2015-09-03,112.3499984741211,113.0500030517578,111.56999969482422,111.94000244140624,84.13714599609375,724700
BXP,2015-09-04,110.58000183105467,111.04000091552734,109.12999725341795,109.86000061035156,82.57374572753906,739000
BXP,2015-09-08,111.12999725341795,112.13999938964844,110.52999877929688,111.70999908447266,83.96427154541016,695000
BXP,2015-09-09,113.5500030517578,114.97000122070312,110.33999633789062,110.56999969482422,83.10740661621094,857000
BXP,2015-09-10,110.61000061035156,113.3000030517578,110.43000030517578,111.88999938964844,84.09954833984375,743200
BXP,2015-09-11,111.81999969482422,113.98999786376952,111.12000274658205,113.94000244140624,85.64043426513672,620200
BXP,2015-09-14,114.01000213623048,114.12000274658205,112.61000061035156,113.27999877929688,85.14432525634766,762300
BXP,2015-09-15,112.93000030517578,114.97000122070312,112.69000244140624,114.47000122070312,86.03876495361328,598100
BXP,2015-09-16,114.1999969482422,118.16999816894533,113.63999938964844,117.72000122070312,88.4815444946289,1078000
BXP,2015-09-17,117.4499969482422,121.75,116.9000015258789,119.45999908447266,89.78938293457031,1309100
BXP,2015-09-18,117.58000183105467,120.48999786376952,117.58000183105467,118.6500015258789,89.18055725097656,1203900
BXP,2015-09-21,118.58999633789062,119.88999938964844,118.0,118.69000244140624,89.21062469482422,785500
BXP,2015-09-22,117.94000244140624,118.75,116.33999633789062,116.69000244140624,87.7073974609375,853400
BXP,2015-09-23,116.94000244140624,118.04000091552734,116.0,117.0500030517578,87.97795867919922,924100
BXP,2015-09-24,116.7300033569336,117.7699966430664,115.2699966430664,115.9499969482422,87.15116119384766,894300
BXP,2015-09-25,116.36000061035156,117.5500030517578,115.56999969482422,116.4800033569336,87.54953002929688,630100
BXP,2015-09-28,115.33999633789062,115.87000274658205,113.6999969482422,114.5,86.54426574707031,895400
BXP,2015-09-29,114.63999938964844,117.75,114.3499984741211,117.47000122070312,88.78913116455078,954300
BXP,2015-09-30,118.66000366210938,119.5999984741211,117.25,118.4000015258789,89.49205017089844,1008800
BXP,2015-10-01,118.97000122070312,118.97000122070312,117.02999877929688,118.62000274658205,89.65834045410156,865500
BXP,2015-10-02,117.97000122070312,119.5,116.63999938964844,119.47000122070312,90.30081176757812,756600
BXP,2015-10-05,119.8000030517578,120.98999786376952,119.29000091552734,120.62000274658205,91.17003631591795,753600
BXP,2015-10-06,120.48999786376952,121.48999786376952,119.95999908447266,120.31999969482422,90.94326782226562,806200
BXP,2015-10-07,120.45999908447266,121.4499969482422,119.87999725341795,121.25,91.64623260498048,744100
BXP,2015-10-08,121.25,122.01000213623048,119.80999755859376,121.88999938964844,92.12995147705078,656900
BXP,2015-10-09,121.77999877929688,122.02999877929688,120.76000213623048,121.6500015258789,91.94853973388672,477800
BXP,2015-10-12,121.7699966430664,122.66000366210938,121.01000213623048,122.56999969482422,92.6439437866211,686600
BXP,2015-10-13,122.37000274658205,122.58999633789062,120.33999633789062,120.5199966430664,91.0944366455078,719900
BXP,2015-10-14,120.93000030517578,121.62000274658205,119.69000244140624,119.91000366210938,90.63339233398438,674800
BXP,2015-10-15,120.5,120.83999633789062,119.83000183105467,120.7699966430664,91.28341674804688,818700
BXP,2015-10-16,121.47000122070312,122.9000015258789,120.98999786376952,122.61000061035156,92.67415618896484,872400
BXP,2015-10-19,122.4000015258789,124.1500015258789,121.87999725341795,124.0999984741211,93.80037689208984,532000
BXP,2015-10-20,123.69000244140624,124.20999908447266,122.43000030517578,122.9800033569336,92.95382690429688,729900
BXP,2015-10-21,123.56999969482422,123.9800033569336,121.20999908447266,122.36000061035156,92.48519897460938,1647300
BXP,2015-10-22,123.0199966430664,123.91999816894533,122.30999755859376,123.75,93.53583526611328,1033000
BXP,2015-10-23,123.52999877929688,123.55999755859376,121.33999633789062,121.87000274658205,92.11485290527344,931000
BXP,2015-10-26,121.87000274658205,122.51000213623048,120.26000213623048,120.94000244140624,91.41191864013672,1265500
BXP,2015-10-27,120.9000015258789,122.26000213623048,120.62000274658205,121.87999725341795,92.12240600585938,751300
BXP,2015-10-28,121.9000015258789,122.4800033569336,119.79000091552734,122.1999969482422,92.36424255371094,538800
BXP,2015-10-29,121.63999938964844,123.29000091552734,121.63999938964844,122.77999877929688,92.80265808105467,792100
BXP,2015-10-30,121.83000183105467,126.87000274658205,121.1999969482422,125.8499984741211,95.12310028076172,1854600
BXP,2015-11-02,125.79000091552734,129.89999389648438,125.20999908447266,129.77000427246094,98.08602142333984,1233800
BXP,2015-11-03,129.6300048828125,129.66000366210938,127.9499969482422,128.58999633789062,97.19412994384766,918400
BXP,2015-11-04,128.6199951171875,129.22000122070312,126.63999938964844,127.12000274658205,96.08302307128906,653400
BXP,2015-11-05,127.0,128.0,126.58999633789062,127.91000366210938,96.68014526367188,486500
BXP,2015-11-06,126.0500030517578,126.68000030517578,123.12999725341795,124.19000244140624,93.86841583251952,807400
BXP,2015-11-09,123.93000030517578,124.04000091552734,121.43000030517578,122.68000030517578,92.72708129882812,657700
BXP,2015-11-10,122.9000015258789,124.11000061035156,122.3499984741211,124.0,93.72481536865234,600000
BXP,2015-11-11,124.1500015258789,124.80999755859376,123.3499984741211,124.33999633789062,93.98175811767578,495300
BXP,2015-11-12,123.88999938964844,124.47000122070312,122.55999755859376,123.20999908447266,93.1276626586914,532400
BXP,2015-11-13,124.51000213623048,125.3000030517578,122.68000030517578,122.86000061035156,92.86312866210938,479300
BXP,2015-11-16,122.58999633789062,123.77999877929688,121.83999633789062,123.77999877929688,93.5584945678711,694800
BXP,2015-11-17,123.44000244140624,124.8000030517578,122.6999969482422,123.43000030517578,93.2939453125,696800
BXP,2015-11-18,123.6999969482422,124.31999969482422,122.83999633789062,124.13999938964844,93.8305892944336,637300
BXP,2015-11-19,124.54000091552734,124.88999938964844,123.6999969482422,124.33999633789062,93.98175811767578,464000
BXP,2015-11-20,124.87000274658205,126.62999725341795,124.77999877929688,126.5199966430664,95.62952423095705,1185200
BXP,2015-11-23,126.69000244140624,127.33000183105467,125.47000122070312,125.97000122070312,95.21380615234376,561000
BXP,2015-11-24,124.9800033569336,125.37999725341795,123.43000030517578,124.66999816894533,94.23120880126952,631300
BXP,2015-11-25,124.9499969482422,125.4800033569336,124.18000030517578,124.7699966430664,94.30677032470705,507800
BXP,2015-11-27,124.6999969482422,126.22000122070312,124.16000366210938,125.81999969482422,95.10043334960938,257900
BXP,2015-11-30,126.12999725341795,126.5,124.62000274658205,124.98999786376952,94.47309112548828,818600
BXP,2015-12-01,125.87000274658205,126.76000213623048,125.43000030517578,126.66999816894533,95.7428970336914,671800
BXP,2015-12-02,126.11000061035156,126.87999725341795,123.20999908447266,123.4800033569336,93.33175659179688,732900
BXP,2015-12-03,122.8000030517578,123.51000213623048,121.62999725341795,122.37999725341795,92.50031280517578,821900
BXP,2015-12-04,122.95999908447266,125.0199966430664,122.18000030517578,124.83999633789062,94.35968780517578,1055300
BXP,2015-12-07,124.01000213623048,125.2300033569336,123.8499984741211,125.0,94.48063659667967,441900
BXP,2015-12-08,124.86000061035156,125.5,124.16999816894533,124.86000061035156,94.37481689453124,635300
BXP,2015-12-09,124.0,124.87000274658205,122.3499984741211,123.51000213623048,93.35443878173828,633200
BXP,2015-12-10,123.48999786376952,124.5999984741211,121.93000030517578,122.91999816894533,92.90847778320312,685200
BXP,2015-12-11,121.80999755859376,123.5,121.12000274658205,123.26000213623048,93.16546630859376,877800
BXP,2015-12-14,122.9499969482422,125.58000183105467,122.0999984741211,125.33999633789062,94.73761749267578,1083600
BXP,2015-12-15,126.26000213623048,127.86000061035156,125.97000122070312,127.01000213623048,95.99988555908205,1208000
BXP,2015-12-16,127.3499984741211,130.67999267578125,126.9000015258789,130.14999389648438,98.37322235107422,1110100
BXP,2015-12-17,130.57000732421875,130.57000732421875,128.7899932861328,130.02000427246094,98.27497863769533,966000
BXP,2015-12-18,129.3000030517578,130.07000732421875,127.08000183105467,127.08000183105467,96.05280303955078,1462100
BXP,2015-12-21,128.0800018310547,129.2100067138672,126.08000183105467,127.06999969482422,96.04523468017578,639900
BXP,2015-12-22,127.98999786376952,128.88999938964844,127.02999877929688,127.23999786376952,96.17374420166016,866900
BXP,2015-12-23,127.41999816894533,129.00999450683594,127.30999755859376,128.9499969482422,97.46621704101562,555900
BXP,2015-12-24,129.14999389648438,129.63999938964844,128.1999969482422,129.00999450683594,97.51156616210938,214400
BXP,2015-12-28,128.77999877929688,129.7100067138672,128.14999389648438,129.6199951171875,97.97265625,473100
BXP,2015-12-29,128.77000427246094,129.9199981689453,128.25,129.82000732421875,99.5835189819336,476900
BXP,2015-12-30,129.44000244140625,130.0399932861328,128.47999572753906,128.60000610351562,98.6476821899414,424300
BXP,2015-12-31,128.91000366210938,128.97000122070312,127.48999786376952,127.54000091552734,97.83456420898438,528600
BXP,2016-01-04,125.27999877929688,125.93000030517578,122.9000015258789,124.1999969482422,95.27247619628906,800900
BXP,2016-01-05,124.26000213623048,127.70999908447266,123.80999755859376,127.26000213623048,97.6197738647461,692600
BXP,2016-01-06,126.66000366210938,127.33000183105467,126.29000091552734,127.23999786376952,97.60443878173828,796100
BXP,2016-01-07,125.51000213623048,127.20999908447266,124.9499969482422,124.9800033569336,95.87081909179688,919100
BXP,2016-01-08,125.0,125.7699966430664,121.2699966430664,121.4800033569336,93.18600463867188,803000
BXP,2016-01-11,121.9499969482422,123.2300033569336,121.62999725341795,122.68000030517578,94.10650634765624,763400
BXP,2016-01-12,123.4000015258789,124.06999969482422,120.47000122070312,121.01000213623048,92.82546997070312,903300
BXP,2016-01-13,121.1500015258789,122.27999877929688,118.56999969482422,118.7300033569336,91.07649993896484,719800
BXP,2016-01-14,119.3499984741211,121.0199966430664,119.08000183105467,119.87000274658205,91.95098876953124,929600
BXP,2016-01-15,118.33999633789062,118.77999877929688,116.72000122070312,118.4499969482422,90.86173248291016,808100
BXP,2016-01-19,119.81999969482422,120.41000366210938,118.20999908447266,119.33000183105467,91.53675079345705,602800
BXP,2016-01-20,118.16999816894533,118.4000015258789,113.83999633789062,115.8499984741211,88.8672866821289,1154400
BXP,2016-01-21,116.37000274658205,117.70999908447266,115.45999908447266,116.04000091552734,89.01304626464844,628500
BXP,2016-01-22,117.45999908447266,119.73999786376952,117.4499969482422,119.1999969482422,91.43704223632812,647100
BXP,2016-01-25,119.20999908447266,120.37999725341795,117.5999984741211,117.80999755859376,90.37078857421876,727100
BXP,2016-01-26,118.44000244140624,120.69000244140624,118.44000244140624,120.3499984741211,92.3191909790039,726300
BXP,2016-01-27,119.95999908447266,120.7300033569336,118.51000213623048,119.13999938964844,91.39100646972656,581800
BXP,2016-01-28,119.02999877929688,121.16000366210938,114.2699966430664,115.44000244140624,88.55278015136719,1832000
BXP,2016-01-29,117.30999755859376,117.95999908447266,114.1999969482422,116.20999908447266,89.1434097290039,1888100
BXP,2016-02-01,115.41999816894533,118.36000061035156,114.83000183105467,116.30999755859376,89.22015380859375,1099100
BXP,2016-02-02,115.93000030517578,117.29000091552734,114.2300033569336,114.81999969482422,88.07719421386719,1268000
BXP,2016-02-03,115.80999755859376,116.11000061035156,114.04000091552734,114.6999969482422,87.98514556884766,1088300
BXP,2016-02-04,114.6500015258789,118.63999938964844,114.37000274658205,117.25,89.94121551513672,1094500
BXP,2016-02-05,116.02999877929688,117.25,115.0,115.08999633789062,88.2843017578125,862800
BXP,2016-02-08,114.98999786376952,115.12999725341795,110.0500030517578,111.13999938964844,85.2542953491211,1110500
BXP,2016-02-09,110.31999969482422,110.91000366210938,107.98999786376952,108.97000122070312,83.58972930908203,1175000
BXP,2016-02-10,109.80999755859376,112.47000122070312,109.16999816894533,111.19000244140624,85.29264831542969,679300
BXP,2016-02-11,109.58000183105467,109.91000366210938,107.80999755859376,108.18000030517578,82.98371124267578,936800
BXP,2016-02-12,109.06999969482422,109.75,107.27999877929688,108.61000061035156,83.31356811523438,714900
BXP,2016-02-16,110.3000030517578,110.54000091552734,108.87000274658205,110.29000091552734,84.60228729248047,1096600
BXP,2016-02-17,111.51000213623048,113.3000030517578,111.41000366210938,111.97000122070312,85.8909683227539,745100
BXP,2016-02-18,111.77999877929688,112.41999816894533,110.5199966430664,111.62000274658205,85.62248229980469,964100
BXP,2016-02-19,111.04000091552734,113.16999816894533,109.95999908447266,112.4000015258789,86.2208251953125,870200
BXP,2016-02-22,113.86000061035156,115.12000274658205,113.1500015258789,114.76000213623048,88.03116607666016,972600
BXP,2016-02-23,114.18000030517578,116.30999755859376,113.47000122070312,114.3499984741211,87.7166519165039,1439400
BXP,2016-02-24,113.72000122070312,114.38999938964844,112.37999725341795,113.72000122070312,87.23338317871094,701700
BXP,2016-02-25,114.55999755859376,116.18000030517578,113.83999633789062,115.18000030517578,88.35334014892578,639500
BXP,2016-02-26,114.91000366210938,115.08999633789062,113.76000213623048,113.9000015258789,87.3714599609375,685200
BXP,2016-02-29,114.08999633789062,116.0999984741211,113.66000366210938,114.13999938964844,87.55555725097656,1246700
BXP,2016-03-01,115.0,118.0999984741211,114.29000091552734,118.05999755859376,90.56256866455078,816100
BXP,2016-03-02,117.5199966430664,118.0999984741211,116.77999877929688,118.02999877929688,90.53954315185548,584900
BXP,2016-03-03,117.66999816894533,118.66000366210938,117.31999969482422,118.4000015258789,90.82337951660156,763700
BXP,2016-03-04,118.33000183105467,118.73999786376952,117.75,118.58000183105467,90.96144104003906,777100
BXP,2016-03-07,117.41000366210938,119.29000091552734,117.41000366210938,118.6500015258789,91.01512908935548,477300
BXP,2016-03-08,118.22000122070312,118.91000366210938,116.9000015258789,117.0999984741211,89.82614135742188,587700
BXP,2016-03-09,117.43000030517578,118.27999877929688,117.0199966430664,117.33999633789062,90.01023864746094,701000
BXP,2016-03-10,118.06999969482422,118.55999755859376,115.69000244140624,117.12000274658205,89.84149169921875,362500
BXP,2016-03-11,117.9000015258789,122.86000061035156,117.0199966430664,122.6999969482422,94.12184143066406,1192100
BXP,2016-03-14,122.31999969482422,122.95999908447266,121.4800033569336,122.72000122070312,94.13719940185548,692900
BXP,2016-03-15,122.12000274658205,123.73999786376952,121.54000091552734,123.37000274658205,94.63581085205078,782300
BXP,2016-03-16,122.54000091552734,125.83000183105467,122.38999938964844,125.37000274658205,96.1699676513672,822200
BXP,2016-03-17,125.61000061035156,127.63999938964844,124.6999969482422,127.0,97.42033386230467,880200
BXP,2016-03-18,127.12000274658205,127.5199966430664,126.25,126.66000366210938,97.15951538085938,1233300
BXP,2016-03-21,126.0999984741211,127.0,125.36000061035156,125.9499969482422,96.61487579345705,1263300
BXP,2016-03-22,125.72000122070312,126.51000213623048,124.44000244140624,125.31999969482422,96.13159942626952,934400
BXP,2016-03-23,125.25,125.7300033569336,124.18000030517578,124.25,95.31084442138672,856900
BXP,2016-03-24,123.77999877929688,124.25,122.3499984741211,123.87000274658205,95.01934814453124,688900
BXP,2016-03-28,124.01000213623048,125.45999908447266,123.6999969482422,124.93000030517578,95.83245849609376,503700
BXP,2016-03-29,124.16999816894533,126.95999908447266,123.9000015258789,126.7699966430664,97.75250244140624,579000
BXP,2016-03-30,126.98999786376952,127.7699966430664,126.4800033569336,126.72000122070312,97.71392822265624,602600
BXP,2016-03-31,126.69000244140624,127.2300033569336,126.04000091552734,127.08000183105467,97.99154663085938,717700
BXP,2016-04-01,126.72000122070312,127.94000244140624,126.16999816894533,127.29000091552734,98.1534652709961,604400
BXP,2016-04-04,127.26000213623048,127.81999969482422,126.81999969482422,127.5,98.31539154052734,540100
BXP,2016-04-05,127.0999984741211,128.05999755859375,126.66000366210938,127.02999877929688,97.95295715332033,521400
BXP,2016-04-06,126.8499984741211,127.98999786376952,125.51000213623048,127.9000015258789,98.62383270263672,493800
BXP,2016-04-07,127.33999633789062,127.79000091552734,125.70999908447266,126.20999908447266,97.32069396972656,599200
BXP,2016-04-08,126.8499984741211,128.64999389648438,126.05999755859376,127.12000274658205,98.02239227294922,568500
BXP,2016-04-11,127.5199966430664,127.98999786376952,126.62000274658205,126.9000015258789,97.85275268554688,467300
BXP,2016-04-12,127.5,129.72999572753906,127.37000274658205,129.1999969482422,99.62628173828124,828700
BXP,2016-04-13,129.83999633789062,129.8800048828125,127.8000030517578,128.35000610351562,98.97083282470705,727700
BXP,2016-04-14,128.3800048828125,128.83999633789062,127.88999938964844,128.32000732421875,98.94772338867188,482700
BXP,2016-04-15,128.4199981689453,129.8000030517578,127.72000122070312,129.5800018310547,99.91929626464844,538600
BXP,2016-04-18,129.36000061035156,130.1699981689453,128.35000610351562,130.00999450683594,100.25083923339844,700900
BXP,2016-04-19,130.3000030517578,131.16000366210938,129.69000244140625,131.13999938964844,101.1222152709961,433600
BXP,2016-04-20,131.22999572753906,131.3300018310547,128.49000549316406,128.67999267578125,99.22528839111328,430400
BXP,2016-04-21,128.67999267578125,129.74000549316406,127.44000244140624,127.9000015258789,98.62383270263672,661900
BXP,2016-04-22,128.49000549316406,129.4600067138672,127.91000366210938,129.39999389648438,99.78048706054688,416100
BXP,2016-04-25,128.60000610351562,130.16000366210938,128.1199951171875,130.0,100.2431640625,564000
BXP,2016-04-26,130.7899932861328,131.24000549316406,129.67999267578125,130.5500030517578,100.6672592163086,585300
BXP,2016-04-27,130.3000030517578,131.5800018310547,128.9199981689453,130.60000610351562,100.70581817626952,613100
BXP,2016-04-28,130.25999450683594,131.14999389648438,129.1699981689453,129.64999389648438,99.9732666015625,466500
BXP,2016-04-29,128.99000549316406,129.67999267578125,128.0399932861328,128.86000061035156,99.36410522460938,821400
BXP,2016-05-02,129.55999755859375,131.4499969482422,128.74000549316406,131.11000061035156,101.0990982055664,459800
BXP,2016-05-03,130.2899932861328,131.05999755859375,129.11000061035156,129.94000244140625,100.19686126708984,492100
BXP,2016-05-04,128.9600067138672,131.02000427246094,128.3699951171875,130.5800018310547,100.69039154052734,805900
BXP,2016-05-05,130.5,131.13999938964844,129.89999389648438,130.86000061035156,100.90630340576172,596100
BXP,2016-05-06,130.77999877929688,131.2899932861328,129.52999877929688,130.89999389648438,100.93712615966795,922700
BXP,2016-05-09,131.22000122070312,132.32000732421875,130.85000610351562,132.27000427246094,101.99356079101562,760100
BXP,2016-05-10,132.9499969482422,133.58999633789062,132.36000061035156,133.1300048828125,102.65670776367188,850400
BXP,2016-05-11,133.0,133.0,130.3800048828125,130.89999389648438,100.93712615966795,968000
BXP,2016-05-12,131.1199951171875,131.60000610351562,130.11000061035156,131.3800048828125,101.30728912353516,606100
BXP,2016-05-13,130.97000122070312,130.97000122070312,129.4199981689453,130.05999755859375,100.28942108154295,635100
BXP,2016-05-16,130.13999938964844,131.02000427246094,129.5,130.80999755859375,100.86773681640624,462100
BXP,2016-05-17,130.3699951171875,131.08999633789062,129.5399932861328,130.38999938964844,100.54388427734376,922700
BXP,2016-05-18,129.89999389648438,130.72000122070312,125.76000213623048,127.25,98.12263488769533,1555400
BXP,2016-05-19,125.44000244140624,126.16999816894533,123.4499969482422,123.70999908447266,95.39291381835938,1193600
BXP,2016-05-20,124.70999908447266,125.18000030517578,123.69000244140624,124.38999938964844,95.9172821044922,1094600
BXP,2016-05-23,124.6999969482422,125.0,123.75,124.44000244140624,95.955810546875,712400
BXP,2016-05-24,125.43000030517578,127.08000183105467,124.77999877929688,125.86000061035156,97.05079650878906,767700
BXP,2016-05-25,126.12999725341795,126.12999725341795,124.26000213623048,125.26000213623048,96.58812713623048,863000
BXP,2016-05-26,125.26000213623048,125.37000274658205,124.47000122070312,124.8000030517578,96.23345184326172,632300
BXP,2016-05-27,125.05999755859376,126.2699966430664,124.66000366210938,125.41000366210938,96.7038116455078,573100
BXP,2016-05-31,125.9000015258789,126.66000366210938,125.08000183105467,125.62999725341795,96.87342834472656,948500
BXP,2016-06-01,125.1999969482422,127.19000244140624,124.91000366210938,127.11000061035156,98.01467895507812,732100
BXP,2016-06-02,126.76000213623048,127.41000366210938,125.83999633789062,127.26000213623048,98.13033294677734,624700
BXP,2016-06-03,127.93000030517578,128.66000366210938,126.87999725341795,127.77999877929688,98.53131103515624,737000
BXP,2016-06-06,127.66999816894533,128.0,126.18000030517578,127.05999755859376,97.9760971069336,761900
BXP,2016-06-07,127.2699966430664,128.41000366210938,127.2699966430664,127.88999938964844,98.61611938476562,378000
BXP,2016-06-08,127.77999877929688,128.27999877929688,127.62000274658205,128.07000732421875,98.7549285888672,480900
BXP,2016-06-09,127.0500030517578,129.25999450683594,127.0500030517578,128.97999572753906,99.4566421508789,457200
BXP,2016-06-10,128.2100067138672,129.10000610351562,127.58000183105467,128.22999572753906,98.8782958984375,638600
BXP,2016-06-13,128.50999450683594,129.60000610351562,126.8499984741211,127.12000274658205,98.02239227294922,992000
BXP,2016-06-14,126.9800033569336,127.55999755859376,125.52999877929688,126.22000122070312,97.3283920288086,747300
BXP,2016-06-15,126.33999633789062,127.81999969482422,125.88999938964844,126.69000244140624,97.69080352783205,731400
BXP,2016-06-16,126.16999816894533,126.75,125.43000030517578,126.55999755859376,97.5905532836914,839700
BXP,2016-06-17,126.23999786376952,127.05999755859376,125.41000366210938,126.69000244140624,97.69080352783205,910000
BXP,2016-06-20,127.66000366210938,128.82000732421875,126.7300033569336,126.8499984741211,97.8141860961914,913100
BXP,2016-06-21,127.58000183105467,128.42999267578125,127.12000274658205,127.58999633789062,98.3848114013672,537500
BXP,2016-06-22,128.00999450683594,129.49000549316406,127.6500015258789,128.1699981689453,98.83203125,795000
BXP,2016-06-23,129.16000366210938,130.00999450683594,128.9199981689453,129.97999572753906,100.22772979736328,489300
BXP,2016-06-24,126.94000244140624,129.35000610351562,126.08999633789062,128.02999877929688,98.72406768798828,2652300
BXP,2016-06-27,127.13999938964844,127.4499969482422,125.16000366210938,126.5,97.5443115234375,1168600
BXP,2016-06-28,126.7699966430664,128.9600067138672,126.51000213623048,128.92999267578125,99.9315414428711,986000
BXP,2016-06-29,129.69000244140625,131.5,129.69000244140625,131.5,101.92352294921876,969400
BXP,2016-06-30,131.6300048828125,131.99000549316406,130.1999969482422,131.89999389648438,102.23355865478516,818500
BXP,2016-07-01,132.08999633789062,133.0399932861328,131.80999755859375,132.02999877929688,102.33429718017578,462000
BXP,2016-07-05,131.91000366210938,133.6199951171875,131.77999877929688,133.47000122070312,103.450439453125,883300
BXP,2016-07-06,133.05999755859375,133.47000122070312,131.39999389648438,131.47999572753906,101.90802001953124,968700
BXP,2016-07-07,131.2899932861328,131.2899932861328,129.49000549316406,130.02999877929688,100.78414154052734,803400
BXP,2016-07-08,130.97000122070312,133.61000061035156,130.66000366210938,133.32000732421875,103.33419036865234,658000
BXP,2016-07-11,134.0,134.80999755859375,132.75,134.52999877929688,104.27202606201172,460200
BXP,2016-07-12,134.44000244140625,136.1300048828125,133.82000732421875,135.97000122070312,105.3881607055664,894500
BXP,2016-07-13,136.52999877929688,136.64999389648438,135.5500030517578,136.61000061035156,105.88420104980467,544400
BXP,2016-07-14,136.52999877929688,137.1300048828125,135.6300048828125,135.86000061035156,105.30289459228516,439600
BXP,2016-07-15,136.0399932861328,136.22000122070312,134.7100067138672,136.0500030517578,105.45014190673828,571600
BXP,2016-07-18,136.30999755859375,136.61000061035156,135.10000610351562,136.52999877929688,105.82221221923828,484000
BXP,2016-07-19,136.52000427246094,137.61000061035156,136.00999450683594,137.4499969482422,106.53526306152344,618100
BXP,2016-07-20,137.44000244140625,137.44000244140625,136.6199951171875,137.14999389648438,106.30274963378906,486200
BXP,2016-07-21,136.67999267578125,137.58999633789062,136.35000610351562,137.55999755859375,106.6205062866211,356600
BXP,2016-07-22,137.52000427246094,139.3699951171875,136.88999938964844,138.9199981689453,107.67465209960938,503900
BXP,2016-07-25,138.83999633789062,139.11000061035156,138.0,139.07000732421875,107.79092407226562,429600
BXP,2016-07-26,139.47000122070312,139.47000122070312,137.50999450683594,138.85000610351562,107.6203842163086,559200
BXP,2016-07-27,138.86000061035156,139.32000732421875,137.3699951171875,138.64999389648438,107.4653778076172,747200
BXP,2016-07-28,138.74000549316406,140.50999450683594,138.55999755859375,139.44000244140625,108.07769012451172,624800
BXP,2016-07-29,139.1699981689453,142.6300048828125,139.1699981689453,142.1300048828125,110.1626434326172,834000
BXP,2016-08-01,142.1300048828125,142.85000610351562,141.80999755859375,142.47000122070312,110.42617797851562,619500
BXP,2016-08-02,139.33999633789062,142.92999267578125,139.33999633789062,140.63999938964844,109.00779724121094,680600
BXP,2016-08-03,140.55999755859375,141.08999633789062,139.55999755859375,140.41000366210938,108.82953643798828,623900
BXP,2016-08-04,140.69000244140625,141.1199951171875,139.50999450683594,140.8699951171875,109.1860580444336,585800
BXP,2016-08-05,141.2100067138672,142.4199981689453,140.88999938964844,142.11000061035156,110.14715576171876,835400
BXP,2016-08-08,142.0,142.97000122070312,141.3699951171875,142.8000030517578,110.68199157714844,640800
BXP,2016-08-09,142.17999267578125,143.47000122070312,142.0500030517578,143.39999389648438,111.14702606201172,516300
BXP,2016-08-10,143.6199951171875,144.02000427246094,142.80999755859375,143.38999938964844,111.1392593383789,610200
BXP,2016-08-11,143.47000122070312,143.61000061035156,141.4499969482422,142.35000610351562,110.33317565917967,455000
BXP,2016-08-12,142.47000122070312,143.94000244140625,142.47000122070312,142.82000732421875,110.69747161865234,317200
BXP,2016-08-15,143.25999450683594,143.89999389648438,143.0800018310547,143.61000061035156,111.30978393554688,620700
BXP,2016-08-16,142.89999389648438,142.89999389648438,141.6999969482422,142.35000610351562,110.33317565917967,429300
BXP,2016-08-17,142.30999755859375,142.92999267578125,141.0500030517578,142.8800048828125,110.74398040771484,558200
BXP,2016-08-18,142.9499969482422,143.35000610351562,141.75999450683594,142.3699951171875,110.3486785888672,639600
BXP,2016-08-19,141.67999267578125,141.97000122070312,140.60000610351562,141.35000610351562,109.55809783935548,764800
BXP,2016-08-22,141.47000122070312,142.2899932861328,140.99000549316406,141.8699951171875,109.9611358642578,468800
BXP,2016-08-23,142.4199981689453,142.64999389648438,141.3300018310547,141.35000610351562,109.55809783935548,518100
BXP,2016-08-24,141.6199951171875,141.6199951171875,140.17999267578125,140.35000610351562,108.78299713134766,473700
BXP,2016-08-25,140.4600067138672,142.1699981689453,140.22000122070312,140.49000549316406,108.89154815673828,560400
BXP,2016-08-26,140.85000610351562,141.50999450683594,138.07000732421875,139.1699981689453,107.8684310913086,577100
BXP,2016-08-29,139.4600067138672,140.89999389648438,139.24000549316406,140.4600067138672,108.86829376220705,488200
BXP,2016-08-30,140.69000244140625,140.69000244140625,138.92999267578125,140.4499969482422,108.86050415039062,556200
BXP,2016-08-31,140.08999633789062,140.38999938964844,139.1999969482422,140.1300048828125,108.61251068115234,1144900
BXP,2016-09-01,140.27999877929688,141.22000122070312,139.52999877929688,141.05999755859375,109.33333587646484,844400
BXP,2016-09-02,141.57000732421875,143.64999389648438,141.3800048828125,142.3000030517578,110.29441833496094,511600
BXP,2016-09-06,142.39999389648438,142.75999450683594,141.25999450683594,142.75,110.64322662353516,582600
BXP,2016-09-07,142.49000549316406,143.3000030517578,141.8300018310547,143.1699981689453,110.96876525878906,367800
BXP,2016-09-08,142.49000549316406,142.83999633789062,141.25999450683594,141.82000732421875,109.92240142822266,1309100
BXP,2016-09-09,140.47000122070312,140.47000122070312,135.2100067138672,135.22000122070312,104.8068389892578,1075500
BXP,2016-09-12,134.72999572753906,138.8800048828125,134.72999572753906,138.42999267578125,107.29484558105467,1177900
BXP,2016-09-13,137.0800018310547,137.64999389648438,134.8000030517578,134.8699951171875,104.5355453491211,836700
BXP,2016-09-14,135.1300048828125,135.94000244140625,134.2100067138672,134.7899932861328,104.47354125976562,408500
BXP,2016-09-15,134.64999389648438,135.25,133.83999633789062,134.75999450683594,104.45028686523438,655700
BXP,2016-09-16,134.14999389648438,134.8800048828125,132.8300018310547,134.6999969482422,104.4037857055664,1299200
BXP,2016-09-19,135.4499969482422,135.9499969482422,134.89999389648438,135.24000549316406,104.82234954833984,514200
BXP,2016-09-20,135.9600067138672,136.22999572753906,134.8699951171875,135.32000732421875,104.88433837890624,487500
BXP,2016-09-21,135.52000427246094,137.44000244140625,133.3800048828125,137.14999389648438,106.30274963378906,533400
BXP,2016-09-22,138.52000427246094,139.55999755859375,138.4600067138672,139.0399932861328,107.76763916015624,596900
BXP,2016-09-23,138.64999389648438,140.25999450683594,137.60000610351562,139.67999267578125,108.26371002197266,671900
BXP,2016-09-26,139.1199951171875,139.89999389648438,138.8699951171875,139.08999633789062,107.80638885498048,530900
BXP,2016-09-27,139.41000366210938,139.49000549316406,137.6699981689453,138.1199951171875,107.05461120605467,581800
BXP,2016-09-28,137.67999267578125,138.6999969482422,137.3800048828125,138.3800048828125,107.76325988769533,698200
BXP,2016-09-29,137.49000549316406,138.47999572753906,136.30999755859375,136.30999755859375,106.15125274658205,678900
BXP,2016-09-30,137.38999938964844,137.89999389648438,135.8699951171875,136.2899932861328,106.13563537597656,840700
BXP,2016-10-03,135.4199981689453,135.47000122070312,133.0,133.38999938964844,103.87727355957033,515300
BXP,2016-10-04,134.39999389648438,134.39999389648438,130.6300048828125,131.42999267578125,102.35093688964844,724500
BXP,2016-10-05,132.07000732421875,132.0800018310547,128.14999389648438,128.3300018310547,99.9368133544922,738300
BXP,2016-10-06,127.22000122070312,129.14999389648438,126.22000122070312,128.88999938964844,100.37291717529295,1019800
BXP,2016-10-07,129.08999633789062,130.5500030517578,127.97000122070312,129.02999877929688,100.4819564819336,752900
BXP,2016-10-10,129.24000549316406,130.3300018310547,128.38999938964844,128.7100067138672,100.23274993896484,559600
BXP,2016-10-11,128.5,129.0,127.08999633789062,127.44000244140624,99.24372100830078,630100
BXP,2016-10-12,127.5500030517578,128.2899932861328,127.36000061035156,128.17999267578125,99.81999969482422,790000
BXP,2016-10-13,127.4000015258789,129.0399932861328,127.4000015258789,128.75999450683594,100.27167510986328,1101100
BXP,2016-10-14,128.0800018310547,128.91000366210938,126.5,126.9000015258789,98.8231964111328,1089400
BXP,2016-10-17,126.91000366210938,127.9000015258789,126.41000366210938,126.51000213623048,98.5195083618164,860000
BXP,2016-10-18,127.16000366210938,127.91000366210938,125.9800033569336,127.18000030517578,99.04125213623048,849500
BXP,2016-10-19,127.37999725341795,127.63999938964844,126.5999984741211,127.27999877929688,99.11912536621094,510300
BXP,2016-10-20,127.41999816894533,127.9000015258789,125.55999755859376,126.0999984741211,98.20018768310548,597400
BXP,2016-10-21,125.1500015258789,126.04000091552734,124.88999938964844,125.87999725341795,98.02888488769533,669500
BXP,2016-10-24,126.61000061035156,127.30999755859376,125.62999725341795,126.18000030517578,98.26251220703124,606500
BXP,2016-10-25,125.8000030517578,126.16999816894533,124.87000274658205,125.33000183105467,97.60054779052734,781600
BXP,2016-10-26,124.5199966430664,125.0,120.91000366210938,122.88999938964844,95.700439453125,1102600
BXP,2016-10-27,121.7699966430664,121.91000366210938,118.4499969482422,119.77999877929688,93.2785186767578,1502100
BXP,2016-10-28,120.25,120.9499969482422,118.43000030517578,118.94000244140624,92.62435913085938,1023400
BXP,2016-10-31,119.27999877929688,120.70999908447266,118.41000366210938,120.4800033569336,93.82363891601562,881000
BXP,2016-11-01,120.27999877929688,120.37000274658205,116.75,117.13999938964844,91.22262573242188,978400
BXP,2016-11-02,117.18000030517578,117.91999816894533,114.29000091552734,114.33000183105467,89.03433990478516,1274100
BXP,2016-11-03,114.1500015258789,114.97000122070312,113.69000244140624,114.06999969482422,88.83185577392578,932900
BXP,2016-11-04,114.4499969482422,116.20999908447266,113.76000213623048,116.08000183105467,90.39713287353516,1045300
BXP,2016-11-07,117.94000244140624,118.58000183105467,116.68000030517578,118.01000213623048,91.9001235961914,1321200
BXP,2016-11-08,117.8000030517578,118.77999877929688,117.41999816894533,118.08000183105467,91.95466613769533,887400
BXP,2016-11-09,116.06999969482422,119.05999755859376,114.5500030517578,117.8000030517578,91.73657989501952,1052800
BXP,2016-11-10,118.27999877929688,122.5999984741211,116.1999969482422,122.30999755859376,95.2487335205078,2173600
BXP,2016-11-11,122.16000366210938,125.37000274658205,122.13999938964844,122.5,95.39669799804688,2278600
BXP,2016-11-14,122.5,126.47000122070312,122.41999816894533,126.06999969482422,98.17684936523438,1613500
BXP,2016-11-15,126.1500015258789,127.44000244140624,124.26000213623048,124.5199966430664,96.96977996826172,1682400
BXP,2016-11-16,124.4000015258789,125.0199966430664,121.9499969482422,122.76000213623048,95.59918975830078,914900
BXP,2016-11-17,122.62000274658205,123.6500015258789,121.5999984741211,121.66000366210938,94.74256134033205,513000
BXP,2016-11-18,121.6999969482422,122.61000061035156,121.04000091552734,121.16000366210938,94.35318756103516,1582300
BXP,2016-11-21,121.29000091552734,122.66999816894533,120.62000274658205,120.93000030517578,94.17406463623048,873200
BXP,2016-11-22,121.54000091552734,123.0999984741211,120.41999816894533,122.75,95.59139251708984,958700
BXP,2016-11-23,122.08000183105467,122.5,121.3499984741211,122.43000030517578,95.3421859741211,446800
BXP,2016-11-25,122.4800033569336,123.83000183105467,122.4800033569336,122.98999786376952,95.77828979492188,237300
BXP,2016-11-28,122.5500030517578,124.37999725341795,122.5500030517578,123.77999877929688,96.39348602294922,987400
BXP,2016-11-29,124.08999633789062,126.05999755859376,123.75,125.26000213623048,97.5460433959961,1053000
BXP,2016-11-30,124.52999877929688,125.0999984741211,123.11000061035156,123.87999725341795,96.47137451171876,1204100
BXP,2016-12-01,123.16999816894533,123.4499969482422,121.18000030517578,121.79000091552734,94.84381103515624,1069500
BXP,2016-12-02,122.76000213623048,124.26000213623048,121.88999938964844,123.11000061035156,95.87174224853516,762500
BXP,2016-12-05,123.62000274658205,124.47000122070312,122.83000183105467,124.12000274658205,96.65830993652344,834800
BXP,2016-12-06,124.48999786376952,126.91999816894533,124.23999786376952,126.02999877929688,98.14567565917967,786400
BXP,2016-12-07,126.19000244140624,129.0500030517578,126.19000244140624,128.83999633789062,100.33396911621094,770500
BXP,2016-12-08,128.35000610351562,130.66000366210938,126.86000061035156,129.5,100.84795379638672,741600
BXP,2016-12-09,128.6699981689453,129.67999267578125,127.7699966430664,128.74000549316406,100.256103515625,627500
BXP,2016-12-12,128.02000427246094,129.3800048828125,127.7300033569336,129.35000610351562,100.73112487792967,628500
BXP,2016-12-13,130.0800018310547,130.38999938964844,127.30999755859376,129.02000427246094,100.47417449951172,780700
BXP,2016-12-14,128.9499969482422,128.9499969482422,125.01000213623048,125.12000274658205,97.43704223632812,1075700
BXP,2016-12-15,125.25,126.01000213623048,121.87000274658205,122.4499969482422,95.3577651977539,1260000
BXP,2016-12-16,122.97000122070312,125.36000061035156,122.97000122070312,124.33999633789062,96.82960510253906,1413600
BXP,2016-12-19,124.6999969482422,127.05999755859376,124.6999969482422,126.1500015258789,98.23914337158205,651000
BXP,2016-12-20,126.27999877929688,127.33000183105467,125.87999725341795,127.29000091552734,99.12692260742188,578900
BXP,2016-12-21,127.5199966430664,128.0,124.52999877929688,124.58999633789062,97.0242919921875,1083700
BXP,2016-12-22,124.1999969482422,124.75,122.29000091552734,124.52999877929688,96.97757720947266,749700
BXP,2016-12-23,124.63999938964844,124.63999938964844,123.0199966430664,124.06999969482422,96.6193618774414,502900
BXP,2016-12-27,124.13999938964844,124.98999786376952,123.3000030517578,124.25,96.7594985961914,467000
BXP,2016-12-28,123.4000015258789,123.5199966430664,121.73999786376952,122.45999908447266,95.94469451904295,509900
BXP,2016-12-29,122.87000274658205,124.29000091552734,121.47000122070312,123.66999816894533,96.89270782470705,497000
BXP,2016-12-30,123.81999969482422,126.4800033569336,123.51000213623048,125.77999877929688,98.54584503173828,792500
BXP,2017-01-03,127.6999969482422,127.93000030517578,125.98999786376952,127.18000030517578,99.6427230834961,813900
BXP,2017-01-04,127.66000366210938,131.61000061035156,127.22000122070312,131.22000122070312,102.80799102783205,1323500
BXP,2017-01-05,130.1999969482422,132.5500030517578,128.75999450683594,131.85000610351562,103.30156707763672,1403000
BXP,2017-01-06,131.58999633789062,132.50999450683594,131.2100067138672,131.5500030517578,103.06651306152344,757500
BXP,2017-01-09,131.05999755859375,131.39999389648438,129.9600067138672,130.24000549316406,102.0401611328125,818800
BXP,2017-01-10,129.82000732421875,130.22999572753906,128.7100067138672,128.7899932861328,100.90412139892578,675300
BXP,2017-01-11,128.63999938964844,129.47000122070312,126.73999786376952,127.0,99.501708984375,913500
BXP,2017-01-12,126.93000030517578,129.1199951171875,126.51000213623048,129.00999450683594,101.07647705078124,696000
BXP,2017-01-13,128.91000366210938,129.52999877929688,128.27999877929688,128.5,100.67691040039062,513200
BXP,2017-01-17,128.69000244140625,129.49000549316406,128.50999450683594,129.39999389648438,101.38201904296876,723300
BXP,2017-01-18,129.58999633789062,130.47000122070312,128.9199981689453,130.36000061035156,102.13418579101562,611400
BXP,2017-01-19,130.3300018310547,130.47999572753906,128.39999389648438,128.4499969482422,100.63773345947266,844900
BXP,2017-01-20,128.61000061035156,129.3699951171875,128.17999267578125,129.25,101.26453399658205,649400
BXP,2017-01-23,128.8800048828125,130.91000366210938,128.67999267578125,130.60000610351562,102.32222747802734,615800
BXP,2017-01-24,130.8800048828125,132.42999267578125,130.38999938964844,132.2100067138672,103.58362579345705,693700
BXP,2017-01-25,132.61000061035156,132.61000061035156,129.9499969482422,130.24000549316406,102.0401611328125,796700
BXP,2017-01-26,130.6199951171875,131.5,130.30999755859375,131.35000610351562,102.9098129272461,440600
BXP,2017-01-27,131.5800018310547,131.69000244140625,129.92999267578125,130.75,102.4397201538086,537000
BXP,2017-01-30,130.89999389648438,130.89999389648438,129.25,130.27000427246094,102.0636749267578,772700
BXP,2017-01-31,130.44000244140625,132.3699951171875,130.39999389648438,130.89999389648438,102.5572509765625,1015900
BXP,2017-02-01,131.25,134.3699951171875,129.1300048828125,129.27000427246094,101.28018188476562,1004900
BXP,2017-02-02,129.08999633789062,131.14999389648438,129.08999633789062,130.47000122070312,102.22037506103516,670900
BXP,2017-02-03,132.47999572753906,133.47999572753906,130.33999633789062,130.72000122070312,102.4162368774414,626400
BXP,2017-02-06,130.77000427246094,131.94000244140625,130.47999572753906,131.32000732421875,102.88632202148438,547800
BXP,2017-02-07,131.5399932861328,133.30999755859375,130.32000732421875,130.63999938964844,102.35353088378906,582100
BXP,2017-02-08,130.72999572753906,132.1300048828125,130.63999938964844,131.57000732421875,103.08219146728516,649400
BXP,2017-02-09,132.1300048828125,132.47999572753906,131.2100067138672,131.97999572753906,103.40340423583984,420200
BXP,2017-02-10,131.82000732421875,134.0500030517578,131.47000122070312,134.0,104.9860382080078,561500
BXP,2017-02-13,134.35000610351562,135.00999450683594,133.27999877929688,134.75999450683594,105.58148956298828,671400
BXP,2017-02-14,134.4600067138672,136.0399932861328,133.16000366210938,135.7899932861328,106.38846588134766,991900
BXP,2017-02-15,135.30999755859375,136.47000122070312,134.52000427246094,135.97999572753906,106.53732299804688,1301900
BXP,2017-02-16,136.22000122070312,138.2100067138672,135.47000122070312,136.83999633789062,107.21109008789062,891000
BXP,2017-02-17,137.1999969482422,137.5,135.72999572753906,137.19000244140625,107.4853286743164,1399100
BXP,2017-02-21,136.8699951171875,139.1199951171875,136.83999633789062,138.8300018310547,108.77027130126952,729600
BXP,2017-02-22,139.02999877929688,139.16000366210938,136.50999450683594,138.66000366210938,108.63702392578124,895600
BXP,2017-02-23,138.97000122070312,139.58999633789062,138.30999755859375,139.1699981689453,109.03661346435548,681500
BXP,2017-02-24,139.10000610351562,139.10000610351562,137.1300048828125,138.1199951171875,108.21398162841795,917300
BXP,2017-02-27,138.44000244140625,140.1300048828125,137.66000366210938,139.8800048828125,109.5928955078125,721000
BXP,2017-02-28,139.72000122070312,139.72000122070312,138.5800018310547,139.02999877929688,108.92691802978516,851100
BXP,2017-03-01,138.9499969482422,139.35000610351562,137.69000244140625,137.83999633789062,107.99457550048828,876000
BXP,2017-03-02,137.52000427246094,137.69000244140625,135.2899932861328,135.55999755859375,106.2082748413086,1161300
BXP,2017-03-03,135.1999969482422,135.82000732421875,134.13999938964844,135.47999572753906,106.14559173583984,812300
BXP,2017-03-06,135.2100067138672,135.64999389648438,134.33999633789062,135.42999267578125,106.10637664794922,701900
BXP,2017-03-07,135.44000244140625,135.75,134.85000610351562,135.66000366210938,106.28660583496094,495300
BXP,2017-03-08,135.25,135.25,133.9199981689453,134.08999633789062,105.05652618408205,690400
BXP,2017-03-09,134.38999938964844,135.2100067138672,131.86000061035156,132.02999877929688,103.44257354736328,945700
BXP,2017-03-10,132.02999877929688,133.94000244140625,129.75999450683594,130.42999267578125,102.18901824951172,857000
BXP,2017-03-13,130.52000427246094,131.55999755859375,129.8300018310547,130.47999572753906,102.22818756103516,944000
BXP,2017-03-14,130.33999633789062,130.72000122070312,129.3300018310547,129.92999267578125,101.79728698730467,593600
BXP,2017-03-15,130.3699951171875,133.52000427246094,129.80999755859375,132.99000549316406,104.1947250366211,954200
BXP,2017-03-16,132.77999877929688,133.66000366210938,132.19000244140625,132.4600067138672,103.77947235107422,517800
BXP,2017-03-17,132.7100067138672,133.8699951171875,132.1999969482422,133.19000244140625,104.35140991210938,899900
BXP,2017-03-20,133.17999267578125,133.9499969482422,132.36000061035156,133.11000061035156,104.28874206542967,501900
BXP,2017-03-21,133.72000122070312,134.0800018310547,132.00999450683594,132.6199951171875,103.90483856201172,869400
BXP,2017-03-22,133.0500030517578,133.39999389648438,130.82000732421875,132.24000549316406,103.60711669921876,561100
BXP,2017-03-23,132.05999755859375,134.66000366210938,132.0399932861328,133.85000610351562,104.86849975585938,984600
BXP,2017-03-24,133.80999755859375,134.35000610351562,132.02000427246094,132.47999572753906,103.7951431274414,879200
BXP,2017-03-27,132.17999267578125,132.8699951171875,130.85000610351562,131.32000732421875,102.88632202148438,634700
BXP,2017-03-28,131.35000610351562,131.91000366210938,129.38999938964844,131.32000732421875,102.88632202148438,701500
BXP,2017-03-29,130.6999969482422,131.24000549316406,130.1300048828125,131.13999938964844,103.33544921875,1071700
BXP,2017-03-30,130.8300018310547,131.57000732421875,130.0500030517578,131.3800048828125,103.52458953857422,664900
BXP,2017-03-31,131.14999389648438,132.55999755859375,130.25999450683594,132.41000366210938,104.336181640625,887500
BXP,2017-04-03,132.5,133.39999389648438,131.97999572753906,133.02000427246094,104.8168716430664,632200
BXP,2017-04-04,132.9499969482422,134.3699951171875,131.69000244140625,133.85000610351562,105.47087097167967,1087600
BXP,2017-04-05,133.88999938964844,134.9499969482422,133.75,134.1699981689453,105.72305297851562,582200
BXP,2017-04-06,133.9600067138672,134.72000122070312,133.39999389648438,134.55999755859375,106.03035736083984,687000
BXP,2017-04-07,134.44000244140625,136.02999877929688,134.2100067138672,134.67999267578125,106.12491607666016,752300
BXP,2017-04-10,134.5,136.07000732421875,134.1300048828125,135.64999389648438,106.88925170898438,699900
BXP,2017-04-11,135.69000244140625,136.89999389648438,135.30999755859375,136.8300018310547,107.81908416748048,637700
BXP,2017-04-12,136.5,137.35000610351562,136.14999389648438,136.58999633789062,107.62995910644533,1047800
BXP,2017-04-13,136.52000427246094,136.72999572753906,135.05999755859375,135.52000427246094,106.78680419921876,640300
BXP,2017-04-17,136.1699981689453,136.88999938964844,135.3699951171875,136.8699951171875,107.85060119628906,444200
BXP,2017-04-18,136.5399932861328,137.1300048828125,135.27999877929688,135.74000549316406,106.96016693115234,501100
BXP,2017-04-19,135.6699981689453,135.99000549316406,134.25999450683594,134.67999267578125,106.12491607666016,680600
BXP,2017-04-20,134.97000122070312,134.97000122070312,133.0800018310547,134.63999938964844,106.09339141845705,546900
BXP,2017-04-21,134.6300048828125,135.02000427246094,134.1699981689453,134.35000610351562,105.86486053466795,416800
BXP,2017-04-24,134.5500030517578,135.05999755859375,131.8800048828125,132.7899932861328,104.6356201171875,579100
BXP,2017-04-25,133.07000732421875,134.0500030517578,132.30999755859375,133.97000122070312,105.56542205810548,641300
BXP,2017-04-26,132.5399932861328,133.5,127.2300033569336,127.3499984741211,100.3490219116211,1192800
BXP,2017-04-27,127.3499984741211,127.87999725341795,125.70999908447266,125.98999786376952,99.2773895263672,946800
BXP,2017-04-28,125.6500015258789,126.69000244140624,125.55999755859376,126.5999984741211,99.7580337524414,805400
BXP,2017-05-01,126.8499984741211,127.31999969482422,125.97000122070312,126.97000122070312,100.04959869384766,591100
BXP,2017-05-02,126.87000274658205,127.19000244140624,125.98999786376952,126.86000061035156,99.96292877197266,531800
BXP,2017-05-03,127.30999755859376,127.3499984741211,124.30999755859376,124.79000091552734,98.33179473876952,670400
BXP,2017-05-04,124.5,124.5,122.44000244140624,123.37000274658205,97.212890625,1009300
BXP,2017-05-05,123.77999877929688,124.05999755859376,123.13999938964844,123.9000015258789,97.63050079345705,727100
BXP,2017-05-08,124.27999877929688,124.69000244140624,122.51000213623048,123.5500030517578,97.35472106933594,754300
BXP,2017-05-09,123.4499969482422,123.62000274658205,122.43000030517578,123.12000274658205,97.015869140625,432200
BXP,2017-05-10,122.7699966430664,123.5999984741211,122.11000061035156,123.0199966430664,96.93707275390624,857900
BXP,2017-05-11,122.12999725341795,122.27999877929688,120.68000030517578,121.23999786376952,95.53446197509766,887900
BXP,2017-05-12,121.26000213623048,121.5199966430664,120.62000274658205,120.94000244140624,95.2980728149414,703300
BXP,2017-05-15,120.88999938964844,121.7300033569336,120.0500030517578,120.52999877929688,94.97501373291016,625800
BXP,2017-05-16,121.02999877929688,121.19000244140624,119.94000244140624,120.88999938964844,95.25871276855467,754500
BXP,2017-05-17,120.72000122070312,121.55999755859376,120.1999969482422,120.44000244140624,94.9040985107422,754600
BXP,2017-05-18,120.66999816894533,122.58000183105467,119.58000183105467,120.2699966430664,94.77013397216795,948100
BXP,2017-05-19,120.2300033569336,122.0199966430664,119.54000091552734,121.01000213623048,95.35326385498048,665000
BXP,2017-05-22,120.9800033569336,121.88999938964844,120.80999755859376,121.02999877929688,95.36900329589844,918400
BXP,2017-05-23,121.37000274658205,123.16999816894533,120.9499969482422,121.83999633789062,96.00726318359376,867800
BXP,2017-05-24,121.91000366210938,122.33000183105467,121.43000030517578,121.87000274658205,96.0309066772461,606100
BXP,2017-05-25,122.13999938964844,122.6999969482422,121.66999816894533,122.0,96.13333892822266,503800
BXP,2017-05-26,121.69000244140624,122.0,120.73999786376952,121.3499984741211,95.62116241455078,400800
BXP,2017-05-30,121.3000030517578,121.80999755859376,120.81999969482422,120.81999969482422,95.20352935791016,417700
BXP,2017-05-31,121.11000061035156,121.72000122070312,120.77999877929688,121.31999969482422,95.59752655029295,833600
BXP,2017-06-01,120.91999816894533,122.08000183105467,120.5199966430664,121.75,95.93635559082033,617100
BXP,2017-06-02,122.5,122.83000183105467,121.81999969482422,122.36000061035156,96.4170150756836,598700
BXP,2017-06-05,122.23999786376952,122.6500015258789,121.26000213623048,122.23999786376952,96.3224639892578,412700
BXP,2017-06-06,122.18000030517578,122.18000030517578,120.22000122070312,120.93000030517578,95.29019927978516,514400
BXP,2017-06-07,121.0999984741211,121.88999938964844,121.0999984741211,121.7300033569336,95.92059326171876,714300
BXP,2017-06-08,121.7300033569336,122.61000061035156,120.87000274658205,122.5999984741211,96.60614013671876,489800
BXP,2017-06-09,122.3499984741211,125.6999969482422,122.08000183105467,125.23999786376952,98.68638610839844,889500
BXP,2017-06-12,125.18000030517578,127.13999938964844,125.0999984741211,127.11000061035156,100.15992736816406,811200
BXP,2017-06-13,126.5199966430664,127.83999633789062,125.45999908447266,126.81999969482422,99.93140411376952,657900
BXP,2017-06-14,127.3000030517578,127.77999877929688,126.02999877929688,126.62000274658205,99.77381134033205,550100
BXP,2017-06-15,125.9000015258789,127.58999633789062,125.9000015258789,127.27999877929688,100.29386901855467,599300
BXP,2017-06-16,127.54000091552734,128.0399932861328,125.63999938964844,126.12000274658205,99.37980651855467,934000
BXP,2017-06-19,126.0,126.27999877929688,124.72000122070312,125.83000183105467,99.15128326416016,528800
BXP,2017-06-20,125.6999969482422,126.37999725341795,124.3499984741211,125.95999908447266,99.25373840332033,482500
BXP,2017-06-21,125.9800033569336,126.43000030517578,124.36000061035156,125.12000274658205,98.59185028076172,409500
BXP,2017-06-22,124.87999725341795,125.8499984741211,124.1999969482422,124.83999633789062,98.37118530273438,530600
BXP,2017-06-23,124.80999755859376,126.26000213623048,124.75,125.56999969482422,98.94644165039062,776900
BXP,2017-06-26,126.11000061035156,126.51000213623048,125.38999938964844,125.7300033569336,99.0724868774414,612400
BXP,2017-06-27,125.41999816894533,125.87000274658205,123.63999938964844,123.75,97.51231384277344,834000
BXP,2017-06-28,123.70999908447266,123.87000274658205,122.79000091552734,123.38999938964844,97.82150268554688,560300
BXP,2017-06-29,122.91000366210938,123.8000030517578,122.33999633789062,123.18000030517578,97.65501403808594,643700
BXP,2017-06-30,123.5,124.0199966430664,122.62999725341795,123.0199966430664,97.52815246582033,580200
BXP,2017-07-03,123.5999984741211,125.08000183105467,123.43000030517578,124.9499969482422,99.0582275390625,298200
BXP,2017-07-05,125.02999877929688,125.08999633789062,122.61000061035156,122.98999786376952,97.50437927246094,649000
BXP,2017-07-06,122.51000213623048,122.88999938964844,119.91999816894533,119.97000122070312,95.11018371582033,626800
BXP,2017-07-07,119.97000122070312,120.80999755859376,119.5999984741211,120.12999725341795,95.2370147705078,472700
BXP,2017-07-10,120.13999938964844,121.0,117.70999908447266,117.9800033569336,93.53255462646484,805000
BXP,2017-07-11,117.87000274658205,118.18000030517578,116.7699966430664,117.6999969482422,93.310546875,692300
BXP,2017-07-12,118.05999755859376,119.54000091552734,118.05999755859376,119.25,94.5393524169922,512800
BXP,2017-07-13,119.58999633789062,121.01000213623048,119.26000213623048,120.37000274658205,95.42728424072266,607300
BXP,2017-07-14,120.8499984741211,122.37999725341795,120.72000122070312,121.6999969482422,96.4816665649414,502100
BXP,2017-07-17,121.69000244140624,122.41000366210938,121.04000091552734,121.55999755859376,96.3707046508789,655700
BXP,2017-07-18,121.4800033569336,121.93000030517578,118.87999725341795,119.13999938964844,94.4521713256836,832100
BXP,2017-07-19,119.0999984741211,120.62999725341795,118.87000274658205,120.36000061035156,95.41937255859376,765600
BXP,2017-07-20,120.3000030517578,120.58000183105467,118.75,118.80999755859376,94.19055938720705,510700
BXP,2017-07-21,118.5999984741211,119.27999877929688,118.27999877929688,118.91000366210938,94.2698211669922,401900
BXP,2017-07-24,119.08999633789062,119.54000091552734,118.37999725341795,119.01000213623048,94.3490982055664,490200
BXP,2017-07-25,119.5,119.5,118.33000183105467,119.2699966430664,94.55523681640624,514200
BXP,2017-07-26,119.36000061035156,120.43000030517578,118.7699966430664,120.37000274658205,95.42728424072266,410200
BXP,2017-07-27,120.1500015258789,121.4499969482422,118.72000122070312,121.20999908447266,96.0932388305664,595200
BXP,2017-07-28,121.23999786376952,122.45999908447266,120.70999908447266,122.33000183105467,96.9811553955078,701300
BXP,2017-07-31,122.31999969482422,122.7699966430664,119.91999816894533,120.91000366210938,95.85538482666016,1046700
BXP,2017-08-01,121.22000122070312,122.62999725341795,120.86000061035156,121.87000274658205,96.61647033691406,595100
BXP,2017-08-02,122.98999786376952,125.0,121.12999725341795,121.83000183105467,96.5847396850586,886600
BXP,2017-08-03,121.8499984741211,123.81999969482422,121.8499984741211,123.70999908447266,98.07518005371094,694100
BXP,2017-08-04,123.6999969482422,124.6999969482422,123.33000183105467,124.22000122070312,98.47950744628906,765400
BXP,2017-08-07,124.20999908447266,124.20999908447266,122.51000213623048,122.75,97.31411743164062,422300
BXP,2017-08-08,122.51000213623048,123.47000122070312,122.13999938964844,122.95999908447266,97.48059844970705,662700
BXP,2017-08-09,122.8000030517578,122.8000030517578,121.41999816894533,121.66999816894533,96.4579086303711,503700
BXP,2017-08-10,121.19000244140624,121.47000122070312,120.47000122070312,121.2699966430664,96.14078521728516,555200
BXP,2017-08-11,120.9499969482422,121.5,119.0199966430664,120.0500030517578,95.17359161376952,564800
BXP,2017-08-14,120.43000030517578,122.79000091552734,120.43000030517578,122.51000213623048,97.12385559082033,670200
BXP,2017-08-15,122.3499984741211,122.68000030517578,120.44000244140624,122.43000030517578,97.0604248046875,749900
BXP,2017-08-16,122.4800033569336,123.11000061035156,121.48999786376952,122.02999877929688,96.74329376220705,668400
BXP,2017-08-17,121.27999877929688,121.87999725341795,120.61000061035156,121.05999755859376,95.97430419921876,744700
BXP,2017-08-18,120.7300033569336,120.75,118.3000030517578,119.83000183105467,94.99919128417967,866200
BXP,2017-08-21,119.94000244140624,121.76000213623048,119.37000274658205,120.7699966430664,95.74440002441406,474900
BXP,2017-08-22,120.7699966430664,120.95999908447266,119.3499984741211,119.62000274658205,94.83270263671876,631300
BXP,2017-08-23,119.52999877929688,121.6500015258789,119.3499984741211,121.0500030517578,95.96639251708984,433600
BXP,2017-08-24,121.26000213623048,122.30999755859376,119.7699966430664,119.88999938964844,95.04676818847656,1021800
BXP,2017-08-25,120.37999725341795,122.01000213623048,119.55999755859376,121.45999908447266,96.29142761230467,526000
BXP,2017-08-28,121.8000030517578,122.23999786376952,119.31999969482422,120.25,95.33214569091795,630200
BXP,2017-08-29,120.22000122070312,120.55999755859376,118.88999938964844,119.5,94.7375717163086,482700
BXP,2017-08-30,119.2300033569336,120.4800033569336,118.22000122070312,120.19000244140624,95.28459167480467,409900
BXP,2017-08-31,120.45999908447266,121.2699966430664,120.0500030517578,120.5999984741211,95.609619140625,829200
BXP,2017-09-01,120.93000030517578,122.0500030517578,120.37000274658205,121.3000030517578,96.1645736694336,513800
BXP,2017-09-05,121.3000030517578,121.9800033569336,119.69000244140624,120.37000274658205,95.42728424072266,531100
BXP,2017-09-06,120.94000244140624,121.88999938964844,120.62999725341795,120.93000030517578,95.87124633789062,410900
BXP,2017-09-07,121.16999816894533,121.4800033569336,119.79000091552734,120.91000366210938,95.85538482666016,485300
BXP,2017-09-08,120.62000274658205,120.93000030517578,119.9499969482422,120.16999816894533,95.26872253417967,444100
BXP,2017-09-11,120.83000183105467,121.37000274658205,120.26000213623048,120.70999908447266,95.6968231201172,555200
BXP,2017-09-12,120.6999969482422,121.58999633789062,119.70999908447266,120.1999969482422,95.29251098632812,414100
BXP,2017-09-13,120.0,120.37999725341795,119.33999633789062,119.95999908447266,95.1022491455078,518600
BXP,2017-09-14,119.93000030517578,122.37000274658205,119.5999984741211,122.33000183105467,96.9811553955078,510200
BXP,2017-09-15,122.68000030517578,122.68000030517578,120.61000061035156,122.4000015258789,97.03662872314452,832700
BXP,2017-09-18,122.16000366210938,122.7300033569336,121.0999984741211,121.68000030517578,96.4658432006836,813600
BXP,2017-09-19,121.58999633789062,121.62999725341795,119.47000122070312,119.63999938964844,94.84855651855467,813200
BXP,2017-09-20,120.0199966430664,120.83999633789062,119.88999938964844,120.77999877929688,95.75232696533205,630800
BXP,2017-09-21,120.66000366210938,123.69000244140624,120.66000366210938,122.83999633789062,97.38546752929688,1011400
BXP,2017-09-22,122.66999816894533,123.75,121.66000366210938,121.68000030517578,96.4658432006836,466700
BXP,2017-09-25,121.33999633789062,123.4800033569336,121.13999938964844,122.62999725341795,97.21896362304688,459700
BXP,2017-09-26,122.69000244140624,124.12000274658205,122.5,123.75,98.10689544677734,612900
BXP,2017-09-27,123.5,123.80999755859376,122.5,122.81999969482422,97.3696060180664,458600
BXP,2017-09-28,122.16000366210938,122.93000030517578,121.91999816894533,122.7699966430664,97.92797088623048,537500
BXP,2017-09-29,122.4000015258789,123.3499984741211,122.29000091552734,122.87999725341795,98.01569366455078,705900
BXP,2017-10-02,122.93000030517578,123.30999755859376,121.7699966430664,121.93000030517578,97.2579345703125,662000
BXP,2017-10-03,121.73999786376952,122.5999984741211,120.72000122070312,122.36000061035156,97.60092163085938,849400
BXP,2017-10-04,121.81999969482422,123.88999938964844,121.81999969482422,123.6999969482422,98.66976928710938,831300
BXP,2017-10-05,123.87999725341795,126.04000091552734,123.87999725341795,125.05999755859376,99.75457763671876,737500
BXP,2017-10-06,124.9499969482422,126.94000244140624,124.41999816894533,126.91999816894533,101.23821258544922,1226000
BXP,2017-10-09,126.62999725341795,127.27999877929688,126.4000015258789,127.16999816894533,101.43763732910156,738700
BXP,2017-10-10,127.06999969482422,127.9800033569336,126.51000213623048,127.0999984741211,101.38179779052734,474200
BXP,2017-10-11,127.0,128.72999572753906,127.0,128.27999877929688,102.32303619384766,602500
BXP,2017-10-12,128.10000610351562,128.47999572753906,127.25,128.0,102.09969329833984,542400
BXP,2017-10-13,128.3000030517578,128.99000549316406,127.1999969482422,128.2899932861328,102.3310089111328,502700
BXP,2017-10-16,128.30999755859375,128.72000122070312,127.7699966430664,128.3800048828125,102.4028091430664,409100
BXP,2017-10-17,128.16000366210938,128.72999572753906,127.93000030517578,128.05999755859375,102.1475601196289,506800
BXP,2017-10-18,128.1199951171875,128.64999389648438,126.66000366210938,126.66999816894533,101.03880310058594,497200
BXP,2017-10-19,126.55999755859376,126.58999633789062,123.45999908447266,123.62999725341795,98.61394500732422,909400
BXP,2017-10-20,123.87000274658205,123.93000030517578,121.98999786376952,122.93000030517578,98.05558013916016,687700
BXP,2017-10-23,123.31999969482422,123.68000030517578,122.33999633789062,122.87999725341795,98.01569366455078,413300
BXP,2017-10-24,122.5999984741211,123.04000091552734,121.37000274658205,121.41999816894533,96.85114288330078,452200
BXP,2017-10-25,121.47000122070312,122.18000030517578,120.25,121.48999786376952,96.906982421875,563900
BXP,2017-10-26,122.25,122.25,120.4000015258789,121.27999877929688,96.73946380615234,409600
BXP,2017-10-27,121.08999633789062,121.83999633789062,120.55999755859376,121.2300033569336,96.69956970214844,452100
BXP,2017-10-30,121.08999633789062,121.80999755859376,120.30999755859376,120.80999755859376,96.36455535888672,393000
BXP,2017-10-31,120.5,121.5199966430664,119.91999816894533,121.18000030517578,96.65967559814452,577400
BXP,2017-11-01,121.23999786376952,122.73999786376952,121.08000183105467,121.9800033569336,97.29783630371094,614900
BXP,2017-11-02,122.0,123.69000244140624,121.44000244140624,122.7699966430664,97.92797088623048,682600
BXP,2017-11-03,122.06999969482422,122.12999725341795,119.73999786376952,120.68000030517578,96.2608642578125,1067600
BXP,2017-11-06,120.95999908447266,123.79000091552734,120.95999908447266,123.43000030517578,98.45442962646484,639900
BXP,2017-11-07,123.5199966430664,124.62000274658205,123.06999969482422,124.19000244140624,99.06063842773438,563200
BXP,2017-11-08,124.08000183105467,125.25,123.91000366210938,124.73999786376952,99.49932861328124,620900
BXP,2017-11-09,124.62000274658205,126.12999725341795,124.0999984741211,126.01000213623048,100.51236724853516,752400
BXP,2017-11-10,125.0999984741211,126.6500015258789,125.08999633789062,125.8499984741211,100.3847198486328,566900
BXP,2017-11-13,126.19000244140624,126.37000274658205,125.29000091552734,125.93000030517578,100.44854736328124,386700
BXP,2017-11-14,125.72000122070312,126.41000366210938,124.18000030517578,124.77999877929688,99.53123474121094,542700
BXP,2017-11-15,124.8499984741211,125.0199966430664,123.94000244140624,124.1500015258789,99.02872467041016,409300
BXP,2017-11-16,123.88999938964844,125.73999786376952,123.83999633789062,125.18000030517578,99.8502960205078,604200
BXP,2017-11-17,124.55999755859376,125.48999786376952,124.54000091552734,125.04000091552734,99.73863983154295,360000
BXP,2017-11-20,125.25,125.38999938964844,124.41999816894533,124.56999969482422,99.3637237548828,473500
BXP,2017-11-21,125.12000274658205,125.43000030517578,124.43000030517578,125.1999969482422,99.86624908447266,480400
BXP,2017-11-22,124.68000030517578,125.58999633789062,124.56999969482422,125.0,99.70672607421876,351400
BXP,2017-11-24,125.41000366210938,125.75,125.0,125.16000366210938,99.83436584472656,134900
BXP,2017-11-27,125.48999786376952,126.02999877929688,124.97000122070312,125.2300033569336,99.89019012451172,351500
BXP,2017-11-28,125.4499969482422,125.68000030517578,124.1500015258789,124.69000244140624,99.45946502685548,400700
BXP,2017-11-29,124.7300033569336,125.4000015258789,124.18000030517578,125.0500030517578,99.74662017822266,534300
BXP,2017-11-30,125.4800033569336,126.2699966430664,124.5999984741211,125.37999725341795,100.00983428955078,1001400
BXP,2017-12-01,125.93000030517578,127.12999725341795,125.33999633789062,127.12999725341795,101.40574645996094,780800
BXP,2017-12-04,127.08000183105467,128.32000732421875,126.8499984741211,127.83999633789062,101.97206115722656,1802200
BXP,2017-12-05,128.19000244140625,128.52000427246094,125.41000366210938,125.48999786376952,100.09756469726562,549100
BXP,2017-12-06,125.83000183105467,126.13999938964844,124.4800033569336,125.41000366210938,100.03376770019533,1411500
BXP,2017-12-07,125.02999877929688,125.37999725341795,123.8000030517578,123.9499969482422,98.86919403076172,836700
BXP,2017-12-08,124.37000274658205,125.02999877929688,123.29000091552734,124.66000366210938,99.43553924560548,518500
BXP,2017-12-11,124.45999908447266,125.16000366210938,124.2699966430664,125.0500030517578,99.74662017822266,511300
BXP,2017-12-12,125.58999633789062,126.52999877929688,124.70999908447266,126.18000030517578,100.6479721069336,499300
BXP,2017-12-13,126.37000274658205,127.04000091552734,125.80999755859376,126.37000274658205,100.7995147705078,761200
BXP,2017-12-14,126.37999725341795,127.13999938964844,125.8499984741211,126.70999908447266,101.07073211669922,608300
BXP,2017-12-15,127.26000213623048,129.77999877929688,127.08999633789062,129.41000366210938,103.2243881225586,2158100
BXP,2017-12-18,129.4499969482422,132.0,129.4499969482422,130.9600067138672,104.46075439453124,1882500
BXP,2017-12-19,130.8800048828125,130.8800048828125,128.3300018310547,128.83999633789062,102.7697296142578,925100
BXP,2017-12-20,128.72000122070312,128.8300018310547,127.69000244140624,127.8499984741211,101.98004150390624,1903200
BXP,2017-12-21,127.8499984741211,128.4199981689453,126.70999908447266,126.94000244140624,101.2541732788086,702500
BXP,2017-12-22,127.3000030517578,127.76000213623048,126.7699966430664,127.33999633789062,101.5732421875,382100
BXP,2017-12-26,127.69000244140624,128.58999633789062,126.94000244140624,128.49000549316406,102.49056243896484,330900
BXP,2017-12-27,128.9499969482422,129.33999633789062,128.0,129.08999633789062,102.96913146972656,544500
BXP,2017-12-28,128.05999755859375,128.8800048828125,127.66999816894533,128.83999633789062,103.4105987548828,457100
BXP,2017-12-29,129.10000610351562,130.4199981689453,129.02999877929688,130.02999877929688,104.36571502685548,650600
BXP,2018-01-02,130.38999938964844,130.38999938964844,128.88999938964844,129.27999877929688,103.76373291015624,690000
BXP,2018-01-03,129.57000732421875,129.8000030517578,128.72999572753906,129.35000610351562,103.81991577148438,570600
BXP,2018-01-04,129.0,129.0,126.45999908447266,126.4800033569336,101.51637268066406,2079000
BXP,2018-01-05,126.83000183105467,127.97000122070312,126.5199966430664,127.86000061035156,102.62400817871094,860900
BXP,2018-01-08,127.54000091552734,128.0,125.81999969482422,126.73999786376952,101.72505950927734,724300
BXP,2018-01-09,126.0500030517578,126.4000015258789,125.22000122070312,125.4000015258789,100.64952850341795,598900
BXP,2018-01-10,124.9800033569336,124.9800033569336,123.62000274658205,124.6500015258789,100.04756927490234,582600
BXP,2018-01-11,124.91000366210938,125.1500015258789,123.7300033569336,123.86000061035156,99.41348266601562,447800
BXP,2018-01-12,123.98999786376952,124.2699966430664,122.2300033569336,122.33000183105467,98.18547821044922,636800
BXP,2018-01-16,122.73999786376952,124.54000091552734,121.44000244140624,121.55999755859376,97.56745147705078,825900
BXP,2018-01-17,122.33000183105467,122.5999984741211,120.86000061035156,122.5,98.32191467285156,844400
BXP,2018-01-18,122.06999969482422,122.30999755859376,120.68000030517578,121.18000030517578,97.26244354248048,1080900
BXP,2018-01-19,121.66000366210938,122.30999755859376,120.88999938964844,121.9499969482422,97.88047790527344,1061300
BXP,2018-01-22,121.9499969482422,123.68000030517578,121.6999969482422,123.47000122070312,99.10047149658205,1067100
BXP,2018-01-23,123.62000274658205,124.29000091552734,123.27999877929688,124.1500015258789,99.64625549316406,1083200
BXP,2018-01-24,124.08000183105467,124.62999725341795,122.88999938964844,123.23999786376952,98.91584777832033,603800
BXP,2018-01-25,123.12000274658205,123.62000274658205,121.5,122.68000030517578,98.46639251708984,846400
BXP,2018-01-26,123.20999908447266,123.62000274658205,121.83999633789062,122.97000122070312,98.69915771484376,559200
BXP,2018-01-29,122.37000274658205,122.62999725341795,121.1999969482422,121.33999633789062,97.39087677001952,604200
BXP,2018-01-30,120.88999938964844,121.73999786376952,119.36000061035156,119.41999816894533,95.84982299804688,1106800
BXP,2018-01-31,119.97000122070312,125.37000274658205,119.97000122070312,123.70999908447266,99.29308319091795,2001100
BXP,2018-02-01,123.58999633789062,123.87999725341795,119.12999725341795,119.19000244140624,95.66521453857422,1020500
BXP,2018-02-02,118.08999633789062,119.58999633789062,117.33999633789062,119.33999633789062,95.78560638427734,978000
BXP,2018-02-05,118.5,120.72000122070312,114.5999984741211,114.73999786376952,92.09354400634766,1051900
BXP,2018-02-06,112.9499969482422,115.66000366210938,111.87000274658205,115.31999969482422,92.55906677246094,1732000
BXP,2018-02-07,114.95999908447266,116.97000122070312,114.95999908447266,115.33999633789062,92.5750961303711,928000
BXP,2018-02-08,114.98999786376952,116.47000122070312,112.0500030517578,112.08999633789062,89.96656799316406,1134900
BXP,2018-02-09,113.0999984741211,116.37999725341795,111.81999969482422,115.3499984741211,92.5831298828125,941500
BXP,2018-02-12,115.58999633789062,115.81999969482422,111.56999969482422,115.13999938964844,92.41461181640624,829200
BXP,2018-02-13,115.05999755859376,116.66999816894533,114.0500030517578,116.19000244140624,93.2573471069336,736600
BXP,2018-02-14,115.66999816894533,115.66999816894533,113.31999969482422,115.45999908447266,92.67141723632812,1006300
BXP,2018-02-15,116.51000213623048,118.5,116.43000030517578,117.4000015258789,94.228515625,1062300
BXP,2018-02-16,117.4499969482422,120.19000244140624,117.4499969482422,119.63999938964844,96.0263900756836,911600
BXP,2018-02-20,119.48999786376952,121.16999816894533,119.0999984741211,119.38999938964844,95.82573699951172,934200
BXP,2018-02-21,119.0,119.58000183105467,115.8499984741211,115.8499984741211,92.98443603515624,1040700
BXP,2018-02-22,116.48999786376952,119.91999816894533,116.2699966430664,118.47000122070312,95.08734130859376,897800
BXP,2018-02-23,118.61000061035156,120.98999786376952,118.3499984741211,120.97000122070312,97.0938949584961,652300
BXP,2018-02-26,121.41000366210938,121.91000366210938,119.87000274658205,121.43000030517578,97.46309661865234,687700
BXP,2018-02-27,121.91000366210938,122.2300033569336,119.1999969482422,119.51000213623048,95.92205047607422,979300
BXP,2018-02-28,119.9800033569336,120.70999908447266,118.83999633789062,118.87000274658205,95.40838623046876,1065000
BXP,2018-03-01,117.87000274658205,119.6999969482422,117.08000183105467,118.0,94.71009063720705,962700
BXP,2018-03-02,118.0,119.1500015258789,117.16000366210938,118.93000030517578,95.45654296875,639900
BXP,2018-03-05,119.2699966430664,121.80999755859376,118.91999816894533,121.36000061035156,97.40690612792967,503100
BXP,2018-03-06,121.0999984741211,122.25,120.30999755859376,122.0999984741211,98.00086212158205,495400
BXP,2018-03-07,121.6999969482422,122.8499984741211,121.11000061035156,122.73999786376952,98.51455688476562,655800
BXP,2018-03-08,123.0999984741211,123.33999633789062,121.45999908447266,122.30999755859376,98.16942596435548,522600
BXP,2018-03-09,122.4499969482422,123.76000213623048,121.44000244140624,123.62000274658205,99.22086334228516,674900
BXP,2018-03-12,123.3000030517578,125.91999816894533,123.3000030517578,125.55999755859376,100.7779541015625,886400
BXP,2018-03-13,125.80999755859376,126.38999938964844,124.7300033569336,125.26000213623048,100.5371551513672,718200
BXP,2018-03-14,125.66000366210938,125.75,124.3000030517578,125.58999633789062,100.8020248413086,560000
BXP,2018-03-15,125.83999633789062,126.12000274658205,124.66000366210938,125.91000366210938,101.05889892578124,682300
BXP,2018-03-16,125.70999908447266,127.30999755859376,124.80999755859376,127.16000366210938,102.06216430664062,887100
BXP,2018-03-19,127.3000030517578,127.41999816894533,125.56999969482422,126.27999877929688,101.35584259033205,441100
BXP,2018-03-20,126.52999877929688,127.54000091552734,125.37999725341795,125.66999816894533,100.86624908447266,679000
BXP,2018-03-21,125.51000213623048,126.02999877929688,123.5,124.3499984741211,99.80677795410156,766300
BXP,2018-03-22,123.98999786376952,125.62000274658205,122.47000122070312,122.58000183105467,98.3861312866211,660000
BXP,2018-03-23,122.0500030517578,122.62999725341795,117.94000244140624,118.43000030517578,95.05521392822266,1198400
BXP,2018-03-26,119.77999877929688,120.13999938964844,118.70999908447266,119.87000274658205,96.21099853515624,821100
BXP,2018-03-27,119.97000122070312,123.01000213623048,118.7300033569336,120.87000274658205,97.0136260986328,677700
BXP,2018-03-28,120.8499984741211,123.79000091552734,119.80999755859376,123.4000015258789,99.70419311523438,759900
BXP,2018-03-29,123.8000030517578,124.47000122070312,122.33999633789062,123.22000122070312,99.55875396728516,640400
BXP,2018-04-02,123.44000244140624,123.7300033569336,120.30999755859376,121.45999908447266,98.13673400878906,750400
BXP,2018-04-03,121.45999908447266,122.9800033569336,120.1999969482422,122.19000244140624,98.7265396118164,863800
BXP,2018-04-04,120.98999786376952,123.37999725341795,120.98999786376952,122.91999816894533,99.31636810302734,871100
BXP,2018-04-05,123.05999755859376,123.18000030517578,121.44000244140624,122.2699966430664,98.79118347167967,578100
BXP,2018-04-06,122.2300033569336,122.98999786376952,120.29000091552734,120.95999908447266,97.73272705078124,597900
BXP,2018-04-09,121.16000366210938,121.47000122070312,120.02999877929688,120.12000274658205,97.05404663085938,661800
BXP,2018-04-10,120.75,121.98999786376952,120.12000274658205,121.4499969482422,98.1286392211914,712400
BXP,2018-04-11,121.08999633789062,122.1500015258789,120.87999725341795,120.9499969482422,97.72467803955078,611400
BXP,2018-04-12,121.41999816894533,121.41999816894533,118.29000091552734,118.83000183105467,96.01174926757812,952300
BXP,2018-04-13,118.86000061035156,119.97000122070312,118.33999633789062,119.9000015258789,96.87628936767578,544200
BXP,2018-04-16,120.36000061035156,121.20999908447266,119.37000274658205,120.5199966430664,97.37722778320312,539400
BXP,2018-04-17,121.18000030517578,122.48999786376952,120.18000030517578,121.62000274658205,98.26600646972656,740200
BXP,2018-04-18,122.06999969482422,122.3000030517578,120.5500030517578,120.83999633789062,97.63577270507812,431300
BXP,2018-04-19,120.55999755859376,120.73999786376952,118.2300033569336,119.33999633789062,96.4238052368164,637200
BXP,2018-04-20,119.87999725341795,119.97000122070312,118.3000030517578,118.75,95.94709014892578,520600
BXP,2018-04-23,118.86000061035156,119.06999969482422,117.56999969482422,118.55999755859376,95.7935791015625,506600
BXP,2018-04-24,118.68000030517578,119.12999725341795,117.54000091552734,118.44000244140624,95.6966552734375,943900
BXP,2018-04-25,118.6500015258789,119.06999969482422,116.43000030517578,118.31999969482422,95.59967041015624,1410300
BXP,2018-04-26,118.51000213623048,120.73999786376952,118.4000015258789,120.56999969482422,97.41761779785156,903300
BXP,2018-04-27,120.25,123.12999725341795,120.25,122.4499969482422,98.93660736083984,606100
BXP,2018-04-30,122.66000366210938,123.29000091552734,121.31999969482422,121.41000366210938,98.09632110595705,635600
BXP,2018-05-01,121.6999969482422,122.95999908447266,120.86000061035156,122.66999816894533,99.1143798828125,673700
BXP,2018-05-02,121.83000183105467,122.38999938964844,118.68000030517578,120.80999755859376,97.61153411865234,884200
BXP,2018-05-03,120.44000244140624,122.33000183105467,120.36000061035156,121.81999969482422,98.4275894165039,537900
BXP,2018-05-04,121.61000061035156,124.48999786376952,121.58999633789062,124.04000091552734,100.22128295898438,563400
BXP,2018-05-07,124.54000091552734,124.9000015258789,123.7699966430664,124.1500015258789,100.31017303466795,451700
BXP,2018-05-08,124.0,124.0,121.88999938964844,122.7699966430664,99.19518280029295,1057600
BXP,2018-05-09,122.63999938964844,124.4000015258789,122.36000061035156,124.25,100.39097595214844,485300
BXP,2018-05-10,124.66000366210938,125.18000030517578,123.81999969482422,124.87000274658205,100.89190673828124,499600
BXP,2018-05-11,125.11000061035156,125.3000030517578,123.98999786376952,124.37999725341795,100.49600219726562,539700
BXP,2018-05-14,124.01000213623048,124.33999633789062,122.27999877929688,122.44000244140624,98.92855072021484,536000
BXP,2018-05-15,121.58999633789062,122.02999877929688,118.6999969482422,119.0,96.14910888671876,1095200
BXP,2018-05-16,119.4000015258789,119.88999938964844,116.66000366210938,117.12000274658205,94.63009643554688,1091100
BXP,2018-05-17,116.83999633789062,117.9000015258789,116.68000030517578,117.23999786376952,94.72705078125,767800
BXP,2018-05-18,117.22000122070312,117.87000274658205,116.44000244140624,117.08999633789062,94.60586547851562,1877300
BXP,2018-05-21,117.73999786376952,118.77999877929688,116.0,118.19000244140624,95.49463653564452,777400
BXP,2018-05-22,118.37000274658205,119.52999877929688,117.63999938964844,119.23999786376952,96.343017578125,753200
BXP,2018-05-23,119.23999786376952,120.91999816894533,118.87999725341795,119.97000122070312,96.93285369873048,735100
BXP,2018-05-24,120.1999969482422,120.3499984741211,118.77999877929688,119.48999786376952,96.54501342773438,787900
BXP,2018-05-25,119.63999938964844,119.9800033569336,119.37000274658205,119.58999633789062,96.62580871582033,605300
BXP,2018-05-29,119.12999725341795,119.9800033569336,118.4499969482422,119.4000015258789,96.4722900390625,704400
BXP,2018-05-30,119.48999786376952,122.5199966430664,119.08000183105467,122.12999725341795,98.67803955078124,598700
BXP,2018-05-31,121.16999816894533,122.29000091552734,121.11000061035156,121.7699966430664,98.38717651367188,1007600
BXP,2018-06-01,122.12000274658205,122.66000366210938,121.41000366210938,121.5,98.16903686523438,581900
BXP,2018-06-04,121.98999786376952,123.58999633789062,121.58000183105467,123.56999969482422,99.84156036376952,564800
BXP,2018-06-05,123.80999755859376,124.12999725341795,122.06999969482422,122.12000274658205,98.66999053955078,652000
BXP,2018-06-06,122.12000274658205,123.0199966430664,121.62999725341795,122.61000061035156,99.0658950805664,442200
BXP,2018-06-07,122.76000213623048,123.08999633789062,121.18000030517578,122.37999725341795,98.88005828857422,653700
BXP,2018-06-08,122.66999816894533,122.80999755859376,122.08999633789062,122.6500015258789,99.09822845458984,502900
BXP,2018-06-11,122.91000366210938,123.05999755859376,122.01000213623048,122.30999755859376,98.8235092163086,395200
BXP,2018-06-12,122.0500030517578,122.8499984741211,121.37999725341795,122.06999969482422,98.6295928955078,612800
BXP,2018-06-13,122.27999877929688,122.62000274658205,119.70999908447266,119.8000030517578,96.79549407958984,646600
BXP,2018-06-14,120.08999633789062,120.76000213623048,119.45999908447266,119.87999725341795,96.86009979248048,590200
BXP,2018-06-15,120.27999877929688,121.12000274658205,119.7699966430664,120.08000183105467,97.02169799804688,1132400
BXP,2018-06-18,119.70999908447266,120.1500015258789,117.9800033569336,118.87000274658205,96.0440673828125,986400
BXP,2018-06-19,118.63999938964844,119.55999755859376,118.51000213623048,118.77999877929688,95.97135925292967,731300
BXP,2018-06-20,118.93000030517578,121.33000183105467,118.68000030517578,121.2300033569336,97.9508819580078,613400
BXP,2018-06-21,121.69000244140624,122.4800033569336,120.77999877929688,122.37000274658205,98.87197875976562,1214200
BXP,2018-06-22,123.7699966430664,125.88999938964844,122.4000015258789,125.5999984741211,101.4817352294922,1479500
BXP,2018-06-25,125.48999786376952,125.76000213623048,123.62999725341795,125.16999816894533,101.13430786132812,731800
BXP,2018-06-26,125.41000366210938,125.45999908447266,124.0999984741211,124.56999969482422,100.64952087402344,925400
BXP,2018-06-27,124.7699966430664,125.45999908447266,123.83000183105467,124.23999786376952,100.38288879394533,510600
BXP,2018-06-28,123.70999908447266,125.30999755859376,123.5,124.94000244140624,101.6026840209961,541000
BXP,2018-06-29,124.58000183105467,126.19000244140624,123.55999755859376,125.41999816894533,101.99305725097656,818200
BXP,2018-07-02,125.26000213623048,125.5500030517578,123.26000213623048,124.69000244140624,101.39940643310548,688900
BXP,2018-07-03,124.58999633789062,126.08000183105467,123.98999786376952,124.58000183105467,101.3099594116211,397200
BXP,2018-07-05,124.66999816894533,126.16999816894533,124.27999877929688,126.06999969482422,102.52164459228516,719800
BXP,2018-07-06,126.3000030517578,126.91000366210938,125.83999633789062,126.3000030517578,102.70868682861328,478000
BXP,2018-07-09,126.37000274658205,126.72000122070312,125.08000183105467,126.04000091552734,102.49723052978516,574500
BXP,2018-07-10,126.0,126.48999786376952,125.5,125.8499984741211,102.3427276611328,555400
BXP,2018-07-11,125.8000030517578,126.4000015258789,125.4800033569336,125.94000244140624,102.41593170166016,439400
BXP,2018-07-12,126.18000030517578,127.08000183105467,125.51000213623048,126.95999908447266,103.24539184570312,538500
BXP,2018-07-13,127.25,128.1300048828125,126.87000274658205,127.31999969482422,103.53814697265624,625700
BXP,2018-07-16,126.80999755859376,127.37000274658205,125.83000183105467,126.93000030517578,103.22100830078124,677500
BXP,2018-07-17,127.08999633789062,127.22000122070312,125.23999786376952,125.66999816894533,102.19635772705078,686500
BXP,2018-07-18,125.4499969482422,126.41999816894533,124.68000030517578,125.16999816894533,101.78974151611328,469700
BXP,2018-07-19,125.08000183105467,127.41999816894533,124.77999877929688,126.8000030517578,103.11528778076172,509500
BXP,2018-07-20,126.3499984741211,126.55999755859376,125.0500030517578,125.19000244140624,101.80602264404295,379200
BXP,2018-07-23,124.9800033569336,125.05999755859376,123.33000183105467,124.22000122070312,101.01719665527344,364100
BXP,2018-07-24,124.2300033569336,125.26000213623048,123.29000091552734,124.68000030517578,101.39127349853516,537800
BXP,2018-07-25,124.9499969482422,125.48999786376952,124.37999725341795,124.87000274658205,101.54579162597656,467700
BXP,2018-07-26,125.20999908447266,125.91000366210938,124.38999938964844,124.5199966430664,101.26114654541016,622400
BXP,2018-07-27,124.95999908447266,125.2699966430664,122.58999633789062,122.87000274658205,99.91937255859376,442900
BXP,2018-07-30,122.62999725341795,123.0,121.76000213623048,122.06999969482422,99.268798828125,482200
BXP,2018-07-31,122.91999816894533,125.79000091552734,121.98999786376952,125.52999877929688,102.08250427246094,1031800
BXP,2018-08-01,122.3499984741211,130.02000427246094,122.3499984741211,129.83999633789062,105.5874481201172,1011900
BXP,2018-08-02,129.1199951171875,130.52000427246094,128.24000549316406,128.89999389648438,104.82301330566406,1066800
BXP,2018-08-03,128.52999877929688,129.74000549316406,127.6999969482422,129.10000610351562,104.9856948852539,685000
BXP,2018-08-06,129.16000366210938,130.0800018310547,129.00999450683594,129.57000732421875,105.3678970336914,674800
BXP,2018-08-07,129.86000061035156,130.0500030517578,128.74000549316406,129.74000549316406,105.5061264038086,680800
BXP,2018-08-08,129.86000061035156,130.00999450683594,128.74000549316406,129.66000366210938,105.44107818603516,488200
BXP,2018-08-09,129.64999389648438,129.75999450683594,128.97000122070312,129.30999755859375,105.1564483642578,890800
BXP,2018-08-10,128.92999267578125,129.9600067138672,128.61000061035156,128.94000244140625,104.85556030273438,875200
BXP,2018-08-13,129.32000732421875,130.0800018310547,129.1300048828125,129.49000549316406,105.30282592773438,819900
BXP,2018-08-14,129.7899932861328,130.52999877929688,128.8800048828125,129.7899932861328,105.54678344726562,1241500
BXP,2018-08-15,129.9199981689453,131.30999755859375,129.4199981689453,130.67999267578125,106.27054595947266,605800
BXP,2018-08-16,130.72000122070312,132.08999633789062,130.50999450683594,131.6300048828125,107.04308319091795,738800
BXP,2018-08-17,131.8699951171875,132.61000061035156,131.4199981689453,132.14999389648438,107.46597290039062,755100
BXP,2018-08-20,132.60000610351562,132.82000732421875,131.5500030517578,131.60000610351562,107.0186996459961,625500
BXP,2018-08-21,131.24000549316406,131.52000427246094,129.7899932861328,129.8000030517578,105.55491638183594,653400
BXP,2018-08-22,130.3300018310547,130.50999450683594,129.00999450683594,129.27000427246094,105.1239242553711,708600
BXP,2018-08-23,129.60000610351562,129.66000366210938,128.35000610351562,128.61000061035156,104.58719635009766,530000
BXP,2018-08-24,128.38999938964844,129.4199981689453,127.95999908447266,129.0399932861328,104.93689727783205,803800
BXP,2018-08-27,129.13999938964844,129.35000610351562,127.6999969482422,128.6300048828125,104.60346221923828,573900
BXP,2018-08-28,128.77000427246094,130.99000549316406,128.3000030517578,130.82000732421875,106.3844223022461,769000
BXP,2018-08-29,131.0800018310547,131.1300048828125,130.5,130.6300048828125,106.2298812866211,472800
BXP,2018-08-30,131.00999450683594,131.02000427246094,130.05999755859375,130.25999450683594,105.92899322509766,448400
BXP,2018-08-31,130.6699981689453,130.97000122070312,130.16000366210938,130.4499969482422,106.08350372314452,477700
BXP,2018-09-04,130.08999633789062,131.13999938964844,128.4600067138672,129.1300048828125,105.01007843017578,596100
BXP,2018-09-05,128.7100067138672,131.3800048828125,128.4199981689453,131.0500030517578,106.57142639160156,1097100
BXP,2018-09-06,131.39999389648438,131.39999389648438,129.8800048828125,129.88999938964844,105.62810516357422,1405000
BXP,2018-09-07,129.0,129.5,128.5399932861328,128.6199951171875,104.59534454345705,463900
BXP,2018-09-10,129.27000427246094,130.2899932861328,128.44000244140625,128.52999877929688,104.52214050292967,479000
BXP,2018-09-11,127.83000183105467,128.97000122070312,127.83000183105467,127.91999816894533,104.0260772705078,571100
BXP,2018-09-12,128.14999389648438,128.69000244140625,127.48999786376952,127.5,103.6845245361328,534000
BXP,2018-09-13,128.05999755859375,128.05999755859375,127.13999938964844,127.54000091552734,103.71705627441406,628800
BXP,2018-09-14,127.23999786376952,127.4800033569336,125.3000030517578,125.95999908447266,102.43219757080078,656500
BXP,2018-09-17,126.37999725341795,127.0500030517578,125.54000091552734,127.01000213623048,103.28606414794922,502600
BXP,2018-09-18,126.79000091552734,127.7300033569336,126.06999969482422,126.13999938964844,102.5785675048828,478000
BXP,2018-09-19,126.4000015258789,126.41999816894533,124.11000061035156,124.25,101.04158782958984,532600
BXP,2018-09-20,124.3499984741211,125.93000030517578,123.8499984741211,125.66999816894533,102.19635772705078,585300
BXP,2018-09-21,125.52999877929688,127.23999786376952,125.11000061035156,126.86000061035156,103.1640853881836,1250800
BXP,2018-09-24,126.48999786376952,126.7300033569336,122.7300033569336,123.5500030517578,100.47234344482422,560100
BXP,2018-09-25,123.61000061035156,124.63999938964844,122.91999816894533,123.98999786376952,100.83016204833984,593000
BXP,2018-09-26,124.29000091552734,124.4000015258789,121.25,121.37999725341795,98.70767974853516,1003700
BXP,2018-09-27,120.62000274658205,121.79000091552734,120.62000274658205,120.72000122070312,98.94536590576172,780200
BXP,2018-09-28,121.0,123.16000366210938,121.0,123.08999633789062,100.88787841796876,1166100
BXP,2018-10-01,122.97000122070312,123.66999816894533,120.91000366210938,120.95999908447266,99.14205932617188,826800
BXP,2018-10-02,120.98999786376952,121.8499984741211,120.7300033569336,120.8000030517578,99.01092529296876,713400
BXP,2018-10-03,120.98999786376952,121.9499969482422,119.33999633789062,120.1500015258789,98.47819519042967,772600
BXP,2018-10-04,119.36000061035156,120.06999969482422,118.5199966430664,119.16000366210938,97.66676330566406,575200
BXP,2018-10-05,119.9800033569336,120.08000183105467,118.5999984741211,118.86000061035156,97.42086791992188,634900
BXP,2018-10-08,118.94000244140624,120.48999786376952,118.94000244140624,119.76000213623048,98.15853118896484,784300
BXP,2018-10-09,119.8000030517578,120.55999755859376,118.91999816894533,120.30999755859376,98.6093292236328,792700
BXP,2018-10-10,120.13999938964844,121.0199966430664,118.86000061035156,119.05999755859376,97.58479309082033,620300
BXP,2018-10-11,119.45999908447266,119.45999908447266,114.31999969482422,114.37000274658205,93.74073791503906,1043200
BXP,2018-10-12,115.27999877929688,116.06999969482422,113.9800033569336,114.6999969482422,94.01122283935548,780500
BXP,2018-10-15,115.5500030517578,117.1999969482422,115.5,115.9800033569336,95.06035614013672,837300
BXP,2018-10-16,116.1500015258789,118.4000015258789,115.87999725341795,118.0199966430664,96.73236846923828,682700
BXP,2018-10-17,117.87000274658205,118.12000274658205,116.52999877929688,117.5199966430664,96.32256317138672,600700
BXP,2018-10-18,117.5500030517578,118.6500015258789,116.20999908447266,116.4800033569336,95.47015380859376,758000
BXP,2018-10-19,116.7699966430664,117.58999633789062,116.69000244140624,116.9499969482422,95.8553695678711,815600
BXP,2018-10-22,117.3499984741211,117.77999877929688,114.9000015258789,115.01000213623048,94.26529693603516,552300
BXP,2018-10-23,114.47000122070312,116.01000213623048,114.04000091552734,115.23999786376952,94.4538116455078,845000
BXP,2018-10-24,115.23999786376952,116.91999816894533,115.01000213623048,115.54000091552734,94.69970703125,1069900
BXP,2018-10-25,115.69000244140624,117.6999969482422,115.05999755859376,116.95999908447266,95.86358642578124,713900
BXP,2018-10-26,116.52999877929688,116.62000274658205,113.9499969482422,114.91000366210938,94.1833267211914,952300
BXP,2018-10-29,116.11000061035156,117.7699966430664,115.73999786376952,117.01000213623048,95.90454864501952,760100
BXP,2018-10-30,117.41000366210938,118.7699966430664,116.27999877929688,116.9800033569336,95.8799819946289,810000
BXP,2018-10-31,119.20999908447266,123.23999786376952,118.19000244140624,120.76000213623048,98.97816467285156,1917600
BXP,2018-11-01,120.6999969482422,122.91999816894533,119.33000183105467,119.91999816894533,98.28966522216795,1129600
BXP,2018-11-02,120.08000183105467,120.20999908447266,117.73999786376952,119.01000213623048,97.54380798339844,900300
BXP,2018-11-05,119.88999938964844,121.72000122070312,119.88999938964844,120.95999908447266,99.14205932617188,786300
BXP,2018-11-06,121.30999755859376,122.9499969482422,120.1500015258789,122.44000244140624,100.35514831542967,613900
BXP,2018-11-07,123.29000091552734,123.86000061035156,122.38999938964844,123.73999786376952,101.4206314086914,508600
BXP,2018-11-08,123.6999969482422,125.13999938964844,123.12000274658205,124.44000244140624,101.994384765625,704700
BXP,2018-11-09,124.47000122070312,125.13999938964844,123.30999755859376,124.26000213623048,101.84684753417967,525300
BXP,2018-11-12,124.26000213623048,125.43000030517578,124.23999786376952,124.44000244140624,101.994384765625,525100
BXP,2018-11-13,124.7300033569336,125.29000091552734,123.81999969482422,124.80999755859376,102.29763793945312,746000
BXP,2018-11-14,125.0,125.41000366210938,123.87999725341795,124.45999908447266,102.01077270507812,426600
BXP,2018-11-15,123.76000213623048,124.1999969482422,122.18000030517578,124.16999816894533,101.77308654785156,672300
BXP,2018-11-16,124.06999969482422,125.62999725341795,123.29000091552734,125.56999969482422,102.92057037353516,584400
BXP,2018-11-19,126.16999816894533,126.87999725341795,124.38999938964844,125.62999725341795,102.96975708007812,770600
BXP,2018-11-20,125.38999938964844,126.1999969482422,124.8000030517578,125.44000244140624,102.81400299072266,899700
BXP,2018-11-21,125.44000244140624,127.4000015258789,124.75,125.62999725341795,102.96975708007812,710000
BXP,2018-11-23,125.66000366210938,126.3000030517578,124.43000030517578,125.61000061035156,102.95333862304688,197900
BXP,2018-11-26,126.3499984741211,126.44000244140624,124.75,125.6500015258789,102.98613739013672,674400
BXP,2018-11-27,125.3499984741211,127.58000183105467,125.3000030517578,127.0999984741211,104.17459106445312,1103900
BXP,2018-11-28,126.9800033569336,129.97000122070312,126.81999969482422,129.97000122070312,106.52692413330078,1253300
BXP,2018-11-29,129.77000427246094,130.3800048828125,128.72999572753906,129.82000732421875,106.40397644042967,921100
BXP,2018-11-30,129.94000244140625,131.27000427246094,129.3300018310547,131.1999969482422,107.5350570678711,1286600
BXP,2018-12-03,131.52999877929688,132.30999755859375,128.92999267578125,132.1999969482422,108.3546905517578,864200
BXP,2018-12-04,131.9499969482422,132.72999572753906,129.74000549316406,130.17999267578125,106.69904327392578,1004500
BXP,2018-12-06,129.47999572753906,132.6300048828125,127.48999786376952,132.47999572753906,108.5841827392578,1121000
BXP,2018-12-07,132.17999267578125,132.30999755859375,128.57000732421875,129.0800018310547,105.79745483398438,1189100
BXP,2018-12-10,128.75999450683594,128.75999450683594,125.58000183105467,126.9800033569336,104.07624816894533,1124100
BXP,2018-12-11,127.68000030517578,129.25,127.0500030517578,127.08000183105467,104.15818786621094,677900
BXP,2018-12-12,128.24000549316406,128.47000122070312,124.1999969482422,124.37000274658205,101.93701934814452,717100
BXP,2018-12-13,124.72000122070312,127.3000030517578,124.61000061035156,125.8499984741211,103.15005493164062,571600
BXP,2018-12-14,125.45999908447266,126.0,124.76000213623048,125.73999786376952,103.05989837646484,588600
BXP,2018-12-17,125.81999969482422,126.1500015258789,119.5500030517578,120.0500030517578,98.39620208740234,953100
BXP,2018-12-18,121.1999969482422,121.5999984741211,119.9000015258789,120.5500030517578,98.80604553222656,604700
BXP,2018-12-19,120.54000091552734,120.54000091552734,117.33999633789062,118.0199966430664,96.73236846923828,921400
BXP,2018-12-20,117.83000183105467,118.12000274658205,114.33000183105467,115.01000213623048,94.26529693603516,1093200
BXP,2018-12-21,115.11000061035156,116.94000244140624,113.33999633789062,113.47000122070312,93.00308990478516,1442100
BXP,2018-12-24,113.5199966430664,114.27999877929688,109.05999755859376,109.08999633789062,89.41311645507812,448000
BXP,2018-12-26,109.54000091552734,112.73999786376952,107.83999633789062,112.73999786376952,92.4047393798828,658800
BXP,2018-12-27,111.66000366210938,112.68000030517578,109.25,112.68000030517578,92.35555267333984,796000
BXP,2018-12-28,112.8499984741211,113.23999786376952,110.41000366210938,111.93000030517578,92.5208740234375,721300
BXP,2018-12-31,112.22000122070312,112.5500030517578,110.3000030517578,112.5500030517578,93.03338623046876,563600
BXP,2019-01-02,111.6999969482422,111.6999969482422,107.94000244140624,109.1500015258789,90.2229461669922,815000
BXP,2019-01-03,108.98999786376952,111.33000183105467,108.81999969482422,109.61000061035156,90.60318756103516,708400
BXP,2019-01-04,110.63999938964844,112.41999816894533,110.04000091552734,111.51000213623048,92.17371368408205,600900
BXP,2019-01-07,111.81999969482422,112.9800033569336,111.33000183105467,112.20999908447266,92.7523422241211,760900
BXP,2019-01-08,112.66999816894533,115.56999969482422,112.48999786376952,115.52999877929688,95.4966278076172,1241900
BXP,2019-01-09,117.1500015258789,117.6999969482422,115.56999969482422,117.44000244140624,97.075439453125,879800
BXP,2019-01-10,117.08999633789062,119.5199966430664,116.9000015258789,119.22000122070312,98.54676055908205,654700
BXP,2019-01-11,118.8000030517578,119.30999755859376,118.1999969482422,119.1500015258789,98.4889144897461,431900
BXP,2019-01-14,118.70999908447266,119.29000091552734,117.72000122070312,118.12999725341795,97.64579010009766,476100
BXP,2019-01-15,118.16999816894533,119.3000030517578,118.0500030517578,119.06999969482422,98.42276763916016,422800
BXP,2019-01-16,119.2300033569336,119.88999938964844,118.41999816894533,119.83000183105467,99.0510025024414,545100
BXP,2019-01-17,119.7699966430664,120.88999938964844,119.3499984741211,120.41999816894533,99.53868103027344,608900
BXP,2019-01-18,120.66999816894533,121.5999984741211,119.87999725341795,121.5199966430664,100.44794464111328,822000
BXP,2019-01-22,121.4499969482422,121.63999938964844,119.97000122070312,121.20999908447266,100.1916961669922,856000
BXP,2019-01-23,120.72000122070312,121.4499969482422,119.9000015258789,120.77999877929688,99.83626556396484,621400
BXP,2019-01-24,120.0999984741211,121.2699966430664,119.23999786376952,121.06999969482422,100.07596588134766,518900
BXP,2019-01-25,121.97000122070312,123.5500030517578,121.5199966430664,123.4800033569336,102.0680694580078,722100
BXP,2019-01-28,123.27999877929688,125.3000030517578,122.4499969482422,124.87000274658205,103.21703338623048,607100
BXP,2019-01-29,124.66999816894533,126.44000244140624,124.12999725341795,126.38999938964844,104.47346496582033,590800
BXP,2019-01-30,127.5,130.50999450683594,126.20999908447266,130.4600067138672,107.83772277832033,1111000
BXP,2019-01-31,130.33999633789062,132.07000732421875,129.0399932861328,131.8699951171875,109.0031967163086,880400
BXP,2019-02-01,132.0800018310547,132.0800018310547,129.35000610351562,131.17999267578125,108.43285369873048,1128200
BXP,2019-02-04,131.0399932861328,132.4600067138672,130.25,132.4600067138672,109.49089813232422,1031700
BXP,2019-02-05,132.50999450683594,132.50999450683594,131.32000732421875,132.0500030517578,109.15202331542967,1198100
BXP,2019-02-06,132.2100067138672,132.27000427246094,130.66000366210938,131.60000610351562,108.78002166748048,711200
BXP,2019-02-07,131.0399932861328,132.6699981689453,130.0399932861328,132.61000061035156,109.61488342285156,823200
BXP,2019-02-08,131.80999755859375,132.6300048828125,131.4199981689453,132.39999389648438,109.44132232666016,505000
BXP,2019-02-11,132.5800018310547,133.4600067138672,132.19000244140625,133.32000732421875,110.2017822265625,507100
BXP,2019-02-12,133.27999877929688,133.72000122070312,132.3000030517578,132.69000244140625,109.6810073852539,592500
BXP,2019-02-13,132.5399932861328,134.02999877929688,132.3800048828125,133.7100067138672,110.52416229248048,461200
BXP,2019-02-14,133.52000427246094,133.91000366210938,132.64999389648438,133.11000061035156,110.02819061279295,517000
BXP,2019-02-15,134.1300048828125,134.24000549316406,133.1300048828125,133.6199951171875,110.4497528076172,661600
BXP,2019-02-19,133.5399932861328,134.9199981689453,133.24000549316406,134.61000061035156,111.26808166503906,408200
BXP,2019-02-20,134.35000610351562,134.35000610351562,132.80999755859375,133.8699951171875,110.6563949584961,425200
BXP,2019-02-21,133.3300018310547,134.72999572753906,132.07000732421875,134.55999755859375,111.22676849365234,401200
BXP,2019-02-22,135.0,135.99000549316406,134.22999572753906,135.6699981689453,112.1442642211914,453200
BXP,2019-02-25,136.10000610351562,136.22000122070312,134.5500030517578,134.72999572753906,111.36727142333984,457900
BXP,2019-02-26,135.22999572753906,135.22999572753906,133.88999938964844,134.00999450683594,110.77213287353516,475400
BXP,2019-02-27,133.24000549316406,133.5399932861328,131.30999755859375,132.39999389648438,109.44132232666016,701000
BXP,2019-02-28,132.5,134.8699951171875,132.05999755859375,132.69000244140625,109.6810073852539,883300
BXP,2019-03-01,132.88999938964844,133.25999450683594,131.22999572753906,131.8300018310547,108.97013854980467,995700
BXP,2019-03-04,132.2100067138672,132.88999938964844,131.35000610351562,132.3000030517578,109.35865020751952,877800
BXP,2019-03-05,132.0800018310547,133.77999877929688,132.0800018310547,133.2899932861328,110.17696380615234,888800
BXP,2019-03-06,133.86000061035156,134.07000732421875,132.49000549316406,132.5,109.5239715576172,519700
BXP,2019-03-07,132.36000061035156,133.6999969482422,131.94000244140625,132.4600067138672,109.49089813232422,1242500
BXP,2019-03-08,132.1300048828125,133.5399932861328,131.60000610351562,132.42999267578125,109.46609497070312,725300
BXP,2019-03-11,132.86000061035156,133.4600067138672,132.1999969482422,133.1999969482422,110.10260772705078,720400
BXP,2019-03-12,133.5800018310547,135.36000061035156,133.4199981689453,135.0,111.5904769897461,586000
BXP,2019-03-13,134.1199951171875,135.49000549316406,134.1199951171875,135.0399932861328,111.62351989746094,590200
BXP,2019-03-14,134.86000061035156,135.49000549316406,134.44000244140625,135.27000427246094,111.81364440917967,442400
BXP,2019-03-15,134.99000549316406,135.25999450683594,132.44000244140625,132.74000549316406,109.72235107421876,1458500
BXP,2019-03-18,133.05999755859375,133.80999755859375,132.25999450683594,132.88999938964844,109.8463363647461,714600
BXP,2019-03-19,132.94000244140625,133.6300048828125,131.7899932861328,132.24000549316406,109.3090591430664,490800
BXP,2019-03-20,131.99000549316406,132.89999389648438,130.64999389648438,131.88999938964844,109.0197525024414,860000
BXP,2019-03-21,131.44000244140625,133.3800048828125,131.44000244140625,132.91000366210938,109.86286163330078,759800
BXP,2019-03-22,132.89999389648438,133.86000061035156,131.47000122070312,131.50999450683594,108.70562744140624,1092500
BXP,2019-03-25,132.0,132.0,130.5500030517578,131.11000061035156,108.375,828700
BXP,2019-03-26,131.4600067138672,132.97000122070312,131.39999389648438,132.77000427246094,109.74714660644533,817100
BXP,2019-03-27,132.88999938964844,133.00999450683594,131.16000366210938,132.30999755859375,109.3668975830078,804300
BXP,2019-03-28,131.77000427246094,133.72999572753906,131.24000549316406,133.60000610351562,111.23189544677734,667100
BXP,2019-03-29,133.75,134.60000610351562,133.2899932861328,133.8800048828125,111.46500396728516,1171400
BXP,2019-04-01,134.1199951171875,135.52000427246094,133.57000732421875,135.4600067138672,112.7804718017578,1001000
BXP,2019-04-02,135.5800018310547,137.77000427246094,134.27000427246094,137.61000061035156,114.57050323486328,1035900
BXP,2019-04-03,138.02000427246094,138.61000061035156,136.92999267578125,138.3699951171875,115.20326232910156,893500
BXP,2019-04-04,138.1699981689453,138.69000244140625,136.60000610351562,137.9199981689453,114.8285903930664,595000
BXP,2019-04-05,137.75,138.44000244140625,137.3000030517578,138.3800048828125,115.21160888671876,451200
BXP,2019-04-08,138.47000122070312,138.49000549316406,137.24000549316406,138.02000427246094,114.91187286376952,499100
BXP,2019-04-09,137.8300018310547,137.8699951171875,137.00999450683594,137.27999877929688,114.29573822021484,737400
BXP,2019-04-10,137.4499969482422,138.4499969482422,137.25,138.38999938964844,115.21990203857422,605700
BXP,2019-04-11,138.6999969482422,139.41000366210938,137.89999389648438,138.4499969482422,115.26984405517578,525900
BXP,2019-04-12,138.4199981689453,138.4199981689453,136.8699951171875,137.88999938964844,114.80363464355467,1226200
BXP,2019-04-15,138.24000549316406,138.24000549316406,136.44000244140625,137.0500030517578,114.1042709350586,672400
BXP,2019-04-16,136.85000610351562,137.52000427246094,133.5,134.25999450683594,111.78137969970705,783500
BXP,2019-04-17,134.5,134.5,131.75999450683594,131.7899932861328,109.7248992919922,885500
BXP,2019-04-18,131.83999633789062,133.4600067138672,131.69000244140625,132.99000549316406,110.7239990234375,568900
BXP,2019-04-22,132.74000549316406,132.8800048828125,130.11000061035156,131.5500030517578,109.52510833740234,576200
BXP,2019-04-23,132.91000366210938,134.92999267578125,132.22999572753906,134.7899932861328,112.22262573242188,638400
BXP,2019-04-24,135.50999450683594,136.36000061035156,134.8300018310547,135.94000244140625,113.18009948730467,516800
BXP,2019-04-25,136.05999755859375,136.24000549316406,134.77999877929688,135.88999938964844,113.13845825195312,507800
BXP,2019-04-26,136.1699981689453,137.17999267578125,135.91000366210938,136.9499969482422,114.02099609375,388600
BXP,2019-04-29,136.63999938964844,137.6300048828125,135.25,135.3800048828125,112.71385955810548,375500
BXP,2019-04-30,135.72000122070312,137.72000122070312,135.1699981689453,137.6199951171875,114.5788116455078,722500
BXP,2019-05-01,137.72999572753906,140.35000610351562,137.58999633789062,137.9199981689453,114.8285903930664,952900
BXP,2019-05-02,137.86000061035156,138.5399932861328,134.83999633789062,135.24000549316406,112.59730529785156,891200
BXP,2019-05-03,135.49000549316406,136.10000610351562,134.24000549316406,134.72999572753906,112.17267608642578,713400
BXP,2019-05-06,133.5399932861328,134.6199951171875,132.75,133.80999755859375,111.40670776367188,519900
BXP,2019-05-07,133.25,133.74000549316406,130.30999755859375,131.5800018310547,109.55008697509766,519400
BXP,2019-05-08,131.8000030517578,132.94000244140625,130.52999877929688,130.57000732421875,108.70917510986328,495200
BXP,2019-05-09,130.19000244140625,130.8699951171875,128.97000122070312,130.8699951171875,108.95893096923828,454100
BXP,2019-05-10,130.7100067138672,132.5,129.72999572753906,132.2100067138672,110.07460021972656,374700
BXP,2019-05-13,131.0500030517578,131.3699951171875,130.1199951171875,130.9600067138672,109.03388214111328,526300
BXP,2019-05-14,131.30999755859375,133.05999755859375,130.80999755859375,133.00999450683594,110.74064636230467,770400
BXP,2019-05-15,132.72000122070312,134.19000244140625,132.11000061035156,133.88999938964844,111.47333526611328,591100
BXP,2019-05-16,133.82000732421875,135.75,133.5,134.7100067138672,112.15603637695312,631900
BXP,2019-05-17,133.72999572753906,134.39999389648438,132.8000030517578,133.64999389648438,111.27350616455078,591000
BXP,2019-05-20,133.57000732421875,133.88999938964844,131.30999755859375,132.13999938964844,110.0163345336914,423400
BXP,2019-05-21,132.92999267578125,133.36000061035156,132.5,132.75,110.52418518066406,639900
BXP,2019-05-22,132.72999572753906,132.89999389648438,131.9600067138672,132.4600067138672,110.28274536132812,481300
BXP,2019-05-23,132.10000610351562,132.10000610351562,130.3300018310547,131.5800018310547,109.55008697509766,844800
BXP,2019-05-24,132.11000061035156,132.83999633789062,131.5500030517578,132.02000427246094,109.91642761230467,565900
BXP,2019-05-28,132.66000366210938,133.42999267578125,132.13999938964844,132.75,110.52418518066406,1564700
BXP,2019-05-29,132.6300048828125,132.63999938964844,130.7100067138672,131.5500030517578,109.52510833740234,838600
BXP,2019-05-30,131.72999572753906,132.7100067138672,130.3800048828125,130.80999755859375,108.90899658203124,881100
BXP,2019-05-31,129.67999267578125,131.9199981689453,129.0399932861328,130.8300018310547,108.92565155029295,572300
BXP,2019-06-03,131.25,132.41000366210938,130.8800048828125,131.8300018310547,109.75821685791016,840800
BXP,2019-06-04,131.99000549316406,132.47999572753906,130.58999633789062,132.11000061035156,109.9913330078125,670100
BXP,2019-06-05,132.72000122070312,135.25999450683594,132.72000122070312,135.17999267578125,112.5473403930664,569000
BXP,2019-06-06,135.32000732421875,135.9199981689453,134.33999633789062,135.88999938964844,113.13845825195312,518800
BXP,2019-06-07,136.3699951171875,137.25,136.16000366210938,136.16000366210938,113.36326599121094,520100
BXP,2019-06-10,136.57000732421875,136.57000732421875,134.32000732421875,134.6300048828125,112.08943939208984,518400
BXP,2019-06-11,135.22999572753906,135.22999572753906,132.72000122070312,133.69000244140625,111.30680847167967,640100
BXP,2019-06-12,133.25,134.72000122070312,132.4199981689453,134.25999450683594,111.78137969970705,455200
BXP,2019-06-13,134.92999267578125,135.24000549316406,133.60000610351562,135.1999969482422,112.56400299072266,502500
BXP,2019-06-14,135.11000061035156,135.86000061035156,134.67999267578125,135.1999969482422,112.56400299072266,483800
BXP,2019-06-17,136.25,137.0399932861328,136.10000610351562,136.8000030517578,113.89613342285156,585500
BXP,2019-06-18,137.50999450683594,138.88999938964844,135.58999633789062,136.35000610351562,113.52147674560548,468500
BXP,2019-06-19,136.0500030517578,137.8699951171875,135.35000610351562,137.3000030517578,114.31241607666016,543800
BXP,2019-06-20,138.25,139.25,137.80999755859375,138.77000427246094,115.53630065917967,981400
BXP,2019-06-21,138.5,138.5,135.6999969482422,136.07000732421875,113.2883529663086,1975400
BXP,2019-06-24,136.39999389648438,136.39999389648438,133.2899932861328,133.6999969482422,111.3151397705078,769800
BXP,2019-06-25,133.9600067138672,134.3300018310547,130.72000122070312,130.8000030517578,108.90067291259766,584800
BXP,2019-06-26,130.94000244140625,131.75999450683594,126.9000015258789,128.5,106.98576354980467,1250900
BXP,2019-06-27,128.5399932861328,129.5399932861328,127.58000183105467,128.02999877929688,107.38837432861328,901800
BXP,2019-06-28,128.25,130.35000610351562,128.25,129.0,108.20197296142578,982600
BXP,2019-07-01,129.75999450683594,129.75999450683594,127.26000213623048,129.10000610351562,108.285888671875,656800
BXP,2019-07-02,129.3800048828125,131.3800048828125,129.02000427246094,131.2100067138672,110.05567932128906,569500
BXP,2019-07-03,131.58999633789062,133.22999572753906,131.0,133.0399932861328,111.59060668945312,345900
BXP,2019-07-05,132.08999633789062,132.57000732421875,129.58999633789062,131.8699951171875,110.60924530029295,397900
BXP,2019-07-08,131.7100067138672,132.72999572753906,131.22999572753906,132.35000610351562,111.01187896728516,575600
BXP,2019-07-09,132.1199951171875,132.72999572753906,131.4600067138672,132.0500030517578,110.76026153564452,885400
BXP,2019-07-10,132.07000732421875,134.17999267578125,132.07000732421875,133.8699951171875,112.28679656982422,668400
BXP,2019-07-11,133.75,134.8000030517578,132.0,132.49000549316406,111.12930297851562,709300
BXP,2019-07-12,132.5500030517578,132.91000366210938,131.9199981689453,132.3000030517578,110.96993255615234,291700
BXP,2019-07-15,132.86000061035156,132.86000061035156,131.83999633789062,132.10000610351562,110.80218505859376,353000
BXP,2019-07-16,131.5500030517578,131.9499969482422,131.10000610351562,131.4199981689453,110.23182678222656,433700
BXP,2019-07-17,131.69000244140625,131.97000122070312,129.32000732421875,130.13999938964844,109.1581802368164,421100
BXP,2019-07-18,130.25999450683594,130.77999877929688,129.1999969482422,130.3800048828125,109.35950469970705,567800
BXP,2019-07-19,130.72999572753906,131.02000427246094,127.97000122070312,128.07000732421875,107.4219207763672,565500
BXP,2019-07-22,127.8000030517578,128.6199951171875,127.0999984741211,128.39999389648438,107.6987075805664,756500
BXP,2019-07-23,129.0500030517578,130.22000122070312,128.39999389648438,130.0500030517578,109.08270263671876,512000
BXP,2019-07-24,129.5500030517578,130.5800018310547,129.25999450683594,130.30999755859375,109.30077362060548,486100
BXP,2019-07-25,130.19000244140625,130.85000610351562,129.63999938964844,130.60000610351562,109.54402923583984,451200
BXP,2019-07-26,130.8300018310547,131.5399932861328,130.2899932861328,131.3000030517578,110.13116455078124,460700
BXP,2019-07-29,131.66000366210938,133.02000427246094,131.24000549316406,132.2899932861328,110.96153259277344,660300
BXP,2019-07-30,132.99000549316406,134.27999877929688,132.0500030517578,133.00999450683594,111.56544494628906,546900
BXP,2019-07-31,134.5,136.6300048828125,132.22000122070312,132.9499969482422,111.51513671875,884000
BXP,2019-08-01,132.3800048828125,132.97000122070312,128.9499969482422,130.33999633789062,109.32593536376952,1037700
BXP,2019-08-02,130.42999267578125,131.24000549316406,129.57000732421875,130.14999389648438,109.16657257080078,506100
BXP,2019-08-05,129.1300048828125,129.1300048828125,125.6999969482422,127.33999633789062,106.80960083007812,928400
BXP,2019-08-06,127.72000122070312,128.99000549316406,126.45999908447266,127.19000244140624,106.68379974365234,896300
BXP,2019-08-07,126.1500015258789,129.72999572753906,125.33999633789062,128.47000122070312,107.75743103027344,733800
BXP,2019-08-08,128.77000427246094,131.27999877929688,128.1300048828125,130.89999389648438,109.7956314086914,616500
BXP,2019-08-09,130.7100067138672,131.0,128.27000427246094,129.33999633789062,108.48716735839844,536900
BXP,2019-08-12,128.8800048828125,128.9499969482422,126.38999938964844,126.87000274658205,106.41539001464844,725700
BXP,2019-08-13,126.75,128.08999633789062,126.4499969482422,127.27999877929688,106.75928497314452,594100
BXP,2019-08-14,126.4800033569336,126.87000274658205,125.23999786376952,125.62000274658205,105.3669204711914,582300
BXP,2019-08-15,125.5500030517578,127.44000244140624,125.5500030517578,127.08999633789062,106.59992218017578,760400
BXP,2019-08-16,127.47000122070312,128.75999450683594,126.66999816894533,128.2100067138672,107.53933715820312,567400
BXP,2019-08-19,129.1300048828125,129.22000122070312,128.17999267578125,128.38999938964844,107.69032287597656,404800
BXP,2019-08-20,127.9000015258789,128.60000610351562,127.3499984741211,127.58999633789062,107.01930236816406,492800
BXP,2019-08-21,127.75,128.49000549316406,126.81999969482422,127.66999816894533,107.08641052246094,742100
BXP,2019-08-22,128.2100067138672,128.2899932861328,126.29000091552734,127.93000030517578,107.30449676513672,473900
BXP,2019-08-23,127.48999786376952,128.19000244140625,125.38999938964844,125.83000183105467,105.54305267333984,566700
BXP,2019-08-26,126.79000091552734,127.11000061035156,125.54000091552734,127.02999877929688,106.5495834350586,462700
BXP,2019-08-27,127.75,128.16000366210938,126.12000274658205,126.23999786376952,105.88695526123048,587000
BXP,2019-08-28,126.1999969482422,126.98999786376952,125.97000122070312,126.63999938964844,106.22246551513672,333600
BXP,2019-08-29,127.43000030517578,128.64999389648438,127.05999755859376,128.08999633789062,107.4386978149414,364500
BXP,2019-08-30,128.63999938964844,128.99000549316406,127.87000274658205,128.4199981689453,107.71549224853516,453500
BXP,2019-09-03,127.7699966430664,128.8699951171875,127.4499969482422,128.8000030517578,108.03423309326172,548200
BXP,2019-09-04,129.72999572753906,130.50999450683594,129.11000061035156,129.72000122070312,108.80590057373048,575500
BXP,2019-09-05,129.89999389648438,129.89999389648438,127.79000091552734,129.6199951171875,108.72201538085938,619400
BXP,2019-09-06,129.9199981689453,130.58999633789062,129.63999938964844,130.1699981689453,109.18334197998048,472600
BXP,2019-09-09,129.83999633789062,130.94000244140625,126.18000030517578,130.36000061035156,109.34271240234376,984700
BXP,2019-09-10,129.6699981689453,130.91000366210938,129.0500030517578,130.91000366210938,109.80403900146484,1045900
BXP,2019-09-11,130.7100067138672,132.02999877929688,129.6699981689453,132.02000427246094,110.73509216308594,738400
BXP,2019-09-12,132.6199951171875,133.5500030517578,130.35000610351562,133.42999267578125,111.9177474975586,1146400
BXP,2019-09-13,133.49000549316406,134.08999633789062,130.64999389648438,131.39999389648438,110.21503448486328,868800
BXP,2019-09-16,131.3300018310547,132.1300048828125,130.27000427246094,132.02999877929688,110.74346160888672,792500
BXP,2019-09-17,131.89999389648438,132.24000549316406,130.0399932861328,131.1999969482422,110.04727172851562,832800
BXP,2019-09-18,131.47999572753906,131.47999572753906,129.2899932861328,130.44000244140625,109.40982055664062,843900
BXP,2019-09-19,130.94000244140625,131.02000427246094,129.61000061035156,130.02999877929688,109.06591796875,768900
BXP,2019-09-20,130.52999877929688,132.1199951171875,129.75999450683594,130.11000061035156,109.13302612304688,3669500
BXP,2019-09-23,129.52000427246094,131.42999267578125,129.02999877929688,130.25,109.2504425048828,1006200
BXP,2019-09-24,130.61000061035156,131.02000427246094,128.64999389648438,129.52000427246094,108.6381378173828,1213200
BXP,2019-09-25,129.61000061035156,130.9199981689453,128.97000122070312,130.1699981689453,109.18334197998048,992800
BXP,2019-09-26,130.75,132.66000366210938,130.4499969482422,132.58999633789062,111.21316528320312,739600
BXP,2019-09-27,131.9600067138672,131.9600067138672,129.16000366210938,130.1199951171875,109.92904663085938,894000
BXP,2019-09-30,129.89999389648438,130.52000427246094,129.17999267578125,129.66000366210938,109.5404281616211,780200
BXP,2019-10-01,129.8800048828125,130.2899932861328,127.52999877929688,128.67999267578125,108.71248626708984,634300
BXP,2019-10-02,128.00999450683594,128.22999572753906,124.95999908447266,125.44000244140624,105.9752426147461,1489500
BXP,2019-10-03,125.44000244140624,128.17999267578125,124.58000183105467,127.88999938964844,108.0450668334961,1021900
BXP,2019-10-04,128.02999877929688,128.8699951171875,127.52999877929688,128.7100067138672,108.73784637451172,496500
BXP,2019-10-07,128.13999938964844,129.35000610351562,127.83000183105467,128.14999389648438,108.26472473144533,330000
BXP,2019-10-08,127.5999984741211,128.27999877929688,126.56999969482422,127.08000183105467,107.36075592041016,818200
BXP,2019-10-09,127.9000015258789,128.33999633789062,127.16000366210938,127.86000061035156,108.0197296142578,1187300
BXP,2019-10-10,127.93000030517578,128.25,127.11000061035156,127.18000030517578,107.44523620605467,409400
BXP,2019-10-11,127.77999877929688,129.25999450683594,127.6500015258789,128.1999969482422,108.30697631835938,571100
BXP,2019-10-14,128.1199951171875,128.1199951171875,126.26000213623048,127.56999969482422,107.77473449707033,384500
BXP,2019-10-15,127.31999969482422,128.91000366210938,126.66999816894533,128.85000610351562,108.85611724853516,555600
BXP,2019-10-16,128.36000061035156,129.5399932861328,127.77999877929688,128.33999633789062,108.42523193359376,520300
BXP,2019-10-17,128.07000732421875,128.32000732421875,127.08000183105467,127.66000366210938,107.85075378417967,542300
BXP,2019-10-18,127.91000366210938,128.57000732421875,126.9000015258789,128.36000061035156,108.4421615600586,507100
BXP,2019-10-21,128.10000610351562,129.99000549316406,128.10000610351562,129.97999572753906,109.81076049804688,530800
BXP,2019-10-22,130.14999389648438,131.14999389648438,128.8699951171875,130.83999633789062,110.53732299804688,680000
BXP,2019-10-23,130.16000366210938,131.25999450683594,129.8000030517578,130.97000122070312,110.64715576171876,752200
BXP,2019-10-24,131.22999572753906,132.6199951171875,130.5800018310547,132.3699951171875,111.82989501953124,534700
BXP,2019-10-25,132.10000610351562,133.52999877929688,131.27000427246094,132.17999267578125,111.66936492919922,510400
BXP,2019-10-28,132.36000061035156,132.85000610351562,131.8800048828125,132.67999267578125,112.09178161621094,515900
BXP,2019-10-29,133.27999877929688,133.88999938964844,132.6699981689453,133.3000030517578,112.61559295654295,1042000
BXP,2019-10-30,135.9600067138672,140.05999755859375,134.3300018310547,138.92999267578125,117.37197875976562,1170700
BXP,2019-10-31,138.3800048828125,138.92999267578125,135.83999633789062,137.1999969482422,115.91041564941406,917200
BXP,2019-11-01,137.75999450683594,138.42999267578125,135.74000549316406,137.44000244140625,116.11317443847656,614900
BXP,2019-11-04,137.32000732421875,138.6199951171875,136.97999572753906,138.52999877929688,117.0340576171875,532900
BXP,2019-11-05,138.00999450683594,138.6300048828125,135.5800018310547,136.32000732421875,115.16698455810548,822900
BXP,2019-11-06,136.94000244140625,138.38999938964844,136.83999633789062,137.9199981689453,116.5186767578125,751700
BXP,2019-11-07,137.6699981689453,138.22999572753906,137.0800018310547,137.9600067138672,116.5525131225586,678700
BXP,2019-11-08,137.89999389648438,138.61000061035156,137.00999450683594,138.33999633789062,116.87351989746094,370400
BXP,2019-11-11,137.83999633789062,138.7100067138672,137.00999450683594,138.57000732421875,117.0678482055664,429600
BXP,2019-11-12,138.25999450683594,138.75999450683594,135.24000549316406,135.6199951171875,114.57559204101562,532600
BXP,2019-11-13,135.42999267578125,137.00999450683594,135.4199981689453,136.7100067138672,115.49647521972656,559900
BXP,2019-11-14,136.9600067138672,137.86000061035156,136.61000061035156,137.80999755859375,116.4257583618164,579100
BXP,2019-11-15,138.07000732421875,138.72000122070312,137.39999389648438,137.55999755859375,116.21454620361328,490300
BXP,2019-11-18,137.88999938964844,138.75,137.0,138.6999969482422,117.17767333984376,489600
BXP,2019-11-19,139.41000366210938,139.41000366210938,137.22000122070312,138.27000427246094,116.81437683105467,386500
BXP,2019-11-20,138.25,138.25,136.9600067138672,138.0500030517578,116.62853240966795,336800
BXP,2019-11-21,137.7100067138672,137.7100067138672,136.10000610351562,136.75,115.53025817871094,335500
BXP,2019-11-22,137.27000427246094,138.57000732421875,135.89999389648438,137.58999633789062,116.23991394042967,448900
BXP,2019-11-25,138.4499969482422,139.63999938964844,137.49000549316406,137.5399932861328,116.19767761230467,348500
BXP,2019-11-26,137.42999267578125,138.86000061035156,137.25,138.50999450683594,117.0171356201172,532100
BXP,2019-11-27,138.4499969482422,139.11000061035156,137.67999267578125,139.00999450683594,117.4395523071289,348500
BXP,2019-11-29,138.75999450683594,139.3800048828125,138.4600067138672,138.5399932861328,117.04247283935548,343700
BXP,2019-12-02,138.44000244140625,138.47000122070312,136.72999572753906,136.8699951171875,115.63162994384766,507100
BXP,2019-12-03,136.55999755859375,138.6300048828125,136.55999755859375,138.47000122070312,116.98336029052734,379800
BXP,2019-12-04,138.38999938964844,139.88999938964844,137.97000122070312,138.0,116.5863037109375,493600
BXP,2019-12-05,137.8300018310547,139.13999938964844,137.6699981689453,139.1199951171875,117.5324935913086,436600
BXP,2019-12-06,139.27999877929688,140.3000030517578,139.05999755859375,139.27999877929688,117.66766357421876,579800
BXP,2019-12-09,139.36000061035156,140.16000366210938,138.82000732421875,139.8699951171875,118.1661148071289,519500
BXP,2019-12-10,140.0399932861328,140.1199951171875,138.72999572753906,139.61000061035156,117.94646453857422,451700
BXP,2019-12-11,139.97999572753906,139.97999572753906,136.74000549316406,137.2899932861328,115.98646545410156,653000
BXP,2019-12-12,137.5,137.6300048828125,134.49000549316406,135.1300048828125,114.16163635253906,927300
BXP,2019-12-13,135.6300048828125,136.16000366210938,133.77999877929688,135.11000061035156,114.1447296142578,841500
BXP,2019-12-16,135.69000244140625,135.9199981689453,134.27999877929688,135.64999389648438,114.60093688964844,530000
BXP,2019-12-17,136.25,136.32000732421875,134.0500030517578,134.47000122070312,113.6040267944336,731300
BXP,2019-12-18,134.27000427246094,136.10000610351562,133.60000610351562,135.4600067138672,114.4404296875,956800
BXP,2019-12-19,135.27999877929688,136.5800018310547,134.91000366210938,135.69000244140625,114.63472747802734,656100
BXP,2019-12-20,136.47000122070312,136.67999267578125,135.77999877929688,135.77999877929688,114.71074676513672,1230800
BXP,2019-12-23,136.16000366210938,136.5399932861328,135.22000122070312,135.80999755859375,114.73612213134766,565200
BXP,2019-12-24,136.07000732421875,136.8800048828125,135.72000122070312,135.94000244140625,114.84593963623048,132900
BXP,2019-12-26,136.41000366210938,137.16000366210938,135.80999755859375,137.13999938964844,115.85975646972656,222800
BXP,2019-12-27,137.57000732421875,137.67999267578125,136.67999267578125,137.67999267578125,116.31591796875,325800
BXP,2019-12-30,136.75,137.1699981689453,136.14999389648438,136.6699981689453,116.29039764404295,277600
BXP,2019-12-31,136.4199981689453,137.86000061035156,136.4199981689453,137.86000061035156,117.30296325683594,458700
BXP,2020-01-02,138.3000030517578,138.5399932861328,135.1300048828125,135.5800018310547,115.36295318603516,605700
BXP,2020-01-03,134.4199981689453,136.8699951171875,134.4199981689453,136.63999938964844,116.26487731933594,456800
BXP,2020-01-06,137.05999755859375,138.14999389648438,135.7899932861328,137.60000610351562,117.08174896240234,587100
BXP,2020-01-07,136.72000122070312,137.2100067138672,134.6199951171875,135.2100067138672,115.0481185913086,619800
BXP,2020-01-08,135.52000427246094,135.82000732421875,133.7100067138672,134.49000549316406,114.43548583984376,628600
BXP,2020-01-09,134.5500030517578,135.4199981689453,134.16000366210938,134.55999755859375,114.49505615234376,652300
BXP,2020-01-10,134.69000244140625,135.5500030517578,134.3000030517578,135.0800018310547,114.9375228881836,498600
BXP,2020-01-13,135.1999969482422,136.9600067138672,135.0,136.77000427246094,116.37550354003906,523800
BXP,2020-01-14,136.67999267578125,136.67999267578125,135.1999969482422,136.39999389648438,116.06066131591795,468400
BXP,2020-01-15,136.82000732421875,137.72999572753906,135.9199981689453,137.3300018310547,116.8520050048828,540800
BXP,2020-01-16,137.69000244140625,139.2899932861328,137.4499969482422,139.27999877929688,118.5112075805664,430200
BXP,2020-01-17,139.6300048828125,140.72999572753906,139.08999633789062,139.55999755859375,118.74947357177734,791800
BXP,2020-01-21,139.55999755859375,140.80999755859375,138.9199981689453,140.36000061035156,119.43016815185548,609000
BXP,2020-01-22,141.0,141.14999389648438,139.3699951171875,139.89999389648438,119.03874206542967,481100
BXP,2020-01-23,139.80999755859375,142.1999969482422,138.85000610351562,142.13999938964844,120.94474792480467,559800
BXP,2020-01-24,142.10000610351562,142.24000549316406,141.16000366210938,142.00999450683594,120.83413696289062,449600
BXP,2020-01-27,141.2100067138672,141.74000549316406,140.6999969482422,141.0399932861328,120.00878143310548,600700
BXP,2020-01-28,141.36000061035156,142.52000427246094,141.02000427246094,141.17999267578125,120.12789154052734,786000
BXP,2020-01-29,141.92999267578125,143.92999267578125,139.72000122070312,142.92999267578125,121.61693572998048,913400
BXP,2020-01-30,142.52999877929688,143.63999938964844,141.86000061035156,143.58999633789062,122.17852783203124,753900
BXP,2020-01-31,143.3300018310547,144.33999633789062,142.88999938964844,143.35000610351562,121.97435760498048,917000
BXP,2020-02-03,144.0,144.7899932861328,143.0399932861328,143.1699981689453,121.82117462158205,771400
BXP,2020-02-04,143.61000061035156,145.44000244140625,143.3699951171875,144.55999755859375,123.00389099121094,939000
BXP,2020-02-05,144.92999267578125,146.07000732421875,144.2899932861328,145.05999755859375,123.42932891845705,595800
BXP,2020-02-06,145.38999938964844,146.0,143.92999267578125,144.3800048828125,122.85072326660156,897900
BXP,2020-02-07,144.27999877929688,144.3000030517578,142.1999969482422,142.7100067138672,121.42974853515624,641300
BXP,2020-02-10,142.9600067138672,143.55999755859375,142.2100067138672,143.16000366210938,121.81265258789062,844800
BXP,2020-02-11,143.38999938964844,144.49000549316406,143.38999938964844,144.22000122070312,122.714599609375,517700
BXP,2020-02-12,144.42999267578125,145.72000122070312,143.82000732421875,145.02000427246094,123.39530181884766,563600
BXP,2020-02-13,144.72000122070312,146.0399932861328,144.72000122070312,145.5800018310547,123.8717803955078,492500
BXP,2020-02-14,145.77999877929688,147.27999877929688,145.3699951171875,147.22999572753906,125.27576446533205,616800
BXP,2020-02-18,147.5,147.50999450683594,146.0,147.50999450683594,125.51399993896484,524900
BXP,2020-02-19,147.7899932861328,147.8300018310547,144.8800048828125,144.89999389648438,123.29318237304688,680300
BXP,2020-02-20,144.97000122070312,147.00999450683594,144.6999969482422,146.9199981689453,125.0119857788086,527200
BXP,2020-02-21,146.47000122070312,146.9499969482422,145.27000427246094,145.77999877929688,124.04195404052734,811600
BXP,2020-02-24,144.1699981689453,145.35000610351562,143.69000244140625,144.35000610351562,122.8252182006836,792800
BXP,2020-02-25,144.4600067138672,144.50999450683594,136.4600067138672,136.75,116.35848999023438,1064700
BXP,2020-02-26,137.24000549316406,137.7899932861328,135.3800048828125,135.41000366210938,115.2183074951172,1230600
BXP,2020-02-27,134.49000549316406,135.2899932861328,128.24000549316406,128.25,109.12596893310548,1186500
BXP,2020-02-28,125.77999877929688,128.9499969482422,123.0999984741211,128.94000244140625,109.71308135986328,2158400
BXP,2020-03-02,129.6300048828125,134.5500030517578,128.42999267578125,134.5399932861328,114.47801971435548,1327900
BXP,2020-03-03,134.4199981689453,137.4199981689453,131.86000061035156,132.89999389648438,113.08258056640624,1148400
BXP,2020-03-04,134.77000427246094,138.3800048828125,134.0800018310547,138.1199951171875,117.52420043945312,834600
BXP,2020-03-05,135.94000244140625,137.82000732421875,134.0800018310547,136.72999572753906,116.34147644042967,857100
BXP,2020-03-06,133.14999389648438,134.1699981689453,128.22999572753906,132.5800018310547,112.810302734375,1041900
BXP,2020-03-09,124.22000122070312,127.2699966430664,121.2699966430664,122.86000061035156,104.5396957397461,1695300
BXP,2020-03-10,126.63999938964844,130.3800048828125,123.13999938964844,130.27000427246094,110.8447494506836,1588500
BXP,2020-03-11,126.72000122070312,127.18000030517578,120.16999816894533,121.29000091552734,103.20380401611328,1314000
BXP,2020-03-12,112.69000244140624,117.4499969482422,108.11000061035156,111.88999938964844,95.20549011230467,1870500
BXP,2020-03-13,118.08999633789062,118.23999786376952,111.69000244140624,117.05999755859376,99.60456085205078,1659000
BXP,2020-03-16,106.52999877929688,110.66999816894533,96.69000244140624,96.93000030517578,82.47625732421875,1617000
BXP,2020-03-17,99.3000030517578,109.4000015258789,94.23999786376952,105.83999633789062,90.0576400756836,1623400
BXP,2020-03-18,97.05999755859376,99.7699966430664,85.52999877929688,88.20999908447266,75.05653381347656,1498100
BXP,2020-03-19,86.20999908447266,88.83000183105469,82.72000122070312,85.56999969482422,72.81019592285156,1519100
BXP,2020-03-20,86.83999633789062,95.83999633789062,80.62999725341797,82.0,69.7725601196289,2424000
BXP,2020-03-23,82.0,83.94000244140625,77.20999908447266,77.93000030517578,66.30945587158203,2675400
BXP,2020-03-24,81.0,88.33999633789062,78.2699966430664,87.58999633789062,74.52898406982422,1897500
BXP,2020-03-25,87.98999786376953,97.7699966430664,86.63999938964844,90.86000061035156,77.31138610839844,2039300
BXP,2020-03-26,91.95999908447266,93.41999816894533,89.25,92.9000015258789,79.04720306396484,1698900
BXP,2020-03-27,89.45999908447266,96.87999725341795,87.01000213623047,93.81999969482422,79.83000946044922,1689200
BXP,2020-03-30,93.91999816894533,96.08000183105467,89.0,92.95999908447266,79.93318939208984,1625700
BXP,2020-03-31,92.04000091552734,93.87000274658205,89.05000305175781,92.2300033569336,79.30548858642578,1526900
BXP,2020-04-01,87.54000091552734,88.76000213623047,82.58999633789062,85.25,73.3036117553711,1626300
BXP,2020-04-02,83.80999755859375,87.47000122070312,79.91000366210938,82.69000244140625,71.10236358642578,1902000
BXP,2020-04-03,81.91000366210938,85.2300033569336,80.7300033569336,83.04000091552734,71.40330505371094,1855300
BXP,2020-04-06,88.01000213623047,91.94000244140624,86.16000366210938,90.72000122070312,78.00708770751953,1800400
BXP,2020-04-07,96.5,98.6500015258789,92.5199966430664,92.66000366210938,79.67522430419922,2103600
BXP,2020-04-08,94.02999877929688,100.76000213623048,92.37000274658205,99.91000366210938,85.90926361083984,1272100
BXP,2020-04-09,102.2699966430664,107.1500015258789,102.18000030517578,106.0,91.1458511352539,1938400
BXP,2020-04-13,104.83000183105467,106.33000183105467,98.66999816894533,100.55999755859376,86.46817016601562,1147800
BXP,2020-04-14,102.8499984741211,106.08000183105467,102.8499984741211,105.68000030517578,90.87069702148438,918800
BXP,2020-04-15,102.08999633789062,103.4800033569336,98.66000366210938,99.68000030517578,85.71150207519531,1091500
BXP,2020-04-16,99.83000183105467,99.83000183105467,93.30999755859376,94.06999969482422,80.88765716552734,1149400
BXP,2020-04-17,97.04000091552734,98.37000274658205,94.86000061035156,95.5,82.11724090576172,1685400
BXP,2020-04-20,94.01000213623048,94.75,91.33999633789062,91.44000244140624,78.62619018554688,1113500
BXP,2020-04-21,88.08999633789062,89.66999816894531,86.6500015258789,88.43000030517578,76.0379867553711,1725000
BXP,2020-04-22,90.26000213623048,91.88999938964844,89.12000274658203,90.66999816894533,77.9640884399414,1208400
BXP,2020-04-23,90.9499969482422,91.31999969482422,88.30000305175781,88.91999816894531,76.45933532714844,1180200
BXP,2020-04-24,89.31999969482422,90.76000213623048,88.18000030517578,90.36000061035156,77.6975326538086,1096100
BXP,2020-04-27,91.30999755859376,94.36000061035156,90.83999633789062,94.13999938964844,80.94781494140625,1377400
BXP,2020-04-28,97.0,98.86000061035156,96.11000061035156,97.06999969482422,83.46723175048828,1248600
BXP,2020-04-29,101.0,102.94000244140624,98.04000091552734,98.25,84.48188018798828,1521300
BXP,2020-04-30,96.5999984741211,97.9800033569336,95.05999755859376,97.18000030517578,83.56182098388672,1427500
BXP,2020-05-01,94.58000183105467,94.87999725341795,92.4800033569336,92.93000030517578,79.90740203857422,996600
BXP,2020-05-04,91.37000274658205,91.88999938964844,88.69999694824219,89.66999816894531,77.10423278808594,1714600
BXP,2020-05-05,90.97000122070312,91.75,87.30999755859375,87.43000030517578,75.1781234741211,1375600
BXP,2020-05-06,87.44000244140625,88.08999633789062,83.12999725341797,83.27999877929688,71.60967254638672,1523100
BXP,2020-05-07,84.81999969482422,86.75,83.91000366210938,85.8499984741211,73.81952667236328,1954700
BXP,2020-05-08,87.86000061035156,88.5999984741211,86.12999725341797,86.91000366210938,74.73099517822266,1843600
BXP,2020-05-11,86.20999908447266,87.13999938964844,83.83000183105469,83.86000061035156,72.10841369628906,1673700
BXP,2020-05-12,83.93000030517578,84.12000274658203,78.56999969482422,78.7699966430664,67.73167419433594,2575500
BXP,2020-05-13,77.83000183105469,77.87000274658203,74.37000274658203,74.80000305175781,64.31802368164062,3014400
BXP,2020-05-14,73.44000244140625,76.81999969482422,71.56999969482422,76.69999694824219,65.95176696777344,3009900
BXP,2020-05-15,74.9800033569336,75.68000030517578,73.05000305175781,74.94999694824219,64.44698333740234,2998300
BXP,2020-05-18,78.37999725341797,82.16000366210938,78.37999725341797,80.93000030517578,69.58899688720703,2837100
BXP,2020-05-19,80.4800033569336,81.26000213623047,77.3499984741211,77.81999969482422,66.91481018066406,1961000
BXP,2020-05-20,78.66999816894531,81.01000213623047,77.95999908447266,80.83000183105469,69.50299835205078,2015300
BXP,2020-05-21,80.7300033569336,81.66000366210938,79.27999877929688,79.91000366210938,68.7119369506836,1839700
BXP,2020-05-22,79.88999938964844,80.7300033569336,76.48999786376953,78.01000213623047,67.07819366455078,2020000
BXP,2020-05-26,81.80999755859375,84.75,81.41999816894531,84.5199966430664,72.6759262084961,2187700
BXP,2020-05-27,87.70999908447266,89.37999725341797,83.38999938964844,88.80999755859375,76.36473083496094,2861500
BXP,2020-05-28,90.0,90.6999969482422,86.51000213623047,87.76000213623047,75.46188354492188,1730800
BXP,2020-05-29,86.51000213623047,87.70999908447266,84.33999633789062,85.9800033569336,73.93132019042969,2389600
BXP,2020-06-01,85.80999755859375,89.30999755859375,85.61000061035156,89.0,76.52812957763672,1118200
BXP,2020-06-02,90.44000244140624,92.0999984741211,89.30999755859375,90.20999908447266,77.56855010986328,1662000
BXP,2020-06-03,91.56999969482422,96.5,91.0199966430664,95.54000091552734,82.15165710449219,2562900
BXP,2020-06-04,94.87000274658205,97.08000183105467,92.9800033569336,96.98999786376952,83.39844512939453,1982700
BXP,2020-06-05,103.12999725341795,106.2699966430664,101.44000244140624,102.04000091552734,87.74076080322266,2451900
BXP,2020-06-08,104.8499984741211,107.9000015258789,104.70999908447266,107.16000366210938,92.14327239990234,1945500
BXP,2020-06-09,103.7300033569336,105.88999938964844,103.12999725341795,104.33000183105467,89.7098617553711,1915600
BXP,2020-06-10,103.37999725341795,104.04000091552734,100.12999725341795,100.1500015258789,86.1156234741211,1862200
BXP,2020-06-11,93.6999969482422,98.1999969482422,92.11000061035156,92.58999633789062,79.61504364013672,2163200
BXP,2020-06-12,96.93000030517578,97.18000030517578,92.16000366210938,96.54000091552734,83.01151275634766,1789800
BXP,2020-06-15,92.08999633789062,95.58000183105467,92.01000213623048,94.9499969482422,81.64431762695312,1138200
BXP,2020-06-16,99.37000274658205,100.45999908447266,96.41999816894533,99.16999816894533,85.27295684814453,1137700
BXP,2020-06-17,99.66000366210938,99.91999816894533,97.1500015258789,97.37999725341795,83.7337875366211,1463800
BXP,2020-06-18,95.58000183105467,97.0,94.5,94.83000183105467,81.54113006591797,1864500
BXP,2020-06-19,96.83000183105467,97.56999969482422,90.6500015258789,90.76000213623048,78.04148864746094,3879600
BXP,2020-06-22,91.0,94.04000091552734,89.93000030517578,93.62999725341795,80.50929260253906,2805000
BXP,2020-06-23,94.7300033569336,95.22000122070312,91.08000183105467,92.5999984741211,79.6236343383789,1300500
BXP,2020-06-24,90.9800033569336,92.33000183105467,87.4000015258789,89.69000244140625,77.12142181396484,1300600
BXP,2020-06-25,88.91999816894531,90.48999786376952,88.29000091552734,90.05000305175781,77.43096923828125,1647600
BXP,2020-06-26,89.62999725341797,90.36000061035156,87.02999877929688,87.23999786376953,75.01476287841797,1827700
BXP,2020-06-29,87.98999786376953,90.1500015258789,86.88999938964844,89.66999816894531,77.9802017211914,1223200
BXP,2020-06-30,89.83999633789062,90.70999908447266,88.44000244140625,90.37999725341795,78.59765625,1515600
BXP,2020-07-01,90.62999725341795,92.5199966430664,89.55000305175781,90.05000305175781,78.31067657470703,716300
BXP,2020-07-02,91.95999908447266,93.26000213623048,90.4000015258789,91.5500030517578,79.6151351928711,731600
BXP,2020-07-06,93.6999969482422,93.73999786376952,90.68000030517578,91.3499984741211,79.44119262695312,1022900
BXP,2020-07-07,89.66999816894531,89.66999816894531,88.05000305175781,88.27999877929688,76.77140808105469,1050300
BXP,2020-07-08,88.27999877929688,89.0999984741211,87.22000122070312,87.58000183105469,76.16266632080078,955600
BXP,2020-07-09,87.05999755859375,87.2699966430664,84.26000213623047,85.05999755859375,73.97119140625,1558900
BXP,2020-07-10,84.29000091552734,87.77999877929688,83.38999938964844,87.38999938964844,75.9974594116211,1693900
BXP,2020-07-13,88.19000244140625,91.6500015258789,87.43000030517578,90.22000122070312,78.45851135253906,1484000
BXP,2020-07-14,90.22000122070312,93.20999908447266,90.05000305175781,92.4499969482422,80.39778900146484,1700200
BXP,2020-07-15,93.81999969482422,94.62999725341795,92.05999755859376,93.18000030517578,81.03262329101562,2344700
BXP,2020-07-16,92.0199966430664,93.06999969482422,91.19000244140624,91.27999877929688,79.38031768798828,985400
BXP,2020-07-17,91.47000122070312,93.20999908447266,90.66999816894533,93.06999969482422,80.93696594238281,1076500
BXP,2020-07-20,91.98999786376952,92.6500015258789,89.38999938964844,89.52999877929688,77.85846710205078,1342200
BXP,2020-07-21,89.91999816894531,92.33999633789062,89.91999816894531,91.54000091552734,79.60643005371094,1271200
BXP,2020-07-22,90.63999938964844,93.29000091552734,90.4000015258789,93.13999938964844,80.99784088134766,1109000
BXP,2020-07-23,92.5,93.29000091552734,90.02999877929688,91.4800033569336,79.55425262451172,1195000
BXP,2020-07-24,91.41000366210938,92.29000091552734,89.93000030517578,90.66999816894533,78.84984588623047,1524600
BXP,2020-07-27,89.51000213623047,89.94999694824219,86.86000061035156,89.7300033569336,78.03238677978516,1675300
BXP,2020-07-28,89.7300033569336,91.47000122070312,88.77999877929688,91.12999725341795,79.24986267089844,1579600
BXP,2020-07-29,91.0,91.0,87.0999984741211,90.58999633789062,78.78026580810547,1542500
BXP,2020-07-30,88.3499984741211,88.72000122070312,86.12000274658203,88.2699966430664,76.76272583007812,1428400
BXP,2020-07-31,88.18000030517578,89.19999694824219,86.63999938964844,89.08999633789062,77.47582244873047,2039900
BXP,2020-08-03,88.01000213623047,88.19999694824219,85.87999725341797,86.23999786376953,74.99736022949219,986900
BXP,2020-08-04,86.23999786376953,87.73999786376953,86.12000274658203,87.20999908447266,75.84090423583984,1152000
BXP,2020-08-05,88.04000091552734,88.37999725341797,86.05000305175781,86.62999725341797,75.33651733398438,1342600
BXP,2020-08-06,86.19000244140625,88.44000244140625,86.0999984741211,88.30000305175781,76.78881072998047,1233000
BXP,2020-08-07,87.27999877929688,90.05999755859375,86.94999694824219,90.04000091552734,78.3019790649414,1085100
BXP,2020-08-10,90.38999938964844,92.30999755859376,89.98999786376953,90.9499969482422,79.09334564208984,1242700
BXP,2020-08-11,92.16000366210938,93.12000274658205,89.66000366210938,89.95999908447266,78.2323989868164,1274100
BXP,2020-08-12,90.69000244140624,91.05999755859376,88.0,88.16999816894531,76.6757583618164,1311700
BXP,2020-08-13,87.5199966430664,88.75,86.19000244140625,86.23999786376953,74.99736022949219,1690000
BXP,2020-08-14,86.0,87.37000274658203,85.68000030517578,86.43000030517578,75.16258239746094,1402500
BXP,2020-08-17,86.43000030517578,86.43000030517578,84.93000030517578,86.26000213623047,75.01475524902344,893100
BXP,2020-08-18,86.02999877929688,86.02999877929688,84.66000366210938,85.62999725341797,74.46688079833984,1072600
BXP,2020-08-19,85.5,86.02999877929688,83.9000015258789,84.16999816894531,73.19720458984375,1240200
BXP,2020-08-20,83.70999908447266,85.58000183105469,83.41999816894531,85.2699966430664,74.15380859375,873400
BXP,2020-08-21,85.41999816894531,85.76000213623047,83.97000122070312,84.26000213623047,73.27548217773438,1115500
BXP,2020-08-24,83.8499984741211,87.19999694824219,83.16000366210938,87.12999725341797,75.77133178710938,1363400
BXP,2020-08-25,87.36000061035156,88.5199966430664,86.19999694824219,88.41000366210938,76.88446807861328,1586300
BXP,2020-08-26,88.37000274658203,88.37000274658203,85.2699966430664,85.94999694824219,74.74516296386719,1421700
BXP,2020-08-27,86.16000366210938,88.61000061035156,86.16000366210938,88.4800033569336,76.9453353881836,906600
BXP,2020-08-28,88.4000015258789,89.30999755859375,87.54000091552734,88.94000244140625,77.34537506103516,1038000
BXP,2020-08-31,88.62000274658203,88.8499984741211,86.12000274658203,86.87000274658203,75.54522705078125,1140300
BXP,2020-09-01,85.94999694824219,86.43000030517578,85.19999694824219,85.36000061035156,74.23209381103516,825000
BXP,2020-09-02,85.3499984741211,87.19000244140625,84.87999725341797,87.01000213623047,75.6669692993164,1218500
BXP,2020-09-03,87.44999694824219,90.25,86.70999908447266,87.62999725341797,76.20616149902344,901200
BXP,2020-09-04,87.80000305175781,89.01000213623047,86.22000122070312,87.80999755859375,76.3626708984375,1098100
BXP,2020-09-08,87.43000030517578,87.75,86.2699966430664,86.58000183105469,75.29302978515625,1750800
BXP,2020-09-09,86.9800033569336,87.87999725341797,85.19000244140625,85.51000213623047,74.3625259399414,1542900
BXP,2020-09-10,85.23999786376953,86.3499984741211,84.16000366210938,84.5,73.48418426513672,1791100
BXP,2020-09-11,84.54000091552734,84.62999725341797,82.5,83.20999908447266,72.36236572265625,1414400
BXP,2020-09-14,83.98999786376953,86.52999877929688,83.98999786376953,85.91000366210938,74.71037292480469,986200
BXP,2020-09-15,86.25,89.55999755859375,86.25,87.7699966430664,76.3279037475586,1044500
BXP,2020-09-16,87.76000213623047,90.68000030517578,86.43000030517578,89.93000030517578,78.20631408691406,1771100
BXP,2020-09-17,88.94000244140625,89.91000366210938,87.38999938964844,87.87000274658203,76.41486358642578,1466900
BXP,2020-09-18,86.97000122070312,87.54000091552734,84.70999908447266,84.87000274658203,73.80596160888672,2147300
BXP,2020-09-21,84.0,84.37000274658203,80.79000091552734,81.11000061035156,70.5361328125,2080500
BXP,2020-09-22,81.05000305175781,83.36000061035156,80.19999694824219,80.5,70.00565338134766,2217200
BXP,2020-09-23,80.08000183105469,81.81999969482422,78.94000244140625,79.0,68.70118713378906,1610200
BXP,2020-09-24,79.19000244140625,80.43000030517578,78.44000244140625,79.37999725341797,69.03166198730469,982500
BXP,2020-09-25,78.58000183105469,80.4800033569336,78.41000366210938,80.37999725341797,69.90129089355469,844600
BXP,2020-09-28,82.22000122070312,84.04000091552734,81.88999938964844,82.7300033569336,71.9449462890625,1297100
BXP,2020-09-29,81.30999755859375,81.7699966430664,79.0,80.27999877929688,70.6512451171875,939600
BXP,2020-09-30,80.81999969482422,82.11000061035156,79.27999877929688,80.30000305175781,70.66885375976562,1320900
BXP,2020-10-01,80.5999984741211,82.9000015258789,80.37000274658203,82.83000183105469,72.89539337158203,885800
BXP,2020-10-02,81.23999786376953,85.54000091552734,80.72000122070312,85.2699966430664,75.04275512695312,1098800
BXP,2020-10-05,85.91999816894531,86.33999633789062,83.31999969482422,84.5,74.36509704589844,941300
BXP,2020-10-06,85.08999633789062,85.70999908447266,82.61000061035156,82.94000244140625,72.99221801757812,1296000
BXP,2020-10-07,83.19000244140625,83.98999786376953,82.0199966430664,82.37999725341797,72.4993667602539,1213500
BXP,2020-10-08,83.06999969482422,84.75,82.73999786376953,84.16999816894531,74.0746841430664,1566000
BXP,2020-10-09,84.5,84.5,82.0,82.77999877929688,72.85140228271484,970800
BXP,2020-10-12,82.77999877929688,83.2300033569336,81.86000061035156,82.69999694824219,72.78099822998047,809700
BXP,2020-10-13,81.58000183105469,81.80999755859375,79.0999984741211,79.76000213623047,70.19361114501953,1396600
BXP,2020-10-14,79.76000213623047,80.4000015258789,79.12999725341797,79.61000061035156,70.0616226196289,1011100
BXP,2020-10-15,79.0,80.29000091552734,78.80000305175781,79.5,69.96480560302734,725100
BXP,2020-10-16,79.16000366210938,79.20999908447266,77.23999786376953,77.66999816894531,68.35428619384766,1109400
BXP,2020-10-19,76.83000183105469,77.51000213623047,75.79000091552734,76.0,66.88458251953125,1137700
BXP,2020-10-20,77.19999694824219,77.66000366210938,75.95999908447266,76.13999938964844,67.0078125,769900
BXP,2020-10-21,75.68000030517578,76.31999969482422,74.9000015258789,76.05000305175781,66.92859649658203,868700
BXP,2020-10-22,76.08000183105469,77.4800033569336,75.80999755859375,77.22000122070312,67.958251953125,622300
BXP,2020-10-23,77.8499984741211,78.23999786376953,76.81999969482422,77.66999816894531,68.35428619384766,525700
BXP,2020-10-26,77.0,77.02999877929688,74.63999938964844,75.41000366210938,66.36534881591797,1013600
BXP,2020-10-27,74.97000122070312,75.55000305175781,73.54000091552734,73.73999786376953,64.89564514160156,1204700
BXP,2020-10-28,73.0199966430664,73.0199966430664,70.58999633789062,71.1500015258789,62.61629486083984,2042700
BXP,2020-10-29,70.7300033569336,72.2300033569336,69.69000244140625,71.63999938964844,63.04752349853516,1604300
BXP,2020-10-30,71.5,72.55000305175781,71.01000213623047,72.41000366210938,63.72518157958984,1073900
BXP,2020-11-02,73.26000213623047,76.12000274658203,72.31999969482422,76.05000305175781,66.92859649658203,1230000
BXP,2020-11-03,76.9000015258789,78.33000183105469,76.29000091552734,77.9000015258789,68.55670928955078,996000
BXP,2020-11-04,77.7699966430664,77.7699966430664,74.41000366210938,74.48999786376953,65.55569458007812,1041600
BXP,2020-11-05,74.55999755859375,75.79000091552734,74.13999938964844,74.73999786376953,65.77572631835938,1727900
BXP,2020-11-06,75.3499984741211,75.8499984741211,72.52999877929688,73.41000366210938,64.60523223876953,1254000
BXP,2020-11-09,83.27999877929688,96.4499969482422,83.27999877929688,88.7699966430664,78.1229476928711,4745200
BXP,2020-11-10,89.38999938964844,93.33999633789062,88.62999725341797,92.52999877929688,81.43199157714844,3635000
BXP,2020-11-11,91.98999786376952,91.98999786376952,88.26000213623047,90.8000030517578,79.90948486328125,1640900
BXP,2020-11-12,89.87999725341797,90.2300033569336,86.33000183105469,87.08999633789062,76.64446258544922,1423300
BXP,2020-11-13,88.01000213623047,91.70999908447266,87.94999694824219,91.62000274658205,80.63114166259766,1743500
BXP,2020-11-16,96.0500030517578,97.36000061035156,94.2699966430664,96.5999984741211,85.01383972167969,1664400
BXP,2020-11-17,95.1500015258789,99.37000274658205,94.22000122070312,98.45999908447266,86.65074920654297,1851200
BXP,2020-11-18,98.70999908447266,99.88999938964844,96.12000274658205,96.12000274658205,84.59140014648438,1606800
BXP,2020-11-19,95.1999969482422,97.95999908447266,94.12000274658205,97.41999816894533,85.7354736328125,1445800
BXP,2020-11-20,98.12999725341795,98.61000061035156,96.43000030517578,98.37999725341795,86.58032989501953,1514400
BXP,2020-11-23,99.43000030517578,101.61000061035156,99.16000366210938,100.38999938964844,88.34925842285156,2204400
BXP,2020-11-24,102.30999755859376,105.93000030517578,102.30999755859376,104.43000030517578,91.90471649169922,1741900
BXP,2020-11-25,103.41999816894533,103.68000030517578,100.91999816894533,102.3499984741211,90.07418060302734,1635400
BXP,2020-11-27,102.7699966430664,103.1500015258789,101.05999755859376,102.43000030517578,90.14459991455078,427700
BXP,2020-11-30,101.7300033569336,102.33000183105467,98.0500030517578,98.16000366210938,86.3867416381836,2230400
BXP,2020-12-01,99.9800033569336,100.7300033569336,99.27999877929688,99.83000183105467,87.85643005371094,1196200
BXP,2020-12-02,99.9499969482422,101.6999969482422,99.0999984741211,101.0500030517578,88.93011474609375,1240400
BXP,2020-12-03,101.25,103.83000183105467,101.0500030517578,103.33000183105467,90.9366455078125,882600
BXP,2020-12-04,104.3499984741211,105.9800033569336,103.86000061035156,105.31999969482422,92.6879653930664,814300
BXP,2020-12-07,105.18000030517578,105.18000030517578,102.7300033569336,102.9499969482422,90.60221099853516,817800
BXP,2020-12-08,102.08000183105467,103.06999969482422,101.04000091552734,101.45999908447266,89.29093170166016,1051600
BXP,2020-12-09,101.7699966430664,102.1999969482422,99.43000030517578,100.4800033569336,88.42848205566406,1358600
BXP,2020-12-10,99.5500030517578,102.13999938964844,99.06999969482422,101.9000015258789,89.67816162109375,1493300
BXP,2020-12-11,100.69000244140624,101.9499969482422,99.16999816894533,99.9800033569336,87.98844146728516,687300
BXP,2020-12-14,100.0,101.48999786376952,98.11000061035156,98.5,86.68594360351562,1217500
BXP,2020-12-15,98.98999786376952,101.04000091552734,97.3499984741211,101.0,88.88609313964844,1499300
BXP,2020-12-16,103.87999725341795,105.4499969482422,99.7699966430664,100.6999969482422,88.6220703125,1327800
BXP,2020-12-17,102.8000030517578,102.8000030517578,99.75,100.41999816894533,88.37566375732422,1311100
BXP,2020-12-18,100.81999969482422,101.04000091552734,95.08999633789062,96.11000061035156,84.58260345458984,3082600
BXP,2020-12-21,94.7300033569336,94.83999633789062,92.51000213623048,94.0500030517578,82.76968383789062,1561900
BXP,2020-12-22,94.7699966430664,94.7699966430664,92.33000183105467,92.88999938964844,81.74880981445312,1448900
BXP,2020-12-23,93.73999786376952,94.58999633789062,92.1500015258789,92.5999984741211,81.49359893798828,1014000
BXP,2020-12-24,93.1999969482422,94.01000213623048,91.47000122070312,93.93000030517578,82.6640853881836,367300
BXP,2020-12-28,93.95999908447266,95.4800033569336,93.37999725341795,95.13999938964844,83.72895812988281,762400
BXP,2020-12-29,95.58000183105467,96.4499969482422,93.01000213623048,93.29000091552734,82.10083770751953,820500
BXP,2020-12-30,92.94000244140624,94.48999786376952,92.80999755859376,93.87000274658205,83.4883041381836,707900
BXP,2020-12-31,93.37999725341795,94.6999969482422,92.33000183105467,94.52999877929688,84.07530212402344,562900
BXP,2021-01-04,95.3000030517578,95.95999908447266,90.75,90.81999969482422,80.775634765625,1240100
BXP,2021-01-05,91.31999969482422,92.81999969482422,89.98999786376953,90.08999633789062,80.12635040283203,1200500
BXP,2021-01-06,90.66000366210938,92.7699966430664,89.76000213623047,91.41999816894533,81.30926513671875,1960000
BXP,2021-01-07,91.4499969482422,91.4499969482422,89.37999725341797,90.25,80.26866912841797,1179600
BXP,2021-01-08,90.05000305175781,90.87999725341795,89.13999938964844,90.04000091552734,80.08189392089844,1123300
BXP,2021-01-11,89.05000305175781,90.27999877929688,88.77999877929688,89.58999633789062,79.6816635131836,1534100
BXP,2021-01-12,90.18000030517578,91.68000030517578,89.19999694824219,91.45999908447266,81.34484100341797,1075500
BXP,2021-01-13,91.5500030517578,92.93000030517578,91.3499984741211,92.08999633789062,81.90516662597656,1302100
BXP,2021-01-14,92.97000122070312,95.0,92.0,94.5500030517578,84.09310913085938,1209900
BXP,2021-01-15,94.20999908447266,95.44000244140624,92.66999816894533,95.1500015258789,84.62674713134766,1026600
BXP,2021-01-19,95.54000091552734,95.54000091552734,92.86000061035156,93.29000091552734,82.97245025634766,1139300
BXP,2021-01-20,92.8499984741211,94.87000274658205,92.5199966430664,93.55999755859376,83.21259307861328,947400
BXP,2021-01-21,93.01000213623048,93.80999755859376,90.7699966430664,91.9800033569336,81.80733489990234,1472700
BXP,2021-01-22,91.08999633789062,91.5999984741211,90.1500015258789,91.3000030517578,81.20254516601562,809100
BXP,2021-01-25,90.6999969482422,91.9499969482422,89.5,91.27999877929688,81.18474578857422,1107000
BXP,2021-01-26,92.02999877929688,93.11000061035156,91.2300033569336,92.72000122070312,82.46549987792969,944000
BXP,2021-01-27,92.0,92.06999969482422,88.44999694824219,89.72000122070312,79.79727935791016,1582900
BXP,2021-01-28,89.94000244140625,94.05999755859376,89.48999786376953,91.91999816894533,81.75398254394531,1576500
BXP,2021-01-29,90.81999969482422,93.58000183105467,90.06999969482422,91.2699966430664,81.17586517333984,1633700
BXP,2021-02-01,91.5999984741211,91.9499969482422,88.87999725341797,90.2300033569336,80.25089263916016,1527200
BXP,2021-02-02,90.68000030517578,90.68000030517578,88.88999938964844,90.5,80.49101257324219,1223600
BXP,2021-02-03,89.9800033569336,91.58999633789062,88.88999938964844,91.0199966430664,80.95350646972656,1000900
BXP,2021-02-04,91.51000213623048,93.1999969482422,91.06999969482422,92.41999816894533,82.19866943359375,1013000
BXP,2021-02-05,93.4000015258789,93.4000015258789,91.37999725341795,92.12000274658205,81.93185424804688,878900
BXP,2021-02-08,92.3000030517578,95.51000213623048,92.0199966430664,95.3499984741211,84.80461883544922,1132100
BXP,2021-02-09,95.6999969482422,96.16999816894533,94.73999786376952,95.9800033569336,85.36495208740234,752300
BXP,2021-02-10,96.5999984741211,97.77999877929688,94.4800033569336,94.66999816894533,84.1998291015625,1106400
BXP,2021-02-11,94.72000122070312,95.0999984741211,93.31999969482422,94.93000030517578,84.43106842041016,896400
BXP,2021-02-12,94.44000244140624,95.13999938964844,93.33000183105467,94.0999984741211,83.69287109375,593700
BXP,2021-02-16,94.5,94.91999816894533,92.4800033569336,92.72000122070312,82.46549987792969,1258400
BXP,2021-02-17,93.27999877929688,93.27999877929688,91.69000244140624,92.75,82.49217987060547,912600
BXP,2021-02-18,92.29000091552734,92.79000091552734,90.97000122070312,91.66999816894533,81.53163146972656,795600
BXP,2021-02-19,91.80999755859376,92.81999969482422,91.16000366210938,92.23999786376952,82.03856658935547,903800
BXP,2021-02-22,92.66000366210938,96.75,92.29000091552734,96.45999908447266,85.79185485839844,1610700
BXP,2021-02-23,97.0,101.62000274658205,96.20999908447266,101.13999938964844,89.95428466796875,2203900
BXP,2021-02-24,101.72000122070312,105.18000030517578,101.12999725341795,104.69000244140624,93.11166381835938,1347500
BXP,2021-02-25,105.08000183105467,106.94000244140624,101.8000030517578,102.72000122070312,91.35952758789062,1493600
BXP,2021-02-26,101.94000244140624,102.72000122070312,99.0999984741211,99.12999725341795,88.16656494140625,1360800
BXP,2021-03-01,100.79000091552734,103.29000091552734,100.2699966430664,101.29000091552734,90.0876693725586,1193100
BXP,2021-03-02,100.69000244140624,101.6999969482422,99.29000091552734,101.38999938964844,90.17662048339844,1256700
BXP,2021-03-03,101.7300033569336,105.87999725341795,101.61000061035156,104.54000091552734,92.97823333740234,1411000
BXP,2021-03-04,104.75,105.75,99.4800033569336,100.91999816894533,89.75859069824219,1618700
BXP,2021-03-05,101.83000183105467,102.87999725341795,99.47000122070312,102.26000213623048,90.95040893554688,834300
BXP,2021-03-08,102.88999938964844,108.3499984741211,102.0999984741211,107.8000030517578,95.87771606445312,1224900
BXP,2021-03-09,107.8000030517578,108.6500015258789,105.7300033569336,105.7699966430664,94.07221221923828,1441800
BXP,2021-03-10,105.72000122070312,107.5999984741211,104.79000091552734,106.51000213623048,94.7303695678711,830900
BXP,2021-03-11,106.51000213623048,108.6500015258789,105.66000366210938,107.29000091552734,95.42410278320312,1397800
BXP,2021-03-12,108.33000183105467,110.36000061035156,107.16999816894533,108.58999633789062,96.58032989501952,1268400
BXP,2021-03-15,107.44000244140624,108.52999877929688,105.77999877929688,107.04000091552734,95.20175170898438,856000
BXP,2021-03-16,106.97000122070312,107.26000213623048,104.8000030517578,106.0199966430664,94.2945556640625,726100
BXP,2021-03-17,105.7300033569336,106.5500030517578,104.62000274658205,106.11000061035156,94.3746109008789,708300
BXP,2021-03-18,106.33000183105467,107.5,105.06999969482422,105.69000244140624,94.00105285644533,973200
BXP,2021-03-19,105.2699966430664,106.31999969482422,104.16999816894533,104.38999938964844,92.84484100341795,1356900
BXP,2021-03-22,104.01000213623048,104.8499984741211,102.33000183105467,102.44000244140624,91.11050415039062,1371900
BXP,2021-03-23,102.2699966430664,103.44000244140624,101.47000122070312,102.25,90.94152069091795,1016900
BXP,2021-03-24,102.72000122070312,104.5999984741211,102.72000122070312,102.75,91.3862075805664,1076800
BXP,2021-03-25,102.25,104.9499969482422,100.70999908447266,104.66999816894533,93.09385681152344,727700
BXP,2021-03-26,105.1999969482422,107.19000244140624,104.6999969482422,107.06999969482422,95.22843933105467,764400
BXP,2021-03-29,106.45999908447266,106.73999786376952,102.94000244140624,103.08000183105467,91.67971801757812,1463000
BXP,2021-03-30,102.4499969482422,103.62999725341795,101.8499984741211,103.01000213623048,92.49684143066406,1122700
BXP,2021-03-31,102.38999938964844,102.83000183105467,100.52999877929688,101.26000213623048,90.9254379272461,1268900
BXP,2021-04-01,101.58999633789062,104.4000015258789,101.58999633789062,104.26000213623048,93.61927032470705,776700
BXP,2021-04-05,104.7699966430664,105.12999725341795,102.23999786376952,104.0199966430664,93.4037628173828,1199800
BXP,2021-04-06,103.47000122070312,104.55999755859376,103.23999786376952,104.26000213623048,93.61927032470705,1450900
BXP,2021-04-07,104.51000213623048,105.41999816894533,103.58999633789062,104.6999969482422,94.0143585205078,856400
BXP,2021-04-08,104.29000091552734,104.62000274658205,103.26000213623048,103.87000274658205,93.2690658569336,768200
BXP,2021-04-09,104.29000091552734,105.12000274658205,103.6999969482422,104.73999786376952,94.05027770996094,963400
BXP,2021-04-12,105.11000061035156,105.43000030517578,103.8000030517578,105.19000244140624,94.45435333251952,947500
BXP,2021-04-13,105.1999969482422,105.83000183105467,104.18000030517578,105.5999984741211,94.822509765625,1185400
BXP,2021-04-14,105.8000030517578,106.70999908447266,105.1500015258789,105.70999908447266,94.92127990722656,833300
BXP,2021-04-15,106.06999969482422,106.51000213623048,104.87000274658205,105.4800033569336,94.71475219726562,817100
BXP,2021-04-16,105.98999786376952,106.02999877929688,104.48999786376952,105.44000244140624,94.67882537841795,1193600
BXP,2021-04-19,105.79000091552734,106.47000122070312,104.38999938964844,106.1500015258789,95.31637573242188,983800
BXP,2021-04-20,104.9499969482422,106.19000244140624,104.8000030517578,106.12999725341795,95.29840850830078,1052100
BXP,2021-04-21,106.16999816894533,107.5,105.51000213623048,107.4000015258789,96.43879699707033,1622400
BXP,2021-04-22,107.5,107.91000366210938,105.30999755859376,106.0,95.18167877197266,1595200
BXP,2021-04-23,105.95999908447266,106.58999633789062,105.5999984741211,106.0500030517578,95.22657775878906,798800
BXP,2021-04-26,106.31999969482422,107.9000015258789,106.31999969482422,107.33000183105467,96.3759536743164,1124000
BXP,2021-04-27,107.62000274658205,108.77999877929688,106.63999938964844,108.0999984741211,97.0673599243164,904400
BXP,2021-04-28,108.37999725341795,108.37999725341795,106.95999908447266,107.54000091552734,96.56450653076172,1394800
BXP,2021-04-29,108.08999633789062,110.22000122070312,108.08999633789062,109.41999816894533,98.25263214111328,796100
BXP,2021-04-30,109.12999725341795,109.55999755859376,108.33000183105467,109.3499984741211,98.18978881835938,1369000
BXP,2021-05-03,109.62999725341795,110.0,107.70999908447266,108.08000183105467,97.04938507080078,909100
BXP,2021-05-04,108.33000183105467,109.43000030517578,107.22000122070312,108.41999816894533,97.35470581054688,794800
BXP,2021-05-05,107.87000274658205,108.4000015258789,105.36000061035156,106.19000244140624,95.35228729248048,1150800
BXP,2021-05-06,106.68000030517578,107.94000244140624,106.0500030517578,107.51000213623048,96.5375747680664,771400
BXP,2021-05-07,107.0,108.62000274658205,106.7300033569336,108.16000366210938,97.12124633789062,905500
BXP,2021-05-10,109.12000274658205,110.54000091552734,108.12999725341795,108.20999908447266,97.16612243652344,1065400
BXP,2021-05-11,107.5,108.30999755859376,106.18000030517578,107.58999633789062,96.6093978881836,706200
BXP,2021-05-12,107.61000061035156,108.0199966430664,103.54000091552734,103.80999755859376,93.2151870727539,1399100
BXP,2021-05-13,103.5500030517578,106.7699966430664,103.1999969482422,106.01000213623048,95.19065856933594,1243500
BXP,2021-05-14,106.1999969482422,108.33999633789062,106.12000274658205,108.1999969482422,97.15714263916016,1049300
BXP,2021-05-17,108.1999969482422,110.4800033569336,107.68000030517578,110.13999938964844,98.89915466308594,1427600
BXP,2021-05-18,110.12999725341795,113.1500015258789,109.63999938964844,112.41000366210938,100.93746948242188,1511800
BXP,2021-05-19,111.94000244140624,111.94000244140624,108.19000244140624,109.44000244140624,98.27059173583984,1370800
BXP,2021-05-20,109.3000030517578,111.26000213623048,108.5,110.5,99.22240447998048,1351400
BXP,2021-05-21,110.87000274658205,112.83999633789062,110.66000366210938,112.08000183105467,100.64115142822266,1180500
BXP,2021-05-24,112.81999969482422,115.29000091552734,112.41999816894533,114.98999786376952,103.25416564941406,1054100
BXP,2021-05-25,113.5500030517578,114.80999755859376,113.04000091552734,114.43000030517578,102.7513198852539,1682300
BXP,2021-05-26,114.77999877929688,116.68000030517578,113.76000213623048,116.05999755859376,104.2149658203125,1308400
BXP,2021-05-27,116.69000244140624,117.33999633789062,116.08999633789062,116.6500015258789,104.74474334716795,1950300
BXP,2021-05-28,117.16000366210938,117.95999908447266,116.5500030517578,117.55999755859376,105.56187438964844,676500
BXP,2021-06-01,118.0,120.20999908447266,117.80999755859376,120.0,107.75284576416016,1124800
BXP,2021-06-02,121.18000030517578,121.47000122070312,119.4499969482422,121.41999816894533,109.02791595458984,921600
BXP,2021-06-03,121.0500030517578,121.41999816894533,119.62000274658205,120.12000274658205,107.86061096191406,890800
BXP,2021-06-04,120.4000015258789,120.77999877929688,119.22000122070312,120.2699966430664,107.99530029296876,826100
BXP,2021-06-07,120.66999816894533,123.70999908447266,120.19000244140624,123.1500015258789,110.58135223388672,850800
BXP,2021-06-08,122.8000030517578,123.72000122070312,122.18000030517578,122.3499984741211,109.8630142211914,1068500
BXP,2021-06-09,122.72000122070312,123.18000030517578,122.20999908447266,122.37999725341795,109.88993072509766,567800
BXP,2021-06-10,122.93000030517578,123.25,121.8499984741211,122.69000244140624,110.16830444335938,1391100
BXP,2021-06-11,122.29000091552734,123.25,121.58000183105467,123.16999816894533,110.5993194580078,999100
BXP,2021-06-14,123.5,124.23999786376952,123.26000213623048,124.02999877929688,111.37155151367188,1111100
BXP,2021-06-15,123.69000244140624,124.18000030517578,121.4499969482422,122.0,109.5487289428711,1374000
BXP,2021-06-16,122.0,123.11000061035156,120.81999969482422,121.0999984741211,108.74058532714844,1493200
BXP,2021-06-17,121.48999786376952,121.76000213623048,118.95999908447266,119.26000213623048,107.08836364746094,1038200
BXP,2021-06-18,118.0199966430664,118.98999786376952,117.22000122070312,117.26000213623048,105.29248809814452,1863000
BXP,2021-06-21,118.25,120.11000061035156,118.02999877929688,119.62999725341795,107.42060089111328,1133100
BXP,2021-06-22,119.26000213623048,119.37000274658205,117.5,117.76000213623048,105.74147033691406,1349600
BXP,2021-06-23,118.41999816894533,119.62999725341795,117.62999725341795,118.72000122070312,106.60347747802734,1299600
BXP,2021-06-24,119.0199966430664,119.62000274658205,117.38999938964844,119.06999969482422,106.91775512695312,1242600
BXP,2021-06-25,119.2300033569336,120.23999786376952,118.51000213623048,119.8000030517578,107.57324981689452,880700
BXP,2021-06-28,119.5999984741211,119.80999755859376,115.0199966430664,116.7300033569336,104.81658935546876,1437700
BXP,2021-06-29,115.4499969482422,116.33999633789062,113.79000091552734,113.83000183105467,103.07794189453124,912900
BXP,2021-06-30,113.55999755859376,115.16000366210938,113.55999755859376,114.58999633789062,103.7661590576172,927800
BXP,2021-07-01,114.5999984741211,116.29000091552734,114.19000244140624,114.94000244140624,104.08309173583984,803600
BXP,2021-07-02,115.11000061035156,116.3000030517578,114.55999755859376,116.06999969482422,105.1063461303711,849200
BXP,2021-07-06,115.87999725341795,116.51000213623048,114.18000030517578,116.27999877929688,105.29651641845705,1378100
BXP,2021-07-07,115.06999969482422,115.33000183105467,113.75,114.37999725341795,103.5759735107422,1534000
BXP,2021-07-08,113.3000030517578,114.58000183105467,112.37999725341795,113.4499969482422,102.73382568359376,1008900
BXP,2021-07-09,114.83000183105467,117.23999786376952,114.27999877929688,117.16999816894533,106.10244750976562,925700
BXP,2021-07-12,116.52999877929688,119.0,116.5,118.70999908447266,107.49698638916016,828800
BXP,2021-07-13,118.69000244140624,118.97000122070312,116.04000091552734,116.31999969482422,105.33273315429688,460700
BXP,2021-07-14,116.05999755859376,117.31999969482422,115.86000061035156,116.8000030517578,105.76741027832033,648300
BXP,2021-07-15,116.58000183105467,117.04000091552734,115.9000015258789,116.61000061035156,105.5953598022461,413500
BXP,2021-07-16,117.08000183105467,117.3000030517578,115.80999755859376,116.13999938964844,105.16974639892578,545600
BXP,2021-07-19,114.1999969482422,114.2300033569336,109.5,110.70999908447266,100.25264739990234,1555800
BXP,2021-07-20,111.37999725341795,116.3000030517578,110.98999786376952,116.04000091552734,105.07919311523438,1064000
BXP,2021-07-21,116.91000366210938,119.2300033569336,116.33000183105467,117.04000091552734,105.9847412109375,626500
BXP,2021-07-22,116.4800033569336,116.5,113.70999908447266,114.5,103.68465423583984,912600
BXP,2021-07-23,115.4800033569336,115.83000183105467,113.76000213623048,114.9000015258789,104.046875,796800
BXP,2021-07-26,114.6999969482422,116.16999816894533,114.30999755859376,115.37999725341795,104.48152923583984,719800
BXP,2021-07-27,115.3499984741211,116.75,114.3000030517578,116.23999786376952,105.26030731201172,725900
BXP,2021-07-28,117.7699966430664,119.36000061035156,113.52999877929688,118.0,106.85405731201172,1292300
BXP,2021-07-29,118.94000244140624,119.9000015258789,118.33000183105467,118.41000366210938,107.22532653808594,618500
BXP,2021-07-30,118.87999725341795,120.25,117.26000213623048,117.37999725341795,106.2926254272461,926300
BXP,2021-08-02,118.29000091552734,120.2300033569336,116.2300033569336,116.33999633789062,105.3508529663086,514400
BXP,2021-08-03,117.0999984741211,117.0999984741211,114.0999984741211,116.06999969482422,105.1063461303711,599200
BXP,2021-08-04,115.23999786376952,116.6999969482422,114.61000061035156,114.69000244140624,103.85670471191406,516400
BXP,2021-08-05,115.86000061035156,116.9800033569336,115.54000091552734,116.87000274658205,105.83079528808594,539100
BXP,2021-08-06,117.7300033569336,118.70999908447266,117.33999633789062,117.9000015258789,106.76351165771484,564600
BXP,2021-08-09,117.0500030517578,117.83000183105467,116.19000244140624,117.22000122070312,106.1477279663086,363100
BXP,2021-08-10,117.43000030517578,117.52999877929688,116.12000274658205,116.2699966430664,105.28746795654295,520600
BXP,2021-08-11,116.87999725341795,118.16000366210938,115.9800033569336,118.0999984741211,106.94461059570312,820500
BXP,2021-08-12,117.9800033569336,118.45999908447266,116.69000244140624,117.63999938964844,106.52806091308594,510100
BXP,2021-08-13,117.62999725341795,118.23999786376952,117.3499984741211,117.91000366210938,106.77255249023438,431400
BXP,2021-08-16,117.5,118.9499969482422,116.66999816894533,117.0,105.9485092163086,568700
BXP,2021-08-17,115.94000244140624,116.62999725341795,113.6999969482422,115.95999908447266,105.00674438476562,907900
BXP,2021-08-18,115.26000213623048,115.31999969482422,113.06999969482422,113.26000213623048,102.56178283691406,635600
BXP,2021-08-19,112.70999908447266,114.12999725341795,111.51000213623048,112.87000274658205,102.20862579345705,970600
BXP,2021-08-20,112.26000213623048,113.88999938964844,111.20999908447266,113.12000274658205,102.43499755859376,813700
BXP,2021-08-23,113.79000091552734,114.26000213623048,113.12000274658205,113.83999633789062,103.08699035644533,531800
BXP,2021-08-24,114.0199966430664,114.62999725341795,112.95999908447266,114.31999969482422,103.52165985107422,515200
BXP,2021-08-25,114.30999755859376,115.18000030517578,113.05999755859376,113.9800033569336,103.2137680053711,488800
BXP,2021-08-26,114.11000061035156,114.11000061035156,111.80999755859376,111.97000122070312,101.39363861083984,626300
BXP,2021-08-27,112.51000213623048,113.66999816894533,112.5,113.08999633789062,102.4078369140625,749400
BXP,2021-08-30,113.05999755859376,113.66999816894533,110.6500015258789,111.97000122070312,101.39363861083984,896000
BXP,2021-08-31,111.95999908447266,113.97000122070312,111.68000030517578,112.98999786376952,102.3172836303711,821700
BXP,2021-09-01,113.9000015258789,116.37999725341795,113.54000091552734,115.45999908447266,104.55397033691406,739100
BXP,2021-09-02,115.75,116.13999938964844,113.97000122070312,115.0199966430664,104.1555404663086,446200
BXP,2021-09-03,114.4499969482422,114.73999786376952,112.1999969482422,113.87999725341795,103.12320709228516,566400
BXP,2021-09-07,114.33999633789062,115.37999725341795,112.41999816894533,113.5199966430664,102.7972183227539,773000
BXP,2021-09-08,112.91000366210938,114.41000366210938,112.62999725341795,113.69000244140624,102.95116424560548,389400
BXP,2021-09-09,112.70999908447266,113.3499984741211,111.37000274658205,111.4000015258789,100.8774642944336,536000
BXP,2021-09-10,111.4000015258789,111.58999633789062,108.0500030517578,108.11000061035156,97.89823150634766,714700
BXP,2021-09-13,108.94000244140624,111.0999984741211,108.20999908447266,110.62999725341795,100.18019104003906,540700
BXP,2021-09-14,111.37999725341795,111.43000030517578,109.58999633789062,110.37999725341795,99.9538116455078,452300
BXP,2021-09-15,110.33000183105467,111.68000030517578,110.04000091552734,111.37999725341795,100.85936737060548,540800
BXP,2021-09-16,111.11000061035156,112.22000122070312,110.87000274658205,111.16999816894533,100.66919708251952,501100
BXP,2021-09-17,110.68000030517578,111.30999755859376,109.87999725341795,109.98999786376952,99.60065460205078,1450100
BXP,2021-09-20,108.5999984741211,110.33999633789062,107.68000030517578,109.51000213623048,99.16600036621094,644800
BXP,2021-09-21,110.4800033569336,111.25,108.72000122070312,108.8000030517578,98.52306365966795,505400
BXP,2021-09-22,109.7300033569336,112.06999969482422,109.12999725341795,111.20999908447266,100.70541381835938,668400
BXP,2021-09-23,112.04000091552734,114.0500030517578,112.01000213623048,112.4499969482422,101.82828521728516,839100
BXP,2021-09-24,112.41999816894533,113.66999816894533,112.16999816894533,112.7699966430664,102.11804962158205,974900
BXP,2021-09-27,113.97000122070312,115.33000183105467,113.13999938964844,113.25,102.55271911621094,616500
BXP,2021-09-28,113.23999786376952,114.05999755859376,112.38999938964844,112.94000244140624,102.27200317382812,596100
BXP,2021-09-29,112.0999984741211,113.33000183105467,111.13999938964844,111.22000122070312,101.59603881835938,551700
BXP,2021-09-30,111.6500015258789,111.6500015258789,108.30999755859376,108.3499984741211,98.97438049316406,786400
BXP,2021-10-01,109.0199966430664,112.20999908447266,108.72000122070312,111.81999969482422,102.14411926269533,562200
BXP,2021-10-04,111.48999786376952,112.91999816894533,111.1500015258789,111.9800033569336,102.29027557373048,466500
BXP,2021-10-05,112.01000213623048,112.37000274658205,110.4499969482422,111.11000061035156,101.4955596923828,590800
BXP,2021-10-06,110.30999755859376,113.04000091552734,109.20999908447266,112.9000015258789,103.13068389892578,823700
BXP,2021-10-07,113.86000061035156,114.44000244140624,112.83999633789062,113.45999908447266,103.64221954345705,648200
BXP,2021-10-08,113.62999725341795,114.68000030517578,113.01000213623048,113.8499984741211,103.99845886230467,640700
BXP,2021-10-11,113.54000091552734,114.8499984741211,113.54000091552734,114.68000030517578,104.7566375732422,630200
BXP,2021-10-12,114.38999938964844,116.9499969482422,113.4800033569336,116.12000274658205,106.07205200195312,823000
BXP,2021-10-13,115.5999984741211,115.87000274658205,113.55999755859376,115.77999877929688,105.76146697998048,682900
BXP,2021-10-14,116.7699966430664,116.7699966430664,115.36000061035156,116.25,106.19078063964844,727600
BXP,2021-10-15,116.9499969482422,117.66999816894533,116.5199966430664,116.95999908447266,106.83935546875,624300
BXP,2021-10-18,116.33999633789062,116.62999725341795,115.2300033569336,115.86000061035156,105.83452606201172,610600
BXP,2021-10-19,116.45999908447266,116.75,115.29000091552734,116.12999725341795,106.08116912841795,636800
BXP,2021-10-20,116.08000183105467,119.27999877929688,115.93000030517578,119.0500030517578,108.7485122680664,787400
BXP,2021-10-21,119.19000244140624,119.19000244140624,116.12000274658205,116.93000030517578,106.81194305419922,479100
BXP,2021-10-22,117.41999816894533,118.36000061035156,116.5,117.83000183105467,107.63407135009766,443200
BXP,2021-10-25,117.94000244140624,118.08000183105467,116.88999938964844,117.26000213623048,107.1134033203125,490100
BXP,2021-10-26,117.26000213623048,119.26000213623048,116.61000061035156,118.69000244140624,108.4196548461914,741700
BXP,2021-10-27,120.0,120.11000061035156,114.87999725341795,115.22000122070312,105.24991607666016,1060100
BXP,2021-10-28,115.77999877929688,116.01000213623048,112.33999633789062,114.16000366210938,104.2816390991211,872500
BXP,2021-10-29,113.86000061035156,114.62000274658205,113.44000244140624,113.63999938964844,103.806640625,1179200
BXP,2021-11-01,114.2300033569336,114.86000061035156,112.62999725341795,114.54000091552734,104.6287612915039,700700
BXP,2021-11-02,115.1999969482422,115.1999969482422,113.31999969482422,113.8499984741211,103.99845886230467,659200
BXP,2021-11-03,113.37000274658205,117.51000213623048,113.37000274658205,117.06999969482422,106.93982696533205,573000
BXP,2021-11-04,117.23999786376952,117.30999755859376,114.01000213623048,114.72000122070312,104.79318237304688,560900
BXP,2021-11-05,116.69000244140624,118.19000244140624,115.62000274658205,116.91000366210938,106.7936782836914,1038800
BXP,2021-11-08,117.97000122070312,119.2300033569336,117.6500015258789,118.4499969482422,108.2004165649414,555300
BXP,2021-11-09,118.5,118.91999816894533,116.9000015258789,117.51000213623048,107.34175872802734,368100
BXP,2021-11-10,117.0999984741211,118.5500030517578,117.0999984741211,117.41999816894533,107.25953674316406,388000
BXP,2021-11-11,117.36000061035156,118.51000213623048,116.51000213623048,118.20999908447266,107.98119354248048,325800
BXP,2021-11-12,118.22000122070312,119.20999908447266,117.68000030517578,118.0,107.78936004638672,397900
BXP,2021-11-15,118.72000122070312,120.6999969482422,118.11000061035156,120.66000366210938,110.21918487548828,540000
BXP,2021-11-16,120.58000183105467,120.6999969482422,117.26000213623048,117.8499984741211,107.65234375,595400
BXP,2021-11-17,117.37000274658205,117.4800033569336,114.04000091552734,117.23999786376952,107.09512329101562,660900
BXP,2021-11-18,117.70999908447266,119.62000274658205,117.12000274658205,119.27999877929688,108.9585952758789,545300
BXP,2021-11-19,119.1999969482422,119.1999969482422,115.41999816894533,116.94000244140624,106.8210906982422,840500
BXP,2021-11-22,117.0,119.55999755859376,116.41999816894533,118.12999725341795,107.90811920166016,677300
BXP,2021-11-23,118.95999908447266,119.66000366210938,117.61000061035156,117.91000366210938,107.7071533203125,610600
BXP,2021-11-24,117.33999633789062,118.47000122070312,116.91999816894533,118.11000061035156,107.8898468017578,368100
BXP,2021-11-26,114.75,114.75,109.6500015258789,111.68000030517578,102.0162353515625,724400
BXP,2021-11-29,112.48999786376952,112.48999786376952,109.02999877929688,110.33999633789062,100.79218292236328,761400
BXP,2021-11-30,108.75,108.95999908447266,106.4499969482422,107.83999633789062,98.5085220336914,1635200
BXP,2021-12-01,110.27999877929688,111.45999908447266,105.18000030517578,105.3000030517578,96.18830108642578,798000
BXP,2021-12-02,106.06999969482422,111.41999816894533,105.87999725341795,110.48999786376952,100.92919921875,990100
BXP,2021-12-03,111.05999755859376,111.98999786376952,108.75,110.22000122070312,100.68257904052734,910600
BXP,2021-12-06,112.81999969482422,115.41999816894533,111.18000030517578,113.43000030517578,103.61480712890624,1007200
BXP,2021-12-07,114.2300033569336,115.2300033569336,113.79000091552734,115.18000030517578,105.21337127685548,840700
BXP,2021-12-08,115.27999877929688,118.3499984741211,114.94000244140624,117.3499984741211,107.1956024169922,753500
BXP,2021-12-09,116.4000015258789,116.4000015258789,113.23999786376952,114.80999755859376,104.8753890991211,959600
BXP,2021-12-10,115.73999786376952,115.73999786376952,112.51000213623048,114.0999984741211,104.22682189941406,690700
BXP,2021-12-13,113.51000213623048,114.47000122070312,110.80999755859376,113.8000030517578,103.95278930664062,673500
BXP,2021-12-14,113.0,115.0199966430664,113.0,114.27999877929688,104.3912582397461,824400
BXP,2021-12-15,115.0199966430664,115.7300033569336,113.1999969482422,115.66000366210938,105.65184783935548,811300
BXP,2021-12-16,116.1999969482422,116.1999969482422,113.04000091552734,114.0199966430664,104.1537628173828,925000
BXP,2021-12-17,114.26000213623048,115.43000030517578,113.27999877929688,114.1999969482422,104.31817626953124,1985300
BXP,2021-12-20,112.45999908447266,112.75,108.58999633789062,111.31999969482422,101.68739318847656,766300
BXP,2021-12-21,112.5,115.87999725341795,112.12000274658205,114.8000030517578,104.86627197265624,802200
BXP,2021-12-22,114.08000183105467,115.05999755859376,113.3000030517578,114.66999816894533,104.74750518798828,693400
BXP,2021-12-23,114.55999755859376,115.22000122070312,113.4800033569336,114.26000213623048,104.37299346923828,864000
BXP,2021-12-27,114.26000213623048,115.94000244140624,113.43000030517578,115.9000015258789,105.87107849121094,545900
BXP,2021-12-28,115.37000274658205,116.27999877929688,114.51000213623048,115.30999755859376,105.3321304321289,484800
BXP,2021-12-29,115.66999816894533,115.91999816894533,114.08999633789062,115.58000183105467,105.57876586914062,346600
BXP,2021-12-30,115.0,116.76000213623048,114.87000274658205,115.72000122070312,106.61061096191406,510900
BXP,2021-12-31,115.58000183105467,116.44000244140624,115.16999816894533,115.18000030517578,106.11310577392578,431700
BXP,2022-01-03,116.5999984741211,120.0,116.0199966430664,119.94000244140624,110.49840545654295,1100900
BXP,2022-01-04,121.18000030517578,124.8499984741211,121.18000030517578,123.93000030517578,114.17431640625,1242600
BXP,2022-01-05,124.27999877929688,125.33999633789062,121.88999938964844,122.26000213623048,112.63578033447266,1042800
BXP,2022-01-06,123.4499969482422,124.9800033569336,122.18000030517578,124.8000030517578,114.97584533691406,1045200
BXP,2022-01-07,125.0,128.0,124.8499984741211,125.62999725341795,115.74048614501952,1099000
BXP,2022-01-10,125.83000183105467,126.16999816894533,124.4000015258789,125.11000061035156,115.26142120361328,590300
BXP,2022-01-11,125.0,125.0,122.41999816894533,123.47000122070312,113.7505340576172,761300
BXP,2022-01-12,123.41999816894533,124.19000244140624,122.5999984741211,123.5199966430664,113.7965850830078,518600
BXP,2022-01-13,123.51000213623048,126.41999816894533,123.37999725341795,125.70999908447266,115.81419372558594,700600
BXP,2022-01-14,125.04000091552734,125.87000274658205,123.69000244140624,125.08000183105467,115.23379516601562,770100
BXP,2022-01-18,125.01000213623048,125.54000091552734,122.80999755859376,123.43000030517578,113.71367645263672,814500
BXP,2022-01-19,124.13999938964844,124.22000122070312,119.94000244140624,120.04000091552734,110.59052276611328,712600
BXP,2022-01-20,119.7300033569336,121.43000030517578,116.43000030517578,116.62999725341795,107.448974609375,730700
BXP,2022-01-21,116.88999938964844,116.91999816894533,113.62999725341795,114.44000244140624,105.43136596679688,989600
BXP,2022-01-24,111.8499984741211,115.51000213623048,109.52999877929688,115.02999877929688,105.97491455078124,1412100
BXP,2022-01-25,113.80999755859376,115.06999969482422,112.05999755859376,114.25,105.25630950927734,1071400
BXP,2022-01-26,115.3000030517578,118.6999969482422,113.45999908447266,114.63999938964844,105.61560821533205,1221600
BXP,2022-01-27,116.06999969482422,116.72000122070312,109.63999938964844,110.47000122070312,101.77389526367188,1371200
BXP,2022-01-28,110.20999908447266,113.33000183105467,107.69000244140624,113.3000030517578,104.38111114501952,1204900
BXP,2022-01-31,111.9800033569336,112.73999786376952,110.43000030517578,112.08000183105467,103.25714874267578,3015300
BXP,2022-02-01,111.5999984741211,116.13999938964844,111.22000122070312,115.4800033569336,106.3895034790039,1318800
BXP,2022-02-02,115.75,117.38999938964844,115.0199966430664,115.52999877929688,106.43556213378906,892500
BXP,2022-02-03,115.31999969482422,115.45999908447266,113.18000030517578,113.66000366210938,104.7127685546875,547100
BXP,2022-02-04,113.0,114.16000366210938,111.22000122070312,112.6999969482422,103.82833099365234,686200
BXP,2022-02-07,112.8000030517578,114.61000061035156,112.5,113.8499984741211,104.88780212402344,820900
BXP,2022-02-08,114.69000244140624,115.08000183105467,113.0500030517578,113.7699966430664,104.81409454345705,1052900
BXP,2022-02-09,114.9800033569336,116.5999984741211,114.6500015258789,116.52999877929688,107.35684204101562,1068800
BXP,2022-02-10,115.9000015258789,118.83000183105467,114.79000091552734,115.58000183105467,106.48162841796876,902800
BXP,2022-02-11,115.70999908447266,118.8499984741211,115.5500030517578,117.66999816894533,108.40709686279295,1901900
BXP,2022-02-14,118.13999938964844,118.73999786376952,116.72000122070312,116.9499969482422,107.74376678466795,1234300
BXP,2022-02-15,118.08000183105467,120.56999969482422,117.43000030517578,119.9000015258789,110.46156311035156,1002700
BXP,2022-02-16,120.02999877929688,122.66999816894533,120.02999877929688,122.58000183105467,112.93058776855467,1182400
BXP,2022-02-17,121.97000122070312,123.16999816894533,121.22000122070312,122.0199966430664,112.41466522216795,874900
BXP,2022-02-18,121.79000091552734,123.4000015258789,120.94000244140624,121.1999969482422,111.65921783447266,1098600
BXP,2022-02-22,121.06999969482422,121.83999633789062,118.93000030517578,121.20999908447266,111.6684341430664,1148000
BXP,2022-02-23,122.19000244140624,122.87999725341795,118.36000061035156,118.4000015258789,109.07964324951172,1030000
BXP,2022-02-24,115.83999633789062,120.41999816894533,114.58999633789062,120.01000213623048,110.56289672851562,1458600
BXP,2022-02-25,120.9800033569336,123.66999816894533,120.62000274658205,123.45999908447266,113.7413101196289,855500
BXP,2022-02-28,121.01000213623048,123.4000015258789,120.62000274658205,122.30999755859376,112.68183135986328,1073400
BXP,2022-03-01,122.13999938964844,123.0500030517578,119.4800033569336,120.83999633789062,111.32756042480467,622500
BXP,2022-03-02,121.77999877929688,123.3000030517578,121.58000183105467,122.9000015258789,113.22539520263672,663500
BXP,2022-03-03,122.4800033569336,123.16000366210938,120.8000030517578,122.51000213623048,112.86609649658205,627800
BXP,2022-03-04,120.55999755859376,123.2300033569336,120.16000366210938,123.16000366210938,113.46492004394533,640600
BXP,2022-03-07,122.8000030517578,123.81999969482422,120.61000061035156,121.11000061035156,111.57630920410156,617300
BXP,2022-03-08,121.87999725341795,124.02999877929688,120.44000244140624,122.0500030517578,112.44231414794922,921600
BXP,2022-03-09,124.12999725341795,125.1999969482422,123.54000091552734,124.0199966430664,114.25723266601562,967000
BXP,2022-03-10,122.6500015258789,125.19000244140624,121.4499969482422,124.97000122070312,115.13245391845705,494900
BXP,2022-03-11,125.76000213623048,126.41999816894533,123.3499984741211,123.44000244140624,113.72289276123048,730500
BXP,2022-03-14,124.66999816894533,125.68000030517578,122.23999786376952,122.8000030517578,113.13327026367188,876800
BXP,2022-03-15,123.47000122070312,124.23999786376952,121.41999816894533,122.66000366210938,113.00428771972656,674000
BXP,2022-03-16,124.12000274658205,125.0,121.41000366210938,123.77999877929688,114.03611755371094,760000
BXP,2022-03-17,123.2699966430664,124.75,122.87999725341795,124.73999786376952,114.9205551147461,536200
BXP,2022-03-18,124.33999633789062,124.69000244140624,122.58999633789062,124.5500030517578,114.74552154541016,1226100
BXP,2022-03-21,125.0999984741211,126.36000061035156,124.3499984741211,125.51000213623048,115.62995147705078,457800
BXP,2022-03-22,126.52999877929688,127.1500015258789,125.16000366210938,125.41999816894533,115.54702758789062,667900
BXP,2022-03-23,125.68000030517578,125.8000030517578,122.95999908447266,123.27999877929688,113.5754852294922,581000
BXP,2022-03-24,123.26000213623048,126.20999908447266,123.16000366210938,126.12000274658205,116.1919174194336,720600
BXP,2022-03-25,126.52999877929688,129.88999938964844,126.52999877929688,129.77999877929688,119.56379699707033,765600
BXP,2022-03-28,129.5399932861328,129.89999389648438,128.42999267578125,129.75,119.53617095947266,558100
BXP,2022-03-29,130.0,133.11000061035156,129.75,132.50999450683594,122.0789031982422,777500
BXP,2022-03-30,131.1999969482422,132.4199981689453,129.9499969482422,130.86000061035156,121.45706176757812,606100
BXP,2022-03-31,130.9600067138672,131.91000366210938,128.72999572753906,128.8000030517578,119.54507446289062,828000
BXP,2022-04-01,129.83999633789062,130.27000427246094,127.87999725341795,130.24000549316406,120.88160705566406,528900
BXP,2022-04-04,130.4600067138672,130.47999572753906,127.05999755859376,128.32000732421875,119.09957122802734,389200
BXP,2022-04-05,128.0399932861328,129.82000732421875,125.47000122070312,125.8000030517578,116.76065063476562,659000
BXP,2022-04-06,125.54000091552734,125.88999938964844,123.94000244140624,125.08000183105467,116.09236907958984,981000
BXP,2022-04-07,124.72000122070312,124.72000122070312,120.52999877929688,122.37000274658205,113.5771026611328,917800
BXP,2022-04-08,122.62999725341795,123.33000183105467,121.13999938964844,122.6999969482422,113.88338470458984,560200
BXP,2022-04-11,123.12999725341795,124.11000061035156,121.95999908447266,123.11000061035156,114.26392364501952,608200
BXP,2022-04-12,122.9000015258789,124.41999816894533,122.4000015258789,123.44000244140624,114.5702133178711,574300
BXP,2022-04-13,123.88999938964844,124.98999786376952,123.08000183105467,124.83999633789062,115.8696060180664,519900
BXP,2022-04-14,125.31999969482422,126.38999938964844,124.5199966430664,124.58999633789062,115.63758087158205,323100
BXP,2022-04-18,124.88999938964844,125.5999984741211,123.0500030517578,123.7699966430664,114.87650299072266,562500
BXP,2022-04-19,124.43000030517578,126.69000244140624,123.87999725341795,126.20999908447266,117.14118194580078,481800
BXP,2022-04-20,126.33000183105467,128.35000610351562,126.33000183105467,127.69000244140624,118.51482391357422,497600
BXP,2022-04-21,128.92999267578125,128.97999572753906,126.86000061035156,127.12999725341795,117.9950714111328,468200
BXP,2022-04-22,128.30999755859375,128.30999755859375,125.56999969482422,125.69000244140624,116.65853881835938,629000
BXP,2022-04-25,125.20999908447266,126.1500015258789,122.70999908447266,125.81999969482422,116.7791976928711,548400
BXP,2022-04-26,125.02999877929688,126.2699966430664,124.08000183105467,124.13999938964844,115.21991729736328,523900
BXP,2022-04-27,124.43000030517578,124.43000030517578,122.02999877929688,122.23999786376952,113.45643615722656,670200
BXP,2022-04-28,122.73999786376952,123.98999786376952,121.5199966430664,123.52999877929688,114.65374755859376,701200
BXP,2022-04-29,122.3000030517578,122.7699966430664,117.25,117.5999984741211,109.14984130859376,1248400
BXP,2022-05-02,117.98999786376952,119.12000274658205,114.56999969482422,117.23999786376952,108.81571197509766,1273700
BXP,2022-05-03,121.4499969482422,122.91000366210938,117.05999755859376,121.37999725341795,112.65824127197266,1175700
BXP,2022-05-04,120.88999938964844,123.43000030517578,119.27999877929688,122.93000030517578,114.09687042236328,1057600
BXP,2022-05-05,122.62999725341795,122.88999938964844,118.69000244140624,119.66999816894533,111.07111358642578,806500
BXP,2022-05-06,119.25,120.2300033569336,117.83999633789062,119.12000274658205,110.56062316894533,957400
BXP,2022-05-09,118.0,118.2699966430664,113.58999633789062,114.01000213623048,105.81780242919922,1114100
BXP,2022-05-10,114.8000030517578,115.83000183105467,109.25,110.2699966430664,102.34654998779295,946200
BXP,2022-05-11,110.29000091552734,112.91999816894533,108.9000015258789,109.16000366210938,101.31631469726562,787900
BXP,2022-05-12,109.08000183105467,111.33000183105467,108.4800033569336,111.0999984741211,103.11690521240234,772200
BXP,2022-05-13,112.25,113.1500015258789,110.6500015258789,112.70999908447266,104.61122131347656,1001200
BXP,2022-05-16,112.94000244140624,113.58999633789062,111.26000213623048,112.43000030517578,104.3513412475586,713800
BXP,2022-05-17,113.33000183105467,114.79000091552734,112.83999633789062,114.77999877929688,106.53247833251952,1002000
BXP,2022-05-18,114.33999633789062,114.33999633789062,109.4499969482422,109.8000030517578,101.91031646728516,797900
BXP,2022-05-19,108.73999786376952,110.25,105.04000091552734,105.08000183105467,97.52947998046876,1460000
BXP,2022-05-20,106.0999984741211,106.0999984741211,103.83000183105467,105.2300033569336,97.668701171875,1104800
BXP,2022-05-23,106.91000366210938,107.11000061035156,104.9499969482422,106.06999969482422,98.44832611083984,1054400
BXP,2022-05-24,105.51000213623048,105.9000015258789,102.48999786376952,105.58000183105467,97.99354553222656,977600
BXP,2022-05-25,104.91000366210938,108.5500030517578,104.38999938964844,107.81999969482422,100.07258605957033,766500
BXP,2022-05-26,108.66999816894533,110.33000183105467,107.9000015258789,109.66000366210938,101.78038024902344,939500
BXP,2022-05-27,110.05999755859376,112.72000122070312,110.05999755859376,112.68000030517578,104.5833740234375,758600
BXP,2022-05-31,112.20999908447266,112.37000274658205,110.83999633789062,111.18000030517578,103.191162109375,1157100
BXP,2022-06-01,111.62000274658205,111.62000274658205,106.94000244140624,108.16999816894533,100.3974380493164,453200
BXP,2022-06-02,107.58000183105467,109.08999633789062,106.62999725341795,109.06999969482422,101.23277282714844,700500
BXP,2022-06-03,108.5,108.55999755859376,106.05999755859376,106.41999816894533,98.77317810058594,619100
BXP,2022-06-06,106.88999938964844,107.0,104.81999969482422,105.29000091552734,97.7243881225586,641300
BXP,2022-06-07,104.56999969482422,107.72000122070312,103.93000030517578,107.44000244140624,99.71989440917967,679000
BXP,2022-06-08,106.33000183105467,106.76000213623048,102.83999633789062,103.13999938964844,95.72886657714844,712000
BXP,2022-06-09,102.83000183105467,102.83000183105467,98.5199966430664,98.56999969482422,91.48725128173828,799400
BXP,2022-06-10,96.91000366210938,97.62999725341795,96.55999755859376,96.91999816894533,89.955810546875,1614200
BXP,2022-06-13,94.73999786376952,95.41999816894533,90.86000061035156,91.20999908447266,84.65611267089844,1049900
BXP,2022-06-14,91.25,92.12999725341795,89.94000244140625,90.63999938964844,84.12705993652344,1139200
BXP,2022-06-15,91.72000122070312,93.63999938964844,90.7699966430664,92.04000091552734,85.42646789550781,1037000
BXP,2022-06-16,89.80999755859375,90.37000274658205,88.12000274658203,88.55000305175781,82.1872329711914,1317300
BXP,2022-06-17,90.25,91.0500030517578,89.01000213623047,90.33000183105467,83.8393325805664,1711600
BXP,2022-06-21,91.41000366210938,91.86000061035156,89.9800033569336,90.0,83.53305053710938,920800
BXP,2022-06-22,88.6500015258789,90.45999908447266,88.0199966430664,89.0999984741211,82.69772338867188,1583800
BXP,2022-06-23,89.5,90.37999725341795,88.87000274658203,90.0,83.53305053710938,1246300
BXP,2022-06-24,90.9000015258789,92.9000015258789,90.41999816894533,92.0,85.38933563232422,2230700
BXP,2022-06-27,92.0,92.7300033569336,90.79000091552734,91.97000122070312,85.36150360107422,1902900
BXP,2022-06-28,93.52999877929688,94.79000091552734,91.25,91.4000015258789,84.83245086669922,1072000
BXP,2022-06-29,90.12000274658205,90.5999984741211,89.16999816894531,90.01000213623047,84.44779205322266,741600
BXP,2022-06-30,88.80000305175781,90.30999755859376,87.61000061035156,88.9800033569336,83.48143768310547,1237900
BXP,2022-07-01,88.95999908447266,91.01000213623048,88.9000015258789,90.5999984741211,85.00132751464844,936900
BXP,2022-07-05,89.19999694824219,91.30999755859376,87.69999694824219,91.16000366210938,85.52671813964844,1092400
BXP,2022-07-06,90.86000061035156,91.70999908447266,89.6500015258789,90.02999877929688,84.46654510498047,1186800
BXP,2022-07-07,90.88999938964844,91.29000091552734,89.94999694824219,90.58999633789062,84.991943359375,1187900
BXP,2022-07-08,90.6500015258789,90.6500015258789,89.02999877929688,89.1500015258789,83.64093017578125,900200
BXP,2022-07-11,88.43000030517578,88.91000366210938,86.7699966430664,87.2699966430664,81.87710571289062,1051900
BXP,2022-07-12,86.70999908447266,88.69000244140625,86.5999984741211,87.98999786376953,82.5526123046875,1389500
BXP,2022-07-13,87.01000213623047,87.75,86.19999694824219,86.58999633789062,81.23912048339844,815900
BXP,2022-07-14,84.86000061035156,86.01000213623047,84.86000061035156,85.56999969482422,80.28215026855469,1169000
BXP,2022-07-15,87.4000015258789,87.93000030517578,86.54000091552734,87.38999938964844,81.98969268798828,1609900
BXP,2022-07-18,88.30999755859375,89.05000305175781,87.43000030517578,87.62000274658203,82.20548248291016,1298700
BXP,2022-07-19,88.58000183105469,90.08999633789062,88.16000366210938,89.94999694824219,84.39149475097656,1365300
BXP,2022-07-20,89.68000030517578,90.68000030517578,89.19999694824219,89.61000061035156,84.072509765625,1978200
BXP,2022-07-21,89.0,89.01000213623047,87.0999984741211,88.01000213623047,82.57138061523438,1194800
BXP,2022-07-22,88.6500015258789,89.7300033569336,87.9000015258789,88.55000305175781,83.0780029296875,1495600
BXP,2022-07-25,88.72000122070312,90.06999969482422,88.69999694824219,89.16000366210938,83.65032196044922,1252400
BXP,2022-07-26,88.94000244140625,89.80000305175781,87.76000213623047,88.33000183105469,82.8716049194336,1450000
BXP,2022-07-27,89.94999694824219,91.13999938964844,89.0,90.0,84.43840789794922,1972200
BXP,2022-07-28,89.44000244140625,90.7699966430664,89.13999938964844,90.08000183105467,84.51346588134766,1655000
BXP,2022-07-29,90.19000244140624,91.56999969482422,89.47000122070312,91.16000366210938,85.52671813964844,1745600
BXP,2022-08-01,90.61000061035156,90.88999938964844,88.9000015258789,89.51000213623047,83.97868347167969,977500
BXP,2022-08-02,89.25,89.7300033569336,87.93000030517578,88.05000305175781,82.6089096069336,1098800
BXP,2022-08-03,88.63999938964844,89.52999877929688,88.30999755859375,88.4000015258789,82.93727111816406,1435500
BXP,2022-08-04,88.01000213623047,88.5999984741211,86.3499984741211,86.66000366210938,81.30480194091797,975300
BXP,2022-08-05,86.20999908447266,86.7699966430664,85.3499984741211,86.58999633789062,81.23912048339844,749500
BXP,2022-08-08,87.4800033569336,88.56999969482422,86.44999694824219,86.68000030517578,81.32355499267578,1084700
BXP,2022-08-09,87.0,87.0,85.80999755859375,86.13999938964844,80.81693267822266,774000
BXP,2022-08-10,87.48999786376953,88.37999725341797,87.18000030517578,87.76000213623047,82.33683013916016,1209000
BXP,2022-08-11,88.45999908447266,90.51000213623048,88.08000183105469,89.72000122070312,84.17570495605469,1685200
BXP,2022-08-12,90.4499969482422,90.80999755859376,89.23999786376953,90.11000061035156,84.54161071777344,866900
BXP,2022-08-15,89.54000091552734,89.54000091552734,88.19999694824219,89.04000091552734,83.53772735595703,855800
BXP,2022-08-16,88.80999755859375,90.20999908447266,88.33999633789062,89.83000183105469,84.27891540527344,1104200
BXP,2022-08-17,88.7300033569336,89.12999725341797,87.58999633789062,87.79000091552734,82.36497497558594,878900
BXP,2022-08-18,87.9000015258789,88.75,86.8499984741211,87.1500015258789,81.7645263671875,1139400
BXP,2022-08-19,86.70999908447266,87.12000274658203,85.69000244140625,86.3499984741211,81.01396179199219,906400
BXP,2022-08-22,85.43000030517578,85.55000305175781,83.45999908447266,83.52999877929688,78.36821746826172,717400
BXP,2022-08-23,83.7699966430664,84.55000305175781,83.23999786376953,83.41000366210938,78.25563049316406,1265900
BXP,2022-08-24,83.29000091552734,83.66000366210938,82.5999984741211,82.66999816894531,77.56136322021484,726100
BXP,2022-08-25,83.02999877929688,84.52999877929688,82.88999938964844,84.12000274658203,78.92176055908203,738700
BXP,2022-08-26,84.01000213623047,84.08000183105469,81.48999786376953,81.51000213623047,76.4730453491211,1227000
BXP,2022-08-29,81.02999877929688,81.23999786376953,80.02999877929688,80.43000030517578,75.45978546142578,930100
BXP,2022-08-30,80.37999725341797,80.76000213623047,79.73999786376953,79.80999755859375,74.87809753417969,822800
BXP,2022-08-31,80.31999969482422,81.08000183105469,79.23999786376953,79.43000030517578,74.5215835571289,1403400
BXP,2022-09-01,79.0,79.94999694824219,78.0199966430664,79.91999816894531,74.98130798339844,1428500
BXP,2022-09-02,81.05000305175781,81.86000061035156,80.13999938964844,80.54000091552734,75.56298828125,1268700
BXP,2022-09-06,81.12999725341797,81.30999755859375,79.26000213623047,81.02999877929688,76.022705078125,1484900
BXP,2022-09-07,80.80000305175781,82.94000244140625,80.76000213623047,82.87000274658203,77.74900817871094,1631700
BXP,2022-09-08,82.19999694824219,85.69999694824219,82.08000183105469,85.63999938964844,80.34783172607422,2070700
BXP,2022-09-09,85.73999786376953,86.30000305175781,85.1500015258789,85.80000305175781,80.4979476928711,1549800
BXP,2022-09-12,86.66000366210938,87.61000061035156,86.33000183105469,87.20999908447266,81.82080841064453,1463700
BXP,2022-09-13,85.2699966430664,85.75,84.26000213623047,84.5199966430664,79.29704284667969,1136000
BXP,2022-09-14,84.22000122070312,84.86000061035156,83.11000061035156,83.72000122070312,78.5464859008789,1385700
BXP,2022-09-15,83.56999969482422,84.58000183105469,82.61000061035156,82.7699966430664,77.65518951416016,1129800
BXP,2022-09-16,82.44999694824219,83.58999633789062,81.08999633789062,83.43000030517578,78.27439880371094,2082200
BXP,2022-09-19,82.2300033569336,82.95999908447266,81.55999755859375,81.9800033569336,76.91400146484375,2135200
BXP,2022-09-20,80.80000305175781,81.04000091552734,79.18000030517578,79.52999877929688,74.61539459228516,1040800
BXP,2022-09-21,80.3499984741211,80.68000030517578,77.44000244140625,77.47000122070312,72.68270111083984,1315700
BXP,2022-09-22,77.38999938964844,78.3499984741211,75.91000366210938,77.83999633789062,73.02983856201172,1561000
BXP,2022-09-23,76.94999694824219,77.37999725341797,75.83999633789062,77.11000061035156,72.34495544433594,1460900
BXP,2022-09-26,76.51000213623047,76.52999877929688,74.06999969482422,74.51000213623047,69.9056167602539,1690800
BXP,2022-09-27,75.37999725341797,76.04000091552734,73.41000366210938,73.66000366210938,69.108154296875,1461200
BXP,2022-09-28,74.37999725341797,77.30000305175781,73.47000122070312,76.5,71.77264404296875,2149200
BXP,2022-09-29,74.62999725341797,75.3499984741211,73.18000030517578,74.68000030517578,70.97432708740234,2236100
BXP,2022-09-30,75.54000091552734,75.73999786376953,74.47000122070312,74.97000122070312,71.24993896484375,2507500
BXP,2022-10-03,76.6500015258789,76.9800033569336,75.0,75.73999786376953,71.98172760009766,1675300
BXP,2022-10-04,76.68000030517578,78.30000305175781,76.41999816894531,76.95999908447266,73.14118957519531,1519800
BXP,2022-10-05,75.55000305175781,76.01000213623047,72.52999877929688,74.5,70.80326080322266,1639800
BXP,2022-10-06,74.2699966430664,74.4800033569336,72.37000274658203,73.41999816894531,69.77684783935547,1459700
BXP,2022-10-07,72.33999633789062,73.18000030517578,71.11000061035156,71.30999755859375,67.77154541015625,1344600
BXP,2022-10-10,71.12000274658203,71.62999725341797,70.12999725341797,70.19000244140625,66.70712280273438,1073600
BXP,2022-10-11,69.98999786376953,71.83000183105469,69.12999725341797,71.20999908447266,67.676513671875,1042700
BXP,2022-10-12,70.98999786376953,71.52999877929688,70.22000122070312,71.16999816894531,67.63848876953125,954700
BXP,2022-10-13,69.91000366210938,73.88999938964844,68.80000305175781,73.47000122070312,69.82437133789062,1542500
BXP,2022-10-14,74.4800033569336,74.77999877929688,72.94999694824219,73.18000030517578,69.54875946044922,1055500
BXP,2022-10-17,74.87000274658203,75.55999755859375,74.25,74.80000305175781,71.08837890625,1469000
BXP,2022-10-18,76.01000213623047,76.16999816894531,73.7300033569336,74.4000015258789,70.70822143554688,1059100
BXP,2022-10-19,72.55000305175781,73.33000183105469,71.1500015258789,71.81999969482422,68.25624084472656,1109800
BXP,2022-10-20,72.1500015258789,73.37000274658203,71.6500015258789,72.30000305175781,68.71241760253906,1447800
BXP,2022-10-21,72.63999938964844,72.63999938964844,71.1500015258789,72.5,68.90249633789062,1454900
BXP,2022-10-24,72.97000122070312,73.56999969482422,72.08999633789062,72.81999969482422,69.20661926269531,1608200
BXP,2022-10-25,72.93000030517578,75.33000183105469,72.93000030517578,75.33000183105469,71.59207916259766,3850700
BXP,2022-10-26,73.75,74.37999725341797,71.6500015258789,72.88999938964844,69.27314758300781,2832400
BXP,2022-10-27,73.93000030517578,74.05000305175781,70.5199966430664,70.91999816894531,67.4009017944336,1885500
BXP,2022-10-28,70.70999908447266,72.83000183105469,70.55999755859375,72.80000305175781,69.18761444091797,2161200
BXP,2022-10-31,72.37999725341797,73.08000183105469,71.37000274658203,72.69999694824219,69.09257507324219,2002200
BXP,2022-11-01,73.5,73.5,71.86000061035156,72.19999694824219,68.61737823486328,1006900
BXP,2022-11-02,71.68000030517578,73.52999877929688,71.16000366210938,71.23999786376953,67.70501708984375,1137200
BXP,2022-11-03,71.0,71.08999633789062,69.22000122070312,70.55999755859375,67.05876159667969,1083100
BXP,2022-11-04,71.19000244140625,72.48999786376953,70.63999938964844,71.63999938964844,68.08516693115234,1907100
BXP,2022-11-07,72.22000122070312,72.87000274658203,71.11000061035156,71.98999786376953,68.41780853271484,1512100
BXP,2022-11-08,72.51000213623047,72.56999969482422,70.9800033569336,71.52999877929688,67.98062896728516,1166600
BXP,2022-11-09,70.6500015258789,71.48999786376953,70.30999755859375,70.75,67.23933410644531,1117000
BXP,2022-11-10,73.44000244140625,75.5,73.44000244140625,75.4800033569336,71.73463439941406,2683400
BXP,2022-11-11,76.13999938964844,76.9000015258789,75.2699966430664,76.08000183105469,72.30485534667969,1430800
BXP,2022-11-14,75.58000183105469,76.30999755859375,74.41999816894531,74.41999816894531,70.72722625732422,1474600
BXP,2022-11-15,75.41999816894531,75.5999984741211,73.5999984741211,74.38999938964844,70.6987075805664,1123100
BXP,2022-11-16,74.02999877929688,74.02999877929688,71.0999984741211,71.16999816894531,67.63848876953125,1281600
BXP,2022-11-17,69.94999694824219,70.68000030517578,69.44999694824219,70.62000274658203,67.11579132080078,1789600
BXP,2022-11-18,71.70999908447266,71.86000061035156,69.70999908447266,70.88999938964844,67.37238311767578,1769000
BXP,2022-11-21,70.4800033569336,71.16999816894531,69.87000274658203,70.63999938964844,67.1347885131836,1455000
BXP,2022-11-22,71.13999938964844,71.43000030517578,70.05999755859375,70.5199966430664,67.02073669433594,1718200
BXP,2022-11-23,70.0,70.55999755859375,69.44000244140625,70.13999938964844,66.65960693359375,1293500
BXP,2022-11-25,70.12999725341797,72.02999877929688,69.86000061035156,71.6500015258789,68.09468078613281,933800
BXP,2022-11-28,70.91999816894531,71.4800033569336,69.4000015258789,69.58999633789062,66.13689422607422,2402800
BXP,2022-11-29,69.94000244140625,71.6500015258789,69.5999984741211,70.69000244140625,67.18231201171875,1563700
BXP,2022-11-30,70.31999969482422,72.08000183105469,69.30999755859375,72.08000183105469,68.50333404541016,4584300
BXP,2022-12-01,72.55000305175781,73.58000183105469,71.4800033569336,71.6500015258789,68.09468078613281,1917900
BXP,2022-12-02,70.7699966430664,71.05000305175781,70.08999633789062,70.70999908447266,67.2013168334961,1626300
BXP,2022-12-05,69.77999877929688,70.23999786376953,67.25,67.8499984741211,64.48323822021484,2874300
BXP,2022-12-06,67.86000061035156,67.98999786376953,65.13999938964844,65.33999633789062,62.0977783203125,2251500
BXP,2022-12-07,65.0,66.05000305175781,64.43000030517578,65.0,61.77465438842773,1397500
BXP,2022-12-08,65.0,67.26000213623047,65.0,66.2699966430664,62.981632232666016,1793500
BXP,2022-12-09,66.06999969482422,67.0199966430664,65.75,66.61000061035156,63.30476379394531,1545500
BXP,2022-12-12,66.9800033569336,67.86000061035156,65.5999984741211,67.68000030517578,64.32167053222656,1197400
BXP,2022-12-13,69.75,70.3499984741211,67.68000030517578,68.04000091552734,64.66381072998047,2334100
BXP,2022-12-14,67.69999694824219,70.13999938964844,67.69999694824219,69.54000091552734,66.0893783569336,3208400
BXP,2022-12-15,69.30999755859375,69.80000305175781,68.75,69.12000274658203,65.69022369384766,2273100
BXP,2022-12-16,67.98999786376953,68.69999694824219,66.30000305175781,67.27999877929688,63.94152069091797,3320100
BXP,2022-12-19,67.01000213623047,67.37999725341797,65.5199966430664,66.5199966430664,63.21923065185547,1476900
BXP,2022-12-20,66.0199966430664,67.58000183105469,65.91000366210938,66.95999908447266,63.637393951416016,1858700
BXP,2022-12-21,67.7699966430664,68.36000061035156,67.4000015258789,67.51000213623047,64.16011047363281,1782800
BXP,2022-12-22,66.8499984741211,68.27999877929688,66.16999816894531,68.25,64.86338806152344,1369700
BXP,2022-12-23,68.02999877929688,68.5,67.4000015258789,68.4000015258789,65.00594329833984,982800
BXP,2022-12-27,68.4000015258789,69.12000274658203,68.0,68.9000015258789,65.48113250732422,1077200
BXP,2022-12-28,68.88999938964844,69.11000061035156,66.16000366210938,66.33999633789062,63.04816055297852,1107400
BXP,2022-12-29,65.68000030517578,67.75,65.56999969482422,67.54000091552734,65.15105438232422,964900
BXP,2022-12-30,66.93000030517578,67.87999725341797,66.58000183105469,67.58000183105469,65.18964385986328,1180900
BXP,2023-01-03,68.1500015258789,69.0999984741211,66.36000061035156,66.62000274658203,64.26360321044922,1746100
BXP,2023-01-04,66.20999908447266,67.91999816894531,66.20999908447266,66.70999908447266,64.35041046142578,1769200
BXP,2023-01-05,66.08999633789062,66.19000244140625,64.18000030517578,64.18000030517578,61.9099006652832,1680600
BXP,2023-01-06,64.48999786376953,67.2300033569336,64.02999877929688,67.05000305175781,64.67839050292969,1458900
BXP,2023-01-09,66.9800033569336,67.69999694824219,65.70999908447266,65.72000122070312,63.39543533325195,1285100
BXP,2023-01-10,65.41000366210938,67.41000366210938,65.23999786376953,67.38999938964844,65.00636291503906,1076900
BXP,2023-01-11,68.06999969482422,69.79000091552734,68.05999755859375,69.76000213623047,67.29253387451172,1044600
BXP,2023-01-12,70.37000274658203,71.54000091552734,70.02999877929688,71.22000122070312,68.70089721679688,1236600
BXP,2023-01-13,70.2699966430664,72.05000305175781,70.0,71.19999694824219,68.68159484863281,931600
BXP,2023-01-17,71.5,72.11000061035156,70.8499984741211,71.80000305175781,69.26038360595703,908500
BXP,2023-01-18,71.7699966430664,72.91000366210938,70.22000122070312,71.12999725341797,68.61407470703125,1233200
BXP,2023-01-19,70.56999969482422,71.25,69.98999786376953,70.43000030517578,67.93883514404297,796800
BXP,2023-01-20,70.37999725341797,71.25,69.77999877929688,71.19999694824219,68.68159484863281,861500
BXP,2023-01-23,71.54000091552734,72.18000030517578,70.91999816894531,71.16999816894531,68.65265655517578,943700
BXP,2023-01-24,70.79000091552734,71.4000015258789,70.43000030517578,70.8499984741211,68.34397888183594,898200
BXP,2023-01-25,70.29000091552734,71.31999969482422,69.8499984741211,71.08999633789062,68.57548522949219,1045200
BXP,2023-01-26,71.37000274658203,71.75,69.83000183105469,70.04000091552734,67.56262969970703,1386700
BXP,2023-01-27,69.77999877929688,74.0,69.77999877929688,73.69999694824219,71.09317016601562,1215300
BXP,2023-01-30,72.91999816894531,73.62000274658203,72.12999725341797,72.19000244140625,69.63658142089844,1403900
BXP,2023-01-31,72.2300033569336,74.58999633789062,71.75,74.54000091552734,71.9034652709961,3884400
BXP,2023-02-01,71.8499984741211,75.22000122070312,71.79000091552734,74.38999938964844,71.75875854492188,2694100
BXP,2023-02-02,76.5,79.41999816894531,74.79000091552734,78.37000274658203,75.59799194335938,2166900
BXP,2023-02-03,76.98999786376953,77.06999969482422,74.70999908447266,75.4800033569336,72.81021118164062,1691900
BXP,2023-02-06,74.2300033569336,74.51000213623047,72.4800033569336,73.36000061035156,70.76519775390625,1655600
BXP,2023-02-07,72.63999938964844,74.08000183105469,72.12000274658203,73.5,70.9002456665039,1215900
BXP,2023-02-08,73.18000030517578,73.66999816894531,72.58999633789062,73.04000091552734,70.4565200805664,889400
BXP,2023-02-09,73.47000122070312,73.98999786376953,71.31999969482422,71.77999877929688,69.24108123779297,797200
BXP,2023-02-10,71.51000213623047,72.69000244140625,71.33000183105469,72.54000091552734,69.97419738769531,968100
BXP,2023-02-13,72.5999984741211,73.2699966430664,72.12000274658203,73.2300033569336,70.63980102539062,988000
BXP,2023-02-14,73.0,73.56999969482422,72.25,72.33999633789062,69.7812728881836,848000
BXP,2023-02-15,71.80000305175781,73.19999694824219,71.55999755859375,73.19000244140625,70.60121154785156,618600
BXP,2023-02-16,72.33000183105469,72.33000183105469,71.27999877929688,71.37000274658203,68.84558868408203,1035400
BXP,2023-02-17,71.27999877929688,71.27999877929688,69.7300033569336,70.44000244140625,67.948486328125,1116100
BXP,2023-02-21,70.16000366210938,70.37999725341797,68.16999816894531,68.44000244140625,66.01922607421875,860600
BXP,2023-02-22,68.77999877929688,69.36000061035156,67.7699966430664,68.16000366210938,65.74913024902344,859700
BXP,2023-02-23,68.56999969482422,69.13999938964844,67.62999725341797,68.56999969482422,66.14462280273438,760000
BXP,2023-02-24,68.12999725341797,68.19999694824219,66.2300033569336,66.72000122070312,64.36006164550781,942700
BXP,2023-02-27,67.44999694824219,67.63999938964844,65.68000030517578,66.05999755859375,63.72340393066406,1144500
BXP,2023-02-28,66.29000091552734,66.81999969482422,65.43000030517578,65.4800033569336,63.16392517089844,1610200
BXP,2023-03-01,64.98999786376953,65.33000183105469,64.23999786376953,64.80999755859375,62.517616271972656,1214200
BXP,2023-03-02,64.48999786376953,65.33000183105469,63.38999938964844,65.12999725341797,62.826297760009766,1155700
BXP,2023-03-03,65.52999877929688,65.7699966430664,64.79000091552734,65.66000366210938,63.33755874633789,1187300
BXP,2023-03-06,66.2699966430664,67.08999633789062,65.80999755859375,66.1500015258789,63.81021881103516,1027100
BXP,2023-03-07,66.0,66.30999755859375,63.2400016784668,63.290000915527344,61.05138397216797,1202600
BXP,2023-03-08,63.22999954223633,64.62000274658203,63.11000061035156,64.16999816894531,61.90025329589844,794100
BXP,2023-03-09,63.560001373291016,63.869998931884766,61.84000015258789,61.93999862670898,59.74913024902344,1572100
BXP,2023-03-10,61.75,62.02000045776367,57.34999847412109,57.43999862670898,55.40829849243164,2771100
BXP,2023-03-13,56.52000045776367,56.880001068115234,55.310001373291016,55.84000015258789,53.864891052246094,3551000
BXP,2023-03-14,57.52999877929688,57.810001373291016,52.91999816894531,53.43000030517578,51.540138244628906,3524400
BXP,2023-03-15,52.02000045776367,55.08000183105469,51.59999847412109,54.93000030517578,52.987083435058594,3635300
BXP,2023-03-16,55.18999862670898,55.18999862670898,52.290000915527344,53.5099983215332,51.6173095703125,3755100
BXP,2023-03-17,53.09000015258789,53.20000076293945,50.18000030517578,51.09999847412109,49.29254913330078,4518300
BXP,2023-03-20,50.0,53.20000076293945,49.97999954223633,51.720001220703125,49.890625,2388500
BXP,2023-03-21,52.90999984741211,54.650001525878906,52.5099983215332,53.59000015258789,51.694480895996094,2584600
BXP,2023-03-22,53.18000030517578,53.18000030517578,49.90999984741211,49.95000076293945,48.1832275390625,2091900
BXP,2023-03-23,49.34999847412109,50.56999969482422,47.150001525878906,47.369998931884766,45.694480895996094,4108000
BXP,2023-03-24,46.65999984741211,49.810001373291016,46.18000030517578,49.41999816894531,47.671974182128906,3704300
BXP,2023-03-27,50.77000045776367,51.290000915527344,49.79999923706055,50.34000015258789,48.55943298339844,2403200
BXP,2023-03-28,49.720001220703125,51.40999984741211,49.43999862670898,50.900001525878906,49.09962844848633,2341200
BXP,2023-03-29,51.900001525878906,53.5099983215332,51.650001525878906,53.150001525878906,51.27004623413086,2905100
BXP,2023-03-30,53.04999923706055,54.209999084472656,52.52999877929688,53.29999923706055,52.38055038452149,3289500
BXP,2023-03-31,53.650001525878906,54.150001525878906,52.58000183105469,54.119998931884766,53.1864013671875,2803700
BXP,2023-04-03,54.38999938964844,55.29999923706055,53.150001525878906,53.630001068115234,52.704856872558594,1895700
BXP,2023-04-04,54.130001068115234,54.2400016784668,52.2599983215332,52.83000183105469,51.91865921020508,1920000
BXP,2023-04-05,52.36000061035156,52.880001068115234,51.75,52.52999877929688,51.62383270263672,2041200
BXP,2023-04-06,52.9900016784668,53.33000183105469,52.33000183105469,53.09999847412109,52.18399810791016,1351900
BXP,2023-04-10,52.75,53.650001525878906,51.40999984741211,52.790000915527344,51.87934875488281,1885300
BXP,2023-04-11,53.2400016784668,54.709999084472656,52.95000076293945,54.0099983215332,53.07830047607422,1954100
BXP,2023-04-12,54.68999862670898,54.84000015258789,51.43000030517578,51.58000183105469,50.690223693847656,1650100
BXP,2023-04-13,51.59000015258789,52.130001068115234,51.09999847412109,51.68000030517578,50.78849411010742,1450600
BXP,2023-04-14,52.34999847412109,52.9900016784668,50.68999862670898,50.959999084472656,50.08091354370117,1337600
BXP,2023-04-17,51.16999816894531,53.33000183105469,50.91999816894531,53.06999969482422,52.154518127441406,1702400
BXP,2023-04-18,53.02000045776367,53.04999923706055,51.650001525878906,52.650001525878906,51.74176406860352,1345100
BXP,2023-04-19,52.119998931884766,54.22999954223633,51.79999923706055,53.900001525878906,52.97019958496094,1231600
BXP,2023-04-20,52.970001220703125,53.650001525878906,51.84000015258789,52.27999877929688,51.37814331054688,1945900
BXP,2023-04-21,52.47999954223633,52.61000061035156,51.459999084472656,52.119998931884766,51.22090530395508,1473600
BXP,2023-04-24,52.13999938964844,52.5,51.16999816894531,52.02999877929688,51.1324577331543,1257200
BXP,2023-04-25,51.5,51.7400016784668,49.72999954223633,50.29999923706055,49.43230056762695,2399200
BXP,2023-04-26,52.02000045776367,53.0,50.34000015258789,51.18000030517578,50.297119140625,2749200
BXP,2023-04-27,50.84999847412109,53.06999969482422,50.33000183105469,52.81999969482422,51.90882873535156,1997800
BXP,2023-04-28,52.63999938964844,54.470001220703125,52.5,53.36000061035156,52.43951416015625,1485000
BXP,2023-05-01,53.209999084472656,53.90999984741211,52.5,52.810001373291016,51.89900207519531,1648400
BXP,2023-05-02,52.150001525878906,52.59999847412109,49.91999816894531,51.209999084472656,50.326602935791016,1574400
BXP,2023-05-03,51.459999084472656,51.91999816894531,50.02999877929688,50.27000045776367,49.4028205871582,1866700
BXP,2023-05-04,49.7400016784668,50.93999862670898,49.15999984741211,50.65999984741211,49.78609085083008,1659700
BXP,2023-05-05,51.5,52.16999816894531,50.790000915527344,51.93000030517578,51.03418350219727,1191900
BXP,2023-05-08,52.02000045776367,52.08000183105469,50.79999923706055,50.91999816894531,50.041603088378906,1004800
BXP,2023-05-09,50.11000061035156,51.36000061035156,49.560001373291016,50.9900016784668,50.11040115356445,1526200
BXP,2023-05-10,51.72999954223633,51.880001068115234,49.93000030517578,50.61000061035156,49.73695373535156,1385200
BXP,2023-05-11,49.810001373291016,50.31999969482422,49.220001220703125,49.43000030517578,48.57730865478516,1586900
BXP,2023-05-12,49.630001068115234,49.880001068115234,47.959999084472656,48.41999816894531,47.5847282409668,1688100
BXP,2023-05-15,48.95000076293945,49.380001068115234,48.08000183105469,49.11000061035156,48.2628288269043,1349400
BXP,2023-05-16,48.90999984741211,49.09999847412109,47.0099983215332,47.060001373291016,46.24819564819336,1509800
BXP,2023-05-17,47.43000030517578,49.380001068115234,47.0,49.15999984741211,48.31196594238281,1503500
BXP,2023-05-18,48.68999862670898,49.40999984741211,48.150001525878906,49.34999847412109,48.49868774414063,1386900
BXP,2023-05-19,49.7599983215332,50.68999862670898,49.060001373291016,49.08000183105469,48.23334884643555,1426000
BXP,2023-05-22,49.34999847412109,50.33000183105469,48.72999954223633,50.060001373291016,49.19644165039063,1377700
BXP,2023-05-23,50.220001220703125,52.20000076293945,50.18000030517578,50.86000061035156,49.982643127441406,2184400
BXP,2023-05-24,50.47999954223633,50.61000061035156,48.33000183105469,48.34999847412109,47.51593780517578,1546800
BXP,2023-05-25,48.0,48.130001068115234,47.06999969482422,47.59999847412109,46.77887725830078,1115300
BXP,2023-05-26,47.709999084472656,47.880001068115234,46.79999923706055,47.7400016784668,46.91646194458008,1334600
BXP,2023-05-30,48.040000915527344,49.06999969482422,47.70000076293945,48.97999954223633,48.13507080078125,1617400
BXP,2023-05-31,48.7400016784668,49.25,48.209999084472656,48.66999816894531,47.83041763305664,2858900
BXP,2023-06-01,48.66999816894531,49.04999923706055,47.59000015258789,48.04999923706055,47.22111511230469,1492000
BXP,2023-06-02,49.47999954223633,50.900001525878906,48.970001220703125,50.63999938964844,49.76643371582031,1653300
BXP,2023-06-05,50.560001373291016,50.81999969482422,49.68000030517578,49.68999862670898,48.832820892333984,1083500
BXP,2023-06-06,50.02999877929688,52.68999862670898,49.68999862670898,52.040000915527344,51.14228439331055,1672800
BXP,2023-06-07,52.790000915527344,55.04999923706055,52.040000915527344,54.47999954223633,53.54019165039063,2628300
BXP,2023-06-08,54.08000183105469,54.36000061035156,52.400001525878906,53.880001068115234,52.95054626464844,1855400
BXP,2023-06-09,54.11000061035156,54.630001068115234,53.52999877929688,54.11000061035156,53.17657852172852,1705100
BXP,2023-06-12,54.02999877929688,55.43000030517578,53.75,54.380001068115234,53.44192123413086,1833900
BXP,2023-06-13,54.66999816894531,56.119998931884766,54.04999923706055,54.93000030517578,53.9824333190918,1719700
BXP,2023-06-14,55.5099983215332,56.40999984741211,53.810001373291016,54.22999954223633,53.29450607299805,1541600
BXP,2023-06-15,53.77000045776367,55.31999969482422,53.470001220703125,55.22999954223633,54.27725601196289,1509000
BXP,2023-06-16,55.34999847412109,55.4900016784668,54.400001525878906,55.040000915527344,54.09053421020508,1989500
BXP,2023-06-20,54.54999923706055,54.59999847412109,53.18000030517578,54.11000061035156,53.17657852172852,1491600
BXP,2023-06-21,53.81999969482422,54.66999816894531,52.880001068115234,54.18000030517578,53.24536895751953,966100
BXP,2023-06-22,54.33000183105469,54.33000183105469,51.75,52.29999923706055,51.39780044555664,1303100
BXP,2023-06-23,51.93000030517578,52.380001068115234,51.16999816894531,51.5,50.61159896850586,2638400
BXP,2023-06-26,51.90999984741211,56.720001220703125,51.869998931884766,56.59000015258789,55.61379623413086,3046400
BXP,2023-06-27,56.29999923706055,58.13999938964844,55.41999816894531,57.75,56.7537841796875,2890400
BXP,2023-06-28,57.7400016784668,57.84999847412109,56.34999847412109,56.810001373291016,55.83000183105469,2681300
BXP,2023-06-29,56.0,57.220001220703125,55.150001525878906,57.09999847412109,57.09999847412109,1972800
BXP,2023-06-30,57.7599983215332,58.4900016784668,56.18999862670898,57.59000015258789,57.59000015258789,2123000
BXP,2023-07-03,57.47999954223633,58.90999984741211,57.36000061035156,58.43999862670898,58.43999862670898,1011300
BXP,2023-07-05,58.0,59.18999862670898,57.04999923706055,58.06999969482422,58.06999969482422,1469700
BXP,2023-07-06,56.88999938964844,57.5,55.43999862670898,57.41999816894531,57.41999816894531,1407400
BXP,2023-07-07,57.22999954223633,60.09000015258789,57.220001220703125,59.08000183105469,59.08000183105469,2586200
BXP,2023-07-10,58.459999084472656,59.380001068115234,57.95000076293945,59.34999847412109,59.34999847412109,1262200
BXP,2023-07-11,59.9900016784668,61.09999847412109,59.2599983215332,60.95000076293945,60.95000076293945,1185900
BXP,2023-07-12,62.369998931884766,63.27999877929688,61.02000045776367,61.02000045776367,61.02000045776367,2663100
BXP,2023-07-13,61.09000015258789,62.29999923706055,60.68000030517578,62.11000061035156,62.11000061035156,1108900
BXP,2023-07-14,61.970001220703125,62.2400016784668,61.119998931884766,61.459999084472656,61.459999084472656,1194300
BXP,2023-07-17,61.220001220703125,61.59999847412109,60.54999923706055,60.90999984741211,60.90999984741211,1238200
BXP,2023-07-18,61.2400016784668,62.72999954223633,60.93000030517578,62.18000030517578,62.18000030517578,1287500
BXP,2023-07-19,62.970001220703125,64.58000183105469,62.790000915527344,64.41999816894531,64.41999816894531,1800400
BXP,2023-07-20,63.970001220703125,64.11000061035156,62.5,63.38999938964844,63.38999938964844,2086000
BXP,2023-07-21,63.77999877929688,64.13999938964844,62.470001220703125,63.38999938964844,63.38999938964844,1443300
BXP,2023-07-24,63.4900016784668,65.12999725341797,63.43999862670898,64.45999908447266,64.45999908447266,1664900
BXP,2023-07-25,64.20999908447266,64.61000061035156,63.25,63.31999969482422,63.31999969482422,1429800
BXP,2023-07-26,63.22999954223633,65.58999633789062,63.22999954223633,65.56999969482422,65.56999969482422,1426800
BXP,2023-07-27,65.97000122070312,66.8499984741211,64.54000091552734,64.62000274658203,64.62000274658203,1994500
BXP,2023-07-28,66.16999816894531,66.44999694824219,65.36000061035156,65.94999694824219,65.94999694824219,1109600
BXP,2023-07-31,66.05000305175781,67.36000061035156,66.04000091552734,66.62999725341797,66.62999725341797,4553000
BXP,2023-08-01,66.5,66.55000305175781,64.41999816894531,64.70999908447266,64.70999908447266,2398500
BXP,2023-08-02,64.12999725341797,67.37999725341797,63.54999923706055,67.04000091552734,67.04000091552734,2415700
BXP,2023-08-03,67.25,67.25,65.48999786376953,66.33999633789062,66.33999633789062,738516
