Ticker,Date,Open,High,Low,Close,Adj Close,Volume
CF,2005-08-11,3.25,3.309999942779541,3.200000047683716,3.240000009536743,2.36617112159729,76671500
CF,2005-08-12,3.25,3.5999999046325684,3.25,3.5859999656677246,2.6188552379608154,29113500
CF,2005-08-15,3.549999952316284,3.569999933242798,3.45199990272522,3.4600000381469727,2.52683687210083,10596500
CF,2005-08-16,3.380000114440918,3.4600000381469727,3.380000114440918,3.430000066757202,2.5049281120300293,5141000
CF,2005-08-17,3.430000066757202,3.440000057220459,3.359999895095825,3.369999885559082,2.461109638214112,6423500
CF,2005-08-18,3.390000104904175,3.3959999084472656,3.25,3.2699999809265137,2.388080358505249,12727000
CF,2005-08-19,3.2980000972747803,3.338000059127808,3.25,3.319999933242798,2.42459487915039,3029500
CF,2005-08-22,3.3299999237060547,3.4040000438690186,3.282000064849853,3.400000095367432,2.4830193519592285,2909500
CF,2005-08-23,3.5,3.588000059127808,3.4600000381469727,3.51200008392334,2.564812660217285,13466000
CF,2005-08-24,3.5,3.549999952316284,3.4660000801086426,3.5,2.556049108505249,3083000
CF,2005-08-25,3.539999961853028,3.5480000972747803,3.4800000190734863,3.492000102996826,2.5502068996429443,4667000
CF,2005-08-26,3.509999990463257,3.5220000743865967,3.4800000190734863,3.49399995803833,2.5516674518585205,2704000
CF,2005-08-29,3.380000114440918,3.436000108718872,3.368000030517578,3.400000095367432,2.4830193519592285,5458000
CF,2005-08-30,3.421999931335449,3.477999925613404,3.390000104904175,3.4059998989105225,2.487401008605957,2581000
CF,2005-08-31,3.4119999408721924,3.4119999408721924,3.322000026702881,3.3580000400543213,2.4523465633392334,3004500
CF,2005-09-01,3.369999885559082,3.369999885559082,3.1059999465942383,3.25,2.37347412109375,12468500
CF,2005-09-02,3.282000064849853,3.315999984741211,3.20199990272522,3.21399998664856,2.3471837043762207,5748500
CF,2005-09-06,3.240000009536743,3.289999961853028,3.233999967575073,3.2799999713897705,2.39538311958313,2726500
CF,2005-09-07,3.282000064849853,3.2860000133514404,3.2039999961853027,3.23799991607666,2.364709854125977,3643500
CF,2005-09-08,3.25,3.303999900817871,3.25,3.263999938964844,2.3836989402771,2558500
CF,2005-09-09,3.309999942779541,3.319999933242798,3.2839999198913574,3.313999891281128,2.420213460922241,2468500
CF,2005-09-12,3.289999961853028,3.303999900817871,3.20199990272522,3.2179999351501465,2.3501052856445312,3300500
CF,2005-09-13,3.2239999771118164,3.2239999771118164,3.140000104904175,3.1760001182556152,2.319431781768799,3798500
CF,2005-09-14,3.150000095367432,3.174000024795532,3.130000114440918,3.1440000534057617,2.296062469482422,2055500
CF,2005-09-15,3.150000095367432,3.1619999408721924,3.00600004196167,3.0199999809265137,2.205506086349488,6004000
CF,2005-09-16,3.01200008392334,3.068000078201294,2.9100000858306885,3.063999891281128,2.237638235092163,9555000
CF,2005-09-19,3.049999952316284,3.190000057220459,3.0380001068115234,3.0999999046325684,2.2639291286468506,5559000
CF,2005-09-20,3.0999999046325684,3.2060000896453857,3.0899999141693115,3.1600000858306885,2.3077480792999268,4178000
CF,2005-09-21,3.140000104904175,3.140000104904175,2.940000057220459,3.0,2.190899610519409,8313500
CF,2005-09-22,3.0,3.013999938964844,2.900000095367432,2.9019999504089355,2.1193301677703857,7184000
CF,2005-09-23,2.900000095367432,3.140000104904175,2.8959999084472656,3.118000030517578,2.277074813842773,4830500
CF,2005-09-26,3.119999885559082,3.1600000858306885,3.049999952316284,3.0999999046325684,2.2639291286468506,7826500
CF,2005-09-27,3.0899999141693115,3.111999988555908,3.068000078201294,3.0920000076293945,2.258086442947388,4505000
CF,2005-09-28,3.075999975204468,3.075999975204468,2.996000051498413,3.0299999713897705,2.212808847427368,3055000
CF,2005-09-29,3.0380001068115234,3.0999999046325684,2.96399998664856,3.0,2.190899610519409,6141000
CF,2005-09-30,3.009999990463257,3.0199999809265137,2.931999921798706,2.961999893188477,2.163148641586304,12109000
CF,2005-10-03,2.970000028610229,2.970000028610229,2.869999885559082,2.900000095367432,2.1178698539733887,4279000
CF,2005-10-04,2.890000104904175,2.900000095367432,2.805999994277954,2.813999891281128,2.055063486099243,2002000
CF,2005-10-05,2.799999952316284,2.799999952316284,2.565999984741211,2.630000114440918,1.9206883907318115,10826000
CF,2005-10-06,2.640000104904175,2.697999954223633,2.619999885559082,2.681999921798706,1.958663821220398,4121000
CF,2005-10-07,2.759999990463257,2.759999990463257,2.691999912261963,2.700000047683716,1.9718092679977417,2174500
CF,2005-10-10,2.71399998664856,2.727999925613404,2.48799991607666,2.509999990463257,1.833052039146424,2443000
CF,2005-10-11,2.5299999713897705,2.5299999713897705,2.4019999504089355,2.430000066757202,1.7746284008026123,3256500
CF,2005-10-12,2.424000024795532,2.436000108718872,2.359999895095825,2.388000011444092,1.743955373764038,2545500
CF,2005-10-13,2.385999917984009,2.385999917984009,2.23799991607666,2.259999990463257,1.6504780054092407,3555000
CF,2005-10-14,2.2679998874664307,2.5,2.263999938964844,2.4719998836517334,1.8053007125854488,7229500
CF,2005-10-17,2.4719998836517334,2.477999925613404,2.4200000762939453,2.440000057220459,1.7819318771362305,3007000
CF,2005-10-18,2.440000057220459,2.440000057220459,2.388000011444092,2.400000095367432,1.752719759941101,2575000
CF,2005-10-19,2.4200000762939453,2.45199990272522,2.388000011444092,2.431999921798706,1.776088833808899,5052000
CF,2005-10-20,2.440000057220459,2.618000030517578,2.437999963760376,2.563999891281128,1.872489094734192,7568500
CF,2005-10-21,2.565999984741211,2.614000082015991,2.553999900817871,2.5920000076293945,1.8929364681243896,4029500
CF,2005-10-24,2.5920000076293945,2.640000104904175,2.5920000076293945,2.625999927520752,1.9177671670913696,2160000
CF,2005-10-25,2.6459999084472656,2.681999921798706,2.615999937057495,2.640000104904175,1.9279919862747192,2629500
CF,2005-10-26,2.630000114440918,2.6700000762939453,2.5899999141693115,2.618000030517578,1.9119244813919067,2839500
CF,2005-10-27,2.609999895095825,2.635999917984009,2.5899999141693115,2.5999999046325684,1.8987786769866943,810000
CF,2005-10-28,2.640000104904175,2.691999912261963,2.640000104904175,2.6700000762939453,1.949900507926941,1664500
CF,2005-10-31,2.700000047683716,2.7980000972747803,2.700000047683716,2.763999938964844,2.018548011779785,3915000
CF,2005-11-01,2.8299999237060547,2.8499999046325684,2.7100000381469727,2.720000028610229,1.9864153861999512,2830000
CF,2005-11-02,2.7239999771118164,2.75,2.650000095367432,2.7079999446868896,1.9776514768600464,3455000
CF,2005-11-03,2.680000066757202,2.700000047683716,2.6419999599456787,2.6600000858306885,1.942596793174744,1815000
CF,2005-11-04,2.6600000858306885,2.75600004196167,2.6440000534057617,2.680000066757202,1.9572032690048216,2600500
CF,2005-11-07,2.680000066757202,2.76200008392334,2.671999931335449,2.7060000896453857,1.9761914014816284,1783500
CF,2005-11-08,2.686000108718872,2.7100000381469727,2.6640000343322754,2.7039999961853027,1.9747302532196045,1599500
CF,2005-11-09,2.7060000896453857,2.75600004196167,2.691999912261963,2.7060000896453857,1.979119181632996,2294000
CF,2005-11-10,2.720000028610229,2.878000020980835,2.6619999408721924,2.75,2.011298894882202,4019000
CF,2005-11-11,2.757999897003174,2.8299999237060547,2.757999897003174,2.808000087738037,2.0537188053131104,1347500
CF,2005-11-14,2.7960000038146973,2.8399999141693115,2.7839999198913574,2.813999891281128,2.05810809135437,1282500
CF,2005-11-15,2.8299999237060547,3.009999990463257,2.812000036239624,2.95199990272522,2.1590378284454346,7032000
CF,2005-11-16,3.0199999809265137,3.0999999046325684,3.0,3.0339999198913574,2.219011068344116,4794000
CF,2005-11-17,3.049999952316284,3.1760001182556152,3.0239999294281006,3.1600000858306885,2.3111660480499268,8077500
CF,2005-11-18,3.1600000858306885,3.1600000858306885,3.0299999713897705,3.121999979019165,2.2833733558654785,3764000
CF,2005-11-21,3.180000066757202,3.190000057220459,3.131999969482422,3.1640000343322754,2.314091205596924,4266000
CF,2005-11-22,3.1640000343322754,3.180000066757202,3.101999998092652,3.1459999084472656,2.300926685333252,1920000
CF,2005-11-23,3.150000095367432,3.150000095367432,3.094000101089477,3.0999999046325684,2.2672829627990723,1068000
CF,2005-11-25,3.109999895095825,3.134000062942505,3.109999895095825,3.124000072479248,2.284836530685425,154000
CF,2005-11-28,3.131999969482422,3.138000011444092,3.069999933242798,3.0980000495910645,2.265820264816284,1477000
CF,2005-11-29,3.115999937057495,3.115999937057495,3.0899999141693115,3.0999999046325684,2.2672829627990723,792000
CF,2005-11-30,3.095999956130981,3.115999937057495,3.078000068664551,3.0899999141693115,2.2599689960479736,1513500
CF,2005-12-01,3.0840001106262207,3.0999999046325684,3.0179998874664307,3.053999900817871,2.2336392402648926,3586000
CF,2005-12-02,3.052000045776367,3.109999895095825,3.0299999713897705,3.1059999465942383,2.271672487258911,3127500
CF,2005-12-05,3.0899999141693115,3.1600000858306885,3.059999942779541,3.128000020980835,2.287761926651001,3232000
CF,2005-12-06,3.1459999084472656,3.1700000762939453,3.134000062942505,3.1640000343322754,2.314091205596924,1503000
CF,2005-12-07,3.1700000762939453,3.197999954223633,3.124000072479248,3.124000072479248,2.284836530685425,1762000
CF,2005-12-08,3.124000072479248,3.124000072479248,3.0160000324249268,3.0239999294281006,2.211697816848755,5745000
CF,2005-12-09,3.0380001068115234,3.059999942779541,2.983999967575073,3.0339999198913574,2.219011068344116,5531500
CF,2005-12-12,3.0439999103546143,3.0739998817443848,3.009999990463257,3.0220000743865967,2.210235118865967,2333500
CF,2005-12-13,3.0220000743865967,3.049999952316284,2.946000099182129,2.977999925613404,2.1780548095703125,3260500
CF,2005-12-14,2.970000028610229,2.990000009536743,2.937999963760376,2.9600000381469727,2.164889574050904,1973500
CF,2005-12-15,2.950000047683716,2.996000051498413,2.921999931335449,2.99399995803833,2.1897566318511963,1495500
CF,2005-12-16,3.0160000324249268,3.039999961853028,3.003999948501587,3.0199999809265137,2.208773136138916,3498000
CF,2005-12-19,3.0199999809265137,3.059999942779541,2.9600000381469727,3.049999952316284,2.2307145595550537,2893500
CF,2005-12-20,2.9600000381469727,3.009999990463257,2.9260001182556152,2.99399995803833,2.1897566318511963,3497000
CF,2005-12-21,2.996000051498413,3.0,2.924000024795532,2.95199990272522,2.1590378284454346,1900500
CF,2005-12-22,2.95199990272522,3.0739998817443848,2.95199990272522,3.068000078201294,2.243879556655884,2252000
CF,2005-12-23,3.0299999713897705,3.0799999237060547,3.0299999713897705,3.0460000038146973,2.227789163589477,1622000
CF,2005-12-27,3.055999994277954,3.0980000495910645,3.049999952316284,3.059999942779541,2.238028287887573,2007500
CF,2005-12-28,3.055999994277954,3.058000087738037,2.986000061035156,3.049999952316284,2.2307145595550537,4846500
CF,2005-12-29,3.059999942779541,3.088000059127808,3.049999952316284,3.065999984741211,2.2424161434173584,1294000
CF,2005-12-30,3.065999984741211,3.0859999656677246,3.0380001068115234,3.049999952316284,2.2307145595550537,741000
CF,2006-01-03,3.049999952316284,3.0799999237060547,3.0199999809265137,3.059999942779541,2.238028287887573,2272500
CF,2006-01-04,3.059999942779541,3.140000104904175,3.059999942779541,3.111999988555908,2.276059627532959,2567500
CF,2006-01-05,3.119999885559082,3.247999906539917,3.114000082015991,3.2300000190734863,2.36236310005188,5217500
CF,2006-01-06,3.220000028610229,3.220000028610229,3.1600000858306885,3.2039999961853027,2.3433470726013184,5087000
CF,2006-01-09,3.2039999961853027,3.319999933242798,3.2039999961853027,3.2799999713897705,2.398931741714477,3454500
CF,2006-01-10,3.246000051498413,3.2960000038146973,3.2239999771118164,3.289999961853028,2.4062461853027344,2359500
CF,2006-01-11,3.289999961853028,3.289999961853028,3.240000009536743,3.257999897003174,2.382841110229492,2560500
CF,2006-01-12,3.25,3.315999984741211,3.2300000190734863,3.259999990463257,2.3843045234680176,2819000
CF,2006-01-13,3.26200008392334,3.2839999198913574,3.253999948501587,3.2739999294281006,2.394543170928955,1849000
CF,2006-01-17,3.24399995803833,3.2679998874664307,3.171999931335449,3.25600004196167,2.381378412246704,2442500
CF,2006-01-18,3.240000009536743,3.318000078201294,3.2100000381469727,3.315999984741211,2.4252614974975586,1538500
CF,2006-01-19,3.319999933242798,3.322000026702881,3.2679998874664307,3.305999994277954,2.417948007583618,1172500
CF,2006-01-20,3.312000036239624,3.318000078201294,3.177999973297119,3.190000057220459,2.333108425140381,1943500
CF,2006-01-23,3.194000005722046,3.276000022888184,3.191999912261963,3.246000051498413,2.374065637588501,1171000
CF,2006-01-24,3.25,3.3239998817443848,3.240000009536743,3.2980000972747803,2.4120965003967285,3657000
CF,2006-01-25,3.299999952316284,3.308000087738037,3.220000028610229,3.259999990463257,2.3843045234680176,11327500
CF,2006-01-26,3.2660000324249268,3.365999937057495,3.2660000324249268,3.351999998092652,2.4515910148620605,2149500
CF,2006-01-27,3.3499999046325684,3.4200000762939453,3.3420000076293945,3.4040000438690186,2.489623069763184,1289500
CF,2006-01-30,3.400000095367432,3.450000047683716,3.3540000915527344,3.380000114440918,2.4720699787139893,1613500
CF,2006-01-31,3.380000114440918,3.424000024795532,3.369999885559082,3.4019999504089355,2.4881608486175537,2094500
CF,2006-02-01,3.384000062942505,3.384000062942505,3.3499999046325684,3.3559999465942383,2.454516887664795,2454500
CF,2006-02-02,3.344000101089477,3.3559999465942383,3.2660000324249268,3.299999952316284,2.413559675216675,7376500
CF,2006-02-03,3.2960000038146973,3.380000114440918,3.276000022888184,3.375999927520752,2.469144344329834,2558000
CF,2006-02-06,3.375999927520752,3.4179999828338623,3.369999885559082,3.41599988937378,2.4983997344970703,2713000
CF,2006-02-07,3.4179999828338623,3.4179999828338623,3.375999927520752,3.388000011444092,2.4779212474823,2793000
CF,2006-02-08,3.385999917984009,3.461999893188477,3.369999885559082,3.447999954223633,2.521804094314575,2350000
CF,2006-02-09,3.446000099182129,3.558000087738037,3.440000057220459,3.5,2.559835195541382,1597500
CF,2006-02-10,3.5,3.5160000324249268,3.470000028610229,3.470000028610229,2.537893533706665,2953000
CF,2006-02-13,3.4679999351501465,3.4679999351501465,3.407999992370605,3.407999992370605,2.4925482273101807,1087500
CF,2006-02-14,3.400000095367432,3.483999967575073,3.364000082015991,3.4760000705718994,2.5422823429107666,1291000
CF,2006-02-15,3.4739999771118164,3.5199999809265137,3.4200000762939453,3.496000051498413,2.556910991668701,955000
CF,2006-02-16,3.49399995803833,3.5199999809265137,3.446000099182129,3.470000028610229,2.537893533706665,1903500
CF,2006-02-17,3.49399995803833,3.509999990463257,3.441999912261963,3.46399998664856,2.533506393432617,1560000
CF,2006-02-21,3.4560000896453857,3.4560000896453857,3.368000030517578,3.4119999408721924,2.495474338531494,2890000
CF,2006-02-22,3.4179999828338623,3.5480000972747803,3.4059998989105225,3.5420000553131104,2.5905537605285645,2073500
CF,2006-02-23,3.5299999713897705,3.5799999237060547,3.497999906539917,3.565999984741211,2.608107805252075,904500
CF,2006-02-24,3.380000114440918,3.838000059127808,3.375999927520752,3.690000057220459,2.698798656463623,4643000
CF,2006-02-27,3.677999973297119,3.677999973297119,3.48799991607666,3.594000101089477,2.6285855770111084,3970000
CF,2006-02-28,3.5799999237060547,3.5899999141693115,3.5,3.5239999294281006,2.577389478683472,1863500
CF,2006-03-01,3.5299999713897705,3.5920000076293945,3.48799991607666,3.552000045776367,2.5978682041168213,2538500
CF,2006-03-02,3.559999942779541,3.595999956130981,3.4739999771118164,3.4800000190734863,2.5480775833129883,4221000
CF,2006-03-03,3.470000028610229,3.4800000190734863,3.437999963760376,3.4600000381469727,2.533432960510254,5297000
CF,2006-03-06,3.440000057220459,3.450000047683716,3.3499999046325684,3.3980000019073486,2.488036632537842,2579500
CF,2006-03-07,3.380000114440918,3.4040000438690186,3.371999979019165,3.3919999599456787,2.4836435317993164,1487000
CF,2006-03-08,3.381999969482422,3.3919999599456787,3.345999956130981,3.375999927520752,2.471928834915161,1638000
CF,2006-03-09,3.375999927520752,3.390000104904175,3.3359999656677246,3.338000059127808,2.444103717803955,563500
CF,2006-03-10,3.344000101089477,3.388000011444092,3.3299999237060547,3.371999979019165,2.468998908996582,2066000
CF,2006-03-13,3.380000114440918,3.380000114440918,3.3420000076293945,3.359999895095825,2.4602127075195312,1571000
CF,2006-03-14,3.3499999046325684,3.375999927520752,3.3399999141693115,3.369999885559082,2.4675354957580566,1968000
CF,2006-03-15,3.369999885559082,3.4040000438690186,3.328000068664551,3.338000059127808,2.444103717803955,2505000
CF,2006-03-16,3.3480000495910645,3.3580000400543213,3.303999900817871,3.319999933242798,2.4309239387512207,1293000
CF,2006-03-17,3.3299999237060547,3.380000114440918,3.328000068664551,3.369999885559082,2.4675354957580566,3242500
CF,2006-03-20,3.369999885559082,3.374000072479248,3.3239998817443848,3.3399999141693115,2.445568799972534,1892500
CF,2006-03-21,3.338000059127808,3.338000059127808,3.2300000190734863,3.25600004196167,2.3840644359588623,1888000
CF,2006-03-22,3.247999906539917,3.365999937057495,3.236000061035156,3.364000082015991,2.463141918182373,1547000
CF,2006-03-23,3.361999988555908,3.4119999408721924,3.338000059127808,3.374000072479248,2.47046422958374,806000
CF,2006-03-24,3.381999969482422,3.4100000858306885,3.345999956130981,3.400000095367432,2.489500999450684,977500
CF,2006-03-27,3.3980000019073486,3.4100000858306885,3.369999885559082,3.371999979019165,2.468998908996582,414500
CF,2006-03-28,3.359999895095825,3.361999988555908,3.299999952316284,3.312000036239624,2.425065994262696,2245000
CF,2006-03-29,3.319999933242798,3.378000020980835,3.309999942779541,3.3399999141693115,2.445568799972534,960000
CF,2006-03-30,3.3299999237060547,3.4140000343322754,3.3299999237060547,3.3919999599456787,2.4836435317993164,958000
CF,2006-03-31,3.380000114440918,3.4019999504089355,3.315999984741211,3.3980000019073486,2.488036632537842,1156500
CF,2006-04-03,3.4019999504089355,3.444000005722046,3.400000095367432,3.4140000343322754,2.4997520446777344,1725000
CF,2006-04-04,3.4140000343322754,3.427999973297119,3.3580000400543213,3.361999988555908,2.461677312850952,1048500
CF,2006-04-05,3.369999885559082,3.4140000343322754,3.26200008392334,3.378000020980835,2.4733924865722656,1519000
CF,2006-04-06,3.371999979019165,3.4059998989105225,3.318000078201294,3.3980000019073486,2.488036632537842,1093500
CF,2006-04-07,3.400000095367432,3.400000095367432,3.2799999713897705,3.365999937057495,2.464606046676636,765000
CF,2006-04-10,3.368000030517578,3.400000095367432,3.302000045776367,3.302000045776367,2.4177451133728027,661000
CF,2006-04-11,3.312000036239624,3.328000068664551,3.2260000705718994,3.227999925613404,2.3635621070861816,940000
CF,2006-04-12,3.220000028610229,3.3480000495910645,3.220000028610229,3.309999942779541,2.423603057861328,1701000
CF,2006-04-13,3.2920000553131104,3.3480000495910645,3.2799999713897705,3.318000078201294,2.429459810256958,892500
CF,2006-04-17,3.319999933242798,3.371999979019165,3.282000064849853,3.2839999198913574,2.4045655727386475,1075500
CF,2006-04-18,3.2780001163482666,3.400000095367432,3.2699999809265137,3.3980000019073486,2.488036632537842,2204000
CF,2006-04-19,3.400000095367432,3.50600004196167,3.368000030517578,3.4719998836517334,2.542220115661621,1862000
CF,2006-04-20,3.483999967575073,3.5999999046325684,3.4760000705718994,3.5799999237060547,2.621297836303711,1691000
CF,2006-04-21,3.614000082015991,3.634000062942505,3.446000099182129,3.552000045776367,2.600796699523926,7823500
CF,2006-04-24,3.549999952316284,3.558000087738037,3.46399998664856,3.4820001125335693,2.549541711807251,1505000
CF,2006-04-25,3.4800000190734863,3.559999942779541,3.450000047683716,3.559999942779541,2.606653928756714,1388500
CF,2006-04-26,3.575999975204468,3.6679999828338623,3.5239999294281006,3.539999961853028,2.5920095443725586,1692500
CF,2006-04-27,3.5199999809265137,3.5899999141693115,3.49399995803833,3.5360000133514404,2.589081048965454,1275500
CF,2006-04-28,3.5,3.5,3.322000026702881,3.4600000381469727,2.533432960510254,3939500
CF,2006-05-01,3.400000095367432,3.568000078201294,3.369999885559082,3.539999961853028,2.5920095443725586,2382500
CF,2006-05-02,3.5899999141693115,3.75,3.5799999237060547,3.75,2.7457730770111084,4408000
CF,2006-05-03,3.740000009536743,3.740000009536743,3.641999959945679,3.6659998893737793,2.6842687129974365,3149000
CF,2006-05-04,3.6659998893737793,3.6659998893737793,3.5739998817443848,3.5799999237060547,2.621297836303711,2255500
CF,2006-05-05,3.5799999237060547,3.609999895095825,3.5339999198913574,3.5899999141693115,2.6286206245422363,1963000
CF,2006-05-08,3.5920000076293945,3.5920000076293945,3.486000061035156,3.5239999294281006,2.580294847488404,1486000
CF,2006-05-09,3.5239999294281006,3.5380001068115234,3.5,3.503999948501587,2.565650701522827,1416500
CF,2006-05-10,3.496000051498413,3.5999999046325684,3.4600000381469727,3.502000093460083,2.5641865730285645,2660000
CF,2006-05-11,3.49399995803833,3.563999891281128,3.407999992370605,3.4100000858306885,2.4996776580810547,1813000
CF,2006-05-12,3.4100000858306885,3.4260001182556152,3.351999998092652,3.368000030517578,2.468890905380249,1243000
CF,2006-05-15,3.344000101089477,3.390000104904175,3.319999933242798,3.3399999141693115,2.4483659267425537,1124500
CF,2006-05-16,3.3359999656677246,3.50600004196167,3.328000068664551,3.461999893188477,2.537796974182129,2123000
CF,2006-05-17,3.461999893188477,3.507999897003174,3.3399999141693115,3.368000030517578,2.468890905380249,3117500
CF,2006-05-18,3.388000011444092,3.4660000801086426,3.344000101089477,3.3940000534057617,2.4879491329193115,1314500
CF,2006-05-19,3.3940000534057617,3.4679999351501465,3.359999895095825,3.4019999504089355,2.4938132762908936,3127000
CF,2006-05-22,3.374000072479248,3.4760000705718994,3.227999925613404,3.313999891281128,2.4293057918548584,7404500
CF,2006-05-23,3.3499999046325684,3.431999921798706,3.252000093460083,3.282000064849853,2.4058496952056885,2404500
CF,2006-05-24,3.2720000743865967,3.319999933242798,3.220000028610229,3.299999952316284,2.41904354095459,3430500
CF,2006-05-25,3.345999956130981,3.4660000801086426,3.3239998817443848,3.3919999599456787,2.486483573913574,2158500
CF,2006-05-26,3.4200000762939453,3.4600000381469727,3.351999998092652,3.430000066757202,2.514338970184326,2737500
CF,2006-05-30,3.430000066757202,3.4679999351501465,3.308000087738037,3.3499999046325684,2.4556963443756104,1524500
CF,2006-05-31,3.369999885559082,3.437999963760376,3.303999900817871,3.41599988937378,2.504075288772583,3197000
CF,2006-06-01,3.41599988937378,3.41599988937378,3.2960000038146973,3.3340001106262207,2.4439663887023926,1906500
CF,2006-06-02,3.359999895095825,3.371999979019165,3.25600004196167,3.2799999713897705,2.4043822288513184,2036000
CF,2006-06-05,3.263999938964844,3.263999938964844,3.200000047683716,3.200000047683716,2.3457393646240234,1736500
CF,2006-06-06,3.200000047683716,3.25,3.111999988555908,3.1440000534057617,2.304689407348633,1874000
CF,2006-06-07,3.138000011444092,3.194000005722046,3.058000087738037,3.140000104904175,2.3017566204071045,2106000
CF,2006-06-08,3.119999885559082,3.119999885559082,3.002000093460083,3.063999891281128,2.246044874191284,2603500
CF,2006-06-09,3.063999891281128,3.065999984741211,2.961999893188477,2.983999967575073,2.1874024868011475,2787500
CF,2006-06-12,2.9760000705718994,2.9760000705718994,2.828000068664551,2.8359999656677246,2.07891058921814,2687000
CF,2006-06-13,2.809999942779541,2.8299999237060547,2.6440000534057617,2.700000047683716,1.979216694831848,7447500
CF,2006-06-14,2.677999973297119,2.8359999656677246,2.677999973297119,2.8239998817443848,2.0701141357421875,4066500
CF,2006-06-15,2.851999998092652,2.927999973297119,2.8340001106262207,2.875999927520752,2.1082334518432617,4515000
CF,2006-06-16,2.878000020980835,2.888000011444092,2.8299999237060547,2.851999998092652,2.090639591217041,4184500
CF,2006-06-19,2.8559999465942383,2.8559999465942383,2.752000093460083,2.7660000324249268,2.0275981426239014,1349000
CF,2006-06-20,2.75,2.753999948501587,2.694000005722046,2.746000051498413,2.012937545776367,3152500
CF,2006-06-21,2.73799991607666,2.812000036239624,2.7300000190734863,2.7799999713897705,2.037860870361328,1470500
CF,2006-06-22,2.7799999713897705,2.7799999713897705,2.696000099182129,2.7160000801086426,1.9909472465515137,2478500
CF,2006-06-23,2.71399998664856,2.8359999656677246,2.6760001182556152,2.825999975204468,2.071580410003662,1949000
CF,2006-06-26,2.845999956130981,2.845999956130981,2.7980000972747803,2.799999952316284,2.0525214672088623,1194000
CF,2006-06-27,2.813999891281128,2.813999891281128,2.700000047683716,2.70199990272522,1.9806835651397705,1904000
CF,2006-06-28,2.7160000801086426,2.742000102996826,2.657999992370605,2.6760001182556152,1.9616246223449707,2147500
CF,2006-06-29,2.7100000381469727,2.888000011444092,2.7100000381469727,2.880000114440918,2.1111652851104736,1919500
CF,2006-06-30,2.9100000858306885,2.941999912261963,2.8320000171661377,2.851999998092652,2.090639591217041,6341500
CF,2006-07-03,2.809999942779541,2.851999998092652,2.7739999294281006,2.808000087738037,2.058385133743286,737000
CF,2006-07-05,2.808000087738037,2.825999975204468,2.747999906539917,2.805999994277954,2.056919813156128,1311000
CF,2006-07-06,2.815999984741211,2.8499999046325684,2.7660000324249268,2.803999900817871,2.0554537773132324,1026000
CF,2006-07-07,2.7939999103546143,2.7939999103546143,2.7260000705718994,2.75,2.015869617462158,1393500
CF,2006-07-10,2.75,2.7720000743865967,2.7260000705718994,2.733999967575073,2.004141092300415,1174500
CF,2006-07-11,2.7219998836517334,2.7839999198913574,2.6700000762939453,2.759999990463257,2.023200273513794,1635000
CF,2006-07-12,2.753999948501587,2.8559999465942383,2.747999906539917,2.747999906539917,2.014402389526367,1696000
CF,2006-07-13,2.720000028610229,2.76200008392334,2.66599988937378,2.6679999828338623,1.9557602405548096,1275000
CF,2006-07-14,2.680000066757202,2.690000057220459,2.611999988555908,2.6440000534057617,1.9381670951843264,1323000
CF,2006-07-17,2.638000011444092,2.657999992370605,2.5820000171661377,2.6080000400543213,1.9117772579193115,1248500
CF,2006-07-18,2.619999885559082,2.6679999828338623,2.5999999046325684,2.6640000343322754,1.9528275728225708,1095000
CF,2006-07-19,2.671999931335449,2.8359999656677246,2.671999931335449,2.8320000171661377,2.0759799480438232,1850000
CF,2006-07-20,2.8420000076293945,2.8499999046325684,2.73799991607666,2.740000009536743,2.008538722991944,1747000
CF,2006-07-21,2.740000009536743,2.812000036239624,2.7079999446868896,2.7679998874664307,2.029064178466797,3119000
CF,2006-07-24,2.7699999809265137,2.859999895095825,2.736000061035156,2.859999895095825,2.096504211425781,1791500
CF,2006-07-25,2.869999885559082,2.9719998836517334,2.8399999141693115,2.9660000801086426,2.174206018447876,2108500
CF,2006-07-26,2.961999893188477,2.98799991607666,2.874000072479248,2.9719998836517334,2.178605079650879,1541500
CF,2006-07-27,2.990000009536743,3.049999952316284,2.9119999408721924,3.0179998874664307,2.2123258113861084,1927500
CF,2006-07-28,3.180000066757202,3.20199990272522,3.125999927520752,3.1679999828338623,2.3222806453704834,3937000
CF,2006-07-31,3.1519999504089355,3.2739999294281006,3.095999956130981,3.242000102996826,2.376527070999145,3384000
CF,2006-08-01,3.242000102996826,3.242000102996826,3.121999979019165,3.1559998989105225,2.313485622406006,1699000
CF,2006-08-02,3.1760001182556152,3.1760001182556152,3.0420000553131104,3.063999891281128,2.246044874191284,2219000
CF,2006-08-03,3.0420000553131104,3.0980000495910645,3.0199999809265137,3.0439999103546143,2.231384038925171,1364500
CF,2006-08-04,3.109999895095825,3.171999931335449,3.0420000553131104,3.0799999237060547,2.257773876190185,1243000
CF,2006-08-07,3.049999952316284,3.0799999237060547,3.0239999294281006,3.0739998817443848,2.253375768661499,2593500
CF,2006-08-08,3.0920000076293945,3.114000082015991,2.9760000705718994,2.983999967575073,2.1874024868011475,1819500
CF,2006-08-09,3.0220000743865967,3.052000045776367,3.0,3.00600004196167,2.203528642654419,1462000
CF,2006-08-10,2.990000009536743,3.0360000133514404,2.961999893188477,2.9660000801086426,2.177103281021118,1754500
CF,2006-08-11,2.950000047683716,3.0420000553131104,2.9019999504089355,2.9140000343322754,2.138936281204224,1429500
CF,2006-08-14,2.934000015258789,3.0380001068115234,2.921999931335449,2.990000009536743,2.19472074508667,1387500
CF,2006-08-15,3.0360000133514404,3.0980000495910645,2.98799991607666,3.063999891281128,2.2490386962890625,993000
CF,2006-08-16,3.095999956130981,3.121999979019165,3.0799999237060547,3.094000101089477,2.271058797836304,812000
CF,2006-08-17,3.0999999046325684,3.109999895095825,3.068000078201294,3.0999999046325684,2.2754621505737305,857000
CF,2006-08-18,3.1080000400543213,3.119999885559082,3.01200008392334,3.052000045776367,2.240230083465576,842000
CF,2006-08-21,3.039999961853028,3.0999999046325684,3.0280001163482666,3.0920000076293945,2.26958966255188,590500
CF,2006-08-22,3.078000068664551,3.119999885559082,3.0460000038146973,3.1040000915527344,2.2783994674682617,1062000
CF,2006-08-23,3.115999937057495,3.128000020980835,3.078000068664551,3.1040000915527344,2.2783994674682617,1155500
CF,2006-08-24,3.109999895095825,3.130000114440918,3.0840001106262207,3.0999999046325684,2.2754621505737305,1384500
CF,2006-08-25,3.0980000495910645,3.140000104904175,3.069999933242798,3.114000082015991,2.285738945007324,532000
CF,2006-08-28,3.119999885559082,3.220000028610229,3.115999937057495,3.196000099182129,2.345928430557251,1245500
CF,2006-08-29,3.2100000381469727,3.240000009536743,3.125999927520752,3.200000047683716,2.348864793777466,844500
CF,2006-08-30,3.2160000801086426,3.240000009536743,3.1700000762939453,3.186000108718872,2.3385894298553467,1064000
CF,2006-08-31,3.184000015258789,3.246000051498413,3.1559998989105225,3.171999931335449,2.328312873840332,1434500
CF,2006-09-01,3.200000047683716,3.23799991607666,3.1600000858306885,3.181999921798706,2.3356528282165527,1119500
CF,2006-09-05,3.196000099182129,3.315999984741211,3.196000099182129,3.313999891281128,2.4325428009033203,1521500
CF,2006-09-06,3.308000087738037,3.371999979019165,3.2980000972747803,3.319999933242798,2.4369471073150635,2025000
CF,2006-09-07,3.2939999103546143,3.3399999141693115,3.2920000553131104,3.299999952316284,2.4222676753997803,1298500
CF,2006-09-08,3.302000045776367,3.3320000171661377,3.2860000133514404,3.309999942779541,2.429606914520264,1306500
CF,2006-09-11,3.299999952316284,3.328000068664551,3.2739999294281006,3.276000022888184,2.404650449752808,2082500
CF,2006-09-12,3.276000022888184,3.3499999046325684,3.276000022888184,3.3399999141693115,2.451627731323242,2311000
CF,2006-09-13,3.338000059127808,3.400000095367432,3.313999891281128,3.369999885559082,2.473647117614746,2280500
CF,2006-09-14,3.359999895095825,3.380000114440918,3.3239998817443848,3.369999885559082,2.473647117614746,2770500
CF,2006-09-15,3.390000104904175,3.3919999599456787,3.319999933242798,3.344000101089477,2.454563856124878,3328500
CF,2006-09-18,3.325999975204468,3.390000104904175,3.309999942779541,3.364000082015991,2.469244241714477,1172500
CF,2006-09-19,3.359999895095825,3.41599988937378,3.325999975204468,3.400000095367432,2.495669364929199,3310500
CF,2006-09-20,3.4100000858306885,3.431999921798706,3.3559999465942383,3.390000104904175,2.488328695297241,2954500
CF,2006-09-21,3.4140000343322754,3.4140000343322754,3.351999998092652,3.381999969482422,2.48245620727539,1711000
CF,2006-09-22,3.380000114440918,3.380000114440918,3.305999994277954,3.3359999656677246,2.448691129684448,1407500
CF,2006-09-25,3.3340001106262207,3.369999885559082,3.2880001068115234,3.3239998817443848,2.4398834705352783,1187000
CF,2006-09-26,3.3320000171661377,3.4100000858306885,3.3320000171661377,3.388000011444092,2.486860513687134,1819500
CF,2006-09-27,3.368000030517578,3.440000057220459,3.3499999046325684,3.400000095367432,2.495669364929199,1265000
CF,2006-09-28,3.4100000858306885,3.46399998664856,3.369999885559082,3.4579999446868896,2.53824234008789,1758500
CF,2006-09-29,3.444000005722046,3.4539999961853027,3.4019999504089355,3.4140000343322754,2.505944967269897,2042500
CF,2006-10-02,3.4560000896453857,3.50600004196167,3.440000057220459,3.503999948501587,2.572007417678833,4113500
CF,2006-10-03,3.483999967575073,3.565999984741211,3.4679999351501465,3.503999948501587,2.572007417678833,2504500
CF,2006-10-04,3.50600004196167,3.539999961853028,3.4739999771118164,3.5360000133514404,2.5954957008361816,3663000
CF,2006-10-05,3.5380001068115234,3.660000085830689,3.5380001068115234,3.6459999084472656,2.676239013671875,5614000
CF,2006-10-06,3.6459999084472656,3.6540000438690186,3.595999956130981,3.640000104904175,2.6718342304229736,3330500
CF,2006-10-09,3.641999959945679,3.691999912261963,3.5980000495910645,3.677999973297119,2.6997265815734863,2013000
CF,2006-10-10,3.677999973297119,3.746000051498413,3.671999931335449,3.721999883651733,2.732023239135742,4898000
CF,2006-10-11,3.7200000286102295,3.7200000286102295,3.5739998817443848,3.640000104904175,2.6718342304229736,1732500
CF,2006-10-12,3.650000095367432,3.838000059127808,3.650000095367432,3.809999942779541,2.796616554260254,3880500
CF,2006-10-13,3.828000068664551,3.8340001106262207,3.746000051498413,3.75,2.7525761127471924,1977500
CF,2006-10-16,3.74399995803833,3.799999952316284,3.7200000286102295,3.788000106811523,2.780468463897705,2952000
CF,2006-10-17,3.7899999618530273,3.79800009727478,3.630000114440918,3.703999996185303,2.71881103515625,2820000
CF,2006-10-18,3.7300000190734863,3.783999919891357,3.7179999351501465,3.766000032424927,2.7643210887908936,2322000
CF,2006-10-19,3.766000032424927,3.822000026702881,3.766000032424927,3.79800009727478,2.787808656692505,4306500
CF,2006-10-20,3.799999952316284,3.799999952316284,3.691999912261963,3.721999883651733,2.732023239135742,3648000
CF,2006-10-23,3.700000047683716,3.783999919891357,3.684000015258789,3.757999897003174,2.758448362350464,2144500
CF,2006-10-24,3.75,3.7899999618530273,3.721999883651733,3.76200008392334,2.7613840103149414,1744000
CF,2006-10-25,3.7799999713897705,3.880000114440918,3.7799999713897705,3.849999904632568,2.8259780406951904,6620000
CF,2006-10-26,3.875999927520752,3.9140000343322754,3.848000049591065,3.885999917984009,2.852402687072754,3232500
CF,2006-10-27,3.885999917984009,4.173999786376953,3.799999952316284,4.001999855041504,2.937548875808716,5276000
CF,2006-10-30,4.0,4.052000045776367,3.9800000190734863,4.010000228881836,2.9434218406677246,4697500
CF,2006-10-31,4.050000190734863,4.065999984741211,3.947999954223633,3.96399998664856,2.909656286239624,1803500
CF,2006-11-01,4.0960001945495605,4.210000038146973,3.990000009536743,3.992000102996826,2.9302096366882324,7737500
CF,2006-11-02,3.982000112533569,4.131999969482422,3.931999921798706,4.035999774932861,2.962505340576172,6495500
CF,2006-11-03,4.041999816894531,4.061999797821045,4.001999855041504,4.044000148773193,2.9683780670166016,2933000
CF,2006-11-06,4.059999942779541,4.142000198364258,4.041999816894531,4.127999782562256,3.030035257339477,3994000
CF,2006-11-07,4.1479997634887695,4.185999870300293,4.110000133514404,4.131999969482422,3.0329713821411133,3996500
CF,2006-11-08,4.119999885559082,4.24399995803833,4.099999904632568,4.202000141143799,3.084353446960449,2548500
CF,2006-11-09,4.210000038146973,4.230000019073486,4.127999782562256,4.139999866485596,3.0417404174804688,1729000
CF,2006-11-10,4.162000179290772,4.361999988555908,4.104000091552734,4.269999980926514,3.1372523307800293,4266000
CF,2006-11-13,4.251999855041504,4.269999980926514,4.193999767303467,4.239999771118164,3.115211009979248,1932500
CF,2006-11-14,4.26200008392334,4.369999885559082,4.239999771118164,4.334000110626221,3.1842751502990723,4025500
CF,2006-11-15,4.242000102996826,4.349999904632568,4.159999847412109,4.303999900817871,3.162233352661133,4592000
CF,2006-11-16,4.317999839782715,4.375999927520752,4.306000232696533,4.335999965667725,3.185744524002075,1247500
CF,2006-11-17,4.335999965667725,4.354000091552734,4.308000087738037,4.3379998207092285,3.1872146129608154,1823000
CF,2006-11-20,4.429999828338623,4.550000190734863,4.409999847412109,4.52400016784668,3.32387113571167,3699500
CF,2006-11-21,4.52400016784668,4.5980000495910645,4.5,4.5960001945495605,3.376772403717041,2319000
CF,2006-11-22,4.590000152587891,4.610000133514404,4.535999774932861,4.558000087738037,3.3488523960113525,1246500
CF,2006-11-24,4.527999877929688,4.570000171661377,4.501999855041504,4.570000171661377,3.3576693534851074,615000
CF,2006-11-27,4.553999900817871,4.553999900817871,4.409999847412109,4.427999973297119,3.2533397674560547,1609500
CF,2006-11-28,4.4079999923706055,4.453999996185303,4.343999862670898,4.434000015258789,3.257746934890747,1549000
CF,2006-11-29,4.492000102996826,4.539999961853027,4.458000183105469,4.50600004196167,3.310645818710327,1901500
CF,2006-11-30,4.51800012588501,4.576000213623047,4.513999938964844,4.550000190734863,3.342974901199341,5455500
CF,2006-12-01,4.550000190734863,4.550000190734863,4.369999885559082,4.507999897003174,3.3121166229248047,3873500
CF,2006-12-04,4.5,4.570000171661377,4.5,4.553999900817871,3.3459131717681885,3113000
CF,2006-12-05,4.570000171661377,4.638000011444092,4.553999900817871,4.630000114440918,3.4017534255981445,2876500
CF,2006-12-06,4.636000156402588,4.682000160217285,4.636000156402588,4.664000034332275,3.4267325401306152,1482500
CF,2006-12-07,4.670000076293945,4.696000099182129,4.633999824523926,4.639999866485596,3.4090993404388428,2998000
CF,2006-12-08,4.639999866485596,4.676000118255615,4.607999801635742,4.673999786376953,3.434079885482788,2918000
CF,2006-12-11,4.688000202178955,4.800000190734863,4.685999870300293,4.73799991607666,3.4811007976531982,2453500
CF,2006-12-12,4.72599983215332,4.77400016784668,4.685999870300293,4.696000099182129,3.4502432346343994,1949000
CF,2006-12-13,4.739999771118164,4.757999897003174,4.679999828338623,4.7220001220703125,3.469346761703491,1773500
CF,2006-12-14,4.739999771118164,4.791999816894531,4.73199987411499,4.751999855041504,3.491387128829956,2886000
CF,2006-12-15,4.757999897003174,4.822000026702881,4.736000061035156,4.800000190734863,3.526656150817871,3204500
CF,2006-12-18,4.789999961853027,4.806000232696533,4.662000179290772,4.71999979019165,3.467876434326172,3313500
CF,2006-12-19,4.690000057220459,4.788000106811523,4.65399980545044,4.777999877929688,3.510490894317627,2302000
CF,2006-12-20,4.800000190734863,4.932000160217285,4.796000003814697,4.909999847412109,3.607473134994507,4663000
CF,2006-12-21,4.909999847412109,4.927999973297119,4.8379998207092285,4.900000095367432,3.600125789642334,1396500
CF,2006-12-22,4.900000095367432,4.992000102996826,4.843999862670898,4.992000102996826,3.667721748352051,2583000
CF,2006-12-26,4.992000102996826,5.199999809265137,4.949999809265137,5.196000099182129,3.8176040649414062,3512500
CF,2006-12-27,5.230000019073486,5.320000171661377,5.2179999351501465,5.277999877929688,3.8778505325317374,3396000
CF,2006-12-28,5.302000045776367,5.320000171661377,5.190000057220459,5.196000099182129,3.8176040649414062,2118500
CF,2006-12-29,5.179999828338623,5.242000102996826,5.111999988555908,5.127999782562256,3.767642498016357,1887000
CF,2007-01-03,5.177999973297119,5.3480000495910645,5.139999866485596,5.291999816894531,3.888136625289917,3847500
CF,2007-01-04,5.289999961853027,5.377999782562256,5.260000228881836,5.349999904632568,3.9307503700256334,2146500
CF,2007-01-05,5.170000076293945,5.331999778747559,5.170000076293945,5.317999839782715,3.907238245010376,2165500
CF,2007-01-08,5.317999839782715,5.3480000495910645,5.2179999351501465,5.283999919891357,3.882258415222168,2544500
CF,2007-01-09,5.296000003814697,5.420000076293945,5.289999961853027,5.40399980545044,3.970426559448242,3017500
CF,2007-01-10,5.40399980545044,5.453999996185303,5.389999866485596,5.429999828338623,3.9895267486572266,3484500
CF,2007-01-11,5.438000202178955,5.564000129699707,5.420000076293945,5.539999961853027,4.070347309112549,2695000
CF,2007-01-12,5.642000198364258,5.855999946594238,5.630000114440918,5.806000232696533,4.265782356262207,5354500
CF,2007-01-16,5.8420000076293945,5.953999996185303,5.8379998207092285,5.880000114440918,4.320152282714844,4929500
CF,2007-01-17,5.877999782562256,5.920000076293945,5.8420000076293945,5.880000114440918,4.320152282714844,3700500
CF,2007-01-18,5.883999824523926,5.901999950408936,5.765999794006348,5.76800012588501,4.237863540649414,2779000
CF,2007-01-19,5.760000228881836,5.869999885559082,5.74399995803833,5.857999801635742,4.303987503051758,3209500
CF,2007-01-22,5.860000133514404,5.866000175476074,5.71999979019165,5.734000205993652,4.212881565093994,2494500
CF,2007-01-23,5.71999979019165,5.855999946594238,5.670000076293945,5.788000106811523,4.252557754516602,4710500
CF,2007-01-24,5.785999774932861,5.820000171661377,5.559999942779541,5.763999938964844,4.23492431640625,2611000
CF,2007-01-25,5.760000228881836,5.789999961853027,5.642000198364258,5.664000034332275,4.161451816558838,1836000
CF,2007-01-26,5.664000034332275,5.777999877929688,5.639999866485596,5.739999771118164,4.21729040145874,3197500
CF,2007-01-29,5.77400016784668,6.435999870300293,5.730000019073486,6.296000003814697,4.625794410705566,10060000
CF,2007-01-30,6.314000129699707,6.349999904632568,6.138000011444092,6.15399980545044,4.521465301513672,6355500
CF,2007-01-31,6.156000137329102,6.25600004196167,6.076000213623047,6.099999904632568,4.481792449951172,5907000
CF,2007-02-01,6.28000020980835,6.581999778747559,6.28000020980835,6.363999843597412,4.675756454467773,5335000
CF,2007-02-02,6.400000095367432,6.40399980545044,6.277999877929688,6.311999797821045,4.637548446655273,1697500
CF,2007-02-05,6.322000026702881,6.415999889373779,6.308000087738037,6.326000213623047,4.647837162017822,1866000
CF,2007-02-06,6.331999778747559,6.406000137329102,6.202000141143799,6.300000190734863,4.6287336349487305,3465000
CF,2007-02-07,6.300000190734863,6.435999870300293,6.26800012588501,6.415999889373779,4.713961124420166,1914500
CF,2007-02-08,6.455999851226807,6.495999813079834,6.308000087738037,6.480000019073486,4.760982036590576,3057000
CF,2007-02-09,6.75,6.800000190734863,6.484000205993652,6.572000026702881,4.828578472137451,5475500
CF,2007-02-12,6.610000133514404,6.829999923706055,6.5920000076293945,6.665999889373779,4.897642612457275,6463000
CF,2007-02-13,6.682000160217285,7.099999904632568,6.578000068664551,6.791999816894531,4.990216255187988,4262000
CF,2007-02-14,6.822000026702881,6.914000034332275,6.783999919891357,6.863999843597412,5.043115615844727,3989500
CF,2007-02-15,6.869999885559082,6.960000038146973,6.803999900817871,6.915999889373779,5.084283828735352,3975000
CF,2007-02-16,6.915999889373779,6.980000019073486,6.802000045776367,6.869999885559082,5.0504655838012695,3365000
CF,2007-02-20,6.980000019073486,7.527999877929687,6.909999847412109,7.435999870300293,5.466561317443848,8702000
CF,2007-02-21,7.452000141143799,7.748000144958496,7.432000160217285,7.685999870300293,5.650347232818604,9029000
CF,2007-02-22,7.684000015258789,7.915999889373779,7.478000164031982,7.751999855041504,5.6988677978515625,13221500
CF,2007-02-23,7.751999855041504,8.092000007629395,7.71999979019165,7.915999889373779,5.819432735443115,10372000
CF,2007-02-26,8.020000457763672,8.069999694824219,7.823999881744385,7.9120001792907715,5.81649112701416,5270500
CF,2007-02-27,7.480000019073486,7.676000118255615,7.34600019454956,7.449999809265137,5.476853370666504,8891500
CF,2007-02-28,7.484000205993652,7.800000190734863,7.254000186920166,7.73199987411499,5.6841654777526855,6337500
CF,2007-03-01,7.630000114440918,7.794000148773193,7.251999855041504,7.599999904632568,5.587124824523926,8316500
CF,2007-03-02,7.519999980926514,7.685999870300293,7.239999771118164,7.311999797821045,5.375402450561523,8337000
CF,2007-03-05,7.197999954223633,7.6620001792907715,7.004000186920166,7.440000057220459,5.469499588012695,7933500
CF,2007-03-06,7.565999984741211,7.835999965667725,7.464000225067139,7.739999771118164,5.690047264099121,7748000
CF,2007-03-07,7.769999980926514,7.949999809265137,7.71999979019165,7.789999961853027,5.726801872253418,6386000
CF,2007-03-08,7.920000076293945,8.263999938964844,7.920000076293945,8.105999946594238,5.959111213684082,6083000
CF,2007-03-09,8.206000328063965,8.390000343322754,8.043999671936035,8.15999984741211,5.99880838394165,3704500
CF,2007-03-12,8.15999984741211,8.458000183105469,8.15999984741211,8.239999771118164,6.057620525360107,5137500
CF,2007-03-13,8.239999771118164,8.53600025177002,8.031999588012695,8.130000114440918,5.976754188537598,8033500
CF,2007-03-14,8.144000053405762,8.267999649047852,7.811999797821045,8.13599967956543,5.981164932250977,8086500
CF,2007-03-15,8.149999618530273,8.293999671936035,8.020000457763672,8.097999572753906,5.953228950500488,4299000
CF,2007-03-16,8.095999717712402,8.17199993133545,8.010000228881836,8.04800033569336,5.916473865509033,6652000
CF,2007-03-19,8.130000114440918,8.399999618530273,8.130000114440918,8.342000007629395,6.132604122161865,4152000
CF,2007-03-20,8.350000381469727,8.53600025177002,8.289999961853027,8.46399974822998,6.222294807434082,3929000
CF,2007-03-21,8.51200008392334,8.744000434875488,8.503999710083008,8.63599967956543,6.348739147186279,5575500
CF,2007-03-22,8.710000038146973,8.72599983215332,8.52400016784668,8.588000297546387,6.31345272064209,3688500
CF,2007-03-23,8.595999717712402,8.619999885559082,8.315999984741211,8.362000465393066,6.147308826446533,4663000
CF,2007-03-26,8.37399959564209,8.416000366210938,7.857999801635742,8.196000099182129,6.02527379989624,8827500
CF,2007-03-27,8.175999641418457,8.175999641418457,7.572000026702881,7.688000202178955,5.65181827545166,16275000
CF,2007-03-28,7.593999862670898,7.71999979019165,7.3379998207092285,7.544000148773193,5.545958995819092,12561500
CF,2007-03-29,7.760000228881836,7.800000190734863,7.533999919891357,7.75600004196167,5.701808452606201,7187500
CF,2007-03-30,7.940000057220459,7.940000057220459,7.435999870300293,7.710000038146973,5.667991161346436,11734500
CF,2007-04-02,7.671999931335449,7.809999942779541,7.592000007629394,7.802000045776367,5.735625743865967,7573500
CF,2007-04-03,7.863999843597412,8.017999649047852,7.769999980926514,7.901999950408935,5.809140205383301,7176500
CF,2007-04-04,8.0,8.055999755859375,7.849999904632568,8.031999588012695,5.904709815979004,4082500
CF,2007-04-05,8.105999946594238,8.295999526977539,8.055999755859375,8.222000122070312,6.044390201568604,4823000
CF,2007-04-09,8.279999732971191,8.468000411987305,8.239999771118164,8.263999938964844,6.075263500213623,6567500
CF,2007-04-10,8.020000457763672,8.241999626159668,7.834000110626221,8.133999824523926,5.979694843292236,7651500
CF,2007-04-11,8.15999984741211,8.399999618530273,8.15999984741211,8.336000442504883,6.128195285797119,7783500
CF,2007-04-12,8.343999862670898,8.668000221252441,8.251999855041504,8.652000427246094,6.360501289367676,10068000
CF,2007-04-13,8.859999656677246,9.064000129699709,8.819999694824219,8.859999656677246,6.5134124755859375,18154000
CF,2007-04-16,9.0,9.06999969482422,8.815999984741211,8.85200023651123,6.50753116607666,5927000
CF,2007-04-17,8.84000015258789,8.965999603271484,8.779999732971191,8.800000190734863,6.469303131103516,5856000
CF,2007-04-18,8.800000190734863,8.991999626159668,8.423999786376953,8.906000137329102,6.54723072052002,6286500
CF,2007-04-19,8.789999961853027,8.826000213623047,8.640000343322754,8.70199966430664,6.397256374359131,4388500
CF,2007-04-20,8.859999656677246,8.979999542236328,8.720000267028809,8.800000190734863,6.469303131103516,2951000
CF,2007-04-23,8.802000045776367,8.89799976348877,8.73799991607666,8.836000442504883,6.495770454406738,2278500
CF,2007-04-24,8.880000114440918,8.925999641418457,8.65999984741211,8.829999923706055,6.491358757019043,3060000
CF,2007-04-25,8.880000114440918,8.991999626159668,8.765999794006348,8.880000114440918,6.528115749359131,3623000
CF,2007-04-26,9.119999885559082,9.343999862670898,8.880000114440918,9.142000198364258,6.720725059509277,7928500
CF,2007-04-27,8.513999938964844,9.33199977874756,8.220000267028809,8.616000175476074,6.334034442901611,12396000
CF,2007-04-30,8.366000175476074,8.366000175476074,7.901999950408935,7.938000202178955,5.835606098175049,17924000
CF,2007-05-01,7.938000202178955,8.015999794006348,7.638000011444092,7.699999809265137,5.660639762878418,10794500
CF,2007-05-02,7.763999938964844,8.100000381469727,7.763999938964844,8.003999710083008,5.884124279022217,10193000
CF,2007-05-03,8.01200008392334,8.218000411987305,7.915999889373779,8.211999893188477,6.037034511566162,7269500
CF,2007-05-04,8.192000389099121,8.265999794006348,7.874000072479248,8.045999526977539,5.915002346038818,8302500
CF,2007-05-07,8.076000213623047,8.295999526977539,8.04800033569336,8.229999542236328,6.050269603729248,5919500
CF,2007-05-08,8.227999687194824,8.227999687194824,8.008000373840332,8.118000030517578,5.967931747436523,4642000
CF,2007-05-09,8.112000465393066,8.11400032043457,7.955999851226807,8.050000190734863,5.917943477630615,5352000
CF,2007-05-10,8.029999732971191,8.185999870300293,7.811999797821045,7.98799991607666,5.875280857086182,5872500
CF,2007-05-11,8.0,8.109999656677246,7.966000080108643,8.045999526977539,5.917943000793457,5840000
CF,2007-05-14,8.074000358581543,8.293999671936035,8.069999694824219,8.163999557495117,6.004733085632324,5044000
CF,2007-05-15,8.163999557495117,8.39799976348877,8.100000381469727,8.208000183105469,6.037098407745361,4546000
CF,2007-05-16,8.258000373840332,8.406000137329102,8.175999641418457,8.378000259399414,6.162133693695068,3903500
CF,2007-05-17,8.34000015258789,8.62399959564209,8.302000045776367,8.449999809265137,6.215090751647949,5666000
CF,2007-05-18,8.484000205993652,8.52400016784668,8.293999671936035,8.423999786376953,6.19596529006958,3236000
CF,2007-05-21,8.444000244140625,8.630000114440918,8.428000450134277,8.588000297546387,6.316592216491699,3024500
CF,2007-05-22,8.597999572753906,8.699999809265137,8.517999649047852,8.59000015258789,6.318061351776123,4742000
CF,2007-05-23,8.605999946594238,8.619999885559082,8.303999900817871,8.307999610900879,6.110648155212402,2781000
CF,2007-05-24,8.307999610900879,8.449999809265137,8.112000465393066,8.178000450134277,6.015030384063721,5335500
CF,2007-05-25,8.218000411987305,8.513999938964844,8.218000411987305,8.47599983215332,6.234211444854736,3310500
CF,2007-05-29,8.4399995803833,8.600000381469727,8.42199993133545,8.484000205993652,6.2400970458984375,2453000
CF,2007-05-30,8.444000244140625,8.961999893188477,8.317999839782715,8.881999969482422,6.532833576202393,7783500
CF,2007-05-31,8.9399995803833,9.25,8.920000076293945,8.946000099182129,6.579902172088623,9265500
CF,2007-06-01,9.020000457763672,9.300000190734863,8.960000038146973,9.26200008392334,6.812326431274414,7025000
CF,2007-06-04,9.300000190734863,9.729999542236328,9.289999961853027,9.697999954223633,7.133009433746338,7459500
CF,2007-06-05,9.630000114440918,9.87600040435791,9.630000114440918,9.770000457763672,7.185967922210693,7505000
CF,2007-06-06,9.767999649047852,9.829999923706056,9.378000259399414,9.498000144958496,6.98590898513794,6413500
CF,2007-06-07,9.449999809265137,9.527999877929688,9.16800022125244,9.255999565124512,6.807910919189453,5746500
CF,2007-06-08,9.305999755859377,9.67199993133545,9.265999794006348,9.574000358581545,7.041803359985352,3823000
CF,2007-06-11,9.574000358581545,9.87600040435791,9.5,9.75,7.1712565422058105,4917500
CF,2007-06-12,9.732000350952148,10.10200023651123,9.61400032043457,9.916000366210938,7.293349266052246,10469000
CF,2007-06-13,10.07800006866455,10.515999794006348,9.859999656677246,10.43000030517578,7.6714091300964355,9662000
CF,2007-06-14,10.586000442504885,10.803999900817873,10.378000259399414,10.567999839782717,7.772909164428711,8322000
CF,2007-06-15,10.788000106811523,11.015999794006348,10.776000022888184,10.991999626159668,8.08476448059082,7434000
CF,2007-06-18,11.071999549865724,11.362000465393066,11.050000190734863,11.154000282287598,8.2039213180542,5017000
CF,2007-06-19,11.109999656677246,11.5,10.920000076293944,11.468000411987305,8.434869766235352,5739500
CF,2007-06-20,11.534000396728516,11.826000213623049,11.31999969482422,11.321999549865724,8.327483177185059,8009500
CF,2007-06-21,11.380000114440918,12.270000457763672,11.22599983215332,12.11400032043457,8.910015106201172,12492000
CF,2007-06-22,12.07800006866455,12.300000190734863,11.949999809265137,12.01200008392334,8.834986686706543,7779500
CF,2007-06-25,12.022000312805176,12.281999588012695,11.656000137329102,11.765999794006348,8.654052734375,7146000
CF,2007-06-26,11.91800022125244,12.140000343322754,11.531999588012695,11.697999954223633,8.604037284851074,8268000
CF,2007-06-27,11.649999618530272,11.649999618530272,11.034000396728516,11.407999992370604,8.39073657989502,11004500
CF,2007-06-28,11.458000183105469,12.130000114440918,11.458000183105469,12.017999649047852,8.839398384094238,7777000
CF,2007-06-29,12.18000030517578,12.39799976348877,11.866000175476074,11.977999687194824,8.809977531433105,7619000
CF,2007-07-02,12.229999542236328,12.520000457763672,12.112000465393066,12.394000053405762,9.11595344543457,7135500
CF,2007-07-03,12.4399995803833,12.637999534606934,12.40999984741211,12.553999900817873,9.233634948730469,4144000
CF,2007-07-05,12.550000190734863,12.697999954223633,12.43000030517578,12.498000144958496,9.192449569702148,8020000
CF,2007-07-06,12.522000312805176,12.642000198364258,12.312000274658203,12.595999717712402,9.26452922821045,4325500
CF,2007-07-09,12.66800022125244,12.854000091552734,12.402000427246094,12.586000442504885,9.257174491882324,5255500
CF,2007-07-10,12.220000267028809,12.501999855041504,12.039999961853027,12.145999908447266,8.933549880981445,7768500
CF,2007-07-11,12.100000381469728,12.484000205993652,12.029999732971191,12.302000045776367,9.048291206359863,8692500
CF,2007-07-12,12.37399959564209,12.39799976348877,12.031999588012695,12.14799976348877,8.935018539428711,7256000
CF,2007-07-13,12.14799976348877,13.456000328063965,12.145999908447266,13.416000366210938,9.86765480041504,13660000
CF,2007-07-16,13.609999656677246,13.609999656677246,13.105999946594238,13.163999557495115,9.682303428649902,9968500
CF,2007-07-17,13.199999809265137,13.449999809265137,13.140000343322754,13.21399974822998,9.71907901763916,5394000
CF,2007-07-18,13.1899995803833,13.199999809265137,12.958000183105469,13.14799976348877,9.670531272888184,6107000
CF,2007-07-19,13.300000190734863,13.343999862670898,12.970000267028809,13.088000297546388,9.626399040222168,3863000
CF,2007-07-20,13.0600004196167,13.0600004196167,12.520000457763672,12.736000061035156,9.36750030517578,5791000
CF,2007-07-23,12.881999969482422,12.881999969482422,12.470000267028809,12.52400016784668,9.21157169342041,4425500
CF,2007-07-24,12.14799976348877,12.539999961853027,11.45400047302246,11.619999885559082,8.546669006347656,7208500
CF,2007-07-25,11.881999969482422,12.0,10.815999984741213,11.55799961090088,8.501063346862793,8401000
CF,2007-07-26,11.51200008392334,11.51200008392334,10.109999656677246,10.925999641418455,8.03622055053711,10919500
CF,2007-07-27,10.91800022125244,11.781999588012695,10.654000282287598,10.741999626159668,7.900886535644531,8519000
CF,2007-07-30,10.868000030517578,11.62600040435791,10.732000350952148,11.543999671936035,8.490768432617188,9441000
CF,2007-07-31,12.0,12.661999702453612,11.354000091552734,11.496000289916992,8.455459594726562,13261000
CF,2007-08-01,11.656000137329102,11.75,10.86400032043457,11.68000030517578,8.590800285339355,10017000
CF,2007-08-02,11.70400047302246,11.847999572753906,11.18000030517578,11.633999824523926,8.556962013244629,8841500
CF,2007-08-03,11.604000091552734,11.619999885559082,11.0,11.052000045776367,8.128902435302734,5745000
CF,2007-08-06,11.06999969482422,11.220000267028809,10.394000053405762,10.994000434875488,8.086236953735352,6826000
CF,2007-08-07,10.887999534606934,11.564000129699709,10.70400047302246,11.444000244140623,8.417217254638672,10596500
CF,2007-08-08,11.479999542236328,11.850000381469728,10.156000137329102,11.260000228881836,8.281882286071777,16147500
CF,2007-08-09,10.699999809265137,10.789999961853027,9.399999618530272,9.779999732971191,7.193322658538818,16444500
CF,2007-08-10,9.229999542236328,10.538000106811523,8.831999778747559,10.390000343322754,7.64198637008667,15983500
CF,2007-08-13,10.744000434875488,11.420000076293944,10.744000434875488,11.156000137329102,8.20854663848877,11258000
CF,2007-08-14,11.449999809265137,11.699999809265137,11.093999862670898,11.479999542236328,8.44694709777832,10314500
CF,2007-08-15,11.40999984741211,11.890000343322754,10.47599983215332,10.567999839782717,7.775903701782227,9011500
CF,2007-08-16,10.312000274658203,10.612000465393066,9.248000144958496,10.605999946594238,7.803860187530518,11333000
CF,2007-08-17,10.631999969482422,11.958000183105469,10.302000045776367,10.911999702453612,8.029013633728027,13080500
CF,2007-08-20,10.98799991607666,11.526000022888184,10.97599983215332,11.347999572753906,8.349820137023926,6434000
CF,2007-08-21,11.347999572753906,11.868000030517578,11.227999687194824,11.520000457763672,8.476380348205566,5458500
CF,2007-08-22,11.68000030517578,12.314000129699709,11.68000030517578,12.241999626159668,9.007625579833984,6887000
CF,2007-08-23,12.142000198364258,12.501999855041504,11.972000122070312,12.105999946594238,8.907556533813477,5370000
CF,2007-08-24,12.18000030517578,12.633999824523926,12.039999961853027,12.633999824523926,9.296058654785156,3751000
CF,2007-08-27,12.63599967956543,12.697999954223633,12.289999961853027,12.416000366210938,9.13565444946289,3369000
CF,2007-08-28,12.239999771118164,12.37600040435791,11.402000427246094,11.59000015258789,8.527886390686035,6964500
CF,2007-08-29,11.715999603271484,12.220000267028809,11.63599967956543,12.12600040435791,8.922273635864258,3642500
CF,2007-08-30,11.923999786376951,12.399999618530272,11.87600040435791,12.09000015258789,8.895784378051758,5487000
CF,2007-08-31,12.460000038146973,12.78600025177002,12.357999801635742,12.666000366210938,9.31960105895996,4749000
CF,2007-09-04,12.697999954223633,13.232000350952148,12.586000442504885,13.03600025177002,9.591845512390137,5675500
CF,2007-09-05,12.920000076293944,13.239999771118164,12.593999862670898,13.220000267028809,9.727234840393066,5485500
CF,2007-09-06,13.222000122070312,13.31999969482422,12.826000213623049,13.093999862670898,9.634523391723633,4025500
CF,2007-09-07,12.800000190734863,12.916000366210938,12.399999618530272,12.600000381469728,9.271041870117188,4702500
CF,2007-09-10,12.70400047302246,12.800000190734863,12.027999877929688,12.423999786376951,9.1415376663208,5082000
CF,2007-09-11,12.513999938964844,12.904000282287598,12.428000450134276,12.718000411987305,9.35786247253418,4019500
CF,2007-09-12,12.694000244140623,12.784000396728516,12.182000160217283,12.244000434875488,9.009095191955566,5393500
CF,2007-09-13,12.350000381469728,12.739999771118164,12.255999565124512,12.618000030517578,9.284283638000488,4236500
CF,2007-09-14,12.477999687194824,12.890000343322754,12.350000381469728,12.80799961090088,9.424084663391112,4171500
CF,2007-09-17,12.812000274658203,13.300000190734863,12.802000045776367,13.142000198364258,9.669841766357422,6849500
CF,2007-09-18,13.276000022888184,13.78600025177002,12.868000030517578,13.732000350952148,10.103961944580078,7437500
CF,2007-09-19,13.859999656677246,14.51200008392334,13.543999671936035,13.958000183105469,10.270254135131836,7257000
CF,2007-09-20,13.960000038146973,14.187999725341797,13.79599952697754,13.899999618530272,10.227577209472656,12841500
CF,2007-09-21,14.09000015258789,14.800000190734863,14.039999961853027,14.699999809265137,10.816218376159668,24809000
CF,2007-09-24,14.699999809265137,15.187999725341797,13.776000022888184,14.041999816894531,10.33205509185791,8842000
CF,2007-09-25,13.881999969482422,14.765999794006348,13.880000114440918,14.715999603271484,10.827983856201172,6874500
CF,2007-09-26,14.935999870300291,15.053999900817873,14.527999877929688,14.685999870300291,10.80591106414795,6208000
CF,2007-09-27,14.81999969482422,15.222000122070312,14.800000190734863,15.184000015258787,11.172340393066406,6093500
CF,2007-09-28,15.210000038146973,15.41800022125244,14.90999984741211,15.182000160217283,11.170867919921877,5674500
CF,2007-10-01,15.182000160217283,15.621999740600586,14.961999893188477,15.197999954223633,11.182641983032228,8703500
CF,2007-10-02,15.329999923706056,15.435999870300291,14.706000328063965,14.76200008392334,10.861831665039062,6922500
CF,2007-10-03,14.833999633789062,14.833999633789062,13.65999984741211,13.82800006866455,10.174593925476074,10312500
CF,2007-10-04,13.894000053405762,14.562000274658203,13.894000053405762,14.562000274658203,10.714674949645996,7642000
CF,2007-10-05,14.789999961853027,14.928000450134276,14.534000396728516,14.595999717712402,10.73969268798828,5085500
CF,2007-10-08,14.64799976348877,14.661999702453612,14.13599967956543,14.31999969482422,10.53661060333252,3418500
CF,2007-10-09,14.486000061035156,14.934000015258787,14.312000274658203,14.666000366210938,10.791200637817385,9131500
CF,2007-10-10,14.446000099182127,14.8100004196167,14.38599967956543,14.760000228881836,10.860361099243164,8043500
CF,2007-10-11,14.899999618530272,15.260000228881836,14.145999908447266,14.21399974822998,10.458616256713867,11395000
CF,2007-10-12,14.420000076293944,15.456000328063965,14.333999633789062,15.15999984741211,11.154677391052246,10301500
CF,2007-10-15,15.329999923706056,15.489999771118164,14.696000099182127,14.973999977111816,11.017824172973633,5038000
CF,2007-10-16,14.890000343322754,15.17199993133545,14.67199993133545,14.991999626159668,11.031068801879885,3993000
CF,2007-10-17,15.173999786376951,15.300000190734863,14.70199966430664,15.062000274658203,11.08257007598877,4348000
CF,2007-10-18,14.961999893188477,15.56999969482422,14.911999702453612,15.562000274658203,11.450469970703123,5275000
CF,2007-10-19,15.54800033569336,16.195999145507812,15.460000038146973,15.789999961853027,11.618229866027832,13781000
CF,2007-10-22,15.553999900817873,15.576000213623049,14.81999969482422,15.31999969482422,11.272404670715332,8192000
CF,2007-10-23,15.5600004196167,16.399999618530273,15.5600004196167,16.299999237060547,11.993491172790527,6676000
CF,2007-10-24,16.700000762939453,16.860000610351562,16.149999618530273,16.624000549316406,12.231884956359863,14262500
CF,2007-10-25,16.601999282836914,17.152000427246094,16.440000534057617,16.940000534057617,12.464401245117188,43111500
CF,2007-10-26,17.06599998474121,17.775999069213867,16.920000076293945,17.086000442504883,12.571825981140137,10780500
CF,2007-10-29,17.47599983215332,17.898000717163086,17.40399932861328,17.601999282836914,12.951498985290527,9971000
CF,2007-10-30,19.143999099731445,19.21999931335449,17.214000701904297,17.351999282836914,12.767547607421877,28157000
CF,2007-10-31,17.04199981689453,17.714000701904297,17.0,17.579999923706055,12.93530559539795,17991000
CF,2007-11-01,17.197999954223633,17.444000244140625,16.579999923706055,16.652000427246094,12.252486228942873,14421000
CF,2007-11-02,16.847999572753906,17.93199920654297,15.789999961853027,17.908000946044922,13.17665195465088,18241500
CF,2007-11-05,17.4060001373291,17.950000762939453,17.31599998474121,17.56599998474121,12.925010681152344,9281500
CF,2007-11-06,17.881999969482422,18.690000534057617,17.461999893188477,18.63599967956543,13.712316513061523,6367000
CF,2007-11-07,18.559999465942383,19.600000381469727,18.20400047302246,19.20400047302246,14.13023567199707,16480500
CF,2007-11-08,19.75,19.99799919128418,18.100000381469727,19.29199981689453,14.194993019104004,18335000
CF,2007-11-09,19.09000015258789,19.42799949645996,18.374000549316406,18.64800071716309,13.72114086151123,10051000
CF,2007-11-12,18.72599983215332,18.72599983215332,15.760000228881836,15.998000144958496,11.771279335021973,17940500
CF,2007-11-13,16.461999893188477,17.530000686645508,16.25200080871582,17.381999969482422,12.792824745178224,10398500
CF,2007-11-14,17.893999099731445,18.35199928283692,17.531999588012695,17.86400032043457,13.14756202697754,14403000
CF,2007-11-15,17.600000381469727,17.61199951171875,16.5,16.777999877929688,12.348284721374512,10183500
CF,2007-11-16,16.865999221801758,17.256000518798828,16.375999450683594,16.97800064086914,12.495482444763184,12134500
CF,2007-11-19,16.88800048828125,16.88800048828125,15.541999816894531,15.640000343322754,11.510738372802734,10670500
CF,2007-11-20,15.95199966430664,16.79599952697754,15.699999809265137,16.643999099731445,12.24966526031494,15646500
CF,2007-11-21,16.07200050354004,16.29800033569336,15.534000396728516,15.979999542236328,11.760971069335938,9129000
CF,2007-11-23,16.309999465942383,16.600000381469727,16.083999633789062,16.450000762939453,12.106886863708496,2113500
CF,2007-11-26,16.399999618530273,17.034000396728516,16.308000564575195,16.398000717163086,12.068615913391112,8212500
CF,2007-11-27,16.507999420166016,17.200000762939453,16.013999938964844,17.030000686645508,12.533757209777832,9626000
CF,2007-11-28,17.194000244140625,17.993999481201172,17.13599967956543,17.860000610351562,13.144620895385742,9661500
CF,2007-11-29,18.0,18.14800071716309,17.31800079345703,17.63599967956543,12.979762077331545,7290000
CF,2007-11-30,18.395999908447266,18.39999961853028,17.600000381469727,18.19599914550781,13.391904830932615,9076500
CF,2007-12-03,18.299999237060547,19.79800033569336,18.131999969482425,19.03199958801269,14.00719165802002,18370500
CF,2007-12-04,18.9060001373291,19.40399932861328,18.516000747680664,18.586000442504883,13.67893886566162,9372000
CF,2007-12-05,18.857999801635746,19.290000915527344,18.84600067138672,19.121999740600582,14.07342529296875,7944000
CF,2007-12-06,19.371999740600582,19.93400001525879,19.15800094604492,19.45800018310547,14.320714950561523,12050500
CF,2007-12-07,19.540000915527344,19.66399955749512,18.833999633789062,18.944000244140625,13.942427635192873,9913500
CF,2007-12-10,19.100000381469727,19.275999069213867,18.576000213623047,19.152000427246094,14.095505714416504,9469500
CF,2007-12-11,19.23200035095215,19.3799991607666,18.07200050354004,18.15399932861328,13.360995292663574,9206500
CF,2007-12-12,18.57200050354004,19.073999404907227,18.16399955749512,18.48600006103516,13.60534381866455,9186500
CF,2007-12-13,18.25,19.718000411987305,18.0,19.67799949645996,14.48263168334961,13159000
CF,2007-12-14,19.39999961853028,20.51000022888184,18.98600006103516,19.39800071716309,14.27655792236328,13297000
CF,2007-12-17,19.26799964904785,20.270000457763672,19.04599952697754,19.308000564575195,14.21031379699707,10616500
CF,2007-12-18,19.525999069213867,19.799999237060547,17.969999313354492,19.246000289916992,14.164687156677246,11511000
CF,2007-12-19,19.167999267578125,19.600000381469727,18.676000595092773,19.549999237060547,14.38842487335205,7762500
CF,2007-12-20,19.940000534057617,21.55599975585937,19.690000534057617,21.552000045776367,15.861858367919922,15431500
CF,2007-12-21,21.99799919128418,22.459999084472656,21.48200035095215,22.19599914550781,16.335832595825195,11257500
CF,2007-12-24,22.13999938964844,22.979999542236328,22.13999938964844,22.86000061035156,16.82452392578125,3665000
CF,2007-12-26,23.143999099731445,23.488000869750977,22.6200008392334,23.312000274658203,17.15718650817871,7507000
CF,2007-12-27,23.20800018310547,23.775999069213867,22.333999633789062,22.77400016784668,16.761226654052734,8348000
CF,2007-12-28,23.073999404907227,23.07999992370605,22.336000442504883,22.39800071716309,16.484495162963867,6390000
CF,2007-12-31,22.41200065612793,22.583999633789062,21.64999961853028,22.011999130249023,16.200407028198242,5105500
CF,2008-01-02,22.299999237060547,22.38999938964844,21.60199928283692,22.121999740600582,16.28136444091797,6755000
CF,2008-01-03,22.56399917602539,23.88800048828125,22.393999099731445,23.167999267578125,17.051198959350586,10690500
CF,2008-01-04,22.802000045776367,22.983999252319336,21.86199951171875,22.25200080871582,16.377046585083008,10300500
CF,2008-01-07,22.308000564575195,23.15999984741211,20.507999420166016,21.959999084472656,16.162139892578125,13524500
CF,2008-01-08,22.07999992370605,22.881999969482425,21.26799964904785,21.757999420166016,16.01347541809082,15862000
CF,2008-01-09,22.39999961853028,22.79400062561035,20.72800064086914,22.503999710083008,16.562517166137695,16734500
CF,2008-01-10,22.29599952697754,22.49399948120117,21.31999969482422,22.13599967956543,16.291675567626953,14349000
CF,2008-01-11,21.996000289916992,23.45199966430664,21.70599937438965,22.520000457763672,16.574283599853516,13434000
CF,2008-01-14,22.895999908447266,24.19599914550781,22.527999877929688,23.96999931335449,17.641462326049805,18214500
CF,2008-01-15,23.60199928283692,23.88999938964844,22.20199966430664,23.0,16.927562713623047,17202500
CF,2008-01-16,22.32200050354004,22.983999252319336,20.11599922180176,20.86599922180176,15.356980323791504,22965500
CF,2008-01-17,20.29599952697754,20.76799964904785,17.86400032043457,18.049999237060547,13.284459114074709,31004500
CF,2008-01-18,18.43199920654297,18.959999084472656,17.757999420166016,18.666000366210938,13.737811088562012,20935000
CF,2008-01-22,16.81800079345703,18.996000289916992,16.440000534057617,18.61599922180176,13.701017379760742,17624500
CF,2008-01-23,18.194000244140625,18.59199905395508,15.746000289916992,18.562000274658203,13.66128158569336,32751500
CF,2008-01-24,19.511999130249023,20.381999969482425,18.91399955749512,20.013999938964844,14.729915618896484,16503500
CF,2008-01-25,20.89800071716309,21.299999237060547,20.312000274658203,20.826000213623047,15.32753562927246,15727000
CF,2008-01-28,20.790000915527344,21.49799919128418,20.04400062561035,21.28199958801269,15.6631441116333,13120500
CF,2008-01-29,21.61599922180176,22.06599998474121,20.972000122070312,21.145999908447266,15.563051223754885,12885500
CF,2008-01-30,21.06399917602539,21.66399955749512,20.15999984741211,20.288000106811523,14.931580543518066,15240000
CF,2008-01-31,19.802000045776367,21.65800094604492,19.40999984741211,21.38599967956543,15.739689826965332,12522500
CF,2008-02-01,21.464000701904297,22.28400039672852,21.38599967956543,21.70599937438965,15.975207328796388,12127500
CF,2008-02-04,22.100000381469727,22.347999572753903,21.667999267578125,22.224000930786133,16.3564453125,12126500
CF,2008-02-05,22.016000747680664,22.47599983215332,20.5,20.74399948120117,15.267184257507324,14823000
CF,2008-02-06,21.100000381469727,22.13999938964844,21.0,21.530000686645508,15.845664978027344,15759000
CF,2008-02-07,20.85199928283692,21.770000457763672,20.299999237060547,21.32200050354004,15.692585945129396,17156000
CF,2008-02-08,22.402000427246094,22.402000427246094,21.0,21.64999961853028,15.933982849121094,23442000
CF,2008-02-11,22.082000732421875,22.39999961853028,21.121999740600582,22.299999237060547,16.41237449645996,16076000
CF,2008-02-12,22.69799995422364,23.98200035095215,22.36000061035156,22.61199951171875,16.642004013061523,20449000
CF,2008-02-13,23.332000732421875,23.3759994506836,22.26799964904785,23.20400047302246,17.07769775390625,14463000
CF,2008-02-14,23.426000595092773,23.81399917602539,22.84199905395508,23.1200008392334,17.0158748626709,10613500
CF,2008-02-15,22.88999938964844,23.67399978637696,22.709999084472656,23.63400077819824,17.3941707611084,11003500
CF,2008-02-19,24.20599937438965,25.74799919128418,24.20599937438965,25.336000442504883,18.64680862426757,20305500
CF,2008-02-20,25.13599967956543,25.670000076293945,24.916000366210938,25.39999961853028,18.708681106567383,13028500
CF,2008-02-21,25.62800025939941,25.66200065612793,24.42200088500977,24.59199905395508,18.113534927368164,14990500
CF,2008-02-22,24.402000427246094,25.23600006103516,23.965999603271484,25.17200088500977,18.540742874145508,11472500
CF,2008-02-25,25.552000045776367,26.215999603271484,24.940000534057617,26.19799995422364,19.296459197998047,16413000
CF,2008-02-26,26.077999114990234,26.34199905395508,25.450000762939453,25.67200088500977,18.909029006958008,11561000
CF,2008-02-27,24.350000381469727,25.959999084472656,24.350000381469727,24.97599983215332,18.396381378173828,18213000
CF,2008-02-28,24.89800071716309,25.56999969482422,24.86800003051757,25.24399948120117,18.59378433227539,8062500
CF,2008-02-29,25.58799934387207,25.700000762939453,24.3439998626709,24.416000366210938,17.983905792236328,14988500
CF,2008-03-03,24.10199928283692,24.89200019836425,23.47599983215332,24.09600067138672,17.748210906982422,18035500
CF,2008-03-04,23.809999465942383,24.799999237060547,23.01000022888184,23.92399978637696,17.621522903442383,13705000
CF,2008-03-05,23.92399978637696,24.893999099731445,23.70199966430664,24.69599914550781,18.190141677856445,11276500
CF,2008-03-06,24.600000381469727,25.038000106811523,24.22599983215332,24.299999237060547,17.898456573486328,10059000
CF,2008-03-07,23.61800003051757,24.270000457763672,22.600000381469727,22.920000076293945,16.88200569152832,15832500
CF,2008-03-10,22.60199928283692,22.81999969482422,21.01000022888184,21.052000045776367,15.506111145019531,18552500
CF,2008-03-11,21.5,23.562000274658203,21.5,23.540000915527344,17.33867835998535,15558500
CF,2008-03-12,23.42200088500977,24.082000732421875,22.809999465942383,23.327999114990234,17.182523727416992,12415000
CF,2008-03-13,22.60199928283692,24.36800003051757,22.17399978637696,24.04199981689453,17.708431243896484,15592000
CF,2008-03-14,24.64200019836425,24.64200019836425,22.474000930786133,23.209999084472656,17.095613479614258,15104500
CF,2008-03-17,22.465999603271484,23.200000762939453,21.56399917602539,21.959999084472656,16.174907684326172,13575500
CF,2008-03-18,22.90399932861328,24.020000457763672,22.535999298095703,23.950000762939453,17.640661239624023,12940000
CF,2008-03-19,23.81399917602539,23.827999114990234,21.229999542236328,21.26799964904785,15.665205001831056,19487000
CF,2008-03-20,20.8799991607666,21.450000762939453,19.799999237060547,20.99799919128418,15.46633529663086,23027500
CF,2008-03-24,21.562000274658203,22.1200008392334,21.082000732421875,21.275999069213867,15.671099662780762,14310500
CF,2008-03-25,22.229999542236328,22.81999969482422,21.667999267578125,22.67399978637696,16.700809478759766,12814500
CF,2008-03-26,22.600000381469727,23.0,22.07999992370605,22.729999542236328,16.742055892944336,8085500
CF,2008-03-27,22.46999931335449,22.67799949645996,21.790000915527344,21.86400032043457,16.104196548461914,13148000
CF,2008-03-28,22.20800018310547,22.54599952697754,21.558000564575195,21.71199989318848,15.992246627807615,7234500
CF,2008-03-31,21.3799991607666,21.96999931335449,20.00200080871582,20.724000930786133,15.264518737792969,16714500
CF,2008-04-01,20.832000732421875,21.3759994506836,19.46999931335449,21.312000274658203,15.69761848449707,18997500
CF,2008-04-02,20.90399932861328,21.739999771118164,20.516000747680664,21.17799949645996,15.59891414642334,12297500
CF,2008-04-03,21.176000595092773,23.31999969482422,20.802000045776367,22.90999984741211,16.874650955200195,18857000
CF,2008-04-04,23.6879997253418,25.43199920654297,23.552000045776367,25.12800025939941,18.50833320617676,19927000
CF,2008-04-07,25.90399932861328,26.600000381469727,24.92399978637696,25.393999099731445,18.704269409179688,17385500
CF,2008-04-08,25.20199966430664,26.5939998626709,25.0,26.20400047302246,19.30087661743164,14462000
CF,2008-04-09,26.586000442504883,27.34600067138672,26.302000045776367,26.75,19.70303726196289,19614500
CF,2008-04-10,26.89999961853028,27.738000869750977,25.94799995422364,27.420000076293945,20.19653511047364,15193500
CF,2008-04-11,26.941999435424805,28.011999130249023,26.61599922180176,27.68600082397461,20.392457962036133,14893500
CF,2008-04-14,27.9379997253418,29.29400062561035,27.77400016784668,28.88400077819824,21.274871826171875,14939500
CF,2008-04-15,29.309999465942383,29.309999465942383,28.01799964904785,28.573999404907227,21.046527862548828,11068500
CF,2008-04-16,29.520000457763672,30.327999114990234,28.86000061035156,30.28400039672852,22.30605697631836,13925000
CF,2008-04-17,30.44599914550781,30.989999771118164,29.309999465942383,30.100000381469727,22.170522689819336,13413000
CF,2008-04-18,30.100000381469727,31.479999542236328,29.804000854492188,30.788000106811523,22.677282333374023,13815000
CF,2008-04-21,30.996000289916992,31.799999237060547,30.554000854492188,31.21999931335449,22.9954776763916,13486000
CF,2008-04-22,31.700000762939453,31.700000762939453,29.964000701904297,30.492000579833984,22.45926284790039,15719500
CF,2008-04-23,30.833999633789062,30.833999633789062,28.799999237060547,29.61800003051757,21.81549835205078,17845000
CF,2008-04-24,29.799999237060547,29.799999237060547,27.03400039672852,27.52199935913086,20.27166557312012,23566000
CF,2008-04-25,26.40800094604492,28.996000289916992,26.100000381469727,28.826000213623047,21.232152938842773,23096500
CF,2008-04-28,28.55599975585937,29.426000595092773,27.84600067138672,27.950000762939453,20.5869197845459,18476000
CF,2008-04-29,27.36000061035156,27.36000061035156,26.10400009155273,26.233999252319336,19.322967529296875,16137500
CF,2008-04-30,26.496000289916992,27.3759994506836,26.299999237060547,26.739999771118164,19.6956729888916,14191500
CF,2008-05-01,26.489999771118164,26.950000762939453,25.29800033569336,26.40800094604492,19.45113945007324,14733500
CF,2008-05-02,26.77400016784668,27.166000366210938,26.23600006103516,26.95199966430664,19.85182762145996,9300500
CF,2008-05-05,27.38999938964844,27.850000381469727,26.600000381469727,26.950000762939453,19.85034942626953,9693000
CF,2008-05-06,27.214000701904297,27.93199920654297,26.700000762939453,27.761999130249023,20.44843864440918,10523000
CF,2008-05-07,27.65800094604492,28.39999961853028,27.030000686645508,27.13800048828125,19.98882484436035,12376500
CF,2008-05-08,27.5,27.600000381469727,26.46999931335449,27.49399948120117,20.25104141235352,13454000
CF,2008-05-09,27.489999771118164,27.73200035095215,27.03199958801269,27.36599922180176,20.156757354736328,6989500
CF,2008-05-12,27.43000030517578,27.974000930786133,26.940000534057617,27.88999938964844,20.542722702026367,7938000
CF,2008-05-13,28.09199905395508,28.200000762939453,27.106000900268555,27.40800094604492,20.20218276977539,8003500
CF,2008-05-14,27.20199966430664,28.333999633789062,27.124000549316406,27.253999710083008,20.08867645263672,10436000
CF,2008-05-15,27.327999114990234,28.04199981689453,27.309999465942383,27.746000289916992,20.451322555541992,6816500
CF,2008-05-16,27.757999420166016,28.39999961853028,27.30599975585937,27.95800018310547,20.607585906982425,7573500
CF,2008-05-19,27.804000854492188,28.0939998626709,26.143999099731445,26.52400016784668,19.55059814453125,10819500
CF,2008-05-20,26.802000045776367,27.440000534057617,26.277999877929688,27.09000015258789,19.96778678894043,9296000
CF,2008-05-21,27.1299991607666,27.21199989318848,25.729999542236328,25.874000549316406,19.07148742675781,12797500
CF,2008-05-22,25.804000854492188,26.979999542236328,25.804000854492188,26.374000549316406,19.44003677368164,9096000
CF,2008-05-23,26.27199935913086,26.3759994506836,24.893999099731445,25.459999084472656,18.766328811645508,13622000
CF,2008-05-27,25.465999603271484,25.54199981689453,24.257999420166016,24.81399917602539,18.29016494750977,13760000
CF,2008-05-28,24.81800079345703,27.309999465942383,24.61199951171875,27.309999465942383,20.129945755004883,16926500
CF,2008-05-29,27.19799995422364,27.350000381469727,26.464000701904297,26.63999938964844,19.636096954345703,11126000
CF,2008-05-30,26.983999252319336,27.468000411987305,26.70199966430664,27.3799991607666,20.18155097961425,12842500
CF,2008-06-02,27.35400009155273,28.61599922180176,27.299999237060547,27.89999961853028,20.56483268737793,12199500
CF,2008-06-03,28.239999771118164,29.68400001525879,27.950000762939453,28.84199905395508,21.25917053222656,19264000
CF,2008-06-04,28.799999237060547,29.222000122070312,28.20800018310547,28.459999084472656,20.97760391235352,11835500
CF,2008-06-05,28.96999931335449,30.535999298095703,28.6200008392334,30.42799949645996,22.42820167541504,16363500
CF,2008-06-06,29.81999969482422,30.74399948120117,29.214000701904297,29.333999633789062,21.6218204498291,11509500
CF,2008-06-09,29.99799919128418,30.90399932861328,29.39999961853028,30.224000930786133,22.27783393859864,12009000
CF,2008-06-10,30.058000564575195,30.371999740600582,29.10400009155273,30.145999908447266,22.22034454345703,10696000
CF,2008-06-11,31.077999114990234,31.67799949645996,30.12800025939941,30.218000411987305,22.273414611816406,15175500
CF,2008-06-12,30.420000076293945,30.724000930786133,29.39999961853028,29.857999801635746,22.008060455322266,11463000
CF,2008-06-13,29.804000854492188,31.016000747680664,29.666000366210938,31.016000747680664,22.861616134643555,9751000
CF,2008-06-16,31.729999542236328,32.49399948120117,30.847999572753903,32.125999450683594,23.679780960083008,11397500
CF,2008-06-17,32.45399856567383,34.04600143432617,32.395999908447266,33.92399978637695,25.005083084106445,18804500
CF,2008-06-18,34.316001892089844,34.597999572753906,32.94599914550781,33.84000015258789,24.94314956665039,13077500
CF,2008-06-19,34.290000915527344,34.33000183105469,32.2760009765625,32.43199920654297,23.905330657958984,12827500
CF,2008-06-20,32.57400131225586,34.060001373291016,32.45800018310547,33.349998474121094,24.581981658935547,19509500
CF,2008-06-23,33.55400085449219,34.040000915527344,32.51599884033203,33.66999816894531,24.817848205566406,12950000
CF,2008-06-24,33.582000732421875,34.0359992980957,31.827999114990234,32.04399871826172,23.61933708190918,15497500
CF,2008-06-25,31.742000579833984,32.35599899291992,30.520000457763672,31.70400047302246,23.36872673034668,15622500
CF,2008-06-26,31.45599937438965,31.9379997253418,30.52400016784668,30.757999420166016,22.67143440246582,13716500
CF,2008-06-27,30.402000427246094,31.600000381469727,29.799999237060547,31.3700008392334,23.122539520263672,38425000
CF,2008-06-30,31.29599952697754,31.856000900268555,30.402000427246094,30.559999465942383,22.52549362182617,15514500
CF,2008-07-01,30.290000915527344,31.11400032043457,29.34000015258789,30.940000534057617,22.805593490600582,18287500
CF,2008-07-02,31.100000381469727,31.417999267578125,28.709999084472656,28.722000122070312,21.17072296142578,13602500
CF,2008-07-03,28.233999252319336,28.99399948120117,27.47599983215332,28.479999542236328,20.99234771728516,12786500
CF,2008-07-07,29.299999237060547,30.381999969482425,28.46999931335449,29.43199920654297,21.694055557250977,17254500
CF,2008-07-08,28.76000022888184,28.99799919128418,26.70599937438965,28.893999099731445,21.29749870300293,22046500
CF,2008-07-09,29.011999130249023,31.00200080871582,29.011999130249023,30.44599914550781,22.441469192504883,15591000
CF,2008-07-10,30.788000106811523,31.39999961853028,30.200000762939453,31.3700008392334,23.122539520263672,13782000
CF,2008-07-11,30.97800064086914,32.099998474121094,30.600000381469727,31.809999465942383,23.44685935974121,14215000
CF,2008-07-14,32.50600051879883,33.242000579833984,31.881999969482425,33.018001556396484,24.33727264404297,12730500
CF,2008-07-15,32.917999267578125,32.917999267578125,30.775999069213867,31.808000564575195,23.44538688659668,16827500
CF,2008-07-16,31.996000289916992,31.996000289916992,30.200000762939453,31.761999130249023,23.411481857299805,14177500
CF,2008-07-17,32.34199905395508,32.99599838256836,29.645999908447266,30.558000564575195,22.52402687072754,16006000
CF,2008-07-18,30.011999130249023,31.336000442504883,29.790000915527344,29.944000244140625,22.071453094482425,11738500
CF,2008-07-21,30.39800071716309,31.715999603271484,30.14800071716309,31.34600067138672,23.1048526763916,15730500
CF,2008-07-22,31.19799995422364,31.600000381469727,30.06999969482422,31.214000701904297,23.007551193237305,9928500
CF,2008-07-23,30.902000427246094,31.082000732421875,27.808000564575195,27.916000366210938,20.57662582397461,17098500
CF,2008-07-24,28.722000122070312,29.70800018310547,26.50200080871582,27.89800071716309,20.56336784362793,23797000
CF,2008-07-25,28.19799995422364,29.007999420166016,27.13599967956543,28.74399948120117,21.18692970275879,10541000
CF,2008-07-28,29.10400009155273,29.59000015258789,28.45400047302246,29.13599967956543,21.475873947143555,12276500
CF,2008-07-29,28.81800079345703,30.71999931335449,28.40800094604492,30.535999298095703,22.50780296325684,16434000
CF,2008-07-30,31.09199905395508,33.400001525878906,30.63599967956543,33.321998596191406,24.56133079528809,17624000
CF,2008-07-31,33.14400100708008,33.62799835205078,32.37200164794922,32.69200134277344,24.096973419189453,12337500
CF,2008-08-01,33.02799987792969,33.599998474121094,32.119998931884766,32.507999420166016,23.96135330200196,9039500
CF,2008-08-04,32.28200149536133,32.28799819946289,29.302000045776367,29.79199981689453,21.959415435791016,17921500
CF,2008-08-05,29.277999877929688,30.0,26.799999237060547,27.92200088500977,20.5810489654541,27723000
CF,2008-08-06,28.35199928283692,29.038000106811523,27.757999420166016,28.15800094604492,20.7550048828125,15184500
CF,2008-08-07,28.44799995422364,28.88999938964844,27.538000106811523,28.07200050354004,20.69160842895508,12079000
CF,2008-08-08,26.99799919128418,27.600000381469727,26.280000686645508,26.93000030517578,19.84985542297364,15055000
CF,2008-08-11,27.26000022888184,27.26000022888184,24.0,25.06599998474121,18.47591781616211,25290000
CF,2008-08-12,25.02199935913086,25.97599983215332,24.71199989318848,25.30599975585937,18.6528263092041,15846500
CF,2008-08-13,25.45400047302246,27.788000106811523,25.45400047302246,27.770000457763672,20.48520278930664,14608500
CF,2008-08-14,27.496000289916992,27.90999984741211,26.39999961853028,27.4060001373291,20.216693878173828,14701500
CF,2008-08-15,27.332000732421875,27.332000732421875,25.37800025939941,25.790000915527344,19.02461051940918,13153000
CF,2008-08-18,25.964000701904297,26.99399948120117,25.46999931335449,25.96199989318848,19.1514892578125,15310000
CF,2008-08-19,25.600000381469727,27.525999069213867,25.489999771118164,26.983999252319336,19.905391693115234,14847000
CF,2008-08-20,27.261999130249023,28.200000762939453,27.143999099731445,27.979999542236328,20.640111923217773,12834000
CF,2008-08-21,28.441999435424805,29.31800079345703,27.799999237060547,29.107999801635746,21.47220993041992,12791000
CF,2008-08-22,28.61800003051757,29.426000595092773,28.107999801635746,28.893999099731445,21.314340591430664,11832000
CF,2008-08-25,29.69799995422364,30.100000381469727,28.729999542236328,29.3700008392334,21.66547966003418,16401000
CF,2008-08-26,29.559999465942383,29.89999961853028,29.26799964904785,29.847999572753903,22.018085479736328,45600500
CF,2008-08-27,30.15800094604492,30.53199958801269,29.8799991607666,30.03199958801269,22.15381622314453,14062500
CF,2008-08-28,30.36800003051757,30.36800003051757,29.36599922180176,30.1200008392334,22.218738555908203,14443500
CF,2008-08-29,30.00200080871582,30.79400062561035,30.00200080871582,30.479999542236328,22.484298706054688,9832000
CF,2008-09-02,29.38599967956543,29.38599967956543,27.51000022888184,27.60400009155273,20.362749099731445,18506000
CF,2008-09-03,27.51799964904785,28.09199905395508,25.700000762939453,26.86800003051757,19.81982421875,24910000
CF,2008-09-04,26.36800003051757,27.107999801635746,24.26000022888184,24.68600082397461,18.210220336914062,25309000
CF,2008-09-05,24.788000106811523,26.336000442504883,23.78199958801269,26.239999771118164,19.3565616607666,24464000
CF,2008-09-08,27.106000900268555,27.15800094604492,23.106000900268555,23.895999908447266,17.627450942993164,25167000
CF,2008-09-09,23.45800018310547,23.45800018310547,20.9060001373291,21.016000747680664,15.502951622009276,37160500
CF,2008-09-10,21.106000900268555,22.85400009155273,21.027999877929688,21.92200088500977,16.171287536621094,29167000
CF,2008-09-11,21.357999801635746,23.29199981689453,20.74799919128418,23.25,17.15091323852539,27200500
CF,2008-09-12,23.222000122070312,24.950000762939453,23.222000122070312,24.552000045776367,18.11137008666992,23623500
CF,2008-09-15,23.07999992370605,23.920000076293945,21.583999633789062,22.04400062561035,16.26127815246582,22738000
CF,2008-09-16,21.15999984741211,23.92399978637696,21.00200080871582,23.902000427246094,17.63188362121582,25977000
CF,2008-09-17,23.32999992370605,24.143999099731445,21.57200050354004,21.940000534057617,16.1845645904541,24917500
CF,2008-09-18,22.121999740600582,23.5,20.90999984741211,22.06800079345703,16.278987884521484,22566500
CF,2008-09-19,23.562000274658203,24.14800071716309,22.46199989318848,23.88599967956543,17.620073318481445,17907500
CF,2008-09-22,23.90999984741211,25.176000595092773,23.8700008392334,24.357999801635746,17.96826171875,17865500
CF,2008-09-23,24.27400016784668,24.41200065612793,21.850000381469727,22.722000122070312,16.76141929626465,22772500
CF,2008-09-24,23.191999435424805,23.700000762939453,22.29800033569336,22.99399948120117,16.962074279785156,15294000
CF,2008-09-25,22.98200035095215,22.98200035095215,21.261999130249023,22.040000915527344,16.258331298828125,23034500
CF,2008-09-26,19.827999114990234,19.827999114990234,17.531999588012695,18.356000900268555,13.54074478149414,36195500
CF,2008-09-29,17.371999740600586,18.288000106811523,16.22599983215332,16.785999298095703,12.382593154907228,28443500
CF,2008-09-30,17.059999465942383,18.492000579833984,16.63800048828125,18.29199981689453,13.493526458740234,26130000
CF,2008-10-01,18.36599922180176,18.72599983215332,17.239999771118164,17.72800064086914,13.077484130859377,21577000
CF,2008-10-02,15.597999572753906,15.661999702453612,10.824000358581545,11.600000381469728,8.557014465332031,76177000
CF,2008-10-03,12.12399959564209,12.699999809265137,11.071999549865724,11.29599952697754,8.332764625549316,34816500
CF,2008-10-06,10.260000228881836,10.96399974822998,9.42199993133545,10.815999984741213,7.97868013381958,41498500
CF,2008-10-07,11.39799976348877,11.715999603271484,10.246000289916992,10.277999877929688,7.58181095123291,39870500
CF,2008-10-08,9.597999572753906,12.3100004196167,9.477999687194824,11.461999893188477,8.455220222473145,47404000
CF,2008-10-09,12.05799961090088,13.565999984741213,10.83199977874756,11.166000366210938,8.23686695098877,37330500
CF,2008-10-10,10.289999961853027,12.387999534606934,9.902000427246094,11.534000396728516,8.508329391479492,35624000
CF,2008-10-13,12.760000228881836,12.93000030517578,11.640000343322754,12.93000030517578,9.538125038146973,24331500
CF,2008-10-14,13.402000427246094,13.89799976348877,12.137999534606934,12.833999633789062,9.467303276062012,27274000
CF,2008-10-15,12.239999771118164,12.239999771118164,11.086000442504885,11.19200038909912,8.256047248840332,24369500
CF,2008-10-16,11.498000144958496,12.052000045776367,10.31999969482422,11.609999656677246,8.564391136169434,34826000
CF,2008-10-17,11.178000450134276,12.19200038909912,10.621999740600586,11.06999969482422,8.166049003601074,23806500
CF,2008-10-20,11.605999946594238,12.218000411987305,11.359999656677246,12.194000244140623,8.995193481445312,20981500
CF,2008-10-21,11.829999923706056,11.946000099182127,11.105999946594238,11.185999870300291,8.251617431640625,21211500
CF,2008-10-22,10.491999626159668,10.729999542236328,9.486000061035156,9.97599983215332,7.35903263092041,27271000
CF,2008-10-23,10.137999534606934,10.23799991607666,8.520000457763672,8.90999984741211,6.5726728439331055,40641000
CF,2008-10-24,7.599999904632568,9.175999641418455,7.541999816894531,8.878000259399414,6.549067974090576,26969500
CF,2008-10-27,8.85200023651123,9.5,8.715999603271484,9.050000190734863,6.675947189331055,28808000
CF,2008-10-28,9.70199966430664,10.833999633789062,9.215999603271484,10.83199977874756,7.990483283996582,34557000
CF,2008-10-29,10.824000358581545,11.486000061035156,10.390000343322754,10.755999565124512,7.934418678283691,25600500
CF,2008-10-30,11.350000381469728,12.314000129699709,11.281999588012695,12.026000022888184,8.871269226074219,30011000
CF,2008-10-31,11.727999687194824,13.092000007629396,11.727999687194824,12.838000297546388,9.470255851745604,25864500
CF,2008-11-03,12.8100004196167,13.137999534606934,12.314000129699709,12.534000396728516,9.246005058288574,22552000
CF,2008-11-04,13.161999702453612,13.565999984741213,12.767999649047852,12.977999687194824,9.573529243469238,29476000
CF,2008-11-05,12.741999626159668,12.84000015258789,11.800000190734863,11.895999908447266,8.775367736816406,27435500
CF,2008-11-06,11.531999588012695,11.673999786376951,10.732000350952148,11.043999671936035,8.146871566772461,28563500
CF,2008-11-07,11.23799991607666,12.196000099182127,10.956000328063965,12.16800022125244,8.97601318359375,23986500
CF,2008-11-10,12.694000244140623,13.28600025177002,12.20400047302246,12.458000183105469,9.189942359924316,22107500
CF,2008-11-11,12.031999588012695,12.30799961090088,11.437999725341797,11.781999588012695,8.691268920898438,24649500
CF,2008-11-12,11.37600040435791,11.37600040435791,10.43000030517578,10.446000099182127,7.718841075897217,27310500
CF,2008-11-13,10.55799961090088,12.10200023651123,10.0600004196167,12.09000015258789,8.933640480041504,46147500
CF,2008-11-14,11.70400047302246,12.166000366210938,10.989999771118164,10.994000434875488,8.123780250549316,29188500
CF,2008-11-17,10.312000274658203,10.736000061035156,10.041999816894531,10.088000297546388,7.454309463500977,28657000
CF,2008-11-18,10.255999565124512,10.5,9.605999946594238,10.07800006866455,7.44692325592041,18307500
CF,2008-11-19,9.98799991607666,10.074000358581545,8.887999534606934,8.89799976348877,6.574984073638916,21282500
CF,2008-11-20,8.529999732971191,8.826000213623047,7.828000068664551,7.875999927520752,5.819797515869141,30549000
CF,2008-11-21,8.199999809265137,9.394000053405762,8.199999809265137,9.32800006866455,6.892721176147461,30255500
CF,2008-11-24,9.59000015258789,9.887999534606934,9.079999923706056,9.232000350952148,6.821784496307373,19165000
CF,2008-11-25,9.748000144958496,10.062000274658203,9.355999946594238,9.739999771118164,7.197160243988037,21743000
CF,2008-11-26,9.435999870300291,10.70400047302246,9.232000350952148,10.62600040435791,7.8518500328063965,14242000
CF,2008-11-28,10.618000030517578,10.722000122070312,10.345999717712402,10.526000022888184,7.777957439422607,4738000
CF,2008-12-01,10.178000450134276,10.178000450134276,8.795999526977539,8.843999862670898,6.535080432891846,15681500
CF,2008-12-02,8.527999877929688,9.244000434875488,8.484000205993652,9.1899995803833,6.790750026702881,20072000
CF,2008-12-03,8.79800033569336,9.48799991607666,8.71399974822998,9.263999938964844,6.845430850982666,12419500
CF,2008-12-04,9.100000381469728,9.574000358581545,8.763999938964844,8.920000076293945,6.5912394523620605,9971000
CF,2008-12-05,8.704000473022461,9.432000160217283,8.302000045776367,9.40999984741211,6.953312397003174,13550500
CF,2008-12-08,9.847999572753906,10.432000160217283,9.847999572753906,10.145999908447266,7.497164249420166,12856000
CF,2008-12-09,10.0,10.857999801635742,9.78600025177002,10.131999969482422,7.486819744110107,8849500
CF,2008-12-10,10.520000457763672,10.729999542236328,10.20199966430664,10.460000038146973,7.729188919067383,8186500
CF,2008-12-11,10.20199966430664,10.781999588012695,9.531999588012695,9.727999687194824,7.188294410705566,11674000
CF,2008-12-12,9.399999618530272,10.12399959564209,9.173999786376951,9.826000213623049,7.260707378387451,7713000
CF,2008-12-15,10.008000373840332,10.270000457763672,9.380000114440918,9.565999984741213,7.0685858726501465,9070000
CF,2008-12-16,9.845999717712402,10.800000190734863,9.845999717712402,10.753999710083008,7.946432113647461,14062000
CF,2008-12-17,10.68000030517578,11.420000076293944,10.45199966430664,11.100000381469728,8.202101707458496,14410500
CF,2008-12-18,11.18000030517578,11.18000030517578,10.062000274658203,10.119999885559082,7.477952480316162,8945000
CF,2008-12-19,9.907999992370604,10.1899995803833,9.25,9.583999633789062,7.081887722015381,10459000
CF,2008-12-22,9.571999549865724,9.579999923706056,8.899999618530273,9.10200023651123,6.72572660446167,7122000
CF,2008-12-23,9.105999946594238,9.51200008392334,9.105999946594238,9.300000190734863,6.872034072875977,9943500
CF,2008-12-24,9.161999702453612,9.456000328063965,9.109999656677246,9.222000122070312,6.814395427703857,2610500
CF,2008-12-26,9.35200023651123,9.420000076293944,9.02400016784668,9.359999656677246,6.916367053985596,3855500
CF,2008-12-29,9.404000282287598,9.663999557495115,9.104000091552734,9.34000015258789,6.901591300964356,6251000
CF,2008-12-30,9.184000015258787,9.5600004196167,9.100000381469728,9.526000022888184,7.039030075073242,7739500
CF,2008-12-31,9.513999938964844,9.949999809265137,9.36400032043457,9.83199977874756,7.265141010284424,6492500
CF,2009-01-02,9.87600040435791,10.81999969482422,9.81999969482422,10.72599983215332,7.925743579864502,9227000
CF,2009-01-05,10.604000091552734,11.527999877929688,10.604000091552734,11.31999969482422,8.364664077758789,13389000
CF,2009-01-06,11.4399995803833,11.520000457763672,10.520000457763672,11.053999900817873,8.168113708496094,18941500
CF,2009-01-07,11.199999809265137,11.5,10.607999801635742,10.656000137329102,7.874019622802734,12895000
CF,2009-01-08,10.3100004196167,11.161999702453612,10.305999755859377,10.934000015258787,8.079442977905273,16941000
CF,2009-01-09,10.965999603271484,11.137999534606934,10.56999969482422,10.781999588012695,7.967117786407471,12395000
CF,2009-01-12,10.718000411987305,10.718000411987305,9.3100004196167,9.38599967956543,6.935577869415283,17041000
CF,2009-01-13,9.329999923706056,9.78600025177002,9.260000228881836,9.53600025177002,7.046419143676758,12997500
CF,2009-01-14,9.104000091552734,9.239999771118164,8.583999633789062,8.850000381469727,6.539514064788818,14583500
CF,2009-01-15,8.920000076293945,9.593999862670898,8.62399959564209,9.446000099182127,6.979917526245117,14312500
CF,2009-01-16,9.210000038146973,9.9399995803833,9.041999816894531,9.70400047302246,7.170562744140625,25468000
CF,2009-01-20,9.45400047302246,9.60200023651123,9.020000457763672,9.14799976348877,6.759713649749756,15628500
CF,2009-01-21,9.501999855041504,9.501999855041504,8.609999656677246,9.128000259399414,6.744935989379883,19742500
CF,2009-01-22,8.890000343322754,9.314000129699709,8.67199993133545,8.90999984741211,6.583848476409912,20409500
CF,2009-01-23,8.600000381469727,9.58199977874756,8.460000038146973,9.355999946594238,6.91340970993042,16627500
CF,2009-01-26,9.461999893188477,10.0,9.215999603271484,9.44200038909912,6.976961135864258,17269500
CF,2009-01-27,9.552000045776367,9.63599967956543,9.145999908447266,9.26200008392334,6.84395170211792,17992000
CF,2009-01-28,9.508000373840332,9.960000038146973,9.413999557495115,9.82800006866455,7.2621870040893555,18946500
CF,2009-01-29,9.62399959564209,9.800000190734863,9.479999542236328,9.656000137329102,7.135091781616211,16874500
CF,2009-01-30,9.699999809265137,9.935999870300291,9.317999839782717,9.399999618530272,6.945924282073975,18135500
CF,2009-02-02,9.20400047302246,9.779999732971191,9.109999656677246,9.515999794006348,7.03164005279541,14484500
CF,2009-02-03,9.593999862670898,9.986000061035156,9.37600040435791,9.758000373840332,7.210459232330322,14196000
CF,2009-02-04,9.89799976348877,10.604000091552734,9.89799976348877,10.178000450134276,7.520810604095459,20481500
CF,2009-02-05,10.07800006866455,10.600000381469728,9.907999992370604,10.48799991607666,7.749876976013184,22172500
CF,2009-02-06,10.605999946594238,11.260000228881836,10.526000022888184,10.925999641418455,8.073530197143555,24157500
CF,2009-02-09,10.961999893188477,11.343999862670898,10.434000015258787,10.687999725341797,7.8976664543151855,17965500
CF,2009-02-10,10.859999656677246,11.37600040435791,10.527999877929688,10.720000267028809,7.921310424804687,35354000
CF,2009-02-11,11.355999946594238,11.390000343322754,10.112000465393066,10.44200038909912,7.715888023376465,29442500
CF,2009-02-12,10.12600040435791,11.039999961853027,10.041999816894531,11.010000228881836,8.151209831237793,25262500
CF,2009-02-13,10.80799961090088,11.227999687194824,10.80799961090088,10.935999870300291,8.096423149108887,16148000
CF,2009-02-17,10.33199977874756,10.515999794006348,10.041999816894531,10.163999557495115,7.524878025054932,20758000
CF,2009-02-18,10.178000450134276,10.654000282287598,10.14799976348877,10.53600025177002,7.8002848625183105,24588000
CF,2009-02-19,10.66800022125244,11.253999710083008,10.609999656677246,10.907999992370604,8.075700759887695,21606000
CF,2009-02-20,10.642000198364258,11.232000350952148,10.510000228881836,11.144000053405762,8.250418663024902,25583000
CF,2009-02-23,11.29800033569336,11.52400016784668,9.9399995803833,10.0,7.403464317321777,36054500
CF,2009-02-24,10.118000030517578,11.248000144958496,10.062000274658203,11.116000175476074,8.22968864440918,30274000
CF,2009-02-25,13.300000190734863,13.315999984741213,12.300000190734863,12.354000091552734,9.146235466003418,86849000
CF,2009-02-26,12.583999633789062,12.842000007629396,12.42199993133545,12.550000190734863,9.29134464263916,41207500
CF,2009-02-27,12.142000198364258,13.229999542236328,12.095999717712402,12.866000175476074,9.525293350219728,35245000
CF,2009-03-02,12.541999816894531,12.6899995803833,11.694000244140623,11.73799991607666,8.690183639526367,23676000
CF,2009-03-03,12.005999565124512,12.55799961090088,11.871999740600586,12.255999565124512,9.07368278503418,19421000
CF,2009-03-04,12.60200023651123,12.899999618530272,12.368000030517578,12.54800033569336,9.289861679077148,28831500
CF,2009-03-05,12.366000175476074,12.682000160217283,11.989999771118164,12.178000450134276,9.015938758850098,19426000
CF,2009-03-06,12.362000465393066,12.41800022125244,11.720000267028809,12.118000030517578,8.971517562866211,25552000
CF,2009-03-09,11.70199966430664,12.593999862670898,11.520000457763672,12.312000274658203,9.11514377593994,23402000
CF,2009-03-10,12.640000343322754,13.11400032043457,12.56999969482422,12.850000381469728,9.513450622558594,22596000
CF,2009-03-11,12.972000122070312,13.779999732971191,12.87600040435791,13.631999969482422,10.092400550842283,24647500
CF,2009-03-12,13.531999588012695,13.531999588012695,12.989999771118164,13.47599983215332,9.976906776428224,20520500
CF,2009-03-13,13.51200008392334,13.899999618530272,13.342000007629396,13.722000122070312,10.159032821655272,15936500
CF,2009-03-16,13.666000366210938,14.13599967956543,13.5,13.739999771118164,10.172354698181152,20746500
CF,2009-03-17,13.694000244140623,13.890000343322754,13.399999618530272,13.803999900817873,10.219738960266112,16132500
CF,2009-03-18,13.670000076293944,13.994000434875488,13.23799991607666,13.833999633789062,10.241948127746582,22445500
CF,2009-03-19,14.157999992370604,14.33199977874756,13.824000358581545,13.883999824523926,10.27896785736084,16935500
CF,2009-03-20,13.989999771118164,14.003999710083008,13.53600025177002,13.53600025177002,10.021326065063477,16402500
CF,2009-03-23,13.81999969482422,14.329999923706056,13.54800033569336,14.23799991607666,10.541048049926758,11684500
CF,2009-03-24,14.015999794006348,14.833999633789062,13.868000030517578,14.460000038146973,10.705408096313477,14508500
CF,2009-03-25,14.83199977874756,14.83199977874756,14.208000183105469,14.644000053405762,10.841630935668944,14624500
CF,2009-03-26,15.029999732971191,15.029999732971191,14.390000343322754,14.800000190734863,10.95712184906006,13713500
CF,2009-03-27,14.628000259399414,14.97599983215332,14.515999794006348,14.65999984741211,10.853474617004396,14600000
CF,2009-03-30,14.39799976348877,14.39799976348877,13.956000328063965,14.07800006866455,10.42259407043457,14098000
CF,2009-03-31,14.251999855041504,14.444000244140623,14.04599952697754,14.22599983215332,10.532163619995115,9455000
CF,2009-04-01,13.899999618530272,14.55799961090088,13.899999618530272,14.496000289916992,10.732057571411133,13345500
CF,2009-04-02,14.600000381469728,14.87600040435791,14.43000030517578,14.534000396728516,10.76019287109375,14666000
CF,2009-04-03,14.5,14.907999992370604,14.399999618530272,14.907999992370604,11.037079811096191,8981000
CF,2009-04-06,14.555999755859377,14.621999740600586,14.300000190734863,14.541999816894531,10.766115188598633,11990000
CF,2009-04-07,14.404000282287598,14.458000183105469,14.010000228881836,14.0600004196167,10.409268379211426,8855500
CF,2009-04-08,13.744000434875488,14.300000190734863,13.741999626159668,14.260000228881836,10.55733585357666,9148000
CF,2009-04-09,14.550000190734863,14.633999824523926,14.338000297546388,14.605999946594238,10.813494682312012,7428500
CF,2009-04-13,14.32800006866455,14.718000411987305,14.289999961853027,14.593999862670898,10.804610252380373,6862000
CF,2009-04-14,14.416000366210938,14.868000030517578,14.416000366210938,14.741999626159668,10.914180755615234,10431000
CF,2009-04-15,14.550000190734863,14.934000015258787,14.501999855041504,14.89799976348877,11.029677391052246,8673500
CF,2009-04-16,15.001999855041504,15.076000213623049,14.564000129699709,14.663999557495115,10.856435775756836,7848000
CF,2009-04-17,14.685999870300291,14.746000289916992,13.958000183105469,13.989999771118164,10.357440948486328,14660000
CF,2009-04-20,13.800000190734863,13.800000190734863,13.381999969482422,13.477999687194824,9.978384971618652,11123000
CF,2009-04-21,13.277999877929688,13.789999961853027,13.277999877929688,13.423999786376951,9.938406944274902,11027000
CF,2009-04-22,13.302000045776367,13.777999877929688,13.157999992370604,13.239999771118164,9.802186012268066,8003500
CF,2009-04-23,13.227999687194824,13.583999633789062,12.968000411987305,13.381999969482422,9.90731430053711,9169000
CF,2009-04-24,13.678000450134276,14.404000282287598,13.63599967956543,14.218000411987305,10.526241302490234,10626000
CF,2009-04-27,13.77400016784668,14.116000175476074,13.616000175476074,13.965999603271484,10.339678764343262,6679000
CF,2009-04-28,13.684000015258787,14.14799976348877,13.68000030517578,13.935999870300291,10.317465782165527,3763500
CF,2009-04-29,14.050000190734863,14.58199977874756,14.020000457763672,14.472000122070312,10.714289665222168,6130000
CF,2009-04-30,14.600000381469728,14.767999649047852,14.27400016784668,14.40999984741211,10.66838550567627,5924000
CF,2009-05-01,14.407999992370604,15.25,14.345999717712402,14.972000122070312,11.08446216583252,8427500
CF,2009-05-04,15.196000099182127,15.300000190734863,14.93000030517578,15.06999969482422,11.15701675415039,8343500
CF,2009-05-05,15.074000358581545,15.211999893188477,14.718000411987305,15.043999671936035,11.137767791748049,5753500
CF,2009-05-06,15.20199966430664,15.20199966430664,14.446000099182127,14.781999588012695,10.94379425048828,9620000
CF,2009-05-07,15.001999855041504,15.064000129699709,14.359999656677246,14.444000244140623,10.693558692932127,10630000
CF,2009-05-08,14.685999870300291,14.79800033569336,14.33199977874756,14.76200008392334,10.928987503051758,6883500
CF,2009-05-11,15.342000007629396,15.515999794006348,14.862000465393066,15.184000015258787,11.241415023803713,19351500
CF,2009-05-12,15.265999794006348,15.609999656677246,15.104000091552734,15.460000038146973,11.46084690093994,16026000
CF,2009-05-13,15.343999862670898,15.666000366210938,14.857999801635742,15.425999641418455,11.435646057128906,13692000
CF,2009-05-14,15.13599967956543,15.567999839782717,15.128000259399414,15.53600025177002,11.517189979553224,10879500
CF,2009-05-15,15.5,16.100000381469727,15.5,15.949999809265137,11.824095726013184,13710500
CF,2009-05-18,16.09600067138672,16.52400016784668,15.973999977111816,16.468000411987305,12.208101272583008,12958000
CF,2009-05-19,16.389999389648438,16.70599937438965,16.260000228881836,16.312000274658203,12.092456817626951,10851000
CF,2009-05-20,16.610000610351562,16.922000885009766,16.256000518798828,16.280000686645508,12.068729400634766,10395000
CF,2009-05-21,16.006000518798828,16.04599952697754,15.656000137329102,15.984000205993652,11.849300384521484,11342000
CF,2009-05-22,16.20599937438965,16.468000411987305,15.984000205993652,16.152000427246094,11.97384262084961,6560000
CF,2009-05-26,15.902000427246094,16.63800048828125,15.902000427246094,16.61199951171875,12.314851760864258,6723500
CF,2009-05-27,16.450000762939453,16.643999099731445,15.843999862670898,15.843999862670898,11.745516777038574,11947000
CF,2009-05-28,16.106000900268555,16.24799919128418,15.62399959564209,15.678000450134276,11.622455596923828,11438000
CF,2009-05-29,15.868000030517578,15.934000015258787,15.402000427246094,15.527999877929688,11.511260032653809,15377000
CF,2009-06-01,15.887999534606934,16.197999954223633,15.843999862670898,16.062000274658203,11.90712547302246,9941000
CF,2009-06-02,16.02199935913086,16.261999130249023,15.784000396728516,15.982000350952148,11.847818374633787,6034000
CF,2009-06-03,15.59000015258789,15.600000381469728,14.82800006866455,15.571999549865724,11.543872833251951,18507000
CF,2009-06-04,15.685999870300291,16.06800079345703,15.579999923706056,15.892000198364258,11.781099319458008,8432000
CF,2009-06-05,16.027999877929688,16.040000915527344,15.48799991607666,15.670000076293944,11.616524696350098,5448500
CF,2009-06-08,15.56999969482422,15.744000434875488,15.229999542236328,15.697999954223633,11.637282371520996,4076500
CF,2009-06-09,15.760000228881836,16.091999053955078,15.586000442504885,16.034000396728516,11.886371612548828,5118500
CF,2009-06-10,16.167999267578125,16.375999450683594,15.800000190734863,16.06599998474121,11.910090446472168,6388000
CF,2009-06-11,16.219999313354492,16.847999572753906,16.06800079345703,16.56800079345703,12.282235145568848,7471500
CF,2009-06-12,16.426000595092773,16.742000579833984,16.195999145507812,16.5,12.231819152832031,5543000
CF,2009-06-15,16.23200035095215,16.243999481201172,15.911999702453612,16.00200080871582,11.862641334533691,3238500
CF,2009-06-16,16.148000717163086,16.243999481201172,15.600000381469728,15.739999771118164,11.668418884277344,7717000
CF,2009-06-17,15.314000129699709,15.387999534606934,14.800000190734863,14.895999908447266,11.042744636535645,11179000
CF,2009-06-18,15.053999900817873,15.100000381469728,14.621999740600586,14.866000175476074,11.020502090454102,13037500
CF,2009-06-19,15.013999938964844,15.20199966430664,14.859999656677246,14.998000144958496,11.118358612060549,5507500
CF,2009-06-22,14.755999565124512,15.001999855041504,13.86400032043457,13.86400032043457,10.277697563171388,10497500
CF,2009-06-23,14.354000091552734,14.600000381469728,14.144000053405762,14.576000213623049,10.805520057678224,17110500
CF,2009-06-24,14.82800006866455,14.904000282287598,14.630000114440918,14.791999816894531,10.965641975402832,9575500
CF,2009-06-25,14.697999954223633,15.199999809265137,14.586000442504885,15.199999809265137,11.268106460571287,6279000
CF,2009-06-26,14.916000366210938,15.284000396728516,14.89799976348877,15.23799991607666,11.296277046203612,8285500
CF,2009-06-29,14.982000350952148,15.223999977111816,14.880000114440918,15.130000114440918,11.216212272644045,9296000
CF,2009-06-30,14.989999771118164,15.065999984741213,14.800000190734863,14.82800006866455,10.992329597473145,4914500
CF,2009-07-01,14.977999687194824,15.065999984741213,14.770000457763672,14.802000045776367,10.973054885864258,2552500
CF,2009-07-02,14.513999938964844,15.100000381469728,14.513999938964844,14.857999801635742,11.014569282531738,3723000
CF,2009-07-06,14.65999984741211,14.732000350952148,14.461999893188477,14.682000160217283,10.884100914001465,2456000
CF,2009-07-07,14.583999633789062,14.727999687194824,14.317999839782717,14.34000015258789,10.630566596984863,3985500
CF,2009-07-08,14.14799976348877,14.43000030517578,13.968000411987305,14.145999908447266,10.486746788024902,3990000
CF,2009-07-09,14.342000007629396,14.489999771118164,14.194000244140623,14.38599967956543,10.664667129516602,2261500
CF,2009-07-10,14.265999794006348,14.59000015258789,13.699999809265137,13.923999786376951,10.32217788696289,6984500
CF,2009-07-13,13.892000198364258,14.170000076293944,13.588000297546388,14.137999534606934,10.48082160949707,3376500
CF,2009-07-14,14.185999870300291,14.347999572753906,13.838000297546388,13.946000099182127,10.338481903076172,4922000
CF,2009-07-15,14.22599983215332,14.265999794006348,13.913999557495115,14.244000434875488,10.55940055847168,4459500
CF,2009-07-16,14.399999618530272,14.753999710083008,14.399999618530272,14.654000282287598,10.8633394241333,5657000
CF,2009-07-17,14.68000030517578,14.906000137329102,14.406000137329102,14.595999717712402,10.82034683227539,6421000
CF,2009-07-20,14.609999656677246,14.79800033569336,14.434000015258787,14.732000350952148,10.92116641998291,4024500
CF,2009-07-21,15.031999588012695,15.031999588012695,14.538000106811523,14.779999732971191,10.95674991607666,3580000
CF,2009-07-22,14.58199977874756,14.892000198364258,14.58199977874756,14.746000289916992,10.931543350219728,4004000
CF,2009-07-23,14.68000030517578,15.416000366210938,14.642000198364258,15.357999801635742,11.385231018066406,9347500
CF,2009-07-24,15.210000038146973,15.644000053405762,15.210000038146973,15.61400032043457,11.57501220703125,4369500
CF,2009-07-27,15.654000282287598,15.972000122070312,15.520000457763672,15.76200008392334,11.684725761413574,6226000
CF,2009-07-28,16.04400062561035,16.131999969482422,15.366000175476074,15.869999885559082,11.764788627624512,14511500
CF,2009-07-29,15.824000358581545,15.824000358581545,15.434000015258787,15.579999923706056,11.549809455871582,5270000
CF,2009-07-30,15.907999992370604,16.04599952697754,15.770000457763672,15.814000129699709,11.723278045654297,3116500
CF,2009-07-31,15.791999816894531,15.977999687194824,15.670000076293944,15.788000106811523,11.704004287719728,3219500
CF,2009-08-03,16.0,16.36199951171875,15.958000183105469,16.309999465942383,12.090971946716309,3718500
CF,2009-08-04,16.104000091552734,16.304000854492188,15.866000175476074,16.00200080871582,11.862641334533691,3027500
CF,2009-08-05,16.18000030517578,16.780000686645508,15.90999984741211,16.54800033569336,12.267404556274414,9848000
CF,2009-08-06,16.645999908447266,16.709999084472656,16.464000701904297,16.628000259399414,12.326715469360352,4120500
CF,2009-08-07,16.917999267578125,16.917999267578125,16.393999099731445,16.672000885009766,12.359331130981444,3228500
CF,2009-08-10,16.591999053955078,16.695999145507812,16.302000045776367,16.4060001373291,12.162137031555176,4448000
CF,2009-08-11,16.36199951171875,16.538000106811523,16.152000427246094,16.309999465942383,12.090971946716309,3842500
CF,2009-08-12,16.211999893188477,16.61400032043457,16.211999893188477,16.486000061035156,12.236449241638184,1768500
CF,2009-08-13,16.691999435424805,16.799999237060547,16.513999938964844,16.6299991607666,12.343329429626465,3805500
CF,2009-08-14,16.673999786376953,16.687999725341797,16.3700008392334,16.573999404907227,12.301763534545898,2805500
CF,2009-08-17,16.106000900268555,16.172000885009766,15.699999809265137,15.883999824523926,11.789624214172363,3161500
CF,2009-08-18,15.998000144958496,16.395999908447266,15.934000015258787,16.29599952697754,12.09542751312256,3020500
CF,2009-08-19,16.040000915527344,16.58799934387207,16.040000915527344,16.420000076293945,12.187461853027344,2259500
CF,2009-08-20,16.360000610351562,16.56800079345703,16.27400016784668,16.374000549316406,12.1533203125,2247500
CF,2009-08-21,16.658000946044922,16.658000946044922,16.29400062561035,16.357999801635742,12.141444206237791,3494000
CF,2009-08-24,16.582000732421875,16.81599998474121,16.45800018310547,16.624000549316406,12.338874816894531,5163500
CF,2009-08-25,16.799999237060547,16.895999908447266,16.356000900268555,16.437999725341797,12.200823783874512,2417000
CF,2009-08-26,16.365999221801758,16.61400032043457,16.308000564575195,16.54199981689453,12.27801513671875,3363500
CF,2009-08-27,16.540000915527344,16.576000213623047,16.36199951171875,16.43600082397461,12.199339866638184,2495000
CF,2009-08-28,16.416000366210938,16.47800064086914,16.118000030517578,16.423999786376953,12.190434455871582,3012000
CF,2009-08-31,16.16200065612793,16.389999389648438,16.158000946044922,16.332000732421875,12.122143745422363,2900000
CF,2009-09-01,16.18000030517578,16.639999389648438,16.0,16.0,11.87572193145752,3399500
CF,2009-09-02,15.92199993133545,16.384000778198242,15.82800006866455,16.332000732421875,12.122143745422363,3644500
CF,2009-09-03,16.3799991607666,16.715999603271484,16.374000549316406,16.670000076293945,12.373018264770508,4767500
CF,2009-09-04,16.65399932861328,17.389999389648438,16.61199951171875,17.18600082397461,12.756013870239258,4456000
CF,2009-09-08,17.29599952697754,17.527999877929688,17.22800064086914,17.38599967956543,12.904462814331056,5106500
CF,2009-09-09,17.422000885009766,17.75,17.356000900268555,17.615999221801758,13.07516860961914,5319000
CF,2009-09-10,17.493999481201172,17.642000198364258,17.100000381469727,17.486000061035156,12.978684425354004,10530000
CF,2009-09-11,17.511999130249023,17.700000762939453,17.399999618530273,17.488000869750977,12.98017120361328,2140000
CF,2009-09-14,17.222000122070312,17.540000915527344,17.20800018310547,17.450000762939453,12.951963424682615,3933500
CF,2009-09-15,17.371999740600586,17.695999145507812,17.371999740600586,17.576000213623047,13.04548454284668,10089500
CF,2009-09-16,17.604000091552734,17.974000930786133,17.42799949645996,17.84000015258789,13.241435050964355,6608000
CF,2009-09-17,17.72599983215332,18.309999465942383,17.70800018310547,18.011999130249023,13.369095802307127,3627000
CF,2009-09-18,18.38599967956543,18.38599967956543,17.986000061035156,18.038000106811523,13.388397216796877,3722000
CF,2009-09-21,17.93199920654297,17.93199920654297,17.558000564575195,17.804000854492188,13.214713096618652,3148000
CF,2009-09-22,17.99799919128418,17.99799919128418,17.68400001525879,17.777999877929688,13.19541358947754,7936500
CF,2009-09-23,17.8799991607666,17.88599967956543,17.503999710083008,17.51799964904785,13.002435684204102,3762000
CF,2009-09-24,17.618000030517578,17.68000030517578,17.152000427246094,17.326000213623047,12.8599271774292,3105000
CF,2009-09-25,17.187999725341797,17.323999404907227,16.84000015258789,16.857999801635742,12.51255989074707,4343000
CF,2009-09-28,16.76799964904785,17.211999893188477,16.763999938964844,17.211999893188477,12.775311470031738,1914500
CF,2009-09-29,17.302000045776367,17.399999618530273,17.076000213623047,17.167999267578125,12.742655754089355,2054500
CF,2009-09-30,17.219999313354492,17.54400062561035,17.17799949645996,17.246000289916992,12.800548553466797,6569500
CF,2009-10-01,17.284000396728516,17.31399917602539,16.766000747680664,16.84000015258789,12.499197006225586,2403000
CF,2009-10-02,16.577999114990234,16.851999282836914,16.417999267578125,16.59000015258789,12.313642501831056,3879000
CF,2009-10-05,16.667999267578125,16.8439998626709,16.607999801635742,16.841999053955078,12.50068187713623,2353000
CF,2009-10-06,17.06800079345703,17.47800064086914,16.920000076293945,17.38599967956543,12.904462814331056,4958500
CF,2009-10-07,17.43199920654297,17.6560001373291,17.357999801635742,17.493999481201172,12.984620094299316,3524000
CF,2009-10-08,17.579999923706055,17.91200065612793,17.52400016784668,17.91200065612793,13.294876098632812,2845500
CF,2009-10-09,17.836000442504883,17.908000946044922,17.576000213623047,17.757999420166016,13.18056869506836,2460500
CF,2009-10-12,17.81599998474121,17.893999099731445,17.5939998626709,17.691999435424805,13.131585121154783,1343500
CF,2009-10-13,17.61199951171875,17.86400032043457,17.534000396728516,17.79400062561035,13.207287788391112,2759500
CF,2009-10-14,17.965999603271484,18.17399978637696,17.805999755859375,18.10199928283692,13.435897827148438,2650500
CF,2009-10-15,18.076000213623047,18.256000518798828,17.851999282836914,18.24799919128418,13.544268608093262,3422000
CF,2009-10-16,18.030000686645508,18.280000686645508,18.030000686645508,18.1259994506836,13.45370864868164,4668000
CF,2009-10-19,18.13400077819824,19.025999069213867,18.13400077819824,18.989999771118164,14.095001220703123,9797500
CF,2009-10-20,18.799999237060547,18.97599983215332,18.420000076293945,18.559999465942383,13.775838851928713,5467000
CF,2009-10-21,18.43199920654297,18.86800003051757,18.356000900268555,18.52199935913086,13.747637748718262,3840500
CF,2009-10-22,18.347999572753903,18.88999938964844,18.229999542236328,18.763999938964844,13.927255630493164,3529500
CF,2009-10-23,18.356000900268555,18.49799919128418,17.805999755859375,17.895999908447266,13.283002853393556,5429000
CF,2009-10-26,17.922000885009766,18.1200008392334,17.082000732421875,17.082000732421875,12.678817749023438,8047000
CF,2009-10-27,16.799999237060547,17.441999435424805,16.799999237060547,17.22599983215332,12.78570556640625,5582500
CF,2009-10-28,17.173999786376953,17.260000228881836,16.628000259399414,16.652000427246094,12.359657287597656,3499500
CF,2009-10-29,16.8700008392334,17.341999053955078,16.697999954223633,17.200000762939453,12.76640510559082,5183000
CF,2009-10-30,17.106000900268555,17.209999084472656,16.583999633789062,16.649999618530273,12.358177185058594,5611500
CF,2009-11-02,16.445999145507812,16.93400001525879,16.375999450683594,16.81800079345703,12.482869148254396,15782500
CF,2009-11-03,16.711999893188477,17.100000381469727,16.483999252319336,17.086000442504883,12.681792259216309,7923500
CF,2009-11-04,17.086000442504883,17.510000228881836,17.010000228881836,17.277999877929688,12.824298858642578,11791500
CF,2009-11-05,16.176000595092773,16.27400016784668,15.753999710083008,15.979999542236328,11.860880851745604,30882500
CF,2009-11-06,15.913999557495115,16.461999893188477,15.779999732971191,15.8100004196167,11.734702110290527,10939000
CF,2009-11-09,16.079999923706055,16.187999725341797,15.972000122070312,16.082000732421875,11.936588287353516,6682000
CF,2009-11-10,16.118000030517578,16.118000030517578,15.390000343322754,15.696000099182127,11.65008544921875,14382000
CF,2009-11-11,15.862000465393066,16.18400001525879,15.437999725341797,15.944000244140623,11.834162712097168,10253000
CF,2009-11-12,15.899999618530272,16.766000747680664,15.513999938964844,16.18600082397461,12.02886962890625,15466500
CF,2009-11-13,16.06999969482422,16.479999542236328,15.739999771118164,16.07200050354004,11.944151878356934,12676000
CF,2009-11-16,16.11400032043457,16.43000030517578,16.038000106811523,16.257999420166016,12.082379341125488,7541500
CF,2009-11-17,16.309999465942383,16.989999771118164,16.07200050354004,16.777999877929688,12.46882438659668,9615500
CF,2009-11-18,16.84000015258789,17.326000213623047,16.81599998474121,17.257999420166016,12.825542449951172,8317500
CF,2009-11-19,16.719999313354492,16.895999908447266,16.368000030517578,16.573999404907227,12.317215919494627,13492500
CF,2009-11-20,16.469999313354492,16.836000442504883,16.0,16.54599952697754,12.296405792236328,21092500
CF,2009-11-23,16.81999969482422,16.874000549316406,16.5,16.607999801635742,12.342486381530762,5665500
CF,2009-11-24,16.549999237060547,16.697999954223633,16.374000549316406,16.549999237060547,12.2993803024292,3904000
CF,2009-11-25,16.600000381469727,17.0939998626709,16.531999588012695,16.992000579833984,12.627862930297852,5356000
CF,2009-11-27,16.54400062561035,16.992000579833984,16.350000381469727,16.788000106811523,12.4762544631958,2891000
CF,2009-11-30,16.79800033569336,17.15999984741211,16.700000762939453,17.07200050354004,12.687314987182615,5789500
CF,2009-12-01,17.441999435424805,17.441999435424805,17.145999908447266,17.18000030517578,12.767571449279783,5219500
CF,2009-12-02,17.100000381469727,18.1560001373291,17.100000381469727,18.054000854492188,13.417099952697754,14889500
CF,2009-12-03,18.097999572753903,18.11599922180176,17.770000457763672,17.95599937438965,13.34427261352539,5954500
CF,2009-12-04,18.222000122070312,18.302000045776367,17.5,17.709999084472656,13.161452293395996,4478000
CF,2009-12-07,17.238000869750977,18.18000030517578,17.238000869750977,17.91200065612793,13.311572074890137,9205000
CF,2009-12-08,17.857999801635742,18.0,17.128000259399414,17.149999618530273,12.745279312133787,10692500
CF,2009-12-09,17.29800033569336,17.49799919128418,17.086000442504883,17.323999404907227,12.874588012695312,6227500
CF,2009-12-10,17.445999145507812,17.729999542236328,17.284000396728516,17.66200065612793,13.12578010559082,6164000
CF,2009-12-11,17.761999130249023,17.99799919128418,17.68199920654297,17.99799919128418,13.375482559204102,5065000
CF,2009-12-14,18.06599998474121,18.29199981689453,17.770000457763672,17.950000762939453,13.339813232421877,5062000
CF,2009-12-15,17.865999221801758,18.218000411987305,17.554000854492188,17.658000946044922,13.122809410095217,6813000
CF,2009-12-16,17.86400032043457,18.597999572753903,17.832000732421875,18.51799964904785,13.76192855834961,12249000
CF,2009-12-17,18.233999252319336,18.3799991607666,17.658000946044922,17.65999984741211,13.124292373657228,8233500
CF,2009-12-18,17.742000579833984,17.922000885009766,17.219999313354492,17.288000106811523,12.84783935546875,7432000
CF,2009-12-21,17.562000274658203,17.81999969482422,17.031999588012695,17.106000900268555,12.712580680847168,5708000
CF,2009-12-22,17.059999465942383,17.347999572753906,16.881999969482422,17.29199981689453,12.850810050964355,7683000
CF,2009-12-23,17.530000686645508,17.947999954223633,17.326000213623047,17.75,13.191177368164062,6701500
CF,2009-12-24,17.79800033569336,18.030000686645508,17.79800033569336,17.84000015258789,13.258065223693848,1760500
CF,2009-12-28,17.996000289916992,18.66200065612793,17.937999725341797,18.582000732421875,13.809494972229004,5439500
CF,2009-12-29,18.56599998474121,18.69599914550781,18.459999084472656,18.66200065612793,13.868945121765137,7057000
CF,2009-12-30,18.511999130249023,18.643999099731445,18.34199905395508,18.441999435424805,13.705453872680664,2704500
CF,2009-12-31,18.525999069213867,18.525999069213867,18.152000427246094,18.1560001373291,13.49290657043457,5528000
CF,2010-01-04,18.47800064086914,18.5,18.106000900268555,18.36800003051757,13.65045166015625,6172000
CF,2010-01-05,18.441999435424805,18.86800003051757,18.43199920654297,18.666000366210938,13.871917724609377,6662500
CF,2010-01-06,18.75200080871582,19.459999084472656,18.700000762939453,19.444000244140625,14.450096130371094,6479000
CF,2010-01-07,19.39999961853028,19.39999961853028,19.01000022888184,19.24799919128418,14.304442405700684,7292000
CF,2010-01-08,19.19799995422364,19.66399955749512,19.19799995422364,19.66200065612793,14.612112045288086,6128500
CF,2010-01-11,19.96999931335449,20.577999114990234,19.527999877929688,19.63999938964844,14.595762252807615,10515500
CF,2010-01-12,19.3759994506836,19.41399955749512,18.729999542236328,18.9379997253418,14.07406234741211,8983000
CF,2010-01-13,19.100000381469727,19.1299991607666,18.66200065612793,18.983999252319336,14.10824489593506,5108000
CF,2010-01-14,19.020000457763672,19.11800003051757,18.6259994506836,18.63800048828125,13.851106643676758,6146500
CF,2010-01-15,19.84600067138672,19.87800025939941,19.025999069213867,19.083999633789062,14.182560920715332,27350500
CF,2010-01-19,19.224000930786133,20.209999084472656,19.035999298095703,20.1200008392334,14.952482223510742,9930000
CF,2010-01-20,19.85199928283692,19.92399978637696,19.5,19.79800033569336,14.713183403015137,6307500
CF,2010-01-21,19.826000213623047,20.266000747680664,19.506000518798828,19.645999908447266,14.600217819213867,6387500
CF,2010-01-22,19.527999877929688,19.75,19.209999084472656,19.22599983215332,14.288092613220217,4556000
CF,2010-01-25,19.45199966430664,19.694000244140625,19.20599937438965,19.22800064086914,14.289579391479492,3174500
CF,2010-01-26,19.07999992370605,19.6879997253418,18.90999984741211,19.229999542236328,14.29106330871582,3740500
CF,2010-01-27,19.277999877929688,19.40999984741211,19.020000457763672,19.280000686645508,14.32822608947754,2439000
CF,2010-01-28,19.11800003051757,19.239999771118164,18.780000686645508,19.059999465942383,14.164725303649902,3523500
CF,2010-01-29,19.304000854492188,19.39999961853028,18.57200050354004,18.57200050354004,13.80206298828125,4284500
CF,2010-02-01,18.790000915527344,19.18199920654297,18.61599922180176,19.05599975585937,14.161754608154297,4984000
CF,2010-02-02,19.07999992370605,19.323999404907227,18.89800071716309,19.256000518798828,14.310386657714844,2795000
CF,2010-02-03,19.57999992370605,19.63599967956543,19.33799934387207,19.42200088500977,14.43375301361084,2123500
CF,2010-02-04,19.280000686645508,19.280000686645508,18.60199928283692,18.714000701904297,13.907588005065918,4462500
CF,2010-02-05,18.63999938964844,18.950000762939453,18.356000900268555,18.8439998626709,14.004202842712402,4237000
CF,2010-02-08,19.14200019836425,19.14200019836425,18.459999084472656,18.464000701904297,13.721799850463867,2869000
CF,2010-02-09,18.714000701904297,19.28400039672852,18.70599937438965,19.15999984741211,14.239041328430176,4521500
CF,2010-02-10,19.22599983215332,19.582000732421875,19.167999267578125,19.45800018310547,14.4605073928833,3541500
CF,2010-02-11,19.57999992370605,20.15800094604492,19.465999603271484,20.02400016784668,14.88113498687744,5061000
CF,2010-02-12,19.74799919128418,20.17200088500977,19.549999237060547,20.100000381469727,14.937615394592283,7234500
CF,2010-02-16,20.809999465942383,21.395999908447266,20.38599967956543,20.714000701904297,15.393916130065918,11940500
CF,2010-02-17,20.89999961853028,21.492000579833984,20.77400016784668,20.93000030517578,15.554438591003418,11225000
CF,2010-02-18,20.86400032043457,20.8759994506836,20.17399978637696,20.402000427246094,15.176555633544922,11651500
CF,2010-02-19,20.402000427246094,20.94799995422364,20.402000427246094,20.827999114990234,15.493451118469238,7530500
CF,2010-02-22,21.11800003051757,21.11800003051757,20.61800003051757,20.729999542236328,15.42054271697998,5328000
CF,2010-02-23,20.621999740600582,20.827999114990234,20.374000549316406,20.38599967956543,15.16465950012207,4889500
CF,2010-02-24,20.44799995422364,20.65999984741211,20.11599922180176,20.15800094604492,14.995055198669434,7880000
CF,2010-02-25,19.91200065612793,21.280000686645508,19.799999237060547,21.077999114990234,15.679418563842772,10770000
CF,2010-02-26,21.13999938964844,21.290000915527344,20.82200050354004,21.24799919128418,15.805874824523926,3649500
CF,2010-03-01,21.36599922180176,21.513999938964844,21.11800003051757,21.507999420166016,15.999281883239746,3645000
CF,2010-03-02,20.36599922180176,21.356000900268555,20.266000747680664,21.28400039672852,15.832649230957031,33642000
CF,2010-03-03,21.040000915527344,22.0,20.90999984741211,21.356000900268555,15.886211395263672,16783000
CF,2010-03-04,21.5,21.68199920654297,21.302000045776367,21.645999908447266,16.101938247680664,7001500
CF,2010-03-05,21.540000915527344,21.540000915527344,20.62800025939941,20.94799995422364,15.582709312438965,16390000
CF,2010-03-08,20.86599922180176,21.1299991607666,20.53199958801269,20.59600067138672,15.320867538452148,8785500
CF,2010-03-09,20.5,20.5939998626709,20.003999710083008,20.1259994506836,14.97125244140625,12228000
CF,2010-03-10,19.799999237060547,20.95599937438965,19.600000381469727,20.709999084472656,15.40566349029541,19365000
CF,2010-03-11,20.50200080871582,20.507999420166016,20.04199981689453,20.121999740600582,14.96827507019043,13735500
CF,2010-03-12,19.416000366210938,19.6299991607666,18.972000122070312,19.34600067138672,14.39102840423584,68882000
CF,2010-03-15,19.059999465942383,19.45199966430664,18.98200035095215,19.275999069213867,14.338953018188477,17520000
CF,2010-03-16,19.45800018310547,19.483999252319336,19.020000457763672,19.124000549316406,14.22588348388672,19119000
CF,2010-03-17,19.18000030517578,19.309999465942383,18.763999938964844,18.89999961853028,14.05925464630127,14038500
CF,2010-03-18,18.81800079345703,18.89999961853028,18.1200008392334,18.624000549316406,13.853946685791016,21590500
CF,2010-03-19,18.280000686645508,18.739999771118164,18.16399955749512,18.280000686645508,13.598052978515623,13077000
CF,2010-03-22,18.05599975585937,18.61599922180176,18.05599975585937,18.51000022888184,13.769145011901855,15089000
CF,2010-03-23,18.51000022888184,18.718000411987305,18.124000549316406,18.34000015258789,13.64268398284912,11861000
CF,2010-03-24,18.277999877929688,18.709999084472656,18.131999969482425,18.48200035095215,13.748315811157228,8616000
CF,2010-03-25,18.49399948120117,18.739999771118164,18.0,18.006000518798828,13.39422607421875,9700000
CF,2010-03-26,18.239999771118164,18.694000244140625,18.1200008392334,18.63400077819824,13.8613862991333,12353000
CF,2010-03-29,18.8439998626709,18.93000030517578,18.527999877929688,18.586000442504883,13.825677871704102,9049000
CF,2010-03-30,18.65399932861328,18.65399932861328,18.32999992370605,18.483999252319336,13.749802589416504,4129500
CF,2010-03-31,18.4379997253418,18.46999931335449,18.16399955749512,18.23600006103516,13.565320014953612,7132500
CF,2010-04-01,18.3700008392334,18.496000289916992,18.13999938964844,18.48200035095215,13.748315811157228,8243500
CF,2010-04-05,18.34199905395508,18.600000381469727,18.24399948120117,18.38999938964844,13.679876327514648,4490500
CF,2010-04-06,18.30599975585937,18.5,18.24399948120117,18.48600006103516,13.751287460327148,5188000
CF,2010-04-07,18.36400032043457,18.507999420166016,18.15999984741211,18.246000289916992,13.57275676727295,6481000
CF,2010-04-08,18.347999572753903,18.47599983215332,18.170000076293945,18.299999237060547,13.612921714782717,6700000
CF,2010-04-09,18.42799949645996,18.600000381469727,18.32999992370605,18.57999992370605,13.821209907531738,14834000
CF,2010-04-12,18.39999961853028,18.559999465942383,18.356000900268555,18.4060001373291,13.69177532196045,7485000
CF,2010-04-13,18.077999114990234,18.077999114990234,17.52199935913086,17.781999588012695,13.227596282958984,18939000
CF,2010-04-14,17.687999725341797,17.83799934387207,17.43000030517578,17.766000747680664,13.2156982421875,10338500
CF,2010-04-15,17.743999481201172,18.214000701904297,17.72800064086914,18.0,13.389768600463867,20557500
CF,2010-04-16,18.07999992370605,18.38999938964844,17.8799991607666,18.0,13.389768600463867,63407000
CF,2010-04-19,17.944000244140625,17.95400047302246,17.158000946044922,17.378000259399414,12.927075386047363,22481500
CF,2010-04-20,17.45599937438965,17.645999908447266,17.266000747680664,17.45599937438965,12.985092163085938,16118000
CF,2010-04-21,17.5,17.70400047302246,17.229999542236328,17.527999877929688,13.038658142089844,13418000
CF,2010-04-22,17.444000244140625,17.591999053955078,17.195999145507812,17.534000396728516,13.043121337890623,11431500
CF,2010-04-23,17.559999465942383,17.56599998474121,16.950000762939453,17.020000457763672,12.66076374053955,15249500
CF,2010-04-26,17.288000106811523,17.29400062561035,16.950000762939453,16.97800064086914,12.629523277282717,12975500
CF,2010-04-27,16.940000534057617,16.961999893188477,16.079999923706055,16.20800018310547,12.056737899780272,23263000
CF,2010-04-28,16.374000549316406,16.799999237060547,16.261999130249023,16.775999069213867,12.479259490966797,12074000
CF,2010-04-29,16.79800033569336,17.01799964904785,16.65399932861328,16.97599983215332,12.628036499023438,16273500
CF,2010-04-30,17.5939998626709,17.5939998626709,16.59600067138672,16.733999252319336,12.448020935058594,17874000
CF,2010-05-03,17.035999298095703,17.035999298095703,15.965999603271484,16.073999404907227,11.957061767578123,18085000
CF,2010-05-04,15.881999969482422,15.95199966430664,15.270000457763672,15.593999862670898,11.60000228881836,20677000
CF,2010-05-05,15.399999618530272,15.972000122070312,15.305999755859377,15.652000427246094,11.643145561218262,13316500
CF,2010-05-06,15.609999656677246,15.789999961853027,13.79800033569336,14.83199977874756,11.033167839050291,17491500
CF,2010-05-07,15.029999732971191,15.300000190734863,14.510000228881836,14.65999984741211,10.905220985412598,18959500
CF,2010-05-10,15.347999572753906,15.371999740600586,14.90999984741211,15.223999977111816,11.324763298034668,14539000
CF,2010-05-11,15.013999938964844,15.05799961090088,14.350000381469728,14.37399959564209,10.692471504211426,18065500
CF,2010-05-12,14.631999969482422,14.97599983215332,14.586000442504885,14.881999969482422,11.085783004760742,12562000
CF,2010-05-13,14.805999755859377,14.958000183105469,14.411999702453612,14.447999954223633,10.76249885559082,7088000
CF,2010-05-14,14.317999839782717,14.54800033569336,14.065999984741213,14.489999771118164,10.793780326843262,10662500
CF,2010-05-17,14.789999961853027,14.84000015258789,13.826000213623049,14.227999687194824,10.598613739013672,9965500
CF,2010-05-18,14.381999969482422,14.82800006866455,14.21399974822998,14.27400016784668,10.632877349853516,15000500
CF,2010-05-19,14.326000213623049,14.456000328063965,13.902000427246094,14.071999549865724,10.482407569885254,12118000
CF,2010-05-20,13.753999710083008,13.753999710083008,13.267999649047852,13.30799961090088,9.91329574584961,14942500
CF,2010-05-21,12.989999771118164,13.722000122070312,12.760000228881836,13.630000114440918,10.153157234191896,16931000
CF,2010-05-24,13.920000076293944,13.94200038909912,13.399999618530272,13.491999626159668,10.050358772277832,13305000
CF,2010-05-25,13.107999801635742,13.434000015258787,12.937999725341797,13.407999992370604,9.987784385681152,15076500
CF,2010-05-26,13.604000091552734,13.604000091552734,13.182000160217283,13.28600025177002,9.896909713745115,13179000
CF,2010-05-27,13.565999984741213,14.053999900817873,13.43000030517578,14.052000045776367,10.467506408691406,11584500
CF,2010-05-28,14.04599952697754,14.326000213623049,13.576000213623049,13.718000411987305,10.218705177307127,10073500
CF,2010-06-01,13.684000015258787,13.869999885559082,13.166000366210938,13.187999725341797,9.823901176452637,9717000
CF,2010-06-02,13.239999771118164,13.534000396728516,12.87399959564209,13.534000396728516,10.081642150878906,10807500
CF,2010-06-03,13.697999954223633,13.697999954223633,12.800000190734863,13.065999984741213,9.733023643493652,14904000
CF,2010-06-04,12.84000015258789,13.0,12.116000175476074,12.185999870300291,9.077502250671388,15756000
CF,2010-06-07,12.232000350952148,12.38599967956543,11.815999984741213,11.826000213623049,8.809335708618164,13105500
CF,2010-06-08,11.855999946594238,12.0,11.51200008392334,11.711999893188477,8.724413871765137,12185000
CF,2010-06-09,11.881999969482422,12.14799976348877,11.706000328063965,11.793999671936035,8.78549861907959,12277000
CF,2010-06-10,12.267999649047852,12.93000030517578,11.958000183105469,12.855999946594238,9.576593399047852,19574000
CF,2010-06-11,12.850000381469728,13.06999969482422,12.776000022888184,13.06999969482422,9.736004829406738,13426500
CF,2010-06-14,13.100000381469728,13.197999954223633,12.411999702453612,12.416000366210938,9.248830795288086,15257000
CF,2010-06-15,12.508000373840332,12.965999603271484,12.4399995803833,12.949999809265137,9.646613121032717,11194000
CF,2010-06-16,12.88599967956543,13.118000030517578,12.781999588012695,13.041999816894531,9.7151460647583,11262500
CF,2010-06-17,13.130000114440918,13.152000427246094,12.687999725341797,13.010000228881836,9.691311836242676,10807000
CF,2010-06-18,12.979999542236328,12.998000144958496,12.657999992370604,12.850000381469728,9.572124481201172,10962500
CF,2010-06-21,13.083999633789062,13.236000061035156,12.66800022125244,12.79800033569336,9.5333890914917,7964500
CF,2010-06-22,12.836000442504885,13.220000267028809,12.836000442504885,12.892000198364258,9.603412628173828,10059500
CF,2010-06-23,12.935999870300291,13.255999565124512,12.836000442504885,13.196000099182127,9.829864501953123,10931500
CF,2010-06-24,13.133999824523926,13.248000144958496,12.803999900817873,12.946000099182127,9.643631935119627,9908000
CF,2010-06-25,13.005999565124512,13.576000213623049,12.857999801635742,13.520000457763672,10.071215629577637,15617500
CF,2010-06-28,13.444000244140623,13.501999855041504,12.855999946594238,12.916000366210938,9.62128734588623,12591000
CF,2010-06-29,12.649999618530272,12.73799991607666,12.291999816894531,12.392000198364258,9.230952262878418,9864000
CF,2010-06-30,12.612000465393066,13.17199993133545,12.60200023651123,12.6899995803833,9.452937126159668,15676000
CF,2010-07-01,12.826000213623049,13.194000244140623,12.612000465393066,13.097999572753906,9.756865501403809,11812000
CF,2010-07-02,13.128000259399414,13.854000091552734,12.989999771118164,13.684000015258787,10.19338035583496,17140000
CF,2010-07-06,13.906000137329102,14.229999542236328,13.302000045776367,13.468000411987305,10.03248119354248,14982500
CF,2010-07-07,13.586000442504885,14.008000373840332,13.513999938964844,13.98799991607666,10.41983699798584,11844000
CF,2010-07-08,14.05799961090088,14.979999542236328,14.050000190734863,14.70400047302246,10.953186988830566,18308500
CF,2010-07-09,14.696000099182127,14.989999771118164,14.592000007629396,14.847999572753906,11.06045913696289,11508500
CF,2010-07-12,14.824000358581545,14.833999633789062,14.33199977874756,14.6899995803833,10.942760467529297,12597500
CF,2010-07-13,14.899999618530272,15.350000381469728,14.675999641418455,15.149999618530272,11.285420417785645,15630000
CF,2010-07-14,15.173999786376951,15.390000343322754,14.916000366210938,15.062000274658203,11.21986961364746,12445000
CF,2010-07-15,15.0600004196167,15.640000343322754,14.956000328063965,15.592000007629396,11.614670753479004,15018000
CF,2010-07-16,15.472000122070312,15.751999855041504,15.215999603271484,15.392000198364258,11.465691566467283,11648500
CF,2010-07-19,15.461999893188477,15.461999893188477,14.803999900817873,15.050000190734863,11.210929870605469,10881500
CF,2010-07-20,14.904000282287598,15.708000183105469,14.802000045776367,15.682000160217283,11.681713104248049,11833000
CF,2010-07-21,15.854000091552734,15.991999626159668,15.100000381469728,15.338000297546388,11.425463676452637,13987000
CF,2010-07-22,15.517999649047852,15.87600040435791,15.501999855041504,15.781999588012695,11.756208419799805,12871500
CF,2010-07-23,15.805999755859377,16.33799934387207,15.78600025177002,16.025999069213867,11.93796157836914,13796000
CF,2010-07-26,15.970000267028809,16.121999740600586,15.432000160217283,15.579999923706056,11.605734825134276,10280500
CF,2010-07-27,15.65999984741211,15.675999641418455,15.13599967956543,15.28600025177002,11.386728286743164,7307000
CF,2010-07-28,15.137999534606934,15.881999969482422,15.100000381469728,15.538000106811523,11.574447631835938,9417000
CF,2010-07-29,15.68000030517578,16.513999938964844,15.68000030517578,16.200000762939453,12.06757926940918,19555000
CF,2010-07-30,15.855999946594238,16.423999786376953,15.824000358581545,16.238000869750977,12.09588623046875,12248000
CF,2010-08-02,16.54199981689453,16.950000762939453,16.445999145507812,16.496000289916992,12.288076400756836,13137500
CF,2010-08-03,16.3799991607666,16.43000030517578,16.054000854492188,16.215999603271484,12.07949924468994,8387500
CF,2010-08-04,16.277999877929688,16.746000289916992,16.277999877929688,16.577999114990234,12.34915542602539,13303000
CF,2010-08-05,16.67799949645996,17.45199966430664,16.67799949645996,17.15999984741211,12.782692909240724,33345000
CF,2010-08-06,17.18400001525879,17.73200035095215,16.68199920654297,16.86199951171875,12.560708045959473,29730000
CF,2010-08-09,16.865999221801758,16.865999221801758,16.43000030517578,16.709999084472656,12.447484016418455,12348000
CF,2010-08-10,16.573999404907227,16.573999404907227,16.09000015258789,16.260000228881836,12.112276077270508,18009000
CF,2010-08-11,15.977999687194824,16.540000915527344,15.779999732971191,16.38599967956543,12.22116470336914,16207500
CF,2010-08-12,16.25200080871582,17.010000228881836,16.214000701904297,16.878000259399414,12.588111877441406,15767000
CF,2010-08-13,17.073999404907227,17.167999267578125,16.496000289916992,16.93000030517578,12.626893997192385,11124500
CF,2010-08-16,16.860000610351562,17.33799934387207,16.81800079345703,16.917999267578125,12.61794662475586,12476500
CF,2010-08-17,18.083999633789062,18.479999542236328,17.624000549316406,17.70599937438965,13.205662727355955,25992500
CF,2010-08-18,17.841999053955078,18.100000381469727,17.399999618530273,17.961999893188477,13.396595001220703,15812500
CF,2010-08-19,17.989999771118164,18.131999969482425,17.746000289916992,17.770000457763672,13.25339126586914,13774500
CF,2010-08-20,17.591999053955078,18.03400039672852,17.50200080871582,18.00200080871582,13.426424980163574,14532000
CF,2010-08-23,18.082000732421875,18.24799919128418,17.757999420166016,17.76799964904785,13.251904487609863,13242500
CF,2010-08-24,17.43400001525879,17.75200080871582,17.398000717163086,17.416000366210938,12.989368438720703,9713000
CF,2010-08-25,17.25200080871582,17.441999435424805,17.073999404907227,17.347999572753906,12.9386568069458,8124000
CF,2010-08-26,17.474000930786133,17.98200035095215,17.347999572753906,17.799999237060547,13.27577018737793,14076500
CF,2010-08-27,17.940000534057617,18.69599914550781,17.799999237060547,18.631999969482425,13.896295547485352,14944500
CF,2010-08-30,18.554000854492188,18.59000015258789,18.059999465942383,18.263999938964844,13.621834754943848,9131000
CF,2010-08-31,18.327999114990234,18.513999938964844,18.1299991607666,18.5,13.79784870147705,12228000
CF,2010-09-01,18.65800094604492,18.785999298095703,18.304000854492188,18.54199981689453,13.829178810119627,12588500
CF,2010-09-02,18.47800064086914,18.874000549316406,18.47800064086914,18.63999938964844,13.90226936340332,9195500
CF,2010-09-03,18.82200050354004,19.11000061035156,18.402000427246094,18.989999771118164,14.163310050964355,13187000
CF,2010-09-07,18.95199966430664,19.31999969482422,18.802000045776367,19.025999069213867,14.190147399902344,8697500
CF,2010-09-08,19.06399917602539,19.549999237060547,19.0,19.242000579833984,14.351258277893066,14705000
CF,2010-09-09,19.525999069213867,19.525999069213867,18.582000732421875,18.812000274658203,14.03054428100586,13572500
CF,2010-09-10,18.88999938964844,19.63599967956543,18.88999938964844,19.059999465942383,14.215513229370115,18358500
CF,2010-09-13,19.333999633789062,19.700000762939453,19.23600006103516,19.61599922180176,14.630192756652832,10469000
CF,2010-09-14,19.503999710083008,19.827999114990234,19.36599922180176,19.67200088500977,14.671964645385742,8744500
CF,2010-09-15,19.60199928283692,19.70800018310547,19.263999938964844,19.459999084472656,14.51384735107422,8667500
CF,2010-09-16,19.76000022888184,19.98200035095215,19.6259994506836,19.94799995422364,14.877806663513184,11639000
CF,2010-09-17,20.040000915527344,20.040000915527344,19.520000457763672,19.972000122070312,14.895709037780762,11496000
CF,2010-09-20,20.040000915527344,20.79199981689453,20.040000915527344,20.218000411987305,15.079180717468262,14888500
CF,2010-09-21,20.11800003051757,20.167999267578125,19.56599998474121,19.70400047302246,14.69582748413086,10426500
CF,2010-09-22,19.972000122070312,20.38599967956543,19.87800025939941,20.285999298095703,15.12989616394043,9635000
CF,2010-09-23,20.36400032043457,20.393999099731445,19.6560001373291,19.73600006103516,14.71968936920166,12919500
CF,2010-09-24,20.0,20.191999435424805,19.6200008392334,20.07200050354004,14.970298767089844,12613000
CF,2010-09-27,20.20199966430664,20.559999465942383,20.167999267578125,20.33799934387207,15.168683052062988,7018000
CF,2010-09-28,20.5,20.52199935913086,19.89999961853028,20.277999877929688,15.123937606811523,6670500
CF,2010-09-29,20.100000381469727,20.11400032043457,19.766000747680664,19.8700008392334,14.819640159606934,9969000
CF,2010-09-30,20.10199928283692,20.17799949645996,18.95400047302246,19.100000381469727,14.245347023010254,23389500
CF,2010-10-01,19.15399932861328,19.40999984741211,18.709999084472656,18.93000030517578,14.118555068969728,22131500
CF,2010-10-04,18.996000289916992,18.996000289916992,18.48200035095215,18.82200050354004,14.038012504577637,10646500
CF,2010-10-05,18.99799919128418,19.746000289916992,18.95599937438965,19.606000900268555,14.62273406982422,16024500
CF,2010-10-06,19.535999298095703,20.06800079345703,19.535999298095703,19.78400039672852,14.755494117736816,9034500
CF,2010-10-07,19.9060001373291,20.0,19.558000564575195,19.72800064086914,14.713726997375488,7524500
CF,2010-10-08,20.827999114990234,22.527999877929688,20.827999114990234,21.979999542236328,16.393333435058594,44032500
CF,2010-10-11,22.266000747680664,22.777999877929688,21.99799919128418,22.690000534057617,16.922876358032227,20370500
CF,2010-10-12,22.600000381469727,23.42200088500977,22.600000381469727,23.27400016784668,17.358440399169922,18423000
CF,2010-10-13,23.312000274658203,23.94599914550781,23.27400016784668,23.67799949645996,17.659757614135742,15722500
CF,2010-10-14,23.68000030517578,23.81800079345703,23.20800018310547,23.36199951171875,17.424070358276367,11111000
CF,2010-10-15,23.474000930786133,23.98600006103516,23.222000122070312,23.972000122070312,17.8790283203125,8392000
CF,2010-10-18,23.96199989318848,24.06999969482422,23.600000381469727,23.770000457763672,17.72837257385254,5786500
CF,2010-10-19,23.37800025939941,23.554000854492188,22.756000518798828,22.94599914550781,17.113811492919922,13681000
CF,2010-10-20,23.058000564575195,23.99799919128418,22.857999801635746,23.738000869750977,17.704505920410156,9791500
CF,2010-10-21,23.78400039672852,23.93000030517578,23.312000274658203,23.667999267578125,17.65229606628418,5914000
CF,2010-10-22,23.75,23.77199935913086,23.15800094604492,23.530000686645508,17.54937171936035,7831000
CF,2010-10-25,23.761999130249023,24.40399932861328,23.51799964904785,23.6299991607666,17.623952865600586,9631000
CF,2010-10-26,23.5,24.39200019836425,23.285999298095703,24.308000564575195,18.12963485717773,9585000
CF,2010-10-27,24.013999938964844,24.31800079345703,23.65999984741211,24.263999938964844,18.09681510925293,8135500
CF,2010-10-28,24.3759994506836,24.51000022888184,23.785999298095703,23.827999114990234,17.77162742614746,7527000
CF,2010-10-29,23.926000595092773,25.027999877929688,23.86599922180176,24.506000518798828,18.277307510375977,17300000
CF,2010-11-01,24.52199935913086,24.718000411987305,24.00200080871582,24.277999877929688,18.10725784301757,7351000
CF,2010-11-02,24.597999572753903,24.694000244140625,24.32999992370605,24.450000762939453,18.235546112060547,6679000
CF,2010-11-03,24.3700008392334,24.39999961853028,23.59199905395508,24.011999130249023,17.908857345581055,10295000
CF,2010-11-04,24.238000869750977,24.49399948120117,23.974000930786133,24.238000869750977,18.07742500305176,12297000
CF,2010-11-05,24.04599952697754,25.80599975585937,23.959999084472656,24.49399948120117,18.268356323242188,32691000
CF,2010-11-08,24.420000076293945,25.030000686645508,24.239999771118164,24.95400047302246,18.61143493652344,8169000
CF,2010-11-09,25.37800025939941,26.0,24.84000015258789,25.035999298095703,18.672595977783203,11565500
CF,2010-11-10,25.1200008392334,25.270000457763672,24.54800033569336,24.812000274658203,18.52031898498535,9095500
CF,2010-11-11,24.724000930786133,25.58799934387207,24.402000427246094,25.549999237060547,19.071186065673828,7896500
CF,2010-11-12,25.215999603271484,25.253999710083008,23.700000762939453,23.93000030517578,17.86197853088379,16143500
CF,2010-11-15,24.040000915527344,24.299999237060547,23.350000381469727,23.43600082397461,17.493244171142578,13521500
CF,2010-11-16,23.299999237060547,23.299999237060547,22.44599914550781,22.90399932861328,17.09614372253418,17870000
CF,2010-11-17,22.97599983215332,23.63999938964844,22.763999938964844,23.332000732421875,17.415611267089844,16322500
CF,2010-11-18,23.70199966430664,24.46199989318848,23.607999801635746,24.049999237060547,17.9515380859375,14904500
CF,2010-11-19,24.0939998626709,24.190000534057617,23.5,23.54199981689453,17.572359085083008,10802000
CF,2010-11-22,23.71199989318848,24.09000015258789,23.34600067138672,23.600000381469727,17.615650177001953,13026500
CF,2010-11-23,23.22599983215332,24.45400047302246,22.84000015258789,24.29400062561035,18.1336727142334,14064000
CF,2010-11-24,24.450000762939453,25.049999237060547,24.36400032043457,24.92200088500977,18.602426528930664,11852500
CF,2010-11-26,24.99399948120117,25.086000442504883,24.474000930786133,24.562000274658203,18.333717346191406,4264000
CF,2010-11-29,24.44599914550781,24.58799934387207,23.56599998474121,24.41200065612793,18.22175025939941,9997000
CF,2010-11-30,24.17200088500977,24.540000915527344,24.040000915527344,24.15399932861328,18.02917861938477,9393500
CF,2010-12-01,24.68600082397461,24.94799995422364,24.299999237060547,24.808000564575195,18.517332077026367,9460500
CF,2010-12-02,24.93000030517578,25.288000106811523,24.558000564575195,24.75,18.474044799804688,9099000
CF,2010-12-03,24.63999938964844,25.559999465942383,24.63400077819824,25.36599922180176,18.93383979797364,7650000
CF,2010-12-06,25.290000915527344,25.6560001373291,24.92399978637696,25.049999237060547,18.697969436645508,6079000
CF,2010-12-07,25.24399948120117,25.33799934387207,24.450000762939453,24.52400016784668,18.305349349975582,7552000
CF,2010-12-08,24.670000076293945,24.670000076293945,23.90999984741211,24.266000747680664,18.11277198791504,7900500
CF,2010-12-09,24.420000076293945,24.56800079345703,24.07999992370605,24.34199905395508,18.169492721557617,5142000
CF,2010-12-10,24.350000381469727,24.724000930786133,23.98600006103516,24.60199928283692,18.36357307434082,5922000
CF,2010-12-13,24.691999435424805,24.940000534057617,23.799999237060547,24.0,17.914226531982422,11399000
CF,2010-12-14,23.97599983215332,24.06999969482422,23.312000274658203,23.492000579833984,17.5350399017334,9664500
CF,2010-12-15,23.3799991607666,24.420000076293945,23.27199935913086,23.93400001525879,17.864961624145508,7813500
CF,2010-12-16,23.96199989318848,24.450000762939453,23.700000762939453,24.357999801635746,18.18144416809082,6463500
CF,2010-12-17,24.356000900268555,25.049999237060547,24.14999961853028,24.996000289916992,18.65766143798828,13564000
CF,2010-12-20,25.1560001373291,25.643999099731445,25.07999992370605,25.31800079345703,18.89801597595215,8176000
CF,2010-12-21,25.426000595092773,25.86199951171875,25.40999984741211,25.836000442504883,19.28466033935547,6619000
CF,2010-12-22,25.81399917602539,25.89999961853028,25.107999801635746,25.766000747680664,19.23241424560547,7659000
CF,2010-12-23,25.770000457763672,27.145999908447266,25.61000061035156,26.99799919128418,20.15200424194336,13052000
CF,2010-12-27,26.850000381469727,27.06800079345703,26.39999961853028,26.84600067138672,20.038557052612305,6194500
CF,2010-12-28,26.826000213623047,27.035999298095703,26.336000442504883,26.39800071716309,19.70414924621582,6402000
CF,2010-12-29,26.48600006103516,27.44799995422364,26.20199966430664,26.96999931335449,20.131113052368164,10131000
CF,2010-12-30,26.940000534057617,27.74799919128418,26.940000534057617,27.333999633789062,20.402807235717773,8572000
CF,2010-12-31,27.29800033569336,27.54400062561035,27.0,27.030000686645508,20.175893783569336,5298500
CF,2011-01-03,27.35400009155273,28.040000915527344,27.09600067138672,27.246000289916992,20.33712577819824,10336000
CF,2011-01-04,27.28400039672852,27.42200088500977,26.56399917602539,26.996000289916992,20.150514602661133,8497500
CF,2011-01-05,27.11000061035156,27.67200088500977,26.694000244140625,27.39999961853028,20.452068328857425,9502000
CF,2011-01-06,27.540000915527344,27.78400039672852,27.14200019836425,27.60400009155273,20.60434341430664,9747000
CF,2011-01-07,27.559999465942383,27.917999267578125,27.26000022888184,27.49399948120117,20.52223777770996,7028000
CF,2011-01-10,26.871999740600582,27.246000289916992,26.45800018310547,27.097999572753903,20.22665023803711,8874000
CF,2011-01-11,27.3700008392334,27.549999237060547,26.941999435424805,27.013999938964844,20.163951873779297,7524000
CF,2011-01-12,27.64999961853028,28.56999969482422,27.47800064086914,28.36199951171875,21.170129776000977,15470000
CF,2011-01-13,28.270000457763672,28.68600082397461,27.950000762939453,28.49399948120117,21.26865577697754,9257500
CF,2011-01-14,28.6299991607666,29.299999237060547,28.39999961853028,29.253999710083008,21.835941314697266,11576500
CF,2011-01-18,29.19799995422364,29.93000030517578,29.11199951171875,29.88999938964844,22.31067276000977,10762500
CF,2011-01-19,29.694000244140625,29.694000244140625,27.84199905395508,28.03400039672852,20.92530632019043,17105500
CF,2011-01-20,27.73200035095215,27.73600006103516,26.63400077819824,27.166000366210938,20.277406692504883,18722000
CF,2011-01-21,27.68199920654297,27.92399978637696,26.562000274658203,26.65999984741211,19.89970970153809,11691500
CF,2011-01-24,26.621999740600582,27.038000106811523,26.035999298095703,26.45400047302246,19.745948791503903,11780500
CF,2011-01-25,26.37800025939941,26.44799995422364,25.516000747680664,26.145999908447266,19.516054153442383,15516500
CF,2011-01-26,26.308000564575195,27.200000762939453,25.91200065612793,26.91200065612793,20.08781623840332,20014500
CF,2011-01-27,27.552000045776367,27.6299991607666,26.61800003051757,26.75200080871582,19.9683895111084,13058500
CF,2011-01-28,27.003999710083008,27.003999710083008,26.100000381469727,26.79599952697754,20.00122833251953,14343500
CF,2011-01-31,26.940000534057617,27.41399955749512,26.652000427246094,27.007999420166016,20.159469604492188,15417500
CF,2011-02-01,27.24799919128418,27.90999984741211,27.15800094604492,27.68000030517578,20.66106414794922,14631500
CF,2011-02-02,27.516000747680664,29.02400016784668,27.22599983215332,28.99799919128418,21.64486122131348,14482000
CF,2011-02-03,28.968000411987305,29.100000381469727,28.04199981689453,28.444000244140625,21.231342315673828,10030000
CF,2011-02-04,28.492000579833984,28.71199989318848,28.194000244140625,28.53199958801269,21.29702377319336,5880000
CF,2011-02-07,28.6560001373291,29.46999931335449,28.6560001373291,29.246000289916992,21.82997703552246,9632000
CF,2011-02-08,29.29800033569336,29.60400009155273,28.72599983215332,29.29400062561035,21.865806579589844,11054500
CF,2011-02-09,29.902000427246094,30.631999969482425,29.285999298095703,30.40399932861328,22.69433784484864,20849500
CF,2011-02-10,30.007999420166016,30.766000747680664,29.96999931335449,30.073999404907227,22.46278953552246,10721000
CF,2011-02-11,29.90999984741211,30.3759994506836,29.64200019836425,30.06800079345703,22.45831298828125,10107500
CF,2011-02-14,30.06999969482422,30.6299991607666,30.0,30.356000900268555,22.673423767089844,7226500
CF,2011-02-15,30.263999938964844,30.263999938964844,28.64999961853028,28.780000686645508,21.496280670166016,16144000
CF,2011-02-16,28.959999084472656,29.39999961853028,28.60199928283692,28.968000411987305,21.636699676513672,10033000
CF,2011-02-17,28.96999931335449,29.59199905395508,28.84000015258789,29.562000274658203,22.080371856689453,10510500
CF,2011-02-18,29.506000518798828,29.562000274658203,27.35199928283692,27.573999404907227,20.59549140930176,24821500
CF,2011-02-22,27.472000122070312,28.43000030517578,26.36000061035156,26.39999961853028,19.718616485595703,21798000
CF,2011-02-23,26.326000213623047,27.152000427246094,24.68400001525879,26.88800048828125,20.08311080932617,39930500
CF,2011-02-24,27.016000747680664,27.42200088500977,26.600000381469727,26.804000854492188,20.020368576049805,16601000
CF,2011-02-25,27.09600067138672,28.040000915527344,27.09600067138672,28.007999420166016,20.919660568237305,11353000
CF,2011-02-28,28.200000762939453,28.576000213623047,27.540000915527344,28.256000518798828,21.10489845275879,10090500
CF,2011-03-01,28.50200080871582,28.50200080871582,27.263999938964844,27.393999099731445,20.461057662963867,10023000
CF,2011-03-02,27.31999969482422,27.65999984741211,26.799999237060547,27.016000747680664,20.1787166595459,10317000
CF,2011-03-03,27.39800071716309,28.14200019836425,27.275999069213867,28.027999877929688,20.93459892272949,10011000
CF,2011-03-04,28.006000518798828,28.011999130249023,26.6560001373291,26.86199951171875,20.063690185546875,12964000
CF,2011-03-07,27.04800033569336,27.14999961853028,25.47599983215332,25.780000686645508,19.25552558898925,18987000
CF,2011-03-08,25.86199951171875,25.895999908447266,24.97599983215332,25.788000106811523,19.26150703430176,15986500
CF,2011-03-09,25.538000106811523,25.95599937438965,25.04599952697754,25.30599975585937,18.9014892578125,11115000
CF,2011-03-10,24.75,25.374000549316406,24.17200088500977,24.79599952697754,18.520570755004883,17989500
CF,2011-03-11,24.42200088500977,25.44799995422364,24.39999961853028,25.20400047302246,18.825300216674805,8669500
CF,2011-03-14,24.739999771118164,25.67799949645996,24.606000900268555,25.194000244140625,18.817834854125977,7329500
CF,2011-03-15,24.200000762939453,25.323999404907227,24.06399917602539,24.95599937438965,18.64007377624512,16697000
CF,2011-03-16,25.20199966430664,26.0,24.70199966430664,25.37800025939941,18.95526695251465,16909500
CF,2011-03-17,25.8439998626709,26.20599937438965,25.55599975585937,25.9060001373291,19.34963798522949,9506000
CF,2011-03-18,26.48200035095215,26.59600067138672,25.327999114990234,25.479999542236328,19.031450271606445,10997500
CF,2011-03-21,25.077999114990234,25.479999542236328,24.950000762939453,25.42799949645996,18.99261283874512,12439500
CF,2011-03-22,25.45199966430664,25.45199966430664,24.336000442504883,24.511999130249023,18.308433532714844,15367500
CF,2011-03-23,24.51000022888184,25.214000701904297,24.00200080871582,25.100000381469727,18.74762344360352,16240500
CF,2011-03-24,25.215999603271484,25.38400077819824,24.80599975585937,25.16399955749512,18.795425415039062,10579000
CF,2011-03-25,25.10199928283692,26.61000061035156,25.10199928283692,26.420000076293945,19.73355484008789,15791000
CF,2011-03-28,26.57200050354004,26.57200050354004,25.53400039672852,25.56399917602539,19.094188690185547,7959000
CF,2011-03-29,25.63800048828125,26.06800079345703,25.25200080871582,25.95199966430664,19.38399887084961,6391000
CF,2011-03-30,26.26000022888184,26.583999633789062,25.857999801635746,26.52199935913086,19.80974006652832,6980500
CF,2011-03-31,27.302000045776367,27.98200035095215,27.218000411987305,27.357999801635746,20.43416404724121,19357500
CF,2011-04-01,27.5939998626709,28.200000762939453,27.46199989318848,27.857999801635746,20.8076229095459,12333000
CF,2011-04-04,27.983999252319336,28.444000244140625,27.802000045776367,28.444000244140625,21.245317459106445,8646500
CF,2011-04-05,28.479999542236328,29.049999237060547,28.233999252319336,28.715999603271484,21.44847679138184,12019000
CF,2011-04-06,28.84199905395508,28.881999969482425,27.742000579833984,28.06999969482422,20.96596908569336,9833000
CF,2011-04-07,28.233999252319336,28.38999938964844,27.71199989318848,27.950000762939453,20.876340866088867,9507500
CF,2011-04-08,27.965999603271484,28.24399948120117,27.40999984741211,27.70800018310547,20.695581436157227,7673500
CF,2011-04-11,27.600000381469727,27.983999252319336,27.030000686645508,27.086000442504883,20.23099899291992,7740500
CF,2011-04-12,26.92200088500977,27.049999237060547,26.100000381469727,26.763999938964844,19.99049186706543,10740500
CF,2011-04-13,26.94799995422364,27.20400047302246,26.350000381469727,26.81800079345703,20.03083229064941,8734500
CF,2011-04-14,26.600000381469727,26.972000122070312,26.39800071716309,26.738000869750977,19.97107315063477,6016500
CF,2011-04-15,26.70199966430664,26.70400047302246,25.97800064086914,25.996000289916992,19.41686248779297,13588000
CF,2011-04-18,25.72800064086914,26.63800048828125,25.52400016784668,26.59199905395508,19.86201858520508,12941000
CF,2011-04-19,26.56800079345703,27.10400009155273,26.459999084472656,26.97800064086914,20.150333404541016,10135000
CF,2011-04-20,27.20400047302246,27.327999114990234,26.41399955749512,26.643999099731445,19.900863647460938,10986000
CF,2011-04-21,26.788000106811523,27.79400062561035,26.722000122070312,27.76799964904785,20.740398406982425,9615000
CF,2011-04-25,27.80599975585937,28.166000366210938,27.606000900268555,27.788000106811523,20.75534439086914,6921500
CF,2011-04-26,28.08799934387207,28.26799964904785,27.836000442504883,28.06800079345703,20.9644775390625,8000000
CF,2011-04-27,28.18199920654297,28.29800033569336,27.27400016784668,27.86199951171875,20.81061553955078,7599000
CF,2011-04-28,27.81999969482422,28.65999984741211,27.465999603271484,27.78199958801269,20.750856399536133,13496000
CF,2011-04-29,27.90800094604492,28.496000289916992,27.78199958801269,28.309999465942383,21.145225524902344,6266500
CF,2011-05-02,28.42799949645996,28.468000411987305,27.75,27.881999969482425,20.825550079345703,6751000
CF,2011-05-03,27.850000381469727,27.992000579833984,26.42799949645996,26.59199905395508,19.86201858520508,9791000
CF,2011-05-04,26.65999984741211,26.691999435424805,25.600000381469727,26.062000274658203,19.46615982055664,9305500
CF,2011-05-05,25.84000015258789,26.738000869750977,25.45800018310547,25.850000381469727,19.30780982971192,10077000
CF,2011-05-06,26.90399932861328,28.190000534057617,26.895999908447266,27.56399917602539,20.588037490844727,18516500
CF,2011-05-09,27.60400009155273,28.631999969482425,27.57200050354004,28.559999465942383,21.33195686340332,9685500
CF,2011-05-10,28.715999603271484,28.79800033569336,28.06399917602539,28.29400062561035,21.133277893066406,8602500
CF,2011-05-11,28.14800071716309,28.14800071716309,27.09000015258789,27.459999084472656,20.510347366333008,9701000
CF,2011-05-12,27.39200019836425,27.417999267578125,26.535999298095703,27.007999420166016,20.18744468688965,8725500
CF,2011-05-13,27.308000564575195,27.32999992370605,26.6200008392334,26.715999603271484,19.96918678283692,8196000
CF,2011-05-16,26.86199951171875,27.76000022888184,26.56399917602539,26.992000579833984,20.175487518310547,6957500
CF,2011-05-17,26.93400001525879,27.18000030517578,26.527999877929688,26.850000381469727,20.069345474243164,7556000
CF,2011-05-18,27.05599975585937,28.32999992370605,26.81399917602539,28.038000106811523,20.957332611083984,12232000
CF,2011-05-19,28.24399948120117,28.88800048828125,27.757999420166016,28.285999298095703,21.142702102661133,13111000
CF,2011-05-20,28.238000869750977,28.90399932861328,27.718000411987305,27.812000274658203,20.78840446472168,17318500
CF,2011-05-23,27.87800025939941,29.59199905395508,27.496000289916992,29.549999237060547,22.08749389648437,21220500
CF,2011-05-24,29.59600067138672,29.81999969482422,29.20199966430664,29.309999465942383,21.908100128173828,11464000
CF,2011-05-25,29.31999969482422,30.6879997253418,29.31999969482422,30.19799995422364,22.57185173034668,17868000
CF,2011-05-26,30.1299991607666,30.606000900268555,29.92200088500977,30.038000106811523,22.452253341674805,10760500
CF,2011-05-27,30.277999877929688,31.26799964904785,30.246000289916992,31.038000106811523,23.1997127532959,10408000
CF,2011-05-31,31.61199951171875,31.68400001525879,30.350000381469727,30.756000518798828,22.988933563232425,11484000
CF,2011-06-01,30.756000518798828,30.812000274658203,29.48200035095215,29.6200008392334,22.13981437683105,11630000
CF,2011-06-02,29.63999938964844,30.51000022888184,29.535999298095703,30.038000106811523,22.452253341674805,9606500
CF,2011-06-03,29.694000244140625,30.402000427246094,29.36400032043457,30.28199958801269,22.63463592529297,10273500
CF,2011-06-06,30.15399932861328,30.941999435424805,29.35199928283692,29.6200008392334,22.13981437683105,10401000
CF,2011-06-07,29.895999908447266,30.0,29.0,29.41399955749512,21.98584175109864,10619000
CF,2011-06-08,29.506000518798828,30.00200080871582,28.944000244140625,29.724000930786133,22.21755599975586,11680500
CF,2011-06-09,30.374000549316406,31.100000381469727,30.17399978637696,30.972000122070312,23.15038108825684,15635000
CF,2011-06-10,30.80599975585937,31.239999771118164,30.290000915527344,30.511999130249023,22.80655288696289,9966000
CF,2011-06-13,30.600000381469727,31.17399978637696,29.81399917602539,30.027999877929688,22.44478416442871,7793500
CF,2011-06-14,30.36800003051757,31.013999938964844,29.95800018310547,30.8799991607666,23.08161354064941,10279000
CF,2011-06-15,30.520000457763672,30.540000915527344,29.27400016784668,29.600000381469727,22.12486267089844,12409000
CF,2011-06-16,29.65999984741211,29.847999572753903,27.55599975585937,28.47800064086914,21.286216735839844,19478500
CF,2011-06-17,28.72800064086914,28.920000076293945,26.920000076293945,27.21199989318848,20.33992958068848,23861500
CF,2011-06-20,27.76000022888184,27.920000076293945,27.03400039672852,27.714000701904297,20.71516227722168,16095000
CF,2011-06-21,28.003999710083008,29.402000427246094,27.916000366210938,29.356000900268555,21.94248962402344,11313000
CF,2011-06-22,29.17200088500977,29.5939998626709,28.479999542236328,28.549999237060547,21.340028762817383,9704000
CF,2011-06-23,28.058000564575195,28.606000900268555,27.39999961853028,28.5939998626709,21.37291717529297,11411500
CF,2011-06-24,28.64200019836425,29.35199928283692,28.11800003051757,28.1299991607666,21.02610206604004,8495000
CF,2011-06-27,28.35400009155273,29.040000915527344,28.01799964904785,28.79599952697754,21.52391242980957,8149500
CF,2011-06-28,28.8439998626709,29.40999984741211,28.676000595092773,29.393999099731445,21.970888137817383,9350500
CF,2011-06-29,29.733999252319336,30.209999084472656,29.28199958801269,29.8700008392334,22.32668113708496,13547000
CF,2011-06-30,28.91200065612793,29.06399917602539,28.076000213623047,28.333999633789062,21.178579330444336,29614500
CF,2011-07-01,28.645999908447266,28.68600082397461,27.554000854492188,27.90399932861328,20.85717391967773,18511500
CF,2011-07-05,28.21999931335449,28.76799964904785,27.65399932861328,28.6259994506836,21.39684295654297,17480500
CF,2011-07-06,28.61000061035156,28.95599937438965,28.257999420166016,28.59000015258789,21.36992835998535,8219000
CF,2011-07-07,28.99799919128418,29.29400062561035,28.763999938964844,29.13800048828125,21.779541015625,10202000
CF,2011-07-08,28.32200050354004,29.857999801635746,28.309999465942383,29.802000045776367,22.275848388671875,12481000
CF,2011-07-11,29.468000411987305,29.538000106811523,28.5,28.972000122070312,21.65545654296875,10851500
CF,2011-07-12,29.16399955749512,30.44799995422364,29.16200065612793,29.5,22.05011367797852,19016000
CF,2011-07-13,29.808000564575195,30.507999420166016,29.80599975585937,30.02199935913086,22.44029426574707,10614500
CF,2011-07-14,30.21999931335449,30.77400016784668,29.624000549316406,29.95800018310547,22.392457962036133,9526500
CF,2011-07-15,30.06599998474121,30.847999572753903,29.90399932861328,30.8439998626709,23.05470466613769,9604000
CF,2011-07-18,30.920000076293945,30.979999542236328,30.049999237060547,30.312000274658203,22.657058715820312,8733000
CF,2011-07-19,30.770000457763672,31.46999931335449,30.770000457763672,31.32999992370605,23.41797637939453,12361000
CF,2011-07-20,31.68400001525879,31.799999237060547,31.285999298095703,31.479999542236328,23.53009033203125,8093500
CF,2011-07-21,31.763999938964844,32.332000732421875,31.600000381469727,32.237998962402344,24.09666633605957,8728000
CF,2011-07-22,32.17399978637695,32.41999816894531,31.83799934387207,32.04999923706055,23.95614624023437,6480500
CF,2011-07-25,31.871999740600582,32.650001525878906,31.804000854492188,32.05799865722656,23.962129592895508,7146500
CF,2011-07-26,32.06999969482422,32.263999938964844,31.43600082397461,31.89800071716309,23.8425350189209,5433500
CF,2011-07-27,31.606000900268555,31.9060001373291,31.003999710083008,31.17399978637696,23.301368713378903,7297000
CF,2011-07-28,31.43000030517578,32.38600158691406,31.299999237060547,31.766000747680664,23.74386215209961,6951000
CF,2011-07-29,30.802000045776367,31.57999992370605,30.45800018310547,31.06399917602539,23.21914291381836,9502500
CF,2011-08-01,31.63400077819824,31.93400001525879,31.1200008392334,31.450000762939453,23.50766944885254,7532000
CF,2011-08-02,31.18000030517578,31.920000076293945,30.57200050354004,30.582000732421875,22.858869552612305,11422500
CF,2011-08-03,30.90800094604492,31.31999969482422,29.577999114990234,31.003999710083008,23.174301147460938,13770500
CF,2011-08-04,30.62800025939941,30.709999084472656,28.25200080871582,28.31800079345703,21.166622161865234,17023000
CF,2011-08-05,29.96999931335449,30.16399955749512,27.66399955749512,29.332000732421875,21.924549102783203,22995000
CF,2011-08-08,27.89200019836425,29.299999237060547,26.8799991607666,27.64999961853028,20.66731643676757,27080500
CF,2011-08-09,28.233999252319336,30.06399917602539,28.152000427246094,30.006000518798828,22.4283390045166,25691500
CF,2011-08-10,29.676000595092773,31.718000411987305,29.200000762939453,29.917999267578125,22.36255645751953,21621000
CF,2011-08-11,31.13599967956543,33.27000045776367,30.809999465942383,32.8380012512207,24.6109561920166,24349500
CF,2011-08-12,32.6619987487793,33.768001556396484,32.46799850463867,33.63999938964844,25.212024688720703,15688000
CF,2011-08-15,33.86600112915039,33.99800109863281,33.018001556396484,33.928001403808594,25.42786979675293,13287000
CF,2011-08-16,33.374000549316406,33.987998962402344,33.02399826049805,33.5620002746582,25.15356636047364,11805000
CF,2011-08-17,33.709999084472656,34.58399963378906,33.582000732421875,34.38199996948242,25.76813125610352,13319500
CF,2011-08-18,33.36000061035156,33.599998474121094,32.5260009765625,32.84000015258789,24.612457275390625,15188500
CF,2011-08-19,32.40399932861328,34.0880012512207,32.23199844360352,32.96200180053711,24.70388603210449,17138000
CF,2011-08-22,34.051998138427734,34.89400100708008,33.6879997253418,34.11399841308594,25.56726837158203,15672000
CF,2011-08-23,34.34400177001953,35.790000915527344,34.20399856567383,35.790000915527344,26.82337760925293,16680500
CF,2011-08-24,35.66600036621094,36.07799911499024,34.347999572753906,35.08000183105469,26.29126167297364,15164000
CF,2011-08-25,35.119998931884766,35.619998931884766,34.40999984741211,35.03400039672852,26.25678062438965,12037500
CF,2011-08-26,34.70600128173828,36.12200164794922,34.459999084472656,36.06999969482422,27.03322410583496,11590500
CF,2011-08-29,36.48199844360352,37.73799896240234,36.40599822998047,37.720001220703125,28.26986122131348,14334000
CF,2011-08-30,37.35599899291992,38.540000915527344,37.35599899291992,37.95600128173828,28.44672393798828,12804500
CF,2011-08-31,38.36600112915039,38.51800155639648,35.91999816894531,36.54999923706055,27.392980575561523,14837000
CF,2011-09-01,36.70600128173828,37.24599838256836,36.19200134277344,36.5,27.35551071166992,9861500
CF,2011-09-02,35.624000549316406,36.60599899291992,35.172000885009766,36.37799835205078,27.264060974121094,7868500
CF,2011-09-06,35.698001861572266,37.20000076293945,35.582000732421875,37.13800048828125,27.833654403686523,12049000
CF,2011-09-07,37.72200012207031,37.72200012207031,36.305999755859375,36.64799880981445,27.46641159057617,9982500
CF,2011-09-08,36.23799896240234,37.400001525878906,36.18999862670898,37.02000045776367,27.74522590637207,10410500
CF,2011-09-09,36.608001708984375,37.26599884033203,35.69200134277344,36.018001556396484,26.994260787963867,8345000
CF,2011-09-12,35.74399948120117,36.45399856567383,34.68000030517578,35.40800094604492,26.53708267211914,11432500
CF,2011-09-13,35.65800094604492,36.04600143432617,35.0,35.439998626708984,26.56107521057129,9224000
CF,2011-09-14,35.832000732421875,36.40599822998047,34.77199935913086,35.944000244140625,26.93880081176757,10319500
CF,2011-09-15,36.04399871826172,36.18999862670898,34.72999954223633,35.07600021362305,26.28825569152832,10789000
CF,2011-09-16,35.16600036621094,35.375999450683594,34.507999420166016,35.029998779296875,26.2537899017334,9522500
CF,2011-09-19,34.60599899291992,35.29399871826172,34.25400161743164,35.01599884033203,26.24330139160156,8418500
CF,2011-09-20,35.189998626708984,35.189998626708984,32.54800033569336,32.73400115966797,24.53301048278809,19515500
CF,2011-09-21,32.720001220703125,33.40399932861328,30.583999633789062,30.58799934387207,22.924654006958008,17341500
CF,2011-09-22,29.36800003051757,30.058000564575195,27.70400047302246,29.37800025939941,22.017805099487305,22442000
CF,2011-09-23,28.88599967956543,29.790000915527344,28.36400032043457,29.13800048828125,21.83793830871582,14399500
CF,2011-09-26,29.46999931335449,30.513999938964844,27.61800003051757,30.417999267578125,22.79724884033203,17566500
CF,2011-09-27,30.89200019836425,31.920000076293945,30.5,30.989999771118164,23.225948333740234,15953000
CF,2011-09-28,30.3439998626709,30.667999267578125,28.89200019836425,28.996000289916992,21.73151016235352,12303000
CF,2011-09-29,29.666000366210938,30.10199928283692,27.799999237060547,28.1879997253418,21.125940322875977,15941000
CF,2011-09-30,26.50200080871582,26.799999237060547,24.61800003051757,24.67799949645996,18.495311737060547,25537000
CF,2011-10-03,24.20199966430664,25.82200050354004,23.89999961853028,24.19599914550781,18.13406562805176,19222500
CF,2011-10-04,23.74799919128418,24.88800048828125,23.06800079345703,24.81999969482422,18.60173988342285,22000000
CF,2011-10-05,25.100000381469727,26.94599914550781,24.812000274658203,26.70800018310547,20.016740798950195,16940000
CF,2011-10-06,26.540000915527344,28.59199905395508,26.52400016784668,28.54800033569336,21.39574813842773,18806000
CF,2011-10-07,28.74399948120117,28.790000915527344,26.39999961853028,26.941999435424805,20.192110061645508,14775500
CF,2011-10-10,27.761999130249023,28.916000366210938,27.600000381469727,28.077999114990234,21.043500900268555,9884000
CF,2011-10-11,27.94799995422364,29.600000381469727,27.874000549316406,29.36199951171875,22.00581359863281,10778000
CF,2011-10-12,28.992000579833984,29.27400016784668,28.209999084472656,28.920000076293945,21.67454719543457,16784500
CF,2011-10-13,29.03199958801269,29.68000030517578,28.4379997253418,29.503999710083008,22.11223602294922,8652500
CF,2011-10-14,30.20800018310547,30.38999938964844,29.31599998474121,30.100000381469727,22.55891799926757,6466000
CF,2011-10-17,29.944000244140625,29.95199966430664,28.8700008392334,29.04800033569336,21.770484924316406,6719000
CF,2011-10-18,29.097999572753903,29.99399948120117,28.15999984741211,29.722000122070312,22.27562522888184,8868000
CF,2011-10-19,29.64999961853028,29.826000213623047,28.5939998626709,28.70400047302246,21.512666702270508,8612500
CF,2011-10-20,28.559999465942383,29.552000045776367,28.02199935913086,29.46199989318848,22.080766677856445,10693500
CF,2011-10-21,30.11000061035156,30.68000030517578,29.992000579833984,30.68000030517578,22.993614196777344,8208000
CF,2011-10-24,30.89800071716309,31.979999542236328,30.89800071716309,31.827999114990234,23.85399627685547,8316000
CF,2011-10-25,31.69799995422364,32.61800003051758,31.100000381469727,31.57999992370605,23.66813087463379,9391000
CF,2011-10-26,32.23600006103516,32.529998779296875,30.88599967956543,32.321998596191406,24.224225997924805,9214500
CF,2011-10-27,33.46200180053711,34.29999923706055,32.56800079345703,33.60200119018555,25.183549880981445,8494500
CF,2011-10-28,33.75400161743164,34.47800064086914,33.25600051879883,34.02799987792969,25.502817153930664,8357500
CF,2011-10-31,33.599998474121094,33.599998474121094,32.43399810791016,32.45399856567383,24.32315826416016,6631000
CF,2011-11-01,31.0,32.77399826049805,30.288000106811523,31.72599983215332,23.777551651000977,14968000
CF,2011-11-02,32.125999450683594,34.12799835205078,32.099998474121094,33.86199951171875,25.37840843200684,12178000
CF,2011-11-03,34.13800048828125,35.18199920654297,33.15999984741211,34.86399841308594,26.129375457763672,9584000
CF,2011-11-04,34.599998474121094,35.39400100708008,34.35200119018555,34.763999938964844,26.054428100585938,6993500
CF,2011-11-07,34.47800064086914,35.09000015258789,34.30799865722656,34.80400085449219,26.08440589904785,5123000
CF,2011-11-08,35.01599884033203,35.29800033569336,34.07600021362305,35.28400039672852,26.44414520263672,6315000
CF,2011-11-09,34.099998474121094,34.582000732421875,33.104000091552734,33.215999603271484,24.950822830200195,10594000
CF,2011-11-10,33.566001892089844,34.0,32.74399948120117,33.827999114990234,25.410533905029297,8393000
CF,2011-11-11,34.15599822998047,34.71799850463867,33.99800109863281,34.52399826049805,25.933353424072266,5386500
CF,2011-11-14,34.47800064086914,34.74800109863281,33.7400016784668,34.194000244140625,25.685470581054688,6025500
CF,2011-11-15,34.13999938964844,34.61600112915039,33.900001525878906,33.902000427246094,25.46613121032715,6412000
CF,2011-11-16,33.84000015258789,34.24399948120117,33.31800079345703,33.395999908447266,25.08604049682617,12391000
CF,2011-11-17,32.65999984741211,32.667999267578125,29.31399917602539,29.63800048828125,22.26314163208008,30245000
CF,2011-11-18,30.527999877929688,31.39999961853028,30.05599975585937,30.336000442504883,22.78746032714844,20740500
CF,2011-11-21,29.49799919128418,30.30599975585937,29.200000762939453,29.8700008392334,22.437414169311523,10776500
CF,2011-11-22,29.836000442504883,30.78199958801269,29.562000274658203,30.20400047302246,22.68830299377441,7523000
CF,2011-11-23,29.82200050354004,30.1200008392334,28.742000579833984,28.959999084472656,21.75385284423828,9100000
CF,2011-11-25,28.895999908447266,29.05599975585937,27.81999969482422,27.950000762939453,20.99517059326172,4914500
CF,2011-11-28,29.288000106811523,29.54199981689453,29.02199935913086,29.20800018310547,21.94013786315918,9130500
CF,2011-11-29,29.131999969482425,29.489999771118164,28.666000366210938,28.75200080871582,21.59760284423828,7687500
CF,2011-11-30,29.49799919128418,29.558000564575195,27.621999740600582,27.959999084472656,21.00267791748047,18310000
CF,2011-12-01,28.34199905395508,29.64999961853028,28.00200080871582,29.395999908447266,22.08136367797852,14084500
CF,2011-12-02,29.804000854492188,29.808000564575195,27.780000686645508,28.145999908447266,21.14240074157715,13760500
CF,2011-12-05,28.538000106811523,28.70599937438965,27.57200050354004,28.15800094604492,21.15140724182129,11911000
CF,2011-12-06,28.86599922180176,29.68000030517578,28.775999069213867,29.36400032043457,22.05731964111328,12614500
CF,2011-12-07,29.222000122070312,29.97800064086914,29.100000381469727,29.393999099731445,22.0798568725586,9680500
CF,2011-12-08,29.11800003051757,29.1879997253418,28.20400047302246,28.38599967956543,21.322677612304688,8100500
CF,2011-12-09,28.308000564575195,28.577999114990234,27.76799964904785,28.312000274658203,21.26709747314453,9790500
CF,2011-12-12,27.871999740600582,28.062000274658203,27.44599914550781,27.8700008392334,20.935077667236328,8776000
CF,2011-12-13,28.076000213623047,28.275999069213867,26.552000045776367,26.944000244140625,20.23948860168457,11453500
CF,2011-12-14,26.85400009155273,26.91399955749512,25.8759994506836,25.99399948120117,19.525882720947266,10325000
CF,2011-12-15,26.464000701904297,26.49399948120117,25.606000900268555,26.03199958801269,19.554428100585938,8423000
CF,2011-12-16,26.15800094604492,26.450000762939453,25.881999969482425,25.97800064086914,19.51386451721192,10744000
CF,2011-12-19,25.98600006103516,26.39999961853028,25.70199966430664,25.974000930786133,19.5108585357666,8103000
CF,2011-12-20,26.61599922180176,27.69599914550781,26.554000854492188,27.586000442504883,20.72174835205078,8440000
CF,2011-12-21,27.45400047302246,27.78400039672852,27.229999542236328,27.645999908447266,20.76681137084961,7507000
CF,2011-12-22,27.81599998474121,28.75,27.802000045776367,28.54800033569336,21.444366455078125,7461000
CF,2011-12-23,28.65800094604492,29.100000381469727,28.54800033569336,28.82999992370605,21.65619850158692,4522000
CF,2011-12-27,28.86000061035156,29.308000564575195,28.402000427246094,29.16200065612793,21.90558433532715,5382000
CF,2011-12-28,29.176000595092773,29.29800033569336,28.257999420166016,28.450000762939453,21.370758056640625,5157500
CF,2011-12-29,27.856000900268555,28.9379997253418,27.799999237060547,28.79800033569336,21.63216209411621,6649000
CF,2011-12-30,28.926000595092773,29.45800018310547,28.739999771118164,28.996000289916992,21.780893325805664,5118000
CF,2012-01-03,29.916000366210938,30.89200019836425,29.916000366210938,30.761999130249023,23.10745429992676,9244500
CF,2012-01-04,31.312000274658203,31.75,31.09000015258789,31.597999572753903,23.735435485839844,12630500
CF,2012-01-05,31.496000289916992,32.27799987792969,31.36599922180176,31.93199920654297,23.98632431030273,11741000
CF,2012-01-06,32.23400115966797,32.23400115966797,31.29400062561035,31.597999572753903,23.735435485839844,9818000
CF,2012-01-09,31.857999801635746,32.04999923706055,31.60199928283692,31.959999084472656,24.00735092163086,7495000
CF,2012-01-10,32.801998138427734,33.3380012512207,32.801998138427734,33.242000579833984,24.97036361694336,10012000
CF,2012-01-11,33.08599853515625,33.53400039672852,32.45199966430664,33.43199920654297,25.113073348999023,9599500
CF,2012-01-12,32.47999954223633,33.645999908447266,31.81800079345703,33.257999420166016,24.98237991333008,16276000
CF,2012-01-13,32.9640007019043,34.540000915527344,32.74800109863281,34.5099983215332,25.922840118408203,13429000
CF,2012-01-17,34.39799880981445,34.89799880981445,34.08399963378906,34.5359992980957,25.942371368408203,11405500
CF,2012-01-18,34.444000244140625,35.04800033569336,33.29999923706055,33.55799865722656,25.20772171020508,15806500
CF,2012-01-19,33.79399871826172,34.28799819946289,33.47200012207031,34.23600006103516,25.717018127441406,10312500
CF,2012-01-20,34.215999603271484,35.52799987792969,34.13800048828125,35.097999572753906,26.3645248413086,12434000
CF,2012-01-23,35.0,35.237998962402344,34.45000076293945,34.69599914550781,26.06256103515625,8554000
CF,2012-01-24,34.358001708984375,34.566001892089844,33.599998474121094,34.47200012207031,25.89429473876953,7207500
CF,2012-01-25,34.444000244140625,36.34600067138672,34.25600051879883,36.21200180053711,27.20132637023925,14040000
CF,2012-01-26,36.150001525878906,36.73400115966797,34.678001403808594,34.810001373291016,26.14818954467773,13136000
CF,2012-01-27,34.56399917602539,36.33200073242188,34.56399917602539,35.917999267578125,26.980487823486328,9097000
CF,2012-01-30,35.27000045776367,35.69599914550781,34.619998931884766,35.4119987487793,26.60039710998535,7066000
CF,2012-01-31,35.99599838256836,36.27199935913086,34.90800094604492,35.47600173950195,26.64846611022949,8864500
CF,2012-02-01,35.970001220703125,36.94200134277344,35.82600021362305,36.762001037597656,27.614463806152344,11831000
CF,2012-02-02,36.79999923706055,37.130001068115234,36.41999816894531,36.459999084472656,27.38761711120605,6901000
CF,2012-02-03,37.00600051879883,37.57400131225586,36.7239990234375,37.34999847412109,28.056161880493164,12004000
CF,2012-02-06,37.27000045776367,37.70000076293945,36.900001525878906,37.48400115966797,28.156816482543945,8458500
CF,2012-02-07,37.43199920654297,37.900001525878906,36.73199844360352,37.70000076293945,28.31905746459961,8964000
CF,2012-02-08,38.00600051879883,38.47999954223633,37.40800094604492,37.902000427246094,28.47080039978028,8640500
CF,2012-02-09,38.06399917602539,38.47200012207031,37.07799911499024,37.14599990844727,27.902925491333008,12162000
CF,2012-02-10,36.41400146484375,36.50600051879883,35.90599822998047,36.02999877929688,27.123031616210938,9082500
CF,2012-02-13,36.50199890136719,36.88399887084961,36.0620002746582,36.46200180053711,27.4482421875,7692000
CF,2012-02-14,36.40800094604492,36.44400024414063,35.25400161743164,35.58000183105469,26.784278869628903,10221500
CF,2012-02-15,35.70199966430664,36.16600036621094,35.41400146484375,35.83599853515625,26.97698402404785,10935500
CF,2012-02-16,35.827999114990234,36.15599822998047,34.52000045776367,35.178001403808594,26.481653213500977,16774000
CF,2012-02-17,35.513999938964844,35.89400100708008,35.0,35.768001556396484,26.92580223083496,8556500
CF,2012-02-21,35.86800003051758,37.58200073242188,35.85200119018555,36.86000061035156,27.74784469604492,10964000
CF,2012-02-22,36.757999420166016,37.650001525878906,36.757999420166016,37.20800018310547,28.00981330871582,6795000
CF,2012-02-23,37.11600112915039,37.891998291015625,36.400001525878906,37.4640007019043,28.202539443969727,9543500
CF,2012-02-24,37.45600128173828,37.65999984741211,36.71799850463867,36.7760009765625,27.684616088867188,5951000
CF,2012-02-27,36.56999969482422,37.95800018310547,36.25,37.82600021362305,28.475038528442383,9697000
CF,2012-02-28,37.902000427246094,39.09600067138672,37.7760009765625,38.3120002746582,28.840877532958984,12929000
CF,2012-02-29,38.53799819946289,38.69200134277344,36.95000076293945,37.20000076293945,28.003786087036133,13543000
CF,2012-03-01,37.86399841308594,37.94200134277344,36.97999954223633,37.84600067138672,28.49009704589844,8942500
CF,2012-03-02,37.70399856567383,38.400001525878906,37.36399841308594,37.650001525878906,28.34254264831543,7566500
CF,2012-03-05,36.93999862670898,37.15999984741211,35.2400016784668,35.59600067138672,26.796316146850582,15667000
CF,2012-03-06,34.84000015258789,34.95000076293945,33.66999816894531,33.79399871826172,25.43978881835937,16498500
CF,2012-03-07,34.40800094604492,35.52000045776367,34.13600158691406,35.167999267578125,26.474119186401367,12469000
CF,2012-03-08,35.900001525878906,36.70000076293945,35.59000015258789,36.59999847412109,27.55210876464844,10796000
CF,2012-03-09,36.57600021362305,36.83200073242188,35.625999450683594,35.74599838256836,26.90922737121582,9707000
CF,2012-03-12,35.69599914550781,36.50199890136719,35.69599914550781,36.0,27.10044479370117,7742000
CF,2012-03-13,36.41999816894531,36.58599853515625,35.61600112915039,36.05400085449219,27.14109230041504,8057000
CF,2012-03-14,35.917999267578125,36.374000549316406,35.67399978637695,36.29999923706055,27.3262882232666,6978500
CF,2012-03-15,36.448001861572266,36.79999923706055,36.02000045776367,36.22999954223633,27.27358627319336,6130500
CF,2012-03-16,36.46599960327149,37.31999969482422,36.400001525878906,36.84199905395508,27.734283447265625,10972500
CF,2012-03-19,37.02199935913086,37.45199966430664,36.59000015258789,36.63399887084961,27.577709197998047,7211000
CF,2012-03-20,36.922000885009766,37.43999862670898,36.34000015258789,36.79800033569336,27.70116424560547,9910500
CF,2012-03-21,36.91999816894531,37.33399963378906,36.60599899291992,37.20800018310547,28.00981330871582,6113500
CF,2012-03-22,36.79999923706055,37.26599884033203,36.15999984741211,36.48799896240234,27.46780776977539,7281000
CF,2012-03-23,36.98199844360352,37.86000061035156,36.77000045776367,37.75199890136719,28.41932678222656,10601500
CF,2012-03-26,38.0099983215332,38.27799987792969,37.11800003051758,37.60599899291992,28.30941772460937,9769500
CF,2012-03-27,37.650001525878906,38.27799987792969,37.45000076293945,37.50600051879883,28.2341365814209,7263500
CF,2012-03-28,37.56399917602539,37.58200073242188,36.013999938964844,36.624000549316406,27.570180892944336,8399000
CF,2012-03-29,36.2859992980957,36.45000076293945,35.0359992980957,35.900001525878906,27.025161743164062,13241000
CF,2012-03-30,36.58599853515625,36.9640007019043,36.05199813842773,36.52999877929688,27.499431610107425,9451000
CF,2012-04-02,36.63999938964844,37.65599822998047,36.33000183105469,37.55799865722656,28.27328872680664,7546500
CF,2012-04-03,37.58599853515625,37.95600128173828,37.23400115966797,37.65599822998047,28.34706115722656,7662500
CF,2012-04-04,37.18600082397461,37.73799896240234,37.02399826049805,37.41999816894531,28.169404983520508,7704000
CF,2012-04-05,37.4640007019043,37.98799896240234,37.01399993896485,37.32799911499024,28.10015106201172,6170000
CF,2012-04-09,36.63800048828125,37.12799835205078,36.34999847412109,36.54800033569336,27.51297187805176,6197000
CF,2012-04-10,36.30199813842773,36.75,35.63800048828125,35.80799865722656,26.95591163635254,8053000
CF,2012-04-11,36.33399963378906,36.84000015258789,36.2760009765625,36.369998931884766,27.378982543945312,6962500
CF,2012-04-12,36.55799865722656,38.09999847412109,36.46799850463867,37.77799987792969,28.43890380859375,8651500
CF,2012-04-13,37.77000045776367,38.18000030517578,37.11000061035156,37.25,28.04143524169922,8254500
CF,2012-04-16,37.43999862670898,37.79399871826172,36.33000183105469,36.555999755859375,27.518993377685547,7831500
CF,2012-04-17,36.79399871826172,37.54999923706055,36.5,37.34999847412109,28.1167106628418,5731500
CF,2012-04-18,37.060001373291016,37.96599960327149,36.917999267578125,37.25400161743164,28.04444694519043,8351000
CF,2012-04-19,37.35599899291992,37.67599868774414,36.82600021362305,37.15999984741211,27.973676681518555,4456000
CF,2012-04-20,37.290000915527344,37.71599960327149,37.20800018310547,37.33399963378906,28.10467529296875,4301500
CF,2012-04-23,36.79999923706055,37.09799957275391,35.94200134277344,36.46200180053711,27.4482421875,7323000
CF,2012-04-24,36.42599868774414,36.9379997253418,36.10200119018555,36.27999877929688,27.31121635437012,6243000
CF,2012-04-25,37.22600173950195,38.470001220703125,37.0260009765625,38.448001861572266,28.943279266357425,10589500
CF,2012-04-26,38.25,39.05799865722656,37.88800048828125,38.59799957275391,29.056190490722656,9908000
CF,2012-04-27,38.76599884033203,39.87799835205078,38.57600021362305,39.59400177001953,29.805967330932617,10014500
CF,2012-04-30,39.55799865722656,39.73600006103516,38.54600143432617,38.61199951171875,29.06673240661621,7803500
CF,2012-05-01,38.61600112915039,39.374000549316406,38.172000885009766,39.04199981689453,29.39043617248535,8024000
CF,2012-05-02,39.50199890136719,40.24800109863281,39.24800109863281,40.0260009765625,30.13117408752441,11891000
CF,2012-05-03,40.20199966430664,40.66400146484375,38.959999084472656,39.49599838256836,29.73219490051269,11698000
CF,2012-05-04,38.84799957275391,38.98400115966797,36.321998596191406,36.78200149536133,27.68912506103516,19186500
CF,2012-05-07,36.1619987487793,37.47200012207031,36.06600189208984,36.78200149536133,27.68912506103516,9500000
CF,2012-05-08,36.45800018310547,36.652000427246094,35.49399948120117,36.58000183105469,27.53706169128418,10623000
CF,2012-05-09,35.05799865722656,35.90599822998047,34.70000076293945,35.03799819946289,26.37626075744629,11982500
CF,2012-05-10,35.513999938964844,35.54600143432617,34.24599838256836,34.43399810791016,25.92157554626465,10419500
CF,2012-05-11,34.07400131225586,34.88999938964844,33.619998931884766,34.43600082397461,25.983444213867188,8198500
CF,2012-05-14,33.79600143432617,33.92399978637695,33.13999938964844,33.15599822998047,25.01762962341309,9742500
CF,2012-05-15,33.391998291015625,33.70000076293945,32.604000091552734,32.71200180053711,24.68261337280273,7894000
CF,2012-05-16,32.88800048828125,33.301998138427734,31.90999984741211,32.10599899291992,24.2253646850586,8395500
CF,2012-05-17,32.36199951171875,32.551998138427734,30.833999633789062,30.850000381469727,23.27765274047852,12876000
CF,2012-05-18,31.13400077819824,32.06800079345703,31.054000854492188,31.402000427246094,23.69416236877441,10754500
CF,2012-05-21,31.323999404907227,33.31399917602539,31.323999404907227,33.22999954223633,25.073471069335938,9178000
CF,2012-05-22,33.42599868774414,33.42599868774414,32.08399963378906,32.29600143432617,24.36871910095215,10864500
CF,2012-05-23,31.959999084472656,33.56800079345703,31.78400039672852,33.4640007019043,25.250030517578125,8844500
CF,2012-05-24,33.67599868774414,34.35599899291992,33.04199981689453,33.61600112915039,25.36473274230957,9899000
CF,2012-05-25,33.599998474121094,33.88800048828125,33.03799819946289,33.3120002746582,25.135337829589844,6077500
CF,2012-05-29,33.698001861572266,34.7599983215332,33.6879997253418,34.63999938964844,26.13736915588379,7242000
CF,2012-05-30,34.16999816894531,34.88199996948242,33.86600112915039,34.51599884033203,26.04380798339844,8409500
CF,2012-05-31,34.428001403808594,34.56399917602539,33.80400085449219,34.19200134277344,25.799341201782227,7319500
CF,2012-06-01,33.20800018310547,33.52000045776367,32.14400100708008,32.417999267578125,24.460783004760746,9137000
CF,2012-06-04,32.624000549316406,32.73400115966797,31.32200050354004,31.950000762939453,24.107650756835938,7351500
CF,2012-06-05,31.804000854492188,33.52000045776367,31.804000854492188,33.36800003051758,25.17759323120117,6859000
CF,2012-06-06,33.81999969482422,34.215999603271484,33.68600082397461,33.78400039672852,25.49148368835449,6429000
CF,2012-06-07,34.48400115966797,34.53799819946289,33.15999984741211,33.27000045776367,25.10364532470703,7134000
CF,2012-06-08,33.23600006103516,34.104000091552734,32.84000015258789,34.104000091552734,25.73293876647949,5424000
CF,2012-06-11,34.70199966430664,34.757999420166016,33.263999938964844,33.28400039672852,25.11421012878418,5418000
CF,2012-06-12,33.63600158691406,33.900001525878906,33.15999984741211,33.74800109863281,25.464319229125977,4728000
CF,2012-06-13,33.667999267578125,33.667999267578125,32.56399917602539,32.827999114990234,24.770137786865234,6099500
CF,2012-06-14,32.858001708984375,33.08000183105469,32.375999450683594,32.762001037597656,24.72034454345703,4299000
CF,2012-06-15,32.90399932861328,33.11199951171875,32.428001403808594,33.02199935913086,24.916522979736328,4717500
CF,2012-06-18,32.82400131225586,34.33000183105469,32.82400131225586,34.18199920654297,25.79179573059082,5705500
CF,2012-06-19,34.560001373291016,36.18199920654297,34.555999755859375,36.172000885009766,27.293325424194336,11775500
CF,2012-06-20,36.19599914550781,36.28799819946289,35.37799835205078,35.891998291015625,27.08206558227539,7205000
CF,2012-06-21,35.92399978637695,36.04999923706055,34.880001068115234,35.01599884033203,26.42108726501465,4247500
CF,2012-06-22,35.2239990234375,35.7599983215332,35.11199951171875,35.53799819946289,26.81494903564453,8324500
CF,2012-06-25,36.007999420166016,37.15599822998047,35.902000427246094,36.73199844360352,27.71588516235352,9535500
CF,2012-06-26,37.104000091552734,38.150001525878906,37.040000915527344,37.7859992980957,28.51116371154785,10385000
CF,2012-06-27,38.119998931884766,38.79999923706055,37.70800018310547,38.07799911499024,28.731489181518555,9526000
CF,2012-06-28,37.3759994506836,38.0620002746582,37.178001403808594,38.007999420166016,28.678667068481445,6864000
CF,2012-06-29,39.124000549316406,39.15999984741211,38.30400085449219,38.74800109863281,29.237030029296875,7836000
CF,2012-07-02,39.152000427246094,39.34199905395508,38.310001373291016,38.6879997253418,29.1917667388916,4511000
CF,2012-07-03,38.88399887084961,39.9900016784668,38.88399887084961,39.869998931884766,30.08362579345703,5408500
CF,2012-07-05,39.8120002746582,40.46599960327149,39.448001861572266,39.95199966430664,30.145505905151367,6126000
CF,2012-07-06,39.36199951171875,39.540000915527344,38.93999862670898,39.23400115966797,29.603740692138672,4816000
CF,2012-07-09,39.59999847412109,39.85200119018555,38.95399856567383,39.130001068115234,29.52527236938477,5185500
CF,2012-07-10,39.26599884033203,39.36800003051758,38.02000045776367,38.19400024414063,28.81902885437012,5317500
CF,2012-07-11,39.20000076293945,39.50400161743164,38.30799865722656,38.9379997253418,29.38040351867676,9862000
CF,2012-07-12,38.62200164794922,38.96200180053711,38.03200149536133,38.698001861572266,29.19931411743164,6614000
CF,2012-07-13,38.83399963378906,39.29999923706055,38.5099983215332,39.040000915527344,29.457368850708008,5044500
CF,2012-07-16,38.86600112915039,40.06999969482422,38.59999847412109,39.72999954223633,29.977998733520508,7034000
CF,2012-07-17,39.97600173950195,41.02199935913086,39.97600173950195,40.72800064086914,30.731033325195312,9860000
CF,2012-07-18,41.13600158691406,41.68600082397461,40.869998931884766,41.24399948120117,31.1203842163086,8133500
CF,2012-07-19,41.19400024414063,41.22200012207031,40.45000076293945,40.72999954223633,30.732534408569336,5322000
CF,2012-07-20,40.29800033569336,40.948001861572266,39.79999923706055,40.55400085449219,30.59973907470703,6477000
CF,2012-07-23,39.6259994506836,40.20600128173828,39.23600006103516,39.5880012512207,29.87084579467773,6257500
CF,2012-07-24,39.7400016784668,40.0,38.27399826049805,38.79399871826172,29.2717342376709,8485000
CF,2012-07-25,39.13999938964844,39.34000015258789,38.23400115966797,39.11800003051758,29.516212463378903,6127000
CF,2012-07-26,39.41999816894531,39.720001220703125,38.43999862670898,38.92399978637695,29.36984062194824,6254500
CF,2012-07-27,39.34600067138672,40.2400016784668,38.99599838256836,40.05799865722656,30.225475311279297,6388500
CF,2012-07-30,40.14799880981445,40.17599868774414,39.34799957275391,39.5,29.804447174072266,4470000
CF,2012-07-31,39.64400100708008,39.762001037597656,38.98600006103516,39.152000427246094,29.54187774658203,5781500
CF,2012-08-01,39.45800018310547,39.67399978637695,38.900001525878906,38.92399978637695,29.36984062194824,4405500
CF,2012-08-02,38.46200180053711,39.31999969482422,38.17599868774414,38.87799835205078,29.335124969482425,5628500
CF,2012-08-03,40.12799835205078,41.02199935913086,40.00600051879883,40.40399932861328,30.486560821533203,9359500
CF,2012-08-06,40.742000579833984,40.89799880981445,39.72200012207031,40.69200134277344,30.703872680664062,7447500
CF,2012-08-07,40.54199981689453,41.53200149536133,39.992000579833984,41.2140007019043,31.09773826599121,12021000
CF,2012-08-08,41.150001525878906,42.25,40.97600173950195,41.48600006103516,31.3029727935791,7572000
CF,2012-08-09,41.28200149536133,43.0359992980957,41.220001220703125,42.571998596191406,32.12241744995117,8576000
CF,2012-08-10,42.40399932861328,42.52000045776367,41.32400131225586,41.59000015258789,31.44053268432617,8698000
CF,2012-08-13,41.95399856567383,42.055999755859375,41.33599853515625,41.74399948120117,31.55693626403809,5535500
CF,2012-08-14,42.040000915527344,42.2400016784668,41.5260009765625,41.62200164794922,31.464712142944336,4484000
CF,2012-08-15,41.73600006103516,42.33599853515625,41.54399871826172,42.30400085449219,31.98029136657715,4752500
CF,2012-08-16,42.29800033569336,43.369998931884766,42.11600112915039,43.21799850463867,32.67124938964844,6517500
CF,2012-08-17,43.27199935913086,43.49599838256836,43.08399963378906,43.32600021362305,32.752891540527344,4126500
CF,2012-08-20,43.29999923706055,43.650001525878906,42.59000015258789,43.11600112915039,32.59412384033203,5050500
CF,2012-08-21,43.007999420166016,43.36000061035156,42.09999847412109,42.27999877929688,31.9621524810791,4659000
CF,2012-08-22,42.25400161743164,42.7599983215332,41.8120002746582,42.7599983215332,32.32501220703125,3584000
CF,2012-08-23,42.5099983215332,42.60200119018555,41.25600051879883,41.34600067138672,31.25606918334961,5011000
CF,2012-08-24,41.41600036621094,41.77799987792969,41.13199996948242,41.51800155639648,31.386106491088867,4541500
CF,2012-08-27,41.52399826049805,41.52399826049805,41.055999755859375,41.1879997253418,31.13664054870605,2724000
CF,2012-08-28,41.0,41.52399826049805,40.8759994506836,41.36000061035156,31.26665687561035,3799000
CF,2012-08-29,41.5359992980957,41.59799957275391,40.96200180053711,41.5,31.37248611450196,4152500
CF,2012-08-30,41.4379997253418,41.4379997253418,40.4900016784668,40.71200180053711,30.776796340942383,2829500
CF,2012-08-31,41.08000183105469,41.65399932861328,40.6259994506836,41.402000427246094,31.29840660095215,3456000
CF,2012-09-04,41.36600112915039,41.82799911499024,40.51399993896485,40.95000076293945,30.95669937133789,4803500
CF,2012-09-05,41.38800048828125,41.79199981689453,40.63199996948242,41.652000427246094,31.487403869628903,4859500
CF,2012-09-06,42.00199890136719,42.66999816894531,41.80799865722656,42.57600021362305,32.185909271240234,4576500
CF,2012-09-07,42.64400100708008,43.26599884033203,42.64400100708008,42.99399948120117,32.50190734863281,4164500
CF,2012-09-10,43.30199813842773,43.30199813842773,42.43000030517578,42.43000030517578,32.07554244995117,3828000
CF,2012-09-11,42.400001525878906,42.97600173950195,42.2239990234375,42.257999420166016,31.94551658630371,4228000
CF,2012-09-12,41.81800079345703,43.41999816894531,41.81800079345703,42.917999267578125,32.444454193115234,7160500
CF,2012-09-13,42.99800109863281,44.35200119018555,42.61600112915039,44.09000015258789,33.33043670654297,6150000
CF,2012-09-14,45.02000045776367,45.59799957275391,44.36399841308594,44.73799896240234,33.82030487060547,7374500
CF,2012-09-17,44.369998931884766,44.369998931884766,43.667999267578125,44.08200073242188,33.32439422607422,4473000
CF,2012-09-18,44.10599899291992,44.59999847412109,43.48199844360352,43.96200180053711,33.23367691040039,3919000
CF,2012-09-19,44.00199890136719,44.81399917602539,44.00199890136719,44.56399917602539,33.68877029418945,5435500
CF,2012-09-20,44.29199981689453,44.354000091552734,43.22200012207031,43.98600006103516,33.25182342529297,6714500
CF,2012-09-21,44.32600021362305,44.400001525878906,43.650001525878906,43.7400016784668,33.065860748291016,4856000
CF,2012-09-24,43.22200012207031,43.70000076293945,43.22200012207031,43.35599899291992,32.77555465698242,2839500
CF,2012-09-25,43.44400024414063,43.75,42.79800033569336,42.82799911499024,32.376399993896484,4277500
CF,2012-09-26,42.869998931884766,43.422000885009766,42.619998931884766,43.18000030517578,32.642520904541016,3967500
CF,2012-09-27,43.57600021362305,44.13399887084961,43.31800079345703,44.02399826049805,33.28054428100586,3731000
CF,2012-09-28,44.06999969482422,44.5880012512207,44.02000045776367,44.448001861572266,33.60107421875,6344000
CF,2012-10-01,44.608001708984375,45.29999923706055,44.58000183105469,44.902000427246094,33.94428634643555,4890000
CF,2012-10-02,44.6259994506836,44.88800048828125,43.96599960327149,44.40399932861328,33.567813873291016,5485500
CF,2012-10-03,44.108001708984375,44.380001068115234,43.6619987487793,43.99599838256836,33.25938415527344,5138000
CF,2012-10-04,44.15399932861328,44.72999954223633,44.02399826049805,44.720001220703125,33.80669403076172,3842000
CF,2012-10-05,45.03200149536133,45.11000061035156,44.13199996948242,44.38399887084961,33.552696228027344,3586500
CF,2012-10-08,44.15399932861328,44.22999954223633,43.459999084472656,43.63399887084961,32.98572540283203,3769500
CF,2012-10-09,43.49599838256836,44.104000091552734,43.30799865722656,43.63399887084961,32.98572540283203,3921000
CF,2012-10-10,43.4379997253418,43.69400024414063,42.63399887084961,42.72999954223633,32.302330017089844,5349000
CF,2012-10-11,43.150001525878906,43.98600006103516,42.92599868774414,42.95600128173828,32.473182678222656,5940500
CF,2012-10-12,43.08200073242188,43.10599899291992,42.0099983215332,42.10200119018555,31.82758522033692,4557500
CF,2012-10-15,41.400001525878906,42.01800155639648,41.310001373291016,41.95399856567383,31.715694427490234,3792000
CF,2012-10-16,42.18600082397461,43.0620002746582,42.04199981689453,42.652000427246094,32.24336624145508,4847000
CF,2012-10-17,42.54999923706055,43.3759994506836,42.38999938964844,43.19200134277344,32.65159225463867,3227000
CF,2012-10-18,42.96599960327149,43.060001373291016,42.15999984741211,42.31999969482422,31.992387771606445,4021500
CF,2012-10-19,42.071998596191406,42.23400115966797,41.11199951171875,41.33599853515625,31.24852180480957,6944500
CF,2012-10-22,41.08000183105469,41.97800064086914,41.08000183105469,41.9640007019043,31.72324562072754,4184500
CF,2012-10-23,41.150001525878906,41.305999755859375,40.17399978637695,41.11000061035156,31.07767105102539,6074500
CF,2012-10-24,41.40999984741211,41.540000915527344,40.88199996948242,41.0,30.99451065063477,4314500
CF,2012-10-25,41.11800003051758,41.11800003051758,40.31399917602539,40.72200012207031,30.78435707092285,4154500
CF,2012-10-26,40.83200073242188,41.20399856567383,40.40999984741211,40.9640007019043,30.96728706359864,2930000
CF,2012-10-31,41.02199935913086,41.43199920654297,40.75400161743164,41.03799819946289,31.02324104309082,2908000
CF,2012-11-01,41.1259994506836,42.20000076293945,40.98400115966797,42.17599868774414,31.88351249694824,4021500
CF,2012-11-02,41.20000076293945,42.055999755859375,39.7140007019043,39.805999755859375,30.091890335083008,11445500
CF,2012-11-05,39.624000549316406,41.29600143432617,39.624000549316406,41.09600067138672,31.067081451416016,6241500
CF,2012-11-06,41.59799957275391,41.7599983215332,41.0,41.26599884033203,31.19559669494629,6785000
CF,2012-11-07,40.58000183105469,40.79999923706055,40.0260009765625,40.39799880981445,30.539419174194336,4825000
CF,2012-11-08,40.507999420166016,40.540000915527344,38.380001068115234,39.150001525878906,29.595983505249023,8141500
CF,2012-11-09,38.78400039672852,39.93600082397461,38.56399917602539,39.20800018310547,29.63982582092285,4387000
CF,2012-11-12,39.3759994506836,39.73600006103516,39.11000061035156,39.43999862670898,29.81520652770996,3561000
CF,2012-11-13,39.24399948120117,39.98799896240234,39.11199951171875,39.45399856567383,29.82578659057617,4918500
CF,2012-11-14,38.99399948120117,39.92399978637695,38.92599868774414,39.04800033569336,29.57884407043457,4256000
CF,2012-11-15,39.17599868774414,39.667999267578125,38.61600112915039,38.959999084472656,29.512191772460938,5145500
CF,2012-11-16,39.18600082397461,39.50400161743164,38.869998931884766,39.11600112915039,29.63035774230957,5038000
CF,2012-11-19,39.79800033569336,40.78200149536133,39.53400039672852,40.72999954223633,30.852962493896484,5539500
CF,2012-11-20,40.560001373291016,41.43999862670898,40.358001708984375,41.16400146484375,31.181718826293945,4277500
CF,2012-11-21,40.94200134277344,41.52799987792969,40.84000015258789,41.45000076293945,31.39835929870605,3092000
CF,2012-11-23,41.762001037597656,42.03400039672852,41.652000427246094,42.02399826049805,31.83316421508789,1976000
CF,2012-11-26,41.94599914550781,41.95800018310547,41.01599884033203,41.67599868774414,31.56956672668457,2945000
CF,2012-11-27,41.73400115966797,42.08200073242188,41.55199813842773,41.65800094604492,31.555923461914062,3350500
CF,2012-11-28,41.20000076293945,41.78400039672852,40.84400177001953,41.70800018310547,31.593793869018555,3465500
CF,2012-11-29,42.02199935913086,42.95000076293945,41.99399948120117,42.65999984741211,32.314937591552734,6061000
CF,2012-11-30,42.678001403808594,42.9119987487793,42.422000885009766,42.805999755859375,32.425537109375,4628500
CF,2012-12-03,42.68600082397461,43.0,41.79999923706055,41.85599899291992,31.70591354370117,5032500
CF,2012-12-04,41.77999877929688,42.64799880981445,41.71799850463867,42.50400161743164,32.19676971435547,5058000
CF,2012-12-05,42.630001068115234,42.68000030517578,42.09000015258789,42.34799957275391,32.0786018371582,3737500
CF,2012-12-06,42.37799835205078,42.70000076293945,41.84199905395508,42.34199905395508,32.07405090332031,2653000
CF,2012-12-07,42.7760009765625,42.7760009765625,42.2599983215332,42.46200180053711,32.16494369506836,2194000
CF,2012-12-10,42.43399810791016,42.87799835205078,42.36800003051758,42.73799896240234,32.37401580810547,2455000
CF,2012-12-11,42.89599990844727,43.70000076293945,42.77000045776367,43.44400024414063,32.90882110595703,3903500
CF,2012-12-12,43.18399810791016,43.37200164794922,41.75400161743164,41.9379997253418,31.76803207397461,7208000
CF,2012-12-13,41.86800003051758,41.98400115966797,40.24399948120117,40.50199890136719,30.680252075195312,8679000
CF,2012-12-14,40.20800018310547,41.38999938964844,40.20800018310547,41.198001861572266,31.20747184753418,4317500
CF,2012-12-17,41.34600067138672,41.35200119018555,40.380001068115234,41.05199813842773,31.096866607666016,5433500
CF,2012-12-18,41.18000030517578,41.47600173950195,40.619998931884766,41.09600067138672,31.13019752502441,5285500
CF,2012-12-19,41.15599822998047,41.67599868774414,41.108001708984375,41.13199996948242,31.1574764251709,3622000
CF,2012-12-20,41.0,41.05199813842773,40.13600158691406,40.85599899291992,30.94840431213379,5220000
CF,2012-12-21,40.09999847412109,40.58599853515625,39.91999816894531,39.959999084472656,30.26968765258789,5537500
CF,2012-12-24,39.91600036621094,40.37200164794922,39.68000030517578,40.242000579833984,30.483304977416992,1713500
CF,2012-12-26,40.369998931884766,40.77999877929688,40.152000427246094,40.43399810791016,30.62873268127441,1787000
CF,2012-12-27,40.512001037597656,40.7239990234375,39.79999923706055,40.28200149536133,30.51360511779785,3223000
CF,2012-12-28,39.97800064086914,40.29800033569336,39.84600067138672,39.928001403808594,30.245450973510746,2297000
CF,2012-12-31,39.77399826049805,40.79600143432617,39.69599914550781,40.63199996948242,30.77872467041016,4129500
CF,2013-01-02,41.78799819946289,41.94400024414063,41.00400161743164,41.448001861572266,31.39685821533203,5048500
CF,2013-01-03,41.4119987487793,41.86000061035156,41.09799957275391,41.25199890136719,31.24837684631348,4025500
CF,2013-01-04,41.48400115966797,42.36199951171875,41.48400115966797,42.17599868774414,31.94830322265625,4534000
CF,2013-01-07,42.01399993896485,42.13999938964844,41.38199996948242,42.01800155639648,31.828617095947266,3604000
CF,2013-01-08,41.88600158691406,41.88600158691406,41.24599838256836,41.402000427246094,31.36200904846192,5063000
CF,2013-01-09,41.400001525878906,43.16999816894531,41.400001525878906,42.84999847412109,32.458866119384766,8226500
CF,2013-01-10,43.20600128173828,43.641998291015625,42.641998291015625,43.49399948120117,32.94669342041016,9967500
CF,2013-01-11,43.52399826049805,43.95600128173828,43.15599822998047,43.63399887084961,33.0527458190918,9884500
CF,2013-01-14,43.64599990844727,43.90800094604492,43.400001525878906,43.73799896240234,33.13152313232422,3598500
CF,2013-01-15,43.71799850463867,43.76399993896485,43.20000076293945,43.402000427246094,32.87700271606445,3780500
CF,2013-01-16,43.27199935913086,43.84400177001953,43.06800079345703,43.56999969482422,33.0042610168457,3215500
CF,2013-01-17,43.77999877929688,43.77999877929688,43.36199951171875,43.47999954223633,32.93607711791992,3353000
CF,2013-01-18,43.698001861572266,44.11600112915039,43.27000045776367,43.8120002746582,33.18757629394531,4615000
CF,2013-01-22,44.02000045776367,44.880001068115234,43.917999267578125,44.73600006103516,33.88750457763672,5348500
CF,2013-01-23,44.73600006103516,45.05199813842773,44.58399963378906,44.75600051879883,33.90265274047852,3909500
CF,2013-01-24,44.84600067138672,45.61399841308594,44.76800155639648,45.29399871826172,34.31018829345703,5863500
CF,2013-01-25,46.00199890136719,46.29999923706055,45.34799957275391,46.055999755859375,34.887393951416016,5307000
CF,2013-01-28,46.13199996948242,46.13199996948242,45.36800003051758,45.63800048828125,34.570777893066406,3861000
CF,2013-01-29,45.63999938964844,45.959999084472656,45.59600067138672,45.81600189208984,34.70561218261719,2386000
CF,2013-01-30,45.77000045776367,46.68600082397461,45.71200180053711,46.09799957275391,34.919212341308594,3845000
CF,2013-01-31,45.78400039672852,46.26599884033203,45.48400115966797,45.83399963378906,34.719242095947266,3785000
CF,2013-02-01,46.35599899291992,46.35599899291992,45.84600067138672,45.992000579833984,34.838924407958984,4059000
CF,2013-02-04,45.8759994506836,46.02399826049805,45.641998291015625,45.78200149536133,34.679840087890625,4546000
CF,2013-02-05,45.98600006103516,46.15399932861328,45.45000076293945,45.50400161743164,34.469261169433594,3279500
CF,2013-02-06,45.18000030517578,45.58599853515625,45.060001373291016,45.18399810791016,34.22686004638672,2493000
CF,2013-02-07,45.46200180053711,45.68600082397461,44.83599853515625,45.06600189208984,34.13748550415039,3040500
CF,2013-02-08,45.08000183105469,45.40599822998047,44.79999923706055,45.23199844360352,34.26322555541992,2335500
CF,2013-02-11,45.242000579833984,45.46599960327149,44.86000061035156,45.124000549316406,34.18141174316406,1680000
CF,2013-02-12,45.34400177001953,45.34400177001953,44.02199935913086,44.06800079345703,33.38149642944336,5382000
CF,2013-02-13,44.141998291015625,44.38399887084961,43.22200012207031,43.57799911499024,33.01032638549805,5664000
CF,2013-02-14,43.74399948120117,43.83200073242188,43.22200012207031,43.571998596191406,33.06647872924805,3483000
CF,2013-02-15,43.5099983215332,43.58200073242188,42.89400100708008,43.33399963378906,32.88585662841797,5778000
CF,2013-02-19,43.47999954223633,43.97999954223633,43.31600189208984,43.70600128173828,33.16815948486328,5283500
CF,2013-02-20,43.38800048828125,43.38800048828125,41.2599983215332,41.41400146484375,31.428789138793945,13309000
CF,2013-02-21,40.63600158691406,41.03799819946289,39.91999816894531,40.7859992980957,30.95220947265625,9966000
CF,2013-02-22,40.742000579833984,40.77999877929688,39.80400085449219,40.30400085449219,30.5864200592041,7476500
CF,2013-02-25,40.52199935913086,40.64799880981445,39.44400024414063,39.45199966430664,29.939844131469727,7406000
CF,2013-02-26,39.61000061035156,39.73799896240234,37.9640007019043,39.04600143432617,29.63172721862793,15498000
CF,2013-02-27,39.012001037597656,40.0260009765625,38.9119987487793,39.77399826049805,30.184200286865234,6256500
CF,2013-02-28,39.66999816894531,40.470001220703125,39.52799987792969,40.16600036621094,30.4816837310791,6466500
CF,2013-03-01,39.90999984741211,40.39599990844727,39.62200164794922,40.29999923706055,30.58337783813477,6805500
CF,2013-03-04,40.20000076293945,40.23600006103516,39.7140007019043,40.08399963378906,30.4194564819336,8081000
CF,2013-03-05,40.27799987792969,40.66999816894531,40.06600189208984,40.305999755859375,30.587928771972656,4758000
CF,2013-03-06,40.56999969482422,40.88199996948242,40.24800109863281,40.40399932861328,30.662303924560547,5719000
CF,2013-03-07,40.422000885009766,40.72200012207031,40.11000061035156,40.55199813842773,30.77461242675781,5078500
CF,2013-03-08,40.80199813842773,41.52000045776367,40.374000549316406,41.428001403808594,31.43940544128418,6631500
CF,2013-03-11,41.38800048828125,41.720001220703125,41.06999969482422,41.630001068115234,31.59272193908692,5606500
CF,2013-03-12,41.54199981689453,41.59600067138672,41.09999847412109,41.34400177001953,31.37566375732422,4883500
CF,2013-03-13,41.369998931884766,41.59400177001953,40.62799835205078,40.78200149536133,30.94917106628418,5518000
CF,2013-03-14,40.94200134277344,40.97200012207031,40.35599899291992,40.70199966430664,30.88845443725586,5442000
CF,2013-03-15,40.41999816894531,41.08399963378906,40.3380012512207,40.77799987792969,30.946138381958008,8223000
CF,2013-03-18,40.198001861572266,40.59600067138672,39.79999923706055,40.41400146484375,30.66990852355957,7721000
CF,2013-03-19,40.44200134277344,40.53400039672852,39.04999923706055,39.28200149536133,29.810821533203125,6925000
CF,2013-03-20,39.57600021362305,39.59999847412109,39.09199905395508,39.29999923706055,29.82449531555176,4876000
CF,2013-03-21,39.09999847412109,39.1879997253418,38.75,38.77199935913086,29.423789978027344,4104000
CF,2013-03-22,38.83000183105469,38.970001220703125,38.46200180053711,38.650001525878906,29.33121681213379,3787000
CF,2013-03-25,38.79600143432617,38.86600112915039,38.02199935913086,38.30199813842773,29.067110061645508,5644500
CF,2013-03-26,38.49599838256836,38.70000076293945,38.05799865722656,38.66600036621094,29.34335327148437,4869500
CF,2013-03-27,38.24800109863281,38.66400146484375,38.02399826049805,38.35200119018555,29.105058670043945,5202000
CF,2013-03-28,38.358001708984375,38.78799819946289,37.948001861572266,38.07400131225586,28.89408302307129,5176500
CF,2013-04-01,37.95800018310547,38.05799865722656,37.71200180053711,38.00400161743164,28.84096908569336,5311000
CF,2013-04-02,38.13999938964844,38.26800155639648,36.98799896240234,37.2239990234375,28.24902534484864,8886000
CF,2013-04-03,37.4119987487793,37.59199905395508,36.858001708984375,37.48400115966797,28.44633674621582,8097500
CF,2013-04-04,37.402000427246094,38.09600067138672,37.391998291015625,38.01399993896485,28.848552703857425,5128000
CF,2013-04-05,37.380001068115234,38.05799865722656,37.36800003051758,37.99399948120117,28.8333740234375,4175000
CF,2013-04-08,37.9640007019043,38.055999755859375,37.59999847412109,37.9379997253418,28.79087829589844,2060000
CF,2013-04-09,38.09600067138672,38.70000076293945,38.03400039672852,38.19599914550781,28.98666763305664,4078000
CF,2013-04-10,38.29999923706055,38.43399810791016,37.7400016784668,38.22800064086914,29.010950088500977,4794500
CF,2013-04-11,38.22800064086914,38.22800064086914,37.61000061035156,37.698001861572266,28.60873985290528,4363000
CF,2013-04-12,37.55799865722656,37.55799865722656,36.18399810791016,36.448001861572266,27.660133361816406,11530000
CF,2013-04-15,36.10599899291992,36.23400115966797,35.08000183105469,35.097999572753906,26.6356201171875,6342500
CF,2013-04-16,35.36199951171875,35.645999908447266,35.00600051879883,35.39799880981445,26.86328887939453,6024500
CF,2013-04-17,35.124000549316406,35.124000549316406,34.10599899291992,34.566001892089844,26.23189353942871,6846500
CF,2013-04-18,34.72200012207031,35.95199966430664,34.72200012207031,35.61199951171875,27.025697708129883,7600500
CF,2013-04-19,35.74399948120117,36.07400131225586,35.40399932861328,35.83000183105469,27.191133499145508,4802500
CF,2013-04-22,35.76599884033203,35.95600128173828,35.20600128173828,35.62799835205078,27.037826538085938,3885500
CF,2013-04-23,35.80799865722656,35.987998962402344,35.119998931884766,35.88399887084961,27.23210525512696,7082000
CF,2013-04-24,36.00400161743164,37.5,35.97600173950195,37.417999267578125,28.3962459564209,5579500
CF,2013-04-25,37.60599899291992,38.73400115966797,37.59999847412109,38.23799896240234,29.0185489654541,6469500
CF,2013-04-26,38.04800033569336,38.08399963378906,37.04399871826172,37.150001525878906,28.19286346435547,3629500
CF,2013-04-29,37.54999923706055,37.7599983215332,37.13800048828125,37.7599983215332,28.6557846069336,4331000
CF,2013-04-30,37.76599884033203,37.78400039672852,37.108001708984375,37.30199813842773,28.308210372924805,5158000
CF,2013-05-01,37.152000427246094,37.152000427246094,36.53799819946289,36.6879997253418,27.842262268066406,4084000
CF,2013-05-02,36.84799957275391,36.99800109863281,36.28400039672852,36.79199981689453,27.92119026184082,3530000
CF,2013-05-03,37.13800048828125,37.27799987792969,36.678001403808594,36.79999923706055,27.927249908447266,5067500
CF,2013-05-06,36.90599822998047,37.30400085449219,36.72600173950195,37.2239990234375,28.24902534484864,3018000
CF,2013-05-07,37.24599838256836,37.79999923706055,37.124000549316406,37.4379997253418,28.41142845153809,6189000
CF,2013-05-08,37.22200012207031,38.26399993896485,37.0,38.141998291015625,28.945688247680664,6325000
CF,2013-05-09,38.2239990234375,39.47600173950195,38.20000076293945,38.99800109863281,29.59529685974121,6552000
CF,2013-05-10,39.290000915527344,39.34199905395508,38.02799987792969,38.99399948120117,29.592266082763672,5105500
CF,2013-05-13,38.73199844360352,38.87200164794922,38.130001068115234,38.33399963378906,29.091386795043945,4076000
CF,2013-05-14,38.31600189208984,38.59999847412109,38.060001373291016,38.56399917602539,29.26593971252441,3272000
CF,2013-05-15,38.178001403808594,38.571998596191406,37.7599983215332,38.02399826049805,28.91612243652344,5987500
CF,2013-05-16,38.08000183105469,38.68199920654297,37.7239990234375,38.150001525878906,29.011947631835938,3486500
CF,2013-05-17,38.24399948120117,38.38600158691406,37.81800079345703,38.104000091552734,28.976964950561523,4896000
CF,2013-05-20,37.93000030517578,38.34999847412109,37.68199920654297,38.29600143432617,29.12297248840332,3076500
CF,2013-05-21,38.220001220703125,38.821998596191406,37.68600082397461,37.70600128173828,28.674301147460938,4552000
CF,2013-05-22,37.7140007019043,38.5359992980957,37.470001220703125,37.78400039672852,28.733619689941406,5118500
CF,2013-05-23,37.27799987792969,38.02199935913086,37.055999755859375,37.7760009765625,28.72752952575684,3848000
CF,2013-05-24,37.52799987792969,37.52999877929688,36.970001220703125,37.34600067138672,28.40052032470703,2825000
CF,2013-05-28,37.88600158691406,38.124000549316406,37.608001708984375,37.7760009765625,28.72752952575684,2905000
CF,2013-05-29,37.678001403808594,39.04800033569336,37.52000045776367,38.79999923706055,29.50624656677246,4744000
CF,2013-05-30,38.93199920654297,39.09000015258789,38.51599884033203,38.93600082397461,29.60967445373535,3846500
CF,2013-05-31,38.72999954223633,38.84999847412109,38.18399810791016,38.19200134277344,29.043888092041016,3332000
CF,2013-06-03,38.31800079345703,38.74599838256836,38.15599822998047,38.71200180053711,29.439319610595703,3644500
CF,2013-06-04,38.63199996948242,39.06800079345703,38.38199996948242,38.80400085449219,29.5092830657959,3979500
CF,2013-06-05,38.63199996948242,39.152000427246094,38.30400085449219,38.36199951171875,29.17317581176757,6121000
CF,2013-06-06,38.18000030517578,38.63600158691406,37.84000015258789,38.57600021362305,29.33589553833008,4133000
CF,2013-06-07,38.619998931884766,38.97999954223633,38.45399856567383,38.88399887084961,29.57013320922852,3222000
CF,2013-06-10,39.055999755859375,39.25,38.50600051879883,38.75600051879883,29.47278594970703,3093500
CF,2013-06-11,38.37200164794922,38.37200164794922,37.51800155639648,37.55199813842773,28.557178497314453,3718500
CF,2013-06-12,37.77799987792969,37.97800064086914,36.58599853515625,36.70000076293945,27.90925979614257,5485000
CF,2013-06-13,36.34400177001953,37.16600036621094,36.33599853515625,37.12799835205078,28.23474884033203,3792500
CF,2013-06-14,37.00199890136719,37.27399826049805,36.619998931884766,36.9119987487793,28.07048225402832,4663500
CF,2013-06-17,37.06999969482422,37.17599868774414,36.70000076293945,36.97600173950195,28.119150161743164,4412000
CF,2013-06-18,36.94400024414063,37.86000061035156,36.94400024414063,37.72600173950195,28.68951416015625,3956000
CF,2013-06-19,37.88999938964844,38.30400085449219,37.59199905395508,37.95399856567383,28.86289596557617,6050000
CF,2013-06-20,37.24599838256836,37.41600036621094,36.630001068115234,36.88399887084961,28.0491943359375,6656500
CF,2013-06-21,37.03200149536133,37.0880012512207,36.20000076293945,36.53400039672852,27.783021926879883,7893000
CF,2013-06-24,36.03799819946289,36.03799819946289,34.922000885009766,35.26599884033203,26.818744659423828,5787000
CF,2013-06-25,35.49800109863281,35.56999969482422,34.93600082397461,34.97200012207031,26.59517478942871,5597000
CF,2013-06-26,35.13999938964844,35.790000915527344,34.80400085449219,35.375999450683594,26.90239906311035,4409000
CF,2013-06-27,35.599998474121094,35.599998474121094,34.86000061035156,35.07600021362305,26.67426300048828,6226500
CF,2013-06-28,34.97800064086914,35.34199905395508,34.29999923706055,34.29999923706055,26.08413314819336,10343000
CF,2013-07-01,34.64400100708008,34.84400177001953,34.0359992980957,34.055999755859375,25.89857482910156,7855000
CF,2013-07-02,34.178001403808594,34.77000045776367,33.86600112915039,34.36800003051758,26.13584327697754,6442500
CF,2013-07-03,34.38399887084961,35.03200149536133,34.38399887084961,35.00400161743164,26.61951065063477,2809500
CF,2013-07-05,35.20399856567383,35.25199890136719,34.45000076293945,35.09000015258789,26.684904098510746,3990500
CF,2013-07-08,35.301998138427734,35.625999450683594,35.19599914550781,35.375999450683594,26.90239906311035,2895500
CF,2013-07-09,35.625999450683594,36.44599914550781,35.58399963378906,36.2400016784668,27.559446334838867,4941500
CF,2013-07-10,36.27000045776367,36.492000579833984,35.762001037597656,36.167999267578125,27.50468635559082,3528000
CF,2013-07-11,36.73199844360352,37.52000045776367,36.59999847412109,37.5099983215332,28.52524375915528,6049000
CF,2013-07-12,36.39400100708008,37.4900016784668,36.39400100708008,36.82799911499024,28.00660514831543,4202000
CF,2013-07-15,36.928001403808594,37.108001708984375,36.2239990234375,37.06600189208984,28.18759727478028,3810500
CF,2013-07-16,37.04199981689453,37.14799880981445,35.99800109863281,36.23400115966797,27.55488586425781,3642000
CF,2013-07-17,36.5099983215332,36.87200164794922,36.34199905395508,36.72200012207031,27.92599296569824,2566500
CF,2013-07-18,36.79199981689453,37.1619987487793,36.53799819946289,36.59199905395508,27.827133178710938,3670000
CF,2013-07-19,36.73199844360352,37.00600051879883,36.55199813842773,36.78400039672852,27.97313690185547,2891500
CF,2013-07-22,36.83399963378906,37.11600112915039,36.48600006103516,36.51399993896485,27.767810821533203,2768500
CF,2013-07-23,36.59999847412109,36.65599822998047,36.14799880981445,36.20000076293945,27.529022216796875,3417000
CF,2013-07-24,36.150001525878906,36.29600143432617,35.56399917602539,35.95199966430664,27.34043502807617,3422500
CF,2013-07-25,35.70000076293945,36.1879997253418,35.50400161743164,36.02399826049805,27.39518165588379,3609000
CF,2013-07-26,35.99800109863281,36.29600143432617,35.69599914550781,36.20000076293945,27.529022216796875,2422000
CF,2013-07-29,36.071998596191406,40.55400085449219,35.86199951171875,40.459999084472656,30.768627166748047,28285500
CF,2013-07-30,39.34400177001953,40.6879997253418,39.25,39.448001861572266,29.999032974243164,20524000
CF,2013-07-31,39.43999862670898,39.88199996948242,39.012001037597656,39.20199966430664,29.811962127685547,7076500
CF,2013-08-01,39.68399810791016,39.86000061035156,38.98199844360352,39.19599914550781,29.80739021301269,6348000
CF,2013-08-02,39.14799880981445,39.27000045776367,38.36399841308594,38.667999267578125,29.40586280822754,4752500
CF,2013-08-05,38.60200119018555,38.91400146484375,38.374000549316406,38.61800003051758,29.36783790588379,3618500
CF,2013-08-06,38.69599914550781,38.69599914550781,37.29999923706055,37.90800094604492,28.827917098999023,7566500
CF,2013-08-07,38.5,38.5260009765625,37.02199935913086,37.97600173950195,28.87962532043457,8002000
CF,2013-08-08,38.41999816894531,39.04399871826172,38.19599914550781,38.38199996948242,29.18838119506836,5621000
CF,2013-08-09,38.262001037597656,38.59600067138672,37.220001220703125,37.650001525878906,28.631710052490234,6451000
CF,2013-08-12,37.43199920654297,38.09400177001953,37.26599884033203,38.02399826049805,28.91612243652344,4830000
CF,2013-08-13,38.040000915527344,38.27000045776367,37.77999877929688,38.00600051879883,28.90242958068848,4782000
CF,2013-08-14,37.52199935913086,38.152000427246094,37.46599960327149,37.61000061035156,28.66162109375,3174000
CF,2013-08-15,37.23600006103516,38.2599983215332,37.13399887084961,38.09799957275391,29.033510208129883,5133000
CF,2013-08-16,37.96599960327149,38.08000183105469,37.32600021362305,37.56800079345703,28.62961196899414,4622500
CF,2013-08-19,37.56800079345703,37.7140007019043,37.29600143432617,37.29999923706055,28.42537307739257,4405000
CF,2013-08-20,37.43399810791016,37.85599899291992,37.1259994506836,37.57799911499024,28.63723564147949,3141000
CF,2013-08-21,37.57799911499024,38.43199920654297,37.54199981689453,38.20000076293945,29.111248016357425,4814000
CF,2013-08-22,38.402000427246094,38.948001861572266,38.33599853515625,38.78400039672852,29.55630111694336,2220500
CF,2013-08-23,38.83399963378906,38.91600036621094,38.60599899291992,38.86000061035156,29.61421203613281,2472500
CF,2013-08-26,39.14599990844727,40.15599822998047,39.14599990844727,39.41400146484375,30.036407470703125,3189000
CF,2013-08-27,38.88399887084961,39.24399948120117,38.66400146484375,38.68999862670898,29.484663009643555,2675500
CF,2013-08-28,38.512001037597656,38.68000030517578,37.65399932861328,37.97800064086914,28.94206619262696,4342000
CF,2013-08-29,37.92599868774414,38.1879997253418,37.7239990234375,37.86600112915039,28.85670661926269,2483500
CF,2013-08-30,37.9739990234375,38.33200073242188,37.84400177001953,38.06800079345703,29.010644912719727,3296500
CF,2013-09-03,38.492000579833984,38.891998291015625,38.24399948120117,38.32600021362305,29.2072696685791,3410000
CF,2013-09-04,38.19599914550781,38.650001525878906,37.88800048828125,38.44599914550781,29.298715591430664,1696500
CF,2013-09-05,38.48799896240234,38.79600143432617,38.119998931884766,38.50199890136719,29.341386795043945,2697500
CF,2013-09-06,38.64599990844727,39.25199890136719,38.5,38.8380012512207,29.59745979309082,3467500
CF,2013-09-09,39.060001373291016,39.624000549316406,38.880001068115234,39.1619987487793,29.8443546295166,4772500
CF,2013-09-10,39.24399948120117,39.97200012207031,39.08200073242188,39.53799819946289,30.130897521972656,3651500
CF,2013-09-11,39.95000076293945,39.9900016784668,39.060001373291016,39.641998291015625,30.21014976501465,3307000
CF,2013-09-12,39.54199981689453,39.75199890136719,38.53799819946289,38.8759994506836,29.626405715942383,4297000
CF,2013-09-13,38.32600021362305,39.29999923706055,38.32600021362305,38.76599884033203,29.54258346557617,3956500
CF,2013-09-16,39.400001525878906,40.63800048828125,38.86399841308594,40.13600158691406,30.586626052856445,6630500
CF,2013-09-17,40.09799957275391,40.36800003051758,39.67399978637695,40.152000427246094,30.59880828857422,5293500
CF,2013-09-18,40.15999984741211,41.48799896240234,39.9739990234375,41.400001525878906,31.54989624023437,5046500
CF,2013-09-19,41.51399993896485,41.81399917602539,41.02999877929688,41.2239990234375,31.41576385498047,5737500
CF,2013-09-20,41.902000427246094,42.13399887084961,41.33200073242188,41.63399887084961,31.72819709777832,7059000
CF,2013-09-23,41.630001068115234,41.928001403808594,41.34199905395508,41.57799911499024,31.685531616210938,3004500
CF,2013-09-24,41.66999816894531,42.04199981689453,41.35599899291992,41.59600067138672,31.69925880432129,5583500
CF,2013-09-25,42.34000015258789,43.29800033569336,42.01599884033203,42.80199813842773,32.61830139160156,7295500
CF,2013-09-26,42.93999862670898,42.94400024414063,42.32600021362305,42.470001220703125,32.36530303955078,2853500
CF,2013-09-27,42.18600082397461,42.672000885009766,42.0,42.09600067138672,32.08028793334961,2449000
CF,2013-09-30,41.762001037597656,42.75600051879883,41.36000061035156,42.16600036621094,32.13364028930664,3506500
CF,2013-10-01,42.0,42.70399856567383,41.82799911499024,42.19400024414063,32.154972076416016,3672000
CF,2013-10-02,41.74800109863281,42.77999877929688,41.72999954223633,42.77999877929688,32.6015510559082,4149000
CF,2013-10-03,42.507999420166016,42.79999923706055,42.11399841308594,42.36199951171875,32.28300094604492,2839000
CF,2013-10-04,42.400001525878906,43.34000015258789,42.257999420166016,43.2760009765625,32.97953414916992,5206500
CF,2013-10-07,42.89799880981445,43.4379997253418,42.81800079345703,42.9119987487793,32.7021484375,2662500
CF,2013-10-08,42.84000015258789,42.96599960327149,41.47999954223633,41.74399948120117,31.812042236328125,3736000
CF,2013-10-09,41.959999084472656,41.959999084472656,40.85599899291992,41.29199981689453,31.46758270263672,6500000
CF,2013-10-10,41.84799957275391,41.902000427246094,41.08200073242188,41.38399887084961,31.53768920898437,4694500
CF,2013-10-11,41.31399917602539,41.35200119018555,40.608001708984375,40.90999984741211,31.176469802856445,3385000
CF,2013-10-14,40.9379997253418,41.33200073242188,40.86000061035156,41.21599960327149,31.40966796875,2190500
CF,2013-10-15,41.11800003051758,41.79999923706055,40.757999420166016,41.03200149536133,31.26944160461425,1890500
CF,2013-10-16,41.29199981689453,42.24800109863281,41.060001373291016,41.78799819946289,31.845569610595703,3006000
CF,2013-10-17,41.82600021362305,42.17599868774414,41.69200134277344,41.90800094604492,31.937026977539062,3030500
CF,2013-10-18,42.63199996948242,43.28799819946289,41.70800018310547,43.03200149536133,32.793582916259766,9431000
CF,2013-10-21,43.124000549316406,43.53200149536133,42.7400016784668,43.19400024414063,32.91704177856445,5483500
CF,2013-10-22,43.20000076293945,43.34600067138672,42.65399932861328,43.16400146484375,32.89418411254883,4677000
CF,2013-10-23,42.95199966430664,43.03200149536133,42.22600173950195,42.5099983215332,32.395782470703125,2525000
CF,2013-10-24,42.34400177001953,42.34400177001953,41.34999847412109,42.0260009765625,32.026947021484375,3848000
CF,2013-10-25,42.03200149536133,42.11800003051758,41.46599960327149,41.92399978637695,31.94920921325684,2809500
CF,2013-10-28,43.400001525878906,44.1259994506836,43.30799865722656,43.672000885009766,33.28131866455078,6206000
CF,2013-10-29,43.448001861572266,43.79600143432617,42.77199935913086,43.24399948120117,32.95515060424805,3326000
CF,2013-10-30,43.42599868774414,43.68000030517578,42.9379997253418,43.27399826049805,32.97801208496094,2119000
CF,2013-10-31,43.20600128173828,43.4900016784668,42.8120002746582,43.119998931884766,32.86066055297852,2516000
CF,2013-11-01,43.0,43.21799850463867,42.65999984741211,42.98799896240234,32.76005935668945,2904000
CF,2013-11-04,43.209999084472656,43.69400024414063,43.04199981689453,43.5260009765625,33.1700553894043,3363500
CF,2013-11-05,42.41400146484375,42.641998291015625,41.45600128173828,41.900001525878906,31.930923461914062,9374500
CF,2013-11-06,41.84199905395508,42.45399856567383,41.84199905395508,42.32799911499024,32.2570915222168,4788000
CF,2013-11-07,42.21799850463867,42.75,42.11199951171875,42.152000427246094,32.12296676635742,5122500
CF,2013-11-08,42.2239990234375,43.94599914550781,42.02000045776367,43.87200164794922,33.433719635009766,7010500
CF,2013-11-11,43.97200012207031,44.29600143432617,43.70000076293945,44.09999847412109,33.60749053955078,3212000
CF,2013-11-12,43.86199951171875,44.09000015258789,43.32600021362305,43.65599822998047,33.26913070678711,4474500
CF,2013-11-13,43.22999954223633,43.91600036621094,43.20000076293945,43.47999954223633,33.28749084472656,3479000
CF,2013-11-14,43.7599983215332,44.0,43.35599899291992,43.742000579833984,33.488075256347656,2553500
CF,2013-11-15,43.70399856567383,44.07600021362305,43.58000183105469,43.77999877929688,33.517173767089844,4391500
CF,2013-11-18,43.8120002746582,44.04999923706055,43.20000076293945,43.262001037597656,33.12059020996094,3079500
CF,2013-11-19,43.16600036621094,43.38199996948242,42.81800079345703,42.89599990844727,32.84039688110352,3332000
CF,2013-11-20,42.96200180053711,43.14799880981445,42.73400115966797,42.891998291015625,32.83732986450195,2129500
CF,2013-11-21,43.09199905395508,43.19599914550781,42.72800064086914,42.92399978637695,32.861839294433594,1925000
CF,2013-11-22,43.02799987792969,43.08599853515625,42.67599868774414,43.03799819946289,32.94910430908203,2483500
CF,2013-11-25,42.99599838256836,43.09000015258789,42.66600036621094,42.72800064086914,32.71177291870117,4129000
CF,2013-11-26,42.874000549316406,43.16400146484375,42.54399871826172,42.86800003051758,32.8189582824707,2134500
CF,2013-11-27,42.93399810791016,43.53400039672852,42.917999267578125,43.29999923706055,33.14969253540039,2169000
CF,2013-11-29,43.3759994506836,43.98199844360352,43.17599868774414,43.47600173950195,33.28444290161133,905000
CF,2013-12-02,43.571998596191406,43.959999084472656,43.37799835205078,43.402000427246094,33.2277946472168,2542000
CF,2013-12-03,43.38999938964844,43.5,42.7400016784668,42.8380012512207,32.795989990234375,2671500
CF,2013-12-04,45.41999816894531,47.48600006103516,45.0,47.41400146484375,36.29929733276367,21233000
CF,2013-12-05,47.65800094604492,47.880001068115234,46.96200180053711,47.124000549316406,36.07728958129883,9026500
CF,2013-12-06,47.58200073242188,47.63800048828125,46.55400085449219,46.61800003051758,35.68989562988281,3563500
CF,2013-12-09,46.61800003051758,46.821998596191406,46.150001525878906,46.31800079345703,35.4602165222168,3618000
CF,2013-12-10,46.31800079345703,46.73600006103516,45.83200073242188,45.95399856567383,35.18153762817383,3364000
CF,2013-12-11,46.0,46.0,45.48600006103516,45.619998931884766,34.92584991455078,2510500
CF,2013-12-12,45.5,45.7239990234375,45.08399963378906,45.13399887084961,34.55377578735352,3031500
CF,2013-12-13,45.29800033569336,45.61199951171875,45.03799819946289,45.11000061035156,34.535400390625,2676500
CF,2013-12-16,45.38199996948242,45.5359992980957,44.50199890136719,45.32600021362305,34.70076370239258,4086500
CF,2013-12-17,45.12799835205078,46.08200073242188,45.09999847412109,45.93000030517578,35.16318130493164,4771500
CF,2013-12-18,45.805999755859375,46.040000915527344,44.65599822998047,45.64799880981445,34.9472770690918,3936000
CF,2013-12-19,45.23199844360352,45.948001861572266,45.23199844360352,45.604000091552734,34.9135856628418,2485000
CF,2013-12-20,45.2760009765625,45.68999862670898,45.2760009765625,45.59999847412109,34.91053771972656,4103000
CF,2013-12-23,45.95000076293945,46.54800033569336,45.61800003051758,46.2239990234375,35.38825225830078,2569000
CF,2013-12-24,46.16600036621094,46.72200012207031,46.16600036621094,46.32400131225586,35.46481704711914,954500
CF,2013-12-26,46.47800064086914,46.900001525878906,46.39599990844727,46.52999877929688,35.622528076171875,1269000
CF,2013-12-27,46.52999877929688,46.61600112915039,45.88999938964844,46.22600173950195,35.38978958129883,1941000
CF,2013-12-30,46.32799911499024,46.5359992980957,45.64400100708008,46.36399841308594,35.49543380737305,2246000
CF,2013-12-31,46.36000061035156,46.7400016784668,46.28400039672852,46.608001708984375,35.6822395324707,2059000
CF,2014-01-02,46.60599899291992,47.36000061035156,46.45800018310547,46.73799896240234,35.78176498413086,3460000
CF,2014-01-03,46.88199996948242,46.97999954223633,46.23799896240234,46.41600036621094,35.535255432128906,2272500
CF,2014-01-06,46.63199996948242,46.74399948120117,45.70399856567383,45.79800033569336,35.06212615966797,4105000
CF,2014-01-07,45.79999923706055,46.150001525878906,45.119998931884766,46.09199905395508,35.287200927734375,4197500
CF,2014-01-08,45.82600021362305,47.060001373291016,45.757999420166016,46.71200180053711,35.76185607910156,6478500
CF,2014-01-09,46.650001525878906,48.33200073242188,46.59999847412109,47.99800109863281,36.74640274047852,7422000
CF,2014-01-10,48.14599990844727,49.38999938964844,48.01800155639648,49.23199844360352,37.69113159179688,5428500
CF,2014-01-13,49.040000915527344,49.555999755859375,48.698001861572266,48.928001403808594,37.45839309692383,5027500
CF,2014-01-14,48.790000915527344,49.810001373291016,48.709999084472656,49.13199996948242,37.61456298828125,5386500
CF,2014-01-15,49.305999755859375,49.7400016784668,49.2400016784668,49.68600082397461,38.03870391845703,3444500
CF,2014-01-16,49.41999816894531,49.81999969482422,49.2400016784668,49.68999862670898,38.04176712036133,2134500
CF,2014-01-17,49.76800155639648,49.76800155639648,48.99399948120117,49.1619987487793,37.63753128051758,2040500
CF,2014-01-21,49.43999862670898,49.810001373291016,49.20199966430664,49.30199813842773,37.74470901489258,2913500
CF,2014-01-22,49.305999755859375,49.459999084472656,48.31800079345703,48.48799896240234,37.12153244018555,3268000
CF,2014-01-23,48.391998291015625,48.95399856567383,47.59999847412109,47.93199920654297,36.69587326049805,4231000
CF,2014-01-24,47.77199935913086,47.77199935913086,46.52799987792969,46.5359992980957,35.62711715698242,3944000
CF,2014-01-27,46.61000061035156,46.83399963378906,46.040000915527344,46.358001708984375,35.4908447265625,3984000
CF,2014-01-28,46.380001068115234,47.23600006103516,46.17399978637695,46.98199844360352,35.96855926513672,4228000
CF,2014-01-29,46.40800094604492,46.95000076293945,45.891998291015625,45.91400146484375,35.15093231201172,4803000
CF,2014-01-30,46.02000045776367,47.18000030517578,45.50199890136719,46.51599884033203,35.6118049621582,4244000
CF,2014-01-31,46.0260009765625,46.667999267578125,46.007999420166016,46.172000885009766,35.34844207763672,3682500
CF,2014-02-03,46.26800155639648,46.56800079345703,45.15800094604492,45.22600173950195,34.624210357666016,4644500
CF,2014-02-04,45.22600173950195,45.9379997253418,44.61600112915039,44.98400115966797,34.43893051147461,4521000
CF,2014-02-05,44.68600082397461,45.69200134277344,44.02399826049805,45.54999923706055,34.87224578857422,4413000
CF,2014-02-06,45.6259994506836,46.104000091552734,45.50199890136719,45.98600006103516,35.2060546875,2893500
CF,2014-02-07,46.02000045776367,46.8759994506836,45.959999084472656,46.8120002746582,35.83842849731445,3340000
CF,2014-02-10,46.77399826049805,47.53400039672852,46.52199935913086,46.57799911499024,35.65926742553711,4617000
CF,2014-02-11,46.7859992980957,47.0260009765625,46.141998291015625,46.21200180053711,35.37907028198242,5338000
CF,2014-02-12,45.88800048828125,46.0,45.29800033569336,45.73600006103516,35.16684341430664,9237500
CF,2014-02-13,45.57799911499024,46.4379997253418,45.43999862670898,46.24599838256836,35.55898666381836,8174500
CF,2014-02-14,46.29999923706055,46.6879997253418,46.01599884033203,46.33000183105469,35.62358856201172,7555000
CF,2014-02-18,46.20000076293945,46.374000549316406,44.4640007019043,45.23799896240234,34.783931732177734,11800000
CF,2014-02-19,47.34999847412109,49.91999816894531,47.27799987792969,47.52399826049805,36.54166793823242,14528000
CF,2014-02-20,47.70000076293945,48.354000091552734,47.6879997253418,48.172000885009766,37.0399169921875,4620500
CF,2014-02-21,48.2400016784668,48.8759994506836,47.9119987487793,48.59400177001953,37.36439895629883,5020000
CF,2014-02-24,48.44400024414063,49.20399856567383,48.44400024414063,48.55799865722656,37.336708068847656,6802000
CF,2014-02-25,48.56999969482422,49.04999923706055,48.54999923706055,48.58599853515625,37.358245849609375,3799000
CF,2014-02-26,48.73600006103516,49.16600036621094,48.52999877929688,48.85599899291992,37.56585311889648,3136500
CF,2014-02-27,48.61399841308594,49.93000030517578,48.56999969482422,49.810001373291016,38.29938888549805,4751500
CF,2014-02-28,50.0,50.2599983215332,49.82400131225586,50.18000030517578,38.58388900756836,4825500
CF,2014-03-03,50.60200119018555,51.39799880981445,50.507999420166016,51.17399978637695,39.34817886352539,6819000
CF,2014-03-04,51.50400161743164,51.810001373291016,50.72200012207031,51.40399932861328,39.525028228759766,6935000
CF,2014-03-05,51.41999816894531,52.90599822998047,50.95800018310547,52.555999755859375,40.41081619262695,5446000
CF,2014-03-06,52.40800094604492,53.16999816894531,52.22200012207031,52.82600021362305,40.61842727661133,4220500
CF,2014-03-07,52.922000885009766,53.55199813842773,51.97600173950195,52.21799850463867,40.15092849731445,6431000
CF,2014-03-10,52.18000030517578,53.13199996948242,51.52799987792969,52.89599990844727,40.672245025634766,4458500
CF,2014-03-11,52.84600067138672,52.84600067138672,51.492000579833984,51.50400161743164,39.60191345214844,5753000
CF,2014-03-12,51.0,51.400001525878906,50.36199951171875,51.14799880981445,39.32818603515625,6832500
CF,2014-03-13,51.29999923706055,51.48600006103516,50.0880012512207,50.305999755859375,38.6807746887207,5756500
CF,2014-03-14,50.20000076293945,50.54800033569336,49.992000579833984,50.4640007019043,38.80225372314453,5250500
CF,2014-03-17,50.63600158691406,51.11800003051758,50.10599899291992,50.18000030517578,38.58388900756836,3351500
CF,2014-03-18,50.20000076293945,50.9900016784668,50.18199920654297,50.93199920654297,39.16210174560547,3366500
CF,2014-03-19,50.89599990844727,51.26399993896485,50.20399856567383,50.459999084472656,38.79916763305664,2403000
CF,2014-03-20,50.33000183105469,50.678001403808594,49.98400115966797,50.290000915527344,38.66846466064453,3137000
CF,2014-03-21,50.74399948120117,51.25199890136719,50.50199890136719,50.79999923706055,39.06060791015625,6171500
CF,2014-03-24,51.007999420166016,51.321998596191406,50.16999816894531,50.54399871826172,38.86377334594727,4399500
CF,2014-03-25,50.75,51.38199996948242,50.60200119018555,50.94400024414063,39.17132186889648,2831000
CF,2014-03-26,51.3759994506836,51.4739990234375,50.30400085449219,50.31999969482422,38.691532135009766,2648500
CF,2014-03-27,50.25400161743164,51.0099983215332,50.06600189208984,50.94200134277344,39.1697883605957,3607000
CF,2014-03-28,50.77199935913086,51.79399871826172,50.77199935913086,51.55799865722656,39.64344024658203,3178000
CF,2014-03-31,51.61600112915039,52.2599983215332,50.70800018310547,52.12799835205078,40.08171081542969,5067500
CF,2014-04-01,52.31999969482422,53.38800048828125,51.75400161743164,53.2760009765625,40.96443557739258,5828500
CF,2014-04-02,52.61800003051758,53.38199996948242,52.27799987792969,53.0880012512207,40.81988143920898,4946500
CF,2014-04-03,52.42399978637695,52.79800033569336,51.78200149536133,51.9640007019043,39.95561981201172,4240000
CF,2014-04-04,52.20000076293945,52.36800003051758,50.92399978637695,51.124000549316406,39.30973434448242,4025500
CF,2014-04-07,51.1879997253418,51.47800064086914,50.12200164794922,50.369998931884766,38.729976654052734,3089500
CF,2014-04-08,50.47600173950195,51.11399841308594,50.321998596191406,50.88600158691406,39.126731872558594,3372500
CF,2014-04-09,50.88600158691406,51.53200149536133,50.77199935913086,51.08200073242188,39.277435302734375,3270000
CF,2014-04-10,50.49800109863281,50.79999923706055,49.00199890136719,49.152000427246094,37.7934455871582,5645500
CF,2014-04-11,48.82600021362305,48.90599822998047,47.47600173950195,47.54399871826172,36.55703353881836,7857000
CF,2014-04-14,46.8120002746582,48.23799896240234,46.47999954223633,48.198001861572266,37.05991744995117,4398500
CF,2014-04-15,48.2400016784668,48.69400024414063,47.7400016784668,48.172000885009766,37.0399169921875,3759000
CF,2014-04-16,48.58599853515625,49.58399963378906,48.417999267578125,49.54399871826172,38.09486770629883,3509500
CF,2014-04-17,49.36000061035156,49.42399978637695,48.46200180053711,48.46799850463867,37.26751327514648,3128500
CF,2014-04-21,48.61800003051758,48.61800003051758,48.071998596191406,48.24399948120117,37.09528350830078,2634500
CF,2014-04-22,48.18399810791016,48.4900016784668,47.06399917602539,48.38600158691406,37.2044677734375,4145500
CF,2014-04-23,48.54199981689453,48.96799850463867,48.36199951171875,48.63800048828125,37.39822769165039,2712000
CF,2014-04-24,48.8120002746582,48.8120002746582,48.0,48.05799865722656,36.95225524902344,2679000
CF,2014-04-25,47.95800018310547,48.36600112915039,47.66600036621094,48.13800048828125,37.01375961303711,3173000
CF,2014-04-28,48.25400161743164,48.72800064086914,48.0,48.400001525878906,37.21523284912109,2120500
CF,2014-04-29,48.70600128173828,49.10599899291992,48.27199935913086,48.88999938964844,37.59199523925781,2828000
CF,2014-04-30,48.869998931884766,49.2400016784668,48.57600021362305,49.03400039672852,37.70272064208984,2026000
CF,2014-05-01,48.948001861572266,49.06399917602539,48.34799957275391,48.400001525878906,37.21523284912109,2867500
CF,2014-05-02,48.448001861572266,48.900001525878906,48.310001373291016,48.67399978637695,37.42591094970703,1950000
CF,2014-05-05,48.49399948120117,49.012001037597656,48.43999862670898,48.90399932861328,37.60275650024414,1468500
CF,2014-05-06,48.72600173950195,49.03200149536133,48.14799880981445,48.70399856567383,37.448974609375,2264000
CF,2014-05-07,48.810001373291016,49.06800079345703,48.27999877929688,48.97200012207031,37.65504837036133,2594500
CF,2014-05-08,48.2400016784668,49.64599990844727,46.79999923706055,48.27399826049805,37.11834335327149,7675500
CF,2014-05-09,48.10200119018555,48.31399917602539,46.869998931884766,47.13199996948242,36.2402458190918,5447500
CF,2014-05-12,47.448001861572266,48.7760009765625,47.20199966430664,48.33599853515625,37.16601943969727,5475500
CF,2014-05-13,48.81800079345703,50.0,48.46200180053711,49.79199981689453,38.28554534912109,5239000
CF,2014-05-14,49.70000076293945,50.11000061035156,49.53400039672852,49.59999847412109,38.29171752929688,3882500
CF,2014-05-15,49.290000915527344,49.40599822998047,47.5880012512207,47.84000015258789,36.9329833984375,5513500
CF,2014-05-16,47.70800018310547,48.29999923706055,47.32799911499024,48.14799880981445,37.17077255249024,8121500
CF,2014-05-19,48.178001403808594,49.54600143432617,47.8759994506836,49.25,38.02151107788086,4061500
CF,2014-05-20,49.22800064086914,49.93000030517578,49.18399810791016,49.35599899291992,38.10335540771485,3406000
CF,2014-05-21,49.43999862670898,49.880001068115234,48.97200012207031,49.09999847412109,37.90571975708008,3942000
CF,2014-05-22,49.08399963378906,49.40999984741211,48.61199951171875,48.922000885009766,37.7682991027832,3803000
CF,2014-05-23,48.96200180053711,49.35200119018555,48.66400146484375,49.33200073242188,38.08482360839844,2806500
CF,2014-05-27,49.354000091552734,49.81399917602539,49.16600036621094,49.46799850463867,38.18981552124024,2874000
CF,2014-05-28,49.38399887084961,49.71799850463867,48.354000091552734,48.374000549316406,37.34524154663086,3987500
CF,2014-05-29,48.4640007019043,48.91400146484375,47.99599838256836,48.46799850463867,37.41782379150391,3622000
CF,2014-05-30,48.2239990234375,48.82799911499024,48.172000885009766,48.6619987487793,37.56756591796875,4403000
CF,2014-06-02,48.66400146484375,49.32799911499024,48.66400146484375,48.900001525878906,37.75130844116211,3580000
CF,2014-06-03,48.87799835205078,49.45000076293945,48.76599884033203,48.88800048828125,37.74205017089844,3298500
CF,2014-06-04,48.869998931884766,49.18000030517578,48.61000061035156,48.98600006103516,37.81771469116211,4229000
CF,2014-06-05,49.25,49.47800064086914,48.59999847412109,48.97600173950195,37.80999374389648,2516000
CF,2014-06-06,49.2400016784668,49.369998931884766,48.900001525878906,49.09799957275391,37.90418243408203,2434500
CF,2014-06-09,49.060001373291016,49.39799880981445,48.52799987792969,48.75199890136719,37.637054443359375,2819000
CF,2014-06-10,48.65599822998047,48.65599822998047,48.09799957275391,48.57600021362305,37.50117111206055,2596500
CF,2014-06-11,48.22999954223633,48.22999954223633,47.678001403808594,47.84999847412109,36.940704345703125,3085000
CF,2014-06-12,47.630001068115234,47.83399963378906,46.992000579833984,47.18600082397461,36.42809295654297,3154500
CF,2014-06-13,47.152000427246094,47.18199920654297,46.67599868774414,47.04800033569336,36.32155990600586,2969000
CF,2014-06-16,47.0359992980957,47.9379997253418,47.0,47.88399887084961,36.96695709228516,4368000
CF,2014-06-17,47.77199935913086,48.380001068115234,47.52999877929688,48.310001373291016,37.29582595825195,2268500
CF,2014-06-18,48.57799911499024,48.84400177001953,48.2400016784668,48.7760009765625,37.65558624267578,2682500
CF,2014-06-19,48.94599914550781,49.34000015258789,48.38800048828125,49.198001861572266,37.98136901855469,3479000
CF,2014-06-20,49.39799880981445,49.5260009765625,48.874000549316406,49.198001861572266,37.98136901855469,3683000
CF,2014-06-23,49.108001708984375,49.39799880981445,48.86000061035156,49.10599899291992,37.91035842895508,1648500
CF,2014-06-24,49.02799987792969,49.03200149536133,48.16999816894531,48.20600128173828,37.21554183959961,2562000
CF,2014-06-25,47.96799850463867,48.62200164794922,47.93199920654297,48.34600067138672,37.32361602783203,2270000
CF,2014-06-26,48.52000045776367,48.52000045776367,47.78200149536133,48.29600143432617,37.2850341796875,2136000
CF,2014-06-27,48.00199890136719,48.141998291015625,47.69599914550781,48.05400085449219,37.09819793701172,3029500
CF,2014-06-30,48.13600158691406,48.63999938964844,47.91600036621094,48.10599899291992,37.13834762573242,4273500
CF,2014-07-01,48.45600128173828,48.91400146484375,48.22600173950195,48.81800079345703,37.6879997253418,2922500
CF,2014-07-02,48.77199935913086,49.09799957275391,48.42399978637695,48.93000030517578,37.77447509765625,2516500
CF,2014-07-03,48.94400024414063,49.13999938964844,48.71200180053711,49.08399963378906,37.89336013793945,1533000
CF,2014-07-07,48.98799896240234,49.11800003051758,48.37200164794922,48.43999862670898,37.39618682861328,2680500
CF,2014-07-08,48.36000061035156,49.0260009765625,47.9640007019043,49.0,37.82851791381836,3787000
CF,2014-07-09,48.98600006103516,48.98600006103516,48.5359992980957,48.62799835205078,37.54132461547852,2170000
CF,2014-07-10,48.06600189208984,48.29600143432617,47.77199935913086,48.09199905395508,37.12752914428711,2349000
CF,2014-07-11,47.97200012207031,48.14599990844727,47.709999084472656,47.95600128173828,37.02252960205078,1730500
CF,2014-07-14,48.10599899291992,48.220001220703125,47.83200073242188,48.2140007019043,37.22170639038086,2826500
CF,2014-07-15,48.31800079345703,48.76800155639648,48.2400016784668,48.61000061035156,37.52742767333984,2214000
CF,2014-07-16,48.76399993896485,49.07799911499024,48.76399993896485,49.06600189208984,37.87947082519531,2252000
CF,2014-07-17,48.79800033569336,51.055999755859375,48.75,50.16999816894531,38.73177337646485,7626000
CF,2014-07-18,50.25,50.59999847412109,49.93199920654297,50.507999420166016,38.992706298828125,4470500
CF,2014-07-21,50.257999420166016,50.59799957275391,50.02799987792969,50.45000076293945,38.94792938232422,2247000
CF,2014-07-22,50.64400100708008,51.0620002746582,50.51399993896485,50.76599884033203,39.191890716552734,2531000
CF,2014-07-23,50.810001373291016,50.84799957275391,50.33599853515625,50.4379997253418,38.938663482666016,2258000
CF,2014-07-24,50.91400146484375,51.45800018310547,50.720001220703125,50.9119987487793,39.30458831787109,4598000
CF,2014-07-25,50.68999862670898,50.86600112915039,50.428001403808594,50.52199935913086,39.003509521484375,2133000
CF,2014-07-28,50.3380012512207,51.01599884033203,50.33000183105469,50.99800109863281,39.37098693847656,2445000
CF,2014-07-29,50.99599838256836,51.27199935913086,50.810001373291016,51.00600051879883,39.37717056274414,2035500
CF,2014-07-30,51.12200164794922,51.33599853515625,50.79800033569336,50.92399978637695,39.31386947631836,2176500
CF,2014-07-31,50.50400161743164,50.880001068115234,49.98199844360352,50.06800079345703,38.653018951416016,3498500
CF,2014-08-01,49.39799880981445,50.59199905395508,49.39799880981445,50.51800155639648,39.00044250488281,2940500
CF,2014-08-04,50.652000427246094,50.69400024414063,50.07400131225586,50.48600006103516,38.97573471069336,3333000
CF,2014-08-05,50.07600021362305,50.83399963378906,49.86800003051758,49.93399810791016,38.54957580566406,4289500
CF,2014-08-06,49.57400131225586,50.7400016784668,49.459999084472656,50.61399841308594,39.07453536987305,4784000
CF,2014-08-07,50.84000015258789,50.84199905395508,48.13399887084961,48.762001037597656,37.644775390625,10106000
CF,2014-08-08,48.72200012207031,49.39400100708008,48.51399993896485,49.374000549316406,38.11724090576172,3829500
CF,2014-08-11,49.59000015258789,49.68999862670898,49.13600158691406,49.38999938964844,38.12960052490234,2821500
CF,2014-08-12,49.38999938964844,49.89400100708008,49.31399917602539,49.5620002746582,38.26238250732422,2206500
CF,2014-08-13,49.63600158691406,49.69400024414063,49.05199813842773,49.2400016784668,38.0137939453125,2857500
CF,2014-08-14,49.2140007019043,49.69599914550781,49.03200149536133,49.48600006103516,38.43789291381836,2964500
CF,2014-08-15,49.604000091552734,50.59199905395508,49.5620002746582,50.48199844360352,39.2115364074707,4703000
CF,2014-08-18,50.83000183105469,51.47600173950195,50.6879997253418,51.38800048828125,39.91525650024414,3237500
CF,2014-08-19,51.650001525878906,52.220001220703125,51.21599960327149,51.3120002746582,39.856239318847656,4015000
CF,2014-08-20,51.29600143432617,51.52199935913086,50.86000061035156,51.492000579833984,39.99604797363281,1801000
CF,2014-08-21,51.73199844360352,52.05199813842773,51.22999954223633,51.7400016784668,40.18867874145508,2769500
CF,2014-08-22,51.672000885009766,51.97800064086914,51.198001861572266,51.23400115966797,39.79565048217773,1711000
CF,2014-08-25,51.321998596191406,51.67599868774414,51.20199966430664,51.58399963378906,40.06751251220703,1558000
CF,2014-08-26,51.7140007019043,51.8380012512207,51.39799880981445,51.76399993896485,40.207313537597656,1640000
CF,2014-08-27,51.90800094604492,52.14599990844727,51.77999877929688,51.93600082397461,40.34092330932617,2296500
CF,2014-08-28,51.65800094604492,52.11800003051758,51.34799957275391,52.04999923706055,40.42946243286133,2332000
CF,2014-08-29,52.03799819946289,52.198001861572266,51.2859992980957,51.53400039672852,40.02867126464844,2275000
CF,2014-09-02,51.79600143432617,51.810001373291016,51.104000091552734,51.30400085449219,39.85001754760742,2837500
CF,2014-09-03,51.71200180053711,51.77799987792969,51.10200119018555,51.141998291015625,39.72418212890625,2051500
CF,2014-09-04,51.310001373291016,51.310001373291016,50.61199951171875,50.89400100708008,39.53155517578125,2156000
CF,2014-09-05,50.757999420166016,50.83200073242188,50.37200164794922,50.77799987792969,39.44145202636719,3739000
CF,2014-09-08,50.6879997253418,50.77000045776367,50.39799880981445,50.61600112915039,39.31562423706055,1836500
CF,2014-09-09,50.84000015258789,50.86800003051758,50.06600189208984,50.19400024414063,38.98783493041992,3383000
CF,2014-09-10,50.23199844360352,50.34799957275391,49.641998291015625,50.29999923706055,39.07017517089844,3606500
CF,2014-09-11,49.91400146484375,50.46799850463867,49.7239990234375,50.15399932861328,38.95674896240234,1855500
CF,2014-09-12,50.10200119018555,50.358001708984375,49.84199905395508,50.12799835205078,38.93656539916992,2155500
CF,2014-09-15,50.09999847412109,50.48799896240234,50.012001037597656,50.40800094604492,39.154052734375,2948000
CF,2014-09-16,50.29999923706055,51.09999847412109,50.24800109863281,50.891998291015625,39.530006408691406,2523500
CF,2014-09-17,50.9640007019043,51.59400177001953,50.900001525878906,51.262001037597656,39.81740188598633,3059500
CF,2014-09-18,51.54600143432617,52.04999923706055,51.34000015258789,51.94200134277344,40.3455810546875,2781000
CF,2014-09-19,52.20399856567383,52.50199890136719,51.67599868774414,51.67599868774414,40.13896179199219,5362000
CF,2014-09-22,51.64400100708008,51.75400161743164,50.95199966430664,51.15599822998047,39.73506546020508,3632500
CF,2014-09-23,53.45000076293945,55.02799987792969,52.06600189208984,53.874000549316406,41.84625244140625,17822000
CF,2014-09-24,53.571998596191406,54.959999084472656,53.23600006103516,54.46599960327149,42.30608367919922,6451000
CF,2014-09-25,54.39599990844727,54.709999084472656,53.86399841308594,54.209999084472656,42.10723114013672,3924000
CF,2014-09-26,54.150001525878906,56.01599884033203,53.97200012207031,55.571998596191406,43.16515350341797,4967500
CF,2014-09-29,55.150001525878906,56.06800079345703,54.79999923706055,55.7239990234375,43.2832260131836,6573000
CF,2014-09-30,55.64599990844727,55.9640007019043,55.20000076293945,55.84400177001953,43.376426696777344,5656000
CF,2014-10-01,55.83200073242188,56.38999938964844,53.84799957275391,53.84999847412109,41.82760620117188,6556500
CF,2014-10-02,53.47200012207031,55.27799987792969,52.76399993896485,55.19200134277344,42.8699951171875,5590500
CF,2014-10-03,55.35599899291992,55.79999923706055,54.98199844360352,55.00400161743164,42.72396087646485,3864500
CF,2014-10-06,55.321998596191406,55.321998596191406,54.26599884033203,54.62200164794922,42.42724990844727,3098000
CF,2014-10-07,54.5,58.05799865722656,54.5,56.55199813842773,43.92637634277344,7929000
CF,2014-10-08,56.5359992980957,56.60599899291992,54.055999755859375,56.055999755859375,43.541107177734375,6463500
CF,2014-10-09,56.242000579833984,56.242000579833984,53.77799987792969,54.209999084472656,42.10723114013672,5076500
CF,2014-10-10,53.93600082397461,54.43999862670898,52.59799957275391,53.22200012207031,41.33980941772461,4742500
CF,2014-10-13,53.19400024414063,53.51399993896485,50.459999084472656,50.56399917602539,39.27523040771485,4321500
CF,2014-10-14,50.310001373291016,50.77399826049805,48.762001037597656,50.52799987792969,39.24726486206055,5607000
CF,2014-10-15,50.0,51.31600189208984,47.891998291015625,50.854000091552734,39.500484466552734,7247000
CF,2014-10-16,49.83399963378906,51.44599914550781,49.459999084472656,50.77000045776367,39.43523025512695,4664000
CF,2014-10-17,49.402000427246094,50.54399871826172,48.69599914550781,48.992000579833984,38.05420303344727,11429000
CF,2014-10-20,49.1259994506836,49.93999862670898,48.821998596191406,49.65999984741211,38.57304763793945,3726500
CF,2014-10-21,50.09600067138672,50.757999420166016,49.709999084472656,50.58200073242188,39.28921508789063,3710000
CF,2014-10-22,50.68999862670898,51.65999984741211,50.604000091552734,50.90599822998047,39.54087448120117,4627000
CF,2014-10-23,51.75199890136719,53.54199981689453,50.91400146484375,51.13999938964844,39.722618103027344,3069000
CF,2014-10-24,51.39400100708008,52.2760009765625,51.060001373291016,52.08200073242188,40.454322814941406,3128500
CF,2014-10-27,51.61199951171875,51.61199951171875,50.61800003051758,51.00400161743164,39.61700439453125,3724500
CF,2014-10-28,51.31999969482422,52.13199996948242,51.2599983215332,52.06800079345703,40.443458557128906,3067500
CF,2014-10-29,52.10200119018555,52.33000183105469,50.92399978637695,51.47800064086914,39.98517227172852,4776500
CF,2014-10-30,51.07799911499024,52.23400115966797,50.91600036621094,51.84799957275391,40.27256774902344,3105000
CF,2014-10-31,52.50400161743164,53.0359992980957,51.43999862670898,52.0,40.390625,4045500
CF,2014-11-03,52.25,52.34400177001953,51.00400161743164,51.220001220703125,39.78477478027344,3802500
CF,2014-11-04,51.0,51.354000091552734,50.290000915527344,50.49399948120117,39.22087097167969,4622000
CF,2014-11-05,50.742000579833984,51.53799819946289,50.39400100708008,50.72600173950195,39.40105819702149,5831000
CF,2014-11-06,48.507999420166016,51.23199844360352,48.20600128173828,50.30400085449219,39.07327651977539,6183000
CF,2014-11-07,50.507999420166016,51.09999847412109,49.93399810791016,50.18399810791016,38.98005676269531,3812500
CF,2014-11-10,50.39599990844727,51.24599838256836,49.61800003051758,50.880001068115234,39.52067184448242,5035000
CF,2014-11-11,50.880001068115234,53.757999420166016,50.880001068115234,53.36199951171875,41.44855880737305,6256000
CF,2014-11-12,53.040000915527344,53.53200149536133,52.6879997253418,53.2760009765625,41.615718841552734,3353000
CF,2014-11-13,53.141998291015625,53.7400016784668,53.124000549316406,53.42399978637695,41.7313232421875,2950500
CF,2014-11-14,53.39799880981445,53.790000915527344,52.77399826049805,53.22200012207031,41.57353591918945,3101500
CF,2014-11-17,53.16999816894531,54.38999938964844,53.15599822998047,54.00199890136719,42.18282318115234,2812500
CF,2014-11-18,54.11199951171875,54.672000885009766,53.57799911499024,53.9379997253418,42.13282012939453,3126500
CF,2014-11-19,55.06800079345703,55.72800064086914,54.01399993896485,54.40599822998047,42.4984016418457,3425500
CF,2014-11-20,54.4900016784668,54.959999084472656,54.07600021362305,54.61399841308594,42.66087341308594,2701000
CF,2014-11-21,55.56399917602539,56.055999755859375,55.012001037597656,55.67599868774414,43.49043655395508,4875500
CF,2014-11-24,55.63999938964844,55.76800155639648,55.08599853515625,55.42599868774414,43.29516220092773,3275000
CF,2014-11-25,55.27000045776367,55.61800003051758,54.512001037597656,54.512001037597656,42.581199645996094,4077000
CF,2014-11-26,54.43999862670898,54.65999984741211,53.29999923706055,54.32799911499024,42.43748092651367,2916000
CF,2014-11-28,53.96799850463867,54.28200149536133,53.41400146484375,53.630001068115234,41.89223861694336,2723500
CF,2014-12-01,53.54399871826172,54.198001861572266,52.93600082397461,53.422000885009766,41.72976303100586,3268500
CF,2014-12-02,53.33599853515625,54.18600082397461,53.00400161743164,53.64400100708008,41.90317916870117,2671500
CF,2014-12-03,53.63399887084961,54.79800033569336,53.51399993896485,53.99800109863281,42.17970275878906,3803500
CF,2014-12-04,53.79999923706055,54.36600112915039,53.42599868774414,53.992000579833984,42.17501068115234,2744500
CF,2014-12-05,54.22999954223633,54.39400100708008,53.50600051879883,53.66600036621094,41.92036056518555,2442500
CF,2014-12-08,53.24800109863281,53.40800094604492,52.34600067138672,52.790000915527344,41.236083984375,3365000
CF,2014-12-09,51.810001373291016,52.28799819946289,51.071998596191406,52.141998291015625,40.72990036010742,4742000
CF,2014-12-10,51.97600173950195,51.98400115966797,50.40399932861328,50.492000579833984,39.4410514831543,4438500
CF,2014-12-11,50.492000579833984,50.821998596191406,50.040000915527344,50.38399887084961,39.3566780090332,4560000
CF,2014-12-12,50.257999420166016,50.48799896240234,49.58000183105469,49.7599983215332,38.86924743652344,3168500
CF,2014-12-15,49.821998596191406,50.60200119018555,49.28400039672852,49.59799957275391,38.7426986694336,4260000
CF,2014-12-16,49.00199890136719,50.4119987487793,48.96200180053711,49.77399826049805,38.880184173583984,4818000
CF,2014-12-17,50.141998291015625,51.459999084472656,49.7859992980957,51.35200119018555,40.11281204223633,3574000
CF,2014-12-18,52.060001373291016,52.18999862670898,51.0359992980957,51.87200164794922,40.51900863647461,2969500
CF,2014-12-19,52.720001220703125,53.4900016784668,52.00400161743164,53.18999862670898,41.54854202270508,4308000
CF,2014-12-22,53.52199935913086,54.19400024414063,52.97800064086914,54.09400177001953,42.254695892333984,2779000
CF,2014-12-23,54.57600021362305,55.880001068115234,54.35599899291992,55.72999954223633,43.53261566162109,4757000
CF,2014-12-24,55.73400115966797,55.73400115966797,54.90399932861328,55.09799957275391,43.03894805908203,2348500
CF,2014-12-26,55.29800033569336,55.61199951171875,54.66400146484375,54.922000885009766,42.901466369628906,2241000
CF,2014-12-29,54.922000885009766,55.36600112915039,54.402000427246094,54.58000183105469,42.634315490722656,2523500
CF,2014-12-30,54.33599853515625,55.17599868774414,54.21799850463867,54.70399856567383,42.73117065429688,1816000
CF,2014-12-31,54.61199951171875,55.27000045776367,54.29999923706055,54.507999420166016,42.57807159423828,1975000
CF,2015-01-02,54.84600067138672,55.74399948120117,54.59799957275391,55.58000183105469,43.41546249389648,3689000
CF,2015-01-05,55.84000015258789,56.38800048828125,55.02999877929688,55.38999938964844,43.26703643798828,4224000
CF,2015-01-06,56.00400161743164,57.30400085449219,55.93000030517578,56.5359992980957,44.1622200012207,5571500
CF,2015-01-07,56.95399856567383,58.54399871826172,56.95399856567383,58.14799880981445,45.42140579223633,6901000
CF,2015-01-08,58.84000015258789,59.0260009765625,58.06399917602539,58.95600128173828,46.05256652832031,3931000
CF,2015-01-09,59.05400085449219,59.880001068115234,58.84999847412109,59.43600082397461,46.42750930786133,4201000
CF,2015-01-12,59.14799880981445,60.15999984741211,58.20199966430664,59.52399826049805,46.49624633789063,5121000
CF,2015-01-13,59.91400146484375,60.61800003051758,59.00199890136719,59.84799957275391,46.74934005737305,4941500
CF,2015-01-14,59.2140007019043,59.68199920654297,57.20000076293945,57.86800003051758,45.20270156860352,5592000
CF,2015-01-15,58.67599868774414,59.242000579833984,57.59999847412109,57.74800109863281,45.10894775390625,6182000
CF,2015-01-16,58.0,59.608001708984375,57.69200134277344,59.5260009765625,46.49781036376953,4406000
CF,2015-01-20,60.54800033569336,61.27999877929688,59.678001403808594,60.6619987487793,47.38517379760742,5395000
CF,2015-01-21,60.65999984741211,60.810001373291016,59.95600128173828,60.45199966430664,47.22113037109375,1938000
CF,2015-01-22,60.79999923706055,61.5099983215332,60.400001525878906,61.45000076293945,48.00071334838867,2890000
CF,2015-01-23,61.422000885009766,61.5880012512207,60.290000915527344,60.34999847412109,47.14146423339844,2938000
CF,2015-01-26,60.178001403808594,60.95000076293945,59.92399978637695,60.76399993896485,47.4648551940918,1520500
CF,2015-01-27,60.400001525878906,61.66400146484375,60.29800033569336,61.242000579833984,47.83824157714844,2736500
CF,2015-01-28,61.6619987487793,61.6619987487793,60.12799835205078,60.22999954223633,47.047733306884766,1484000
CF,2015-01-29,60.31999969482422,61.402000427246094,59.55799865722656,61.358001708984375,47.92885208129883,2644000
CF,2015-01-30,60.75400161743164,62.124000549316406,60.61600112915039,61.07600021362305,47.70857238769531,2503000
CF,2015-02-02,61.48600006103516,61.59999847412109,59.91400146484375,60.95399856567383,47.6132698059082,2370500
CF,2015-02-03,61.007999420166016,61.38999938964844,59.61399841308594,60.20800018310547,47.030540466308594,3930000
CF,2015-02-04,59.83000183105469,60.369998931884766,59.242000579833984,59.4119987487793,46.40875244140625,3811000
CF,2015-02-05,59.928001403808594,60.36199951171875,59.2599983215332,59.91999816894531,46.80557632446289,3120000
CF,2015-02-06,59.95800018310547,59.95800018310547,58.40399932861328,59.32799911499024,46.34313583374024,3735500
CF,2015-02-09,58.98400115966797,59.72200012207031,58.79999923706055,59.402000427246094,46.40094375610352,2271000
CF,2015-02-10,59.4900016784668,60.03200149536133,58.65800094604492,59.608001708984375,46.561859130859375,2367000
CF,2015-02-11,59.72600173950195,60.15999984741211,59.374000549316406,59.757999420166016,46.67902374267578,3135500
CF,2015-02-12,59.900001525878906,60.79600143432617,59.50400161743164,60.52000045776367,47.51278305053711,2420500
CF,2015-02-13,60.492000579833984,60.89599990844727,60.00199890136719,60.27999877929688,47.324363708496094,2582000
CF,2015-02-17,60.03799819946289,60.48199844360352,59.30400085449219,59.742000579833984,46.902000427246094,3932500
CF,2015-02-18,58.31999969482422,59.98400115966797,58.25199890136719,59.2400016784668,46.50788116455078,6091500
CF,2015-02-19,59.29800033569336,61.31800079345703,59.0,60.8759994506836,47.79227066040039,3864500
CF,2015-02-20,60.63999938964844,61.72999954223633,60.18999862670898,61.678001403808594,48.42190170288086,3010500
CF,2015-02-23,61.77799987792969,62.73799896240234,61.77799987792969,62.5359992980957,49.095497131347656,2911500
CF,2015-02-24,62.2400016784668,62.88600158691406,61.66400146484375,62.3759994506836,48.96988296508789,2399000
CF,2015-02-25,62.4640007019043,62.6259994506836,61.17599868774414,61.448001861572266,48.241336822509766,3061000
CF,2015-02-26,61.38999938964844,61.77999877929688,60.32600021362305,61.321998596191406,48.14240646362305,2460000
CF,2015-02-27,61.39599990844727,61.74399948120117,60.97600173950195,61.24599838256836,48.08274841308594,3321000
CF,2015-03-02,61.24599838256836,62.619998931884766,60.6619987487793,62.27399826049805,48.88980102539063,4309000
CF,2015-03-03,62.09999847412109,62.53799819946289,61.7599983215332,62.24599838256836,48.86782455444336,3154000
CF,2015-03-04,62.104000091552734,62.7239990234375,60.83599853515625,60.98799896240234,47.88020706176758,3243500
CF,2015-03-05,60.99800109863281,61.29199981689453,60.48400115966797,60.65800094604492,47.62111282348633,2231500
CF,2015-03-06,60.27399826049805,60.400001525878906,59.400001525878906,59.608001708984375,46.79679107666016,3336000
CF,2015-03-09,59.87799835205078,61.05199813842773,59.7140007019043,60.854000091552734,47.77498245239258,2410500
CF,2015-03-10,59.88999938964844,60.23199844360352,58.39599990844727,58.58399963378906,45.99288177490234,5369000
CF,2015-03-11,58.96799850463867,59.18999862670898,58.09000015258789,58.15399932861328,45.6552848815918,5811500
CF,2015-03-12,58.69400024414063,59.040000915527344,57.922000885009766,58.380001068115234,45.83272552490234,2365000
CF,2015-03-13,58.1259994506836,58.672000885009766,57.80199813842773,58.52799987792969,45.948917388916016,2303500
CF,2015-03-16,58.54399871826172,59.00400161743164,58.33399963378906,58.60200119018555,46.00700759887695,2199000
CF,2015-03-17,58.20199966430664,58.64400100708008,57.7859992980957,57.88600158691406,45.44489288330078,3147000
CF,2015-03-18,57.55400085449219,59.25,56.970001220703125,58.959999084472656,46.28805160522461,4174500
CF,2015-03-19,58.52399826049805,58.917999267578125,58.0,58.00600051879883,45.539093017578125,3447000
CF,2015-03-20,58.45800018310547,58.61800003051758,57.65800094604492,58.04600143432617,45.570499420166016,5802000
CF,2015-03-23,58.20000076293945,58.56600189208984,57.93199920654297,57.99800109863281,45.53282165527344,2793000
CF,2015-03-24,57.71200180053711,59.13600158691406,57.59999847412109,59.00199890136719,46.3210334777832,3950000
CF,2015-03-25,59.28200149536133,60.11800003051758,58.73799896240234,58.75,46.12321090698242,2591500
CF,2015-03-26,58.67399978637695,59.624000549316406,58.52799987792969,58.84999847412109,46.20170974731445,3369500
CF,2015-03-27,58.70800018310547,58.84999847412109,57.59199905395508,57.73199844360352,45.323978424072266,2519500
CF,2015-03-30,57.93600082397461,58.630001068115234,57.93600082397461,58.19599914550781,45.688262939453125,2027500
CF,2015-03-31,57.5880012512207,58.03799819946289,56.54800033569336,56.73600006103516,44.54204559326172,4118500
CF,2015-04-01,56.9379997253418,57.17599868774414,56.0880012512207,56.82799911499024,44.6142807006836,3446000
CF,2015-04-02,56.47800064086914,57.18000030517578,55.70000076293945,56.04399871826172,43.998779296875,2750000
CF,2015-04-06,55.891998291015625,56.71200180053711,55.59999847412109,56.26399993896485,44.17150115966797,2843000
CF,2015-04-07,56.30400085449219,57.0,56.12200164794922,56.25,44.16050338745117,2309500
CF,2015-04-08,56.29999923706055,57.36399841308594,56.29999923706055,56.9900016784668,44.7414665222168,3686000
CF,2015-04-09,56.624000549316406,57.52999877929688,56.624000549316406,56.96200180053711,44.71949005126953,2999000
CF,2015-04-10,56.96200180053711,57.29199981689453,56.32600021362305,56.90399932861328,44.67395782470703,2990000
CF,2015-04-13,57.24800109863281,57.57799911499024,56.6619987487793,56.80199813842773,44.59386444091797,2145500
CF,2015-04-14,56.74399948120117,56.79399871826172,55.79600143432617,56.47999954223633,44.3410758972168,2496000
CF,2015-04-15,56.46799850463867,57.68399810791016,56.46799850463867,57.33599853515625,45.01309585571289,2995500
CF,2015-04-16,56.99599838256836,59.15800094604492,56.80400085449219,58.59199905395508,45.999149322509766,3791000
CF,2015-04-17,58.44599914550781,59.42399978637695,58.1879997253418,58.24599838256836,45.72751998901367,4181000
CF,2015-04-20,58.290000915527344,58.76399993896485,57.45600128173828,57.59400177001953,45.21564865112305,3357000
CF,2015-04-21,57.44200134277344,57.790000915527344,57.119998931884766,57.16400146484375,44.878074645996094,3734500
CF,2015-04-22,57.15599822998047,57.39599990844727,56.391998291015625,57.12799835205078,44.84980392456055,2095000
CF,2015-04-23,57.18999862670898,58.28200149536133,57.007999420166016,57.95399856567383,45.4982795715332,2699500
CF,2015-04-24,57.97200012207031,58.95399856567383,57.869998931884766,58.88800048828125,46.23154830932617,2612000
CF,2015-04-27,58.948001861572266,59.11000061035156,57.65800094604492,57.709999084472656,45.30672073364258,3453000
CF,2015-04-28,57.40999984741211,57.762001037597656,56.652000427246094,57.56800079345703,45.19523620605469,2579500
CF,2015-04-29,57.762001037597656,58.540000915527344,57.257999420166016,58.29999923706055,45.76990509033203,2321500
CF,2015-04-30,58.40399932861328,58.428001403808594,57.358001708984375,57.49399948120117,45.13714218139648,3720000
CF,2015-05-01,57.96200180053711,59.21200180053711,57.53400039672852,58.900001525878906,46.24095916748047,2690500
CF,2015-05-04,58.76399993896485,59.45800018310547,58.67599868774414,58.7599983215332,46.13105010986328,2145000
CF,2015-05-05,58.87799835205078,59.10599899291992,57.95600128173828,58.04199981689453,45.56735610961914,2902000
CF,2015-05-06,58.04999923706055,59.0880012512207,57.97600173950195,58.91999816894531,46.25665664672852,3096500
CF,2015-05-07,58.880001068115234,60.310001373291016,57.928001403808594,60.01800155639648,47.11868667602539,5851500
CF,2015-05-08,62.09799957275391,62.66600036621094,61.06800079345703,62.172000885009766,48.80972290039063,5826000
CF,2015-05-11,62.34199905395508,62.59999847412109,61.1619987487793,61.678001403808594,48.42190170288086,4730500
CF,2015-05-12,61.30400085449219,61.492000579833984,60.62200164794922,60.66400146484375,47.62583541870117,3069000
CF,2015-05-13,60.28200149536133,61.25,60.20800018310547,61.06800079345703,48.18126678466797,2431000
CF,2015-05-14,61.1259994506836,61.374000549316406,60.52199935913086,60.858001708984375,48.01558303833008,3494000
CF,2015-05-15,60.79399871826172,61.55799865722656,60.52199935913086,61.34600067138672,48.400611877441406,3747000
CF,2015-05-18,61.374000549316406,61.948001861572266,61.20800018310547,61.51399993896485,48.53315353393555,3205500
CF,2015-05-19,61.65399932861328,62.08200073242188,61.30400085449219,62.04999923706055,48.956050872802734,3025500
CF,2015-05-20,62.02000045776367,62.59999847412109,61.65999984741211,62.19200134277344,49.06809616088867,3211000
CF,2015-05-21,62.27799987792969,64.11399841308594,61.93199920654297,63.417999267578125,50.03536605834961,5429500
CF,2015-05-22,63.854000091552734,64.47799682617188,63.02000045776367,64.18399810791016,50.63973617553711,3883500
CF,2015-05-26,63.810001373291016,64.10800170898438,63.402000427246094,63.81800079345703,50.35096740722656,3857500
CF,2015-05-27,63.97200012207031,64.41999816894531,63.44599914550781,64.26599884033203,50.70441818237305,3289500
CF,2015-05-28,64.30000305175781,64.63800048828125,63.65800094604492,64.33000183105469,50.754913330078125,3170500
CF,2015-05-29,64.41400146484375,64.53399658203125,63.17599868774414,63.17599868774414,49.84444046020508,4641000
CF,2015-06-01,63.34600067138672,63.99800109863281,62.81399917602539,63.321998596191406,49.95962142944336,3301000
CF,2015-06-02,63.36399841308594,64.26599884033203,63.23799896240234,63.854000091552734,50.379371643066406,2634500
CF,2015-06-03,64.03399658203125,64.73799896240234,63.46799850463867,64.36399841308594,50.78174591064453,3247000
CF,2015-06-04,63.98400115966797,64.37999725341797,63.56399917602539,63.69400024414063,50.25312805175781,4398000
CF,2015-06-05,63.40399932861328,64.24600219726562,63.20000076293945,63.57400131225586,50.15845489501953,3168000
CF,2015-06-08,63.53400039672852,63.99599838256836,63.01599884033203,63.06399917602539,49.75607681274414,1880500
CF,2015-06-09,62.9379997253418,63.52000045776367,62.82799911499024,63.11800003051758,49.798675537109375,1668000
CF,2015-06-10,63.45800018310547,64.36799621582031,63.36600112915039,64.08399963378906,50.560829162597656,1777000
CF,2015-06-11,64.10800170898438,64.7959976196289,63.72200012207031,63.85200119018555,50.37778854370117,2527000
CF,2015-06-12,63.68999862670898,63.97600173950195,63.20199966430664,63.23199844360352,49.88861846923828,1686500
CF,2015-06-15,62.83200073242188,63.59999847412109,62.400001525878906,63.51800155639648,50.11426544189453,2345000
CF,2015-06-16,63.560001373291016,64.36199951171875,63.0,64.16400146484375,50.62395477294922,2503000
CF,2015-06-17,63.69200134277344,63.70000076293945,62.28200149536133,63.33599853515625,49.97067642211914,4303500
CF,2015-06-18,63.369998931884766,65.02999877929688,63.369998931884766,64.25,50.69179153442383,2587700
CF,2015-06-19,64.12000274658203,64.30000305175781,62.959999084472656,63.2400016784668,49.89493560791016,3696500
CF,2015-06-22,63.5099983215332,64.19000244140625,63.09000015258789,64.19000244140625,50.64446640014648,2793300
CF,2015-06-23,64.30000305175781,64.58000183105469,63.630001068115234,63.63999938964844,50.21052169799805,1383700
CF,2015-06-24,63.33000183105469,63.869998931884766,63.0099983215332,63.09999847412109,49.784481048583984,1244600
CF,2015-06-25,63.18000030517578,64.12000274658203,63.09999847412109,63.959999084472656,50.4630012512207,1939800
CF,2015-06-26,64.66999816894531,65.69000244140625,63.70000076293945,63.810001373291016,50.34465408325195,5489300
CF,2015-06-29,63.41999816894531,64.1500015258789,62.5,62.560001373291016,49.35842514038086,1527300
CF,2015-06-30,62.97999954223633,65.04000091552734,62.77999877929688,64.27999877929688,50.71546936035156,3076200
CF,2015-07-01,64.31999969482422,65.75,64.05999755859375,65.0999984741211,51.36241912841797,2593200
CF,2015-07-02,65.37999725341797,65.55000305175781,64.44999694824219,64.54000091552734,50.92060852050781,1819000
CF,2015-07-06,63.970001220703125,64.30000305175781,63.22999954223633,63.54999923706055,50.1395149230957,2214200
CF,2015-07-07,63.400001525878906,63.459999084472656,61.18000030517578,62.11000061035156,49.00338745117188,3043900
CF,2015-07-08,61.61000061035156,61.61000061035156,60.150001525878906,60.150001525878906,47.45698547363281,2792800
CF,2015-07-09,60.84000015258789,61.59999847412109,60.5099983215332,60.79999923706055,47.96982192993164,2407200
CF,2015-07-10,61.540000915527344,61.84000015258789,61.18000030517578,61.709999084472656,48.687801361083984,1324300
CF,2015-07-13,62.02999877929688,62.619998931884766,61.65999984741211,62.09999847412109,48.99549102783203,1463800
CF,2015-07-14,61.959999084472656,63.18000030517578,61.709999084472656,62.68000030517578,49.4531135559082,1558300
CF,2015-07-15,62.650001525878906,62.790000915527344,62.02999877929688,62.150001525878906,49.03494644165039,1120600
CF,2015-07-16,62.41999816894531,62.81999969482422,62.06999969482422,62.7400016784668,49.500450134277344,1322700
CF,2015-07-17,62.59000015258789,70.31999969482422,60.959999084472656,68.91999816894531,54.37632751464844,9629500
CF,2015-07-20,67.47000122070312,67.61000061035156,64.5999984741211,65.0,51.28352737426758,5547800
CF,2015-07-21,64.91999816894531,65.52999877929688,63.83000183105469,63.93999862670898,50.44721221923828,2083700
CF,2015-07-22,63.22999954223633,63.22999954223633,61.720001220703125,62.52000045776367,49.32686996459961,2108900
CF,2015-07-23,62.619998931884766,63.25,62.040000915527344,62.31999969482422,49.1690673828125,1355700
CF,2015-07-24,61.880001068115234,61.880001068115234,60.369998931884766,60.84999847412109,48.009273529052734,1619200
CF,2015-07-27,60.34000015258789,60.34000015258789,58.75,59.09000015258789,46.62068557739258,2620100
CF,2015-07-28,59.43000030517578,59.43999862670898,58.209999084472656,58.900001525878906,46.47076416015625,2096300
CF,2015-07-29,59.09999847412109,59.68000030517578,58.59999847412109,59.22999954223633,46.73112869262695,1472500
CF,2015-07-30,59.369998931884766,60.02999877929688,58.95000076293945,59.119998931884766,46.64434051513672,1081600
CF,2015-07-31,59.27000045776367,59.869998931884766,58.95000076293945,59.20000076293945,46.707462310791016,1251500
CF,2015-08-03,59.0,59.59000015258789,58.20000076293945,59.02000045776367,46.56545639038086,1400100
CF,2015-08-04,59.45000076293945,61.02000045776367,59.13999938964844,60.52999877929688,47.75680541992188,1855700
CF,2015-08-05,61.150001525878906,62.040000915527344,60.22999954223633,61.619998931884766,48.61678314208984,2368600
CF,2015-08-06,65.94000244140625,67.16000366210938,62.90999984741211,63.0,49.70557022094727,5808100
CF,2015-08-07,62.66999816894531,63.619998931884766,57.77999877929688,58.93999862670898,46.5023307800293,4121900
CF,2015-08-10,59.56999969482422,62.27000045776367,59.09000015258789,60.95000076293945,48.08818054199219,4793600
CF,2015-08-11,59.22999954223633,59.68999862670898,56.7400016784668,57.27000045776367,45.18473434448242,4470500
CF,2015-08-12,56.880001068115234,62.0099983215332,56.58000183105469,61.63999938964844,48.888668060302734,6556300
CF,2015-08-13,61.959999084472656,63.900001525878906,60.70000076293945,63.220001220703125,50.14181518554688,2862000
CF,2015-08-14,63.61000061035156,65.12000274658203,63.150001525878906,63.83000183105469,50.62561798095703,3147300
CF,2015-08-17,63.83000183105469,64.05000305175781,62.77999877929688,64.02999877929688,50.78424072265625,1763700
CF,2015-08-18,63.68999862670898,63.79999923706055,62.79999923706055,63.470001220703125,50.34009552001953,2097000
CF,2015-08-19,63.290000915527344,63.54999923706055,61.880001068115234,61.93000030517578,49.11867141723633,1767800
CF,2015-08-20,61.70000076293945,62.5099983215332,60.470001220703125,61.06999969482422,48.43658065795898,2102700
CF,2015-08-21,60.79999923706055,60.81999969482422,59.220001220703125,59.52000045776367,47.20723724365234,2531400
CF,2015-08-24,56.04999923706055,59.869998931884766,55.400001525878906,55.900001525878906,44.33609008789063,3180600
CF,2015-08-25,59.04999923706055,59.36000061035156,55.75,55.790000915527344,44.24884033203125,2338100
CF,2015-08-26,56.97999954223633,57.0099983215332,54.630001068115234,56.11000061035156,44.50264358520508,3260000
CF,2015-08-27,57.4900016784668,58.2599983215332,56.36000061035156,57.880001068115234,45.90647888183594,2321000
CF,2015-08-28,57.43000030517578,57.70000076293945,56.65999984741211,57.470001220703125,45.58131408691406,2415100
CF,2015-08-31,57.45000076293945,58.540000915527344,56.93000030517578,57.380001068115234,45.50992965698242,2285200
CF,2015-09-01,55.900001525878906,57.06999969482422,54.29999923706055,54.84000015258789,43.495365142822266,3155400
CF,2015-09-02,55.56999969482422,56.08000183105469,54.43999862670898,55.54999923706055,44.05848693847656,2107300
CF,2015-09-03,55.59000015258789,57.22999954223633,55.47999954223633,56.970001220703125,45.18473434448242,2438700
CF,2015-09-04,55.88999938964844,56.56999969482422,55.20000076293945,55.47999954223633,44.00297164916992,1546300
CF,2015-09-08,56.86000061035156,57.43999862670898,56.33000183105469,56.90999984741211,45.13715744018555,1569300
CF,2015-09-09,57.869998931884766,58.900001525878906,56.810001373291016,56.959999084472656,45.17679977416992,1631200
CF,2015-09-10,56.84999847412109,57.08000183105469,56.0,56.400001525878906,44.73265075683594,872200
CF,2015-09-11,55.869998931884766,56.40999984741211,55.0,55.880001068115234,44.32022857666016,1358100
CF,2015-09-14,55.91999816894531,56.0,53.65999984741211,53.84999847412109,42.71017456054688,2836600
CF,2015-09-15,53.88999938964844,55.0,53.31999969482422,54.77999877929688,43.44778060913086,2067400
CF,2015-09-16,54.7599983215332,55.25,54.5,54.77999877929688,43.44778060913086,1620000
CF,2015-09-17,54.70000076293945,55.7400016784668,53.720001220703125,53.84999847412109,42.71017456054688,2014800
CF,2015-09-18,53.36000061035156,53.36000061035156,51.54999923706055,52.02999877929688,41.26666641235352,4422700
CF,2015-09-21,52.52000045776367,53.0,51.43000030517578,51.720001220703125,41.02079391479492,1375200
CF,2015-09-22,50.93000030517578,51.369998931884766,49.900001525878906,51.09999847412109,40.5290412902832,4703800
CF,2015-09-23,51.310001373291016,51.59999847412109,47.36000061035156,47.7400016784668,37.864139556884766,3225600
CF,2015-09-24,47.27000045776367,47.72999954223633,45.5,46.41999816894531,36.81718826293945,5144800
CF,2015-09-25,47.06999969482422,47.16999816894531,46.119998931884766,46.369998931884766,36.77753448486328,3829500
CF,2015-09-28,45.88999938964844,46.09999847412109,44.04999923706055,44.060001373291016,34.94540023803711,2524200
CF,2015-09-29,44.25,45.15999984741211,43.880001068115234,44.18999862670898,35.04851150512695,2486600
CF,2015-09-30,44.869998931884766,45.52999877929688,43.97999954223633,44.900001525878906,35.61163330078125,3822400
CF,2015-10-01,44.970001220703125,45.43999862670898,44.02999877929688,44.79999923706055,35.532318115234375,2517400
CF,2015-10-02,44.0,47.41999816894531,43.84999847412109,47.11000061035156,37.36445617675781,3561200
CF,2015-10-05,47.70000076293945,49.84000015258789,47.650001525878906,49.040000915527344,38.89521026611328,3874300
CF,2015-10-06,48.81999969482422,50.150001525878906,48.81999969482422,49.54999923706055,39.29969787597656,2780700
CF,2015-10-07,49.459999084472656,52.27999877929688,49.380001068115234,52.220001220703125,41.41737365722656,4222700
CF,2015-10-08,51.72999954223633,53.31999969482422,51.400001525878906,52.86000061035156,41.92496871948242,2981000
CF,2015-10-09,53.34000015258789,53.66999816894531,50.66999816894531,50.77999877929688,40.2752571105957,2529400
CF,2015-10-12,50.380001068115234,50.72999954223633,49.2599983215332,50.380001068115234,39.958003997802734,2107900
CF,2015-10-13,49.93000030517578,51.59999847412109,49.2400016784668,51.08000183105469,40.5131950378418,3530900
CF,2015-10-14,51.400001525878906,52.70000076293945,50.90999984741211,52.52999877929688,41.66323471069336,2660300
CF,2015-10-15,52.81999969482422,53.650001525878906,51.869998931884766,53.40999984741211,42.36118698120117,2668800
CF,2015-10-16,53.560001373291016,53.68000030517578,51.7400016784668,52.31999969482422,41.49667739868164,2153600
CF,2015-10-19,52.0,52.209999084472656,51.119998931884766,51.47999954223633,40.83044052124024,2130100
CF,2015-10-20,51.61000061035156,52.9900016784668,51.459999084472656,51.77000045776367,41.06044006347656,1593600
CF,2015-10-21,52.54999923706055,53.0,51.130001068115234,52.209999084472656,41.40943145751953,2615900
CF,2015-10-22,52.560001373291016,53.9900016784668,52.27000045776367,53.70000076293945,42.591190338134766,2228000
CF,2015-10-23,54.209999084472656,54.27000045776367,53.43000030517578,54.119998931884766,42.92431640625,2087900
CF,2015-10-26,53.7599983215332,54.06999969482422,52.880001068115234,53.09999847412109,42.11532974243164,1701300
CF,2015-10-27,52.61000061035156,52.869998931884766,51.18000030517578,51.56999969482422,40.90182495117188,1807700
CF,2015-10-28,51.61000061035156,52.400001525878906,51.02000045776367,52.2599983215332,41.44908905029297,2016500
CF,2015-10-29,52.209999084472656,52.209999084472656,51.02999877929688,51.29999923706055,40.68767929077149,1664500
CF,2015-10-30,51.380001068115234,51.83000183105469,50.5,50.77000045776367,40.267311096191406,2875200
CF,2015-11-02,51.0099983215332,52.65999984741211,50.630001068115234,52.34999847412109,41.52046585083008,2798200
CF,2015-11-03,52.130001068115234,53.130001068115234,51.34999847412109,51.959999084472656,41.21114349365234,2132500
CF,2015-11-04,52.220001220703125,52.91999816894531,51.29999923706055,51.7599983215332,41.05251693725586,2423000
CF,2015-11-05,48.61000061035156,48.97999954223633,45.70000076293945,46.84000015258789,37.15030670166016,9152000
CF,2015-11-06,46.79999923706055,47.38999938964844,46.0099983215332,46.52000045776367,36.89649963378906,3656800
CF,2015-11-09,46.380001068115234,48.310001373291016,46.119998931884766,48.16999816894531,38.205177307128906,4186300
CF,2015-11-10,48.0099983215332,48.33000183105469,47.13999938964844,47.34000015258789,37.546875,2767400
CF,2015-11-11,47.52000045776367,48.060001373291016,46.06999969482422,47.61000061035156,37.761024475097656,2469200
CF,2015-11-12,46.93000030517578,47.84000015258789,46.66999816894531,47.11000061035156,37.60139083862305,2677600
CF,2015-11-13,47.130001068115234,48.65999984741211,46.720001220703125,48.04999923706055,38.351661682128906,2304000
CF,2015-11-16,47.7599983215332,48.27000045776367,46.93999862670898,47.970001220703125,38.28781509399414,2307400
CF,2015-11-17,49.7599983215332,50.86000061035156,48.27999877929688,49.4900016784668,39.501014709472656,3720600
CF,2015-11-18,49.36000061035156,50.369998931884766,49.04999923706055,49.58000183105469,39.572853088378906,2529700
CF,2015-11-19,48.95000076293945,49.0,46.43999862670898,46.56999969482422,37.17038345336914,4682900
CF,2015-11-20,46.36000061035156,46.79999923706055,43.56999969482422,43.900001525878906,35.03928756713867,6019000
CF,2015-11-23,43.790000915527344,45.470001220703125,43.650001525878906,45.0,35.917274475097656,3765400
CF,2015-11-24,44.90999984741211,46.0,44.0,45.79999923706055,36.5557975769043,2698300
CF,2015-11-25,45.68999862670898,46.150001525878906,45.04999923706055,45.369998931884766,36.21259307861328,1358000
CF,2015-11-27,45.209999084472656,45.33000183105469,44.59999847412109,45.11000061035156,36.005069732666016,1031100
CF,2015-11-30,45.040000915527344,46.61000061035156,44.93000030517578,46.13999938964844,36.827178955078125,3049500
CF,2015-12-01,46.45000076293945,46.75,44.79999923706055,45.0,35.917274475097656,2580600
CF,2015-12-02,46.59000015258789,46.59000015258789,44.25,45.060001373291016,35.96515655517578,2812700
CF,2015-12-03,45.34999847412109,46.66999816894531,45.25,45.86000061035156,36.60367965698242,3297600
CF,2015-12-04,45.4900016784668,45.869998931884766,44.130001068115234,44.43999862670898,35.470298767089844,3110400
CF,2015-12-07,44.11000061035156,44.119998931884766,42.369998931884766,43.25,34.5204963684082,2816800
CF,2015-12-08,42.58000183105469,43.380001068115234,41.83000183105469,42.08000183105469,33.586631774902344,2465400
CF,2015-12-09,42.68000030517578,43.77000045776367,42.29999923706055,43.119998931884766,34.416725158691406,2196300
CF,2015-12-10,43.09000015258789,43.709999084472656,42.09999847412109,42.2400016784668,33.714351654052734,1298700
CF,2015-12-11,42.2400016784668,42.34000015258789,40.33000183105469,41.11000061035156,32.81242752075195,2740700
CF,2015-12-14,40.810001373291016,41.380001068115234,39.63999938964844,40.06999969482422,31.982341766357425,2195700
CF,2015-12-15,40.34999847412109,41.47999954223633,40.18999862670898,40.810001373291016,32.572967529296875,2161800
CF,2015-12-16,41.4900016784668,42.040000915527344,40.15999984741211,41.43000030517578,33.06782150268555,2483100
CF,2015-12-17,41.310001373291016,42.04999923706055,40.52999877929688,41.2400016784668,32.91617965698242,3183600
CF,2015-12-18,41.11000061035156,43.0,41.08000183105469,41.61000061035156,33.21150207519531,4144300
CF,2015-12-21,41.7599983215332,43.790000915527344,41.11000061035156,41.31999969482422,32.98004531860352,2648400
CF,2015-12-22,41.34000015258789,43.02999877929688,40.970001220703125,42.7400016784668,34.113426208496094,2161000
CF,2015-12-23,42.95000076293945,44.59999847412109,42.72999954223633,44.16999816894531,35.25479507446289,2343500
CF,2015-12-24,44.09000015258789,44.36000061035156,43.20000076293945,43.25,34.5204963684082,1650100
CF,2015-12-28,43.040000915527344,43.40999984741211,42.09000015258789,42.2400016784668,33.714351654052734,1373300
CF,2015-12-29,42.380001068115234,42.9900016784668,42.04999923706055,42.63999938964844,34.033599853515625,1612000
CF,2015-12-30,42.38999938964844,42.58000183105469,41.060001373291016,41.15999984741211,32.85233688354492,1568700
CF,2015-12-31,40.75,41.290000915527344,40.470001220703125,40.810001373291016,32.572967529296875,2020100
CF,2016-01-04,40.060001373291016,40.95000076293945,39.83000183105469,40.5,32.32554244995117,3262500
CF,2016-01-05,40.380001068115234,40.65999984741211,39.150001525878906,39.22999954223633,31.311878204345703,2690000
CF,2016-01-06,38.650001525878906,38.709999084472656,35.27000045776367,35.84000015258789,28.606107711791992,4711800
CF,2016-01-07,35.310001373291016,36.65999984741211,33.689998626708984,34.13999938964844,27.249231338500977,5010600
CF,2016-01-08,34.400001525878906,35.099998474121094,33.709999084472656,33.81999969482422,26.993825912475582,4130100
CF,2016-01-11,34.0099983215332,34.06999969482422,32.2599983215332,32.45000076293945,25.90034866333008,3657100
CF,2016-01-12,33.130001068115234,33.380001068115234,31.68000030517578,32.540000915527344,25.972177505493164,4327700
CF,2016-01-13,32.869998931884766,33.40999984741211,31.559999465942383,31.76000022888184,25.34961128234864,5147200
CF,2016-01-14,31.96999931335449,33.150001525878906,31.170000076293945,32.619998931884766,26.03602600097656,3893000
CF,2016-01-15,31.6299991607666,32.459999084472656,30.920000076293945,31.56999969482422,25.197961807250977,4766300
CF,2016-01-19,32.040000915527344,32.13999938964844,29.8799991607666,30.25,24.14438247680664,3758300
CF,2016-01-20,29.8799991607666,29.8799991607666,26.100000381469727,29.21999931335449,23.32228279113769,10964700
CF,2016-01-21,29.18000030517578,31.11000061035156,29.1200008392334,30.270000457763672,24.16034507751465,5881700
CF,2016-01-22,31.11000061035156,32.029998779296875,29.65999984741211,29.959999084472656,23.912918090820312,6338700
CF,2016-01-25,29.489999771118164,29.549999237060547,28.239999771118164,28.600000381469727,22.82742118835449,4118900
CF,2016-01-26,28.46999931335449,29.850000381469727,28.0,29.489999771118164,23.53778839111328,4090400
CF,2016-01-27,29.850000381469727,30.96999931335449,28.979999542236328,30.059999465942383,23.992734909057617,4075500
CF,2016-01-28,30.21999931335449,30.5,29.39999961853028,30.32999992370605,24.20823860168457,3438100
CF,2016-01-29,30.3799991607666,30.850000381469727,29.71999931335449,30.0,23.94484138488769,4995800
CF,2016-02-01,29.90999984741211,30.63999938964844,28.96999931335449,30.239999771118164,24.13640594482422,3907600
CF,2016-02-02,30.100000381469727,30.100000381469727,28.739999771118164,29.450000762939453,23.50585556030273,3132800
CF,2016-02-03,29.770000457763672,30.229999542236328,28.209999084472656,30.049999237060547,23.98474884033203,5209200
CF,2016-02-04,30.200000762939453,30.82999992370605,29.600000381469727,30.59000015258789,24.415756225585938,5454100
CF,2016-02-05,30.34000015258789,30.68000030517578,29.420000076293945,29.96999931335449,23.920896530151367,4216800
CF,2016-02-08,29.200000762939453,29.38999938964844,26.739999771118164,28.01000022888184,22.356502532958984,5207100
CF,2016-02-09,27.71999931335449,29.739999771118164,27.39999961853028,28.46999931335449,22.723663330078125,4988200
CF,2016-02-10,28.3799991607666,29.040000915527344,27.76000022888184,27.82999992370605,22.44939041137696,2537700
CF,2016-02-11,26.90999984741211,29.420000076293945,26.290000915527344,29.040000915527344,23.425457000732425,5154700
CF,2016-02-12,29.809999465942383,30.63999938964844,28.979999542236328,30.0,24.199848175048828,6065900
CF,2016-02-16,30.459999084472656,31.690000534057617,29.690000534057617,31.13999938964844,25.119447708129883,6133300
CF,2016-02-17,31.290000915527344,32.290000915527344,30.81999969482422,31.700000762939453,25.57118034362793,5982800
CF,2016-02-18,33.0,34.4900016784668,32.72999954223633,34.369998931884766,27.72495460510254,7372000
CF,2016-02-19,34.189998626708984,34.189998626708984,32.810001373291016,33.0,26.61983108520508,5569800
CF,2016-02-22,33.0,34.040000915527344,33.0,33.540000915527344,27.0554313659668,3942600
CF,2016-02-23,33.04999923706055,33.45000076293945,32.099998474121094,32.130001068115234,25.91803550720215,3902300
CF,2016-02-24,31.84000015258789,31.979999542236328,30.040000915527344,31.75,25.61150550842285,5881600
CF,2016-02-25,32.130001068115234,33.650001525878906,31.56999969482422,33.15999984741211,26.74890518188477,4092700
CF,2016-02-26,33.529998779296875,35.130001068115234,33.529998779296875,34.95000076293945,28.19282341003418,5623300
CF,2016-02-29,35.08000183105469,37.13999938964844,34.93000030517578,36.459999084472656,29.41088104248047,6216700
CF,2016-03-01,37.0,37.720001220703125,35.83000183105469,36.25,29.24148750305176,3386900
CF,2016-03-02,35.0,35.93000030517578,34.38999938964844,34.7400016784668,28.023420333862305,5036700
CF,2016-03-03,35.2599983215332,36.38999938964844,34.849998474121094,36.18999862670898,29.193084716796875,3969700
CF,2016-03-04,36.43000030517578,36.93000030517578,34.5099983215332,34.59000015258789,27.90243148803711,6190100
CF,2016-03-07,34.779998779296875,37.08000183105469,34.599998474121094,36.880001068115234,29.749679565429688,5204700
CF,2016-03-08,36.63999938964844,37.02000045776367,35.22999954223633,35.2599983215332,28.44288825988769,3753100
CF,2016-03-09,35.529998779296875,36.18999862670898,34.70000076293945,35.41999816894531,28.57195472717285,3198900
CF,2016-03-10,35.380001068115234,35.41999816894531,32.88999938964844,33.63999938964844,27.13610076904297,4271400
CF,2016-03-11,34.61000061035156,36.63999938964844,34.459999084472656,35.63999938964844,28.749420166015625,4947100
CF,2016-03-14,35.47999954223633,36.220001220703125,35.189998626708984,35.540000915527344,28.668760299682617,3345200
CF,2016-03-15,35.439998626708984,35.47999954223633,33.130001068115234,33.630001068115234,27.128028869628903,3642000
CF,2016-03-16,33.41999816894531,34.16999816894531,32.83000183105469,34.150001525878906,27.54749870300293,3973000
CF,2016-03-17,34.47999954223633,35.189998626708984,33.9900016784668,35.04999923706055,28.27349281311035,3742700
CF,2016-03-18,35.25,35.93000030517578,34.540000915527344,34.9900016784668,28.22508430480957,3921100
CF,2016-03-21,34.81999969482422,35.47999954223633,34.70000076293945,35.060001373291016,28.281553268432617,2339700
CF,2016-03-22,34.630001068115234,34.709999084472656,33.91999816894531,33.93000030517578,27.37002754211425,3007200
CF,2016-03-23,33.7599983215332,33.790000915527344,32.880001068115234,32.970001220703125,26.59563446044922,3035300
CF,2016-03-24,32.439998626708984,32.439998626708984,31.450000762939453,31.940000534057617,25.7647705078125,4183300
CF,2016-03-28,31.479999542236328,32.33000183105469,30.850000381469727,31.790000915527344,25.643774032592773,3901000
CF,2016-03-29,31.46999931335449,32.27000045776367,30.770000457763672,31.90999984741211,25.74057579040528,2598300
CF,2016-03-30,32.04999923706055,32.400001525878906,31.6200008392334,31.979999542236328,25.797042846679688,2715600
CF,2016-03-31,31.90999984741211,32.18000030517578,30.799999237060547,31.34000015258789,25.2807731628418,4166300
CF,2016-04-01,30.8700008392334,32.279998779296875,29.89999961853028,32.130001068115234,25.91803550720215,3874600
CF,2016-04-04,31.88999938964844,32.31999969482422,31.07999992370605,31.209999084472656,25.17591094970703,2445500
CF,2016-04-05,30.040000915527344,31.34000015258789,29.670000076293945,30.11000061035156,24.288583755493164,4790600
CF,2016-04-06,29.6299991607666,30.13999938964844,28.700000762939453,29.31999969482422,23.65131950378418,4996900
CF,2016-04-07,29.100000381469727,29.64999961853028,28.75,29.190000534057617,23.54645538330078,5144500
CF,2016-04-08,29.559999465942383,30.56999969482422,29.540000915527344,29.770000457763672,24.01431465148925,3354500
CF,2016-04-11,30.14999961853028,30.75,29.81999969482422,30.14999961853028,24.320850372314453,3028300
CF,2016-04-12,30.190000534057617,30.75,29.51000022888184,30.540000915527344,24.63544654846192,3270700
CF,2016-04-13,30.850000381469727,31.459999084472656,30.549999237060547,31.21999931335449,25.183977127075195,4429600
CF,2016-04-14,30.59000015258789,30.940000534057617,30.14999961853028,30.59000015258789,24.67577743530273,4094700
CF,2016-04-15,30.440000534057617,31.3700008392334,30.100000381469727,31.030000686645508,25.03070831298828,3523800
CF,2016-04-18,30.64999961853028,31.64999961853028,30.5,31.3700008392334,25.304977416992188,2509400
CF,2016-04-19,31.31999969482422,33.880001068115234,31.280000686645508,33.70000076293945,27.18449592590332,4677200
CF,2016-04-20,33.91999816894531,35.20000076293945,33.470001220703125,34.869998931884766,28.12828826904297,6447000
CF,2016-04-21,35.0,35.84000015258789,34.189998626708984,34.2400016784668,27.62009620666504,3663600
CF,2016-04-22,34.4900016784668,35.029998779296875,33.04999923706055,33.2400016784668,26.81343078613281,3580000
CF,2016-04-25,33.20000076293945,33.9900016784668,33.04999923706055,33.16999816894531,26.75696563720703,2275400
CF,2016-04-26,33.209999084472656,34.099998474121094,33.06999969482422,33.689998626708984,27.17643547058105,2266500
CF,2016-04-27,33.66999816894531,33.84000015258789,32.4900016784668,33.790000915527344,27.25708770751953,3059800
CF,2016-04-28,33.119998931884766,35.16999816894531,32.689998626708984,34.31999969482422,27.68462371826172,3609600
CF,2016-04-29,34.130001068115234,34.560001373291016,32.709999084472656,33.06999969482422,26.67629814147949,2902900
CF,2016-05-02,33.15999984741211,33.47999954223633,32.209999084472656,33.34000015258789,26.89409828186035,2476200
CF,2016-05-03,32.95000076293945,33.029998779296875,31.190000534057617,31.670000076293945,25.54697227478028,3431500
CF,2016-05-04,31.14999961853028,32.20000076293945,30.799999237060547,32.11000061035156,25.901901245117188,5012600
CF,2016-05-05,31.0,32.040000915527344,30.030000686645508,30.790000915527344,24.83711624145508,7510900
CF,2016-05-06,30.489999771118164,31.76000022888184,30.450000762939453,31.0,25.00650978088379,2945400
CF,2016-05-09,30.979999542236328,31.14999961853028,30.31999969482422,30.40999984741211,24.530576705932617,2339800
CF,2016-05-10,30.38999938964844,30.809999465942383,28.8799991607666,30.5,24.60318183898925,5296000
CF,2016-05-11,30.049999237060547,30.290000915527344,29.1200008392334,29.459999084472656,24.00032424926757,3785100
CF,2016-05-12,30.290000915527344,30.420000076293945,27.57999992370605,27.850000381469727,22.68869400024414,5469800
CF,2016-05-13,27.920000076293945,28.26000022888184,27.14999961853028,27.64999961853028,22.525758743286133,4671700
CF,2016-05-16,27.790000915527344,28.799999237060547,27.780000686645508,28.6200008392334,23.31599807739257,3367900
CF,2016-05-17,28.350000381469727,29.239999771118164,28.299999237060547,29.1200008392334,23.72333335876465,3500500
CF,2016-05-18,29.06999969482422,29.739999771118164,28.36000061035156,28.57999992370605,23.283411026000977,3720900
CF,2016-05-19,28.6299991607666,29.21999931335449,28.229999542236328,28.739999771118164,23.413753509521484,3459100
CF,2016-05-20,28.799999237060547,29.040000915527344,28.31999969482422,28.59000015258789,23.291553497314453,4374900
CF,2016-05-23,30.059999465942383,30.76000022888184,29.5,29.850000381469727,24.31804084777832,8479100
CF,2016-05-24,29.51000022888184,29.600000381469727,27.3799991607666,27.61000061035156,22.4931697845459,12225600
CF,2016-05-25,28.0,29.700000762939453,27.89999961853028,29.520000457763672,24.049203872680664,7885300
CF,2016-05-26,29.959999084472656,30.14999961853028,28.86000061035156,28.959999084472656,23.59298515319824,6052400
CF,2016-05-27,28.89999961853028,29.36000061035156,27.520000457763672,27.700000762939453,22.56649398803711,6984100
CF,2016-05-31,27.700000762939453,27.739999771118164,27.0,27.65999984741211,22.533905029296875,6090900
CF,2016-06-01,27.65999984741211,27.729999542236328,27.0,27.63999938964844,22.517614364624023,3921000
CF,2016-06-02,27.63999938964844,28.270000457763672,27.5,27.979999542236328,22.79460334777832,6262400
CF,2016-06-03,27.93000030517578,28.700000762939453,27.61000061035156,28.61000061035156,23.307846069335938,4223300
CF,2016-06-06,29.450000762939453,31.15999984741211,29.200000762939453,31.14999961853028,25.37711906433105,7725100
CF,2016-06-07,31.38999938964844,32.41999816894531,31.299999237060547,31.959999084472656,26.037010192871094,6240700
CF,2016-06-08,31.96999931335449,32.08000183105469,30.57999992370605,31.07999992370605,25.320098876953125,3669000
CF,2016-06-09,30.59000015258789,30.59000015258789,29.46999931335449,29.790000915527344,24.2691650390625,4885900
CF,2016-06-10,29.39999961853028,30.030000686645508,28.82999992370605,29.229999542236328,23.812950134277344,4878800
CF,2016-06-13,29.43000030517578,30.06999969482422,28.57999992370605,28.6200008392334,23.31599807739257,3452300
CF,2016-06-14,28.57999992370605,29.170000076293945,27.43000030517578,27.729999542236328,22.59092903137207,4068000
CF,2016-06-15,27.81999969482422,28.32999992370605,27.25,27.68000030517578,22.550199508666992,4606300
CF,2016-06-16,27.39999961853028,27.799999237060547,26.549999237060547,27.59000015258789,22.47688102722168,4312900
CF,2016-06-17,27.64999961853028,28.729999542236328,27.6299991607666,28.350000381469727,23.09603309631348,6613200
CF,2016-06-20,28.540000915527344,29.25,27.90999984741211,27.959999084472656,22.778305053710938,3462700
CF,2016-06-21,27.8700008392334,28.049999237060547,27.14999961853028,27.309999465942383,22.248767852783203,4617900
CF,2016-06-22,27.5,27.770000457763672,26.96999931335449,27.020000457763672,22.01251602172852,3785900
CF,2016-06-23,27.190000534057617,27.65999984741211,26.82999992370605,27.63999938964844,22.517614364624023,4862500
CF,2016-06-24,26.540000915527344,26.6200008392334,24.76000022888184,25.43000030517578,20.717180252075195,11112200
CF,2016-06-27,24.940000534057617,24.96999931335449,23.14999961853028,23.479999542236328,19.128564834594727,7575800
CF,2016-06-28,23.86000061035156,24.479999542236328,23.600000381469727,24.059999465942383,19.601078033447266,6589500
CF,2016-06-29,24.46999931335449,24.6299991607666,23.959999084472656,24.34000015258789,19.82918739318848,5769300
CF,2016-06-30,24.36000061035156,24.84000015258789,23.6299991607666,24.100000381469727,19.6336669921875,4517800
CF,2016-07-01,23.920000076293945,24.420000076293945,23.76000022888184,24.21999931335449,19.731426239013672,4839400
CF,2016-07-05,24.09000015258789,24.239999771118164,23.25,23.540000915527344,19.17744827270508,3709800
CF,2016-07-06,23.31999969482422,23.780000686645508,22.75,23.75,19.34852600097656,4798300
CF,2016-07-07,23.90999984741211,24.31999969482422,23.3799991607666,23.5,19.14486122131348,3029800
CF,2016-07-08,24.14999961853028,24.96999931335449,23.850000381469727,24.86000061035156,20.252817153930664,3839000
CF,2016-07-11,25.020000457763672,25.36000061035156,24.6200008392334,24.670000076293945,20.098031997680664,3699000
CF,2016-07-12,25.0,26.489999771118164,24.8799991607666,26.030000686645508,21.205989837646484,4371900
CF,2016-07-13,26.06999969482422,27.01000022888184,25.6299991607666,26.920000076293945,21.93104362487793,4906700
CF,2016-07-14,27.459999084472656,28.31999969482422,27.32999992370605,27.8700008392334,22.70498275756836,7391400
CF,2016-07-15,27.989999771118164,28.020000457763672,27.030000686645508,27.440000534057617,22.354677200317383,4032100
CF,2016-07-18,27.34000015258789,27.81999969482422,26.40999984741211,27.690000534057617,22.55834579467773,3904700
CF,2016-07-19,27.200000762939453,27.280000686645508,26.350000381469727,26.549999237060547,21.629621505737305,5392000
CF,2016-07-20,26.59000015258789,27.100000381469727,26.190000534057617,26.61000061035156,21.67850112915039,4148300
CF,2016-07-21,26.739999771118164,27.06999969482422,26.200000762939453,26.290000915527344,21.417808532714844,3071900
CF,2016-07-22,26.190000534057617,26.40999984741211,25.14999961853028,25.18000030517578,20.513511657714844,4531400
CF,2016-07-25,25.15999984741211,25.420000076293945,24.540000915527344,25.32999992370605,20.635705947875977,5723900
CF,2016-07-26,25.299999237060547,25.93000030517578,25.059999465942383,25.799999237060547,21.01861000061035,2880600
CF,2016-07-27,25.86000061035156,26.32999992370605,25.190000534057617,25.40999984741211,20.700889587402344,3841800
CF,2016-07-28,25.1200008392334,25.18000030517578,24.350000381469727,24.65999984741211,20.08987808227539,3735700
CF,2016-07-29,24.549999237060547,24.75,23.75,24.68000030517578,20.106172561645508,4340600
CF,2016-08-01,24.459999084472656,24.780000686645508,23.979999542236328,24.420000076293945,19.894363403320312,3612200
CF,2016-08-02,24.350000381469727,25.1200008392334,24.049999237060547,24.489999771118164,19.95138359069824,3772600
CF,2016-08-03,24.489999771118164,25.14999961853028,24.290000915527344,24.520000457763672,19.975830078125,3937200
CF,2016-08-04,22.71999931335449,22.950000762939453,20.770000457763672,21.43000030517578,17.458478927612305,25849300
CF,2016-08-05,21.280000686645508,22.15999984741211,21.049999237060547,22.09000015258789,17.996164321899414,8896600
CF,2016-08-08,22.239999771118164,23.280000686645508,22.15999984741211,23.190000534057617,18.89231300354004,6405100
CF,2016-08-09,23.14999961853028,23.3700008392334,22.0,22.1200008392334,18.02060890197754,7150500
CF,2016-08-10,22.11000061035156,22.31999969482422,21.479999542236328,21.56999969482422,17.57253646850586,8197500
CF,2016-08-11,21.3700008392334,22.270000457763672,21.229999542236328,22.26000022888184,18.390439987182617,6181100
CF,2016-08-12,22.21999931335449,22.76000022888184,21.989999771118164,22.350000381469727,18.46478843688965,9086300
CF,2016-08-15,22.56999969482422,23.21999931335449,22.540000915527344,23.200000762939453,19.167037963867188,4954400
CF,2016-08-16,23.290000915527344,23.440000534057617,23.049999237060547,23.200000762939453,19.167037963867188,6010200
CF,2016-08-17,23.489999771118164,23.96999931335449,22.940000534057617,23.309999465942383,19.25790977478028,5654300
CF,2016-08-18,23.270000457763672,23.32999992370605,22.57999992370605,22.739999771118164,18.78700065612793,5635100
CF,2016-08-19,22.540000915527344,23.170000076293945,22.32999992370605,23.020000457763672,19.018325805664062,5068300
CF,2016-08-22,23.030000686645508,23.71999931335449,22.799999237060547,23.690000534057617,19.571853637695312,3705700
CF,2016-08-23,24.38999938964844,25.549999237060547,24.36000061035156,24.82999992370605,20.513681411743164,7825300
CF,2016-08-24,24.93000030517578,24.950000762939453,23.96999931335449,24.040000915527344,19.86101722717285,6321200
CF,2016-08-25,23.940000534057617,24.59000015258789,23.940000534057617,24.229999542236328,20.01798248291016,4955300
CF,2016-08-26,24.559999465942383,24.799999237060547,23.8799991607666,23.979999542236328,19.811443328857425,5168800
CF,2016-08-29,24.450000762939453,25.11000061035156,24.350000381469727,24.979999542236328,20.637609481811523,4905700
CF,2016-08-30,24.979999542236328,26.729999542236328,24.8799991607666,26.170000076293945,21.62074851989746,13912700
CF,2016-08-31,25.96999931335449,26.75,25.68000030517578,26.0,21.48029327392578,8891500
CF,2016-09-01,26.11000061035156,26.18000030517578,25.46999931335449,25.600000381469727,21.14983367919922,4141100
CF,2016-09-02,25.82999992370605,26.15999984741211,25.46999931335449,25.940000534057617,21.43073081970215,3713600
CF,2016-09-06,25.959999084472656,26.15999984741211,25.51000022888184,25.64999961853028,21.191139221191406,3120100
CF,2016-09-07,25.729999542236328,26.1299991607666,25.280000686645508,25.530000686645508,21.09199905395508,3876500
CF,2016-09-08,25.39999961853028,26.46999931335449,25.38999938964844,25.959999084472656,21.44725227355957,5459500
CF,2016-09-09,25.71999931335449,25.93000030517578,25.0,25.0,20.65413284301757,4990700
CF,2016-09-12,24.920000076293945,25.65999984741211,24.700000762939453,25.51000022888184,21.07547950744629,4649100
CF,2016-09-13,25.0,25.0,23.65999984741211,24.01000022888184,19.836225509643555,6289300
CF,2016-09-14,24.06999969482422,24.14999961853028,23.350000381469727,24.030000686645508,19.852752685546875,6467400
CF,2016-09-15,23.940000534057617,24.39999961853028,23.56999969482422,24.09000015258789,19.90232276916504,5359100
CF,2016-09-16,23.739999771118164,24.200000762939453,23.71999931335449,24.020000457763672,19.844491958618164,3944100
CF,2016-09-19,24.15999984741211,24.290000915527344,23.64999961853028,23.68000030517578,19.5635929107666,3471200
CF,2016-09-20,23.850000381469727,23.850000381469727,23.13999938964844,23.299999237060547,19.249650955200195,5300100
CF,2016-09-21,23.6200008392334,23.850000381469727,22.8799991607666,23.030000686645508,19.026592254638672,8173500
CF,2016-09-22,23.170000076293945,23.709999084472656,23.1299991607666,23.229999542236328,19.191818237304688,4750500
CF,2016-09-23,23.1299991607666,23.31999969482422,22.290000915527344,22.6299991607666,18.69611930847168,6960800
CF,2016-09-26,22.540000915527344,22.90999984741211,22.26000022888184,22.63999938964844,18.704381942749023,4950600
CF,2016-09-27,22.440000534057617,22.920000076293945,22.200000762939453,22.88999938964844,18.91092109680176,5472400
CF,2016-09-28,23.049999237060547,24.030000686645508,23.030000686645508,23.950000762939453,19.786657333374023,5773800
CF,2016-09-29,23.90999984741211,24.68000030517578,23.71999931335449,24.200000762939453,19.993200302124023,4468900
CF,2016-09-30,24.299999237060547,24.729999542236328,23.950000762939453,24.350000381469727,20.117130279541016,4186300
CF,2016-10-03,24.270000457763672,24.38999938964844,23.82999992370605,24.209999084472656,20.0014591217041,4257700
CF,2016-10-04,24.280000686645508,24.709999084472656,24.14999961853028,24.39999961853028,20.158432006835938,3865700
CF,2016-10-05,24.56999969482422,25.14999961853028,24.209999084472656,24.86000061035156,20.538471221923828,4704200
CF,2016-10-06,24.770000457763672,25.11000061035156,24.01000022888184,24.65999984741211,20.37323570251465,4226500
CF,2016-10-07,24.670000076293945,24.770000457763672,23.940000534057617,23.950000762939453,19.786657333374023,3901500
CF,2016-10-10,24.15999984741211,24.350000381469727,23.799999237060547,23.86000061035156,19.712303161621094,3346600
CF,2016-10-11,23.75,23.82999992370605,23.25,23.459999084472656,19.3818359375,4050600
CF,2016-10-12,23.479999542236328,23.56999969482422,22.559999465942383,22.920000076293945,18.93571281433105,4706800
CF,2016-10-13,22.61000061035156,23.170000076293945,22.0,23.040000915527344,19.034852981567383,6075200
CF,2016-10-14,23.25,23.559999465942383,22.21999931335449,22.280000686645508,18.406963348388672,4740900
CF,2016-10-17,22.270000457763672,22.790000915527344,22.229999542236328,22.600000381469727,18.67133903503418,5070700
CF,2016-10-18,22.86000061035156,23.6299991607666,22.729999542236328,23.459999084472656,19.3818359375,5603400
CF,2016-10-19,23.3700008392334,24.40999984741211,23.270000457763672,24.14999961853028,19.951887130737305,6426100
CF,2016-10-20,23.799999237060547,25.36000061035156,23.530000686645508,24.979999542236328,20.637609481811523,8322600
CF,2016-10-21,25.030000686645508,26.209999084472656,24.770000457763672,25.920000076293945,21.41420555114746,8578300
CF,2016-10-24,25.920000076293945,25.940000534057617,25.0,25.350000381469727,20.94329071044922,4582100
CF,2016-10-25,25.38999938964844,25.799999237060547,25.200000762939453,25.540000915527344,21.10025405883789,4860100
CF,2016-10-26,25.450000762939453,26.0,25.239999771118164,25.549999237060547,21.10852813720703,4572000
CF,2016-10-27,25.8700008392334,25.950000762939453,24.459999084472656,24.530000686645508,20.26583480834961,4568300
CF,2016-10-28,24.6200008392334,24.93000030517578,24.09000015258789,24.520000457763672,20.257572174072266,4721800
CF,2016-10-31,24.459999084472656,24.799999237060547,23.940000534057617,24.01000022888184,19.836225509643555,3501100
CF,2016-11-01,24.14999961853028,25.01000022888184,23.920000076293945,24.88999938964844,20.563251495361328,7449100
CF,2016-11-02,24.790000915527344,25.11000061035156,24.559999465942383,24.700000762939453,20.406286239624023,5569300
CF,2016-11-03,23.56999969482422,23.56999969482422,22.18000030517578,22.600000381469727,18.67133903503418,19321100
CF,2016-11-04,22.64999961853028,23.420000076293945,22.57999992370605,23.11000061035156,19.092679977416992,7892000
CF,2016-11-07,23.51000022888184,23.65999984741211,23.1200008392334,23.290000915527344,19.241390228271484,5833500
CF,2016-11-08,23.200000762939453,24.489999771118164,23.040000915527344,24.34000015258789,20.108861923217773,8295300
CF,2016-11-09,24.049999237060547,26.71999931335449,23.729999542236328,26.479999542236328,21.87685775756836,10914600
CF,2016-11-10,26.530000686645508,28.229999542236328,26.530000686645508,27.1299991607666,22.67070579528809,9181500
CF,2016-11-11,27.100000381469727,28.0,26.90999984741211,27.780000686645508,23.213865280151367,7297400
CF,2016-11-14,27.82999992370605,28.299999237060547,27.420000076293945,28.200000762939453,23.564838409423828,5719800
CF,2016-11-15,28.040000915527344,28.25,27.40999984741211,27.799999237060547,23.230581283569336,5607000
CF,2016-11-16,27.700000762939453,27.850000381469727,27.440000534057617,27.440000534057617,22.92975807189941,3502500
CF,2016-11-17,27.6200008392334,27.780000686645508,26.950000762939453,27.09000015258789,22.637285232543945,5538600
CF,2016-11-18,26.96999931335449,29.030000686645508,26.96999931335449,28.959999084472656,24.19991683959961,7934300
CF,2016-11-21,29.57999992370605,30.239999771118164,29.3799991607666,29.8700008392334,24.960336685180664,7051100
CF,2016-11-22,29.76000022888184,29.76000022888184,27.920000076293945,28.38999938964844,23.723604202270508,9453200
CF,2016-11-23,28.309999465942383,28.46999931335449,27.770000457763672,28.3799991607666,23.71524810791016,6702000
CF,2016-11-25,28.479999542236328,28.93000030517578,28.170000076293945,28.549999237060547,23.8573055267334,1755200
CF,2016-11-28,28.459999084472656,28.790000915527344,27.90999984741211,28.190000534057617,23.55647850036621,3159800
CF,2016-11-29,27.89999961853028,28.1299991607666,27.34000015258789,27.43000030517578,22.921396255493164,3933600
CF,2016-11-30,27.979999542236328,29.309999465942383,27.81999969482422,28.940000534057617,24.18320083618164,6436700
CF,2016-12-01,29.09000015258789,29.950000762939453,28.559999465942383,28.71999931335449,23.99936485290528,5958900
CF,2016-12-02,28.790000915527344,29.61000061035156,28.059999465942383,28.3799991607666,23.71524810791016,5097300
CF,2016-12-05,28.790000915527344,29.290000915527344,28.299999237060547,28.57999992370605,23.88237762451172,7761800
CF,2016-12-06,28.290000915527344,28.780000686645508,27.81999969482422,28.56999969482422,23.8740177154541,6881700
CF,2016-12-07,28.559999465942383,30.11000061035156,28.5,29.71999931335449,24.83499336242676,6748400
CF,2016-12-08,29.920000076293945,30.75,29.71999931335449,30.3700008392334,25.378162384033203,4430700
CF,2016-12-09,30.43000030517578,30.950000762939453,30.040000915527344,30.950000762939453,25.86282539367676,4674500
CF,2016-12-12,30.81999969482422,30.8700008392334,28.670000076293945,29.0,24.233339309692383,6049600
CF,2016-12-13,29.06999969482422,29.299999237060547,28.049999237060547,28.40999984741211,23.74031639099121,6542500
CF,2016-12-14,28.280000686645508,28.84000015258789,28.030000686645508,28.11000061035156,23.48963165283203,3011900
CF,2016-12-15,27.96999931335449,29.07999992370605,27.75,28.64999961853028,23.94086647033692,4453900
CF,2016-12-16,28.57999992370605,29.61000061035156,28.21999931335449,29.479999542236328,24.63444328308105,10461700
CF,2016-12-19,29.15999984741211,29.5,28.13999938964844,28.290000915527344,23.64004135131836,5416900
CF,2016-12-20,28.46999931335449,29.09000015258789,28.290000915527344,28.989999771118164,24.224985122680664,3921800
CF,2016-12-21,29.11000061035156,29.11000061035156,28.549999237060547,28.89999961853028,24.149778366088867,3782400
CF,2016-12-22,28.96999931335449,30.170000076293945,28.81999969482422,30.11000061035156,25.160898208618164,4335200
CF,2016-12-23,30.11000061035156,30.809999465942383,29.61000061035156,30.709999084472656,25.66227149963379,5475500
CF,2016-12-27,30.90999984741211,32.11000061035156,30.71999931335449,31.950000762939453,26.698457717895508,6222900
CF,2016-12-28,32.11000061035156,32.61000061035156,31.280000686645508,31.6299991607666,26.43105697631836,3653400
CF,2016-12-29,31.520000457763672,32.040000915527344,31.440000534057617,31.89999961853028,26.656673431396484,4220100
CF,2016-12-30,31.809999465942383,32.15999984741211,31.07999992370605,31.479999542236328,26.305709838867188,4181300
CF,2017-01-03,32.02000045776367,32.59000015258789,31.65999984741211,31.8700008392334,26.631607055664062,6719700
CF,2017-01-04,32.11000061035156,33.040000915527344,32.040000915527344,33.040000915527344,27.60929679870605,5479500
CF,2017-01-05,33.040000915527344,33.400001525878906,32.31999969482422,33.04999923706055,27.617647171020508,5949600
CF,2017-01-06,33.06999969482422,33.5,33.02000045776367,33.470001220703125,27.968624114990234,2840200
CF,2017-01-09,33.470001220703125,33.95000076293945,33.06999969482422,33.77000045776367,28.21930885314941,4523200
CF,2017-01-10,33.40999984741211,33.779998779296875,32.400001525878906,32.72999954223633,27.350248336791992,6816000
CF,2017-01-11,32.869998931884766,34.2400016784668,32.86000061035156,34.189998626708984,28.570274353027344,6500000
CF,2017-01-12,33.93000030517578,34.56999969482422,33.40999984741211,34.5099983215332,28.83767890930176,5902000
CF,2017-01-13,34.369998931884766,34.70000076293945,33.34000015258789,33.97999954223633,28.394794464111328,4144900
CF,2017-01-17,34.22999954223633,34.2599983215332,32.86000061035156,32.88999938964844,27.48395156860352,4777800
CF,2017-01-18,32.88999938964844,32.91999816894531,32.290000915527344,32.31999969482422,27.00763893127441,5392300
CF,2017-01-19,32.58000183105469,32.720001220703125,31.989999771118164,32.25,26.94914436340332,5020000
CF,2017-01-20,33.720001220703125,34.34000015258789,33.040000915527344,34.20000076293945,28.57863426208496,7960500
CF,2017-01-23,34.0,35.290000915527344,33.91999816894531,35.25,29.456035614013672,7577100
CF,2017-01-24,35.630001068115234,37.130001068115234,35.560001373291016,36.84999847412109,30.79305076599121,10489100
CF,2017-01-25,37.11000061035156,37.16999816894531,36.02000045776367,36.540000915527344,30.53402137756348,4964000
CF,2017-01-26,34.810001373291016,36.47999954223633,34.5,36.209999084472656,30.25825309753418,6072700
CF,2017-01-27,36.470001220703125,36.79999923706055,35.790000915527344,36.5099983215332,30.50894927978516,4210200
CF,2017-01-30,36.27999877929688,36.27999877929688,35.119998931884766,35.38999938964844,29.573028564453125,4156200
CF,2017-01-31,35.7400016784668,36.09999847412109,35.15999984741211,35.290000915527344,29.48946952819824,4355300
CF,2017-02-01,35.34000015258789,36.68999862670898,35.2599983215332,36.630001068115234,30.60921096801757,4594800
CF,2017-02-02,36.40999984741211,36.40999984741211,35.31999969482422,35.630001068115234,29.773578643798828,3911000
CF,2017-02-03,35.790000915527344,36.13999938964844,35.540000915527344,35.68000030517578,29.81536865234375,3189400
CF,2017-02-06,35.70000076293945,35.75,34.77000045776367,35.4900016784668,29.656599044799805,3882500
CF,2017-02-07,35.04999923706055,35.560001373291016,34.349998474121094,34.88999938964844,29.15521049499512,4909000
CF,2017-02-08,34.900001525878906,35.16999816894531,34.40999984741211,34.939998626708984,29.196998596191406,3068300
CF,2017-02-09,34.900001525878906,35.0099983215332,34.45000076293945,34.4900016784668,28.82096672058105,3718800
CF,2017-02-10,34.75,35.900001525878906,34.58000183105469,35.84000015258789,29.94907569885254,4172300
CF,2017-02-13,36.08000183105469,37.09999847412109,36.02000045776367,36.709999084472656,30.67606735229492,6424300
CF,2017-02-14,36.47999954223633,36.56999969482422,35.779998779296875,36.31999969482422,30.350175857543945,7961300
CF,2017-02-15,36.20000076293945,36.2599983215332,34.31999969482422,34.4900016784668,29.061004638671875,9226000
CF,2017-02-16,33.68000030517578,35.709999084472656,33.380001068115234,33.52000045776367,28.243688583374023,10609500
CF,2017-02-17,33.5099983215332,34.150001525878906,33.310001373291016,34.11000061035156,28.740821838378903,6668800
CF,2017-02-21,34.18000030517578,34.540000915527344,33.439998626708984,33.93000030517578,28.58915138244629,5137500
CF,2017-02-22,33.7599983215332,33.97999954223633,33.189998626708984,33.220001220703125,27.99091339111328,3145900
CF,2017-02-23,33.2400016784668,33.2599983215332,31.07999992370605,31.81999969482422,26.811283111572266,7986100
CF,2017-02-24,31.420000076293945,31.51000022888184,30.57999992370605,31.14999961853028,26.246746063232425,5696400
CF,2017-02-27,31.100000381469727,31.540000915527344,30.920000076293945,31.489999771118164,26.53322410583496,3897800
CF,2017-02-28,31.14999961853028,32.13999938964844,31.020000457763672,31.420000076293945,26.47425079345703,5672500
CF,2017-03-01,31.989999771118164,32.27000045776367,31.36000061035156,32.150001525878906,27.089340209960938,5653800
CF,2017-03-02,32.150001525878906,32.29999923706055,31.530000686645508,31.559999465942383,26.59221076965332,4037600
CF,2017-03-03,31.46999931335449,31.530000686645508,30.84000015258789,30.950000762939453,26.07822608947754,5302300
CF,2017-03-06,30.790000915527344,31.07999992370605,30.420000076293945,30.82999992370605,25.97711944580078,3378200
CF,2017-03-07,30.670000076293945,30.75,29.8799991607666,30.200000762939453,25.446287155151367,5349400
CF,2017-03-08,30.1200008392334,30.450000762939453,29.540000915527344,29.6200008392334,24.957578659057617,4775900
CF,2017-03-09,29.90999984741211,30.88999938964844,29.0,29.34000015258789,24.721649169921875,5520000
CF,2017-03-10,29.38999938964844,29.61000061035156,29.0,29.420000076293945,24.78906440734864,3142400
CF,2017-03-13,29.68000030517578,29.68000030517578,29.200000762939453,29.420000076293945,24.78906440734864,4511600
CF,2017-03-14,29.18000030517578,29.18000030517578,28.489999771118164,28.68000030517578,24.16554069519043,4798400
CF,2017-03-15,28.82999992370605,29.38999938964844,28.489999771118164,28.850000381469727,24.30878257751465,6407100
CF,2017-03-16,29.100000381469727,29.15999984741211,28.350000381469727,28.709999084472656,24.190818786621094,4926600
CF,2017-03-17,28.959999084472656,29.57999992370605,28.93000030517578,29.290000915527344,24.679527282714844,9977100
CF,2017-03-20,29.979999542236328,30.39999961853028,29.64999961853028,30.38999938964844,25.60637092590332,6302000
CF,2017-03-21,30.459999084472656,30.530000686645508,29.39999961853028,29.540000915527344,24.89016914367676,5078300
CF,2017-03-22,29.290000915527344,29.57999992370605,28.71999931335449,29.229999542236328,24.62896728515625,4495800
CF,2017-03-23,29.059999465942383,29.520000457763672,28.8700008392334,29.38999938964844,24.76378059387207,3676400
CF,2017-03-24,29.489999771118164,29.700000762939453,28.979999542236328,29.18000030517578,24.58683967590332,6549100
CF,2017-03-27,28.739999771118164,29.51000022888184,28.64999961853028,29.239999771118164,24.63739776611328,3387200
CF,2017-03-28,29.26000022888184,30.420000076293945,29.1299991607666,30.239999771118164,25.47998237609864,3948200
CF,2017-03-29,30.270000457763672,31.100000381469727,30.270000457763672,30.86000061035156,26.00239562988281,4344400
CF,2017-03-30,30.6200008392334,30.86000061035156,29.479999542236328,29.670000076293945,24.999711990356445,6368400
CF,2017-03-31,29.670000076293945,29.790000915527344,28.89999961853028,29.350000381469727,24.73007774353028,7377700
CF,2017-04-03,29.420000076293945,29.670000076293945,28.13999938964844,28.420000076293945,23.946474075317383,5237500
CF,2017-04-04,28.420000076293945,29.25,28.280000686645508,29.229999542236328,24.62896728515625,5140800
CF,2017-04-05,29.38999938964844,29.520000457763672,28.76000022888184,28.799999237060547,24.26665496826172,3893000
CF,2017-04-06,28.850000381469727,29.709999084472656,28.76000022888184,29.65999984741211,24.991283416748047,3638700
CF,2017-04-07,29.540000915527344,29.850000381469727,29.200000762939453,29.51000022888184,24.864892959594727,2923000
CF,2017-04-10,29.530000686645508,30.06999969482422,29.36000061035156,29.86000061035156,25.15980339050293,2306900
CF,2017-04-11,29.81999969482422,30.01000022888184,29.520000457763672,29.64999961853028,24.98285865783692,4062100
CF,2017-04-12,29.39999961853028,29.479999542236328,28.489999771118164,28.6200008392334,24.114988327026367,5074600
CF,2017-04-13,28.5,28.850000381469727,28.280000686645508,28.420000076293945,23.946474075317383,2695900
CF,2017-04-17,28.5,28.5,27.3799991607666,27.51000022888184,23.179712295532227,4606900
CF,2017-04-18,27.270000457763672,27.270000457763672,26.739999771118164,27.07999992370605,22.81739616394043,4645600
CF,2017-04-19,27.06999969482422,27.239999771118164,26.36000061035156,26.600000381469727,22.41294860839844,3468300
CF,2017-04-20,26.700000762939453,26.950000762939453,26.530000686645508,26.57999992370605,22.39609718322754,3749900
CF,2017-04-21,26.459999084472656,26.5,25.81999969482422,26.0,21.90739250183105,3916300
CF,2017-04-24,26.309999465942383,26.459999084472656,25.89999961853028,26.40999984741211,22.25286102294922,3341800
CF,2017-04-25,26.670000076293945,27.549999237060547,26.450000762939453,27.34000015258789,23.036466598510746,5093800
CF,2017-04-26,27.18000030517578,27.450000762939453,26.979999542236328,27.26000022888184,22.969066619873047,3773900
CF,2017-04-27,27.56999969482422,27.6299991607666,26.89999961853028,27.43000030517578,23.112302780151367,3005100
CF,2017-04-28,27.559999465942383,27.559999465942383,26.709999084472656,26.739999771118164,22.53091049194336,3567800
CF,2017-05-01,26.8799991607666,26.920000076293945,26.3700008392334,26.729999542236328,22.522485733032227,3794400
CF,2017-05-02,26.6200008392334,26.6299991607666,25.940000534057617,26.3700008392334,22.21916007995605,7617700
CF,2017-05-03,26.18000030517578,26.239999771118164,25.040000915527344,25.51000022888184,21.494531631469727,8303500
CF,2017-05-04,26.200000762939453,27.46999931335449,26.059999465942383,27.06999969482422,22.80896759033203,13283800
CF,2017-05-05,27.3700008392334,28.68000030517578,27.15999984741211,28.420000076293945,23.946474075317383,6661600
CF,2017-05-08,28.76000022888184,29.32999992370605,27.65999984741211,27.76000022888184,23.39035987854004,6447400
CF,2017-05-09,27.89999961853028,28.01000022888184,27.31999969482422,27.420000076293945,23.10387420654297,3804900
CF,2017-05-10,27.46999931335449,27.920000076293945,27.420000076293945,27.6200008392334,23.27239990234375,3696000
CF,2017-05-11,27.170000076293945,27.57999992370605,26.63999938964844,27.200000762939453,23.17017364501953,2958500
CF,2017-05-12,27.18000030517578,27.549999237060547,26.63999938964844,26.780000686645508,22.812397003173828,2755900
CF,2017-05-15,27.040000915527344,28.040000915527344,26.96999931335449,27.739999771118164,23.63016891479492,3953300
CF,2017-05-16,27.799999237060547,28.209999084472656,27.68000030517578,28.06999969482422,23.911277770996094,5121400
CF,2017-05-17,28.06999969482422,28.170000076293945,27.32999992370605,27.459999084472656,23.39165306091309,3669700
CF,2017-05-18,27.0,27.51000022888184,26.780000686645508,27.40999984741211,23.349063873291016,2674200
CF,2017-05-19,27.56999969482422,28.93000030517578,27.549999237060547,28.559999465942383,24.32868385314941,4975700
CF,2017-05-22,28.690000534057617,28.850000381469727,27.780000686645508,28.290000915527344,24.09868431091309,2727200
CF,2017-05-23,28.39999961853028,29.11000061035156,28.32999992370605,28.950000762939453,24.66090583801269,4142100
CF,2017-05-24,28.959999084472656,29.290000915527344,28.309999465942383,28.440000534057617,24.226463317871094,3147800
CF,2017-05-25,28.65999984741211,29.06999969482422,27.700000762939453,28.09000015258789,23.928316116333008,4854000
CF,2017-05-26,27.989999771118164,28.190000534057617,27.6299991607666,28.1299991607666,23.962387084960938,2486500
CF,2017-05-30,28.0,28.3700008392334,27.88999938964844,27.90999984741211,23.77498245239257,2743900
CF,2017-05-31,27.920000076293945,28.1200008392334,26.71999931335449,26.89999961853028,22.91461563110352,4788400
CF,2017-06-01,26.89999961853028,27.489999771118164,26.75,27.030000686645508,23.025362014770508,4141700
CF,2017-06-02,26.93000030517578,26.989999771118164,25.790000915527344,26.39999961853028,22.48870086669922,6658200
CF,2017-06-05,26.32999992370605,26.440000534057617,25.920000076293945,26.280000686645508,22.386478424072266,3496500
CF,2017-06-06,26.190000534057617,26.40999984741211,25.64999961853028,26.100000381469727,22.233142852783203,3795500
CF,2017-06-07,26.1200008392334,26.239999771118164,25.770000457763672,26.21999931335449,22.33536529541016,4920300
CF,2017-06-08,26.21999931335449,27.25,26.0,26.770000457763672,22.80388259887696,3705300
CF,2017-06-09,26.770000457763672,27.479999542236328,26.600000381469727,27.25,23.2127685546875,5114900
CF,2017-06-12,27.209999084472656,28.489999771118164,27.07999992370605,27.36000061035156,23.306472778320312,5512400
CF,2017-06-13,27.440000534057617,28.5,27.07999992370605,28.479999542236328,24.26053237915039,3257100
CF,2017-06-14,28.5,28.5,27.32999992370605,27.3700008392334,23.31498908996582,3376000
CF,2017-06-15,27.15999984741211,27.280000686645508,26.6299991607666,26.75,22.786846160888672,3486600
CF,2017-06-16,26.75,27.57999992370605,26.6200008392334,27.57999992370605,23.493877410888672,4027500
CF,2017-06-19,27.76000022888184,28.270000457763672,27.76000022888184,28.239999771118164,24.05609130859375,3114900
CF,2017-06-20,28.020000457763672,28.020000457763672,27.1299991607666,27.18000030517578,23.15314102172852,3732600
CF,2017-06-21,27.299999237060547,27.51000022888184,26.6200008392334,26.700000762939453,22.744253158569336,2810000
CF,2017-06-22,26.59000015258789,27.61000061035156,26.51000022888184,27.34000015258789,23.28943252563477,3179400
CF,2017-06-23,27.299999237060547,27.479999542236328,26.780000686645508,27.450000762939453,23.383140563964844,4262400
CF,2017-06-26,27.57999992370605,27.65999984741211,27.07999992370605,27.40999984741211,23.349063873291016,3752900
CF,2017-06-27,27.489999771118164,27.809999465942383,26.84000015258789,26.8700008392334,22.889066696166992,3353900
CF,2017-06-28,27.1299991607666,27.549999237060547,27.040000915527344,27.170000076293945,23.14461898803711,2460700
CF,2017-06-29,27.39999961853028,28.040000915527344,27.36000061035156,27.43000030517578,23.3660945892334,4403900
CF,2017-06-30,27.489999771118164,28.07999992370605,26.959999084472656,27.959999084472656,23.817577362060547,4521400
CF,2017-07-03,28.200000762939453,29.3700008392334,28.18000030517578,29.21999931335449,24.89090919494629,4050700
CF,2017-07-05,29.34000015258789,29.34000015258789,28.350000381469727,28.71999931335449,24.46497917175293,5108500
CF,2017-07-06,28.61000061035156,28.86000061035156,27.530000686645508,27.57999992370605,23.493877410888672,3710200
CF,2017-07-07,27.600000381469727,27.93000030517578,27.270000457763672,27.88999938964844,23.757951736450195,3339400
CF,2017-07-10,27.850000381469727,29.959999084472656,27.729999542236328,29.71999931335449,25.31682014465332,7721300
CF,2017-07-11,29.709999084472656,30.059999465942383,28.68000030517578,29.440000534057617,25.078304290771484,4628500
CF,2017-07-12,29.670000076293945,30.43000030517578,28.600000381469727,28.920000076293945,24.635343551635746,6523100
CF,2017-07-13,28.86000061035156,29.700000762939453,28.299999237060547,29.51000022888184,25.137937545776367,4243700
CF,2017-07-14,29.559999465942383,29.8799991607666,29.290000915527344,29.489999771118164,25.12090110778809,3695800
CF,2017-07-17,29.459999084472656,29.86000061035156,28.93000030517578,29.270000457763672,24.933496475219727,3076300
CF,2017-07-18,29.229999542236328,29.46999931335449,28.81999969482422,29.43000030517578,25.069787979125977,3003500
CF,2017-07-19,29.61000061035156,30.84000015258789,29.600000381469727,30.809999465942383,26.245332717895508,5647400
CF,2017-07-20,30.950000762939453,31.31999969482422,30.39999961853028,31.1299991607666,26.517921447753903,4044000
CF,2017-07-21,30.940000534057617,31.309999465942383,30.88999938964844,31.13999938964844,26.52643775939941,2669300
CF,2017-07-24,30.950000762939453,31.01000022888184,30.1299991607666,30.21999931335449,25.74274444580078,4873200
CF,2017-07-25,30.559999465942383,30.979999542236328,29.89999961853028,30.170000076293945,25.700151443481445,6840900
CF,2017-07-26,29.850000381469727,30.01000022888184,28.63999938964844,28.8799991607666,24.60127067565918,8457200
CF,2017-07-27,28.93000030517578,29.200000762939453,28.440000534057617,28.809999465942383,24.54164123535156,4933600
CF,2017-07-28,28.739999771118164,29.229999542236328,28.739999771118164,28.989999771118164,24.694976806640625,2708000
CF,2017-07-31,29.040000915527344,29.56999969482422,28.979999542236328,29.350000381469727,25.00164222717285,6794500
CF,2017-08-01,29.479999542236328,29.520000457763672,28.26000022888184,29.21999931335449,24.89090919494629,6144200
CF,2017-08-02,29.190000534057617,29.280000686645508,28.489999771118164,28.71999931335449,24.46497917175293,5361500
CF,2017-08-03,28.38999938964844,30.780000686645508,27.770000457763672,30.709999084472656,26.16015243530273,9932000
CF,2017-08-04,30.86000061035156,32.369998931884766,30.850000381469727,32.209999084472656,27.437917709350582,8358500
CF,2017-08-07,32.349998474121094,32.349998474121094,31.26000022888184,31.93000030517578,27.199398040771484,4184000
CF,2017-08-08,31.86000061035156,32.220001220703125,31.280000686645508,31.489999771118164,26.8245906829834,5247800
CF,2017-08-09,31.239999771118164,31.920000076293945,31.1299991607666,31.8799991607666,27.15680503845215,3585900
CF,2017-08-10,31.600000381469727,32.59000015258789,30.65999984741211,30.76000022888184,26.20273971557617,6247600
CF,2017-08-11,30.56999969482422,30.84000015258789,30.209999084472656,30.51000022888184,26.245756149291992,3853800
CF,2017-08-14,30.799999237060547,30.799999237060547,30.200000762939453,30.21999931335449,25.99628639221192,2369400
CF,2017-08-15,30.06999969482422,30.420000076293945,29.600000381469727,30.299999237060547,26.065099716186523,2819900
CF,2017-08-16,30.299999237060547,30.739999771118164,30.040000915527344,30.209999084472656,25.98768424987793,2348500
CF,2017-08-17,30.18000030517578,30.299999237060547,29.059999465942383,29.15999984741211,25.084436416625977,4758700
CF,2017-08-18,29.07999992370605,29.3700008392334,28.549999237060547,29.030000686645508,24.97260475158692,3399500
CF,2017-08-21,29.09000015258789,29.3700008392334,28.88999938964844,29.18000030517578,25.101640701293945,2154000
CF,2017-08-22,29.200000762939453,29.6200008392334,29.1299991607666,29.239999771118164,25.153255462646484,2849100
CF,2017-08-23,29.06999969482422,29.38999938964844,28.90999984741211,28.93000030517578,24.88658332824707,1873200
CF,2017-08-24,28.940000534057617,29.170000076293945,28.64999961853028,29.030000686645508,24.97260475158692,3038000
CF,2017-08-25,29.190000534057617,29.190000534057617,28.82999992370605,28.979999542236328,24.929594039916992,2082800
CF,2017-08-28,29.100000381469727,29.459999084472656,28.790000915527344,29.030000686645508,24.97260475158692,4411800
CF,2017-08-29,28.700000762939453,28.850000381469727,28.46999931335449,28.82999992370605,24.80055427551269,2052700
CF,2017-08-30,28.799999237060547,29.14999961853028,28.559999465942383,28.940000534057617,24.89518165588379,2158500
CF,2017-08-31,29.11000061035156,29.31999969482422,28.790000915527344,28.989999771118164,24.938194274902344,3119700
CF,2017-09-01,28.989999771118164,30.07999992370605,28.88999938964844,29.979999542236328,25.78982925415039,3970000
CF,2017-09-05,30.0,30.38999938964844,28.950000762939453,29.07999992370605,25.0156192779541,4924000
CF,2017-09-06,29.26000022888184,31.350000381469727,29.209999084472656,31.200000762939453,26.839311599731445,5988900
CF,2017-09-07,31.200000762939453,31.799999237060547,30.90999984741211,31.68000030517578,27.25222969055176,3975400
CF,2017-09-08,31.64999961853028,32.27000045776367,31.46999931335449,32.040000915527344,27.561914443969727,3834900
CF,2017-09-11,32.29999923706055,32.7599983215332,31.959999084472656,32.310001373291016,27.794174194335938,3500300
CF,2017-09-12,32.5,33.560001373291016,31.920000076293945,32.189998626708984,27.690942764282227,5621500
CF,2017-09-13,32.29999923706055,32.470001220703125,31.75,32.099998474121094,27.61352157592773,2184900
CF,2017-09-14,32.06999969482422,32.439998626708984,31.89999961853028,32.36000061035156,27.83718681335449,3406300
CF,2017-09-15,32.279998779296875,33.0,32.2400016784668,32.88999938964844,28.29311180114746,4864000
CF,2017-09-18,33.470001220703125,36.5099983215332,33.31999969482422,35.099998474121094,30.19422912597656,10287800
CF,2017-09-19,35.25,36.130001068115234,35.20000076293945,35.540000915527344,30.57272720336914,5590000
CF,2017-09-20,35.630001068115234,36.0099983215332,34.86000061035156,35.189998626708984,30.27164649963379,4621300
CF,2017-09-21,35.13999938964844,36.09999847412109,35.02000045776367,35.959999084472656,30.93403053283692,3249500
CF,2017-09-22,35.83000183105469,35.9900016784668,35.130001068115234,35.22999954223633,30.306058883666992,3144600
CF,2017-09-25,35.45000076293945,36.0099983215332,35.22999954223633,35.90999984741211,30.891016006469727,3658600
CF,2017-09-26,35.779998779296875,35.880001068115234,34.33000183105469,34.880001068115234,30.004972457885746,5100100
CF,2017-09-27,34.880001068115234,35.349998474121094,34.38999938964844,35.09000015258789,30.185625076293945,3814900
CF,2017-09-28,35.279998779296875,35.790000915527344,34.43000030517578,34.84000015258789,29.970569610595703,4499000
CF,2017-09-29,34.720001220703125,35.20000076293945,34.11000061035156,35.15999984741211,30.2458438873291,4052800
CF,2017-10-02,35.11000061035156,35.529998779296875,34.689998626708984,35.400001525878906,30.452301025390625,3315700
CF,2017-10-03,35.529998779296875,35.720001220703125,35.029998779296875,35.38999938964844,30.44369506835937,3332800
CF,2017-10-04,35.41999816894531,35.86000061035156,34.90999984741211,35.099998474121094,30.19422912597656,2334400
CF,2017-10-05,35.16999816894531,35.25,34.83000183105469,35.029998779296875,30.134014129638672,2199000
CF,2017-10-06,34.869998931884766,34.900001525878906,33.97999954223633,34.20000076293945,29.42001724243164,3331500
CF,2017-10-09,34.36000061035156,34.68000030517578,33.93000030517578,34.439998626708984,29.62647247314453,2712400
CF,2017-10-10,34.439998626708984,34.560001373291016,34.04999923706055,34.47999954223633,29.6608829498291,2979800
CF,2017-10-11,34.5,34.959999084472656,33.95000076293945,34.90999984741211,30.030776977539062,5852100
CF,2017-10-12,34.91999816894531,35.869998931884766,34.90999984741211,35.84000015258789,30.83080101013184,4026600
CF,2017-10-13,36.06999969482422,37.0,35.93000030517578,36.79999923706055,31.65662002563477,6124100
CF,2017-10-16,36.7599983215332,37.290000915527344,36.470001220703125,36.88999938964844,31.73405265808105,4278200
CF,2017-10-17,36.900001525878906,37.38999938964844,36.470001220703125,37.0,31.828676223754883,4643600
CF,2017-10-18,37.02000045776367,37.310001373291016,36.2599983215332,36.83000183105469,31.682445526123047,3160900
CF,2017-10-19,36.540000915527344,36.77000045776367,36.0099983215332,36.33000183105469,31.252321243286133,3192800
CF,2017-10-20,36.75,37.02000045776367,36.36000061035156,36.9900016784668,31.82007026672364,3194000
CF,2017-10-23,36.900001525878906,37.18999862670898,36.27999877929688,36.310001373291016,31.23511505126953,2501000
CF,2017-10-24,36.7400016784668,37.68000030517578,36.560001373291016,37.61000061035156,32.35342025756836,3257400
CF,2017-10-25,37.470001220703125,38.0099983215332,37.16999816894531,37.68000030517578,32.413631439208984,3350300
CF,2017-10-26,37.310001373291016,37.52999877929688,36.619998931884766,37.45000076293945,32.21577835083008,2317400
CF,2017-10-27,37.150001525878906,37.52999877929688,36.66999816894531,37.11000061035156,31.92329978942871,2659100
CF,2017-10-30,37.5099983215332,38.060001373291016,37.33000183105469,37.369998931884766,32.14697265625,3952100
CF,2017-10-31,37.619998931884766,38.09999847412109,37.41999816894531,37.97999954223633,32.67169952392578,4838600
CF,2017-11-01,38.25,38.5,37.58000183105469,38.040000915527344,32.723323822021484,4439000
CF,2017-11-02,38.7400016784668,39.040000915527344,36.709999084472656,38.54999923706055,33.16203689575195,5965800
CF,2017-11-03,38.75,38.84999847412109,37.810001373291016,38.59999847412109,33.20505142211914,3506300
CF,2017-11-06,38.66999816894531,39.31999969482422,38.59999847412109,39.209999084472656,33.72978973388672,3938600
CF,2017-11-07,37.7400016784668,38.0,36.41999816894531,36.88999938964844,31.73405265808105,6080500
CF,2017-11-08,36.970001220703125,37.86000061035156,36.52000045776367,37.77999877929688,32.499656677246094,3320500
CF,2017-11-09,37.52000045776367,38.0099983215332,36.77000045776367,37.13999938964844,31.94910049438477,3156500
CF,2017-11-10,37.2599983215332,37.91999816894531,37.0,37.27999877929688,32.06953811645508,3391300
CF,2017-11-13,36.959999084472656,37.720001220703125,36.83000183105469,37.369998931884766,32.14697265625,2634900
CF,2017-11-14,35.68000030517578,36.619998931884766,35.0099983215332,35.52000045776367,30.80280494689941,3518800
CF,2017-11-15,35.11000061035156,35.5,33.5,35.31999969482422,30.62936782836914,4213100
CF,2017-11-16,35.349998474121094,36.83000183105469,35.29999923706055,36.16999816894531,31.36648750305176,3147300
CF,2017-11-17,35.88999938964844,36.040000915527344,35.25,35.47999954223633,30.76812171936035,4330200
CF,2017-11-20,35.34000015258789,35.86000061035156,35.029998779296875,35.779998779296875,31.02828025817871,2332800
CF,2017-11-21,35.959999084472656,36.88999938964844,35.959999084472656,36.45000076293945,31.609298706054688,2559800
CF,2017-11-22,36.68999862670898,36.79999923706055,36.16999816894531,36.310001373291016,31.487892150878903,2567900
CF,2017-11-24,35.81999969482422,36.31999969482422,35.38999938964844,35.939998626708984,31.16702651977539,1893100
CF,2017-11-27,36.04999923706055,36.40999984741211,35.84000015258789,35.91999816894531,31.14968681335449,3235600
CF,2017-11-28,35.810001373291016,36.540000915527344,35.720001220703125,36.45000076293945,31.609298706054688,3180700
CF,2017-11-29,36.56999969482422,37.02999877929688,36.27999877929688,36.84999847412109,31.9561767578125,2799900
CF,2017-11-30,36.77000045776367,37.630001068115234,36.77000045776367,37.470001220703125,32.49384307861328,2683600
CF,2017-12-01,37.59000015258789,37.84999847412109,36.7599983215332,37.59000015258789,32.59791564941406,2837100
CF,2017-12-04,37.95000076293945,38.68999862670898,36.84000015258789,36.900001525878906,31.999536514282227,4266400
CF,2017-12-05,36.81999969482422,37.970001220703125,36.709999084472656,37.36000061035156,32.39845275878906,3051800
CF,2017-12-06,37.02000045776367,37.2400016784668,36.52000045776367,36.54999923706055,31.696022033691406,3585900
CF,2017-12-07,37.18000030517578,38.29999923706055,36.5099983215332,38.220001220703125,33.14424514770508,2349700
CF,2017-12-08,38.40999984741211,39.68000030517578,38.400001525878906,39.2599983215332,34.0461311340332,4567200
CF,2017-12-11,39.25,39.63999938964844,39.09999847412109,39.400001525878906,34.16752624511719,3051100
CF,2017-12-12,39.27999877929688,41.79999923706055,39.20000076293945,40.59999847412109,35.20816421508789,7533700
CF,2017-12-13,40.77000045776367,41.40999984741211,40.59999847412109,41.2599983215332,35.78050994873047,3007900
CF,2017-12-14,41.06999969482422,41.459999084472656,40.91999816894531,41.02000045776367,35.5723876953125,3845500
CF,2017-12-15,40.93999862670898,41.16999816894531,39.95000076293945,41.09000015258789,35.633094787597656,5468800
CF,2017-12-18,41.45000076293945,41.63999938964844,40.59999847412109,40.93000030517578,35.49433898925781,4759000
CF,2017-12-19,41.06999969482422,41.619998931884766,40.81999969482422,41.20000076293945,35.728485107421875,3126600
CF,2017-12-20,41.290000915527344,41.36000061035156,40.84999847412109,40.880001068115234,35.45097732543945,2258100
CF,2017-12-21,40.93000030517578,41.31999969482422,40.880001068115234,41.25,35.77184295654297,3096000
CF,2017-12-22,41.36000061035156,42.06999969482422,41.09999847412109,41.709999084472656,36.17075347900391,5559700
CF,2017-12-26,41.79999923706055,43.040000915527344,41.709999084472656,42.84999847412109,37.15935134887695,1853400
CF,2017-12-27,42.540000915527344,43.09999847412109,42.209999084472656,43.06999969482422,37.350135803222656,3087400
CF,2017-12-28,42.93999862670898,43.41999816894531,42.459999084472656,42.61000061035156,36.95123291015625,1870800
CF,2017-12-29,42.93999862670898,43.290000915527344,42.290000915527344,42.540000915527344,36.890533447265625,1426200
CF,2018-01-02,42.86000061035156,43.31999969482422,42.5099983215332,43.13999938964844,37.41083908081055,2330600
CF,2018-01-03,43.34999847412109,43.540000915527344,43.02000045776367,43.150001525878906,37.41951370239258,1757500
CF,2018-01-04,43.400001525878906,43.68999862670898,42.84999847412109,43.59999847412109,37.809757232666016,1718700
CF,2018-01-05,43.84999847412109,43.97999954223633,43.34999847412109,43.66999816894531,37.870452880859375,2077100
CF,2018-01-08,43.86000061035156,43.93999862670898,42.58000183105469,42.720001220703125,37.04662322998047,3349500
CF,2018-01-09,42.709999084472656,43.06999969482422,42.290000915527344,42.470001220703125,36.82982635498047,3381100
CF,2018-01-10,42.220001220703125,42.630001068115234,41.70000076293945,42.41999816894531,36.78645324707031,2251700
CF,2018-01-11,42.470001220703125,43.720001220703125,42.369998931884766,43.720001220703125,37.913822174072266,2639900
CF,2018-01-12,43.52999877929688,43.83000183105469,43.150001525878906,43.52000045776367,37.74037551879883,2260500
CF,2018-01-16,42.93999862670898,42.970001220703125,40.52999877929688,40.709999084472656,35.30355453491211,6781100
CF,2018-01-17,41.02999877929688,41.02999877929688,39.34999847412109,39.560001373291016,34.30628204345703,5651600
CF,2018-01-18,40.34000015258789,41.02999877929688,39.90999984741211,40.08000183105469,34.757225036621094,6375600
CF,2018-01-19,40.369998931884766,40.630001068115234,39.54999923706055,40.38999938964844,35.02605056762695,3539900
CF,2018-01-22,40.27000045776367,40.86000061035156,40.27000045776367,40.84000015258789,35.41628646850586,2273200
CF,2018-01-23,40.650001525878906,41.68999862670898,40.34000015258789,41.29999923706055,35.81520080566406,2560900
CF,2018-01-24,41.459999084472656,42.06999969482422,41.02999877929688,41.63999938964844,36.110050201416016,2422200
CF,2018-01-25,42.0,42.09000015258789,40.31999969482422,40.40999984741211,35.043399810791016,1814400
CF,2018-01-26,40.59999847412109,42.22999954223633,40.27000045776367,42.130001068115234,36.53498840332031,2758300
CF,2018-01-29,41.900001525878906,42.52000045776367,41.459999084472656,42.09999847412109,36.50895309448242,2208000
CF,2018-01-30,41.810001373291016,42.34999847412109,41.4900016784668,42.0,36.42223739624024,2245800
CF,2018-01-31,42.08000183105469,42.68000030517578,41.459999084472656,42.43999862670898,36.80380630493164,2730400
CF,2018-02-01,42.18000030517578,42.970001220703125,41.5099983215332,41.56999969482422,36.04933547973633,1961700
CF,2018-02-02,41.310001373291016,41.310001373291016,39.58000183105469,39.90999984741211,34.609798431396484,1911100
CF,2018-02-05,39.560001373291016,40.4900016784668,38.09999847412109,38.20000076293945,33.12689971923828,3665800
CF,2018-02-06,37.16999816894531,39.33000183105469,36.84000015258789,39.040000915527344,33.855342864990234,3752500
CF,2018-02-07,38.709999084472656,40.369998931884766,38.65999984741211,39.47999954223633,34.23690414428711,3264400
CF,2018-02-08,39.5,39.9900016784668,37.38999938964844,37.459999084472656,32.48517608642578,4103200
CF,2018-02-09,37.79999923706055,38.18000030517578,35.900001525878906,37.619998931884766,32.62391662597656,4032900
CF,2018-02-12,38.16999816894531,38.880001068115234,37.63999938964844,38.43999862670898,33.33503341674805,3115600
CF,2018-02-13,38.36000061035156,39.25,37.900001525878906,39.0,33.82065200805664,2372700
CF,2018-02-14,38.63999938964844,40.08000183105469,38.47999954223633,39.65999984741211,34.39300537109375,2757800
CF,2018-02-15,40.900001525878906,41.11000061035156,39.09000015258789,40.88999938964844,35.729923248291016,3996000
CF,2018-02-16,40.77999877929688,41.02999877929688,40.20000076293945,40.36000061035156,35.266807556152344,2884800
CF,2018-02-20,40.560001373291016,41.95000076293945,40.29999923706055,41.81999969482422,36.54255294799805,3877400
CF,2018-02-21,42.209999084472656,43.77000045776367,42.06999969482422,42.630001068115234,37.25034332275391,4653400
CF,2018-02-22,42.90999984741211,43.650001525878906,42.81999969482422,42.970001220703125,37.54743576049805,2980100
CF,2018-02-23,43.43000030517578,44.20000076293945,43.0,44.119998931884766,38.55231094360352,2733400
CF,2018-02-26,44.36000061035156,44.47999954223633,42.380001068115234,42.66999816894531,37.28529357910156,3492000
CF,2018-02-27,42.09999847412109,42.70000076293945,41.630001068115234,41.77000045776367,36.49886703491211,2721900
CF,2018-02-28,41.7599983215332,42.63999938964844,41.220001220703125,41.2400016784668,36.035762786865234,2944400
CF,2018-03-01,41.380001068115234,42.5,41.04999923706055,41.650001525878906,36.39402389526367,2841200
CF,2018-03-02,41.47999954223633,42.060001373291016,40.52999877929688,41.869998931884766,36.58625030517578,2348500
CF,2018-03-05,42.63999938964844,44.79999923706055,42.5,44.560001373291016,38.93679428100586,9383200
CF,2018-03-06,44.93999862670898,45.0,43.060001373291016,43.20000076293945,37.7484130859375,5640100
CF,2018-03-07,42.52000045776367,43.11000061035156,41.41999816894531,41.90999984741211,36.6212043762207,3685100
CF,2018-03-08,41.27000045776367,41.27000045776367,39.61000061035156,40.88999938964844,35.729923248291016,7437300
CF,2018-03-09,41.29999923706055,42.060001373291016,40.34999847412109,41.5,36.26294708251953,4000800
CF,2018-03-12,41.34000015258789,42.02000045776367,41.0099983215332,41.880001068115234,36.59499740600586,3971400
CF,2018-03-13,41.5,41.959999084472656,40.20000076293945,40.380001068115234,35.28428649902344,3633000
CF,2018-03-14,40.400001525878906,40.709999084472656,39.79999923706055,40.310001373291016,35.22311782836914,3796300
CF,2018-03-15,40.33000183105469,40.56999969482422,38.869998931884766,38.9900016784668,34.0696907043457,3669800
CF,2018-03-16,38.9900016784668,39.119998931884766,38.08000183105469,38.33000183105469,33.49298095703125,4597400
CF,2018-03-19,38.119998931884766,38.52999877929688,37.209999084472656,37.68999862670898,32.933746337890625,4161400
CF,2018-03-20,37.86000061035156,38.290000915527344,37.36000061035156,37.95000076293945,33.16093444824219,3274600
CF,2018-03-21,37.93999862670898,39.15999984741211,37.84999847412109,38.65999984741211,33.781341552734375,2502500
CF,2018-03-22,38.09000015258789,38.75,37.25,37.27000045776367,32.566749572753906,2163100
CF,2018-03-23,37.22999954223633,37.869998931884766,36.79999923706055,36.91999816894531,32.26090621948242,3327700
CF,2018-03-26,37.380001068115234,37.61000061035156,36.630001068115234,37.34999847412109,32.63664627075195,2579000
CF,2018-03-27,37.52999877929688,38.0099983215332,37.11000061035156,37.5,32.767723083496094,4438400
CF,2018-03-28,36.880001068115234,37.369998931884766,36.369998931884766,36.4900016784668,31.88518142700196,2522600
CF,2018-03-29,36.72999954223633,37.869998931884766,36.68999862670898,37.72999954223633,32.968692779541016,3083900
CF,2018-04-02,37.61000061035156,37.7400016784668,36.38999938964844,36.619998931884766,31.998779296875,3022800
CF,2018-04-03,36.86000061035156,37.16999816894531,36.52999877929688,36.97999954223633,32.31333923339844,2036600
CF,2018-04-04,36.209999084472656,37.16999816894531,35.70000076293945,37.11000061035156,32.42693328857422,3302000
CF,2018-04-05,37.43000030517578,38.88999938964844,37.25,38.58000183105469,33.7114372253418,4174100
CF,2018-04-06,37.970001220703125,38.43999862670898,36.52999877929688,36.83000183105469,32.182273864746094,3400200
CF,2018-04-09,37.11000061035156,37.75,36.54999923706055,37.15999984741211,32.47063064575195,1960400
CF,2018-04-10,37.63999938964844,37.81999969482422,37.0,37.27000045776367,32.566749572753906,2852400
CF,2018-04-11,37.15999984741211,37.81999969482422,37.15999984741211,37.40999984741211,32.6890754699707,1913700
CF,2018-04-12,37.650001525878906,38.5,37.0,38.20000076293945,33.379390716552734,2122700
CF,2018-04-13,38.380001068115234,38.54999923706055,37.77999877929688,38.43000030517578,33.580360412597656,1955700
CF,2018-04-16,38.70000076293945,38.83000183105469,38.33000183105469,38.45000076293945,33.59783172607422,1634700
CF,2018-04-17,38.65999984741211,39.400001525878906,38.18999862670898,39.08000183105469,34.14833450317383,1805900
CF,2018-04-18,39.29999923706055,40.34999847412109,39.0,40.02000045776367,34.96971130371094,2064700
CF,2018-04-19,39.93000030517578,40.0099983215332,39.2400016784668,39.63999938964844,34.637664794921875,1192400
CF,2018-04-20,39.56999969482422,39.650001525878906,38.52999877929688,38.720001220703125,33.83376693725586,2575400
CF,2018-04-23,38.66999816894531,39.38999938964844,38.41999816894531,39.0,34.078426361083984,1899300
CF,2018-04-24,39.22999954223633,39.81999969482422,38.41999816894531,38.93999862670898,34.025997161865234,1958800
CF,2018-04-25,38.93000030517578,39.7599983215332,38.709999084472656,39.61000061035156,34.61145782470703,2016800
CF,2018-04-26,39.84999847412109,40.09999847412109,39.650001525878906,39.81999969482422,34.794952392578125,1782100
CF,2018-04-27,39.79999923706055,39.83000183105469,39.060001373291016,39.52999877929688,34.54154586791992,2162900
CF,2018-04-30,39.470001220703125,39.88999938964844,38.59000015258789,38.79999923706055,33.90367126464844,2701200
CF,2018-05-01,38.52000045776367,38.72999954223633,38.130001068115234,38.66999816894531,33.79007339477539,2255200
CF,2018-05-02,38.68999862670898,39.79999923706055,38.68999862670898,39.06999969482422,34.13959884643555,3195900
CF,2018-05-03,37.41999816894531,39.04999923706055,37.34999847412109,38.27000045776367,33.44055938720703,2831400
CF,2018-05-04,38.369998931884766,38.84999847412109,37.7599983215332,38.5099983215332,33.650264739990234,2611900
CF,2018-05-07,38.470001220703125,38.5099983215332,37.16999816894531,37.72999954223633,32.968692779541016,3183900
CF,2018-05-08,37.400001525878906,37.88999938964844,37.02000045776367,37.790000915527344,33.02112579345703,3292800
CF,2018-05-09,38.34999847412109,39.22999954223633,38.119998931884766,38.75,33.85997772216797,3209200
CF,2018-05-10,38.68999862670898,39.77999877929688,38.68999862670898,39.40999984741211,34.43669128417969,1378200
CF,2018-05-11,39.16999816894531,39.91999816894531,39.04999923706055,39.5,34.51533508300781,1939700
CF,2018-05-14,39.650001525878906,40.65999984741211,39.650001525878906,40.470001220703125,35.633567810058594,2573000
CF,2018-05-15,40.4900016784668,42.040000915527344,40.470001220703125,41.7400016784668,36.75178909301758,3740100
CF,2018-05-16,41.68999862670898,41.810001373291016,40.33000183105469,40.54999923706055,35.70399475097656,3478000
CF,2018-05-17,40.56999969482422,41.27000045776367,40.470001220703125,41.09999847412109,36.18827438354492,2315900
CF,2018-05-18,41.02000045776367,41.560001373291016,40.77000045776367,41.34999847412109,36.40840148925781,1973000
CF,2018-05-21,41.66999816894531,42.58000183105469,41.52000045776367,42.06999969482422,37.04235076904297,1944400
CF,2018-05-22,42.150001525878906,42.4900016784668,41.810001373291016,41.86000061035156,36.8574447631836,1790600
CF,2018-05-23,41.4900016784668,41.4900016784668,40.09000015258789,41.2599983215332,36.32914352416992,2050700
CF,2018-05-24,41.02000045776367,41.7599983215332,40.97999954223633,41.40999984741211,36.46122741699219,2513000
CF,2018-05-25,41.27999877929688,41.7599983215332,40.38999938964844,41.65999984741211,36.68135070800781,1920300
CF,2018-05-29,41.2599983215332,41.900001525878906,40.91999816894531,41.16999816894531,36.24989700317383,3015600
CF,2018-05-30,41.31999969482422,41.900001525878906,41.09000015258789,41.540000915527344,36.575679779052734,1700100
CF,2018-05-31,41.5099983215332,41.66999816894531,40.83000183105469,41.13999938964844,36.22349166870117,1958000
CF,2018-06-01,41.45000076293945,41.58000183105469,40.29999923706055,40.470001220703125,35.633567810058594,2212000
CF,2018-06-04,40.70000076293945,40.95000076293945,40.2599983215332,40.56999969482422,35.72161102294922,1822500
CF,2018-06-05,40.83000183105469,42.380001068115234,40.70000076293945,41.34000015258789,36.39958572387695,4019100
CF,2018-06-06,41.41999816894531,42.59999847412109,41.06999969482422,42.560001373291016,37.47379684448242,2597500
CF,2018-06-07,42.7400016784668,43.25,42.459999084472656,42.88999938964844,37.76435089111328,2031500
CF,2018-06-08,42.77999877929688,43.41999816894531,41.84000015258789,43.18000030517578,38.01970291137695,3296300
CF,2018-06-11,43.02000045776367,43.27999877929688,42.72999954223633,43.06999969482422,37.9228401184082,2822000
CF,2018-06-12,43.060001373291016,43.90999984741211,42.93000030517578,43.54999923706055,38.345481872558594,2614000
CF,2018-06-13,43.52999877929688,44.43000030517578,43.060001373291016,44.310001373291016,39.01465225219727,3118900
CF,2018-06-14,44.59999847412109,45.08000183105469,43.810001373291016,44.91999816894531,39.55175018310547,3474300
CF,2018-06-15,44.66999816894531,44.86000061035156,44.02999877929688,44.58000183105469,39.252384185791016,5347200
CF,2018-06-18,44.25,46.040000915527344,44.13999938964844,45.95000076293945,40.45866775512695,3374500
CF,2018-06-19,45.0099983215332,45.310001373291016,43.2400016784668,45.20000076293945,39.79829788208008,4574200
CF,2018-06-20,45.34000015258789,45.43000030517578,44.2599983215332,44.58000183105469,39.252384185791016,1817400
CF,2018-06-21,45.09000015258789,45.79999923706055,44.68999862670898,44.90999984741211,39.54295349121094,2833600
CF,2018-06-22,45.43000030517578,46.20000076293945,45.119998931884766,45.29999923706055,39.88633728027344,4035600
CF,2018-06-25,44.58000183105469,44.75,43.83000183105469,43.9900016784668,38.73290252685547,2567600
CF,2018-06-26,44.16999816894531,44.4900016784668,43.84999847412109,44.09999847412109,38.82975387573242,1605900
CF,2018-06-27,44.38999938964844,45.13999938964844,43.70000076293945,43.81999969482422,38.58321380615234,2074200
CF,2018-06-28,45.58000183105469,45.97999954223633,44.0,44.290000915527344,38.99704360961914,3690200
CF,2018-06-29,44.77000045776367,45.380001068115234,44.380001068115234,44.400001525878906,39.09388732910156,2382600
CF,2018-07-02,44.130001068115234,44.220001220703125,43.11000061035156,43.400001525878906,38.21340560913086,3049100
CF,2018-07-03,43.77999877929688,44.36000061035156,43.380001068115234,44.2599983215332,38.97063446044922,1363000
CF,2018-07-05,44.34999847412109,44.650001525878906,42.7599983215332,43.04999923706055,37.90522766113281,3234600
CF,2018-07-06,42.790000915527344,43.09999847412109,42.2599983215332,42.880001068115234,37.75554656982422,2979100
CF,2018-07-09,43.06999969482422,43.77000045776367,43.06999969482422,43.59999847412109,38.38950347900391,2168800
CF,2018-07-10,43.619998931884766,44.25,43.25,43.63999938964844,38.42472076416016,2721100
CF,2018-07-11,43.22999954223633,43.56999969482422,42.36000061035156,42.560001373291016,37.47379684448242,3550300
CF,2018-07-12,43.16999816894531,43.25,42.20000076293945,43.119998931884766,37.96686172485352,2833800
CF,2018-07-13,42.91999816894531,43.18999862670898,42.11000061035156,42.310001373291016,37.253665924072266,2997700
CF,2018-07-16,42.20000076293945,42.619998931884766,41.4900016784668,42.2400016784668,37.19204330444336,2755800
CF,2018-07-17,42.77000045776367,43.150001525878906,42.369998931884766,42.72999954223633,37.62347030639648,2178700
CF,2018-07-18,43.36000061035156,43.61000061035156,42.650001525878906,42.880001068115234,37.75554656982422,2011600
CF,2018-07-19,42.810001373291016,43.040000915527344,42.27999877929688,42.79999923706055,37.68510818481445,2225500
CF,2018-07-20,42.459999084472656,43.33000183105469,42.459999084472656,43.040000915527344,37.89643478393555,2204100
CF,2018-07-23,43.130001068115234,43.4900016784668,43.040000915527344,43.27000045776367,38.09894561767578,1705100
CF,2018-07-24,43.83000183105469,44.97999954223633,43.34999847412109,43.52999877929688,38.32786560058594,3060400
CF,2018-07-25,43.720001220703125,44.40999984741211,43.11000061035156,44.29999923706055,39.0058479309082,2713700
CF,2018-07-26,44.18000030517578,45.4900016784668,44.09000015258789,45.27000045776367,39.85992813110352,2165800
CF,2018-07-27,45.31999969482422,45.52000045776367,44.41999816894531,44.5,39.181941986083984,1881100
CF,2018-07-30,44.61000061035156,45.16999816894531,43.86000061035156,43.95000076293945,38.69767761230469,1901100
CF,2018-07-31,44.29999923706055,44.7400016784668,44.09999847412109,44.41999816894531,39.11150360107422,2248500
CF,2018-08-01,44.18000030517578,44.650001525878906,43.70000076293945,44.130001068115234,38.85616302490234,2426600
CF,2018-08-02,47.04999923706055,49.7599983215332,46.130001068115234,49.5,43.584415435791016,7277600
CF,2018-08-03,49.869998931884766,49.95000076293945,48.630001068115234,49.06999969482422,43.20579528808594,2990500
CF,2018-08-06,49.0,49.72999954223633,48.63999938964844,49.09999847412109,43.232215881347656,2722700
CF,2018-08-07,49.209999084472656,49.900001525878906,48.54999923706055,48.709999084472656,42.888816833496094,2113500
CF,2018-08-08,49.29999923706055,49.38999938964844,48.52999877929688,48.56999969482422,42.76555633544922,2239300
CF,2018-08-09,48.56999969482422,49.79999923706055,48.31999969482422,49.75,43.804534912109375,2565700
CF,2018-08-10,49.38999938964844,50.540000915527344,49.04999923706055,49.27000045776367,43.38189697265625,2631000
CF,2018-08-13,48.90999984741211,49.54999923706055,48.27999877929688,48.459999084472656,42.66869735717773,2147800
CF,2018-08-14,48.41999816894531,48.75,47.959999084472656,48.0,42.52693557739258,2196400
CF,2018-08-15,47.59000015258789,47.59000015258789,46.59999847412109,47.09000015258789,41.72071075439453,3622000
CF,2018-08-16,47.58000183105469,48.11000061035156,47.18999862670898,47.290000915527344,41.89789962768555,2506800
CF,2018-08-17,47.45000076293945,48.20000076293945,47.2599983215332,47.52000045776367,42.10167694091797,4033000
CF,2018-08-20,47.86000061035156,49.34000015258789,47.77999877929688,48.810001373291016,43.24457931518555,2487600
CF,2018-08-21,48.54999923706055,49.310001373291016,48.16999816894531,48.220001220703125,42.72185134887695,2689000
CF,2018-08-22,48.400001525878906,48.84000015258789,48.2599983215332,48.65999984741211,43.11169052124024,2029800
CF,2018-08-23,48.630001068115234,49.56999969482422,48.540000915527344,49.459999084472656,43.82048034667969,2448500
CF,2018-08-24,49.56999969482422,50.040000915527344,49.29999923706055,49.95000076293945,44.25460052490234,1367400
CF,2018-08-27,50.25,51.04999923706055,50.060001373291016,50.630001068115234,44.85707092285156,1935100
CF,2018-08-28,50.880001068115234,50.88999938964844,50.31999969482422,50.709999084472656,44.92793655395508,1927200
CF,2018-08-29,50.75,51.79999923706055,50.68000030517578,51.63999938964844,45.75190353393555,2154800
CF,2018-08-30,51.5,51.880001068115234,51.369998931884766,51.52999877929688,45.65445709228516,2294700
CF,2018-08-31,51.20000076293945,52.040000915527344,51.20000076293945,51.95000076293945,46.02656173706055,2340300
CF,2018-09-04,51.869998931884766,52.06999969482422,51.11000061035156,51.84999847412109,45.93796157836914,3020800
CF,2018-09-05,51.619998931884766,51.63999938964844,50.060001373291016,51.2400016784668,45.39751052856445,2609300
CF,2018-09-06,51.16999816894531,51.72999954223633,50.63999938964844,50.95000076293945,45.14058303833008,1620200
CF,2018-09-07,50.5,51.2400016784668,50.209999084472656,50.93000030517578,45.122859954833984,1578100
CF,2018-09-10,51.22999954223633,51.900001525878906,51.119998931884766,51.470001220703125,45.60128021240234,1788100
CF,2018-09-11,51.560001373291016,52.709999084472656,51.150001525878906,52.33000183105469,46.36323928833008,2356500
CF,2018-09-12,52.33000183105469,52.900001525878906,51.72999954223633,52.58000183105469,46.5847282409668,2149700
CF,2018-09-13,52.84000015258789,53.16999816894531,51.220001220703125,51.29999923706055,45.4506721496582,2505100
CF,2018-09-14,50.959999084472656,51.70000076293945,50.88999938964844,51.54999923706055,45.67216873168945,1859400
CF,2018-09-17,51.7400016784668,52.709999084472656,51.70000076293945,51.95000076293945,46.02656173706055,1911600
CF,2018-09-18,52.33000183105469,52.869998931884766,51.95000076293945,52.5,46.51384353637695,2207700
CF,2018-09-19,52.77999877929688,54.02999877929688,52.650001525878906,53.130001068115234,47.0720100402832,2167800
CF,2018-09-20,53.36000061035156,53.810001373291016,53.130001068115234,53.310001373291016,47.23148727416992,1907500
CF,2018-09-21,53.75,53.970001220703125,52.720001220703125,52.810001373291016,46.78848648071289,3890500
CF,2018-09-24,52.83000183105469,53.52000045776367,52.68000030517578,52.810001373291016,46.78848648071289,1401000
CF,2018-09-25,53.040000915527344,55.13999938964844,53.040000915527344,54.2599983215332,48.07316589355469,2711700
CF,2018-09-26,54.220001220703125,55.41999816894531,53.84999847412109,54.880001068115234,48.62247085571289,2867200
CF,2018-09-27,54.959999084472656,55.470001220703125,53.47999954223633,53.77000045776367,47.63903427124024,2807000
CF,2018-09-28,54.02000045776367,55.0,53.58000183105469,54.43999862670898,48.23263931274414,2762500
CF,2018-10-01,54.7400016784668,55.59000015258789,54.040000915527344,54.79999923706055,48.55160140991211,2513200
CF,2018-10-02,55.220001220703125,56.40999984741211,54.959999084472656,55.810001373291016,49.446434020996094,2918100
CF,2018-10-03,55.77000045776367,55.81999969482422,54.75,55.31999969482422,49.01231002807617,2974200
CF,2018-10-04,55.52999877929688,56.5099983215332,55.08000183105469,56.060001373291016,49.66792678833008,2466600
CF,2018-10-05,56.09999847412109,56.18000030517578,54.34000015258789,55.02000045776367,48.74651718139648,2227600
CF,2018-10-08,55.04999923706055,55.68999862670898,54.5,55.33000183105469,49.02116775512695,2187100
CF,2018-10-09,55.0099983215332,55.91999816894531,54.65999984741211,54.810001373291016,48.560455322265625,1828500
CF,2018-10-10,55.4900016784668,55.790000915527344,50.310001373291016,50.34000015258789,44.600128173828125,6335700
CF,2018-10-11,50.61000061035156,52.52000045776367,50.25,51.130001068115234,45.30005645751953,4174600
CF,2018-10-12,52.43000030517578,53.630001068115234,52.06999969482422,52.43000030517578,46.45182418823242,2872600
CF,2018-10-15,51.97999954223633,52.400001525878906,50.58000183105469,50.790000915527344,44.998817443847656,3843000
CF,2018-10-16,51.04999923706055,52.34999847412109,50.59999847412109,52.29999923706055,46.336647033691406,1821200
CF,2018-10-17,52.41999816894531,52.72999954223633,50.84999847412109,51.5,45.62786102294922,2331800
CF,2018-10-18,51.25,51.93999862670898,50.65999984741211,50.81999969482422,45.0254020690918,2700200
CF,2018-10-19,51.02000045776367,51.77999877929688,50.59000015258789,50.63999938964844,44.86592864990234,2838100
CF,2018-10-22,50.84000015258789,50.9900016784668,48.52999877929688,49.060001373291016,43.46608352661133,3619300
CF,2018-10-23,47.88999938964844,48.130001068115234,46.36000061035156,47.18999862670898,41.809303283691406,4975300
CF,2018-10-24,47.18999862670898,47.38999938964844,44.13999938964844,44.290000915527344,39.239967346191406,5598000
CF,2018-10-25,44.77000045776367,45.38999938964844,44.41999816894531,44.880001068115234,39.7626953125,2881000
CF,2018-10-26,44.18999862670898,45.36000061035156,43.310001373291016,44.380001068115234,39.3197021484375,4528100
CF,2018-10-29,45.02999877929688,45.97999954223633,44.34000015258789,44.83000183105469,39.71839904785156,5626700
CF,2018-10-30,44.90999984741211,46.560001373291016,44.33000183105469,46.25,40.97648239135742,4730300
CF,2018-10-31,47.790000915527344,49.08000183105469,47.59999847412109,48.02999877929688,42.55352783203125,6425600
CF,2018-11-01,47.959999084472656,51.5099983215332,47.380001068115234,51.04999923706055,45.22916793823242,9045800
CF,2018-11-02,51.79999923706055,52.16999816894531,49.52000045776367,49.68000030517578,44.0153923034668,4156900
CF,2018-11-05,49.5,49.84000015258789,48.68000030517578,49.4900016784668,43.84704208374024,3091100
CF,2018-11-06,50.0099983215332,51.66999816894531,50.0099983215332,51.63999938964844,45.75190353393555,2695400
CF,2018-11-07,51.880001068115234,53.84000015258789,51.38999938964844,53.54999923706055,47.44412612915039,3584900
CF,2018-11-08,53.43000030517578,54.08000183105469,53.02000045776367,53.66999816894531,47.55043411254883,2556400
CF,2018-11-09,53.11000061035156,53.11000061035156,51.470001220703125,52.220001220703125,46.26577758789063,3510800
CF,2018-11-12,52.34999847412109,52.43000030517578,50.709999084472656,51.27000045776367,45.42409133911133,2907600
CF,2018-11-13,51.20000076293945,51.68999862670898,49.47999954223633,49.540000915527344,43.8913459777832,3540200
CF,2018-11-14,47.709999084472656,48.52999877929688,44.61000061035156,45.02999877929688,40.13865280151367,7804200
CF,2018-11-15,44.880001068115234,46.77999877929688,44.7599983215332,46.61000061035156,41.54703140258789,5113500
CF,2018-11-16,46.43000030517578,47.43999862670898,46.18000030517578,47.09000015258789,41.97489547729492,3283900
CF,2018-11-19,46.79999923706055,47.2599983215332,45.27999877929688,45.5099983215332,40.56650924682617,3185000
CF,2018-11-20,44.709999084472656,45.380001068115234,43.220001220703125,43.560001373291016,38.82834243774414,4903200
CF,2018-11-21,43.77999877929688,44.619998931884766,43.70000076293945,44.20000076293945,39.3988151550293,4925700
CF,2018-11-23,43.75,43.90999984741211,42.93999862670898,43.220001220703125,38.5252685546875,2614000
CF,2018-11-26,43.88999938964844,44.41999816894531,43.61000061035156,44.060001373291016,39.274024963378906,3101800
CF,2018-11-27,43.790000915527344,44.02999877929688,42.68999862670898,43.18999862670898,38.49852752685547,3078800
CF,2018-11-28,43.33000183105469,43.58000183105469,42.29999923706055,42.56999969482422,37.94588088989258,4287000
CF,2018-11-29,42.5,43.97999954223633,42.130001068115234,43.5,38.77486038208008,4639300
CF,2018-11-30,43.0,43.290000915527344,41.95000076293945,42.18999862670898,37.60714340209961,4877500
CF,2018-12-03,43.4900016784668,44.70000076293945,43.45000076293945,43.86000061035156,39.09575271606445,6773700
CF,2018-12-04,43.58000183105469,43.93000030517578,42.20000076293945,42.54999923706055,37.92804336547852,3853100
CF,2018-12-06,41.77999877929688,42.150001525878906,39.9900016784668,41.560001373291016,37.04558181762695,4323500
CF,2018-12-07,41.68000030517578,42.619998931884766,40.84000015258789,41.02999877929688,36.57315444946289,3549400
CF,2018-12-10,40.83000183105469,41.61000061035156,40.290000915527344,41.33000183105469,36.84057235717773,2255200
CF,2018-12-11,42.15999984741211,42.72999954223633,41.16999816894531,41.34999847412109,36.8583869934082,2476200
CF,2018-12-12,42.150001525878906,42.7400016784668,41.93000030517578,41.95000076293945,37.39321517944336,3906500
CF,2018-12-13,42.18000030517578,42.83000183105469,41.45000076293945,41.63999938964844,37.11689758300781,2988800
CF,2018-12-14,41.06999969482422,42.4900016784668,41.02000045776367,42.060001373291016,37.49127960205078,4800600
CF,2018-12-17,42.04999923706055,42.790000915527344,41.119998931884766,41.369998931884766,36.876224517822266,2980400
CF,2018-12-18,41.77999877929688,42.56999969482422,41.290000915527344,41.7599983215332,37.22386169433594,3670300
CF,2018-12-19,42.310001373291016,43.52999877929688,41.709999084472656,41.91999816894531,37.366477966308594,4043100
CF,2018-12-20,41.630001068115234,41.869998931884766,40.13999938964844,40.83000183105469,36.39488220214844,3375700
CF,2018-12-21,40.61000061035156,41.630001068115234,40.470001220703125,41.02999877929688,36.57315444946289,5111600
CF,2018-12-24,40.59000015258789,41.400001525878906,40.09000015258789,40.11000061035156,35.75308990478516,1218700
CF,2018-12-26,40.36000061035156,42.619998931884766,40.18999862670898,42.59999847412109,37.97260284423828,2000000
CF,2018-12-27,43.150001525878906,43.2400016784668,41.56999969482422,43.2400016784668,38.543094635009766,2465400
CF,2018-12-28,43.38999938964844,43.4900016784668,42.09000015258789,42.369998931884766,37.76759338378906,1756700
CF,2018-12-31,42.52000045776367,43.79999923706055,42.5099983215332,43.5099983215332,38.78377151489258,1966300
CF,2019-01-02,42.709999084472656,43.0,41.810001373291016,42.02999877929688,37.46452713012695,2806700
CF,2019-01-03,41.40999984741211,41.84999847412109,40.34000015258789,40.56999969482422,36.16312026977539,3252100
CF,2019-01-04,41.540000915527344,44.29999923706055,41.470001220703125,43.959999084472656,39.18488311767578,3218900
CF,2019-01-07,44.0,45.38999938964844,43.59999847412109,44.11000061035156,39.3185920715332,2379600
CF,2019-01-08,44.650001525878906,45.54999923706055,44.470001220703125,45.38999938964844,40.45954895019531,2890500
CF,2019-01-09,45.84999847412109,46.5099983215332,44.5,45.02999877929688,40.13865280151367,3407800
CF,2019-01-10,44.40999984741211,45.38999938964844,44.0,45.04999923706055,40.15647888183594,1723500
CF,2019-01-11,44.83000183105469,45.34999847412109,43.810001373291016,44.400001525878906,39.57708740234375,1995400
CF,2019-01-14,43.2400016784668,43.75,42.97999954223633,43.18999862670898,38.49852752685547,3398700
CF,2019-01-15,42.88999938964844,43.66999816894531,42.59000015258789,43.29999923706055,38.5965690612793,1793700
CF,2019-01-16,42.97999954223633,42.9900016784668,41.119998931884766,42.59000015258789,37.96369934082031,2967500
CF,2019-01-17,42.52999877929688,44.040000915527344,42.4900016784668,43.790000915527344,39.03335189819336,1647800
CF,2019-01-18,44.150001525878906,44.81999969482422,43.77999877929688,44.18000030517578,39.3809928894043,2425300
CF,2019-01-22,43.7599983215332,43.9900016784668,41.59999847412109,41.86000061035156,37.3129997253418,2356800
CF,2019-01-23,42.13999938964844,42.619998931884766,41.38999938964844,42.119998931884766,37.54475784301758,2690700
CF,2019-01-24,42.119998931884766,42.25,40.97999954223633,41.2599983215332,36.77816390991211,2374100
CF,2019-01-25,41.9900016784668,42.68999862670898,41.5,42.54999923706055,37.92804336547852,2064500
CF,2019-01-28,42.0,43.18000030517578,41.720001220703125,42.970001220703125,38.30241775512695,2325400
CF,2019-01-29,43.31999969482422,44.0,42.61000061035156,42.77000045776367,38.124149322509766,2110600
CF,2019-01-30,43.18999862670898,43.27999877929688,42.119998931884766,43.060001373291016,38.38264846801758,1701000
CF,2019-01-31,42.310001373291016,43.68999862670898,42.040000915527344,43.650001525878906,38.90855026245117,2306100
CF,2019-02-01,43.84000015258789,43.97999954223633,42.959999084472656,43.5,38.77486038208008,2175600
CF,2019-02-04,43.31999969482422,43.47999954223633,42.52000045776367,42.65999984741211,38.026100158691406,2356200
CF,2019-02-05,42.7400016784668,43.380001068115234,42.52000045776367,42.95000076293945,38.28459930419922,1955800
CF,2019-02-06,42.7599983215332,42.9900016784668,42.25,42.41999816894531,37.81216049194336,1802300
CF,2019-02-07,42.09999847412109,42.2599983215332,40.7400016784668,41.310001373291016,36.82273483276367,3543900
CF,2019-02-08,41.209999084472656,41.970001220703125,40.709999084472656,41.86000061035156,37.3129997253418,3097200
CF,2019-02-11,41.97999954223633,42.34000015258789,41.380001068115234,41.959999084472656,37.402137756347656,3250600
CF,2019-02-12,42.470001220703125,43.130001068115234,42.02999877929688,42.90999984741211,38.24894714355469,2719000
CF,2019-02-13,43.16999816894531,43.380001068115234,42.4900016784668,42.63999938964844,38.00826644897461,3768900
CF,2019-02-14,42.36000061035156,45.150001525878906,42.2400016784668,42.540000915527344,38.18780899047852,6675600
CF,2019-02-15,42.720001220703125,42.720001220703125,41.209999084472656,41.77000045776367,37.49658966064453,3650500
CF,2019-02-19,41.459999084472656,42.2599983215332,41.130001068115234,42.0099983215332,37.71202850341797,3184400
CF,2019-02-20,42.2400016784668,44.77999877929688,42.04999923706055,44.58000183105469,40.01910781860352,3326900
CF,2019-02-21,44.81999969482422,45.43000030517578,43.709999084472656,43.9900016784668,39.48946380615234,3336800
CF,2019-02-22,44.20000076293945,44.630001068115234,43.38999938964844,44.06999969482422,39.561279296875,2292100
CF,2019-02-25,44.29999923706055,44.70000076293945,43.16999816894531,43.25,38.82517623901367,2859300
CF,2019-02-26,43.36000061035156,43.66999816894531,42.2400016784668,43.18999862670898,38.77130508422852,2705000
CF,2019-02-27,43.18000030517578,43.63999938964844,43.0,43.34999847412109,38.91493606567383,2107100
CF,2019-02-28,43.09000015258789,43.380001068115234,41.86000061035156,42.20000076293945,37.88259506225586,3765600
CF,2019-03-01,42.540000915527344,42.95000076293945,41.9900016784668,42.27999877929688,37.95440673828125,2572200
CF,2019-03-04,42.77999877929688,43.04999923706055,41.47999954223633,42.08000183105469,37.77487182617188,2953100
CF,2019-03-05,41.900001525878906,42.16999816894531,41.16999816894531,41.27999877929688,37.05671691894531,2815600
CF,2019-03-06,41.209999084472656,41.709999084472656,41.040000915527344,41.25,37.02978897094727,3010300
CF,2019-03-07,41.0,41.27999877929688,40.02999877929688,40.27000045776367,36.15004348754883,2771000
CF,2019-03-08,39.81999969482422,40.52999877929688,38.900001525878906,40.290000915527344,36.168006896972656,2269900
CF,2019-03-11,40.4900016784668,41.459999084472656,40.02000045776367,41.43999862670898,37.20034790039063,3031000
CF,2019-03-12,41.54999923706055,42.7400016784668,41.52999877929688,41.75,37.47863006591797,3832200
CF,2019-03-13,42.0,43.119998931884766,41.869998931884766,43.0,38.60075378417969,4060100
CF,2019-03-14,43.02000045776367,43.18000030517578,42.619998931884766,42.709999084472656,38.34041595458984,3787400
CF,2019-03-15,42.970001220703125,43.369998931884766,42.650001525878906,43.04999923706055,38.645633697509766,4732600
CF,2019-03-18,43.20000076293945,43.2599983215332,42.36000061035156,42.470001220703125,38.12496566772461,1692200
CF,2019-03-19,42.61000061035156,42.77999877929688,41.88999938964844,42.09000015258789,37.78384399414063,2643100
CF,2019-03-20,41.84999847412109,42.18000030517578,41.52999877929688,41.59000015258789,37.334999084472656,2020700
CF,2019-03-21,41.4900016784668,41.56999969482422,40.68000030517578,41.11000061035156,36.90411376953125,3431800
CF,2019-03-22,40.77999877929688,41.0,38.970001220703125,39.0099983215332,35.01895523071289,4735100
CF,2019-03-25,39.11000061035156,39.70000076293945,38.93999862670898,39.59000015258789,35.53961944580078,2811500
CF,2019-03-26,39.970001220703125,40.0,39.02999877929688,39.72999954223633,35.66529846191406,2962400
CF,2019-03-27,39.61000061035156,40.5099983215332,39.560001373291016,40.20000076293945,36.087215423583984,1920400
CF,2019-03-28,40.43000030517578,41.380001068115234,40.11000061035156,40.36000061035156,36.230838775634766,2360700
CF,2019-03-29,40.470001220703125,40.970001220703125,40.209999084472656,40.880001068115234,36.69764709472656,2154300
CF,2019-04-01,41.45000076293945,41.84000015258789,40.77000045776367,41.81999969482422,37.54147720336914,2043600
CF,2019-04-02,41.93999862670898,42.18000030517578,41.470001220703125,41.68000030517578,37.41579055786133,2531700
CF,2019-04-03,42.15999984741211,43.2400016784668,42.15999984741211,42.93000030517578,38.53790283203125,3200900
CF,2019-04-04,42.7400016784668,43.20000076293945,42.41999816894531,43.18000030517578,38.76233673095703,1624100
CF,2019-04-05,43.2599983215332,43.54999923706055,42.90999984741211,43.47999954223633,39.03165054321289,2300800
CF,2019-04-08,43.63999938964844,43.720001220703125,42.97999954223633,43.560001373291016,39.103458404541016,1645000
CF,2019-04-09,43.130001068115234,43.209999084472656,42.540000915527344,42.75,38.37632751464844,1773900
CF,2019-04-10,42.7599983215332,42.959999084472656,42.16999816894531,42.54999923706055,38.19678497314453,1663000
CF,2019-04-11,42.2400016784668,42.650001525878906,41.93999862670898,42.25,37.9274787902832,1292600
CF,2019-04-12,42.79999923706055,43.150001525878906,42.16999816894531,42.58000183105469,38.223724365234375,1374300
CF,2019-04-15,42.540000915527344,43.13999938964844,42.52000045776367,42.869998931884766,38.48404693603516,1383500
CF,2019-04-16,42.869998931884766,44.08000183105469,42.5,43.86000061035156,39.37277221679688,2148200
CF,2019-04-17,44.09999847412109,44.90999984741211,43.95000076293945,44.619998931884766,40.05500793457031,4331200
CF,2019-04-18,43.43999862670898,45.310001373291016,42.83000183105469,45.13999938964844,40.52179336547852,4662100
CF,2019-04-22,44.93999862670898,45.720001220703125,44.86000061035156,44.95000076293945,40.35124206542969,3036000
CF,2019-04-23,44.70000076293945,45.0,43.310001373291016,44.56999969482422,40.01012420654297,3199900
CF,2019-04-24,44.43000030517578,44.650001525878906,43.56999969482422,44.54999923706055,39.99216842651367,1552100
CF,2019-04-25,44.220001220703125,44.7400016784668,44.060001373291016,44.06999969482422,39.561279296875,1848500
CF,2019-04-26,44.560001373291016,45.52999877929688,44.2400016784668,45.15999984741211,40.539772033691406,1758300
CF,2019-04-29,44.70000076293945,45.34000015258789,43.970001220703125,44.91999816894531,40.32431411743164,2209000
CF,2019-04-30,45.04999923706055,45.27999877929688,44.40999984741211,44.77999877929688,40.198638916015625,2535700
CF,2019-05-01,44.40999984741211,44.68999862670898,43.18999862670898,43.290000915527344,38.86107635498047,2746400
CF,2019-05-02,43.18999862670898,45.0,42.66999816894531,43.459999084472656,39.0136833190918,3895300
CF,2019-05-03,43.86000061035156,44.33000183105469,43.2599983215332,44.220001220703125,39.69593048095703,1467400
CF,2019-05-06,43.02000045776367,44.20000076293945,42.720001220703125,43.79999923706055,39.31889724731445,1731500
CF,2019-05-07,43.27999877929688,43.290000915527344,41.220001220703125,41.52000045776367,37.27216339111328,3940400
CF,2019-05-08,41.369998931884766,42.040000915527344,40.91999816894531,41.84000015258789,37.55942916870117,3473900
CF,2019-05-09,41.20000076293945,41.310001373291016,40.54999923706055,41.150001525878906,36.94002151489258,2153500
CF,2019-05-10,40.97999954223633,41.84000015258789,40.47999954223633,41.619998931884766,37.36193084716797,2373000
CF,2019-05-13,40.61000061035156,40.91999816894531,39.84000015258789,40.81999969482422,36.64377975463867,2481800
CF,2019-05-14,40.880001068115234,41.52000045776367,40.40999984741211,41.18999862670898,37.24967956542969,2688800
CF,2019-05-15,41.130001068115234,42.150001525878906,40.970001220703125,41.91999816894531,37.909854888916016,1670300
CF,2019-05-16,42.25,43.09999847412109,42.08000183105469,42.75,38.66045379638672,2936200
CF,2019-05-17,42.31999969482422,43.18000030517578,42.31999969482422,42.470001220703125,38.40723419189453,1699100
CF,2019-05-20,41.93999862670898,42.27000045776367,41.2599983215332,41.290000915527344,37.34012222290039,1886100
CF,2019-05-21,41.869998931884766,42.2599983215332,41.59999847412109,42.08000183105469,38.05454635620117,2445400
CF,2019-05-22,41.470001220703125,41.9900016784668,41.08000183105469,41.13999938964844,37.20446395874024,2699400
CF,2019-05-23,40.459999084472656,40.81999969482422,39.970001220703125,40.5,36.62568664550781,2493500
CF,2019-05-24,41.040000915527344,41.25,40.56999969482422,40.79999923706055,36.89698791503906,1918800
CF,2019-05-28,40.77000045776367,40.86000061035156,39.97999954223633,40.25,36.39960479736328,2161200
CF,2019-05-29,39.83000183105469,40.27000045776367,39.709999084472656,39.83000183105469,36.01978302001953,1973900
CF,2019-05-30,39.84000015258789,40.75,39.75,40.59000015258789,36.70708084106445,1855700
CF,2019-05-31,39.84000015258789,40.38999938964844,39.16999816894531,40.2400016784668,36.39056015014648,2460900
CF,2019-06-03,40.150001525878906,41.4900016784668,40.119998931884766,41.40999984741211,37.448638916015625,3181700
CF,2019-06-04,42.15999984741211,43.5099983215332,41.79999923706055,43.5099983215332,39.34774398803711,3378700
CF,2019-06-05,43.4900016784668,43.4900016784668,41.869998931884766,42.52000045776367,38.45245742797852,2509000
CF,2019-06-06,42.310001373291016,43.58000183105469,42.0,43.369998931884766,39.221134185791016,2020200
CF,2019-06-07,43.5,43.5,41.47999954223633,42.02999877929688,38.00933074951172,2804000
CF,2019-06-10,42.220001220703125,42.61000061035156,41.63999938964844,41.93999862670898,37.92793273925781,2257100
CF,2019-06-11,42.560001373291016,42.61000061035156,41.880001068115234,42.08000183105469,38.05454635620117,2748300
CF,2019-06-12,42.119998931884766,43.43000030517578,42.09000015258789,43.11000061035156,38.98602294921875,2182600
CF,2019-06-13,44.04999923706055,45.16999816894531,43.7599983215332,45.13999938964844,40.82181167602539,3260600
CF,2019-06-14,45.02000045776367,46.66999816894531,44.619998931884766,46.0,41.599552154541016,2993900
CF,2019-06-17,46.43999862670898,46.959999084472656,46.040000915527344,46.52999877929688,42.0788459777832,2971100
CF,2019-06-18,46.810001373291016,47.84999847412109,46.560001373291016,47.220001220703125,42.70285034179688,2838400
CF,2019-06-19,47.119998931884766,47.43999862670898,46.36000061035156,46.470001220703125,42.02458572387695,2791100
CF,2019-06-20,47.27000045776367,47.34999847412109,46.150001525878906,46.86000061035156,42.37728118896485,2545000
CF,2019-06-21,46.88999938964844,47.709999084472656,46.720001220703125,46.77000045776367,42.2958869934082,3086800
CF,2019-06-24,46.84999847412109,47.470001220703125,46.47999954223633,47.04999923706055,42.54911422729492,2093100
CF,2019-06-25,47.400001525878906,47.91999816894531,47.130001068115234,47.47999954223633,42.93797302246094,2824000
CF,2019-06-26,47.4900016784668,47.59000015258789,46.77000045776367,46.79999923706055,42.32301712036133,1431300
CF,2019-06-27,47.06999969482422,47.58000183105469,46.45000076293945,47.13999938964844,42.630489349365234,1661800
CF,2019-06-28,47.15999984741211,47.77000045776367,46.2400016784668,46.709999084472656,42.24162673950195,4454200
CF,2019-07-01,46.79999923706055,47.45000076293945,44.90999984741211,46.52000045776367,42.06980514526367,2787900
CF,2019-07-02,46.400001525878906,46.75,45.650001525878906,46.290000915527344,41.861812591552734,2375800
CF,2019-07-03,46.5,46.959999084472656,46.310001373291016,46.63999938964844,42.178321838378906,641200
CF,2019-07-05,46.09000015258789,46.540000915527344,45.79999923706055,46.29999923706055,41.870849609375,1191300
CF,2019-07-08,46.2400016784668,46.2400016784668,45.25,45.52000045776367,41.16546630859375,1627600
CF,2019-07-09,45.18999862670898,45.27999877929688,44.369998931884766,44.38999938964844,40.1435661315918,2618000
CF,2019-07-10,44.650001525878906,45.29999923706055,44.09999847412109,44.220001220703125,39.98982620239258,1972000
CF,2019-07-11,43.9900016784668,44.95000076293945,43.810001373291016,44.93999862670898,40.64094924926758,2426700
CF,2019-07-12,45.09999847412109,46.400001525878906,44.869998931884766,46.16999816894531,41.7532844543457,2653700
CF,2019-07-15,46.5,48.18000030517578,46.2599983215332,47.880001068115234,43.29970169067383,2268000
CF,2019-07-16,47.880001068115234,48.63999938964844,47.540000915527344,47.709999084472656,43.14596557617188,1769900
CF,2019-07-17,47.66999816894531,47.84000015258789,46.9900016784668,47.41999816894531,42.88370513916016,1469700
CF,2019-07-18,47.040000915527344,47.459999084472656,46.560001373291016,46.97999954223633,42.48579788208008,1771700
CF,2019-07-19,47.060001373291016,47.34999847412109,46.880001068115234,47.15999984741211,42.648582458496094,1344500
CF,2019-07-22,47.18000030517578,47.38999938964844,46.90999984741211,47.34000015258789,42.81135940551758,1298500
CF,2019-07-23,47.68999862670898,48.41999816894531,47.310001373291016,48.34000015258789,43.7156982421875,1758100
CF,2019-07-24,48.47999954223633,48.9900016784668,48.08000183105469,48.91999816894531,44.24021911621094,2151100
CF,2019-07-25,48.4900016784668,48.810001373291016,48.02000045776367,48.380001068115234,43.75187683105469,2012500
CF,2019-07-26,48.43999862670898,48.4900016784668,47.77000045776367,48.150001525878906,43.54386901855469,1607600
CF,2019-07-29,48.08000183105469,48.2400016784668,47.5,47.52000045776367,42.9741439819336,1760000
CF,2019-07-30,47.040000915527344,49.77000045776367,47.0,49.7400016784668,44.98177337646485,2611100
CF,2019-07-31,49.720001220703125,50.61000061035156,49.290000915527344,49.560001373291016,44.81898880004883,2685500
CF,2019-08-01,52.2400016784668,55.150001525878906,51.38999938964844,52.34999847412109,47.34210205078125,6314900
CF,2019-08-02,52.650001525878906,53.0,51.36000061035156,52.68000030517578,47.64052581787109,2917800
CF,2019-08-05,51.7400016784668,51.93999862670898,49.869998931884766,50.7400016784668,45.886112213134766,3704100
CF,2019-08-06,52.0,52.43999862670898,50.27999877929688,50.93999862670898,46.06697463989258,3856400
CF,2019-08-07,50.27999877929688,50.720001220703125,49.63999938964844,50.45000076293945,45.62385559082031,2174400
CF,2019-08-08,50.91999816894531,52.20000076293945,50.47999954223633,52.150001525878906,47.161231994628906,2800900
CF,2019-08-09,52.33000183105469,52.33000183105469,50.40999984741211,51.040000915527344,46.15740585327149,2993200
CF,2019-08-12,50.93999862670898,50.93999862670898,48.290000915527344,48.88999938964844,44.21308898925781,3208900
CF,2019-08-13,49.0099983215332,50.09000015258789,48.11000061035156,48.77000045776367,44.10456848144531,3072600
CF,2019-08-14,48.27999877929688,48.369998931884766,47.04999923706055,47.20000076293945,42.94894790649414,3032900
CF,2019-08-15,47.54999923706055,47.790000915527344,46.52000045776367,46.93999862670898,42.712364196777344,1967600
CF,2019-08-16,47.27000045776367,48.36000061035156,46.75,48.18000030517578,43.84069061279297,1992400
CF,2019-08-19,48.560001373291016,48.84999847412109,48.2599983215332,48.720001220703125,44.33205032348633,2342600
CF,2019-08-20,48.47999954223633,48.68000030517578,47.880001068115234,48.040000915527344,43.71329498291016,1326500
CF,2019-08-21,48.5099983215332,48.9900016784668,47.810001373291016,48.88999938964844,44.48674392700195,1894900
CF,2019-08-22,49.25,50.13999938964844,48.459999084472656,48.540000915527344,44.16826629638672,2190300
CF,2019-08-23,47.81999969482422,48.45000076293945,46.91999816894531,47.119998931884766,42.87615585327149,2445100
CF,2019-08-26,47.70000076293945,47.720001220703125,46.970001220703125,47.2400016784668,42.98533630371094,1210300
CF,2019-08-27,47.619998931884766,47.68000030517578,46.45000076293945,46.68999862670898,42.48487854003906,1352500
CF,2019-08-28,46.36000061035156,47.59999847412109,46.06999969482422,47.310001373291016,43.04903793334961,1314000
CF,2019-08-29,48.40999984741211,48.970001220703125,47.970001220703125,48.2599983215332,43.913482666015625,1451500
CF,2019-08-30,48.650001525878906,48.91999816894531,47.95000076293945,48.18999862670898,43.84978866577149,1574600
CF,2019-09-03,47.68999862670898,48.08000183105469,46.970001220703125,47.25,42.99444961547852,1885700
CF,2019-09-04,48.38999938964844,48.43000030517578,47.34999847412109,47.7599983215332,43.45851516723633,1610300
CF,2019-09-05,48.38999938964844,48.650001525878906,47.97999954223633,48.16999816894531,43.83157730102539,3450500
CF,2019-09-06,48.31999969482422,48.93999862670898,47.959999084472656,48.63999938964844,44.25925064086914,1328000
CF,2019-09-09,48.7400016784668,49.2400016784668,48.43000030517578,48.84999847412109,44.45035171508789,1340800
CF,2019-09-10,49.119998931884766,50.95000076293945,48.630001068115234,50.77999877929688,46.20651245117188,2122300
CF,2019-09-11,50.77999877929688,51.54999923706055,50.18000030517578,50.380001068115234,45.84254455566406,2342800
CF,2019-09-12,50.81999969482422,50.81999969482422,49.08000183105469,49.09999847412109,44.67782974243164,2014900
CF,2019-09-13,49.5,50.29999923706055,49.09999847412109,49.90999984741211,45.41487121582031,2246200
CF,2019-09-16,50.2599983215332,52.29999923706055,50.15999984741211,51.34000015258789,46.71608352661133,2840900
CF,2019-09-17,50.81999969482422,51.15999984741211,50.130001068115234,50.58000183105469,46.024532318115234,1369800
CF,2019-09-18,50.33000183105469,51.0,50.04999923706055,50.650001525878906,46.088226318359375,1688800
CF,2019-09-19,50.43000030517578,50.7400016784668,50.0,50.0099983215332,45.50586700439453,1986700
CF,2019-09-20,50.209999084472656,50.54999923706055,49.25,49.290000915527344,44.8507080078125,2484900
CF,2019-09-23,48.9900016784668,49.97999954223633,48.77999877929688,49.90999984741211,45.41487121582031,2061500
CF,2019-09-24,49.79999923706055,49.9900016784668,48.58000183105469,48.880001068115234,44.47763442993164,2581300
CF,2019-09-25,49.0,49.5,48.61000061035156,48.66999816894531,44.28654861450195,1360200
CF,2019-09-26,49.02000045776367,49.58000183105469,48.61000061035156,49.220001220703125,44.78701400756836,1688400
CF,2019-09-27,49.36000061035156,49.7599983215332,48.34999847412109,48.650001525878906,44.26835250854492,1694300
CF,2019-09-30,48.7400016784668,49.38999938964844,47.540000915527344,49.20000076293945,44.768821716308594,3328700
CF,2019-10-01,49.43000030517578,50.08000183105469,48.790000915527344,49.130001068115234,44.70512008666992,2135300
CF,2019-10-02,48.470001220703125,48.84999847412109,47.59000015258789,48.27999877929688,43.931678771972656,1919000
CF,2019-10-03,48.13999938964844,48.9900016784668,47.59999847412109,48.7599983215332,44.36845397949219,1434800
CF,2019-10-04,48.79999923706055,48.84999847412109,47.59999847412109,48.77999877929688,44.38664245605469,2138700
CF,2019-10-07,48.83000183105469,49.70000076293945,48.70000076293945,48.90999984741211,44.50493621826172,1636300
CF,2019-10-08,48.4900016784668,49.43000030517578,48.18000030517578,48.86000061035156,44.45943832397461,1919900
CF,2019-10-09,49.400001525878906,49.52000045776367,48.650001525878906,48.84000015258789,44.44123840332031,1282500
CF,2019-10-10,49.470001220703125,50.04999923706055,48.66999816894531,49.150001525878906,44.72332000732422,1633100
CF,2019-10-11,50.0,51.060001373291016,49.86000061035156,50.619998931884766,46.06092071533203,2443400
CF,2019-10-14,50.220001220703125,50.2599983215332,48.93000030517578,48.970001220703125,44.55953598022461,1565100
CF,2019-10-15,49.0099983215332,49.619998931884766,48.4900016784668,48.58000183105469,44.20465469360352,2038100
CF,2019-10-16,48.5099983215332,49.25,48.36000061035156,48.90999984741211,44.50493621826172,1863000
CF,2019-10-17,49.0,49.20000076293945,48.20000076293945,48.459999084472656,44.09546661376953,2538000
CF,2019-10-18,48.34000015258789,48.400001525878906,47.709999084472656,47.77000045776367,43.46761703491211,2432100
CF,2019-10-21,48.33000183105469,48.33000183105469,46.2599983215332,46.459999084472656,42.27559280395508,2548100
CF,2019-10-22,46.4900016784668,46.79999923706055,45.58000183105469,46.40999984741211,42.230098724365234,2133000
CF,2019-10-23,46.34999847412109,46.38999938964844,45.560001373291016,45.81999969482422,41.69322967529297,1884100
CF,2019-10-24,45.9900016784668,46.09000015258789,45.38999938964844,45.470001220703125,41.3747673034668,1506000
CF,2019-10-25,45.45000076293945,46.63999938964844,45.209999084472656,46.13999938964844,41.984413146972656,1657700
CF,2019-10-28,46.36000061035156,46.720001220703125,45.810001373291016,45.83000183105469,41.70233917236328,1548700
CF,2019-10-29,45.5,47.27999877929688,45.5,46.869998931884766,42.64867782592773,2023200
CF,2019-10-30,46.77999877929688,47.459999084472656,46.5099983215332,47.040000915527344,42.8033561706543,3807800
CF,2019-10-31,46.0,46.5,43.31999969482422,45.34999847412109,41.26556015014648,4872100
CF,2019-11-01,45.4900016784668,46.33000183105469,44.9900016784668,46.27000045776367,42.10270690917969,2666100
CF,2019-11-04,46.77000045776367,47.86000061035156,46.59000015258789,47.619998931884766,43.33111953735352,2613500
CF,2019-11-05,47.52999877929688,48.38999938964844,47.34000015258789,47.72999954223633,43.43121719360352,2548000
CF,2019-11-06,47.66999816894531,48.06999969482422,46.38999938964844,46.38999938964844,42.21189880371094,1629800
CF,2019-11-07,46.72999954223633,46.9900016784668,46.22999954223633,46.630001068115234,42.43029022216797,1177400
CF,2019-11-08,46.41999816894531,46.900001525878906,45.77000045776367,46.630001068115234,42.43029022216797,1812100
CF,2019-11-11,46.2599983215332,46.540000915527344,45.650001525878906,46.45000076293945,42.26649475097656,961800
CF,2019-11-12,46.540000915527344,48.02999877929688,46.33000183105469,47.90999984741211,43.595001220703125,2890800
CF,2019-11-13,47.43000030517578,47.43000030517578,46.22999954223633,46.84000015258789,42.62136459350586,1800300
CF,2019-11-14,45.84000015258789,46.45000076293945,45.75,46.36000061035156,42.45652770996094,1739500
CF,2019-11-15,46.65999984741211,46.900001525878906,45.869998931884766,45.93000030517578,42.0627326965332,1251500
CF,2019-11-18,45.630001068115234,45.83000183105469,44.81999969482422,45.130001068115234,41.33009719848633,1421600
CF,2019-11-19,45.45000076293945,46.0099983215332,45.22999954223633,45.7599983215332,41.90704727172852,1803900
CF,2019-11-20,45.54999923706055,45.88999938964844,45.060001373291016,45.09999847412109,41.302616119384766,1691100
CF,2019-11-21,45.119998931884766,45.68999862670898,44.77000045776367,45.400001525878906,41.57735824584961,1866100
CF,2019-11-22,45.54999923706055,45.81999969482422,44.72999954223633,44.95000076293945,41.16524505615234,1581000
CF,2019-11-25,45.52000045776367,46.310001373291016,45.45000076293945,46.290000915527344,42.392425537109375,1813700
CF,2019-11-26,46.34999847412109,46.369998931884766,45.52000045776367,45.720001220703125,41.87041091918945,1677700
CF,2019-11-27,45.709999084472656,45.9900016784668,45.310001373291016,45.650001525878906,41.80630874633789,1636700
CF,2019-11-29,45.58000183105469,46.310001373291016,45.58000183105469,46.209999084472656,42.31915664672852,779000
CF,2019-12-02,46.09000015258789,46.22999954223633,45.52000045776367,45.68999862670898,41.84293746948242,1686400
CF,2019-12-03,45.02999877929688,45.29999923706055,44.34000015258789,44.95000076293945,41.16524505615234,1475200
CF,2019-12-04,45.20000076293945,45.84999847412109,44.7599983215332,44.77000045776367,41.00040435791016,1408300
CF,2019-12-05,44.970001220703125,45.09000015258789,44.2599983215332,44.45000076293945,40.70735168457031,1361800
CF,2019-12-06,44.88999938964844,45.54999923706055,44.77000045776367,45.34000015258789,41.522403717041016,2255900
CF,2019-12-09,45.54999923706055,45.790000915527344,45.09000015258789,45.400001525878906,41.57735824584961,1646600
CF,2019-12-10,44.34999847412109,44.54999923706055,43.66999816894531,44.02000045776367,40.31354904174805,2176400
CF,2019-12-11,43.93999862670898,45.09999847412109,43.84000015258789,44.560001373291016,40.80809020996094,2835800
CF,2019-12-12,44.43999862670898,45.77999877929688,44.20000076293945,45.400001525878906,41.57735824584961,2968700
CF,2019-12-13,45.400001525878906,45.900001525878906,44.77999877929688,45.13999938964844,41.3392448425293,2441700
CF,2019-12-16,45.84999847412109,47.310001373291016,45.72999954223633,46.880001068115234,42.932743072509766,2631900
CF,2019-12-17,46.880001068115234,47.22999954223633,46.560001373291016,46.91999816894531,42.9693717956543,2422600
CF,2019-12-18,46.83000183105469,46.84000015258789,45.650001525878906,46.52999877929688,42.61220932006836,2936300
CF,2019-12-19,46.290000915527344,46.75,46.04999923706055,46.380001068115234,42.4748420715332,2002700
CF,2019-12-20,46.65999984741211,48.5099983215332,46.43000030517578,48.27999877929688,44.2148666381836,6009100
CF,2019-12-23,48.13999938964844,48.31999969482422,47.43999862670898,47.75,43.72949600219727,1496900
CF,2019-12-24,47.68999862670898,48.220001220703125,47.68999862670898,47.93999862670898,43.90348815917969,293900
CF,2019-12-26,47.93999862670898,48.5099983215332,47.93000030517578,48.459999084472656,44.37970733642578,873300
CF,2019-12-27,48.880001068115234,48.880001068115234,47.540000915527344,47.54999923706055,43.54633331298828,1306400
CF,2019-12-30,47.790000915527344,47.86000061035156,47.27999877929688,47.36000061035156,43.37233352661133,975400
CF,2019-12-31,47.20000076293945,47.79999923706055,47.15999984741211,47.7400016784668,43.72032928466797,1016400
CF,2020-01-02,48.18999862670898,48.18999862670898,46.02999877929688,46.400001525878906,42.493160247802734,2653500
CF,2020-01-03,46.369998931884766,47.209999084472656,45.970001220703125,46.08000183105469,42.20010757446289,2349600
CF,2020-01-06,45.75,46.220001220703125,45.02000045776367,46.0,42.126834869384766,2283300
CF,2020-01-07,45.72999954223633,46.41999816894531,45.560001373291016,45.58000183105469,41.74220657348633,1944500
CF,2020-01-08,45.369998931884766,45.93000030517578,45.02000045776367,45.790000915527344,41.93452453613281,2121500
CF,2020-01-09,45.93999862670898,45.959999084472656,44.790000915527344,45.56999969482422,41.7330436706543,1762600
CF,2020-01-10,45.5,45.77000045776367,44.63999938964844,44.77000045776367,41.00040435791016,2206800
CF,2020-01-13,44.90999984741211,45.43999862670898,44.5,45.34000015258789,41.522403717041016,1500900
CF,2020-01-14,45.220001220703125,46.0,45.220001220703125,45.41999816894531,41.59567642211914,1259800
CF,2020-01-15,45.31999969482422,46.06999969482422,45.29999923706055,45.650001525878906,41.80630874633789,1268200
CF,2020-01-16,45.47999954223633,45.93999862670898,45.09000015258789,45.88999938964844,42.02609252929688,1273500
CF,2020-01-17,45.959999084472656,46.33000183105469,45.47999954223633,46.13999938964844,42.25504684448242,2871600
CF,2020-01-21,45.86000061035156,45.86000061035156,44.209999084472656,44.25,40.52418899536133,2183200
CF,2020-01-22,44.0099983215332,44.31999969482422,41.91999816894531,42.709999084472656,39.11385345458984,5417700
CF,2020-01-23,42.02999877929688,42.68000030517578,41.290000915527344,42.5,38.92153930664063,2973400
CF,2020-01-24,42.47999954223633,42.4900016784668,40.90999984741211,40.93000030517578,37.48372650146485,2503800
CF,2020-01-27,39.91999816894531,40.25,39.33000183105469,39.41999816894531,36.10086441040039,2633800
CF,2020-01-28,39.7400016784668,40.15999984741211,39.25,39.95000076293945,36.58623504638672,2371600
CF,2020-01-29,40.15999984741211,40.84000015258789,40.08000183105469,40.27000045776367,36.879302978515625,1912900
CF,2020-01-30,40.040000915527344,40.7599983215332,39.900001525878906,40.68000030517578,37.25478744506836,1964800
CF,2020-01-31,40.2599983215332,40.4900016784668,40.060001373291016,40.27999877929688,36.88844680786133,2050800
CF,2020-02-03,40.27000045776367,40.84000015258789,39.40999984741211,39.75,36.40308380126953,2850500
CF,2020-02-04,40.27999877929688,41.16999816894531,40.08000183105469,41.06999969482422,37.611934661865234,2297400
CF,2020-02-05,41.68999862670898,42.7599983215332,41.33000183105469,42.709999084472656,39.11385345458984,2784800
CF,2020-02-06,42.869998931884766,42.93000030517578,42.16999816894531,42.25,38.69258499145508,2801100
CF,2020-02-07,41.880001068115234,42.209999084472656,41.70000076293945,42.16999816894531,38.61932373046875,1679900
CF,2020-02-10,41.70000076293945,42.56999969482422,41.43999862670898,41.66999816894531,38.16141891479492,2085300
CF,2020-02-11,41.90999984741211,42.650001525878906,41.75,42.16999816894531,38.61932373046875,1929600
CF,2020-02-12,42.20000076293945,42.2599983215332,41.310001373291016,41.61000061035156,38.106475830078125,2376300
CF,2020-02-13,41.29999923706055,41.40999984741211,39.18000030517578,39.34000015258789,36.289249420166016,4897000
CF,2020-02-14,38.119998931884766,40.040000915527344,38.0,38.29999923706055,35.32989501953125,5653800
CF,2020-02-18,38.0099983215332,38.459999084472656,37.58000183105469,38.15999984741211,35.20075225830078,5994100
CF,2020-02-19,38.15999984741211,40.040000915527344,38.15999984741211,39.380001068115234,36.32614517211914,3313100
CF,2020-02-20,39.58000183105469,40.59999847412109,39.38999938964844,39.47999954223633,36.41838455200195,2972200
CF,2020-02-21,39.83000183105469,40.18000030517578,39.31999969482422,39.34999847412109,36.298458099365234,2065700
CF,2020-02-24,38.40999984741211,39.29999923706055,37.709999084472656,38.83000183105469,35.81879425048828,3445100
CF,2020-02-25,39.0099983215332,39.5,37.43000030517578,37.63999938964844,34.721073150634766,3288000
CF,2020-02-26,37.93000030517578,38.75,36.959999084472656,37.060001373291016,34.18605422973633,3028600
CF,2020-02-27,36.5,37.68000030517578,35.91999816894531,36.130001068115234,33.32817077636719,4420200
CF,2020-02-28,35.220001220703125,36.9900016784668,35.18000030517578,36.86000061035156,34.00156784057617,4338500
CF,2020-03-02,37.27999877929688,38.27000045776367,36.97999954223633,38.220001220703125,35.25609588623047,4818900
CF,2020-03-03,37.81999969482422,39.0099983215332,37.22999954223633,38.13999938964844,35.18230438232422,4247000
CF,2020-03-04,38.5099983215332,38.93999862670898,38.04999923706055,38.75,35.74500274658203,3329000
CF,2020-03-05,37.61000061035156,38.22999954223633,37.41999816894531,37.9900016784668,35.0439338684082,3076700
CF,2020-03-06,37.20000076293945,37.4900016784668,36.09000015258789,36.84000015258789,33.983116149902344,3800800
CF,2020-03-09,34.40999984741211,34.810001373291016,31.1299991607666,31.170000076293945,28.7528133392334,4896900
CF,2020-03-10,32.63999938964844,32.86000061035156,29.31999969482422,30.729999542236328,28.34693145751953,6353500
CF,2020-03-11,30.040000915527344,30.239999771118164,27.89999961853028,28.34000015258789,26.142276763916016,5032900
CF,2020-03-12,25.89999961853028,26.88999938964844,23.850000381469727,24.420000076293945,22.526264190673828,3919300
CF,2020-03-13,25.600000381469727,27.700000762939453,23.229999542236328,27.68000030517578,25.53345489501953,4126900
CF,2020-03-16,24.0,26.479999542236328,23.809999465942383,24.0,22.138835906982425,4077900
CF,2020-03-17,24.8799991607666,25.43000030517578,22.88999938964844,24.14999961853028,22.27720069885254,4179700
CF,2020-03-18,22.290000915527344,23.5,19.729999542236328,21.13999938964844,19.50062561035156,4980100
CF,2020-03-19,21.040000915527344,23.89999961853028,20.420000076293945,22.979999542236328,21.19793701171875,3167000
CF,2020-03-20,23.530000686645508,24.299999237060547,21.959999084472656,22.25,20.524545669555664,4254900
CF,2020-03-23,22.18000030517578,22.90999984741211,21.43000030517578,22.040000915527344,20.33083152770996,2874000
CF,2020-03-24,23.13999938964844,25.780000686645508,22.530000686645508,25.6200008392334,23.633207321166992,3700700
CF,2020-03-25,26.0,28.88999938964844,25.26000022888184,27.020000457763672,24.92464065551757,4271400
CF,2020-03-26,27.32999992370605,28.959999084472656,26.850000381469727,28.25,26.05925369262696,3507800
CF,2020-03-27,27.13999938964844,27.13999938964844,25.40999984741211,25.549999237060547,23.568634033203125,2497800
CF,2020-03-30,25.51000022888184,26.93000030517578,25.100000381469727,26.6200008392334,24.5556583404541,3062400
CF,2020-03-31,26.559999465942383,28.0,26.559999465942383,27.200000762939453,25.09067916870117,3959000
CF,2020-04-01,25.90999984741211,26.729999542236328,25.57999992370605,25.850000381469727,23.845373153686523,4352000
CF,2020-04-02,26.0,28.200000762939453,25.26000022888184,25.700000762939453,23.70700454711914,3539600
CF,2020-04-03,26.190000534057617,26.36000061035156,25.440000534057617,25.770000457763672,23.77157974243164,2670200
CF,2020-04-06,27.239999771118164,27.96999931335449,27.0,27.5,25.367416381835938,4857700
CF,2020-04-07,29.1200008392334,30.38999938964844,28.229999542236328,28.959999084472656,26.71419334411621,5101400
CF,2020-04-08,29.020000457763672,30.0,29.020000457763672,29.84000015258789,27.52595329284668,2977500
CF,2020-04-09,30.690000534057617,32.16999816894531,30.239999771118164,31.01000022888184,28.60522079467773,4559500
CF,2020-04-13,30.520000457763672,31.059999465942383,29.34000015258789,29.90999984741211,27.59052276611328,3892400
CF,2020-04-14,30.46999931335449,30.979999542236328,29.299999237060547,30.049999237060547,27.719667434692383,2393200
CF,2020-04-15,28.670000076293945,28.8799991607666,27.600000381469727,28.1200008392334,25.93933486938477,2585200
CF,2020-04-16,28.030000686645508,28.350000381469727,26.559999465942383,26.920000076293945,24.832395553588867,3233100
CF,2020-04-17,28.030000686645508,28.8700008392334,27.71999931335449,28.290000915527344,26.096155166625977,5346800
CF,2020-04-20,27.3799991607666,28.479999542236328,27.030000686645508,27.549999237060547,25.413537979125977,3636300
CF,2020-04-21,26.600000381469727,27.309999465942383,26.34000015258789,26.86000061035156,24.777050018310547,2592100
CF,2020-04-22,27.65999984741211,27.65999984741211,26.559999465942383,27.309999465942383,25.192153930664062,3398700
CF,2020-04-23,27.84000015258789,28.75,27.489999771118164,27.850000381469727,25.69027137756348,2631000
CF,2020-04-24,28.229999542236328,28.459999084472656,27.450000762939453,28.0,25.828643798828125,2659300
CF,2020-04-27,27.90999984741211,28.65999984741211,27.790000915527344,28.3700008392334,26.16995048522949,1503700
CF,2020-04-28,29.0,29.1299991607666,27.690000534057617,28.040000915527344,25.86553955078125,2879600
CF,2020-04-29,29.13999938964844,29.68000030517578,28.76000022888184,29.01000022888184,26.76031875610352,3109200
CF,2020-04-30,28.63999938964844,28.63999938964844,27.290000915527344,27.5,25.367416381835938,3258100
CF,2020-05-01,26.979999542236328,27.059999465942383,25.989999771118164,26.61000061035156,24.54643821716309,2404500
CF,2020-05-04,25.950000762939453,26.32999992370605,25.450000762939453,26.280000686645508,24.24202537536621,2530400
CF,2020-05-05,26.950000762939453,28.1200008392334,26.770000457763672,27.309999465942383,25.192153930664062,2488600
CF,2020-05-06,27.3799991607666,27.71999931335449,26.25,26.270000457763672,24.23280334472656,1400100
CF,2020-05-07,28.200000762939453,28.84000015258789,27.40999984741211,27.540000915527344,25.40431404113769,3241800
CF,2020-05-08,28.100000381469727,29.200000762939453,28.059999465942383,29.030000686645508,26.778770446777344,1875200
CF,2020-05-11,26.670000076293945,27.61000061035156,26.350000381469727,27.459999084472656,25.330516815185547,2805900
CF,2020-05-12,27.3799991607666,27.850000381469727,26.049999237060547,26.09000015258789,24.06675910949707,2324600
CF,2020-05-13,26.020000457763672,26.32999992370605,24.39999961853028,24.59000015258789,22.683080673217773,2611600
CF,2020-05-14,23.709999084472656,24.64999961853028,23.049999237060547,24.6299991607666,23.00058937072754,5888300
CF,2020-05-15,24.420000076293945,24.82999992370605,24.1299991607666,24.81999969482422,23.17801856994629,3761800
CF,2020-05-18,26.09000015258789,26.950000762939453,25.959999084472656,26.38999938964844,24.644153594970703,4787200
CF,2020-05-19,26.56999969482422,27.84000015258789,25.81999969482422,27.190000534057617,25.3912296295166,3498300
CF,2020-05-20,27.5,27.96999931335449,27.26000022888184,27.51000022888184,25.690061569213867,2607400
CF,2020-05-21,27.5,27.86000061035156,27.309999465942383,27.700000762939453,25.867488861083984,2005800
CF,2020-05-22,27.64999961853028,27.780000686645508,27.270000457763672,27.59000015258789,25.7647647857666,1487200
CF,2020-05-26,28.25,29.479999542236328,28.25,29.15999984741211,27.23090362548828,2787200
CF,2020-05-27,30.049999237060547,30.36000061035156,29.530000686645508,29.96999931335449,27.987319946289062,1832400
CF,2020-05-28,30.38999938964844,30.43000030517578,29.09000015258789,29.239999771118164,27.30561065673828,1817400
CF,2020-05-29,28.90999984741211,29.770000457763672,28.68000030517578,29.3700008392334,27.4270076751709,2673000
CF,2020-06-01,29.25,29.959999084472656,28.93000030517578,29.59000015258789,27.63245964050293,1628100
CF,2020-06-02,29.76000022888184,31.1200008392334,29.76000022888184,30.90999984741211,28.86513328552246,3898000
CF,2020-06-03,31.40999984741211,32.31999969482422,31.39999961853028,31.90999984741211,29.79897689819336,2322300
CF,2020-06-04,31.65999984741211,32.06999969482422,31.020000457763672,31.75,29.649560928344727,1781200
CF,2020-06-05,33.15999984741211,33.529998779296875,32.54999923706055,32.720001220703125,30.555391311645508,2757800
CF,2020-06-08,33.400001525878906,34.04999923706055,32.72999954223633,32.97999954223633,30.79818344116211,2610200
CF,2020-06-09,32.15999984741211,32.400001525878906,31.51000022888184,31.93000030517578,29.817651748657227,2126200
CF,2020-06-10,31.8700008392334,31.93000030517578,30.850000381469727,30.8799991607666,28.83711624145508,2391200
CF,2020-06-11,29.25,29.709999084472656,27.690000534057617,28.13999938964844,26.27838516235352,2749600
CF,2020-06-12,29.46999931335449,29.729999542236328,28.43000030517578,29.39999961853028,27.455028533935547,1649900
CF,2020-06-15,28.34000015258789,29.709999084472656,28.049999237060547,29.43000030517578,27.483041763305664,1625700
CF,2020-06-16,31.100000381469727,31.100000381469727,29.809999465942383,30.809999465942383,28.771747589111328,2284300
CF,2020-06-17,31.06999969482422,31.06999969482422,30.030000686645508,30.229999542236328,28.23011779785156,1527300
CF,2020-06-18,29.8700008392334,30.520000457763672,29.6299991607666,29.989999771118164,28.00599479675293,1827900
CF,2020-06-19,30.729999542236328,30.729999542236328,29.6299991607666,29.88999938964844,27.9126091003418,2920900
CF,2020-06-22,29.61000061035156,30.290000915527344,29.14999961853028,30.14999961853028,28.15541076660156,1782700
CF,2020-06-23,30.549999237060547,30.600000381469727,29.51000022888184,29.799999237060547,27.828563690185547,2538400
CF,2020-06-24,29.190000534057617,29.299999237060547,27.790000915527344,27.84000015258789,25.99822807312012,2011500
CF,2020-06-25,27.57999992370605,27.90999984741211,26.96999931335449,27.540000915527344,25.718076705932617,3506700
CF,2020-06-26,27.299999237060547,27.790000915527344,27.190000534057617,27.450000762939453,25.63402938842773,3512800
CF,2020-06-29,27.729999542236328,27.950000762939453,27.32999992370605,27.549999237060547,25.727413177490234,2023500
CF,2020-06-30,27.290000915527344,28.32999992370605,26.959999084472656,28.13999938964844,26.27838516235352,2901900
CF,2020-07-01,28.229999542236328,29.209999084472656,28.170000076293945,28.540000915527344,26.65192031860352,2582000
CF,2020-07-02,29.21999931335449,29.88999938964844,29.020000457763672,29.3799991607666,27.43634986877441,1956800
CF,2020-07-06,30.06999969482422,30.350000381469727,29.290000915527344,29.76000022888184,27.791210174560547,2037000
CF,2020-07-07,29.34000015258789,29.799999237060547,28.979999542236328,29.21999931335449,27.28693389892578,1758100
CF,2020-07-08,29.18000030517578,29.350000381469727,27.64999961853028,27.739999771118164,25.904844284057617,2460100
CF,2020-07-09,27.93000030517578,27.96999931335449,26.59000015258789,26.89999961853028,25.12041473388672,2232900
CF,2020-07-10,26.68000030517578,28.15999984741211,26.68000030517578,28.1200008392334,26.259706497192383,1781800
CF,2020-07-13,29.420000076293945,30.209999084472656,29.25,29.75,27.781871795654297,2843400
CF,2020-07-14,29.57999992370605,30.06999969482422,29.06999969482422,29.63999938964844,27.67914772033692,2529900
CF,2020-07-15,30.38999938964844,31.190000534057617,30.270000457763672,30.63999938964844,28.61299514770508,2135400
CF,2020-07-16,30.46999931335449,30.6299991607666,29.81999969482422,29.959999084472656,27.97797584533692,2439100
CF,2020-07-17,30.07999992370605,30.8700008392334,30.06999969482422,30.36000061035156,28.35152053833008,1888500
CF,2020-07-20,30.200000762939453,30.350000381469727,29.07999992370605,29.15999984741211,27.23090362548828,1619100
CF,2020-07-21,29.34000015258789,30.1200008392334,29.34000015258789,29.799999237060547,27.828563690185547,2018400
CF,2020-07-22,29.559999465942383,30.299999237060547,29.38999938964844,30.229999542236328,28.23011779785156,1583800
CF,2020-07-23,30.15999984741211,30.96999931335449,29.670000076293945,30.3799991607666,28.370195388793945,1921700
CF,2020-07-24,30.489999771118164,30.979999542236328,30.170000076293945,30.57999992370605,28.556961059570312,1553300
CF,2020-07-27,30.540000915527344,31.75,30.51000022888184,31.36000061035156,29.285362243652344,2389600
CF,2020-07-28,31.030000686645508,31.1200008392334,30.030000686645508,30.21999931335449,28.22077751159668,2715400
CF,2020-07-29,30.479999542236328,31.479999542236328,30.36000061035156,31.36000061035156,29.285362243652344,2463700
CF,2020-07-30,30.780000686645508,31.1299991607666,30.100000381469727,30.809999465942383,28.771747589111328,2369300
CF,2020-07-31,30.739999771118164,31.57999992370605,30.559999465942383,31.32999992370605,29.2573471069336,8099900
CF,2020-08-03,31.43000030517578,31.940000534057617,31.3799991607666,31.450000762939453,29.369409561157227,3977400
CF,2020-08-04,31.940000534057617,32.84000015258789,31.76000022888184,32.380001068115234,30.237882614135746,3885800
CF,2020-08-05,32.86000061035156,33.20000076293945,32.630001068115234,32.91999816894531,30.742162704467773,3937500
CF,2020-08-06,33.810001373291016,34.47999954223633,33.34000015258789,33.38999938964844,31.18106842041016,3692200
CF,2020-08-07,34.25,34.25,32.68000030517578,33.130001068115234,30.938270568847656,4069100
CF,2020-08-10,33.599998474121094,35.13999938964844,33.45000076293945,34.880001068115234,32.5724983215332,4003100
CF,2020-08-11,35.66999816894531,36.119998931884766,35.119998931884766,35.4900016784668,33.142147064208984,3023500
CF,2020-08-12,35.90999984741211,36.11000061035156,34.59000015258789,34.880001068115234,32.5724983215332,2317600
CF,2020-08-13,34.59000015258789,35.16999816894531,34.43000030517578,34.959999084472656,32.64720153808594,1818700
CF,2020-08-14,34.63999938964844,35.119998931884766,34.47999954223633,35.099998474121094,33.061649322509766,2245100
CF,2020-08-17,35.18000030517578,35.47999954223633,34.29999923706055,34.380001068115234,32.38345718383789,1969300
CF,2020-08-18,34.33000183105469,34.880001068115234,33.939998626708984,34.4900016784668,32.48707580566406,2002200
CF,2020-08-19,34.349998474121094,34.619998931884766,33.400001525878906,33.58000183105469,31.629920959472656,1955900
CF,2020-08-20,33.130001068115234,33.349998474121094,32.790000915527344,33.099998474121094,31.177793502807617,1982700
CF,2020-08-21,32.83000183105469,32.93000030517578,32.209999084472656,32.369998931884766,30.49018669128418,1895900
CF,2020-08-24,32.689998626708984,33.75,32.619998931884766,33.56999969482422,31.62049674987793,1793700
CF,2020-08-25,33.83000183105469,34.15999984741211,33.22999954223633,33.43000030517578,31.48862838745117,1632700
CF,2020-08-26,33.41999816894531,33.560001373291016,32.720001220703125,33.4900016784668,31.545148849487305,2238600
CF,2020-08-27,33.52000045776367,33.560001373291016,32.90999984741211,33.2400016784668,31.309663772583008,2331000
CF,2020-08-28,33.41999816894531,33.470001220703125,32.65999984741211,33.209999084472656,31.28140449523925,1489000
CF,2020-08-31,33.27000045776367,33.31999969482422,32.619998931884766,32.630001068115234,30.735092163085938,1591900
CF,2020-09-01,32.380001068115234,33.40999984741211,32.130001068115234,33.40999984741211,31.46979331970215,1670600
CF,2020-09-02,33.52000045776367,33.97999954223633,33.08000183105469,33.970001220703125,31.997270584106445,2100500
CF,2020-09-03,34.029998779296875,34.16999816894531,32.709999084472656,33.209999084472656,31.28140449523925,2109500
CF,2020-09-04,33.540000915527344,33.7599983215332,32.790000915527344,33.18000030517578,31.253150939941406,2047400
CF,2020-09-08,32.56999969482422,32.7400016784668,31.530000686645508,32.02000045776367,30.16051483154297,2436100
CF,2020-09-09,32.22999954223633,32.40999984741211,31.81999969482422,32.33000183105469,30.452516555786133,1368600
CF,2020-09-10,32.52000045776367,32.7400016784668,32.119998931884766,32.25,30.377153396606445,1791700
CF,2020-09-11,32.459999084472656,33.52000045776367,32.38999938964844,33.369998931884766,31.432113647460938,2115700
CF,2020-09-14,33.5,33.79999923706055,33.06999969482422,33.689998626708984,31.733531951904297,1554000
CF,2020-09-15,33.689998626708984,33.7400016784668,32.970001220703125,32.970001220703125,31.05534553527832,1647900
CF,2020-09-16,33.08000183105469,33.68000030517578,32.650001525878906,33.349998474121094,31.41327667236328,1928600
CF,2020-09-17,32.36000061035156,34.72999954223633,32.20000076293945,34.63999938964844,32.628360748291016,3444400
CF,2020-09-18,34.970001220703125,35.630001068115234,33.68000030517578,34.0099983215332,32.034950256347656,6327200
CF,2020-09-21,33.20000076293945,33.2400016784668,31.09000015258789,31.61000061035156,29.774320602416992,2825000
CF,2020-09-22,31.46999931335449,31.71999931335449,31.13999938964844,31.25,29.43523025512696,2094400
CF,2020-09-23,31.14999961853028,31.940000534057617,30.89999961853028,30.920000076293945,29.1243953704834,2006400
CF,2020-09-24,30.75,31.09000015258789,30.1200008392334,30.690000534057617,28.90774917602539,1910100
CF,2020-09-25,30.39999961853028,30.57999992370605,29.96999931335449,30.420000076293945,28.65342903137207,2000300
CF,2020-09-28,31.14999961853028,31.5,30.88999938964844,30.950000762939453,29.15264892578125,1434200
CF,2020-09-29,30.89999961853028,30.89999961853028,29.770000457763672,29.86000061035156,28.125953674316406,1600500
CF,2020-09-30,30.040000915527344,31.07999992370605,29.989999771118164,30.709999084472656,28.92658805847168,2333800
CF,2020-10-01,30.6200008392334,30.88999938964844,29.770000457763672,29.8799991607666,28.1447868347168,1981100
CF,2020-10-02,29.489999771118164,30.850000381469727,29.299999237060547,30.56999969482422,28.79471969604492,1552800
CF,2020-10-05,30.75,31.770000457763672,30.71999931335449,31.530000686645508,29.6989688873291,1586300
CF,2020-10-06,31.920000076293945,32.619998931884766,31.25,31.290000915527344,29.47290229797364,1561100
CF,2020-10-07,31.63999938964844,31.8700008392334,30.93000030517578,30.950000762939453,29.15264892578125,2115100
CF,2020-10-08,31.34000015258789,31.86000061035156,31.11000061035156,31.86000061035156,30.00980758666992,1239200
CF,2020-10-09,31.959999084472656,32.279998779296875,30.96999931335449,31.32999992370605,29.51058387756348,1865100
CF,2020-10-12,31.1200008392334,31.170000076293945,29.38999938964844,29.520000457763672,27.80569648742676,3649500
CF,2020-10-13,29.3700008392334,29.959999084472656,29.18000030517578,29.450000762939453,27.739761352539062,2173100
CF,2020-10-14,29.299999237060547,30.489999771118164,29.059999465942383,29.809999465942383,28.0788516998291,2120000
CF,2020-10-15,29.3799991607666,29.850000381469727,29.170000076293945,29.65999984741211,27.93756675720215,1166500
CF,2020-10-16,29.780000686645508,29.8799991607666,29.14999961853028,29.280000686645508,27.579633712768555,1736500
CF,2020-10-19,29.280000686645508,29.5,28.81999969482422,28.8799991607666,27.202861785888672,1515800
CF,2020-10-20,29.15999984741211,29.25,28.040000915527344,28.059999465942383,26.43048095703125,2007300
CF,2020-10-21,27.86000061035156,27.989999771118164,26.8799991607666,27.25,25.66752052307129,3455000
CF,2020-10-22,27.36000061035156,28.01000022888184,27.309999465942383,27.920000076293945,26.29861259460449,2552000
CF,2020-10-23,28.100000381469727,28.440000534057617,27.530000686645508,27.57999992370605,25.978355407714844,1629300
CF,2020-10-26,27.25,27.25,26.440000534057617,26.82999992370605,25.271913528442383,1987900
CF,2020-10-27,26.700000762939453,26.959999084472656,26.100000381469727,26.15999984741211,24.640819549560547,3015200
CF,2020-10-28,25.479999542236328,26.21999931335449,25.299999237060547,25.709999084472656,24.216947555541992,2833900
CF,2020-10-29,25.5,26.89999961853028,25.489999771118164,26.780000686645508,25.22481155395508,2491000
CF,2020-10-30,26.68000030517578,27.6299991607666,26.420000076293945,27.61000061035156,26.006616592407227,3016800
CF,2020-11-02,28.01000022888184,28.290000915527344,27.64999961853028,28.06999969482422,26.43990135192871,2695500
CF,2020-11-03,27.96999931335449,28.030000686645508,26.68000030517578,27.020000457763672,25.45088005065918,3184400
CF,2020-11-04,27.18000030517578,27.239999771118164,26.049999237060547,26.65999984741211,25.11178398132324,1953100
CF,2020-11-05,25.959999084472656,28.020000457763672,25.959999084472656,27.34000015258789,25.75229263305664,3778300
CF,2020-11-06,27.36000061035156,28.290000915527344,27.059999465942383,27.32999992370605,25.74287223815918,2970600
CF,2020-11-09,29.1200008392334,30.51000022888184,28.3700008392334,28.959999084472656,27.278215408325195,3954300
CF,2020-11-10,29.32999992370605,30.36000061035156,28.8799991607666,30.11000061035156,28.36143112182617,3732600
CF,2020-11-11,30.39999961853028,31.5,30.36000061035156,30.549999237060547,28.77587890625,3968700
CF,2020-11-12,30.170000076293945,30.489999771118164,29.729999542236328,30.13999938964844,28.389686584472656,2638700
CF,2020-11-13,30.209999084472656,30.950000762939453,30.209999084472656,30.88999938964844,29.38865852355957,2732000
CF,2020-11-16,31.799999237060547,32.540000915527344,31.14999961853028,32.400001525878906,30.825267791748047,4326700
CF,2020-11-17,32.11000061035156,32.59000015258789,31.71999931335449,32.220001220703125,30.654016494750977,3007900
CF,2020-11-18,32.5,33.279998779296875,32.279998779296875,32.45000076293945,30.87283706665039,3256700
CF,2020-11-19,32.5,32.70000076293945,31.88999938964844,32.150001525878906,30.587417602539062,2743900
CF,2020-11-20,32.31999969482422,33.66999816894531,32.220001220703125,33.5,31.871797561645508,2933400
CF,2020-11-23,34.029998779296875,36.09000015258789,34.029998779296875,35.81999969482422,34.079044342041016,4581300
CF,2020-11-24,36.22999954223633,38.77000045776367,36.22999954223633,38.650001525878906,36.77150344848633,6318500
CF,2020-11-25,38.2400016784668,38.709999084472656,37.31999969482422,38.16999816894531,36.3148193359375,3442500
CF,2020-11-27,38.560001373291016,39.40999984741211,38.27999877929688,38.77000045776367,36.88566207885742,2427000
CF,2020-11-30,38.38999938964844,38.43999862670898,37.08000183105469,37.29999923706055,35.48711395263672,3320300
CF,2020-12-01,37.900001525878906,38.150001525878906,37.38999938964844,37.5,35.67738723754883,2424300
CF,2020-12-02,37.33000183105469,38.25,37.25,37.84999847412109,36.0103874206543,2798800
CF,2020-12-03,38.08000183105469,38.65999984741211,37.81999969482422,38.130001068115234,36.27677154541016,2267300
CF,2020-12-04,38.38999938964844,39.900001525878906,38.20000076293945,39.56999969482422,37.64677810668945,2861600
CF,2020-12-07,39.2599983215332,39.369998931884766,38.0,38.27000045776367,36.40996551513672,1981100
CF,2020-12-08,37.95000076293945,38.709999084472656,37.900001525878906,38.52000045776367,36.64781951904297,1624500
CF,2020-12-09,38.90999984741211,39.41999816894531,38.54999923706055,39.060001373291016,37.16157150268555,1778700
CF,2020-12-10,38.59000015258789,39.34000015258789,38.54999923706055,39.11000061035156,37.20914840698242,1793700
CF,2020-12-11,38.65999984741211,39.459999084472656,38.619998931884766,39.369998931884766,37.45650863647461,1696700
CF,2020-12-14,39.65999984741211,40.060001373291016,38.77999877929688,38.81999969482422,36.93323516845703,2477900
CF,2020-12-15,39.400001525878906,39.40999984741211,38.02000045776367,38.34999847412109,36.48608016967773,2553900
CF,2020-12-16,38.54999923706055,38.54999923706055,37.06999969482422,37.77999877929688,35.94377899169922,2179400
CF,2020-12-17,38.119998931884766,38.15999984741211,37.45000076293945,37.540000915527344,35.7154426574707,1855700
CF,2020-12-18,37.4900016784668,37.720001220703125,36.970001220703125,37.63999938964844,35.81058883666992,4424600
CF,2020-12-21,36.88999938964844,37.650001525878906,36.65999984741211,37.540000915527344,35.7154426574707,1692300
CF,2020-12-22,37.61000061035156,37.61000061035156,36.209999084472656,36.220001220703125,34.4596061706543,1723700
CF,2020-12-23,36.5099983215332,37.09000015258789,36.29999923706055,36.77000045776367,34.98286819458008,1263800
CF,2020-12-24,36.709999084472656,36.88999938964844,36.38999938964844,36.810001373291016,35.020931243896484,255800
CF,2020-12-28,37.0099983215332,38.56999969482422,37.0099983215332,37.20000076293945,35.39197540283203,1606300
CF,2020-12-29,37.31999969482422,37.77000045776367,36.63999938964844,36.95000076293945,35.15412902832031,1073100
CF,2020-12-30,36.84999847412109,38.2599983215332,36.84999847412109,37.970001220703125,36.124549865722656,1388200
CF,2020-12-31,37.93000030517578,39.20000076293945,37.58000183105469,38.709999084472656,36.82857894897461,1556400
CF,2021-01-04,39.0,39.59999847412109,38.060001373291016,38.52999877929688,36.65733337402344,2668100
CF,2021-01-05,38.70000076293945,40.4900016784668,38.70000076293945,40.06999969482422,38.12247848510742,2632200
CF,2021-01-06,40.880001068115234,43.29999923706055,40.34000015258789,42.70000076293945,40.624656677246094,4689000
CF,2021-01-07,43.5,43.97999954223633,42.58000183105469,42.77000045776367,40.691253662109375,3248200
CF,2021-01-08,43.04999923706055,43.2599983215332,42.13999938964844,43.15999984741211,41.06230545043945,3449300
CF,2021-01-11,42.15999984741211,43.459999084472656,41.900001525878906,43.11000061035156,41.01472854614258,2159500
CF,2021-01-12,43.52000045776367,45.959999084472656,42.95000076293945,45.7400016784668,43.51690673828125,3698600
CF,2021-01-13,46.20000076293945,47.0,44.970001220703125,45.290000915527344,43.088775634765625,2976800
CF,2021-01-14,45.369998931884766,45.95000076293945,45.290000915527344,45.29999923706055,43.09829330444336,2216200
CF,2021-01-15,45.16999816894531,45.66999816894531,44.33000183105469,45.560001373291016,43.34565353393555,2531500
CF,2021-01-19,45.97999954223633,46.18999862670898,44.5,44.9900016784668,42.8033561706543,2465300
CF,2021-01-20,45.22999954223633,45.36000061035156,43.7400016784668,44.130001068115234,41.98515701293945,1766200
CF,2021-01-21,44.31999969482422,44.560001373291016,43.220001220703125,43.459999084472656,41.34772109985352,1742600
CF,2021-01-22,42.790000915527344,43.72999954223633,42.54999923706055,43.400001525878906,41.2906379699707,1457300
CF,2021-01-25,43.02999877929688,43.65999984741211,42.150001525878906,43.470001220703125,41.35723114013672,2102600
CF,2021-01-26,43.95000076293945,44.2400016784668,41.88999938964844,41.97999954223633,39.93965148925781,2150400
CF,2021-01-27,41.09999847412109,41.7400016784668,39.869998931884766,40.880001068115234,38.89311218261719,3581200
CF,2021-01-28,41.5,42.400001525878906,41.18000030517578,42.20000076293945,40.148956298828125,3499000
CF,2021-01-29,42.040000915527344,42.970001220703125,41.0,41.380001068115234,39.36881637573242,4684900
CF,2021-02-01,41.88999938964844,43.31999969482422,41.880001068115234,42.970001220703125,40.881534576416016,2131800
CF,2021-02-02,43.650001525878906,43.84000015258789,42.65999984741211,43.400001525878906,41.2906379699707,1786200
CF,2021-02-03,43.56999969482422,44.220001220703125,42.68000030517578,42.79999923706055,40.71979522705078,1992700
CF,2021-02-04,42.720001220703125,43.68000030517578,42.310001373291016,43.16999816894531,41.071815490722656,1774700
CF,2021-02-05,43.68999862670898,44.70000076293945,42.75,43.13999938964844,41.04327774047852,1217100
CF,2021-02-08,43.68000030517578,44.41999816894531,43.33000183105469,43.970001220703125,41.83292770385742,1443800
CF,2021-02-09,44.040000915527344,44.22999954223633,43.400001525878906,43.9900016784668,41.851959228515625,1431900
CF,2021-02-10,44.41999816894531,44.41999816894531,42.150001525878906,43.2400016784668,41.1384162902832,1939900
CF,2021-02-11,43.47999954223633,43.5,42.43000030517578,43.15999984741211,41.06230545043945,1444400
CF,2021-02-12,42.58000183105469,44.400001525878906,42.5099983215332,44.36000061035156,42.49938201904297,1494400
CF,2021-02-16,44.59999847412109,45.560001373291016,43.880001068115234,45.2400016784668,43.342472076416016,2338600
CF,2021-02-17,44.88999938964844,45.45000076293945,44.09000015258789,45.060001373291016,43.17002868652344,1804700
CF,2021-02-18,45.34999847412109,46.7400016784668,42.84999847412109,43.869998931884766,42.02993392944336,3421500
CF,2021-02-19,44.4900016784668,45.84999847412109,44.06999969482422,45.7599983215332,43.84065628051758,2241400
CF,2021-02-22,45.880001068115234,47.45000076293945,45.31999969482422,46.869998931884766,44.90410614013672,2543000
CF,2021-02-23,46.86000061035156,47.0,44.709999084472656,46.75,44.78913879394531,1566900
CF,2021-02-24,46.65999984741211,48.880001068115234,46.65999984741211,48.61000061035156,46.57112503051758,2143300
CF,2021-02-25,48.58000183105469,48.59999847412109,46.27000045776367,46.65999984741211,44.70291519165039,1496700
CF,2021-02-26,46.540000915527344,46.540000915527344,44.40999984741211,45.27999877929688,43.38079452514648,2101100
CF,2021-03-01,46.09000015258789,46.959999084472656,45.650001525878906,45.900001525878906,43.97479248046875,1645700
CF,2021-03-02,45.91999816894531,46.33000183105469,45.369998931884766,46.0099983215332,44.080169677734375,1868200
CF,2021-03-03,46.16999816894531,47.810001373291016,46.16999816894531,46.91999816894531,44.95201110839844,2470600
CF,2021-03-04,46.83000183105469,47.34000015258789,44.4900016784668,45.52999877929688,43.62031555175781,2910200
CF,2021-03-05,46.15999984741211,47.209999084472656,43.93999862670898,47.119998931884766,45.14362335205078,2987800
CF,2021-03-08,47.59000015258789,50.70000076293945,47.5,49.58000183105469,47.50043869018555,7132900
CF,2021-03-09,49.470001220703125,49.810001373291016,48.11000061035156,48.130001068115234,46.11125946044922,2763200
CF,2021-03-10,48.29999923706055,49.4900016784668,47.560001373291016,49.33000183105469,47.26092147827149,2093200
CF,2021-03-11,50.41999816894531,51.02999877929688,49.75,50.540000915527344,48.42017364501953,2637400
CF,2021-03-12,50.630001068115234,51.2400016784668,48.90999984741211,49.2599983215332,47.19385528564453,1698200
CF,2021-03-15,49.560001373291016,50.93999862670898,49.15999984741211,50.880001068115234,48.74591064453125,1926900
CF,2021-03-16,50.900001525878906,51.0,48.369998931884766,48.90999984741211,46.85855102539063,2225500
CF,2021-03-17,48.45000076293945,50.09999847412109,48.400001525878906,50.08000183105469,47.979469299316406,1840100
CF,2021-03-18,50.0,50.66999816894531,48.150001525878906,48.34999847412109,46.322025299072266,1915300
CF,2021-03-19,48.13999938964844,48.83000183105469,46.5,48.16999816894531,46.14957046508789,4339600
CF,2021-03-22,48.290000915527344,48.45000076293945,46.5099983215332,46.869998931884766,44.90410614013672,1747400
CF,2021-03-23,46.0,46.400001525878906,44.38999938964844,44.790000915527344,42.91135025024414,2988900
CF,2021-03-24,45.40999984741211,45.83000183105469,44.70000076293945,44.75,42.873023986816406,1634000
CF,2021-03-25,44.27000045776367,45.4900016784668,43.369998931884766,45.18999862670898,43.29457473754883,1623600
CF,2021-03-26,46.0,46.43000030517578,45.18000030517578,46.20000076293945,44.262203216552734,1446400
CF,2021-03-29,46.0,47.459999084472656,45.91999816894531,45.970001220703125,44.04185104370117,1875000
CF,2021-03-30,45.75,46.2400016784668,45.040000915527344,45.43000030517578,43.524505615234375,1579600
CF,2021-03-31,45.29999923706055,46.02999877929688,43.91999816894531,45.380001068115234,43.476600646972656,3187500
CF,2021-04-01,45.72999954223633,46.47999954223633,45.02000045776367,45.90999984741211,43.984375,1854000
CF,2021-04-05,46.70000076293945,46.81999969482422,44.9900016784668,45.41999816894531,43.514923095703125,1560800
CF,2021-04-06,45.22999954223633,45.79999923706055,44.959999084472656,45.61000061035156,43.69694900512695,1650000
CF,2021-04-07,45.880001068115234,46.22999954223633,45.25,46.08000183105469,44.147239685058594,1211200
CF,2021-04-08,45.869998931884766,46.18999862670898,44.68999862670898,45.52000045776367,43.6107292175293,1925700
CF,2021-04-09,45.52000045776367,46.220001220703125,45.5,46.0099983215332,44.080169677734375,1286400
CF,2021-04-12,46.40999984741211,46.470001220703125,45.220001220703125,45.470001220703125,43.56282806396485,1541100
CF,2021-04-13,45.36000061035156,45.59999847412109,44.31999969482422,45.20000076293945,43.30415344238281,1529600
CF,2021-04-14,45.5,47.70000076293945,45.47999954223633,47.220001220703125,45.23942947387695,2449300
CF,2021-04-15,47.61000061035156,47.88999938964844,46.70000076293945,47.369998931884766,45.38313293457031,1291700
CF,2021-04-16,47.77000045776367,48.33000183105469,46.970001220703125,47.310001373291016,45.32564926147461,1304700
CF,2021-04-19,47.5,47.77000045776367,46.470001220703125,46.90999984741211,44.94242858886719,1499000
CF,2021-04-20,46.5,46.91999816894531,45.2599983215332,46.22999954223633,44.29094696044922,1992700
CF,2021-04-21,46.20000076293945,47.790000915527344,45.5,47.709999084472656,45.708866119384766,1595400
CF,2021-04-22,47.77999877929688,48.33000183105469,47.09000015258789,47.150001525878906,45.17236709594727,1972100
CF,2021-04-23,47.2400016784668,47.84000015258789,46.77000045776367,47.31999969482422,45.335227966308594,1523800
CF,2021-04-26,47.79999923706055,48.810001373291016,47.59000015258789,48.470001220703125,46.43699645996094,2089000
CF,2021-04-27,48.470001220703125,49.43999862670898,47.84000015258789,48.9900016784668,46.9351806640625,1466000
CF,2021-04-28,49.209999084472656,50.20000076293945,48.900001525878906,49.560001373291016,47.48128128051758,1639300
CF,2021-04-29,50.34000015258789,50.459999084472656,49.11000061035156,49.630001068115234,47.548336029052734,1496900
CF,2021-04-30,49.09999847412109,49.7400016784668,48.52999877929688,48.630001068115234,46.59028244018555,1087700
CF,2021-05-03,49.15999984741211,50.18999862670898,49.09999847412109,49.61000061035156,47.529178619384766,1966300
CF,2021-05-04,49.119998931884766,49.970001220703125,48.31999969482422,49.619998931884766,47.538761138916016,2210000
CF,2021-05-05,49.970001220703125,50.720001220703125,49.43999862670898,50.08000183105469,47.979469299316406,1953200
CF,2021-05-06,48.650001525878906,52.25,48.2400016784668,52.16999816894531,49.98180389404297,3593900
CF,2021-05-07,52.83000183105469,55.209999084472656,52.459999084472656,55.09999847412109,52.78890609741211,3743700
CF,2021-05-10,55.68000030517578,55.970001220703125,54.52999877929688,54.650001525878906,52.35778427124024,2904900
CF,2021-05-11,53.70000076293945,55.68999862670898,52.88999938964844,54.369998931884766,52.08952331542969,2922900
CF,2021-05-12,54.220001220703125,54.810001373291016,53.68999862670898,53.93000030517578,51.66798400878906,2369000
CF,2021-05-13,54.0,54.810001373291016,52.68000030517578,53.56999969482422,51.32308578491211,2043500
CF,2021-05-14,53.7599983215332,54.65999984741211,53.380001068115234,54.34000015258789,52.35397338867188,1450600
CF,2021-05-17,54.0,54.90999984741211,53.720001220703125,54.61000061035156,52.61410903930664,2005800
CF,2021-05-18,55.040000915527344,57.18999862670898,54.540000915527344,54.56999969482422,52.57556915283203,3714300
CF,2021-05-19,53.619998931884766,53.790000915527344,52.2400016784668,52.95000076293945,51.01477813720703,2580300
CF,2021-05-20,52.900001525878906,53.209999084472656,51.40999984741211,52.08000183105469,50.17657852172852,2670800
CF,2021-05-21,52.77000045776367,53.380001068115234,52.27999877929688,52.33000183105469,50.41744613647461,1226800
CF,2021-05-24,52.77999877929688,53.29999923706055,52.43000030517578,53.02999877929688,51.09185028076172,1222500
CF,2021-05-25,53.130001068115234,54.2599983215332,51.7400016784668,51.790000915527344,49.89717483520508,2090500
CF,2021-05-26,51.75,52.209999084472656,51.060001373291016,51.9900016784668,50.08987045288086,2081100
CF,2021-05-27,52.56999969482422,53.09999847412109,52.5,52.83000183105469,50.89916229248047,2080100
CF,2021-05-28,53.0,53.31999969482422,52.36000061035156,53.16999816894531,51.22673797607422,1271600
CF,2021-06-01,54.18999862670898,55.27999877929688,54.0,55.18999862670898,53.17290878295898,2434300
CF,2021-06-02,55.40999984741211,55.43999862670898,54.43999862670898,54.5099983215332,52.517765045166016,1294300
CF,2021-06-03,54.08000183105469,55.06999969482422,53.619998931884766,55.02000045776367,53.00911712646485,1318700
CF,2021-06-04,55.34999847412109,55.93000030517578,54.7400016784668,55.36000061035156,53.33669662475586,1323700
CF,2021-06-07,56.25,56.58000183105469,55.2599983215332,55.54999923706055,53.51974868774414,1095000
CF,2021-06-08,54.959999084472656,55.959999084472656,54.400001525878906,55.560001373291016,53.52939224243164,1336500
CF,2021-06-09,55.59000015258789,55.68999862670898,54.40999984741211,55.5,53.47158432006836,1259200
CF,2021-06-10,55.79999923706055,56.119998931884766,53.709999084472656,53.7400016784668,51.775909423828125,2016200
CF,2021-06-11,54.20000076293945,54.88999938964844,53.459999084472656,53.79999923706055,51.83371353149414,1274400
CF,2021-06-14,53.790000915527344,54.16999816894531,52.40999984741211,52.68999862670898,50.7642822265625,2180200
CF,2021-06-15,52.970001220703125,53.59000015258789,52.060001373291016,53.4900016784668,51.53504180908203,1850800
CF,2021-06-16,53.470001220703125,53.470001220703125,52.02000045776367,52.380001068115234,50.46561050415039,1884500
CF,2021-06-17,52.08000183105469,52.20000076293945,48.9900016784668,50.0,48.17259979248047,4118500
CF,2021-06-18,49.310001373291016,50.150001525878906,48.66999816894531,48.79999923706055,47.01645660400391,4299200
CF,2021-06-21,49.79999923706055,52.34000015258789,49.720001220703125,51.41999816894531,49.54069900512695,3540700
CF,2021-06-22,51.70000076293945,52.040000915527344,50.66999816894531,51.33000183105469,49.453983306884766,1840600
CF,2021-06-23,51.61000061035156,52.2400016784668,51.040000915527344,51.09000015258789,49.22276306152344,1653300
CF,2021-06-24,51.27000045776367,51.56999969482422,50.7400016784668,50.810001373291016,48.9529914855957,1781200
CF,2021-06-25,51.2400016784668,51.90999984741211,50.93999862670898,51.33000183105469,49.453983306884766,2099300
CF,2021-06-28,51.380001068115234,51.380001068115234,48.84000015258789,48.97999954223633,47.18987274169922,2380100
CF,2021-06-29,49.52999877929688,50.31999969482422,48.790000915527344,49.18999862670898,47.3922004699707,1843600
CF,2021-06-30,49.31999969482422,51.56999969482422,49.20000076293945,51.45000076293945,49.569602966308594,4119500
CF,2021-07-01,53.84999847412109,54.540000915527344,52.04999923706055,52.41999816894531,50.50414657592773,2783700
CF,2021-07-02,52.290000915527344,52.400001525878906,51.150001525878906,51.59000015258789,49.70448303222656,1512000
CF,2021-07-06,51.65999984741211,51.65999984741211,49.220001220703125,49.84000015258789,48.01844787597656,2116900
CF,2021-07-07,49.869998931884766,50.720001220703125,48.970001220703125,50.09000015258789,48.259307861328125,1559500
CF,2021-07-08,49.08000183105469,50.47999954223633,48.34000015258789,49.650001525878906,47.83538818359375,1852200
CF,2021-07-09,50.59000015258789,51.119998931884766,49.970001220703125,50.65999984741211,48.808475494384766,1269700
CF,2021-07-12,49.88999938964844,50.95000076293945,49.5,50.59999847412109,48.75065994262695,1206400
CF,2021-07-13,50.61000061035156,50.61000061035156,49.31999969482422,49.77000045776367,47.95100784301758,1162200
CF,2021-07-14,49.86000061035156,50.560001373291016,49.290000915527344,49.59000015258789,47.77758407592773,946600
CF,2021-07-15,49.060001373291016,49.91999816894531,48.68000030517578,49.040000915527344,47.247684478759766,918500
CF,2021-07-16,49.150001525878906,49.630001068115234,46.77000045776367,47.15999984741211,45.43639373779297,2301300
CF,2021-07-19,45.84000015258789,46.33000183105469,45.2400016784668,45.970001220703125,44.28988265991211,1732400
CF,2021-07-20,46.18000030517578,47.540000915527344,45.75,46.95000076293945,45.23406219482422,1612800
CF,2021-07-21,47.66999816894531,47.93999862670898,47.13999938964844,47.900001525878906,46.14934921264648,2347500
CF,2021-07-22,47.47999954223633,47.59999847412109,46.560001373291016,47.220001220703125,45.49419403076172,1380100
CF,2021-07-23,47.459999084472656,47.86000061035156,46.66999816894531,47.310001373291016,45.58091354370117,1808600
CF,2021-07-26,47.40999984741211,47.81999969482422,46.66999816894531,47.68000030517578,45.9373893737793,1824300
CF,2021-07-27,47.04999923706055,47.900001525878906,46.04999923706055,47.369998931884766,45.63871765136719,2274600
CF,2021-07-28,47.58000183105469,48.16999816894531,47.0099983215332,47.720001220703125,45.97592926025391,1442600
CF,2021-07-29,48.369998931884766,48.38999938964844,47.369998931884766,47.630001068115234,45.88920974731445,1604800
CF,2021-07-30,47.63999938964844,49.08000183105469,47.16999816894531,47.25,45.52310562133789,4314300
CF,2021-08-02,47.459999084472656,47.75,45.90999984741211,45.959999084472656,44.28024673461914,2771900
CF,2021-08-03,46.13999938964844,46.56999969482422,44.93999862670898,46.45000076293945,44.75234603881836,2851100
CF,2021-08-04,46.15999984741211,46.58000183105469,44.91999816894531,45.04999923706055,43.40351104736328,2457600
CF,2021-08-05,45.119998931884766,45.93000030517578,45.08000183105469,45.18999862670898,43.53839111328125,1755300
CF,2021-08-06,45.77000045776367,46.34999847412109,45.5,46.18999862670898,44.5018424987793,2051500
CF,2021-08-09,46.119998931884766,47.25,45.63999938964844,47.06999969482422,45.34968185424805,3726100
CF,2021-08-10,46.380001068115234,48.7400016784668,46.29999923706055,47.81999969482422,46.07226943969727,3693800
CF,2021-08-11,48.25,49.16999816894531,47.59999847412109,48.310001373291016,46.54436492919922,2404700
CF,2021-08-12,48.16999816894531,49.43999862670898,47.04999923706055,49.02999877929688,47.2380485534668,2915500
CF,2021-08-13,48.560001373291016,49.63999938964844,48.150001525878906,48.380001068115234,46.89876937866211,2316500
CF,2021-08-16,47.540000915527344,47.65999984741211,46.13999938964844,46.38999938964844,44.96969223022461,1644200
CF,2021-08-17,46.79999923706055,46.79999923706055,44.650001525878906,45.56999969482422,44.1747932434082,1720500
CF,2021-08-18,45.90999984741211,47.0099983215332,45.59000015258789,45.77000045776367,44.3686752319336,1931800
CF,2021-08-19,44.65999984741211,45.130001068115234,43.18999862670898,43.34000015258789,42.01307678222656,2490900
CF,2021-08-20,43.52999877929688,44.93999862670898,43.52999877929688,44.470001220703125,43.10847473144531,2259500
CF,2021-08-23,44.95000076293945,45.400001525878906,44.72999954223633,44.79999923706055,43.42837142944336,1393000
CF,2021-08-24,45.0,46.0099983215332,45.0,45.11000061035156,43.7288818359375,1156400
CF,2021-08-25,44.9900016784668,45.86000061035156,44.5,45.66999816894531,44.27173614501953,1359000
CF,2021-08-26,45.45000076293945,45.79999923706055,44.34000015258789,44.52000045776367,43.15694046020508,1142400
CF,2021-08-27,44.560001373291016,45.59999847412109,44.560001373291016,45.22999954223633,43.84520721435547,1729600
CF,2021-08-30,45.63999938964844,45.63999938964844,44.400001525878906,44.810001373291016,43.43807220458984,984400
CF,2021-08-31,44.72999954223633,45.79999923706055,44.68000030517578,45.41999816894531,44.02938079833984,1972500
CF,2021-09-01,45.38999938964844,45.45000076293945,44.310001373291016,44.97999954223633,43.60286331176758,1785300
CF,2021-09-02,44.9900016784668,46.09000015258789,44.9900016784668,45.959999084472656,44.55284881591797,2630900
CF,2021-09-03,46.11000061035156,46.31999969482422,45.29999923706055,45.43000030517578,44.03908157348633,1268800
CF,2021-09-07,45.290000915527344,46.290000915527344,45.08000183105469,46.16999816894531,44.75642776489258,1582900
CF,2021-09-08,46.290000915527344,46.47999954223633,44.52999877929688,44.59000015258789,43.22480773925781,1778500
CF,2021-09-09,44.119998931884766,45.77999877929688,44.040000915527344,45.400001525878906,44.01000595092773,2064500
CF,2021-09-10,45.9900016784668,46.2400016784668,44.83000183105469,45.63999938964844,44.242652893066406,1649700
CF,2021-09-13,46.0,46.54999923706055,45.52000045776367,46.40999984741211,44.989070892333984,1487500
CF,2021-09-14,46.7400016784668,47.58000183105469,45.79999923706055,46.119998931884766,44.70795822143555,2349400
CF,2021-09-15,46.40999984741211,48.65999984741211,46.310001373291016,48.43999862670898,46.95692443847656,3018300
CF,2021-09-16,48.13999938964844,50.040000915527344,48.09999847412109,49.02000045776367,47.519168853759766,4543800
CF,2021-09-17,49.04999923706055,49.7599983215332,48.54999923706055,49.09999847412109,47.596717834472656,5514600
CF,2021-09-20,47.31999969482422,48.310001373291016,46.83000183105469,48.06999969482422,46.5982551574707,2440700
CF,2021-09-21,48.619998931884766,49.470001220703125,47.84000015258789,48.9900016784668,47.49008560180664,2291600
CF,2021-09-22,49.869998931884766,50.81999969482422,49.709999084472656,50.41999816894531,48.87630462646485,2061500
CF,2021-09-23,51.400001525878906,53.54999923706055,51.31999969482422,53.4900016784668,51.85231018066406,4816500
CF,2021-09-24,53.13999938964844,55.34000015258789,52.720001220703125,54.84000015258789,53.16097640991211,5578200
CF,2021-09-27,55.70000076293945,57.09999847412109,55.36000061035156,56.09000015258789,54.372703552246094,4255200
CF,2021-09-28,56.0,57.0099983215332,55.70000076293945,56.63999938964844,54.9058723449707,3526700
CF,2021-09-29,56.79999923706055,56.79999923706055,55.83000183105469,56.52000045776367,54.78954315185547,2142800
CF,2021-09-30,56.709999084472656,56.88999938964844,55.70000076293945,55.81999969482422,54.11097717285156,3671400
CF,2021-10-01,56.709999084472656,61.2599983215332,56.709999084472656,61.13999938964844,59.268096923828125,7615500
CF,2021-10-04,61.380001068115234,62.060001373291016,59.810001373291016,60.7400016784668,58.88034439086914,4170100
CF,2021-10-05,61.02000045776367,61.61000061035156,59.84000015258789,60.43000030517578,58.579833984375,4236500
CF,2021-10-06,59.33000183105469,59.9900016784668,58.119998931884766,59.84999847412109,58.01758575439453,4244200
CF,2021-10-07,59.97999954223633,61.65999984741211,59.93999862670898,60.65999984741211,58.80279159545898,4388700
CF,2021-10-08,60.86000061035156,61.310001373291016,60.18000030517578,61.060001373291016,59.190547943115234,2126700
CF,2021-10-11,62.33000183105469,63.400001525878906,61.810001373291016,62.13999938964844,60.23748397827149,2980900
CF,2021-10-12,61.97999954223633,62.88999938964844,60.630001068115234,60.900001525878906,59.03544616699219,3146900
CF,2021-10-13,60.7599983215332,61.13999938964844,59.93000030517578,60.34999847412109,58.50228500366211,2369500
CF,2021-10-14,61.13999938964844,61.36000061035156,59.709999084472656,60.540000915527344,58.68646240234375,2267100
CF,2021-10-15,61.209999084472656,61.209999084472656,58.970001220703125,59.0,57.1936149597168,3146600
CF,2021-10-18,58.7599983215332,61.20000076293945,58.58000183105469,60.970001220703125,59.10329818725586,3569800
CF,2021-10-19,61.040000915527344,61.11000061035156,59.83000183105469,60.560001373291016,58.70585250854492,3152900
CF,2021-10-20,60.560001373291016,62.43999862670898,59.810001373291016,60.41999816894531,58.57013702392578,2567600
CF,2021-10-21,60.02999877929688,60.540000915527344,59.2400016784668,59.9900016784668,58.15330123901367,2576000
CF,2021-10-22,60.29999923706055,61.09000015258789,59.63999938964844,59.66999816894531,57.84310150146485,1451700
CF,2021-10-25,60.43000030517578,61.25,58.95000076293945,59.130001068115234,57.31963348388672,1905600
CF,2021-10-26,59.20000076293945,59.20000076293945,57.9900016784668,58.540000915527344,56.74769592285156,2178400
CF,2021-10-27,58.20000076293945,58.34999847412109,56.380001068115234,56.7400016784668,55.0028076171875,3701800
CF,2021-10-28,57.2400016784668,58.09000015258789,56.7599983215332,57.56999969482422,55.807395935058594,1523200
CF,2021-10-29,57.220001220703125,57.459999084472656,56.29999923706055,56.79999923706055,55.06097030639648,3624700
CF,2021-11-01,57.06999969482422,58.41999816894531,57.02999877929688,57.59000015258789,55.826778411865234,1699700
CF,2021-11-02,57.040000915527344,57.470001220703125,55.650001525878906,56.40999984741211,54.68291091918945,3371400
CF,2021-11-03,56.40999984741211,58.560001373291016,55.290000915527344,58.11000061035156,56.330867767333984,3941900
CF,2021-11-04,58.77999877929688,60.83000183105469,57.97999954223633,58.5,56.70892333984375,2958600
CF,2021-11-05,58.400001525878906,59.79999923706055,58.380001068115234,59.20000076293945,57.387489318847656,2415000
CF,2021-11-08,60.11000061035156,63.34999847412109,59.900001525878906,62.540000915527344,60.62523651123047,3991100
CF,2021-11-09,62.400001525878906,63.41999816894531,61.34000015258789,63.220001220703125,61.28440856933594,2239700
CF,2021-11-10,62.81999969482422,64.66999816894531,62.25,62.970001220703125,61.04206848144531,3615600
CF,2021-11-11,63.5,64.16000366210938,63.380001068115234,63.79999923706055,61.84665298461914,2068700
CF,2021-11-12,63.470001220703125,65.52999877929688,63.400001525878906,64.56999969482422,62.888797760009766,2275900
CF,2021-11-15,64.58000183105469,65.58000183105469,63.470001220703125,65.55000305175781,63.84328842163086,2744000
CF,2021-11-16,65.37999725341797,65.83000183105469,64.11000061035156,65.4800033569336,63.77510452270508,3412900
CF,2021-11-17,65.62000274658203,66.72000122070312,65.11000061035156,65.27999877929688,63.58030700683594,3280800
CF,2021-11-18,65.91000366210938,68.08999633789062,65.41000366210938,67.56999969482422,65.81067657470703,5345600
CF,2021-11-19,66.44999694824219,66.5,65.05999755859375,65.19000244140625,63.49266052246094,2867600
CF,2021-11-22,65.69999694824219,66.08000183105469,64.9000015258789,65.01000213623047,63.31734085083008,2349300
CF,2021-11-23,65.2699966430664,66.26000213623047,64.08999633789062,65.23999786376953,63.54134368896485,2368800
CF,2021-11-24,64.62999725341797,65.73999786376953,64.4800033569336,65.13999938964844,63.4439582824707,1138800
CF,2021-11-26,63.0099983215332,63.59999847412109,62.02999877929688,62.79999923706055,61.16487884521485,1396100
CF,2021-11-29,64.30000305175781,64.81999969482422,62.209999084472656,62.959999084472656,61.32071304321289,2443900
CF,2021-11-30,62.310001373291016,63.38999938964844,60.31999969482422,60.59000015258789,59.01242065429688,3416800
CF,2021-12-01,62.16999816894531,62.59999847412109,57.25,57.290000915527344,55.79834747314453,3835100
CF,2021-12-02,57.70000076293945,59.70000076293945,57.70000076293945,59.29999923706055,57.75601577758789,2226900
CF,2021-12-03,59.77000045776367,60.68000030517578,58.5099983215332,59.209999084472656,57.66835403442383,3344300
CF,2021-12-06,59.900001525878906,60.130001068115234,58.459999084472656,58.91999816894531,57.38590240478516,2034800
CF,2021-12-07,59.880001068115234,61.13999938964844,59.810001373291016,60.02000045776367,58.4572639465332,2432700
CF,2021-12-08,60.47999954223633,60.9900016784668,59.880001068115234,60.09999847412109,58.53518295288086,1855500
CF,2021-12-09,59.40999984741211,59.91999816894531,58.459999084472656,58.52000045776367,56.99631881713867,1990000
CF,2021-12-10,61.15999984741211,62.47999954223633,59.86000061035156,61.16999816894531,59.57732009887695,2990900
CF,2021-12-13,60.95000076293945,61.540000915527344,60.150001525878906,61.220001220703125,59.62602233886719,2157200
CF,2021-12-14,60.91999816894531,62.70000076293945,60.63999938964844,62.2400016784668,60.61946487426758,3464700
CF,2021-12-15,62.06999969482422,63.880001068115234,60.88999938964844,63.560001373291016,61.90509414672852,3064300
CF,2021-12-16,63.880001068115234,66.0999984741211,63.880001068115234,64.30999755859375,62.63556289672852,2919100
CF,2021-12-17,64.62000274658203,66.0,64.0,64.80999755859375,63.12253952026367,6094500
CF,2021-12-20,63.790000915527344,64.27999877929688,62.18999862670898,64.13999938964844,62.46998977661133,2464600
CF,2021-12-21,65.0199966430664,68.94000244140625,64.94000244140625,68.58999633789062,66.80412292480469,3728600
CF,2021-12-22,68.54000091552734,71.73999786376953,68.52999877929688,71.7300033569336,69.86238098144531,3451500
CF,2021-12-23,71.5999984741211,72.94999694824219,70.41000366210938,72.30000305175781,70.41754150390625,2760000
CF,2021-12-27,72.5,73.88999938964844,71.06999969482422,73.86000061035156,71.93692016601562,2191600
CF,2021-12-28,73.72000122070312,74.7699966430664,73.44000244140625,74.31999969482422,72.38494110107422,1470800
CF,2021-12-29,73.87999725341797,74.62000274658203,73.31999969482422,73.76000213623047,71.83951568603516,1824000
CF,2021-12-30,73.45999908447266,73.68000030517578,71.7300033569336,71.87999725341797,70.00846099853516,1915500
CF,2021-12-31,71.70999908447266,71.75,70.0999984741211,70.77999877929688,68.93710327148438,2251000
CF,2022-01-03,71.54000091552734,72.30999755859375,70.08999633789062,70.58999633789062,68.75204467773438,2637600
CF,2022-01-04,71.3499984741211,72.19999694824219,70.55000305175781,71.12999725341797,69.27798461914062,2867300
CF,2022-01-05,72.19000244140625,72.27999877929688,68.91999816894531,68.97000122070312,67.17424011230469,3275000
CF,2022-01-06,69.41999816894531,69.77999877929688,66.66000366210938,69.23999786376953,67.43721008300781,2915100
CF,2022-01-07,69.25,70.18000030517578,68.97000122070312,69.13999938964844,67.33980560302734,1763600
CF,2022-01-10,68.43000030517578,68.58000183105469,65.81999969482422,67.47000122070312,65.7132797241211,2573100
CF,2022-01-11,67.52999877929688,69.55000305175781,66.68000030517578,69.16000366210938,67.35929107666016,2226200
CF,2022-01-12,69.98999786376953,70.80999755859375,67.48999786376953,67.9000015258789,66.13209533691406,3185100
CF,2022-01-13,66.94000244140625,67.97000122070312,65.5,65.58000183105469,63.872501373291016,2951700
CF,2022-01-14,64.7300033569336,66.83000183105469,63.81999969482422,66.44000244140625,64.7101058959961,2966000
CF,2022-01-18,66.4800033569336,68.4800033569336,66.29000091552734,68.25,66.47297668457031,3112400
CF,2022-01-19,68.4800033569336,69.36000061035156,66.75,66.9000015258789,65.15811920166016,3702700
CF,2022-01-20,67.13999938964844,67.45999908447266,64.25,64.30000305175781,62.62582778930664,2790100
CF,2022-01-21,64.2300033569336,67.12999725341797,63.09999847412109,66.0,64.28156280517578,7154000
CF,2022-01-24,65.0,69.43000030517578,64.87000274658203,68.36000061035156,66.58011627197266,7000200
CF,2022-01-25,68.01000213623047,72.25,66.16000366210938,71.45999908447266,69.59940338134766,6337200
CF,2022-01-26,71.37999725341797,72.47000122070312,66.80999755859375,67.80000305175781,66.03470611572266,4869300
CF,2022-01-27,68.63999938964844,70.5199966430664,67.05999755859375,68.37999725341797,66.59959411621094,3826900
CF,2022-01-28,68.62999725341797,71.13999938964844,68.3499984741211,71.0999984741211,69.24877166748047,3461200
CF,2022-01-31,70.5,70.63999938964844,67.80000305175781,68.87000274658203,67.07683563232422,2978100
CF,2022-02-01,69.81999969482422,74.7300033569336,69.4000015258789,74.45999908447266,72.52128601074219,5439600
CF,2022-02-02,73.94000244140625,75.80999755859375,71.69999694824219,74.55999755859375,72.6186752319336,4016200
CF,2022-02-03,73.87999725341797,74.58000183105469,72.63999938964844,73.5999984741211,71.68368530273438,3507900
CF,2022-02-04,73.43000030517578,75.79000091552734,73.0,75.05999755859375,73.10566711425781,3544800
CF,2022-02-07,74.95999908447266,75.9800033569336,71.76000213623047,72.45999908447266,70.57335662841797,3568800
CF,2022-02-08,72.43000030517578,73.30999755859375,70.5199966430664,73.2300033569336,71.32332611083984,2121600
CF,2022-02-09,74.0,74.51000213623047,72.66999816894531,73.04000091552734,71.13825988769531,1849800
CF,2022-02-10,72.47000122070312,76.43000030517578,71.61000061035156,73.76000213623047,71.83951568603516,4033000
CF,2022-02-11,73.63999938964844,77.23999786376953,72.27999877929688,76.73999786376953,74.7419204711914,4717700
CF,2022-02-14,75.48999786376953,75.62999725341797,69.2699966430664,71.45999908447266,69.87255859375,5943100
CF,2022-02-15,70.44999694824219,72.81999969482422,66.94999694824219,72.22000122070312,70.61566925048828,4017500
CF,2022-02-16,69.12000274658203,75.80000305175781,68.87000274658203,74.41999816894531,72.76679229736328,5741900
CF,2022-02-17,73.75,77.2699966430664,73.5,76.19000244140625,74.49748229980469,4559500
CF,2022-02-18,76.05000305175781,76.66000366210938,72.54000091552734,73.2699966430664,71.64234161376953,3062100
CF,2022-02-22,75.83999633789062,76.79000091552734,72.7300033569336,73.83000183105469,72.18991088867188,4612600
CF,2022-02-23,73.41999816894531,75.62999725341797,73.41999816894531,74.4800033569336,72.82546997070312,3430300
CF,2022-02-24,77.08000183105469,79.80999755859375,75.69000244140625,78.55999755859375,76.81482696533203,6971200
CF,2022-02-25,78.08000183105469,79.80999755859375,75.29000091552734,79.5,77.73394775390625,4681100
CF,2022-02-28,80.16999816894531,81.22000122070312,79.29000091552734,81.19000244140625,79.38640594482422,6488200
CF,2022-03-01,81.95999908447266,84.69999694824219,80.9800033569336,82.3499984741211,80.52064514160156,4542900
CF,2022-03-02,84.0,86.41999816894531,83.18000030517578,84.69000244140625,82.80865478515625,4422500
CF,2022-03-03,85.12999725341797,87.98999786376953,84.19999694824219,87.0999984741211,85.16512298583984,5754200
CF,2022-03-04,86.81999969482422,91.88999938964844,86.48999786376953,91.25,89.2229232788086,8087700
CF,2022-03-07,92.0199966430664,100.5199966430664,91.95999908447266,95.69000244140624,93.5643081665039,9925200
CF,2022-03-08,92.91999816894533,100.27999877929688,91.0500030517578,93.27999877929688,91.20782470703124,8582500
CF,2022-03-09,89.5,92.4800033569336,84.69999694824219,92.33999633789062,90.28871154785156,7765300
CF,2022-03-10,94.31999969482422,99.62000274658205,93.13999938964844,97.25,95.08963775634766,7326200
CF,2022-03-11,93.25,98.06999969482422,93.25,96.0500030517578,93.91629791259766,3663900
CF,2022-03-14,96.0500030517578,96.37000274658205,91.5,94.93000030517578,92.82118225097656,3781100
CF,2022-03-15,93.41000366210938,95.12999725341795,88.66000366210938,94.86000061035156,92.7527313232422,5288800
CF,2022-03-16,95.0,96.5,86.2300033569336,88.16000366210938,86.20157623291016,7324300
CF,2022-03-17,90.4499969482422,92.29000091552734,88.6500015258789,92.20999908447266,90.1615982055664,5448500
CF,2022-03-18,93.29000091552734,95.54000091552734,92.69000244140624,95.25,93.13406372070312,9451700
CF,2022-03-21,98.58000183105467,102.5999984741211,97.66000366210938,101.30999755859376,99.0594482421875,5205300
CF,2022-03-22,101.77999877929688,103.16999816894533,98.5,100.0,97.7785415649414,3603100
CF,2022-03-23,101.73999786376952,104.88999938964844,100.91999816894533,103.58999633789062,101.28880310058594,4220800
CF,2022-03-24,104.29000091552734,107.80999755859376,103.56999969482422,106.4000015258789,104.036376953125,4466100
CF,2022-03-25,106.5,109.8000030517578,106.33000183105467,109.5199966430664,107.08706665039062,3602200
CF,2022-03-28,106.45999908447266,107.19000244140624,103.04000091552734,105.12000274658205,102.78482055664062,3602200
CF,2022-03-29,96.23999786376952,100.01000213623048,89.02999877929688,99.77999877929688,97.56344604492188,7748900
CF,2022-03-30,102.12999725341795,105.19000244140624,100.5199966430664,101.01000213623048,98.76612091064452,2952700
CF,2022-03-31,101.0,106.5,100.6999969482422,103.05999755859376,100.77057647705078,4350000
CF,2022-04-01,102.06999969482422,104.98999786376952,97.9000015258789,99.79000091552734,97.5732192993164,3943700
CF,2022-04-04,102.4499969482422,102.87000274658205,99.81999969482422,101.73999786376952,99.47989654541016,3365300
CF,2022-04-05,102.81999969482422,104.9800033569336,101.95999908447266,102.7699966430664,100.4870147705078,3040900
CF,2022-04-06,104.38999938964844,109.69000244140624,102.04000091552734,102.38999938964844,100.1154556274414,4766200
CF,2022-04-07,103.0,106.19000244140624,102.94000244140624,105.20999908447266,102.87281799316406,2840600
CF,2022-04-08,107.30999755859376,110.4000015258789,105.33999633789062,108.20999908447266,105.8061752319336,3849400
CF,2022-04-11,108.0,108.16000366210938,104.0199966430664,107.0500030517578,104.67194366455078,2656700
CF,2022-04-12,108.4499969482422,110.8499984741211,107.3000030517578,109.81999969482422,107.3804168701172,3141900
CF,2022-04-13,112.16999816894533,113.48999786376952,105.12000274658205,109.01000213623048,106.5884017944336,3211700
CF,2022-04-14,107.43000030517578,110.4000015258789,106.66000366210938,108.41000366210938,106.0017318725586,3082800
CF,2022-04-18,108.29000091552734,111.68000030517578,106.66000366210938,110.02999877929688,107.58573150634766,2700300
CF,2022-04-19,109.8499984741211,110.5999984741211,105.55999755859376,107.0,104.623046875,3646700
CF,2022-04-20,105.98999786376952,107.30999755859376,101.83000183105467,106.13999938964844,103.78215789794922,3175900
CF,2022-04-21,106.23999786376952,106.23999786376952,98.8000030517578,99.36000061035156,97.15277099609376,3313600
CF,2022-04-22,99.12000274658205,102.08000183105467,96.33000183105467,96.94000244140624,94.78652954101562,3684000
CF,2022-04-25,94.7300033569336,95.8000030517578,90.2699966430664,94.4499969482422,92.35183715820312,5061500
CF,2022-04-26,96.41999816894533,98.88999938964844,92.75,95.0,92.88961791992188,4388100
CF,2022-04-27,95.91000366210938,97.87999725341795,92.72000122070312,97.11000061035156,94.95275115966795,2378200
CF,2022-04-28,97.19000244140624,99.22000122070312,94.9499969482422,98.54000091552734,96.3509750366211,1976600
CF,2022-04-29,99.58000183105467,100.9000015258789,96.41000366210938,96.83000183105467,94.67896270751952,2980500
CF,2022-05-02,96.26000213623048,98.79000091552734,94.83999633789062,96.44000244140624,94.29763793945312,2795400
CF,2022-05-03,95.8499984741211,102.30999755859376,95.31999969482422,100.66000366210938,98.42389678955078,2763700
CF,2022-05-04,101.95999908447266,102.3000030517578,98.36000061035156,102.02999877929688,99.76345825195312,2864900
CF,2022-05-05,102.55999755859376,106.68000030517578,97.01000213623048,100.29000091552734,98.06211853027344,3735300
CF,2022-05-06,100.36000061035156,100.83999633789062,95.83999633789062,99.81999969482422,97.60255432128906,2944900
CF,2022-05-09,97.01000213623048,97.30999755859376,90.05999755859375,90.87999725341795,88.86114501953125,3551000
CF,2022-05-10,93.20999908447266,95.51000213623048,90.30999755859376,93.3499984741211,91.27627563476562,2770400
CF,2022-05-11,94.76000213623048,98.04000091552734,93.25,95.58999633789062,93.46651458740234,3358300
CF,2022-05-12,95.83000183105467,99.12999725341795,93.29000091552734,98.62999725341795,96.4389877319336,2826600
CF,2022-05-13,100.83000183105467,106.4499969482422,100.5500030517578,103.86000061035156,101.96633911132812,3517600
CF,2022-05-16,106.11000061035156,110.36000061035156,105.36000061035156,107.01000213623048,105.05889892578124,3192200
CF,2022-05-17,108.9000015258789,109.5,102.62999725341795,108.4499969482422,106.47264099121094,3082200
CF,2022-05-18,107.83000183105467,108.5,99.41999816894533,101.61000061035156,99.75736236572266,3940100
CF,2022-05-19,100.19000244140624,102.38999938964844,97.55999755859376,100.3499984741211,98.52033996582033,3020700
CF,2022-05-20,101.66999816894533,102.23999786376952,92.68000030517578,95.79000091552734,94.04347229003906,3684400
CF,2022-05-23,96.56999969482422,101.66999816894533,96.23999786376952,101.08999633789062,99.24683380126952,2593400
CF,2022-05-24,100.0,100.9800033569336,98.2699966430664,100.12000274658205,98.29452514648438,2294600
CF,2022-05-25,98.94000244140624,102.2300033569336,98.54000091552734,100.56999969482422,98.73632049560548,2267000
CF,2022-05-26,99.73999786376952,100.48999786376952,95.11000061035156,96.70999908447266,94.94669342041016,3553000
CF,2022-05-27,95.9499969482422,95.9499969482422,92.12999725341795,95.72000122070312,93.9747543334961,4033400
CF,2022-05-31,97.6999969482422,101.70999908447266,96.83999633789062,98.7699966430664,96.9691390991211,6283200
CF,2022-06-01,98.93000030517578,99.5,94.13999938964844,95.51000213623048,93.7685775756836,2877400
CF,2022-06-02,95.56999969482422,98.83999633789062,94.88999938964844,97.51000213623048,95.73211669921876,2145500
CF,2022-06-03,96.72000122070312,97.05999755859376,94.06999969482422,95.86000061035156,94.1122055053711,1980900
CF,2022-06-06,96.75,97.06999969482422,93.43000030517578,94.30999755859376,92.5904541015625,2877100
CF,2022-06-07,93.3000030517578,94.12000274658205,91.95999908447266,92.4000015258789,90.7152862548828,3898300
CF,2022-06-08,90.0,93.47000122070312,88.4800033569336,89.83999633789062,88.20195007324219,4520400
CF,2022-06-09,89.0,91.66000366210938,87.45999908447266,88.88999938964844,87.26927947998047,4250100
CF,2022-06-10,88.61000061035156,92.44000244140624,87.30999755859375,87.72000122070312,86.12061309814453,3466100
CF,2022-06-13,86.12999725341797,88.94000244140625,84.5999984741211,86.38999938964844,84.81486511230469,4311100
CF,2022-06-14,87.36000061035156,94.7699966430664,87.36000061035156,93.25,91.54978942871094,5720500
CF,2022-06-15,92.45999908447266,94.26000213623048,90.1999969482422,92.06999969482422,90.39130401611328,4799900
CF,2022-06-16,89.30999755859375,95.4499969482422,89.01000213623047,90.61000061035156,88.95791625976562,5236200
CF,2022-06-17,87.87000274658203,90.4000015258789,86.30000305175781,86.93000030517578,85.34501647949219,8468100
CF,2022-06-21,88.93000030517578,91.5199966430664,88.86000061035156,90.7300033569336,89.07573699951172,4391700
CF,2022-06-22,87.68000030517578,90.16999816894533,87.22000122070312,88.58000183105469,86.96493530273438,4334800
CF,2022-06-23,88.68000030517578,89.02999877929688,80.3499984741211,80.5999984741211,79.13043212890625,4906800
CF,2022-06-24,81.5,85.1500015258789,80.37999725341797,83.31999969482422,81.80083465576172,8492100
CF,2022-06-27,84.5,87.33999633789062,83.72000122070312,86.81999969482422,85.23702239990234,2772700
CF,2022-06-28,88.6500015258789,90.73999786376952,86.87000274658203,87.81999969482422,86.21878814697266,2411500
CF,2022-06-29,88.19999694824219,89.0999984741211,85.22000122070312,86.37000274658203,84.79522705078125,2325800
CF,2022-06-30,84.79000091552734,86.83000183105469,83.58999633789062,85.7300033569336,84.16690063476562,2825200
CF,2022-07-01,84.83999633789062,87.2300033569336,83.16000366210938,85.27999877929688,83.72509765625,2304000
CF,2022-07-05,82.5199966430664,84.94000244140625,81.80000305175781,83.55000305175781,82.02664947509766,3560400
CF,2022-07-06,83.08999633789062,84.5199966430664,79.70999908447266,83.58999633789062,82.06591033935547,3250300
CF,2022-07-07,85.87999725341797,87.0199966430664,84.38999938964844,84.62999725341797,83.08694458007812,2752600
CF,2022-07-08,85.76000213623047,86.18000030517578,82.75,86.0,84.43197631835938,2599800
CF,2022-07-11,84.25,86.94999694824219,84.25,86.33999633789062,84.7657699584961,2307500
CF,2022-07-12,85.31999969482422,87.62999725341797,84.51000213623047,85.41000366210938,83.85272216796875,2248000
CF,2022-07-13,84.80000305175781,87.18000030517578,84.13999938964844,85.54000091552734,83.9803695678711,1800100
CF,2022-07-14,82.33999633789062,83.08999633789062,79.18000030517578,80.6500015258789,79.17951965332031,3470900
CF,2022-07-15,81.75,84.83000183105469,80.87000274658203,84.55000305175781,83.0084228515625,2430300
CF,2022-07-18,85.12999725341797,86.88999938964844,80.4000015258789,83.62999725341797,82.10518646240234,4474300
CF,2022-07-19,83.63999938964844,87.69999694824219,83.38999938964844,86.91000366210938,85.32538604736328,2563000
CF,2022-07-20,85.5999984741211,86.51000213623047,84.2699966430664,85.58999633789062,84.02944946289062,1708800
CF,2022-07-21,83.88999938964844,85.45999908447266,83.38999938964844,85.30999755859375,83.75455474853516,1748400
CF,2022-07-22,85.54000091552734,87.3499984741211,84.5199966430664,84.80999755859375,83.263671875,1916400
CF,2022-07-25,85.83000183105469,90.33999633789062,85.37999725341797,90.27999877929688,88.63394165039062,1979700
CF,2022-07-26,91.56999969482422,92.31999969482422,89.52999877929688,90.4000015258789,88.75175476074219,1766900
CF,2022-07-27,90.5,95.37000274658205,89.31999969482422,94.62999725341795,92.90462493896484,2853800
CF,2022-07-28,95.38999938964844,97.29000091552734,93.66999816894533,93.9499969482422,92.23702239990234,2189900
CF,2022-07-29,95.30999755859376,96.02999877929688,93.7300033569336,95.48999786376952,93.74893188476562,1856100
CF,2022-08-01,95.04000091552734,95.27999877929688,92.29000091552734,94.44000244140624,92.71808624267578,2251200
CF,2022-08-02,93.9499969482422,101.27999877929688,93.9499969482422,98.16999816894533,96.3800811767578,3898700
CF,2022-08-03,100.0,102.20999908447266,96.41999816894533,96.91999816894533,95.15286254882812,2750100
CF,2022-08-04,96.5,100.62000274658205,94.41999816894533,99.0500030517578,97.24403381347656,2349400
CF,2022-08-05,98.45999908447266,100.83000183105467,98.31999969482422,100.0500030517578,98.2258071899414,1648700
CF,2022-08-08,100.73999786376952,102.38999938964844,98.61000061035156,99.44000244140624,97.62692260742188,2122400
CF,2022-08-09,100.2300033569336,102.87999725341795,100.01000213623048,102.5999984741211,100.72930908203124,2184600
CF,2022-08-10,105.2300033569336,105.2300033569336,101.25,102.30999755859376,100.44459533691406,1802700
CF,2022-08-11,103.37000274658205,104.48999786376952,102.04000091552734,102.37000274658205,100.50350189208984,1331600
CF,2022-08-12,101.41000366210938,104.63999938964844,101.0,104.5199966430664,103.0168228149414,1172200
CF,2022-08-15,101.4499969482422,103.01000213623048,99.80999755859376,102.62999725341795,101.15399932861328,2273000
CF,2022-08-16,103.72000122070312,105.5,103.11000061035156,103.2300033569336,101.7453842163086,1465600
CF,2022-08-17,102.8499984741211,105.56999969482422,102.4000015258789,103.5999984741211,102.1100616455078,1841800
CF,2022-08-18,104.4000015258789,104.95999908447266,101.8000030517578,102.37000274658205,100.8977508544922,1137100
CF,2022-08-19,102.0,103.80999755859376,100.6999969482422,103.5,102.0114974975586,1478100
CF,2022-08-22,103.12999725341795,107.01000213623048,103.12999725341795,105.63999938964844,104.12071990966795,1905600
CF,2022-08-23,107.0,110.9499969482422,106.76000213623048,109.0500030517578,107.481689453125,2090400
CF,2022-08-24,109.18000030517578,112.87000274658205,109.0999984741211,112.5,110.88206481933594,3041300
CF,2022-08-25,115.0199966430664,117.56999969482422,114.72000122070312,117.4000015258789,115.71159362792967,4175800
CF,2022-08-26,118.0,119.5999984741211,116.61000061035156,118.3499984741211,116.6479263305664,2570800
CF,2022-08-29,116.0,116.68000030517578,112.43000030517578,113.33999633789062,111.70997619628906,2995500
CF,2022-08-30,111.4000015258789,111.5999984741211,105.19000244140624,106.0,104.47554779052734,3745600
CF,2022-08-31,104.58999633789062,105.19000244140624,102.3499984741211,103.45999908447266,101.9720687866211,3539800
CF,2022-09-01,102.26000213623048,103.0,100.2300033569336,102.41999816894533,100.94702911376952,2319500
CF,2022-09-02,104.33000183105467,107.0999984741211,102.33999633789062,106.86000061035156,105.32317352294922,3288500
CF,2022-09-06,107.04000091552734,108.3000030517578,102.8000030517578,102.91999816894533,101.43983459472656,3239300
CF,2022-09-07,101.04000091552734,102.91999816894533,100.0500030517578,102.33000183105467,100.85832214355467,2411900
CF,2022-09-08,102.63999938964844,103.44000244140624,100.91000366210938,102.45999908447266,100.98645782470705,1570500
CF,2022-09-09,104.83000183105467,105.76000213623048,103.44000244140624,103.68000030517578,102.18890380859376,1524200
CF,2022-09-12,103.76000213623048,103.76000213623048,97.05999755859376,99.4800033569336,98.04931640625,4037700
CF,2022-09-13,98.52999877929688,102.94000244140624,98.2699966430664,100.1500015258789,98.7096710205078,2894300
CF,2022-09-14,100.37000274658205,103.76000213623048,99.70999908447266,103.08999633789062,101.60738372802734,2778600
CF,2022-09-15,101.9000015258789,102.55999755859376,99.5,101.12000274658205,99.66573333740234,1992400
CF,2022-09-16,99.44000244140624,99.9000015258789,95.30999755859376,98.58999633789062,97.17211151123048,7463000
CF,2022-09-19,96.31999969482422,103.63999938964844,95.80999755859376,103.47000122070312,101.98192596435548,2840200
CF,2022-09-20,102.36000061035156,105.56999969482422,100.12999725341795,104.30999755859376,102.80984497070312,2851200
CF,2022-09-21,105.9499969482422,106.5500030517578,101.66999816894533,101.6999969482422,100.23738098144533,1871200
CF,2022-09-22,103.12000274658205,104.33999633789062,101.4000015258789,101.52999877929688,100.06983184814452,1466400
CF,2022-09-23,98.5,99.23999786376952,92.33000183105467,93.79000091552734,92.44114685058594,3227200
CF,2022-09-26,92.5999984741211,95.87000274658205,90.25,90.36000061035156,89.06047058105469,2755600
CF,2022-09-27,91.77999877929688,97.13999938964844,91.77999877929688,95.87000274658205,94.49122619628906,3452400
CF,2022-09-28,96.33999633789062,100.51000213623048,95.4800033569336,100.20999908447266,98.76881408691406,2876900
CF,2022-09-29,98.56999969482422,99.29000091552734,95.95999908447266,97.05999755859376,95.6641082763672,2258800
CF,2022-09-30,96.4800033569336,98.04000091552734,94.94000244140624,96.25,94.8657684326172,2670100
CF,2022-10-03,101.04000091552734,101.37000274658205,98.62999725341795,100.3000030517578,98.8575210571289,3186200
CF,2022-10-04,102.26000213623048,105.41999816894533,102.0,105.05999755859376,103.54905700683594,2923500
CF,2022-10-05,103.83999633789062,105.08999633789062,101.54000091552734,102.5500030517578,101.07515716552734,1767900
CF,2022-10-06,102.02999877929688,107.73999786376952,102.02999877929688,105.7300033569336,104.20943450927734,2751300
CF,2022-10-07,105.58999633789062,106.41000366210938,103.1999969482422,104.8000030517578,103.29280090332033,1928700
CF,2022-10-10,105.73999786376952,108.27999877929688,103.77999877929688,106.52999877929688,104.9979248046875,2184500
CF,2022-10-11,105.37000274658205,106.76000213623048,102.5,102.83000183105467,101.35113525390624,2056900
CF,2022-10-12,102.06999969482422,103.29000091552734,99.45999908447266,102.5500030517578,101.07515716552734,1740200
CF,2022-10-13,102.18000030517578,107.4000015258789,100.87999725341795,107.02999877929688,105.49073028564452,1939700
CF,2022-10-14,108.30999755859376,108.30999755859376,97.22000122070312,98.04000091552734,96.63002014160156,3243500
CF,2022-10-17,99.5500030517578,101.16999816894533,98.0999984741211,98.87999725341795,97.45793914794922,2324700
CF,2022-10-18,101.19000244140624,103.9000015258789,99.69000244140624,100.23999786376952,98.79837799072266,3414900
CF,2022-10-19,99.70999908447266,103.3499984741211,99.70999908447266,100.66000366210938,99.21234130859376,2103100
CF,2022-10-20,102.41000366210938,105.62999725341795,100.95999908447266,104.41999816894533,102.91826629638672,3011000
CF,2022-10-21,104.80999755859376,107.76000213623048,102.1999969482422,107.37000274658205,105.82585144042967,2654100
CF,2022-10-24,107.2699966430664,107.54000091552734,103.0500030517578,104.12999725341795,102.63243865966795,2181900
CF,2022-10-25,104.0,107.9000015258789,103.5500030517578,107.6999969482422,106.15109252929688,1962300
CF,2022-10-26,108.25,109.12999725341795,105.16000366210938,105.33000183105467,103.81517791748048,1833900
CF,2022-10-27,106.38999938964844,108.18000030517578,105.94000244140624,106.9499969482422,105.41188049316406,2161800
CF,2022-10-28,106.98999786376952,110.58999633789062,103.91999816894533,105.68000030517578,104.16014099121094,2783500
CF,2022-10-31,106.0999984741211,109.9000015258789,104.70999908447266,106.26000213623048,104.73180389404295,3382300
CF,2022-11-01,108.0,108.5,105.11000061035156,107.8000030517578,106.2496566772461,1829000
CF,2022-11-02,106.0,107.4499969482422,101.8499984741211,103.16999816894533,101.6862335205078,3706200
CF,2022-11-03,97.5,106.9499969482422,95.44000244140624,105.23999786376952,103.72647857666016,5399800
CF,2022-11-04,108.0999984741211,110.79000091552734,104.87000274658205,105.37999725341795,103.8644561767578,2441800
CF,2022-11-07,105.33999633789062,105.69000244140624,102.7699966430664,104.30999755859376,102.80984497070312,2130700
CF,2022-11-08,104.41000366210938,109.37999725341795,104.11000061035156,108.6500015258789,107.08743286132812,1908200
CF,2022-11-09,106.88999938964844,109.41000366210938,104.13999938964844,104.66000366210938,103.15482330322266,1975200
CF,2022-11-10,106.66000366210938,109.62000274658205,104.08000183105467,108.48999786376952,106.9297332763672,2379200
CF,2022-11-11,109.37000274658205,112.44000244140624,102.05999755859376,102.81999969482422,101.34127044677734,5020900
CF,2022-11-14,102.2699966430664,108.3499984741211,102.16999816894533,107.76000213623048,106.62503051757812,3169500
CF,2022-11-15,109.0,109.25,102.8499984741211,106.91000366210938,105.7839813232422,3457400
CF,2022-11-16,105.43000030517578,106.04000091552734,101.87000274658205,102.6999969482422,101.61832427978516,1988400
CF,2022-11-17,101.13999938964844,103.12000274658205,100.27999877929688,102.16000366210938,101.08401489257812,1608900
CF,2022-11-18,101.66999816894533,102.86000061035156,98.18000030517578,101.33999633789062,100.27264404296876,1705400
CF,2022-11-21,100.25,103.94000244140624,98.83999633789062,102.7699966430664,101.68758392333984,2007400
CF,2022-11-22,104.73999786376952,109.79000091552734,104.70999908447266,109.68000030517578,108.52481079101562,3093100
CF,2022-11-23,108.0,108.93000030517578,105.37000274658205,106.30999755859376,105.19029998779295,1714400
CF,2022-11-25,106.3499984741211,109.77999877929688,106.18000030517578,108.62000274658205,107.4759750366211,1044400
CF,2022-11-28,107.31999969482422,109.01000213623048,104.3499984741211,104.4000015258789,103.30042266845705,2407000
CF,2022-11-29,106.25,108.12999725341795,105.12999725341795,106.4000015258789,105.27935791015624,2055800
CF,2022-11-30,107.4499969482422,109.0,103.41000366210938,108.19000244140624,107.05050659179688,8646900
CF,2022-12-01,108.5999984741211,108.5999984741211,103.5500030517578,103.63999938964844,102.54842376708984,2446000
CF,2022-12-02,103.58999633789062,106.04000091552734,102.93000030517578,104.38999938964844,103.29052734375,1784400
CF,2022-12-05,107.0,108.87000274658205,102.73999786376952,103.4800033569336,102.3901138305664,2578100
CF,2022-12-06,103.5500030517578,104.62999725341795,100.62000274658205,101.5,100.43096160888672,1557900
CF,2022-12-07,100.91000366210938,102.16000366210938,99.72000122070312,100.5199966430664,99.4612808227539,2893200
CF,2022-12-08,102.43000030517578,103.01000213623048,99.98999786376952,100.13999938964844,99.08528137207033,1578700
CF,2022-12-09,99.7699966430664,101.12000274658205,98.6500015258789,98.6999969482422,97.66045379638672,1387400
CF,2022-12-12,98.63999938964844,99.25,97.18000030517578,98.70999908447266,97.67034912109376,2606900
CF,2022-12-13,100.5,101.06999969482422,97.7300033569336,97.80999755859376,96.7798309326172,1971400
CF,2022-12-14,98.06999969482422,98.27999877929688,93.0,93.0,92.02049255371094,3514500
CF,2022-12-15,92.75,95.23999786376952,92.5199966430664,94.5500030517578,93.55416870117188,2696200
CF,2022-12-16,93.33999633789062,95.29000091552734,92.66000366210938,95.06999969482422,94.06868743896484,4982500
CF,2022-12-19,95.33000183105467,96.2699966430664,92.02999877929688,92.72000122070312,91.74344635009766,2250500
CF,2022-12-20,93.5,94.41999816894533,92.48999786376952,93.5500030517578,92.564697265625,1511100
CF,2022-12-21,93.8000030517578,94.23999786376952,92.0,93.52999877929688,92.54490661621094,1671900
CF,2022-12-22,93.33999633789062,93.33999633789062,88.31999969482422,89.9000015258789,88.95314025878906,2950100
CF,2022-12-23,90.68000030517578,91.43000030517578,90.0,90.73999786376952,89.78429412841797,1500100
CF,2022-12-27,90.75,91.1500015258789,87.22000122070312,87.5999984741211,86.67736053466797,2532200
CF,2022-12-28,87.0,87.9800033569336,85.83999633789062,86.33999633789062,85.43063354492188,2085900
CF,2022-12-29,86.27999877929688,87.30999755859375,85.1500015258789,85.51000213623047,84.609375,2154200
CF,2022-12-30,85.3499984741211,85.94999694824219,84.47000122070312,85.19999694824219,84.3026351928711,1673400
CF,2023-01-03,84.69000244140625,84.98999786376953,81.29000091552734,81.94999694824219,81.08686828613281,6213200
CF,2023-01-04,81.62000274658203,82.68000030517578,80.31999969482422,82.41000366210938,81.54203033447266,4831600
CF,2023-01-05,82.11000061035156,84.38999938964844,81.63999938964844,83.77999877929688,82.89759063720703,3301900
CF,2023-01-06,83.9000015258789,85.75,82.66000366210938,84.41000366210938,83.52096557617188,2961600
CF,2023-01-09,84.7699966430664,86.52999877929688,84.0199966430664,86.0,85.0942153930664,3717200
CF,2023-01-10,86.69000244140625,86.98999786376953,82.41000366210938,83.0,82.12580871582031,3567500
CF,2023-01-11,83.2699966430664,84.80000305175781,82.51000213623047,84.05000305175781,83.16475677490234,2817000
CF,2023-01-12,84.13999938964844,86.5199966430664,83.30999755859375,86.30999755859375,85.40094757080078,2924300
CF,2023-01-13,85.33000183105469,87.08999633789062,84.69999694824219,86.91000366210938,85.99463653564453,2072600
CF,2023-01-17,87.36000061035156,88.08000183105469,85.9800033569336,86.0,85.0942153930664,2764200
CF,2023-01-18,86.75,87.37999725341797,84.1500015258789,84.62999725341797,83.73863983154297,2650200
CF,2023-01-19,85.4000015258789,85.81999969482422,83.29000091552734,85.38999938964844,84.49063873291016,2256300
CF,2023-01-20,84.94999694824219,86.5199966430664,84.0999984741211,86.4800033569336,85.56916046142578,1700300
CF,2023-01-23,86.79000091552734,87.19000244140625,84.79000091552734,85.5199966430664,84.61927032470703,2410400
CF,2023-01-24,85.0,86.0,82.83000183105469,84.94000244140625,84.04537963867188,2632900
CF,2023-01-25,84.11000061035156,84.94000244140625,82.68000030517578,83.76000213623047,82.8778076171875,2683300
CF,2023-01-26,84.38999938964844,85.13999938964844,82.86000061035156,85.0999984741211,84.20369720458984,2834500
CF,2023-01-27,84.70999908447266,85.69000244140625,83.01000213623047,83.08000183105469,82.20497131347656,2923900
CF,2023-01-30,82.2699966430664,83.66999816894531,81.80999755859375,82.69999694824219,81.82896423339844,2546100
CF,2023-01-31,82.68000030517578,84.83999633789062,82.5,84.69999694824219,83.80790710449219,2171900
CF,2023-02-01,84.01000213623047,86.66000366210938,83.30999755859375,85.27999877929688,84.38179779052734,2421500
CF,2023-02-02,85.18000030517578,86.98999786376953,84.38999938964844,85.02999877929688,84.13442993164062,3237400
CF,2023-02-03,84.91000366210938,86.58000183105469,84.6500015258789,85.93000030517578,85.02494812011719,2393900
CF,2023-02-06,86.12999725341797,86.5999984741211,85.19000244140625,85.98999786376953,85.08432006835938,2104200
CF,2023-02-07,86.08000183105469,86.45999908447266,82.7699966430664,84.25,83.3626480102539,2990800
CF,2023-02-08,84.58000183105469,85.0999984741211,83.37999725341797,84.12000274658203,83.23401641845703,1802100
CF,2023-02-09,84.94999694824219,87.26000213623047,84.6500015258789,86.80000305175781,85.88578796386719,3077600
CF,2023-02-10,86.9800033569336,91.2300033569336,86.9800033569336,90.48999786376952,89.53692626953125,4156800
CF,2023-02-13,89.30000305175781,89.61000061035156,86.66999816894531,86.8499984741211,85.93526458740234,3286100
CF,2023-02-14,85.93000030517578,86.22000122070312,84.4000015258789,85.52999877929688,85.02074432373047,2117900
CF,2023-02-15,84.43000030517578,85.05999755859375,83.47000122070312,85.01000213623047,84.50383758544922,2440900
CF,2023-02-16,83.31999969482422,88.83000183105469,82.30000305175781,85.30999755859375,84.80204772949219,4259400
CF,2023-02-17,84.08999633789062,86.06999969482422,82.01000213623047,82.3499984741211,81.85967254638672,3330400
CF,2023-02-21,81.12999725341797,84.20999908447266,81.0999984741211,83.4800033569336,82.98294830322266,3523400
CF,2023-02-22,84.66999816894531,86.62999725341797,84.05000305175781,85.4000015258789,84.89151763916016,3690400
CF,2023-02-23,84.62999725341797,86.7300033569336,84.0,86.27999877929688,85.76627349853516,2489800
CF,2023-02-24,85.83000183105469,85.9800033569336,83.69999694824219,85.58999633789062,85.08038330078125,2260300
CF,2023-02-27,85.58999633789062,86.4800033569336,84.62999725341797,85.29000091552734,84.78217315673828,2810700
CF,2023-02-28,85.5199966430664,87.4800033569336,85.33999633789062,85.88999938964844,85.37860107421875,3417600
CF,2023-03-01,85.79000091552734,86.66000366210938,84.88999938964844,85.1500015258789,84.64300537109375,2164900
CF,2023-03-02,84.44000244140625,86.94999694824219,83.23999786376953,86.87999725341797,86.36270141601562,2800200
CF,2023-03-03,86.7300033569336,87.43000030517578,85.62000274658203,86.16000366210938,85.6469955444336,2219000
CF,2023-03-06,85.55999755859375,86.30000305175781,84.4800033569336,86.01000213623047,85.49788665771484,1940900
CF,2023-03-07,85.16999816894531,85.16999816894531,82.7300033569336,83.19000244140625,82.6946792602539,2227000
CF,2023-03-08,83.27999877929688,84.69000244140625,82.80000305175781,84.2699966430664,83.76824188232422,2046100
CF,2023-03-09,84.4800033569336,84.94999694824219,81.06999969482422,81.11000061035156,80.62705993652344,2288200
CF,2023-03-10,80.75,81.7699966430664,78.2300033569336,78.47000122070312,78.00277709960938,2905500
CF,2023-03-13,76.98999786376953,77.0999984741211,75.05999755859375,75.23999786376953,74.79200744628906,3494300
CF,2023-03-14,76.12000274658203,77.66999816894531,74.0199966430664,74.61000061035156,74.16576385498047,3367600
CF,2023-03-15,73.0999984741211,73.93000030517578,70.69000244140625,72.4800033569336,72.04844665527344,3833900
CF,2023-03-16,71.66999816894531,73.55999755859375,70.76000213623047,73.05999755859375,72.62498474121094,3746800
CF,2023-03-17,72.80000305175781,73.29000091552734,70.7300033569336,70.93000030517578,70.50767517089844,7624500
CF,2023-03-20,72.4000015258789,73.58000183105469,70.5999984741211,72.56999969482422,72.13790893554688,3539600
CF,2023-03-21,74.55000305175781,75.63999938964844,74.12000274658203,74.69000244140625,74.24528503417969,2363000
CF,2023-03-22,74.77999877929688,74.97000122070312,71.12999725341797,71.19000244140625,70.76612854003906,2481500
CF,2023-03-23,71.68000030517578,72.33000183105469,68.94999694824219,70.0,69.58320617675781,4168700
CF,2023-03-24,69.33000183105469,69.58000183105469,67.94999694824219,69.30000305175781,68.88738250732422,3389800
CF,2023-03-27,70.75,71.04000091552734,68.04000091552734,69.86000061035156,69.44404602050781,2879600
CF,2023-03-28,70.0,71.41000366210938,69.5999984741211,70.2699966430664,69.85160064697266,1744300
CF,2023-03-29,71.5999984741211,73.52999877929688,71.12999725341797,72.30000305175781,71.86951446533203,2876100
CF,2023-03-30,73.30999755859375,73.30999755859375,71.51000213623047,71.87999725341797,71.45201110839844,2188700
CF,2023-03-31,72.0199966430664,72.91999816894531,71.63999938964844,72.48999786376953,72.05838012695312,2596800
CF,2023-04-03,73.75,74.19999694824219,72.08000183105469,73.66999816894531,73.23135375976562,3085800
CF,2023-04-04,72.9800033569336,73.0199966430664,71.26000213623047,72.87000274658203,72.43612670898438,2136400
CF,2023-04-05,72.16000366210938,73.30000305175781,71.3499984741211,73.16000366210938,72.72439575195312,3212100
CF,2023-04-06,72.80000305175781,72.80999755859375,71.29000091552734,71.45999908447266,71.03451538085938,2295800
CF,2023-04-10,72.81999969482422,75.62000274658203,72.81999969482422,73.70999908447266,73.2711181640625,2204600
CF,2023-04-11,73.95999908447266,78.23999786376953,73.95999908447266,77.55999755859375,77.09819030761719,4724000
CF,2023-04-12,77.38999938964844,77.91000366210938,75.9000015258789,77.05999755859375,76.6011734008789,2345400
CF,2023-04-13,76.81999969482422,77.86000061035156,76.22000122070312,77.04000091552734,76.58129119873047,2209200
CF,2023-04-14,77.86000061035156,78.66000366210938,76.5199966430664,77.08000183105469,76.62105560302734,1419200
CF,2023-04-17,77.02999877929688,78.33000183105469,76.98999786376953,78.01000213623047,77.54551696777344,1950800
CF,2023-04-18,77.30000305175781,77.5,74.12000274658203,75.05999755859375,74.61308288574219,3019600
CF,2023-04-19,74.31999969482422,75.12999725341797,72.63999938964844,74.4000015258789,73.95701599121094,2009700
CF,2023-04-20,73.47000122070312,74.75,73.08999633789062,74.45999908447266,74.01665496826172,1735500
CF,2023-04-21,74.06999969482422,74.54000091552734,73.25,74.44000244140625,73.99677276611328,2048500
CF,2023-04-24,74.5199966430664,75.0,73.91000366210938,74.5999984741211,74.15582275390625,1432700
CF,2023-04-25,73.4000015258789,73.95999908447266,72.19999694824219,72.33000183105469,71.89933776855469,1656900
CF,2023-04-26,72.19000244140625,73.02999877929688,71.33999633789062,71.5199966430664,71.09415435791016,1652900
CF,2023-04-27,71.86000061035156,72.02999877929688,69.55000305175781,70.11000061035156,69.69255828857422,2323600
CF,2023-04-28,69.41999816894531,71.6500015258789,68.66999816894531,71.58000183105469,71.15380096435547,2584900
CF,2023-05-01,71.80000305175781,72.16999816894531,70.54000091552734,71.94999694824219,71.52159881591797,2665700
CF,2023-05-02,72.2699966430664,74.76000213623047,69.30999755859375,74.05999755859375,73.61903381347656,5104900
CF,2023-05-03,75.23999786376953,76.16999816894531,73.83999633789062,73.8499984741211,73.41028594970703,2806200
CF,2023-05-04,73.45999908447266,73.97000122070312,69.72000122070312,70.06999969482422,69.65279388427734,2973100
CF,2023-05-05,71.30999755859375,71.30999755859375,68.80000305175781,69.63999938964844,69.22534942626953,3319000
CF,2023-05-08,70.9000015258789,71.44000244140625,67.33999633789062,67.58000183105469,67.17761993408203,2918500
CF,2023-05-09,67.06999969482422,68.08000183105469,66.25,67.79000091552734,67.38636779785156,3053000
CF,2023-05-10,68.9800033569336,69.08999633789062,66.62000274658203,67.79000091552734,67.38636779785156,2303100
CF,2023-05-11,64.3499984741211,67.3499984741211,63.810001373291016,67.18000030517578,66.77999877929688,4541000
CF,2023-05-12,67.19999694824219,67.68000030517578,65.63999938964844,66.52999877929688,66.52999877929688,1975200
CF,2023-05-15,67.0,67.69000244140625,66.45999908447266,67.29000091552734,67.29000091552734,3148100
CF,2023-05-16,66.68000030517578,67.25,64.88999938964844,64.93000030517578,64.93000030517578,2673400
CF,2023-05-17,64.38999938964844,65.33999633789062,63.630001068115234,64.12000274658203,64.12000274658203,3773300
CF,2023-05-18,64.6500015258789,65.80999755859375,63.45000076293945,65.70999908447266,65.70999908447266,2600800
CF,2023-05-19,66.12000274658203,67.30999755859375,65.97000122070312,66.22000122070312,66.22000122070312,2543800
CF,2023-05-22,66.48999786376953,67.66000366210938,65.22000122070312,67.04000091552734,67.04000091552734,2321200
CF,2023-05-23,66.66999816894531,67.72000122070312,65.7699966430664,67.48999786376953,67.48999786376953,1894200
CF,2023-05-24,67.73999786376953,67.8499984741211,65.5999984741211,65.76000213623047,65.76000213623047,1619400
CF,2023-05-25,65.01000213623047,65.63999938964844,63.84000015258789,63.86000061035156,63.86000061035156,1984600
CF,2023-05-26,64.30999755859375,64.66000366210938,62.54999923706055,62.84999847412109,62.84999847412109,2167700
CF,2023-05-30,62.29999923706055,62.56999969482422,60.43999862670898,62.0099983215332,62.0099983215332,3242000
CF,2023-05-31,61.540000915527344,62.58000183105469,60.61000061035156,61.5099983215332,61.5099983215332,5287600
CF,2023-06-01,62.0,62.0,60.08000183105469,60.2400016784668,60.2400016784668,3296300
CF,2023-06-02,61.18000030517578,63.66999816894531,60.93999862670898,62.90999984741211,62.90999984741211,2780200
CF,2023-06-05,63.810001373291016,65.19999694824219,63.56999969482422,63.86000061035156,63.86000061035156,2195100
CF,2023-06-06,62.54999923706055,66.83000183105469,62.2599983215332,66.70999908447266,66.70999908447266,2933200
CF,2023-06-07,67.43000030517578,69.66000366210938,67.0999984741211,68.41999816894531,68.41999816894531,3012100
CF,2023-06-08,67.95999908447266,68.91999816894531,65.75,67.36000061035156,67.36000061035156,2484400
CF,2023-06-09,67.58999633789062,68.91999816894531,66.5,67.97000122070312,67.97000122070312,2021500
CF,2023-06-12,67.37000274658203,68.36000061035156,67.23999786376953,68.11000061035156,68.11000061035156,2020600
CF,2023-06-13,69.36000061035156,69.86000061035156,68.63999938964844,69.44999694824219,69.44999694824219,2002100
CF,2023-06-14,69.5,69.83999633789062,66.97000122070312,67.80000305175781,67.80000305175781,2064000
CF,2023-06-15,68.19999694824219,70.62999725341797,68.19999694824219,70.08000183105469,70.08000183105469,3237400
CF,2023-06-16,70.9000015258789,71.69999694824219,69.75,71.2699966430664,71.2699966430664,5874200
CF,2023-06-20,70.80000305175781,71.83999633789062,70.29000091552734,71.75,71.75,3625800
CF,2023-06-21,71.62999725341797,73.51000213623047,71.62999725341797,72.91000366210938,72.91000366210938,2834700
CF,2023-06-22,72.4000015258789,72.48999786376953,70.55999755859375,71.2300033569336,71.2300033569336,2339800
CF,2023-06-23,70.43000030517578,71.38999938964844,69.16000366210938,70.55999755859375,70.55999755859375,5900100
CF,2023-06-26,70.86000061035156,71.12000274658203,69.54000091552734,70.0199966430664,70.0199966430664,1718900
CF,2023-06-27,69.68000030517578,70.19999694824219,67.58999633789062,70.06999969482422,70.06999969482422,1924600
CF,2023-06-28,70.13999938964844,70.23999786376953,68.02999877929688,68.25,68.25,1705000
CF,2023-06-29,68.61000061035156,70.37000274658203,68.33999633789062,70.31999969482422,70.31999969482422,1838200
CF,2023-06-30,70.7300033569336,71.36000061035156,69.04000091552734,69.41999816894531,69.41999816894531,2095300
CF,2023-07-03,69.3499984741211,70.83000183105469,69.0,70.43000030517578,70.43000030517578,983700
CF,2023-07-05,69.77999877929688,70.45999908447266,69.0999984741211,70.12000274658203,70.12000274658203,2108100
CF,2023-07-06,69.52999877929688,69.5999984741211,67.97000122070312,69.20999908447266,69.20999908447266,1743000
CF,2023-07-07,68.91999816894531,72.72000122070312,68.51000213623047,71.8499984741211,71.8499984741211,2821100
CF,2023-07-10,70.19000244140625,71.9800033569336,69.75,70.0999984741211,70.0999984741211,2229900
CF,2023-07-11,70.83999633789062,72.86000061035156,70.08999633789062,72.81999969482422,72.81999969482422,2500800
CF,2023-07-12,73.58999633789062,73.97000122070312,72.12999725341797,72.22000122070312,72.22000122070312,2257100
CF,2023-07-13,72.0,74.30000305175781,72.0,73.94999694824219,73.94999694824219,2754000
CF,2023-07-14,74.22000122070312,74.5,73.0999984741211,73.73999786376953,73.73999786376953,2637500
CF,2023-07-17,74.22000122070312,74.38999938964844,73.6500015258789,73.93000030517578,73.93000030517578,1840900
CF,2023-07-18,73.93000030517578,77.91999816894531,73.63999938964844,76.3499984741211,76.3499984741211,3534900
CF,2023-07-19,76.86000061035156,79.7699966430664,76.80000305175781,78.27999877929688,78.27999877929688,3765100
CF,2023-07-20,79.44999694824219,79.80000305175781,77.83999633789062,79.0199966430664,79.0199966430664,1679100
CF,2023-07-21,78.8499984741211,79.58999633789062,77.87000274658203,79.04000091552734,79.04000091552734,1692100
CF,2023-07-24,79.91000366210938,81.52999877929688,79.83999633789062,80.55000305175781,80.55000305175781,2157400
CF,2023-07-25,80.88999938964844,81.4000015258789,80.12000274658203,81.08000183105469,81.08000183105469,1934000
CF,2023-07-26,80.75,82.31999969482422,80.51000213623047,81.6500015258789,81.6500015258789,2285500
CF,2023-07-27,81.83999633789062,82.61000061035156,81.37999725341797,81.4800033569336,81.4800033569336,2125400
CF,2023-07-28,82.05000305175781,82.11000061035156,80.2300033569336,81.2300033569336,81.2300033569336,2051600
CF,2023-07-31,80.68000030517578,82.16000366210938,80.68000030517578,82.08000183105469,82.08000183105469,1949400
CF,2023-08-01,82.08999633789062,82.61000061035156,80.87999725341797,81.27999877929688,81.27999877929688,2380100
CF,2023-08-02,80.63999938964844,82.12000274658203,79.41000366210938,80.6500015258789,80.6500015258789,2128300
CF,2023-08-03,84.23999786376953,84.30000305175781,79.18440246582031,82.10009765625,82.10009765625,1474863
