Ticker,Date,Open,High,Low,Close,Adj Close,Volume
COO,1983-01-21,0.0,32.25,31.5,31.5,28.613136291503903,140600
COO,1983-01-24,0.0,33.75,33.5625,33.5625,30.48661994934082,596933
COO,1983-01-25,0.0,35.625,35.4375,35.4375,32.18976974487305,308600
COO,1983-01-26,0.0,35.625,35.4375,35.4375,32.18976974487305,156533
COO,1983-01-27,0.0,37.5,37.3125,37.3125,33.89293670654297,148333
COO,1983-01-28,0.0,36.9375,36.75,36.75,33.38199234008789,148867
COO,1983-01-31,0.0,36.5625,36.1875,36.1875,32.87104415893555,126667
COO,1983-02-01,0.0,35.25,35.0625,35.0625,31.84915351867676,79333
COO,1983-02-02,0.0,35.0625,34.875,34.875,31.67884826660156,86733
COO,1983-02-03,0.0,35.4375,35.25,35.25,32.019466400146484,50600
COO,1983-02-04,0.0,35.625,35.4375,35.4375,32.18976974487305,34867
COO,1983-02-07,0.0,36.0,35.625,35.625,32.36009979248047,78867
COO,1983-02-08,0.0,35.8125,35.625,35.625,32.36009979248047,54000
COO,1983-02-09,0.0,35.625,35.4375,35.4375,32.18976974487305,37867
COO,1983-02-10,0.0,35.8125,35.625,35.625,32.36009979248047,27200
COO,1983-02-11,0.0,35.8125,35.625,35.625,32.36009979248047,39933
COO,1983-02-14,0.0,35.8125,35.625,35.625,32.36009979248047,65133
COO,1983-02-15,0.0,35.0625,34.875,34.875,31.67884826660156,41000
COO,1983-02-16,0.0,35.25,35.0625,35.0625,31.84915351867676,32867
COO,1983-02-17,0.0,34.6875,34.3125,34.3125,31.16787910461425,38067
COO,1983-02-18,0.0,34.875,34.6875,34.6875,31.508514404296875,28200
COO,1983-02-22,0.0,35.0625,34.6875,34.6875,31.508514404296875,25200
COO,1983-02-23,0.0,34.875,34.5,34.5,31.33820533752441,31867
COO,1983-02-24,0.0,34.875,34.6875,34.6875,31.508514404296875,42267
COO,1983-02-25,0.0,35.0625,34.875,34.875,31.67884826660156,62533
COO,1983-02-28,0.0,34.6875,34.5,34.5,31.33820533752441,26133
COO,1983-03-01,0.0,33.1875,33.0,33.0,29.97567367553711,40133
COO,1983-03-02,0.0,33.0,32.625,32.625,29.6350326538086,42333
COO,1983-03-03,0.0,32.4375,32.25,32.25,29.29441261291504,20000
COO,1983-03-04,0.0,32.4375,32.0625,32.0625,29.124086380004883,28667
COO,1983-03-07,0.0,33.0,32.625,32.625,29.6350326538086,23133
COO,1983-03-08,0.0,34.6875,34.125,34.125,30.997573852539062,54333
COO,1983-03-09,0.0,35.25,35.0625,35.0625,31.84915351867676,28200
COO,1983-03-10,0.0,35.25,34.5,34.5,31.33820533752441,28067
COO,1983-03-11,0.0,34.875,34.5,34.5,31.33820533752441,8800
COO,1983-03-14,0.0,34.125,33.9375,33.9375,30.827247619628903,34600
COO,1983-03-15,0.0,33.75,33.5625,33.5625,30.48661994934082,13000
COO,1983-03-16,0.0,33.75,33.375,33.375,30.31630516052246,11333
COO,1983-03-17,0.0,32.4375,32.25,32.25,29.29441261291504,11133
COO,1983-03-18,0.0,32.4375,31.875,31.875,28.953777313232425,26333
COO,1983-03-21,0.0,32.25,31.875,31.875,28.953777313232425,17733
COO,1983-03-22,0.0,31.875,31.5,31.5,28.613136291503903,39667
COO,1983-03-23,0.0,32.25,31.875,31.875,28.953777313232425,12333
COO,1983-03-24,0.0,33.0,32.625,32.625,29.6350326538086,20000
COO,1983-03-25,0.0,34.6875,34.125,34.125,30.997573852539062,21800
COO,1983-03-28,0.0,34.5,34.125,34.125,30.997573852539062,9467
COO,1983-03-29,0.0,34.125,33.9375,33.9375,30.827247619628903,10000
COO,1983-03-30,0.0,34.125,33.9375,33.9375,30.827247619628903,15267
COO,1983-03-31,0.0,33.9375,33.5625,33.5625,30.48661994934082,7000
COO,1983-04-04,0.0,33.375,33.0,33.0,29.97567367553711,4933
COO,1983-04-05,0.0,32.4375,32.25,32.25,29.29441261291504,12200
COO,1983-04-06,0.0,32.4375,32.25,32.25,29.29441261291504,8533
COO,1983-04-07,0.0,32.625,32.25,32.25,29.29441261291504,17000
COO,1983-04-08,0.0,32.625,32.4375,32.4375,29.4647216796875,11267
COO,1983-04-11,0.0,33.0,32.625,32.625,29.6350326538086,12533
COO,1983-04-12,0.0,33.1875,32.8125,32.8125,29.80535316467285,6600
COO,1983-04-13,0.0,33.5625,33.1875,33.1875,30.145978927612305,16400
COO,1983-04-14,0.0,33.375,33.0,33.0,29.97567367553711,12400
COO,1983-04-15,0.0,33.375,33.0,33.0,29.97567367553711,17133
COO,1983-04-18,0.0,33.375,33.0,33.0,29.97567367553711,9867
COO,1983-04-19,0.0,33.375,33.0,33.0,29.97567367553711,13800
COO,1983-04-20,0.0,33.375,33.0,33.0,29.97567367553711,49267
COO,1983-04-21,0.0,33.5625,33.0,33.0,29.97567367553711,34867
COO,1983-04-22,0.0,33.75,33.1875,33.1875,30.145978927612305,19867
COO,1983-04-25,0.0,34.125,33.75,33.75,30.65693092346192,19000
COO,1983-04-26,0.0,33.75,33.5625,33.5625,30.48661994934082,14200
COO,1983-04-27,0.0,33.5625,33.1875,33.1875,30.145978927612305,21000
COO,1983-04-28,0.0,33.375,33.0,33.0,29.97567367553711,11133
COO,1983-04-29,0.0,33.1875,32.8125,32.8125,29.80535316467285,12400
COO,1983-05-02,0.0,32.8125,32.625,32.625,29.6350326538086,19267
COO,1983-05-03,0.0,34.125,33.5625,33.5625,30.48661994934082,45800
COO,1983-05-04,0.0,36.1875,35.8125,35.8125,32.53042221069336,27200
COO,1983-05-05,0.0,36.9375,36.5625,36.5625,33.2116813659668,25933
COO,1983-05-06,0.0,36.375,36.0,36.0,32.70073699951172,24533
COO,1983-05-09,0.0,34.5,34.125,34.125,30.997573852539062,32867
COO,1983-05-10,0.0,34.5,33.75,33.9375,30.827247619628903,23267
COO,1983-05-11,0.0,34.5,32.625,33.1875,30.145978927612305,29867
COO,1983-05-12,0.0,33.0,32.0625,32.4375,29.4647216796875,25400
COO,1983-05-13,0.0,33.0,32.625,33.0,29.97567367553711,11467
COO,1983-05-16,0.0,33.0,31.875,32.8125,29.80535316467285,13267
COO,1983-05-17,0.0,32.8125,32.25,32.8125,29.80535316467285,20733
COO,1983-05-18,0.0,33.375,32.625,33.0,29.97567367553711,83733
COO,1983-05-19,0.0,33.5625,32.8125,33.375,30.31630516052246,31600
COO,1983-05-20,0.0,33.375,33.0,33.0,29.97567367553711,14467
COO,1983-05-23,0.0,33.375,32.25,33.0,29.97567367553711,49867
COO,1983-05-24,0.0,33.9375,33.1875,33.5625,30.48661994934082,23200
COO,1983-05-25,0.0,35.8125,33.375,35.8125,32.53042221069336,23867
COO,1983-05-26,0.0,38.25,35.8125,38.25,34.7445182800293,51333
COO,1983-05-27,0.0,39.75,37.6875,38.625,35.08517837524414,27933
COO,1983-05-31,0.0,39.0,37.5,37.875,34.403892517089844,18933
COO,1983-06-01,0.0,37.6875,37.125,37.6875,34.23358154296875,28400
COO,1983-06-02,0.0,39.0,37.125,38.625,35.08517837524414,18267
COO,1983-06-03,0.0,39.0,38.25,38.625,35.08517837524414,23333
COO,1983-06-06,0.0,39.5625,38.625,39.375,35.76642990112305,24933
COO,1983-06-07,0.0,39.75,38.8125,39.1875,35.596099853515625,42333
COO,1983-06-08,0.0,39.0,38.0625,38.4375,34.91484069824219,11533
COO,1983-06-09,0.0,38.625,38.25,38.25,34.7445182800293,18133
COO,1983-06-10,0.0,38.4375,37.875,38.4375,34.91484069824219,29867
COO,1983-06-13,0.0,38.625,38.0625,38.25,34.7445182800293,14667
COO,1983-06-14,0.0,38.625,38.25,38.625,35.08517837524414,19800
COO,1983-06-15,0.0,38.8125,38.25,38.4375,34.91484069824219,16400
COO,1983-06-16,0.0,42.5625,39.9375,42.375,38.491485595703125,127800
COO,1983-06-17,0.0,42.1875,41.0625,42.1875,38.32118225097656,30800
COO,1983-06-20,0.0,42.75,41.8125,42.375,38.491485595703125,25933
COO,1983-06-21,0.0,42.375,42.0,42.375,38.491485595703125,35133
COO,1983-06-22,0.0,42.5625,42.0,42.5625,38.66179656982422,27800
COO,1983-06-23,0.0,42.5625,42.0,42.1875,38.32118225097656,12667
COO,1983-06-24,0.0,43.6875,42.1875,43.5,39.51337814331055,37267
COO,1983-06-27,0.0,44.625,43.3125,44.25,40.19464492797852,30733
COO,1983-06-28,0.0,46.125,43.5,44.625,40.5352783203125,37533
COO,1983-06-29,0.0,44.8125,43.5,43.875,39.8540153503418,19067
COO,1983-06-30,0.0,44.0625,42.5625,42.75,38.83209991455078,14533
COO,1983-07-01,0.0,43.125,42.375,42.375,38.491485595703125,12800
COO,1983-07-05,0.0,42.75,41.625,42.0,38.15085983276367,48533
COO,1983-07-06,0.0,42.5625,41.8125,42.375,38.491485595703125,9667
COO,1983-07-07,0.0,42.5625,42.0,42.0,38.15085983276367,57933
COO,1983-07-08,0.0,42.375,41.625,42.0,38.15085983276367,21600
COO,1983-07-11,0.0,42.375,41.25,41.4375,37.63990783691406,6933
COO,1983-07-12,0.0,41.4375,39.0,39.0,35.4257926940918,20067
COO,1983-07-13,0.0,39.375,36.375,37.3125,33.89293670654297,30133
COO,1983-07-14,0.0,38.4375,37.3125,38.0625,34.57420349121094,20000
COO,1983-07-15,0.0,38.25,36.9375,37.125,33.72263717651367,13733
COO,1983-07-18,0.0,37.5,36.1875,36.375,33.041358947753906,10467
COO,1983-07-19,0.0,36.375,35.8125,35.8125,32.53042221069336,9867
COO,1983-07-20,0.0,36.0,35.4375,36.0,32.70073699951172,15467
COO,1983-07-21,0.0,36.75,36.1875,36.75,33.38199234008789,36667
COO,1983-07-22,0.0,36.9375,36.375,36.5625,33.2116813659668,8667
COO,1983-07-25,0.0,36.9375,35.625,36.75,33.38199234008789,18200
COO,1983-07-26,0.0,36.75,36.1875,36.375,33.041358947753906,16133
COO,1983-07-27,0.0,37.125,36.0,36.0,32.70073699951172,26533
COO,1983-07-28,0.0,36.1875,35.0625,35.0625,31.84915351867676,6733
COO,1983-07-29,0.0,35.0625,33.0,33.375,30.31630516052246,14133
COO,1983-08-01,0.0,33.75,33.0,33.375,30.31630516052246,20267
COO,1983-08-02,0.0,33.75,33.375,33.375,30.31630516052246,17933
COO,1983-08-03,0.0,36.375,33.0,33.1875,30.145978927612305,29667
COO,1983-08-04,0.0,33.75,33.0,33.0,29.97567367553711,57333
COO,1983-08-05,0.0,33.375,33.0,33.375,30.31630516052246,21467
COO,1983-08-08,0.0,33.75,33.0,33.1875,30.145978927612305,5533
COO,1983-08-09,0.0,36.0,33.0,36.0,32.70073699951172,16800
COO,1983-08-10,0.0,38.0625,36.1875,37.6875,34.23358154296875,26133
COO,1983-08-11,0.0,39.9375,37.875,39.375,35.76642990112305,18800
COO,1983-08-12,0.0,40.125,39.0,39.75,36.10704040527344,16267
COO,1983-08-15,0.0,40.125,39.0,39.5625,35.93674850463867,23867
COO,1983-08-16,0.0,39.5625,38.25,38.25,34.7445182800293,7467
COO,1983-08-17,0.0,38.625,38.0625,38.4375,34.91484069824219,18333
COO,1983-08-18,0.0,38.0625,35.25,35.8125,32.53042221069336,18267
COO,1983-08-19,0.0,35.625,35.25,35.4375,32.18976974487305,7133
COO,1983-08-22,0.0,35.625,35.4375,35.625,32.36009979248047,4667
COO,1983-08-23,0.0,35.625,34.6875,35.0625,31.84915351867676,7933
COO,1983-08-24,0.0,35.0625,34.5,34.6875,31.508514404296875,3867
COO,1983-08-25,0.0,35.25,34.5,34.5,31.33820533752441,6133
COO,1983-08-26,0.0,34.6875,34.125,34.125,30.997573852539062,3000
COO,1983-08-29,0.0,34.3125,33.5625,34.3125,31.16787910461425,6333
COO,1983-08-30,0.0,34.3125,33.75,34.3125,31.16787910461425,2533
COO,1983-08-31,0.0,34.875,33.75,34.3125,31.16787910461425,3200
COO,1983-09-01,0.0,34.6875,34.3125,34.3125,31.16787910461425,4400
COO,1983-09-02,0.0,35.625,34.3125,35.625,32.36009979248047,13667
COO,1983-09-06,0.0,36.1875,35.25,36.1875,32.87104415893555,6933
COO,1983-09-07,0.0,36.75,36.0,36.375,33.041358947753906,12200
COO,1983-09-08,0.0,36.75,36.375,36.375,33.041358947753906,3600
COO,1983-09-09,0.0,39.0,36.375,38.4375,34.91484069824219,21733
COO,1983-09-12,0.0,39.0,38.0625,38.4375,34.91484069824219,21267
COO,1983-09-13,0.0,38.25,37.5,37.5,34.063255310058594,6067
COO,1983-09-14,0.0,37.875,36.5625,36.9375,33.55231857299805,11733
COO,1983-09-15,0.0,37.125,33.0,33.9375,30.827247619628903,33533
COO,1983-09-16,0.0,33.9375,33.5625,33.9375,30.827247619628903,22067
COO,1983-09-19,0.0,34.125,33.1875,33.9375,30.827247619628903,19000
COO,1983-09-20,0.0,34.5,33.9375,34.5,31.33820533752441,15200
COO,1983-09-21,0.0,34.875,34.125,34.5,31.33820533752441,33133
COO,1983-09-22,0.0,37.3125,34.5,36.75,33.38199234008789,35333
COO,1983-09-23,0.0,38.625,36.5625,36.75,33.38199234008789,33533
COO,1983-09-26,0.0,33.9375,32.8125,33.5625,30.48661994934082,63533
COO,1983-09-27,0.0,33.75,32.4375,32.8125,29.80535316467285,16267
COO,1983-09-28,0.0,32.8125,31.3125,31.6875,28.783462524414062,18667
COO,1983-09-29,0.0,32.25,31.3125,32.25,29.29441261291504,16133
COO,1983-09-30,0.0,32.625,32.0625,32.25,29.29441261291504,12533
COO,1983-10-03,0.0,32.25,31.3125,31.6875,28.783462524414062,22867
COO,1983-10-04,0.0,31.6875,31.3125,31.5,28.613136291503903,15200
COO,1983-10-05,0.0,31.6875,31.125,31.125,28.27251434326172,64133
COO,1983-10-06,0.0,31.3125,30.375,30.5625,27.76154899597168,10133
COO,1983-10-07,0.0,32.0625,30.5625,31.5,28.613136291503903,34200
COO,1983-10-10,0.0,32.0625,31.5,31.5,28.613136291503903,1800
COO,1983-10-11,0.0,31.875,31.125,31.3125,28.44282341003418,5667
COO,1983-10-12,0.0,30.9375,30.1875,30.1875,27.42093086242676,5933
COO,1983-10-13,0.0,30.375,27.5625,28.6875,26.058395385742188,20200
COO,1983-10-14,0.0,29.0625,28.3125,28.3125,25.71776390075684,8800
COO,1983-10-17,0.0,29.8125,28.6875,29.4375,26.739654541015625,21000
COO,1983-10-18,0.0,29.8125,29.0625,29.4375,26.739654541015625,12000
COO,1983-10-19,0.0,29.4375,28.125,28.3125,25.71776390075684,18133
COO,1983-10-20,0.0,28.5,27.75,28.3125,25.71776390075684,28667
COO,1983-10-21,0.0,28.5,28.125,28.3125,25.71776390075684,23067
COO,1983-10-24,0.0,28.3125,27.75,27.75,25.20681381225586,12667
COO,1983-10-25,0.0,28.125,27.75,27.75,25.20681381225586,6867
COO,1983-10-26,0.0,27.9375,27.1875,27.5625,25.036495208740234,9400
COO,1983-10-27,0.0,27.375,26.25,26.625,24.18491554260254,7400
COO,1983-10-28,0.0,26.625,24.5625,25.125,22.822383880615234,15267
COO,1983-10-31,0.0,27.0,25.125,26.625,24.18491554260254,33600
COO,1983-11-01,0.0,26.8125,24.5625,25.6875,23.33332633972168,31267
COO,1983-11-02,0.0,26.4375,25.5,25.875,23.50365257263184,24600
COO,1983-11-03,0.0,26.4375,25.875,26.0625,23.673973083496094,8933
COO,1983-11-04,0.0,26.8125,25.6875,26.0625,23.673973083496094,29000
COO,1983-11-07,0.0,25.6875,24.9375,24.9375,22.65206718444824,9600
COO,1983-11-08,0.0,24.9375,22.875,23.25,21.119213104248047,50400
COO,1983-11-09,0.0,23.4375,21.5625,23.25,21.119213104248047,34133
COO,1983-11-10,0.0,23.4375,23.0625,23.25,21.119213104248047,24200
COO,1983-11-11,0.0,24.75,22.875,24.5625,22.311426162719727,33600
COO,1983-11-14,0.0,26.25,24.375,25.3125,22.99269676208496,26467
COO,1983-11-15,0.0,26.25,25.125,25.875,23.50365257263184,16733
COO,1983-11-16,0.0,25.6875,25.125,25.3125,22.99269676208496,20200
COO,1983-11-17,0.0,26.25,25.5,26.25,23.84427833557129,20133
COO,1983-11-18,0.0,26.625,25.875,26.25,23.84427833557129,9133
COO,1983-11-21,0.0,27.0,26.0625,26.4375,24.01459693908692,5733
COO,1983-11-22,0.0,27.0,26.25,26.625,24.18491554260254,9067
COO,1983-11-23,0.0,26.625,25.5,25.5,23.16301918029785,55333
COO,1983-11-25,0.0,25.875,24.5625,25.5,23.16301918029785,20733
COO,1983-11-28,0.0,27.0,25.125,26.4375,24.01459693908692,24600
COO,1983-11-29,0.0,27.9375,27.0,27.9375,25.37713050842285,13733
COO,1983-11-30,0.0,28.5,27.375,28.3125,25.71776390075684,32667
COO,1983-12-01,0.0,28.3125,27.0,27.75,25.20681381225586,46000
COO,1983-12-02,0.0,27.5625,27.375,27.375,24.866193771362305,14533
COO,1983-12-05,0.0,27.75,27.1875,27.75,25.20681381225586,21400
COO,1983-12-06,0.0,27.75,27.0,27.375,24.866193771362305,3067
COO,1983-12-07,0.0,27.1875,26.0625,26.0625,23.673973083496094,21600
COO,1983-12-08,0.0,25.6875,24.375,25.125,22.822383880615234,7467
COO,1983-12-09,0.0,25.3125,24.9375,25.125,22.822383880615234,6000
COO,1983-12-12,0.0,25.125,22.875,23.8125,21.630170822143555,14867
COO,1983-12-13,0.0,23.8125,22.5,22.6875,20.608272552490234,21600
COO,1983-12-14,0.0,22.6875,21.75,22.5,20.437952041625977,97067
COO,1983-12-15,0.0,23.8125,21.75,23.8125,21.630170822143555,51733
COO,1983-12-16,0.0,23.8125,23.4375,23.8125,21.630170822143555,29400
COO,1983-12-19,0.0,23.8125,22.6875,23.0625,20.94891357421875,9067
COO,1983-12-20,0.0,22.875,22.3125,22.875,20.77859878540039,22933
COO,1983-12-21,0.0,22.875,21.75,22.6875,20.608272552490234,37733
COO,1983-12-22,0.0,22.6875,21.75,22.125,20.09732246398925,60533
COO,1983-12-23,0.0,22.3125,21.75,22.3125,20.26763916015625,17467
COO,1983-12-27,0.0,22.6875,21.75,22.5,20.437952041625977,96267
COO,1983-12-28,0.0,23.25,22.5,23.25,21.119213104248047,33867
COO,1983-12-29,0.0,23.25,21.5625,23.25,21.119213104248047,60800
COO,1983-12-30,22.875,22.875,22.125,22.875,20.77859878540039,51800
COO,1984-01-03,22.875,23.0625,22.5,22.5,20.437952041625977,13000
COO,1984-01-04,22.875,22.875,22.875,22.875,20.77859878540039,19800
COO,1984-01-05,22.3125,22.6875,21.75,21.75,19.75668907165528,83800
COO,1984-01-06,21.75,21.9375,21.1875,21.5625,19.586376190185547,124267
COO,1984-01-09,21.5625,22.3125,21.5625,22.125,20.09732246398925,34667
COO,1984-01-10,22.125,22.3125,21.9375,21.9375,19.9270076751709,24067
COO,1984-01-11,21.9375,22.3125,21.75,21.75,19.75668907165528,44333
COO,1984-01-12,22.5,23.0625,21.9375,23.0625,20.94891357421875,82467
COO,1984-01-13,23.0625,23.25,22.5,23.25,21.119213104248047,21200
COO,1984-01-16,23.25,24.0,22.875,23.25,21.119213104248047,62933
COO,1984-01-17,23.25,26.0625,23.25,26.0625,23.673973083496094,91600
COO,1984-01-18,26.0625,26.4375,25.6875,26.25,23.84427833557129,98267
COO,1984-01-19,25.3125,26.0625,24.75,25.6875,23.33332633972168,59333
COO,1984-01-20,25.6875,26.4375,25.5,26.25,23.84427833557129,53667
COO,1984-01-23,26.25,26.25,25.5,25.6875,23.33332633972168,44467
COO,1984-01-24,25.6875,26.625,25.3125,26.4375,24.01459693908692,46800
COO,1984-01-25,26.4375,27.375,26.25,26.8125,24.355234146118164,73400
COO,1984-01-26,26.8125,26.8125,25.875,26.4375,24.01459693908692,73600
COO,1984-01-27,26.4375,26.4375,25.5,25.5,23.16301918029785,16733
COO,1984-01-30,25.5,25.5,23.625,23.8125,21.630170822143555,31933
COO,1984-01-31,23.8125,24.1875,22.875,23.8125,21.630170822143555,120800
COO,1984-02-01,23.8125,24.0,23.4375,24.0,21.800487518310547,17200
COO,1984-02-02,24.0,24.0,23.25,24.0,21.800487518310547,50267
COO,1984-02-03,24.0,24.0,23.4375,23.4375,21.289535522460938,42867
COO,1984-02-06,23.4375,23.625,23.0625,23.0625,20.94891357421875,39867
COO,1984-02-07,23.0625,23.4375,22.875,23.4375,21.289535522460938,27533
COO,1984-02-08,23.4375,23.625,23.25,23.4375,21.289535522460938,16067
COO,1984-02-09,23.4375,23.4375,21.375,22.125,20.09732246398925,31667
COO,1984-02-10,22.125,22.125,21.75,21.9375,19.9270076751709,47667
COO,1984-02-13,21.5625,21.75,21.1875,21.5625,19.586376190185547,24933
COO,1984-02-14,21.5625,22.3125,21.375,22.3125,20.26763916015625,24733
COO,1984-02-15,22.3125,22.875,22.125,22.5,20.437952041625977,6933
COO,1984-02-16,22.5,23.0625,21.9375,21.9375,19.9270076751709,15867
COO,1984-02-17,21.9375,22.125,21.5625,21.9375,19.9270076751709,16533
COO,1984-02-21,21.9375,21.9375,21.0,21.0,19.07542991638184,47933
COO,1984-02-22,21.75,22.125,21.1875,21.9375,19.9270076751709,9067
COO,1984-02-23,21.9375,22.125,20.8125,21.9375,19.9270076751709,23533
COO,1984-02-24,22.3125,22.5,22.125,22.5,20.437952041625977,7400
COO,1984-02-27,22.5,23.0625,22.125,22.5,20.437952041625977,21800
COO,1984-02-28,22.5,22.5,21.5625,21.5625,19.586376190185547,8933
COO,1984-02-29,21.5625,21.5625,21.375,21.375,19.41604995727539,5067
COO,1984-03-01,21.375,21.75,21.0,21.75,19.75668907165528,20533
COO,1984-03-02,22.3125,22.5,21.9375,22.5,20.437952041625977,38200
COO,1984-03-05,22.5,22.5,21.75,21.75,19.75668907165528,7867
COO,1984-03-06,22.3125,22.6875,21.9375,22.3125,20.26763916015625,32133
COO,1984-03-07,22.3125,22.5,21.75,21.75,19.75668907165528,17600
COO,1984-03-08,21.75,21.75,21.1875,21.375,19.41604995727539,7200
COO,1984-03-09,21.375,21.375,20.4375,20.8125,18.905105590820312,62133
COO,1984-03-12,20.8125,20.8125,20.4375,20.625,18.829790115356445,15200
COO,1984-03-13,20.625,21.375,20.625,21.375,19.51450157165528,23933
COO,1984-03-14,21.375,21.375,21.0,21.0,19.17215347290039,24333
COO,1984-03-15,21.0,21.0,20.625,20.8125,19.00096893310547,42200
COO,1984-03-16,21.375,21.75,21.0,21.0,19.17215347290039,29600
COO,1984-03-19,21.0,21.1875,20.625,20.625,18.829790115356445,13400
COO,1984-03-20,20.625,20.8125,20.25,20.4375,18.658615112304688,53133
COO,1984-03-21,20.0625,20.25,19.875,20.0625,18.31624412536621,35267
COO,1984-03-22,20.0625,20.0625,17.8125,19.125,17.460351943969727,64467
COO,1984-03-23,19.125,19.3125,18.5625,18.9375,17.289173126220703,22533
COO,1984-03-26,18.9375,20.0625,18.9375,19.875,18.14507102966309,33733
COO,1984-03-27,18.9375,19.875,18.9375,19.5,17.802703857421875,119000
COO,1984-03-28,19.21875,19.5,18.9375,19.5,17.802703857421875,55600
COO,1984-03-29,19.5,19.5,19.125,19.125,17.460351943969727,23200
COO,1984-03-30,19.125,19.6875,18.9375,19.5,17.802703857421875,67533
COO,1984-04-02,19.3125,19.6875,19.125,19.5,17.802703857421875,21200
COO,1984-04-03,19.5,19.6875,18.5625,18.75,17.117990493774414,20200
COO,1984-04-04,18.75,20.25,18.1875,20.0625,18.31624412536621,144200
COO,1984-04-05,21.1875,22.3125,20.625,20.8125,19.00096893310547,151000
COO,1984-04-06,20.8125,21.0,20.25,20.8125,19.00096893310547,25200
COO,1984-04-09,20.8125,20.8125,20.4375,20.4375,18.658615112304688,20600
COO,1984-04-10,20.625,24.375,20.625,23.8125,21.73984146118164,184133
COO,1984-04-11,24.9375,25.5,24.375,24.9375,22.766929626464844,183667
COO,1984-04-12,24.9375,25.3125,23.625,24.375,22.25338363647461,124067
COO,1984-04-13,24.375,24.375,23.0625,23.625,21.568666458129883,39733
COO,1984-04-16,23.625,24.5625,23.25,23.625,21.568666458129883,59267
COO,1984-04-17,23.625,24.375,23.625,24.0,21.911029815673828,51933
COO,1984-04-18,25.125,25.5,24.1875,25.3125,23.10929107666016,104533
COO,1984-04-19,25.3125,27.75,25.3125,26.0625,23.794008255004883,144800
COO,1984-04-23,33.0,33.9375,32.25,33.5625,30.64120864868164,1584933
COO,1984-04-24,33.1875,33.375,32.8125,33.375,30.47002601623535,651733
COO,1984-04-25,36.375,36.5625,36.0,36.375,33.20890426635742,2936000
COO,1984-04-26,36.375,36.5625,36.1875,36.1875,33.03771209716797,479933
COO,1984-04-27,36.1875,36.375,36.1875,36.375,33.20890426635742,230333
COO,1984-04-30,36.375,36.5625,36.1875,36.5625,33.380088806152344,165733
COO,1984-05-01,36.5625,36.5625,36.375,36.5625,33.380088806152344,79000
COO,1984-05-02,36.5625,36.5625,36.375,36.375,33.20890426635742,323000
COO,1984-05-03,36.375,36.5625,36.375,36.5625,33.380088806152344,70467
COO,1984-05-04,36.5625,36.5625,36.375,36.375,33.20890426635742,166733
COO,1984-05-07,36.375,36.5625,36.375,36.375,33.20890426635742,104733
COO,1984-05-08,36.375,36.5625,36.375,36.375,33.20890426635742,66667
COO,1984-05-09,36.375,37.3125,36.375,36.375,33.20890426635742,30267
COO,1984-05-10,36.5625,36.5625,36.375,36.5625,33.380088806152344,15933
COO,1984-05-11,36.375,36.375,36.1875,36.375,33.20890426635742,222467
COO,1984-05-14,36.375,36.375,36.1875,36.375,33.20890426635742,130467
COO,1984-05-15,36.375,36.375,35.625,36.0,32.86656188964844,456933
COO,1984-05-16,36.0,36.375,36.0,36.1875,33.03771209716797,31600
COO,1984-05-17,36.1875,36.1875,36.0,36.0,32.86656188964844,130067
COO,1984-05-18,36.0,36.375,36.0,36.1875,33.03771209716797,107933
COO,1984-05-21,36.1875,36.375,36.1875,36.1875,33.03771209716797,12667
COO,1984-05-22,36.1875,36.1875,36.0,36.0,32.86656188964844,26933
COO,1984-05-23,36.0,36.1875,35.4375,35.4375,32.35300064086914,71800
COO,1984-05-24,35.625,35.8125,35.625,35.8125,32.695369720458984,89400
COO,1984-05-25,35.8125,36.0,35.8125,36.0,32.86656188964844,16267
COO,1984-05-29,36.0,36.1875,36.0,36.0,32.86656188964844,10733
COO,1984-05-30,36.0,36.1875,36.0,36.0,32.86656188964844,16400
COO,1984-05-31,36.0,36.1875,35.625,36.0,32.86656188964844,48067
COO,1984-06-01,35.8125,35.8125,35.25,35.625,32.524169921875,170600
COO,1984-06-04,35.625,35.8125,35.625,35.8125,32.695369720458984,8800
COO,1984-06-05,35.8125,35.8125,35.625,35.8125,32.695369720458984,38400
COO,1984-06-06,35.625,36.0,35.4375,35.8125,32.695369720458984,64333
COO,1984-06-07,35.8125,35.8125,35.8125,35.8125,32.695369720458984,24467
COO,1984-06-08,35.8125,35.8125,35.625,35.8125,32.695369720458984,12200
COO,1984-06-11,35.625,35.8125,35.625,35.625,32.524169921875,73467
COO,1984-06-12,35.625,35.8125,35.625,35.8125,32.695369720458984,42200
COO,1984-06-13,35.625,35.625,35.0625,35.4375,32.35300064086914,219800
COO,1984-06-14,35.4375,36.0,35.4375,36.0,32.86656188964844,53000
COO,1984-06-15,36.0,36.1875,35.625,35.625,32.524169921875,59467
COO,1984-06-18,35.8125,36.0,35.625,35.625,32.524169921875,46000
COO,1984-06-19,35.625,35.8125,35.4375,35.4375,32.35300064086914,5333
COO,1984-06-20,35.4375,35.8125,35.4375,35.8125,32.695369720458984,39733
COO,1984-06-21,35.8125,35.8125,35.625,35.8125,32.695369720458984,57667
COO,1984-06-22,35.8125,36.375,35.4375,35.625,32.524169921875,218733
COO,1984-06-25,36.0,36.0,35.8125,35.8125,32.695369720458984,53933
COO,1984-06-26,35.8125,36.1875,35.8125,36.1875,33.03771209716797,89000
COO,1984-06-27,36.0,36.0,34.125,34.5,31.497114181518555,198333
COO,1984-06-28,34.5,34.6875,33.75,33.75,30.812376022338867,349000
COO,1984-06-29,33.9375,34.875,33.9375,34.5,31.497114181518555,126867
COO,1984-07-02,34.875,35.4375,34.6875,35.25,32.181827545166016,187133
COO,1984-07-03,35.25,35.4375,34.5,35.0625,32.01065444946289,165533
COO,1984-07-05,35.0625,35.0625,34.875,35.0625,32.01065444946289,91667
COO,1984-07-06,34.6875,34.6875,34.3125,34.6875,31.66827964782715,71467
COO,1984-07-09,34.3125,34.5,33.9375,34.125,31.15474319458008,71267
COO,1984-07-10,34.125,34.5,34.125,34.125,31.15474319458008,89933
COO,1984-07-11,34.125,34.125,33.5625,34.125,31.15474319458008,73133
COO,1984-07-12,34.3125,34.3125,33.9375,34.125,31.15474319458008,37200
COO,1984-07-13,34.125,34.125,33.375,34.125,31.15474319458008,60467
COO,1984-07-16,33.75,34.125,33.75,34.125,31.15474319458008,206200
COO,1984-07-17,33.75,33.75,33.5625,33.5625,30.64120864868164,99200
COO,1984-07-18,33.375,33.5625,33.0,33.5625,30.64120864868164,150600
COO,1984-07-19,33.5625,33.5625,33.0,33.0,30.127668380737305,158933
COO,1984-07-20,33.0,33.1875,32.8125,33.0,30.127668380737305,84600
COO,1984-07-23,33.0,33.0,30.5625,31.125,28.41587257385254,186333
COO,1984-07-24,30.375,30.75,29.25,29.625,27.04642677307129,181067
COO,1984-07-25,29.625,32.625,29.625,31.5,28.758224487304688,469200
COO,1984-07-26,31.875,31.875,28.5,29.0625,26.53289604187012,427333
COO,1984-07-27,29.0625,29.0625,26.625,27.0,24.649911880493164,399800
COO,1984-07-30,24.0,25.875,23.8125,25.3125,23.10929107666016,1105333
COO,1984-07-31,25.3125,26.625,25.3125,26.625,24.30754852294922,380267
COO,1984-08-01,26.4375,28.125,26.0625,27.1875,24.821090698242188,393533
COO,1984-08-02,27.1875,27.1875,26.4375,26.8125,24.478729248046875,115933
COO,1984-08-03,26.8125,27.375,26.625,27.1875,24.821090698242188,169067
COO,1984-08-06,27.0,27.1875,25.875,25.875,23.62283134460449,119800
COO,1984-08-07,25.6875,27.0,25.3125,26.625,24.30754852294922,242000
COO,1984-08-08,27.5625,29.8125,27.5625,29.0625,26.53289604187012,431333
COO,1984-08-09,29.625,31.5,29.4375,30.75,28.073495864868164,424467
COO,1984-08-10,30.75,30.75,29.25,29.8125,27.21760368347168,121800
COO,1984-08-13,29.625,30.1875,29.625,29.8125,27.21760368347168,89467
COO,1984-08-14,29.8125,30.1875,29.4375,29.4375,26.875242233276367,40533
COO,1984-08-15,29.25,29.4375,27.9375,29.0625,26.53289604187012,70467
COO,1984-08-16,28.6875,28.875,27.9375,27.9375,25.50580406188965,81400
COO,1984-08-17,28.125,28.6875,28.125,28.3125,25.848175048828125,123933
COO,1984-08-20,28.3125,28.3125,27.375,28.3125,25.848175048828125,117667
COO,1984-08-21,28.6875,30.1875,28.3125,29.625,27.04642677307129,183400
COO,1984-08-22,30.1875,30.1875,29.4375,29.8125,27.21760368347168,85400
COO,1984-08-23,30.0,30.0,29.25,29.625,27.04642677307129,40067
COO,1984-08-24,29.8125,30.0,29.8125,30.0,27.388790130615234,47267
COO,1984-08-27,29.8125,29.8125,29.4375,29.625,27.04642677307129,14800
COO,1984-08-28,29.8125,30.1875,29.4375,30.1875,27.559965133666992,54800
COO,1984-08-29,30.375,30.9375,30.1875,30.375,27.731143951416016,72667
COO,1984-08-30,30.375,30.5625,30.0,30.375,27.731143951416016,43600
COO,1984-08-31,30.375,30.5625,30.1875,30.1875,27.559965133666992,55533
COO,1984-09-04,30.5625,31.875,30.1875,31.5,28.758224487304688,58200
COO,1984-09-05,31.125,31.3125,29.4375,29.625,27.04642677307129,70133
COO,1984-09-06,29.8125,29.8125,28.6875,29.625,27.04642677307129,99733
COO,1984-09-07,29.4375,30.5625,29.4375,30.5625,27.90232276916504,37333
COO,1984-09-10,30.1875,30.375,29.8125,30.0,27.388790130615234,10400
COO,1984-09-11,30.1875,30.375,29.4375,30.0,27.388790130615234,60533
COO,1984-09-12,30.0,30.0,29.625,29.8125,27.21760368347168,46333
COO,1984-09-13,29.8125,30.0,29.25,29.25,26.70407485961914,47600
COO,1984-09-14,29.25,29.4375,29.0625,29.0625,26.53289604187012,68533
COO,1984-09-17,29.4375,29.8125,29.4375,29.625,27.04642677307129,63133
COO,1984-09-18,29.4375,29.8125,29.4375,29.625,27.04642677307129,22133
COO,1984-09-19,29.4375,29.625,29.25,29.25,26.70407485961914,46600
COO,1984-09-20,29.25,30.0,29.25,30.0,27.388790130615234,100667
COO,1984-09-21,29.8125,30.0,29.4375,29.625,27.04642677307129,103800
COO,1984-09-24,29.4375,29.625,29.25,29.25,26.70407485961914,26867
COO,1984-09-25,29.4375,29.4375,28.5,28.875,26.36170768737793,54333
COO,1984-09-26,28.875,29.25,28.6875,29.25,26.70407485961914,39267
COO,1984-09-27,29.25,29.4375,29.0625,29.25,26.70407485961914,37867
COO,1984-09-28,29.0625,29.0625,28.6875,29.0625,26.53289604187012,15067
COO,1984-10-01,28.6875,28.6875,27.375,27.5625,25.163440704345703,78600
COO,1984-10-02,27.75,28.125,27.375,27.9375,25.50580406188965,51600
COO,1984-10-03,28.125,29.25,27.5625,28.875,26.36170768737793,62000
COO,1984-10-04,28.6875,28.875,28.5,28.875,26.36170768737793,109133
COO,1984-10-05,30.0,31.3125,29.625,29.625,27.04642677307129,214133
COO,1984-10-08,29.8125,30.1875,29.25,30.0,27.388790130615234,35800
COO,1984-10-09,30.0,30.0,29.25,29.25,26.70407485961914,19000
COO,1984-10-10,29.0625,29.25,28.5,28.875,26.36170768737793,38000
COO,1984-10-11,28.875,29.0625,28.5,29.0625,26.53289604187012,91533
COO,1984-10-12,28.875,29.25,28.875,29.25,26.70407485961914,13667
COO,1984-10-15,29.25,29.25,28.875,29.0625,26.53289604187012,11667
COO,1984-10-16,28.875,29.25,28.875,28.875,26.36170768737793,16400
COO,1984-10-17,28.6875,28.6875,28.125,28.6875,26.190528869628903,15800
COO,1984-10-18,28.5,28.6875,28.125,28.3125,25.848175048828125,21533
COO,1984-10-19,28.5,28.5,26.625,27.0,24.649911880493164,137267
COO,1984-10-22,27.0,28.125,27.0,27.75,25.334630966186523,83333
COO,1984-10-23,27.9375,28.125,27.5625,27.75,25.334630966186523,25867
COO,1984-10-24,27.75,27.75,26.625,27.1875,24.821090698242188,61667
COO,1984-10-25,27.375,27.375,27.0,27.0,24.649911880493164,17533
COO,1984-10-26,26.8125,27.1875,26.8125,27.0,24.649911880493164,22733
COO,1984-10-29,27.0,27.0,26.0625,26.0625,23.794008255004883,42867
COO,1984-10-30,26.0625,26.0625,24.9375,25.6875,23.451642990112305,82200
COO,1984-10-31,25.6875,25.875,25.125,25.6875,23.451642990112305,42933
COO,1984-11-01,25.875,25.875,25.6875,25.875,23.62283134460449,7867
COO,1984-11-02,25.875,25.875,25.125,25.3125,23.10929107666016,46333
COO,1984-11-05,25.3125,25.3125,24.75,24.9375,22.766929626464844,35600
COO,1984-11-06,25.125,25.125,24.5625,24.9375,22.766929626464844,27600
COO,1984-11-07,24.75,27.5625,24.75,27.0,24.649911880493164,92533
COO,1984-11-08,27.0,27.1875,26.4375,27.0,24.649911880493164,67067
COO,1984-11-09,27.0,27.0,26.25,26.625,24.30754852294922,99733
COO,1984-11-12,26.8125,26.8125,26.0625,26.25,23.96519088745117,35733
COO,1984-11-13,26.4375,26.4375,25.3125,26.25,23.96519088745117,47533
COO,1984-11-14,26.25,26.25,25.125,25.5,23.28046989440918,101133
COO,1984-11-15,25.5,25.5,24.75,25.125,22.938112258911133,76200
COO,1984-11-16,25.3125,25.3125,24.75,24.75,22.59575080871582,63400
COO,1984-11-19,24.75,25.5,24.375,25.5,23.28046989440918,75467
COO,1984-11-20,25.5,25.6875,24.9375,25.125,22.938112258911133,36267
COO,1984-11-21,24.75,25.3125,24.75,25.3125,23.10929107666016,31600
COO,1984-11-23,25.5,25.5,25.3125,25.5,23.28046989440918,248200
COO,1984-11-26,25.5,25.5,24.9375,24.9375,22.766929626464844,16400
COO,1984-11-27,25.125,25.3125,24.75,24.9375,22.766929626464844,81067
COO,1984-11-28,24.9375,25.125,24.75,24.9375,22.766929626464844,25333
COO,1984-11-29,25.125,25.125,24.1875,24.375,22.25338363647461,63600
COO,1984-11-30,24.1875,24.375,23.8125,24.375,22.25338363647461,54000
COO,1984-12-03,24.1875,24.1875,23.625,23.625,21.568666458129883,17600
COO,1984-12-04,24.0,24.1875,23.625,23.625,21.568666458129883,65600
COO,1984-12-05,24.0,24.0,23.625,24.0,21.911029815673828,49600
COO,1984-12-06,23.8125,23.8125,23.625,23.625,21.568666458129883,38667
COO,1984-12-07,23.625,23.625,23.4375,23.625,21.568666458129883,34000
COO,1984-12-10,23.625,23.625,23.25,23.4375,21.39749526977539,20333
COO,1984-12-11,23.4375,23.625,22.6875,23.0625,21.05513381958008,52733
COO,1984-12-12,22.6875,23.4375,22.5,23.4375,21.39749526977539,33533
COO,1984-12-13,23.625,24.0,23.4375,23.8125,21.73984146118164,68733
COO,1984-12-14,23.8125,24.5625,23.4375,24.1875,22.08220863342285,195800
COO,1984-12-17,24.1875,24.375,24.0,24.375,22.25338363647461,39867
COO,1984-12-18,24.375,24.9375,23.8125,24.9375,22.766929626464844,85267
COO,1984-12-19,25.3125,25.3125,24.75,25.3125,23.10929107666016,129933
COO,1984-12-20,25.125,25.125,24.5625,24.9375,22.902650833129883,48067
COO,1984-12-21,24.9375,25.125,24.75,24.9375,22.902650833129883,43467
COO,1984-12-24,24.9375,24.9375,24.5625,24.75,22.730451583862305,21067
COO,1984-12-26,24.5625,24.75,24.375,24.5625,22.558246612548828,9533
COO,1984-12-27,24.5625,24.75,24.0,24.5625,22.558246612548828,30467
COO,1984-12-28,24.5625,24.9375,24.375,24.75,22.730451583862305,77200
COO,1984-12-31,24.9375,24.9375,24.375,24.75,22.730451583862305,33867
COO,1985-01-02,24.5625,24.75,24.1875,24.75,22.730451583862305,33867
COO,1985-01-03,24.75,24.9375,24.5625,24.75,22.730451583862305,21133
COO,1985-01-04,24.9375,24.9375,24.5625,24.5625,22.558246612548828,23533
COO,1985-01-07,24.5625,24.9375,24.5625,24.9375,22.902650833129883,109533
COO,1985-01-08,24.75,25.125,24.75,25.125,23.074851989746094,70600
COO,1985-01-09,24.9375,25.125,24.9375,25.125,23.074851989746094,41067
COO,1985-01-10,25.125,27.75,25.125,27.1875,24.969057083129883,257600
COO,1985-01-11,27.375,27.5625,26.8125,27.5625,25.313446044921875,158867
COO,1985-01-14,27.75,27.75,27.1875,27.75,25.48565673828125,66933
COO,1985-01-15,27.9375,29.0625,27.9375,28.875,26.518857955932617,197333
COO,1985-01-16,29.0625,29.8125,29.0625,29.8125,27.37985610961914,202467
COO,1985-01-17,29.8125,30.375,29.4375,30.1875,27.72425842285156,146333
COO,1985-01-18,30.0,30.1875,29.4375,29.8125,27.37985610961914,64600
COO,1985-01-21,30.0,30.1875,28.6875,28.875,26.518857955932617,98867
COO,1985-01-22,30.0,30.0,29.4375,30.0,27.55206298828125,142200
COO,1985-01-23,30.0,30.0,29.4375,29.4375,27.03545188903809,89800
COO,1985-01-24,29.625,29.625,29.0625,29.25,26.863264083862305,153133
COO,1985-01-25,29.25,29.4375,28.875,29.0625,26.69106674194336,32267
COO,1985-01-28,29.25,29.25,28.875,29.0625,26.69106674194336,53867
COO,1985-01-29,29.25,29.25,28.875,29.25,26.863264083862305,46600
COO,1985-01-30,29.25,29.8125,28.875,28.875,26.518857955932617,193933
COO,1985-01-31,28.875,28.875,28.125,28.6875,26.346656799316406,160333
COO,1985-02-01,28.6875,28.6875,28.125,28.5,26.17445182800293,87867
COO,1985-02-04,28.3125,28.5,28.125,28.3125,26.00226402282715,32067
COO,1985-02-05,28.5,29.4375,28.5,29.25,26.863264083862305,121467
COO,1985-02-06,29.625,32.25,29.625,32.25,29.618471145629883,336867
COO,1985-02-07,33.0,34.6875,32.8125,33.9375,31.16827392578125,526733
COO,1985-02-08,33.5625,33.5625,31.875,32.4375,29.79066467285156,218000
COO,1985-02-11,32.8125,33.0,32.25,33.0,30.30726623535156,43800
COO,1985-02-12,33.1875,34.5,33.1875,34.5,31.684877395629883,204933
COO,1985-02-13,34.5,34.875,33.375,34.125,31.340465545654297,182467
COO,1985-02-14,34.125,34.5,33.75,33.75,30.996055603027344,179400
COO,1985-02-15,34.125,34.3125,30.0,31.125,28.58526611328125,272200
COO,1985-02-19,31.5,32.25,31.3125,32.25,29.618471145629883,124067
COO,1985-02-20,32.625,33.375,32.4375,32.8125,30.13506507873535,77867
COO,1985-02-21,33.0,33.0,32.0625,32.0625,29.44626808166504,64800
COO,1985-02-22,32.0625,32.25,31.3125,31.3125,28.75746154785156,63733
COO,1985-02-25,30.9375,32.25,30.9375,31.3125,28.75746154785156,102133
COO,1985-02-26,31.5,33.0,31.3125,32.625,29.962865829467773,106867
COO,1985-02-27,32.8125,34.3125,32.625,33.75,30.996055603027344,197333
COO,1985-02-28,33.75,33.75,33.0,33.5625,30.823869705200195,96667
COO,1985-03-01,33.5625,34.5,33.5625,33.9375,31.16827392578125,101333
COO,1985-03-04,33.9375,34.125,33.375,33.75,30.996055603027344,98200
COO,1985-03-05,33.75,33.9375,33.5625,33.9375,31.16827392578125,33067
COO,1985-03-06,33.9375,34.6875,33.75,34.5,31.684877395629883,178267
COO,1985-03-07,34.5,35.0625,33.9375,34.125,31.340465545654297,131400
COO,1985-03-08,33.9375,34.3125,33.0,33.375,30.65166664123535,64733
COO,1985-03-11,33.75,33.75,33.0,33.75,30.996055603027344,43800
COO,1985-03-12,33.5625,33.75,33.0,33.5625,30.823869705200195,34667
COO,1985-03-13,33.75,33.75,32.625,32.625,29.962865829467773,28133
COO,1985-03-14,32.25,32.625,32.0625,32.25,29.618471145629883,53800
COO,1985-03-15,32.4375,33.0,32.4375,32.625,29.962865829467773,14600
COO,1985-03-18,32.25,32.625,32.25,32.25,29.618471145629883,38467
COO,1985-03-19,32.625,33.75,32.625,33.375,30.65166664123535,62400
COO,1985-03-20,33.5625,33.5625,33.1875,33.5625,30.823869705200195,53600
COO,1985-03-21,33.1875,33.9375,33.1875,33.5625,30.823869705200195,58067
COO,1985-03-22,33.75,33.75,33.1875,33.1875,30.47945785522461,85333
COO,1985-03-25,33.0,33.375,32.8125,33.1875,30.47945785522461,26600
COO,1985-03-26,33.0,33.5625,33.0,33.375,30.65166664123535,36400
COO,1985-03-27,33.1875,33.5625,33.1875,33.5625,30.823869705200195,38000
COO,1985-03-28,33.75,33.75,33.0,33.5625,30.823869705200195,73600
COO,1985-03-29,33.5625,33.75,33.0,33.1875,30.47945785522461,29733
COO,1985-04-01,33.0,33.1875,32.8125,33.1875,30.47945785522461,25067
COO,1985-04-02,33.0,33.5625,33.0,33.0,30.30726623535156,16533
COO,1985-04-03,33.0,33.1875,31.875,32.0625,29.44626808166504,101067
COO,1985-04-04,32.0625,32.25,31.875,32.25,29.618471145629883,11333
COO,1985-04-08,32.0625,33.5625,31.6875,31.6875,29.10186195373535,29400
COO,1985-04-09,31.6875,31.6875,30.9375,31.125,28.58526611328125,38000
COO,1985-04-10,31.125,31.6875,31.125,31.6875,29.10186195373535,31000
COO,1985-04-11,31.875,33.1875,31.875,33.0,30.30726623535156,38667
COO,1985-04-12,33.375,34.125,33.375,34.125,31.340465545654297,59333
COO,1985-04-15,34.125,34.875,34.125,34.875,32.02928161621094,104933
COO,1985-04-16,34.6875,34.875,34.3125,34.6875,31.85706329345703,98733
COO,1985-04-17,34.5,35.4375,34.5,34.875,32.02928161621094,98200
COO,1985-04-18,35.0625,35.25,34.875,35.0625,32.20147705078125,68800
COO,1985-04-19,34.6875,34.6875,33.9375,34.5,31.684877395629883,82067
COO,1985-04-22,34.3125,34.5,33.9375,33.9375,31.16827392578125,57067
COO,1985-04-23,33.75,33.75,33.375,33.5625,30.823869705200195,39733
COO,1985-04-24,33.5625,33.75,33.375,33.375,30.65166664123535,23333
COO,1985-04-25,33.375,33.75,33.375,33.75,30.996055603027344,58067
COO,1985-04-26,33.75,35.25,33.5625,35.0625,32.20147705078125,132267
COO,1985-04-29,35.25,35.25,34.5,34.5,31.684877395629883,39333
COO,1985-04-30,34.5,34.6875,33.9375,34.5,31.684877395629883,54000
COO,1985-05-01,34.5,34.5,33.9375,34.125,31.340465545654297,34067
COO,1985-05-02,33.9375,34.6875,33.9375,34.3125,31.51266098022461,95267
COO,1985-05-03,34.3125,34.5,33.9375,34.5,31.684877395629883,53533
COO,1985-05-06,34.5,34.6875,34.3125,34.5,31.684877395629883,26067
COO,1985-05-07,34.5,36.75,34.5,36.75,33.75126647949219,238333
COO,1985-05-08,36.75,37.6875,36.0,37.125,34.09567642211914,243667
COO,1985-05-09,37.125,37.125,36.1875,36.9375,33.923484802246094,64800
COO,1985-05-10,37.125,37.5,36.9375,37.5,34.44007110595703,98867
COO,1985-05-13,37.3125,37.6875,36.5625,37.6875,34.61227798461914,144667
COO,1985-05-14,37.875,38.0625,37.125,37.3125,34.26787185668945,66533
COO,1985-05-15,37.3125,37.5,36.9375,37.3125,34.26787185668945,38667
COO,1985-05-16,37.5,38.0625,37.3125,38.0625,34.956661224365234,87333
COO,1985-05-17,37.875,38.4375,37.6875,38.4375,35.301082611083984,156933
COO,1985-05-20,38.8125,39.9375,38.625,39.75,36.506473541259766,263600
COO,1985-05-21,39.75,40.3125,39.1875,39.375,36.162086486816406,117600
COO,1985-05-22,38.8125,39.0,38.4375,38.4375,35.301082611083984,195000
COO,1985-05-23,38.25,38.625,37.5,38.625,35.47328186035156,92400
COO,1985-05-24,38.4375,38.625,38.25,38.4375,35.301082611083984,10933
COO,1985-05-28,38.8125,39.0,38.25,38.25,35.128875732421875,77067
COO,1985-05-29,38.25,38.4375,37.875,38.4375,35.301082611083984,17800
COO,1985-05-30,38.625,39.0,38.4375,38.8125,35.645469665527344,58600
COO,1985-05-31,39.0,39.5625,38.8125,39.375,36.162086486816406,47133
COO,1985-06-03,39.5625,40.3125,39.5625,39.9375,36.67868041992188,84933
COO,1985-06-04,39.75,40.3125,39.5625,40.3125,37.0230827331543,43600
COO,1985-06-05,40.3125,40.5,39.5625,39.5625,36.334285736083984,23067
COO,1985-06-06,39.375,40.125,39.1875,39.9375,36.67868041992188,76733
COO,1985-06-07,39.9375,39.9375,39.5625,39.5625,36.334285736083984,17867
COO,1985-06-10,38.625,39.375,38.4375,38.625,35.6082878112793,31667
COO,1985-06-11,38.4375,38.4375,38.0625,38.0625,35.0897102355957,21067
COO,1985-06-12,38.0625,38.0625,36.75,36.75,33.879722595214844,90200
COO,1985-06-13,36.0,36.5625,35.0625,35.8125,33.01545333862305,129733
COO,1985-06-14,36.0,36.9375,36.0,36.375,33.53400421142578,48600
COO,1985-06-17,36.5625,36.5625,36.375,36.5625,33.70688247680664,118067
COO,1985-06-18,36.375,37.3125,36.375,37.125,34.22544479370117,65067
COO,1985-06-19,37.125,37.125,36.375,36.5625,33.70688247680664,17067
COO,1985-06-20,36.1875,36.375,35.0625,35.4375,32.66972351074219,123867
COO,1985-06-21,35.25,35.8125,35.0625,35.625,32.84259796142578,43200
COO,1985-06-24,35.625,36.75,35.625,36.5625,33.70688247680664,65067
COO,1985-06-25,36.75,37.6875,36.5625,37.5,34.57115173339844,85200
COO,1985-06-26,37.5,37.875,37.3125,37.5,34.57115173339844,33733
COO,1985-06-27,37.5,37.6875,36.9375,37.6875,34.74401092529297,46333
COO,1985-06-28,37.5,38.0625,37.3125,37.6875,34.74401092529297,63133
COO,1985-07-01,37.6875,37.6875,37.125,37.5,34.57115173339844,21667
COO,1985-07-02,37.875,38.0625,37.6875,37.6875,34.74401092529297,119800
COO,1985-07-03,37.875,38.0625,37.5,37.5,34.57115173339844,45333
COO,1985-07-05,37.6875,38.0625,37.5,37.6875,34.74401092529297,69533
COO,1985-07-08,37.875,38.0625,37.125,37.3125,34.39828109741211,22600
COO,1985-07-09,36.9375,37.125,35.625,36.0,33.188316345214844,499667
COO,1985-07-10,35.8125,37.5,35.625,37.125,34.22544479370117,263133
COO,1985-07-11,37.125,37.3125,36.9375,37.3125,34.39828109741211,30200
COO,1985-07-12,36.9375,37.3125,36.9375,37.3125,34.39828109741211,43733
COO,1985-07-15,37.125,37.5,37.125,37.5,34.57115173339844,60467
COO,1985-07-16,37.5,38.25,37.5,38.25,35.262569427490234,46400
COO,1985-07-17,37.875,39.0,37.875,38.625,35.6082878112793,78600
COO,1985-07-18,38.25,39.0,38.0625,38.625,35.6082878112793,57400
COO,1985-07-19,38.4375,39.75,38.25,39.75,36.64542007446289,87267
COO,1985-07-22,39.5625,39.75,39.375,39.75,36.64542007446289,37400
COO,1985-07-23,39.5625,39.5625,38.8125,39.0,35.9539794921875,40533
COO,1985-07-24,38.625,38.8125,38.625,38.8125,35.78113555908203,23067
COO,1985-07-25,39.0,39.0,38.0625,38.25,35.262569427490234,47800
COO,1985-07-26,38.25,38.25,37.125,37.125,34.22544479370117,50600
COO,1985-07-29,37.125,37.125,36.1875,36.375,33.53400421142578,35067
COO,1985-07-30,36.0,36.375,35.625,36.0,33.188316345214844,102800
COO,1985-07-31,36.1875,36.9375,36.1875,36.75,33.879722595214844,30467
COO,1985-08-01,36.75,36.9375,36.0,36.1875,33.36114883422852,69667
COO,1985-08-02,35.8125,36.0,35.4375,35.625,32.84259796142578,18267
COO,1985-08-05,35.4375,35.8125,34.6875,35.25,32.496883392333984,58467
COO,1985-08-06,35.25,35.4375,34.875,35.0625,32.32402420043945,30667
COO,1985-08-07,35.25,35.25,34.875,35.0625,32.32402420043945,50267
COO,1985-08-08,35.0625,35.625,35.0625,35.4375,32.66972351074219,32733
COO,1985-08-09,35.8125,35.8125,35.4375,35.4375,32.66972351074219,27000
COO,1985-08-12,35.625,35.625,34.875,34.875,32.15117645263672,21067
COO,1985-08-13,34.6875,34.875,34.125,34.125,31.45974540710449,65400
COO,1985-08-14,34.3125,34.3125,33.9375,34.3125,31.63258934020996,28600
COO,1985-08-15,34.5,34.6875,34.3125,34.3125,31.63258934020996,29267
COO,1985-08-16,34.3125,34.3125,33.375,33.75,31.114023208618164,52867
COO,1985-08-19,33.75,33.75,33.0,33.0,30.422616958618164,30267
COO,1985-08-20,32.8125,33.375,32.8125,33.1875,30.595462799072266,31800
COO,1985-08-21,33.1875,33.375,33.0,33.1875,30.595462799072266,31667
COO,1985-08-22,33.375,33.75,33.375,33.5625,30.941181182861328,24867
COO,1985-08-23,33.1875,33.9375,33.1875,33.75,31.114023208618164,28133
COO,1985-08-26,33.9375,34.3125,33.5625,33.75,31.114023208618164,20467
COO,1985-08-27,33.5625,33.9375,33.375,33.5625,30.941181182861328,69067
COO,1985-08-28,33.5625,33.9375,33.5625,33.75,31.114023208618164,23533
COO,1985-08-29,33.75,34.3125,33.75,34.3125,31.63258934020996,66200
COO,1985-08-30,34.5,35.4375,34.5,35.0625,32.32402420043945,37533
COO,1985-09-03,35.25,35.25,34.5,34.875,32.15117645263672,29933
COO,1985-09-04,34.5,34.875,34.5,34.875,32.15117645263672,19867
COO,1985-09-05,34.875,35.625,34.875,35.4375,32.66972351074219,19267
COO,1985-09-06,35.4375,36.0,35.4375,36.0,33.188316345214844,20533
COO,1985-09-09,36.0,36.5625,36.0,36.1875,33.36114883422852,41733
COO,1985-09-10,36.1875,36.375,35.0625,35.0625,32.32402420043945,27267
COO,1985-09-11,35.0625,35.0625,34.3125,34.875,32.15117645263672,61000
COO,1985-09-12,34.3125,34.5,33.9375,33.9375,31.28689765930176,23667
COO,1985-09-13,33.9375,34.125,33.1875,33.5625,30.941181182861328,43600
COO,1985-09-16,33.1875,33.1875,32.0625,32.4375,29.90404319763184,53067
COO,1985-09-17,31.6875,32.625,31.5,31.6875,29.34833717346192,81733
COO,1985-09-18,31.5,33.75,31.5,33.1875,30.73760223388672,55133
COO,1985-09-19,33.375,33.75,33.1875,33.5625,31.08492851257324,48333
COO,1985-09-20,34.3125,34.5,33.75,34.3125,31.7795467376709,25667
COO,1985-09-23,34.5,35.0625,34.3125,34.6875,32.12687301635742,58267
COO,1985-09-24,34.5,35.4375,34.5,35.25,32.647857666015625,25800
COO,1985-09-25,35.0625,35.25,33.9375,33.9375,31.432249069213867,18000
COO,1985-09-26,33.375,33.375,32.625,33.375,30.91126251220703,31800
COO,1985-09-30,33.375,33.5625,33.1875,33.1875,30.73760223388672,25400
COO,1985-10-01,33.0,33.5625,32.625,33.375,30.91126251220703,53600
COO,1985-10-02,33.75,34.3125,33.375,34.125,31.605899810791016,30000
COO,1985-10-03,34.3125,34.875,34.3125,34.5,31.953229904174805,55133
COO,1985-10-04,34.3125,34.3125,33.75,33.9375,31.432249069213867,20600
COO,1985-10-07,33.5625,33.75,32.8125,32.8125,30.390289306640625,36933
COO,1985-10-08,32.8125,33.1875,32.25,32.4375,30.04297065734864,43533
COO,1985-10-09,32.625,33.1875,32.4375,32.8125,30.390289306640625,30867
COO,1985-10-10,33.1875,33.75,33.0,33.375,30.91126251220703,38533
COO,1985-10-11,33.5625,34.125,33.5625,34.125,31.605899810791016,38200
COO,1985-10-14,33.9375,35.8125,33.9375,35.625,32.995174407958984,79400
COO,1985-10-15,35.625,36.0,35.4375,35.8125,33.16883850097656,80600
COO,1985-10-16,35.625,37.125,35.4375,36.9375,34.210784912109375,124800
COO,1985-10-17,36.5625,36.9375,36.5625,36.75,34.0371208190918,112733
COO,1985-10-18,36.5625,38.625,36.375,37.875,35.079078674316406,152333
COO,1985-10-21,37.875,37.875,37.125,37.5,34.73175811767578,84333
COO,1985-10-22,37.3125,37.5,36.5625,36.5625,33.86347579956055,57667
COO,1985-10-23,36.9375,36.9375,35.4375,36.75,34.0371208190918,45400
COO,1985-10-24,36.5625,36.9375,36.375,36.375,33.68980026245117,20733
COO,1985-10-25,36.5625,36.9375,36.0,36.375,33.68980026245117,81800
COO,1985-10-28,36.0,36.375,35.4375,35.625,32.995174407958984,44667
COO,1985-10-29,35.625,36.375,35.0625,36.1875,33.516136169433594,56333
COO,1985-10-30,36.375,37.6875,36.375,37.6875,34.905426025390625,145333
COO,1985-10-31,37.875,39.0,37.6875,39.0,36.12101364135742,109067
COO,1985-11-01,39.0,39.75,39.0,39.75,36.81567001342773,201733
COO,1985-11-04,39.75,39.75,38.625,38.625,35.77371597290039,61667
COO,1985-11-05,38.625,39.375,38.625,39.0,36.12101364135742,71867
COO,1985-11-06,38.8125,39.0,38.0625,38.25,35.426395416259766,16267
COO,1985-11-07,38.625,39.0,38.0625,38.25,35.426395416259766,39200
COO,1985-11-08,38.25,38.25,36.1875,37.5,34.73175811767578,178400
COO,1985-11-11,37.3125,39.1875,37.3125,39.1875,36.29468536376953,149867
COO,1985-11-12,40.3125,40.6875,39.75,40.125,37.1629638671875,125800
COO,1985-11-13,39.75,39.9375,39.0,39.0,36.12101364135742,31267
COO,1985-11-14,39.0,39.9375,38.8125,39.75,36.81567001342773,40867
COO,1985-11-15,39.75,39.75,39.375,39.75,36.81567001342773,32867
COO,1985-11-18,39.5625,39.9375,39.375,39.9375,36.98932266235352,31267
COO,1985-11-19,40.125,40.125,39.75,40.125,37.1629638671875,79267
COO,1985-11-20,40.125,41.0625,40.125,40.875,37.85762405395508,57333
COO,1985-11-21,40.875,42.0,40.875,42.0,38.89958190917969,99333
COO,1985-11-22,41.625,43.125,41.625,42.75,39.59419250488281,129733
COO,1985-11-25,42.5625,42.5625,41.625,42.0,38.89958190917969,25067
COO,1985-11-26,42.0,42.375,41.625,41.8125,38.72591781616211,68067
COO,1985-11-27,41.4375,41.8125,40.5,41.625,38.55223846435547,28667
COO,1985-11-29,41.4375,41.8125,41.25,41.4375,38.37859344482422,16267
COO,1985-12-02,40.6875,41.0625,40.5,40.6875,37.68395614624024,30000
COO,1985-12-03,40.6875,42.75,40.6875,42.75,39.59419250488281,92933
COO,1985-12-04,42.75,42.75,42.0,42.0,38.89958190917969,38733
COO,1985-12-05,42.1875,42.75,42.0,42.0,38.89958190917969,52467
COO,1985-12-06,42.0,42.1875,40.125,40.5,37.51028823852539,92800
COO,1985-12-09,39.9375,40.3125,39.5625,39.9375,37.1268310546875,66000
COO,1985-12-10,40.125,40.3125,38.625,39.0,36.25529098510742,66467
COO,1985-12-11,39.0,41.0625,39.0,41.0625,38.17266845703125,163533
COO,1985-12-12,41.8125,42.9375,41.4375,42.9375,39.91570663452149,158400
COO,1985-12-13,42.5625,42.75,41.4375,42.75,39.74138641357422,214667
COO,1985-12-16,42.5625,42.5625,41.25,41.4375,38.52126693725586,92467
COO,1985-12-17,41.25,41.4375,40.125,40.3125,37.47543716430664,75267
COO,1985-12-18,40.125,41.25,39.9375,40.5,37.64973449707031,55733
COO,1985-12-19,40.3125,40.875,40.125,40.3125,37.47543716430664,19867
COO,1985-12-20,40.125,40.5,39.9375,40.3125,37.47543716430664,68867
COO,1985-12-23,39.75,40.125,39.1875,39.1875,36.42961120605469,34067
COO,1985-12-24,39.375,39.375,38.4375,38.625,35.906707763671875,26200
COO,1985-12-26,38.8125,39.5625,38.8125,39.1875,36.42961120605469,26533
COO,1985-12-27,39.5625,40.125,39.5625,39.75,36.95252990722656,12533
COO,1985-12-30,39.9375,40.5,39.75,40.125,37.30110931396485,7800
COO,1985-12-31,40.5,41.25,40.5,40.875,37.99835586547852,101000
COO,1986-01-02,40.875,41.0625,40.3125,41.0625,38.17266845703125,35600
COO,1986-01-03,40.875,41.4375,40.5,40.875,37.99835586547852,16200
COO,1986-01-06,40.875,41.0625,40.5,40.6875,37.82404708862305,9267
COO,1986-01-07,41.0625,41.625,40.6875,41.4375,38.52126693725586,52933
COO,1986-01-08,41.25,41.625,39.75,39.75,36.95252990722656,42400
COO,1986-01-09,39.0,39.0,37.875,38.0625,35.38378143310547,58067
COO,1986-01-10,38.25,40.5,38.25,39.75,36.95252990722656,78867
COO,1986-01-13,39.9375,40.875,39.75,40.5,37.64973449707031,18933
COO,1986-01-14,40.5,40.5,39.5625,39.9375,37.1268310546875,22067
COO,1986-01-15,40.3125,40.875,40.125,40.6875,37.82404708862305,38267
COO,1986-01-16,40.5,40.5,39.9375,40.125,37.30110931396485,37600
COO,1986-01-17,40.3125,40.3125,39.5625,39.75,36.95252990722656,55600
COO,1986-01-20,39.5625,39.75,39.1875,39.375,36.60392761230469,45400
COO,1986-01-21,39.1875,39.1875,37.875,38.4375,35.732398986816406,138000
COO,1986-01-22,38.4375,38.4375,37.3125,37.5,34.86087417602539,124200
COO,1986-01-23,37.5,37.5,36.0,36.5625,33.98936080932617,114133
COO,1986-01-24,36.75,37.5,36.5625,37.3125,34.686561584472656,362667
COO,1986-01-27,37.3125,37.6875,36.75,37.5,34.86087417602539,81867
COO,1986-01-28,37.5,37.6875,37.3125,37.3125,34.686561584472656,34933
COO,1986-01-29,37.3125,37.5,36.9375,37.125,34.51227188110352,44333
COO,1986-01-30,36.9375,37.3125,36.9375,37.125,34.51227188110352,58867
COO,1986-01-31,36.9375,37.875,36.9375,37.3125,34.686561584472656,156000
COO,1986-02-03,37.875,38.8125,37.875,38.625,35.906707763671875,66000
COO,1986-02-04,38.8125,39.0,37.875,37.875,35.2094841003418,63533
COO,1986-02-05,38.0625,38.25,37.5,37.875,35.2094841003418,20267
COO,1986-02-06,38.25,38.4375,37.6875,37.875,35.2094841003418,19333
COO,1986-02-07,37.5,37.5,37.125,37.3125,34.686561584472656,27067
COO,1986-02-10,36.9375,37.3125,36.9375,37.125,34.51227188110352,20133
COO,1986-02-11,36.9375,37.3125,36.375,36.75,34.16365432739258,132600
COO,1986-02-12,36.75,36.75,35.4375,35.625,33.11783218383789,172133
COO,1986-02-13,35.8125,35.8125,34.125,34.6875,32.24630355834961,143133
COO,1986-02-14,34.875,34.875,33.9375,34.3125,31.897686004638672,77667
COO,1986-02-18,34.875,35.625,34.3125,34.5,32.07201385498047,99933
COO,1986-02-19,34.3125,34.3125,32.625,33.0,30.677574157714844,125800
COO,1986-02-20,32.8125,33.0,32.25,33.0,30.677574157714844,152267
COO,1986-02-21,33.375,35.25,33.1875,34.875,32.42061996459961,174533
COO,1986-02-24,34.875,36.1875,34.875,35.625,33.11783218383789,123800
COO,1986-02-25,35.8125,35.8125,35.25,35.25,32.769222259521484,25533
COO,1986-02-26,35.625,35.625,34.5,35.0625,32.59492111206055,72133
COO,1986-02-27,35.4375,35.625,35.0625,35.4375,32.94351959228516,54400
COO,1986-02-28,36.1875,37.125,35.625,36.75,34.16365432739258,124600
COO,1986-03-03,37.3125,38.25,37.125,37.875,35.2094841003418,122267
COO,1986-03-04,38.0625,38.25,36.375,36.75,34.16365432739258,58200
COO,1986-03-05,36.9375,37.125,36.5625,36.9375,34.33796310424805,55933
COO,1986-03-06,36.9375,36.9375,35.25,35.625,33.11783218383789,76800
COO,1986-03-07,35.625,35.625,35.25,35.25,32.769222259521484,43933
COO,1986-03-10,35.25,36.375,35.25,36.1875,33.64073181152344,48867
COO,1986-03-11,37.875,37.875,36.1875,37.875,35.35603713989258,101867
COO,1986-03-12,38.0625,38.625,37.6875,37.875,35.35603713989258,198933
COO,1986-03-13,37.5,40.5,36.9375,39.1875,36.58124542236328,336533
COO,1986-03-14,40.5,41.625,40.5,41.4375,38.68160629272461,209400
COO,1986-03-17,41.8125,41.8125,40.5,41.4375,38.68160629272461,102733
COO,1986-03-18,41.625,42.75,41.25,41.625,38.85662841796875,91733
COO,1986-03-19,41.25,41.4375,39.375,39.75,37.10633087158203,86533
COO,1986-03-20,39.9375,40.5,39.75,40.125,37.45638656616211,54200
COO,1986-03-21,39.9375,40.125,39.375,40.125,37.45638656616211,34133
COO,1986-03-24,39.5625,41.25,39.5625,41.0625,38.33154678344727,150867
COO,1986-03-25,41.0625,41.25,40.3125,40.5,37.80644607543945,86867
COO,1986-03-26,40.5,41.0625,40.5,40.875,38.156517028808594,36400
COO,1986-03-27,41.0625,41.625,40.6875,41.0625,38.33154678344727,88933
COO,1986-03-31,41.0625,41.25,40.3125,40.875,38.156517028808594,75133
COO,1986-04-01,41.25,41.25,39.0,39.375,36.756290435791016,186800
COO,1986-04-02,39.1875,39.5625,39.0,39.5625,36.93132019042969,29800
COO,1986-04-03,39.1875,42.375,39.1875,40.875,38.156517028808594,164067
COO,1986-04-04,40.875,41.25,39.9375,40.125,37.45638656616211,39000
COO,1986-04-07,39.75,40.5,39.375,39.75,37.10633087158203,68467
COO,1986-04-08,39.75,41.625,39.5625,41.4375,38.68160629272461,145267
COO,1986-04-09,41.4375,42.0,41.0625,41.8125,39.03166580200195,110067
COO,1986-04-10,42.0,42.75,42.0,42.375,39.55675506591797,46600
COO,1986-04-11,42.375,42.375,39.5625,40.125,37.45638656616211,126933
COO,1986-04-14,40.125,40.6875,39.5625,39.5625,36.93132019042969,38000
COO,1986-04-15,39.375,40.5,38.625,39.9375,37.28135299682617,35000
COO,1986-04-16,39.9375,40.5,39.75,40.3125,37.63143157958984,27400
COO,1986-04-17,40.6875,41.25,40.5,40.5,37.80644607543945,49667
COO,1986-04-18,40.875,41.625,40.6875,41.25,38.50657272338867,29533
COO,1986-04-21,41.25,41.4375,40.5,41.0625,38.33154678344727,68133
COO,1986-04-22,40.6875,41.25,40.6875,41.0625,38.33154678344727,50933
COO,1986-04-23,40.6875,40.875,40.125,40.3125,37.63143157958984,24133
COO,1986-04-24,40.5,40.5,39.1875,39.1875,36.58124542236328,26867
COO,1986-04-25,39.375,40.5,39.1875,40.125,37.45638656616211,56733
COO,1986-04-28,40.3125,40.3125,39.9375,40.3125,37.63143157958984,83400
COO,1986-04-29,40.3125,40.5,39.9375,40.125,37.45638656616211,42200
COO,1986-04-30,39.9375,39.9375,39.375,39.375,36.756290435791016,21000
COO,1986-05-01,39.5625,39.5625,39.0,39.0,36.40620422363281,20867
COO,1986-05-02,39.375,39.75,39.1875,39.1875,36.58124542236328,29400
COO,1986-05-05,39.5625,39.9375,39.1875,39.75,37.10633087158203,19200
COO,1986-05-06,39.75,39.75,38.25,38.25,35.70609664916992,40533
COO,1986-05-07,37.6875,37.6875,36.5625,36.9375,34.480892181396484,53800
COO,1986-05-08,36.9375,37.125,35.8125,36.5625,34.130836486816406,49133
COO,1986-05-09,36.1875,36.1875,35.25,35.8125,33.43071365356445,238133
COO,1986-05-12,35.625,35.625,35.0625,35.25,32.90562057495117,161200
COO,1986-05-13,35.625,36.75,35.4375,36.5625,34.130836486816406,43000
COO,1986-05-14,36.75,36.75,36.1875,36.5625,34.130836486816406,75267
COO,1986-05-15,36.375,36.75,36.1875,36.375,33.955787658691406,51067
COO,1986-05-16,36.375,36.375,35.625,35.8125,33.43071365356445,62933
COO,1986-05-19,35.625,36.0,35.4375,35.8125,33.43071365356445,50200
COO,1986-05-20,35.625,35.8125,34.875,35.25,32.90562057495117,52333
COO,1986-05-21,35.4375,35.625,34.875,35.25,32.90562057495117,26267
COO,1986-05-22,35.4375,36.1875,35.4375,35.8125,33.43071365356445,109800
COO,1986-05-23,36.0,36.375,35.25,35.625,33.25568008422852,63733
COO,1986-05-27,35.625,35.625,34.5,34.875,32.55556106567383,78800
COO,1986-05-28,35.0625,35.4375,34.875,34.875,32.55556106567383,59333
COO,1986-05-29,35.0625,35.0625,34.125,35.0625,32.7305793762207,117533
COO,1986-05-30,35.25,35.625,34.6875,35.625,33.25568008422852,77933
COO,1986-06-02,35.625,35.625,34.125,35.25,32.90562057495117,59067
COO,1986-06-03,35.0625,35.25,34.6875,34.6875,32.380523681640625,39667
COO,1986-06-04,34.6875,35.25,34.6875,34.6875,32.380523681640625,22533
COO,1986-06-05,34.6875,35.8125,33.0,34.125,31.855438232421875,130000
COO,1986-06-06,34.5,35.4375,34.3125,35.4375,33.08064651489258,194000
COO,1986-06-09,35.4375,36.375,35.25,35.4375,33.08064651489258,86667
COO,1986-06-10,35.4375,35.4375,34.875,35.0625,32.7305793762207,91467
COO,1986-06-11,35.0625,35.4375,34.875,35.0625,32.87120819091797,84467
COO,1986-06-12,35.25,37.3125,35.0625,37.125,34.80482482910156,133267
COO,1986-06-13,37.5,38.25,37.3125,37.5,35.15637969970703,71733
COO,1986-06-16,37.125,37.5,36.5625,36.75,34.453250885009766,87800
COO,1986-06-17,36.75,40.125,36.1875,38.25,35.85950469970703,261933
COO,1986-06-18,38.25,38.25,36.9375,37.3125,34.98059844970703,92467
COO,1986-06-19,36.9375,37.125,36.375,36.5625,34.27748107910156,106600
COO,1986-06-20,36.5625,36.75,36.0,36.0,33.75013732910156,35533
COO,1986-06-23,36.0,37.125,36.0,36.75,34.453250885009766,59600
COO,1986-06-24,36.9375,37.5,36.5625,36.5625,34.27748107910156,44800
COO,1986-06-25,36.75,36.75,36.0,36.1875,33.9258918762207,44333
COO,1986-06-26,36.1875,36.375,35.4375,36.1875,33.9258918762207,19867
COO,1986-06-27,36.0,36.9375,35.8125,36.5625,34.27748107910156,15667
COO,1986-06-30,36.375,36.375,35.625,36.0,33.75013732910156,44200
COO,1986-07-01,36.0,36.0,34.125,35.4375,33.222774505615234,121200
COO,1986-07-02,34.6875,35.0625,34.125,34.125,31.9923038482666,52867
COO,1986-07-03,34.125,34.6875,33.75,34.5,32.343875885009766,58333
COO,1986-07-07,34.5,34.5,33.5625,33.5625,31.4649658203125,48400
COO,1986-07-08,33.1875,33.1875,31.875,32.25,30.2344913482666,66933
COO,1986-07-09,32.25,32.25,31.6875,32.0625,30.058704376220703,41533
COO,1986-07-10,32.25,32.25,31.5,31.875,29.882925033569336,31933
COO,1986-07-11,32.25,32.25,30.0,31.125,29.179798126220703,158667
COO,1986-07-14,30.9375,30.9375,29.0625,29.25,27.42198371887207,109333
COO,1986-07-15,29.25,29.25,27.9375,28.3125,26.54307174682617,253400
COO,1986-07-16,28.125,28.875,28.125,28.3125,26.54307174682617,47333
COO,1986-07-17,28.125,28.3125,25.5,27.9375,26.191499710083008,293800
COO,1986-07-18,27.9375,27.9375,26.8125,27.375,25.664161682128903,121600
COO,1986-07-21,27.1875,27.1875,26.4375,26.4375,24.785245895385746,36867
COO,1986-07-22,26.625,26.625,25.875,26.25,24.60946655273437,108200
COO,1986-07-23,26.25,26.25,25.5,25.6875,24.08211326599121,38600
COO,1986-07-24,25.5,25.6875,23.4375,24.9375,23.37899398803711,94333
COO,1986-07-25,24.9375,24.9375,23.8125,24.0,22.500078201293945,103067
COO,1986-07-28,23.8125,24.0,23.25,23.4375,21.972734451293945,74067
COO,1986-07-29,23.25,23.25,21.5625,22.5,21.093828201293945,151400
COO,1986-07-30,22.875,23.25,22.3125,22.6875,21.269609451293945,53400
COO,1986-07-31,23.0625,26.625,22.6875,24.5625,23.02742576599121,106267
COO,1986-08-01,25.3125,25.5,25.125,25.125,23.55477523803711,57800
COO,1986-08-04,25.125,25.3125,24.375,25.3125,23.73055648803711,69733
COO,1986-08-05,25.125,25.3125,24.5625,24.75,23.20321273803711,102333
COO,1986-08-06,25.125,25.125,24.1875,24.1875,22.67586135864257,27000
COO,1986-08-07,23.8125,24.1875,23.4375,23.625,22.148513793945312,33733
COO,1986-08-08,23.625,23.625,22.5,23.25,21.796951293945312,78733
COO,1986-08-11,23.25,24.0,23.25,24.0,22.500078201293945,89200
COO,1986-08-12,24.0,26.625,24.0,26.625,24.96102905273437,80533
COO,1986-08-13,27.0,27.1875,26.0625,26.25,24.60946655273437,59000
COO,1986-08-14,26.25,26.4375,25.125,25.875,24.25790405273437,70800
COO,1986-08-15,26.0625,26.8125,25.6875,26.625,24.96102905273437,89467
COO,1986-08-18,27.0,28.125,26.8125,27.75,26.015718460083008,99867
COO,1986-08-19,27.5625,27.75,27.375,27.5625,25.83992958068848,50467
COO,1986-08-20,27.5625,27.9375,27.5625,27.75,26.015718460083008,55333
COO,1986-08-21,27.75,27.75,27.1875,27.5625,25.83992958068848,79600
COO,1986-08-22,27.5625,27.5625,27.0,27.5625,25.83992958068848,61333
COO,1986-08-25,28.125,29.4375,27.75,27.9375,26.191499710083008,102600
COO,1986-08-26,28.3125,29.0625,27.9375,29.0625,27.246198654174805,92333
COO,1986-08-27,29.0625,29.25,28.5,29.0625,27.246198654174805,71533
COO,1986-08-28,28.875,29.25,28.125,28.6875,26.89462852478028,91600
COO,1986-08-29,28.5,29.0625,28.5,28.5,26.71884155273437,14600
COO,1986-09-02,28.125,28.5,27.75,28.125,26.36728477478028,76667
COO,1986-09-03,27.9375,28.5,27.75,28.5,26.71884155273437,49467
COO,1986-09-04,28.5,31.5,28.3125,30.0,28.12510681152344,355067
COO,1986-09-05,30.75,30.75,30.0,30.1875,28.30088233947754,89333
COO,1986-09-08,30.0,30.1875,28.875,29.4375,27.597749710083008,77933
COO,1986-09-09,29.0625,29.625,29.0625,29.25,27.42198371887207,41800
COO,1986-09-10,29.8125,29.8125,29.0625,29.0625,27.246198654174805,58267
COO,1986-09-11,26.625,28.875,26.25,26.625,25.09053421020508,217533
COO,1986-09-12,26.4375,27.9375,25.125,27.9375,26.32738304138184,133933
COO,1986-09-15,28.3125,28.875,27.0,27.1875,25.62060737609864,90133
COO,1986-09-16,27.375,27.75,27.0,27.5625,25.973997116088867,84467
COO,1986-09-17,27.5625,28.5,27.5625,28.125,26.50407791137696,90333
COO,1986-09-18,28.125,28.125,27.5625,27.9375,26.32738304138184,63333
COO,1986-09-19,30.0,32.25,29.4375,31.3125,29.50787925720215,542400
COO,1986-09-22,31.5,31.5,30.375,30.375,28.62440490722656,108800
COO,1986-09-23,30.375,31.125,30.375,31.125,29.3311767578125,28533
COO,1986-09-24,31.125,32.25,31.125,31.875,30.03795623779297,114133
COO,1986-09-25,31.875,33.75,31.5,33.75,31.804893493652344,155400
COO,1986-09-26,33.5625,35.0625,32.625,34.125,32.15827941894531,232000
COO,1986-09-29,33.75,33.9375,32.625,33.375,31.45151138305664,69000
COO,1986-09-30,33.375,33.9375,32.625,33.75,31.804893493652344,109000
COO,1986-10-01,33.5625,34.5,33.5625,33.75,31.804893493652344,78467
COO,1986-10-02,34.125,35.4375,33.9375,34.875,32.86505889892578,180333
COO,1986-10-03,35.625,36.0,33.9375,35.625,33.57183837890625,184800
COO,1986-10-06,35.25,35.625,34.6875,35.625,33.57183837890625,102867
COO,1986-10-07,35.25,36.375,35.25,36.0,33.92522048950195,164067
COO,1986-10-08,35.625,36.375,35.4375,36.0,33.92522048950195,56533
COO,1986-10-09,35.8125,36.75,35.4375,35.625,33.57183837890625,140800
COO,1986-10-10,35.625,37.5,35.4375,37.5,35.338768005371094,159400
COO,1986-10-13,37.3125,37.3125,36.75,37.125,34.98538589477539,51467
COO,1986-10-14,37.125,38.0625,36.75,38.0625,35.86884307861328,240000
COO,1986-10-15,38.25,38.25,37.125,37.125,34.98538589477539,111667
COO,1986-10-16,37.3125,37.5,36.75,37.3125,35.162078857421875,75267
COO,1986-10-17,37.5,38.25,36.5625,37.5,35.338768005371094,309200
COO,1986-10-20,34.125,35.4375,33.9375,34.875,32.86505889892578,110000
COO,1986-10-21,35.0625,35.625,34.3125,34.875,32.86505889892578,130200
COO,1986-10-22,34.6875,34.875,34.5,34.5,32.51168441772461,47800
COO,1986-10-23,34.6875,35.0625,33.375,34.3125,32.33498001098633,96267
COO,1986-10-24,33.9375,34.875,32.625,34.875,32.86505889892578,66133
COO,1986-10-27,35.625,37.125,34.875,35.4375,33.395137786865234,145267
COO,1986-10-28,35.25,37.875,35.25,37.875,35.692161560058594,202667
COO,1986-10-29,37.875,39.375,37.125,39.0,36.752323150634766,700000
COO,1986-10-30,39.1875,39.1875,36.75,37.3125,35.162078857421875,224133
COO,1986-10-31,37.6875,37.875,36.75,36.9375,34.8087043762207,152067
COO,1986-11-03,37.125,37.3125,35.4375,36.375,34.278621673583984,126533
COO,1986-11-04,36.0,36.0,35.0625,36.0,33.92522048950195,45600
COO,1986-11-05,35.8125,37.5,35.625,37.125,34.98538589477539,225600
COO,1986-11-06,36.375,36.9375,36.0,36.375,34.278621673583984,113200
COO,1986-11-07,36.75,37.5,36.5625,37.125,34.98538589477539,267933
COO,1986-11-10,36.75,36.9375,35.4375,35.8125,33.74853515625,168333
COO,1986-11-11,35.625,35.625,34.6875,35.0625,33.041751861572266,74333
COO,1986-11-12,35.0625,35.8125,34.6875,34.875,32.86505889892578,59400
COO,1986-11-13,35.0625,36.1875,35.0625,35.25,33.21845626831055,340333
COO,1986-11-14,35.25,36.75,35.25,36.375,34.278621673583984,294933
COO,1986-11-17,35.625,36.0,32.8125,33.1875,31.274810791015625,160867
COO,1986-11-18,32.8125,32.8125,28.875,28.875,27.210851669311523,365600
COO,1986-11-19,28.125,28.875,27.0,28.875,27.210851669311523,369267
COO,1986-11-20,29.625,29.625,28.5,29.4375,27.740942001342773,130733
COO,1986-11-21,30.0,31.125,29.625,30.375,28.62440490722656,192133
COO,1986-11-24,30.375,31.125,29.0625,29.25,27.56424331665039,172467
COO,1986-11-25,28.6875,29.0625,28.125,28.5,26.857471466064453,119133
COO,1986-11-26,28.6875,31.125,28.5,31.125,29.3311767578125,220400
COO,1986-11-28,30.375,32.0625,30.375,31.6875,29.86127281188965,142133
COO,1986-12-01,31.125,31.3125,30.0,31.3125,29.50787925720215,76933
COO,1986-12-02,31.5,31.875,30.375,30.9375,29.154483795166016,67000
COO,1986-12-03,31.125,32.8125,31.125,32.25,30.39133644104004,106533
COO,1986-12-04,32.4375,33.375,32.0625,32.4375,30.56803703308105,136933
COO,1986-12-05,32.0625,32.25,30.75,30.9375,29.154483795166016,66867
COO,1986-12-08,30.9375,30.9375,29.8125,30.375,28.62440490722656,59667
COO,1986-12-09,30.375,30.75,30.1875,30.5625,28.80109977722168,22867
COO,1986-12-10,31.3125,31.875,30.75,31.3125,29.653409957885746,103400
COO,1986-12-11,31.6875,31.6875,30.5625,30.9375,29.29827690124512,37533
COO,1986-12-12,30.9375,31.3125,30.1875,30.1875,28.5880184173584,22200
COO,1986-12-15,30.0,30.5625,29.8125,30.375,28.765588760375977,25000
COO,1986-12-16,30.75,30.75,30.0,30.0,28.410457611083984,44267
COO,1986-12-17,30.0,30.375,28.3125,28.5,26.98993492126465,68800
COO,1986-12-18,30.375,31.3125,29.25,30.0,28.410457611083984,239533
COO,1986-12-19,30.0,30.1875,28.875,29.25,27.70019149780273,62933
COO,1986-12-22,28.875,29.0625,28.3125,28.5,26.98993492126465,52133
COO,1986-12-23,28.125,28.3125,27.1875,27.75,26.279672622680664,188067
COO,1986-12-24,27.75,28.3125,27.75,28.125,26.63479804992676,69733
COO,1986-12-26,28.3125,28.3125,27.75,27.75,26.279672622680664,15267
COO,1986-12-29,27.5625,27.75,26.625,26.8125,25.39184761047364,110133
COO,1986-12-30,26.8125,26.8125,25.6875,26.625,25.21428680419922,117733
COO,1986-12-31,27.0,27.0,25.6875,26.25,24.859146118164062,90067
COO,1987-01-02,26.4375,26.8125,26.25,26.4375,25.03671646118164,26400
COO,1987-01-05,27.0,27.375,26.8125,27.1875,25.746973037719727,51333
COO,1987-01-06,27.375,27.9375,27.0,27.1875,25.746973037719727,95467
COO,1987-01-07,27.1875,27.1875,26.25,26.8125,25.39184761047364,65867
COO,1987-01-08,27.0,27.1875,26.625,27.0,25.569408416748047,54867
COO,1987-01-09,27.0,27.75,26.625,27.5625,26.10210418701172,104000
COO,1987-01-12,27.5625,28.125,27.1875,27.75,26.279672622680664,52200
COO,1987-01-13,27.75,28.125,27.375,28.125,26.63479804992676,29333
COO,1987-01-14,27.9375,28.125,27.5625,27.75,26.279672622680664,25200
COO,1987-01-15,27.5625,27.75,27.0,27.0,25.569408416748047,43933
COO,1987-01-16,27.0,27.0,26.25,26.4375,25.03671646118164,47467
COO,1987-01-19,26.4375,27.5625,26.25,27.375,25.924541473388672,48000
COO,1987-01-20,27.1875,27.5625,26.4375,26.8125,25.39184761047364,22667
COO,1987-01-21,26.8125,27.5625,26.625,26.8125,25.39184761047364,88533
COO,1987-01-22,26.8125,27.5625,26.8125,27.0,25.569408416748047,94133
COO,1987-01-23,27.1875,27.375,26.25,26.4375,25.03671646118164,39667
COO,1987-01-26,26.8125,26.8125,25.5,26.0625,24.68158912658692,59200
COO,1987-01-27,25.6875,26.25,25.6875,26.25,24.859146118164062,40933
COO,1987-01-28,26.25,26.25,25.875,26.0625,24.68158912658692,17667
COO,1987-01-29,26.25,27.0,26.0625,26.625,25.21428680419922,84800
COO,1987-01-30,26.8125,29.25,26.625,28.5,26.98993492126465,144600
COO,1987-02-02,28.3125,29.25,27.9375,28.125,26.63479804992676,147533
COO,1987-02-03,27.9375,28.125,27.0,27.0,25.569408416748047,77533
COO,1987-02-04,26.8125,27.0,26.625,26.625,25.21428680419922,48800
COO,1987-02-05,26.8125,27.9375,26.8125,27.1875,25.746973037719727,97733
COO,1987-02-06,27.375,27.75,27.0,27.375,25.924541473388672,105267
COO,1987-02-09,27.5625,27.75,26.8125,26.8125,25.39184761047364,52200
COO,1987-02-10,27.0,27.0,26.25,26.625,25.21428680419922,26533
COO,1987-02-11,26.8125,26.8125,26.25,26.25,24.859146118164062,43600
COO,1987-02-12,26.25,26.25,25.3125,25.6875,24.32645797729492,52867
COO,1987-02-13,25.875,26.0625,25.5,25.5,24.14889907836914,33200
COO,1987-02-17,25.5,26.4375,25.5,25.875,24.50402069091797,115400
COO,1987-02-18,26.25,26.8125,25.6875,26.25,24.859146118164062,68800
COO,1987-02-19,25.875,26.0625,25.6875,25.6875,24.32645797729492,25133
COO,1987-02-20,26.0625,26.0625,25.5,25.6875,24.32645797729492,41733
COO,1987-02-23,25.5,25.5,24.9375,25.125,23.793764114379883,128400
COO,1987-02-24,25.3125,25.3125,24.0,24.0,22.728364944458008,54133
COO,1987-02-25,23.8125,24.0,23.25,23.4375,22.19567108154297,77333
COO,1987-02-26,23.25,25.3125,23.25,24.9375,23.616191864013672,127067
COO,1987-02-27,24.75,24.9375,24.0,24.375,23.08349609375,49000
COO,1987-03-02,24.1875,24.9375,24.1875,24.5625,23.26106071472168,32267
COO,1987-03-03,24.75,24.75,23.625,23.8125,22.55080986022949,130933
COO,1987-03-04,24.0,24.0,23.4375,23.625,22.37322807312012,40400
COO,1987-03-05,23.625,23.8125,23.25,23.8125,22.55080986022949,244133
COO,1987-03-06,24.0,24.375,23.8125,24.375,23.08349609375,107067
COO,1987-03-09,24.1875,24.75,24.1875,24.75,23.438621520996094,53200
COO,1987-03-10,24.75,26.25,24.5625,26.25,24.859146118164062,141467
COO,1987-03-11,26.4375,26.4375,25.5,26.0625,24.68158912658692,137133
COO,1987-03-12,26.25,26.25,25.3125,25.5,24.14889907836914,48600
COO,1987-03-13,25.3125,25.3125,23.4375,24.75,23.438621520996094,29400
COO,1987-03-16,24.5625,25.125,24.5625,24.5625,23.26106071472168,20400
COO,1987-03-17,26.0625,26.625,25.6875,26.0625,24.68158912658692,170933
COO,1987-03-18,25.875,26.0625,24.9375,25.5,24.14889907836914,177267
COO,1987-03-19,25.6875,26.25,25.3125,26.0625,24.68158912658692,49000
COO,1987-03-20,26.25,26.25,25.5,25.875,24.50402069091797,57667
COO,1987-03-23,25.875,26.0625,25.6875,25.875,24.50402069091797,64533
COO,1987-03-24,26.0625,26.625,26.0625,26.25,24.859146118164062,177067
COO,1987-03-25,26.4375,28.125,26.4375,28.125,26.63479804992676,200133
COO,1987-03-26,27.75,28.875,27.75,28.6875,27.16749763488769,221200
COO,1987-03-27,28.6875,29.625,28.125,28.5,26.98993492126465,190933
COO,1987-03-30,27.375,27.9375,26.4375,26.625,25.21428680419922,189467
COO,1987-03-31,26.8125,27.1875,26.4375,27.1875,25.746973037719727,59467
COO,1987-04-01,26.25,28.125,25.875,28.125,26.63479804992676,468333
COO,1987-04-02,29.4375,30.0,29.0625,29.25,27.70019149780273,460733
COO,1987-04-03,28.125,29.625,27.9375,28.125,26.77208709716797,88467
COO,1987-04-06,28.5,28.5,27.375,27.75,26.41514015197754,89400
COO,1987-04-07,27.75,27.9375,27.375,27.5625,26.23665237426757,39067
COO,1987-04-08,27.5625,27.75,26.8125,27.0,25.701215744018555,44400
COO,1987-04-09,26.8125,27.0,26.625,27.0,25.701215744018555,24200
COO,1987-04-10,26.625,27.75,26.25,26.625,25.34425544738769,65733
COO,1987-04-13,27.1875,28.875,27.1875,27.75,26.41514015197754,78467
COO,1987-04-14,27.0,27.375,26.0625,26.4375,25.165769577026367,62600
COO,1987-04-15,26.625,27.0,25.5,26.625,25.34425544738769,72333
COO,1987-04-16,26.625,27.0,26.25,26.25,24.987289428710938,21200
COO,1987-04-20,26.25,26.4375,24.9375,25.3125,24.094884872436523,43133
COO,1987-04-21,25.125,25.5,24.9375,25.125,23.916404724121094,43733
COO,1987-04-22,25.3125,25.3125,24.1875,24.1875,23.023998260498047,109267
COO,1987-04-23,24.0,24.1875,23.625,23.8125,22.667037963867188,42067
COO,1987-04-24,23.8125,23.8125,22.875,23.0625,21.9531192779541,78733
COO,1987-04-27,22.875,24.0,22.6875,24.0,22.845521926879883,95067
COO,1987-04-28,24.0,24.0,23.625,23.625,22.488550186157227,28800
COO,1987-04-29,23.4375,23.8125,23.0625,23.0625,21.9531192779541,13533
COO,1987-04-30,23.0625,23.25,22.5,22.6875,21.596160888671875,67733
COO,1987-05-01,22.6875,23.625,22.6875,23.25,22.13159370422364,62733
COO,1987-05-04,23.25,23.4375,22.5,22.5,21.417675018310547,56733
COO,1987-05-05,22.6875,22.875,21.5625,22.3125,21.239198684692383,87867
COO,1987-05-06,21.9375,22.5,21.9375,22.5,21.417675018310547,48467
COO,1987-05-07,22.6875,23.625,22.3125,23.0625,21.9531192779541,34267
COO,1987-05-08,23.25,23.4375,22.5,22.5,21.417675018310547,46133
COO,1987-05-11,22.6875,23.25,22.5,23.0625,21.9531192779541,43800
COO,1987-05-12,23.0625,23.4375,22.875,23.4375,22.31007194519043,36533
COO,1987-05-13,23.625,23.8125,23.25,23.8125,22.667037963867188,46000
COO,1987-05-14,23.8125,24.5625,23.625,24.0,22.845521926879883,133400
COO,1987-05-15,23.8125,23.8125,22.875,22.875,21.774635314941406,57200
COO,1987-05-18,22.875,23.4375,22.6875,22.875,21.774635314941406,32667
COO,1987-05-19,22.875,23.0625,22.125,22.3125,21.239198684692383,106533
COO,1987-05-20,22.125,22.5,21.9375,22.3125,21.239198684692383,40533
COO,1987-05-21,22.3125,22.875,22.125,22.5,21.417675018310547,111467
COO,1987-05-22,22.5,22.5,21.9375,21.9375,20.882232666015625,50467
COO,1987-05-26,22.125,23.0625,21.9375,22.875,21.774635314941406,55467
COO,1987-05-27,22.875,23.625,22.875,23.4375,22.31007194519043,48667
COO,1987-05-28,23.4375,23.625,23.25,23.4375,22.31007194519043,13667
COO,1987-05-29,23.4375,23.8125,23.25,23.4375,22.31007194519043,28867
COO,1987-06-01,23.4375,23.625,23.0625,23.0625,21.9531192779541,10733
COO,1987-06-02,23.0625,23.0625,22.3125,22.5,21.417675018310547,60933
COO,1987-06-03,22.5,22.875,22.125,22.5,21.417675018310547,8933
COO,1987-06-04,22.3125,22.3125,21.9375,21.9375,20.882232666015625,61867
COO,1987-06-05,21.9375,21.9375,21.375,21.9375,20.882232666015625,50000
COO,1987-06-08,21.9375,22.875,21.375,22.6875,21.596160888671875,26667
COO,1987-06-09,22.6875,23.0625,22.125,22.5,21.417675018310547,30467
COO,1987-06-10,22.5,22.5,21.5625,22.125,21.06071281433105,34667
COO,1987-06-11,21.9375,23.0625,21.9375,22.875,21.774635314941406,58400
COO,1987-06-12,22.6875,23.0625,22.5,22.875,21.774635314941406,48600
COO,1987-06-15,22.5,22.6875,22.3125,22.5,21.417675018310547,24667
COO,1987-06-16,22.875,22.875,22.5,22.875,21.92078018188477,13600
COO,1987-06-17,22.6875,23.8125,22.6875,23.625,22.63949012756348,65333
COO,1987-06-18,23.625,23.625,23.0625,23.0625,22.100446701049805,28333
COO,1987-06-19,23.0625,23.4375,23.0625,23.25,22.28013610839844,33800
COO,1987-06-22,23.4375,24.5625,23.25,24.1875,23.178529739379883,98200
COO,1987-06-23,24.0,24.375,22.125,22.125,21.202062606811523,94667
COO,1987-06-24,22.125,22.875,21.5625,22.875,21.92078018188477,132533
COO,1987-06-25,22.875,23.0625,22.125,22.3125,21.381736755371094,23267
COO,1987-06-26,22.125,22.5,21.9375,22.3125,21.381736755371094,125267
COO,1987-06-29,22.3125,22.5,21.9375,22.3125,21.381736755371094,23800
COO,1987-06-30,21.9375,22.5,21.9375,22.3125,21.381736755371094,16867
COO,1987-07-01,22.3125,22.5,21.9375,22.125,21.202062606811523,101000
COO,1987-07-02,21.9375,21.9375,21.375,21.75,20.842708587646484,30333
COO,1987-07-06,21.375,21.75,21.1875,21.375,20.483348846435547,61067
COO,1987-07-07,21.375,22.875,21.375,22.875,21.92078018188477,95067
COO,1987-07-08,22.6875,22.875,22.3125,22.6875,21.7410945892334,49933
COO,1987-07-09,22.6875,23.4375,22.125,22.875,21.92078018188477,91533
COO,1987-07-10,22.875,23.25,22.875,22.875,21.92078018188477,51800
COO,1987-07-13,23.0625,23.0625,22.3125,22.5,21.56142234802246,38333
COO,1987-07-14,22.6875,22.875,22.6875,22.875,21.92078018188477,30067
COO,1987-07-15,23.0625,23.8125,23.0625,23.625,22.63949012756348,82733
COO,1987-07-16,23.4375,23.625,23.0625,23.4375,22.45981407165528,34800
COO,1987-07-17,23.25,23.25,22.875,22.875,21.92078018188477,28867
COO,1987-07-20,22.875,24.0,22.875,23.625,22.63949012756348,95133
COO,1987-07-21,23.625,24.0,23.4375,23.625,22.63949012756348,52267
COO,1987-07-22,23.625,25.125,23.625,24.375,23.35820198059082,184267
COO,1987-07-23,24.5625,24.75,24.1875,24.375,23.35820198059082,55800
COO,1987-07-24,24.5625,24.75,24.0,24.375,23.35820198059082,103333
COO,1987-07-27,24.1875,24.375,23.0625,23.625,22.63949012756348,45267
COO,1987-07-28,23.4375,23.625,22.875,23.4375,22.45981407165528,46000
COO,1987-07-29,23.25,24.1875,23.25,24.1875,23.178529739379883,22933
COO,1987-07-30,24.1875,24.1875,23.4375,23.8125,22.819164276123047,56333
COO,1987-07-31,24.0,24.0,23.0625,23.0625,22.100446701049805,156533
COO,1987-08-03,23.25,23.25,22.6875,23.0625,22.100446701049805,52133
COO,1987-08-04,22.875,22.875,21.9375,22.5,21.56142234802246,45600
COO,1987-08-05,22.125,22.125,21.1875,21.375,20.483348846435547,95733
COO,1987-08-06,21.5625,22.5,21.5625,22.5,21.56142234802246,64200
COO,1987-08-07,22.5,22.6875,22.3125,22.3125,21.381736755371094,47533
COO,1987-08-10,22.125,22.6875,21.75,21.75,20.842708587646484,28667
COO,1987-08-11,21.9375,22.125,21.75,21.9375,21.022390365600582,51333
COO,1987-08-12,21.9375,22.125,21.75,21.75,20.842708587646484,40000
COO,1987-08-13,21.75,22.125,21.5625,21.9375,21.022390365600582,34133
COO,1987-08-14,21.9375,22.5,21.75,21.75,20.842708587646484,66400
COO,1987-08-17,21.75,22.125,21.5625,21.9375,21.022390365600582,24667
COO,1987-08-18,22.125,22.3125,21.9375,21.9375,21.022390365600582,23667
COO,1987-08-19,21.75,22.3125,21.75,22.3125,21.381736755371094,28067
COO,1987-08-20,22.125,22.875,22.125,22.6875,21.7410945892334,76667
COO,1987-08-21,22.875,22.875,22.5,22.6875,21.7410945892334,88000
COO,1987-08-24,22.5,22.5,22.125,22.3125,21.381736755371094,36067
COO,1987-08-25,21.9375,21.9375,21.75,21.9375,21.022390365600582,194667
COO,1987-08-26,22.125,22.5,21.9375,21.9375,21.022390365600582,65733
COO,1987-08-27,22.125,22.125,21.75,21.9375,21.022390365600582,50067
COO,1987-08-28,21.9375,22.6875,21.75,22.3125,21.381736755371094,280000
COO,1987-08-31,22.5,23.25,22.3125,23.25,22.28013610839844,93000
COO,1987-09-01,23.0625,23.8125,22.6875,23.4375,22.45981407165528,170933
COO,1987-09-02,23.0625,23.25,22.6875,23.0625,22.100446701049805,71600
COO,1987-09-03,23.0625,23.0625,22.6875,22.875,21.92078018188477,51333
COO,1987-09-04,22.875,23.0625,22.5,22.6875,21.7410945892334,32600
COO,1987-09-08,22.875,23.25,22.6875,23.25,22.28013610839844,76600
COO,1987-09-09,23.0625,23.625,23.0625,23.625,22.63949012756348,50200
COO,1987-09-10,23.625,24.75,23.625,24.375,23.35820198059082,234200
COO,1987-09-11,24.5625,24.9375,24.1875,24.375,23.35820198059082,139667
COO,1987-09-14,24.375,25.875,24.375,25.6875,24.615951538085938,380600
COO,1987-09-15,25.6875,25.6875,25.125,25.3125,24.25659370422364,79267
COO,1987-09-16,24.9375,25.5,24.75,24.9375,24.039703369140625,223000
COO,1987-09-17,25.5,25.5,25.3125,25.5,24.581951141357425,233600
COO,1987-09-18,25.875,26.4375,25.6875,26.25,25.30494499206543,289800
COO,1987-09-21,26.625,26.8125,25.3125,25.5,24.581951141357425,150067
COO,1987-09-22,25.5,25.875,25.125,25.875,24.94344520568848,54200
COO,1987-09-23,25.875,25.875,25.5,25.5,24.581951141357425,69067
COO,1987-09-24,25.5,26.625,25.5,26.25,25.30494499206543,142200
COO,1987-09-25,26.625,27.0,26.4375,26.8125,25.84719467163086,82800
COO,1987-09-28,26.8125,26.8125,26.0625,26.25,25.30494499206543,48733
COO,1987-09-29,26.8125,26.8125,25.125,26.4375,25.48569869995117,38200
COO,1987-09-30,26.4375,27.0,26.4375,27.0,26.027944564819336,187800
COO,1987-10-01,27.375,27.75,27.0,27.5625,26.57019424438477,295533
COO,1987-10-02,27.75,27.9375,27.1875,27.5625,26.57019424438477,42800
COO,1987-10-05,27.5625,28.6875,27.0,27.0,26.027944564819336,114400
COO,1987-10-06,27.1875,27.5625,26.8125,27.375,26.38943672180176,50067
COO,1987-10-07,27.1875,27.5625,26.4375,26.4375,25.48569869995117,130133
COO,1987-10-08,26.4375,27.75,25.875,26.25,25.30494499206543,41200
COO,1987-10-09,26.4375,26.8125,25.875,26.0625,25.12419319152832,41533
COO,1987-10-12,25.875,25.875,25.3125,25.3125,24.40119361877441,49067
COO,1987-10-13,24.75,25.125,24.1875,24.75,23.85894012451172,115533
COO,1987-10-14,24.375,24.375,23.4375,23.4375,22.593700408935547,69933
COO,1987-10-15,23.0625,23.25,22.5,22.6875,21.870704650878903,57733
COO,1987-10-16,22.125,22.3125,19.125,19.125,18.43645477294922,202200
COO,1987-10-19,17.25,18.1875,12.0,12.75,12.290975570678713,256333
COO,1987-10-20,13.875,15.0,8.625,10.125,9.760475158691406,680000
COO,1987-10-21,10.3125,13.875,10.3125,12.5625,12.110222816467283,510467
COO,1987-10-22,11.8125,11.8125,10.5,11.8125,11.387224197387695,228333
COO,1987-10-23,11.625,12.0,10.875,11.8125,11.387224197387695,90867
COO,1987-10-26,11.8125,11.8125,9.75,9.9375,9.579729080200195,135067
COO,1987-10-27,10.5,10.875,10.125,10.5,10.12197971343994,90467
COO,1987-10-28,9.9375,10.3125,9.75,9.9375,9.579729080200195,89467
COO,1987-10-29,9.9375,11.8125,9.9375,11.4375,11.025727272033691,162667
COO,1987-10-30,12.1875,14.25,12.1875,13.3125,12.833222389221191,216933
COO,1987-11-02,13.5,14.4375,13.125,13.5,13.013972282409668,107467
COO,1987-11-03,13.5,14.4375,13.3125,13.875,13.375470161437988,101000
COO,1987-11-04,13.6875,15.0,13.5,14.0625,13.556221961975098,91533
COO,1987-11-05,13.875,14.25,13.6875,13.6875,13.19471836090088,73600
COO,1987-11-06,13.875,14.4375,13.3125,13.5,13.013972282409668,58267
COO,1987-11-09,13.3125,13.875,13.3125,13.3125,12.833222389221191,62667
COO,1987-11-10,12.75,12.75,11.8125,12.1875,11.748723030090332,101333
COO,1987-11-11,12.0,12.375,11.8125,12.1875,11.748723030090332,212400
COO,1987-11-12,12.375,13.125,12.375,12.75,12.290975570678713,65733
COO,1987-11-13,12.75,14.625,12.75,14.4375,13.917717933654783,190000
COO,1987-11-16,14.8125,15.0,14.25,14.625,14.098469734191896,85400
COO,1987-11-17,14.4375,14.625,14.0625,14.625,14.098469734191896,40867
COO,1987-11-18,14.8125,14.8125,14.0625,14.0625,13.556221961975098,86600
COO,1987-11-19,14.25,14.4375,12.75,13.5,13.013972282409668,554800
COO,1987-11-20,12.75,12.9375,12.1875,12.9375,12.471722602844238,119400
COO,1987-11-23,13.125,13.3125,12.75,13.125,12.652472496032717,175067
COO,1987-11-24,13.3125,13.875,13.3125,13.5,13.013972282409668,73533
COO,1987-11-25,13.6875,13.875,13.125,13.875,13.375470161437988,64467
COO,1987-11-27,13.6875,14.4375,13.3125,14.25,13.736968040466309,95600
COO,1987-11-30,13.875,13.875,12.375,13.5,13.013972282409668,147667
COO,1987-12-01,13.5,13.5,12.75,13.5,13.013972282409668,68867
COO,1987-12-02,13.3125,13.3125,12.75,13.125,12.652472496032717,51200
COO,1987-12-03,12.9375,12.9375,12.1875,12.375,11.92947006225586,69000
COO,1987-12-04,12.0,12.5625,11.625,12.0,11.567975997924805,73600
COO,1987-12-07,11.8125,12.9375,11.4375,12.75,12.290975570678713,49867
COO,1987-12-08,12.375,12.75,12.1875,12.75,12.290975570678713,141067
COO,1987-12-09,12.75,12.9375,12.375,12.375,11.92947006225586,73000
COO,1987-12-10,12.0,12.5625,12.0,12.375,11.92947006225586,38733
COO,1987-12-11,12.375,12.375,12.0,12.1875,11.748723030090332,22800
COO,1987-12-14,12.1875,12.5625,12.1875,12.375,11.92947006225586,114733
COO,1987-12-15,12.1875,12.375,11.8125,12.1875,11.748723030090332,82200
COO,1987-12-16,12.1875,12.5625,12.1875,12.5625,12.110222816467283,43867
COO,1987-12-17,12.5625,13.3125,12.1875,12.375,11.92947006225586,72467
COO,1987-12-18,12.1875,12.9375,12.0,12.1875,11.748723030090332,131467
COO,1987-12-21,12.0,12.5625,11.625,12.5625,12.110222816467283,92800
COO,1987-12-22,12.5625,12.5625,12.0,12.0,11.567975997924805,49267
COO,1987-12-23,12.0,13.125,12.0,13.125,12.652472496032717,114600
COO,1987-12-24,13.125,13.3125,12.9375,12.9375,12.471722602844238,71000
COO,1987-12-28,12.75,12.9375,12.1875,12.9375,12.618020057678224,88800
COO,1987-12-29,12.75,13.3125,12.75,13.125,12.800886154174805,88467
COO,1987-12-30,12.9375,13.125,12.5625,12.75,12.435152053833008,60600
COO,1987-12-31,12.5625,12.9375,12.5625,12.75,12.435152053833008,100133
COO,1988-01-04,12.9375,13.875,12.75,13.875,13.532368659973145,148867
COO,1988-01-05,14.4375,14.8125,14.25,14.625,14.263846397399902,170933
COO,1988-01-06,14.8125,17.4375,14.625,16.875,16.458274841308594,397067
COO,1988-01-07,16.6875,18.375,16.5,17.25,16.824026107788086,364133
COO,1988-01-08,17.25,17.625,15.375,15.9375,15.543937683105469,231267
COO,1988-01-11,15.9375,16.125,15.1875,16.125,15.726804733276367,115000
COO,1988-01-12,16.3125,16.875,16.125,16.5,16.09254264831543,115467
COO,1988-01-13,16.3125,16.3125,15.375,15.9375,15.543937683105469,123600
COO,1988-01-14,15.75,16.3125,15.5625,16.3125,15.90968132019043,119400
COO,1988-01-15,16.875,16.875,15.75,15.9375,15.543937683105469,75933
COO,1988-01-18,16.125,16.125,15.5625,15.9375,15.543937683105469,26333
COO,1988-01-19,15.9375,16.125,15.75,15.9375,15.543937683105469,58267
COO,1988-01-20,15.9375,16.125,15.375,15.9375,15.543937683105469,63733
COO,1988-01-21,15.5625,15.9375,15.1875,15.9375,15.543937683105469,35533
COO,1988-01-22,15.9375,16.125,15.5625,16.125,15.726804733276367,27867
COO,1988-01-25,16.125,16.125,15.5625,15.9375,15.543937683105469,33733
COO,1988-01-26,15.5625,15.9375,15.5625,15.9375,15.543937683105469,28600
COO,1988-01-27,15.75,15.9375,15.375,15.75,15.361066818237305,35000
COO,1988-01-28,15.5625,16.6875,15.375,15.9375,15.543937683105469,71733
COO,1988-01-29,16.125,16.125,15.75,16.125,15.726804733276367,48267
COO,1988-02-01,16.3125,16.5,15.9375,16.3125,15.90968132019043,81733
COO,1988-02-02,16.5,16.5,15.9375,15.9375,15.543937683105469,47933
COO,1988-02-03,15.9375,16.3125,15.375,15.9375,15.543937683105469,57867
COO,1988-02-04,15.375,15.9375,15.375,15.9375,15.543937683105469,30933
COO,1988-02-05,15.9375,15.9375,15.5625,15.5625,15.178202629089355,29600
COO,1988-02-08,15.375,15.375,15.1875,15.375,14.995328903198242,19333
COO,1988-02-09,15.1875,16.3125,15.1875,16.125,15.726804733276367,121267
COO,1988-02-10,15.9375,16.125,15.375,15.5625,15.178202629089355,38733
COO,1988-02-11,15.5625,15.5625,14.625,15.0,14.62958526611328,72000
COO,1988-02-12,15.1875,15.1875,15.0,15.1875,14.812455177307127,44800
COO,1988-02-16,15.375,15.5625,15.375,15.5625,15.178202629089355,51667
COO,1988-02-17,15.5625,15.5625,15.0,15.1875,14.812455177307127,48133
COO,1988-02-18,15.1875,15.1875,14.8125,14.8125,14.44671630859375,44733
COO,1988-02-19,14.8125,15.75,14.8125,15.75,15.361066818237305,146933
COO,1988-02-22,15.75,17.25,15.5625,17.0625,16.64115333557129,212933
COO,1988-02-23,17.0625,17.0625,16.875,16.875,16.458274841308594,81533
COO,1988-02-24,16.875,17.625,16.875,17.4375,17.006893157958984,148000
COO,1988-02-25,17.25,18.1875,17.25,17.4375,17.006893157958984,126867
COO,1988-02-26,17.8125,17.8125,17.4375,17.625,17.189767837524414,106200
COO,1988-02-29,17.4375,17.8125,17.4375,17.8125,17.37263298034668,49600
COO,1988-03-01,18.0,18.1875,17.4375,17.625,17.189767837524414,121133
COO,1988-03-02,17.4375,17.8125,17.4375,17.625,17.189767837524414,37000
COO,1988-03-03,17.8125,19.3125,17.625,18.75,18.28697967529297,272733
COO,1988-03-04,18.75,18.9375,18.375,18.5625,18.10411262512207,62000
COO,1988-03-07,18.5625,18.5625,18.1875,18.375,17.92124366760254,44933
COO,1988-03-08,18.5625,19.3125,18.1875,19.125,18.65271759033203,95933
COO,1988-03-09,19.3125,19.875,19.125,19.6875,19.20132827758789,167533
COO,1988-03-10,19.5,21.0,19.5,20.0625,19.56707763671875,291533
COO,1988-03-11,19.6875,19.875,19.125,19.875,19.38420867919922,141533
COO,1988-03-14,20.0625,20.4375,19.875,20.0625,19.56707763671875,88467
COO,1988-03-15,19.875,19.875,18.9375,19.6875,19.20132827758789,120533
COO,1988-03-16,19.6875,19.6875,19.125,19.3125,18.83559226989746,194733
COO,1988-03-17,19.5,19.6875,19.3125,19.6875,19.20132827758789,80133
COO,1988-03-18,19.6875,19.6875,18.9375,19.3125,18.83559226989746,106867
COO,1988-03-21,19.3125,19.3125,18.5625,18.75,18.28697967529297,52067
COO,1988-03-22,19.125,19.3125,18.9375,19.3125,18.83559226989746,54000
COO,1988-03-23,19.5,20.25,19.5,20.0625,19.56707763671875,133800
COO,1988-03-24,19.875,19.875,19.125,19.3125,18.83559226989746,114600
COO,1988-03-25,19.3125,19.3125,18.375,18.75,18.28697967529297,56600
COO,1988-03-28,18.5625,19.3125,18.375,19.3125,18.83559226989746,118533
COO,1988-03-29,19.3125,19.6875,19.125,19.5,19.018463134765625,110000
COO,1988-03-30,19.3125,19.6875,19.125,19.125,18.65271759033203,53067
COO,1988-03-31,19.125,19.3125,18.9375,19.125,18.65271759033203,48733
COO,1988-04-04,19.125,19.125,18.75,18.75,18.28697967529297,37867
COO,1988-04-05,18.9375,18.9375,17.625,18.0,17.555500030517578,62733
COO,1988-04-06,18.375,18.5625,18.1875,18.5625,18.10411262512207,45333
COO,1988-04-07,18.75,18.75,18.1875,18.1875,17.738367080688477,28200
COO,1988-04-08,18.375,18.375,18.0,18.0,17.555500030517578,34400
COO,1988-04-11,18.0,18.0,17.25,17.4375,17.006893157958984,103267
COO,1988-04-12,17.4375,18.375,17.4375,18.375,17.92124366760254,68600
COO,1988-04-13,18.1875,18.1875,17.8125,17.8125,17.37263298034668,36267
COO,1988-04-14,17.625,17.625,17.25,17.625,17.189767837524414,104933
COO,1988-04-15,17.4375,17.4375,16.3125,17.4375,17.006893157958984,140133
COO,1988-04-18,17.25,17.25,16.3125,16.6875,16.275409698486328,61867
COO,1988-04-19,16.6875,17.4375,16.6875,17.4375,17.006893157958984,120333
COO,1988-04-20,17.4375,17.4375,16.875,17.25,16.824026107788086,126133
COO,1988-04-21,17.4375,17.625,17.25,17.4375,17.006893157958984,79200
COO,1988-04-22,17.4375,18.1875,17.25,17.8125,17.37263298034668,115200
COO,1988-04-25,18.0,18.375,17.625,18.0,17.555500030517578,155933
COO,1988-04-26,18.0,19.125,18.0,18.9375,18.469844818115234,240667
COO,1988-04-27,18.75,19.6875,18.75,19.3125,18.83559226989746,178867
COO,1988-04-28,19.3125,19.5,19.125,19.5,19.018463134765625,81600
COO,1988-04-29,19.5,19.5,17.625,18.5625,18.10411262512207,176400
COO,1988-05-02,18.5625,18.75,18.375,18.75,18.28697967529297,93867
COO,1988-05-03,18.75,18.9375,18.5625,18.75,18.28697967529297,74867
COO,1988-05-04,18.9375,18.9375,18.5625,18.9375,18.469844818115234,67533
COO,1988-05-05,19.875,22.125,19.875,22.125,21.578632354736328,876600
COO,1988-05-06,21.9375,22.125,20.625,21.0,20.481422424316406,399800
COO,1988-05-09,21.1875,22.5,20.4375,21.9375,21.39576911926269,353000
COO,1988-05-10,21.9375,21.9375,21.0,21.1875,20.664291381835938,215733
COO,1988-05-11,20.8125,21.0,20.0625,21.0,20.481422424316406,215000
COO,1988-05-12,21.0,21.0,20.25,20.4375,19.93280982971192,44133
COO,1988-05-13,20.4375,21.9375,20.25,21.75,21.212900161743164,589000
COO,1988-05-16,21.5625,21.75,20.8125,21.1875,20.664291381835938,153867
COO,1988-05-17,21.375,21.9375,21.1875,21.1875,20.664291381835938,217267
COO,1988-05-18,21.1875,21.5625,20.625,20.625,20.11568069458008,146667
COO,1988-05-19,20.625,20.625,19.3125,19.5,19.018463134765625,258067
COO,1988-05-20,19.3125,19.5,18.0,18.375,17.92124366760254,172733
COO,1988-05-23,18.1875,18.375,17.0625,18.375,17.92124366760254,459467
COO,1988-05-24,18.0,19.6875,18.0,18.75,18.28697967529297,376200
COO,1988-05-25,18.5625,18.5625,17.25,17.625,17.189767837524414,99267
COO,1988-05-26,17.4375,18.0,17.0625,17.625,17.189767837524414,116533
COO,1988-05-27,17.4375,17.625,16.875,16.875,16.458274841308594,151467
COO,1988-05-31,17.0625,17.8125,17.0625,17.8125,17.37263298034668,194467
COO,1988-06-01,17.625,17.8125,17.25,17.8125,17.37263298034668,87000
COO,1988-06-02,17.25,17.25,16.5,16.875,16.458274841308594,134867
COO,1988-06-03,16.875,16.875,16.3125,16.3125,15.90968132019043,98000
COO,1988-06-06,16.125,16.5,15.5625,16.5,16.09254264831543,110467
COO,1988-06-07,16.3125,16.875,16.3125,16.875,16.458274841308594,49667
COO,1988-06-08,16.6875,16.875,16.5,16.6875,16.275409698486328,70400
COO,1988-06-09,16.875,17.25,16.5,16.6875,16.275409698486328,90067
COO,1988-06-10,16.5,16.875,16.5,16.5,16.09254264831543,113933
COO,1988-06-13,16.5,16.5,15.9375,16.125,15.726804733276367,33533
COO,1988-06-14,15.9375,16.5,15.9375,16.125,15.726804733276367,69600
COO,1988-06-15,15.9375,16.3125,15.75,15.9375,15.543937683105469,140533
COO,1988-06-16,15.9375,15.9375,15.0,15.375,14.995328903198242,112467
COO,1988-06-17,15.375,15.5625,15.0,15.1875,14.812455177307127,322067
COO,1988-06-20,14.8125,15.1875,14.4375,14.625,14.263846397399902,96267
COO,1988-06-21,14.8125,15.0,13.6875,15.0,14.62958526611328,287533
COO,1988-06-22,14.8125,15.0,14.625,14.8125,14.44671630859375,76133
COO,1988-06-23,14.8125,16.125,14.8125,15.5625,15.178202629089355,101133
COO,1988-06-24,15.5625,15.5625,15.0,15.375,14.995328903198242,147733
COO,1988-06-27,15.1875,15.1875,14.8125,14.8125,14.44671630859375,44867
COO,1988-06-28,14.8125,15.0,14.625,14.8125,14.44671630859375,74600
COO,1988-06-29,14.625,15.0,14.625,14.8125,14.44671630859375,68933
COO,1988-06-30,15.0,15.375,15.0,15.0,14.62958526611328,79400
COO,1988-07-01,14.8125,15.5625,14.8125,15.5625,15.178202629089355,110333
COO,1988-07-05,15.5625,16.125,15.375,15.9375,15.543937683105469,107800
COO,1988-07-06,15.9375,15.9375,15.5625,15.75,15.361066818237305,49000
COO,1988-07-07,15.75,16.125,15.75,16.125,15.726804733276367,47533
COO,1988-07-08,16.125,17.625,16.125,17.4375,17.006893157958984,222000
COO,1988-07-11,17.0625,18.375,16.6875,16.6875,16.275409698486328,218933
COO,1988-07-12,16.875,16.875,15.9375,16.3125,15.90968132019043,99267
COO,1988-07-13,16.6875,16.6875,15.375,15.9375,15.543937683105469,124600
COO,1988-07-14,15.9375,16.125,15.75,15.75,15.361066818237305,49933
COO,1988-07-15,15.9375,15.9375,15.375,15.5625,15.178202629089355,79933
COO,1988-07-18,15.75,15.75,14.8125,15.1875,14.812455177307127,77000
COO,1988-07-19,15.0,15.0,14.625,15.0,14.62958526611328,84533
COO,1988-07-20,15.0,15.1875,14.8125,15.0,14.62958526611328,46667
COO,1988-07-21,15.1875,15.375,15.0,15.1875,14.812455177307127,15000
COO,1988-07-22,15.1875,15.9375,15.1875,15.5625,15.178202629089355,18600
COO,1988-07-25,15.5625,15.5625,15.1875,15.1875,14.812455177307127,9733
COO,1988-07-26,15.1875,15.375,15.1875,15.1875,14.812455177307127,19800
COO,1988-07-27,15.375,15.375,14.8125,15.0,14.62958526611328,68533
COO,1988-07-28,14.8125,15.75,14.625,15.75,15.361066818237305,95133
COO,1988-07-29,15.75,15.75,15.375,15.5625,15.178202629089355,30467
COO,1988-08-01,15.75,15.9375,15.1875,15.1875,14.812455177307127,80667
COO,1988-08-02,15.375,15.5625,15.1875,15.375,14.995328903198242,30067
COO,1988-08-03,15.375,15.5625,15.1875,15.375,14.995328903198242,49200
COO,1988-08-04,15.375,15.375,15.0,15.0,14.62958526611328,51200
COO,1988-08-05,14.8125,15.1875,14.8125,15.1875,14.812455177307127,76267
COO,1988-08-08,15.375,15.375,15.1875,15.1875,14.812455177307127,9733
COO,1988-08-09,15.1875,15.375,15.0,15.375,14.995328903198242,63467
COO,1988-08-10,15.1875,15.375,14.8125,15.375,14.995328903198242,40467
COO,1988-08-11,15.1875,15.1875,14.8125,14.8125,14.44671630859375,39067
COO,1988-08-12,15.0,15.1875,14.8125,15.1875,14.812455177307127,22067
COO,1988-08-15,15.0,15.1875,14.8125,15.0,14.62958526611328,12267
COO,1988-08-16,15.0,15.0,14.8125,14.8125,14.44671630859375,25333
COO,1988-08-17,15.0,15.0,14.4375,14.625,14.263846397399902,92067
COO,1988-08-18,14.625,15.75,14.625,15.375,14.995328903198242,360600
COO,1988-08-19,15.5625,15.75,14.8125,15.0,14.62958526611328,137933
COO,1988-08-22,14.8125,15.0,14.625,14.8125,14.44671630859375,186533
COO,1988-08-23,14.8125,14.8125,14.625,14.625,14.263846397399902,79733
COO,1988-08-24,14.8125,15.0,14.625,14.8125,14.44671630859375,60933
COO,1988-08-25,14.625,15.0,14.625,15.0,14.62958526611328,55467
COO,1988-08-26,14.8125,14.8125,14.625,14.8125,14.44671630859375,50533
COO,1988-08-29,14.8125,15.5625,14.8125,15.1875,14.812455177307127,117000
COO,1988-08-30,15.0,15.0,14.4375,14.625,14.263846397399902,79200
COO,1988-08-31,14.625,14.625,14.25,14.4375,14.080973625183104,30600
COO,1988-09-01,14.4375,14.4375,13.875,14.4375,14.080973625183104,74533
COO,1988-09-02,14.25,14.625,14.25,14.625,14.263846397399902,32333
COO,1988-09-06,14.8125,14.8125,14.625,14.8125,14.44671630859375,55533
COO,1988-09-07,15.0,15.1875,15.0,15.1875,14.812455177307127,62800
COO,1988-09-08,15.1875,15.375,15.0,15.0,14.62958526611328,142933
COO,1988-09-09,15.0,15.1875,15.0,15.0,14.62958526611328,33200
COO,1988-09-12,15.0,15.1875,14.8125,14.8125,14.44671630859375,60533
COO,1988-09-13,14.625,14.625,13.5,13.875,13.532368659973145,192533
COO,1988-09-14,13.875,13.875,12.5625,13.125,12.800886154174805,181467
COO,1988-09-15,13.125,13.5,12.9375,13.3125,12.983758926391602,166133
COO,1988-09-16,13.5,14.4375,13.5,14.25,13.898104667663574,209200
COO,1988-09-19,14.25,14.4375,13.6875,14.0625,13.715235710144045,134933
COO,1988-09-20,13.875,13.875,12.75,12.9375,12.618020057678224,115733
COO,1988-09-21,12.75,13.5,12.5625,13.3125,12.983758926391602,135267
COO,1988-09-22,13.3125,13.3125,12.75,13.125,12.800886154174805,43933
COO,1988-09-23,13.125,13.125,12.75,13.125,12.800886154174805,42800
COO,1988-09-26,12.9375,13.125,12.75,12.9375,12.618020057678224,64800
COO,1988-09-27,12.75,13.3125,12.75,13.3125,12.983758926391602,50133
COO,1988-09-28,13.125,13.3125,12.75,12.75,12.435152053833008,29200
COO,1988-09-29,12.9375,12.9375,12.375,12.375,12.069405555725098,91267
COO,1988-09-30,12.5625,12.5625,12.1875,12.1875,11.886536598205566,73600
COO,1988-10-03,12.375,12.5625,12.1875,12.5625,12.252281188964844,42667
COO,1988-10-04,12.5625,12.75,10.3125,10.3125,10.05784034729004,174933
COO,1988-10-05,10.125,11.8125,10.125,10.6875,10.423578262329102,226267
COO,1988-10-06,11.0625,12.1875,10.5,11.0625,10.789316177368164,255067
COO,1988-10-07,11.625,12.0,11.25,11.8125,11.520795822143556,246800
COO,1988-10-10,11.8125,11.8125,11.4375,11.4375,11.155061721801758,32867
COO,1988-10-11,10.6875,10.6875,9.375,10.125,9.874967575073242,338600
COO,1988-10-12,10.125,10.3125,9.375,9.9375,9.69210433959961,249733
COO,1988-10-13,10.875,11.25,10.125,11.25,10.972189903259276,632933
COO,1988-10-14,10.875,11.4375,10.875,11.0625,10.789316177368164,202533
COO,1988-10-17,11.0625,11.0625,10.125,10.125,9.874967575073242,328733
COO,1988-10-18,10.3125,10.5,10.125,10.3125,10.05784034729004,82333
COO,1988-10-19,10.125,10.3125,9.9375,9.9375,9.69210433959961,41933
COO,1988-10-20,9.9375,10.125,9.75,10.125,9.874967575073242,57467
COO,1988-10-21,10.125,10.5,9.9375,10.5,10.240711212158203,157467
COO,1988-10-24,10.5,10.5,10.125,10.5,10.240711212158203,68200
COO,1988-10-25,10.3125,10.3125,9.9375,10.3125,10.05784034729004,104600
COO,1988-10-26,10.125,10.3125,9.9375,9.9375,9.69210433959961,111667
COO,1988-10-27,9.9375,10.3125,9.75,9.75,9.509231567382812,105533
COO,1988-10-28,9.75,9.9375,9.75,9.75,9.509231567382812,178867
COO,1988-10-31,9.5625,9.5625,9.0,9.375,9.143489837646484,216467
COO,1988-11-01,9.1875,9.5625,9.1875,9.1875,8.96062183380127,24067
COO,1988-11-02,9.1875,9.375,8.25,8.4375,8.229137420654297,360400
COO,1988-11-03,8.4375,8.625,7.6875,8.0625,7.863402366638184,342267
COO,1988-11-04,7.875,8.0625,7.6875,7.875,7.680533409118652,59667
COO,1988-11-07,8.0625,8.25,7.875,7.875,7.680533409118652,57533
COO,1988-11-08,8.0625,8.625,7.875,8.25,8.046271324157715,151000
COO,1988-11-09,8.25,8.4375,8.0625,8.0625,7.863402366638184,93800
COO,1988-11-10,8.0625,8.625,8.0625,8.625,8.412013053894043,22267
COO,1988-11-11,8.625,9.375,8.625,9.0,8.777750015258789,73667
COO,1988-11-14,9.0,9.0,8.625,9.0,8.777750015258789,73533
COO,1988-11-15,8.8125,9.0,8.8125,9.0,8.777750015258789,28533
COO,1988-11-16,8.8125,9.0,8.4375,8.625,8.412013053894043,47800
COO,1988-11-17,8.4375,8.625,8.0625,8.0625,7.863402366638184,54733
COO,1988-11-18,8.25,8.25,7.6875,8.0625,7.863402366638184,48933
COO,1988-11-21,7.875,8.0625,7.6875,8.0625,7.863402366638184,71200
COO,1988-11-22,7.875,7.875,7.3125,7.5,7.314792633056641,70800
COO,1988-11-23,7.5,7.875,7.5,7.6875,7.497664451599121,57667
COO,1988-11-25,7.875,8.0625,7.875,8.0625,7.863402366638184,17200
COO,1988-11-28,8.0625,8.0625,7.875,7.875,7.680533409118652,41533
COO,1988-11-29,7.6875,7.875,7.6875,7.875,7.680533409118652,35000
COO,1988-11-30,7.6875,7.875,7.6875,7.875,7.680533409118652,30400
COO,1988-12-01,7.6875,8.0625,7.6875,7.6875,7.497664451599121,78667
COO,1988-12-02,7.875,7.875,7.5,7.875,7.680533409118652,106133
COO,1988-12-05,7.5,7.6875,7.125,7.5,7.314792633056641,183600
COO,1988-12-06,7.5,7.5,7.3125,7.5,7.314792633056641,66600
COO,1988-12-07,7.5,7.5,7.3125,7.5,7.314792633056641,65667
COO,1988-12-08,7.5,7.6875,7.5,7.5,7.314792633056641,42933
COO,1988-12-09,7.5,7.5,7.3125,7.5,7.314792633056641,145333
COO,1988-12-12,7.3125,7.5,7.3125,7.5,7.314792633056641,29000
COO,1988-12-13,7.3125,7.875,7.3125,7.6875,7.497664451599121,315267
COO,1988-12-14,7.5,7.6875,7.3125,7.6875,7.497664451599121,77067
COO,1988-12-15,7.5,7.5,7.3125,7.3125,7.131923198699951,44533
COO,1988-12-16,7.3125,7.5,7.3125,7.5,7.314792633056641,136333
COO,1988-12-19,7.5,7.5,7.3125,7.3125,7.131923198699951,97267
COO,1988-12-20,7.5,7.6875,7.3125,7.3125,7.131923198699951,177600
COO,1988-12-21,7.3125,7.5,7.125,7.3125,7.131923198699951,41600
COO,1988-12-22,7.5,7.875,7.3125,7.875,7.680533409118652,455933
COO,1988-12-23,7.6875,8.0625,7.6875,7.875,7.680533409118652,92400
COO,1988-12-27,7.875,8.0625,7.6875,7.6875,7.497664451599121,56600
COO,1988-12-28,7.875,8.25,7.6875,8.25,8.046271324157715,92533
COO,1988-12-29,8.0625,8.25,8.0625,8.0625,7.863402366638184,87600
COO,1988-12-30,8.0625,8.0625,7.875,8.0625,7.863402366638184,141533
COO,1989-01-03,7.875,8.0625,7.875,7.875,7.680533409118652,24267
COO,1989-01-04,7.875,7.875,7.6875,7.6875,7.497664451599121,38400
COO,1989-01-05,7.6875,7.875,7.3125,7.5,7.314792633056641,91333
COO,1989-01-06,7.5,7.6875,7.5,7.5,7.314792633056641,82533
COO,1989-01-09,7.5,7.5,7.3125,7.5,7.314792633056641,21867
COO,1989-01-10,7.3125,7.5,7.3125,7.5,7.314792633056641,14533
COO,1989-01-11,7.3125,7.5,7.3125,7.5,7.314792633056641,100467
COO,1989-01-12,7.3125,7.6875,7.3125,7.5,7.314792633056641,145667
COO,1989-01-13,7.3125,7.5,7.3125,7.5,7.314792633056641,17067
COO,1989-01-16,7.3125,7.5,7.3125,7.5,7.314792633056641,67800
COO,1989-01-17,7.5,7.5,7.125,7.3125,7.131923198699951,33600
COO,1989-01-18,7.5,7.5,7.3125,7.3125,7.131923198699951,22933
COO,1989-01-19,7.5,7.5,7.3125,7.5,7.314792633056641,51467
COO,1989-01-20,7.3125,7.5,7.3125,7.5,7.314792633056641,39333
COO,1989-01-23,7.5,7.5,7.3125,7.3125,7.131923198699951,37600
COO,1989-01-24,7.3125,7.5,7.3125,7.5,7.314792633056641,17600
COO,1989-01-25,7.5,7.5,7.3125,7.5,7.314792633056641,4267
COO,1989-01-26,7.3125,7.3125,7.125,7.125,6.949052333831787,125667
COO,1989-01-27,7.125,7.3125,6.9375,7.125,6.949052333831787,32400
COO,1989-01-30,6.9375,7.125,6.9375,7.125,6.949052333831787,44867
COO,1989-01-31,7.125,7.125,6.9375,7.125,6.949052333831787,76333
COO,1989-02-01,6.9375,7.125,6.75,6.9375,6.766184329986572,39467
COO,1989-02-02,6.9375,6.9375,6.75,6.9375,6.766184329986572,238867
COO,1989-02-03,6.9375,8.0625,6.9375,7.3125,7.131923198699951,438800
COO,1989-02-06,7.3125,7.3125,7.125,7.125,6.949052333831787,61467
COO,1989-02-07,7.125,7.125,6.75,6.75,6.583316326141357,234733
COO,1989-02-08,6.75,6.75,6.1875,6.1875,6.034702777862549,118600
COO,1989-02-09,6.1875,6.375,6.1875,6.375,6.217576026916504,86667
COO,1989-02-10,6.1875,6.1875,6.0,6.1875,6.034702777862549,68667
COO,1989-02-13,5.8125,6.0,5.8125,6.0,5.851833343505859,108533
COO,1989-02-14,5.8125,6.1875,5.625,6.1875,6.034702777862549,130533
COO,1989-02-15,6.0,6.1875,6.0,6.1875,6.034702777862549,69533
COO,1989-02-16,6.0,6.1875,5.8125,6.0,5.851833343505859,54333
COO,1989-02-17,5.8125,6.0,5.8125,6.0,5.851833343505859,208800
COO,1989-02-21,5.8125,6.0,5.8125,5.8125,5.6689629554748535,85133
COO,1989-02-22,6.0,6.0,5.625,5.8125,5.6689629554748535,100867
COO,1989-02-23,5.8125,5.8125,5.625,5.625,5.486094951629639,37000
COO,1989-02-24,5.625,5.8125,5.625,5.8125,5.6689629554748535,60133
COO,1989-02-27,5.8125,5.8125,5.625,5.8125,5.6689629554748535,31867
COO,1989-02-28,5.8125,5.8125,5.625,5.8125,5.6689629554748535,108533
COO,1989-03-01,5.8125,5.8125,5.625,5.625,5.486094951629639,32600
COO,1989-03-02,5.8125,5.8125,5.625,5.8125,5.6689629554748535,45533
COO,1989-03-03,5.8125,5.8125,5.625,5.8125,5.6689629554748535,22267
COO,1989-03-06,5.625,6.0,5.625,6.0,5.851833343505859,121133
COO,1989-03-07,6.0,6.5625,6.0,6.5625,6.400443077087402,381133
COO,1989-03-08,6.5625,6.9375,6.375,6.75,6.583316326141357,235200
COO,1989-03-09,6.9375,6.9375,6.5625,6.5625,6.400443077087402,45867
COO,1989-03-10,6.75,6.9375,6.5625,6.5625,6.400443077087402,40867
COO,1989-03-13,6.5625,6.5625,6.375,6.375,6.217576026916504,7933
COO,1989-03-14,6.375,6.5625,6.1875,6.5625,6.400443077087402,12200
COO,1989-03-15,6.375,6.5625,6.375,6.375,6.217576026916504,8000
COO,1989-03-16,6.375,6.375,6.1875,6.375,6.217576026916504,42067
COO,1989-03-17,6.1875,6.1875,5.8125,5.8125,5.6689629554748535,109933
COO,1989-03-20,6.0,6.0,5.8125,5.8125,5.6689629554748535,31133
COO,1989-03-21,5.8125,6.0,5.8125,5.8125,5.6689629554748535,93067
COO,1989-03-22,6.0,6.1875,5.8125,6.0,5.851833343505859,53533
COO,1989-03-23,6.0,6.375,6.0,6.1875,6.034702777862549,67200
COO,1989-03-27,6.1875,6.375,6.1875,6.375,6.217576026916504,51600
COO,1989-03-28,6.5625,7.3125,6.5625,6.9375,6.766184329986572,309867
COO,1989-03-29,6.9375,6.9375,6.5625,6.5625,6.400443077087402,144200
COO,1989-03-30,6.5625,7.125,6.375,6.5625,6.400443077087402,196133
COO,1989-03-31,6.5625,6.9375,6.375,6.9375,6.766184329986572,64067
COO,1989-04-03,6.75,6.75,6.5625,6.75,6.583316326141357,115067
COO,1989-04-04,6.75,6.75,6.5625,6.75,6.583316326141357,32600
COO,1989-04-05,6.5625,6.9375,6.5625,6.5625,6.400443077087402,77867
COO,1989-04-06,6.5625,6.75,6.5625,6.5625,6.400443077087402,36000
COO,1989-04-07,6.5625,6.9375,6.5625,6.5625,6.400443077087402,21533
COO,1989-04-10,6.5625,6.9375,6.5625,6.5625,6.400443077087402,32867
COO,1989-04-11,6.5625,6.9375,6.5625,6.5625,6.400443077087402,34267
COO,1989-04-12,6.75,6.75,6.375,6.5625,6.400443077087402,89333
COO,1989-04-13,6.375,6.5625,6.375,6.5625,6.400443077087402,53667
COO,1989-04-14,6.5625,7.125,6.375,6.9375,6.766184329986572,186600
COO,1989-04-17,6.9375,6.9375,6.5625,6.75,6.583316326141357,80400
COO,1989-04-18,6.5625,6.9375,6.5625,6.5625,6.400443077087402,49800
COO,1989-04-19,6.75,6.9375,6.75,6.9375,6.766184329986572,40000
COO,1989-04-20,6.75,6.9375,6.75,6.75,6.583316326141357,85267
COO,1989-04-21,6.75,6.9375,6.75,6.75,6.583316326141357,22933
COO,1989-04-24,6.9375,6.9375,6.5625,6.75,6.583316326141357,80133
COO,1989-04-25,6.75,6.75,6.375,6.375,6.217576026916504,94467
COO,1989-04-26,6.5625,6.5625,6.375,6.375,6.217576026916504,28933
COO,1989-04-27,6.5625,6.75,6.375,6.375,6.217576026916504,215400
COO,1989-04-28,6.375,6.375,6.1875,6.375,6.217576026916504,41733
COO,1989-05-01,6.375,6.5625,6.0,6.5625,6.400443077087402,713000
COO,1989-05-02,6.375,6.5625,6.1875,6.375,6.217576026916504,102533
COO,1989-05-03,6.375,6.9375,6.375,6.9375,6.766184329986572,96133
COO,1989-05-04,6.75,6.9375,6.75,6.9375,6.766184329986572,36800
COO,1989-05-05,6.9375,7.125,6.75,6.9375,6.766184329986572,63400
COO,1989-05-08,6.75,6.9375,6.5625,6.75,6.583316326141357,54067
COO,1989-05-09,6.5625,6.9375,6.375,6.75,6.583316326141357,133200
COO,1989-05-10,6.75,7.125,6.5625,7.125,6.949052333831787,291933
COO,1989-05-11,7.125,7.125,6.75,6.9375,6.766184329986572,28133
COO,1989-05-12,7.125,7.125,6.75,6.9375,6.766184329986572,34267
COO,1989-05-15,7.125,7.125,6.9375,7.125,6.949052333831787,38267
COO,1989-05-16,7.125,7.125,6.9375,7.125,6.949052333831787,14267
COO,1989-05-17,6.9375,7.125,6.9375,6.9375,6.766184329986572,31733
COO,1989-05-18,6.9375,7.125,6.5625,6.75,6.583316326141357,50733
COO,1989-05-19,6.5625,6.75,6.375,6.5625,6.400443077087402,43267
COO,1989-05-22,6.375,6.75,6.1875,6.5625,6.400443077087402,78133
COO,1989-05-23,6.375,6.5625,6.375,6.375,6.217576026916504,57067
COO,1989-05-24,6.375,6.375,6.1875,6.1875,6.034702777862549,47467
COO,1989-05-25,6.1875,6.375,5.8125,6.0,5.851833343505859,81600
COO,1989-05-26,6.0,6.0,5.8125,6.0,5.851833343505859,26400
COO,1989-05-30,5.8125,6.0,5.8125,6.0,5.851833343505859,27533
COO,1989-05-31,6.0,6.1875,6.0,6.0,5.851833343505859,82067
COO,1989-06-01,6.0,6.0,5.625,5.8125,5.6689629554748535,31600
COO,1989-06-02,5.8125,5.8125,5.0625,5.4375,5.303225040435791,118467
COO,1989-06-05,5.25,5.4375,4.875,5.25,5.120355606079102,70467
COO,1989-06-06,5.0625,5.25,5.0625,5.25,5.120355606079102,21933
COO,1989-06-07,5.0625,5.25,5.0625,5.25,5.120355606079102,17667
COO,1989-06-08,5.0625,5.25,4.875,5.0625,4.937483787536621,64800
COO,1989-06-09,5.0625,5.0625,4.6875,5.0625,4.937483787536621,41267
COO,1989-06-12,4.875,5.25,4.6875,5.25,5.120355606079102,176800
COO,1989-06-13,5.25,5.25,5.0625,5.25,5.120355606079102,51467
COO,1989-06-14,5.25,5.4375,5.0625,5.0625,4.937483787536621,101200
COO,1989-06-15,5.0625,5.25,5.0625,5.0625,4.937483787536621,55333
COO,1989-06-16,4.875,5.0625,4.6875,4.875,4.754615783691406,89200
COO,1989-06-19,4.6875,4.875,4.6875,4.875,4.754615783691406,56133
COO,1989-06-20,4.875,4.875,4.6875,4.875,4.754615783691406,41667
COO,1989-06-21,4.6875,4.875,4.6875,4.875,4.754615783691406,35133
COO,1989-06-22,4.6875,5.0625,4.6875,5.0625,4.937483787536621,110867
COO,1989-06-23,4.875,5.0625,4.6875,4.6875,4.571744918823242,55400
COO,1989-06-26,4.6875,4.6875,4.3125,4.6875,4.571744918823242,61400
COO,1989-06-27,4.5,4.5,4.3125,4.3125,4.2060065269470215,118667
COO,1989-06-28,4.3125,4.6875,4.3125,4.6875,4.571744918823242,90933
COO,1989-06-29,4.6875,4.6875,4.3125,4.3125,4.2060065269470215,118667
COO,1989-06-30,4.5,4.6875,4.3125,4.6875,4.571744918823242,75533
COO,1989-07-03,4.6875,4.6875,4.5,4.5,4.3888750076293945,15533
COO,1989-07-05,4.5,4.5,4.3125,4.3125,4.2060065269470215,33733
COO,1989-07-06,4.5,4.5,4.125,4.3125,4.2060065269470215,26133
COO,1989-07-07,4.3125,4.3125,4.125,4.3125,4.2060065269470215,38400
COO,1989-07-10,4.125,4.3125,4.125,4.125,4.023135662078857,49267
COO,1989-07-11,4.125,4.125,3.75,3.75,3.65739631652832,97133
COO,1989-07-12,3.75,4.125,3.75,4.125,4.023135662078857,58733
COO,1989-07-13,4.125,4.6875,3.9375,4.6875,4.571744918823242,73600
COO,1989-07-14,4.6875,5.0625,4.5,4.6875,4.571744918823242,136067
COO,1989-07-17,4.5,4.6875,4.5,4.6875,4.571744918823242,36000
COO,1989-07-18,4.5,4.5,4.3125,4.5,4.3888750076293945,42000
COO,1989-07-19,4.3125,4.5,4.3125,4.5,4.3888750076293945,115867
COO,1989-07-20,4.3125,4.3125,4.125,4.125,4.023135662078857,13533
COO,1989-07-21,4.125,4.125,3.9375,4.125,4.023135662078857,45533
COO,1989-07-24,4.125,4.125,3.75,3.9375,3.840266704559326,25533
COO,1989-07-25,3.75,3.9375,3.75,3.75,3.65739631652832,42000
COO,1989-07-26,3.75,3.9375,3.75,3.75,3.65739631652832,31200
COO,1989-07-27,3.75,3.9375,3.5625,3.9375,3.840266704559326,46800
COO,1989-07-28,3.75,3.9375,3.75,3.9375,3.840266704559326,11200
COO,1989-07-31,3.9375,3.9375,3.5625,3.5625,3.4745261669158936,22267
COO,1989-08-01,3.75,3.75,3.375,3.5625,3.4745261669158936,109333
COO,1989-08-02,3.75,4.3125,3.5625,4.125,4.023135662078857,160000
COO,1989-08-03,4.125,4.5,3.9375,4.3125,4.2060065269470215,186933
COO,1989-08-04,4.3125,4.3125,3.9375,4.125,4.023135662078857,48067
COO,1989-08-07,4.125,4.3125,3.9375,4.3125,4.2060065269470215,144867
COO,1989-08-08,4.125,4.3125,4.125,4.3125,4.2060065269470215,69933
COO,1989-08-09,4.5,4.5,4.3125,4.3125,4.2060065269470215,82133
COO,1989-08-10,4.125,4.5,3.9375,4.3125,4.2060065269470215,56933
COO,1989-08-11,4.5,4.6875,4.3125,4.5,4.3888750076293945,202067
COO,1989-08-14,4.3125,4.5,4.125,4.5,4.3888750076293945,42267
COO,1989-08-15,4.3125,4.3125,4.125,4.125,4.023135662078857,16600
COO,1989-08-16,4.3125,4.5,4.125,4.3125,4.2060065269470215,105933
COO,1989-08-17,4.5,4.5,4.3125,4.3125,4.2060065269470215,18667
COO,1989-08-18,4.3125,4.5,4.3125,4.5,4.3888750076293945,20133
COO,1989-08-21,4.3125,4.3125,4.3125,4.3125,4.2060065269470215,49467
COO,1989-08-22,4.3125,4.5,4.3125,4.5,4.3888750076293945,46533
COO,1989-08-23,4.3125,4.5,4.3125,4.5,4.3888750076293945,44867
COO,1989-08-24,4.3125,4.5,4.3125,4.5,4.3888750076293945,97067
COO,1989-08-25,4.5,4.6875,4.5,4.6875,4.571744918823242,37200
COO,1989-08-28,4.6875,4.6875,4.5,4.6875,4.571744918823242,18800
COO,1989-08-29,4.5,4.6875,4.5,4.5,4.3888750076293945,22533
COO,1989-08-30,4.5,4.5,4.3125,4.5,4.3888750076293945,12067
COO,1989-08-31,4.3125,4.5,4.3125,4.5,4.3888750076293945,15800
COO,1989-09-01,4.5,4.5,4.3125,4.5,4.3888750076293945,27067
COO,1989-09-05,4.5,4.6875,4.5,4.6875,4.571744918823242,27267
COO,1989-09-06,4.5,4.875,4.5,4.875,4.754615783691406,60933
COO,1989-09-07,4.875,4.875,4.6875,4.6875,4.571744918823242,63200
COO,1989-09-08,4.875,4.875,4.5,4.6875,4.571744918823242,11933
COO,1989-09-11,4.875,4.875,4.5,4.6875,4.571744918823242,18933
COO,1989-09-12,4.5,4.6875,4.3125,4.6875,4.571744918823242,13000
COO,1989-09-13,4.6875,4.6875,4.5,4.6875,4.571744918823242,13267
COO,1989-09-14,4.5,4.5,4.3125,4.5,4.3888750076293945,14800
COO,1989-09-15,4.5,4.5,4.125,4.5,4.3888750076293945,64067
COO,1989-09-18,4.3125,4.5,4.3125,4.5,4.3888750076293945,31467
COO,1989-09-19,4.3125,4.5,4.3125,4.5,4.3888750076293945,9000
COO,1989-09-20,4.3125,4.5,4.3125,4.5,4.3888750076293945,6000
COO,1989-09-21,4.5,4.5,4.3125,4.5,4.3888750076293945,74867
COO,1989-09-22,4.5,4.6875,4.5,4.5,4.3888750076293945,102133
COO,1989-09-25,4.6875,4.875,4.6875,4.875,4.754615783691406,55267
COO,1989-09-26,4.875,4.875,4.5,4.875,4.754615783691406,38400
COO,1989-09-27,4.6875,4.6875,4.3125,4.6875,4.571744918823242,67333
COO,1989-09-28,4.5,4.6875,4.3125,4.5,4.3888750076293945,86467
COO,1989-09-29,4.3125,4.5,4.125,4.5,4.3888750076293945,72533
COO,1989-10-02,4.5,4.5,4.3125,4.5,4.3888750076293945,11200
COO,1989-10-03,4.3125,4.5,4.125,4.3125,4.2060065269470215,14067
COO,1989-10-04,4.125,4.3125,4.125,4.3125,4.2060065269470215,43867
COO,1989-10-05,4.3125,4.5,4.125,4.3125,4.2060065269470215,33733
COO,1989-10-06,4.3125,4.3125,4.125,4.125,4.023135662078857,11133
COO,1989-10-09,4.125,4.3125,4.125,4.3125,4.2060065269470215,4600
COO,1989-10-10,4.3125,4.3125,4.125,4.125,4.023135662078857,35067
COO,1989-10-11,4.125,4.3125,3.9375,4.125,4.023135662078857,38733
COO,1989-10-12,3.9375,4.3125,3.9375,4.125,4.023135662078857,14800
COO,1989-10-13,3.9375,4.125,3.75,3.75,3.65739631652832,33000
COO,1989-10-16,3.75,3.9375,3.5625,3.75,3.65739631652832,48533
COO,1989-10-17,3.75,3.9375,3.75,3.75,3.65739631652832,19067
COO,1989-10-18,3.5625,3.75,3.375,3.75,3.65739631652832,44533
COO,1989-10-19,3.75,3.9375,3.5625,3.9375,3.840266704559326,8800
COO,1989-10-20,3.75,3.9375,3.75,3.75,3.65739631652832,58533
COO,1989-10-23,3.75,4.125,3.75,3.75,3.65739631652832,18000
COO,1989-10-24,3.9375,3.9375,3.75,3.75,3.65739631652832,22400
COO,1989-10-25,3.75,3.75,3.5625,3.5625,3.4745261669158936,97067
COO,1989-10-26,3.5625,3.5625,3.375,3.375,3.2916581630706787,72400
COO,1989-10-27,3.375,3.5625,3.1875,3.5625,3.4745261669158936,34733
COO,1989-10-30,3.375,3.375,3.1875,3.375,3.2916581630706787,61200
COO,1989-10-31,3.1875,3.75,3.1875,3.75,3.65739631652832,76467
COO,1989-11-01,3.75,3.9375,3.375,3.5625,3.4745261669158936,61533
COO,1989-11-02,3.375,3.5625,3.375,3.375,3.2916581630706787,56400
COO,1989-11-03,3.375,3.5625,3.375,3.375,3.2916581630706787,11400
COO,1989-11-06,3.5625,3.5625,3.375,3.375,3.2916581630706787,6600
COO,1989-11-07,3.5625,3.5625,3.375,3.375,3.2916581630706787,11200
COO,1989-11-08,3.375,3.375,3.375,3.375,3.2916581630706787,24867
COO,1989-11-09,3.375,3.5625,3.375,3.375,3.2916581630706787,87400
COO,1989-11-10,3.5625,3.75,3.375,3.75,3.65739631652832,80533
COO,1989-11-13,3.75,4.125,3.75,4.125,4.023135662078857,32133
COO,1989-11-14,3.9375,4.125,3.9375,3.9375,3.840266704559326,10867
COO,1989-11-15,4.125,4.125,3.75,3.75,3.65739631652832,27067
COO,1989-11-16,3.75,3.9375,3.5625,3.75,3.65739631652832,56800
COO,1989-11-17,3.5625,3.75,3.5625,3.75,3.65739631652832,15933
COO,1989-11-20,3.5625,3.9375,3.5625,3.9375,3.840266704559326,23333
COO,1989-11-21,3.75,3.9375,3.75,3.9375,3.840266704559326,37667
COO,1989-11-22,3.9375,4.125,3.75,3.9375,3.840266704559326,8600
COO,1989-11-24,3.9375,3.9375,3.9375,3.9375,3.840266704559326,5133
COO,1989-11-27,3.9375,4.125,3.9375,4.125,4.023135662078857,45467
COO,1989-11-28,4.125,4.875,4.125,4.875,4.754615783691406,219867
COO,1989-11-29,4.875,4.875,4.5,4.6875,4.571744918823242,107933
COO,1989-11-30,4.6875,4.875,4.5,4.875,4.754615783691406,24933
COO,1989-12-01,4.6875,4.875,4.5,4.5,4.3888750076293945,21667
COO,1989-12-04,4.6875,4.6875,4.5,4.5,4.3888750076293945,50667
COO,1989-12-05,4.5,4.6875,4.5,4.5,4.3888750076293945,28000
COO,1989-12-06,4.5,4.6875,4.5,4.6875,4.571744918823242,19600
COO,1989-12-07,4.5,4.6875,4.5,4.5,4.3888750076293945,10000
COO,1989-12-08,4.5,4.875,4.5,4.6875,4.571744918823242,30133
COO,1989-12-11,4.6875,4.6875,4.5,4.5,4.3888750076293945,24867
COO,1989-12-12,4.5,4.6875,4.5,4.5,4.3888750076293945,23400
COO,1989-12-13,4.6875,4.6875,4.5,4.6875,4.571744918823242,14733
COO,1989-12-14,4.5,4.875,4.5,4.6875,4.571744918823242,19800
COO,1989-12-15,4.875,4.875,4.5,4.6875,4.571744918823242,11933
COO,1989-12-18,4.6875,4.6875,4.3125,4.5,4.3888750076293945,91733
COO,1989-12-19,4.3125,4.5,4.125,4.5,4.3888750076293945,14933
COO,1989-12-20,4.3125,4.5,4.3125,4.5,4.3888750076293945,99267
COO,1989-12-21,4.3125,4.5,4.3125,4.5,4.3888750076293945,46333
COO,1989-12-22,4.3125,4.6875,4.3125,4.5,4.3888750076293945,39533
COO,1989-12-26,4.6875,4.6875,4.125,4.125,4.023135662078857,258667
COO,1989-12-27,4.3125,4.5,4.125,4.5,4.3888750076293945,210600
COO,1989-12-28,4.3125,4.5,4.3125,4.5,4.3888750076293945,236267
COO,1989-12-29,4.3125,4.875,4.3125,4.875,4.754615783691406,149867
COO,1990-01-02,4.6875,5.0625,4.6875,5.0625,4.937483787536621,89800
COO,1990-01-03,5.0625,5.0625,5.0625,5.0625,4.937483787536621,42267
COO,1990-01-04,5.0625,5.4375,5.0625,5.25,5.120355606079102,124133
COO,1990-01-05,5.4375,6.375,5.25,6.0,5.851833343505859,187333
COO,1990-01-08,6.0,6.1875,5.8125,5.8125,5.6689629554748535,58533
COO,1990-01-09,6.0,6.1875,5.8125,6.1875,6.034702777862549,50733
COO,1990-01-10,6.0,6.375,6.0,6.375,6.217576026916504,95000
COO,1990-01-11,6.375,6.5625,6.1875,6.375,6.217576026916504,38867
COO,1990-01-12,6.375,6.375,6.0,6.375,6.217576026916504,68667
COO,1990-01-15,6.1875,6.375,6.0,6.0,5.851833343505859,48667
COO,1990-01-16,6.0,6.1875,6.0,6.1875,6.034702777862549,23067
COO,1990-01-17,6.1875,6.375,6.1875,6.375,6.217576026916504,16933
COO,1990-01-18,6.375,6.75,6.1875,6.5625,6.400443077087402,46533
COO,1990-01-19,6.75,6.9375,6.5625,6.9375,6.766184329986572,52867
COO,1990-01-22,6.75,6.75,6.5625,6.5625,6.400443077087402,75067
COO,1990-01-23,6.5625,6.75,6.375,6.5625,6.400443077087402,17800
COO,1990-01-24,6.375,6.375,6.0,6.1875,6.034702777862549,34400
COO,1990-01-25,6.1875,6.5625,6.1875,6.375,6.217576026916504,9400
COO,1990-01-26,6.5625,7.125,6.5625,7.125,6.949052333831787,164533
COO,1990-01-29,7.125,7.3125,6.9375,7.125,6.949052333831787,68533
COO,1990-01-30,7.125,7.3125,6.75,6.75,6.583316326141357,70600
COO,1990-01-31,6.75,6.9375,6.5625,6.75,6.583316326141357,9733
COO,1990-02-01,6.5625,6.75,6.375,6.75,6.583316326141357,24533
COO,1990-02-02,6.5625,6.9375,6.5625,6.75,6.583316326141357,26267
COO,1990-02-05,6.75,6.75,6.0,6.1875,6.034702777862549,32133
COO,1990-02-06,6.1875,6.1875,5.8125,6.0,5.851833343505859,24400
COO,1990-02-07,5.8125,6.375,5.8125,6.375,6.217576026916504,21000
COO,1990-02-08,6.1875,6.1875,5.8125,6.0,5.851833343505859,33533
COO,1990-02-09,6.0,6.1875,5.8125,6.1875,6.034702777862549,19467
COO,1990-02-12,6.0,6.0,6.0,6.0,5.851833343505859,2600
COO,1990-02-13,6.1875,6.1875,5.8125,5.8125,5.6689629554748535,10267
COO,1990-02-14,5.625,5.8125,5.625,5.625,5.486094951629639,33867
COO,1990-02-15,5.4375,5.625,5.4375,5.625,5.486094951629639,9333
COO,1990-02-16,5.4375,5.8125,5.4375,5.8125,5.6689629554748535,14600
COO,1990-02-20,5.625,5.8125,5.625,5.625,5.486094951629639,4733
COO,1990-02-21,5.8125,5.8125,5.625,5.625,5.486094951629639,6000
COO,1990-02-22,5.8125,5.8125,5.625,5.625,5.486094951629639,9600
COO,1990-02-23,5.625,5.625,5.4375,5.625,5.486094951629639,17000
COO,1990-02-26,5.4375,5.625,5.4375,5.625,5.486094951629639,2400
COO,1990-02-27,5.4375,5.625,5.4375,5.625,5.486094951629639,7933
COO,1990-02-28,5.4375,5.8125,5.4375,5.625,5.486094951629639,14733
COO,1990-03-01,5.625,5.625,5.625,5.625,5.486094951629639,1067
COO,1990-03-02,5.625,5.625,5.4375,5.625,5.486094951629639,12667
COO,1990-03-05,5.4375,5.4375,5.25,5.4375,5.303225040435791,9733
COO,1990-03-06,5.4375,5.625,5.4375,5.625,5.486094951629639,8400
COO,1990-03-07,5.8125,5.8125,5.4375,5.625,5.486094951629639,13600
COO,1990-03-08,5.4375,5.625,5.4375,5.625,5.486094951629639,11867
COO,1990-03-09,5.625,5.625,5.4375,5.4375,5.303225040435791,4067
COO,1990-03-12,5.25,5.4375,5.25,5.4375,5.303225040435791,8933
COO,1990-03-13,5.4375,5.8125,5.4375,5.8125,5.6689629554748535,37200
COO,1990-03-14,5.8125,5.8125,5.625,5.8125,5.6689629554748535,3600
COO,1990-03-15,5.625,6.1875,5.625,6.0,5.851833343505859,34067
COO,1990-03-16,6.1875,6.375,6.0,6.375,6.217576026916504,41667
COO,1990-03-19,6.1875,6.9375,6.1875,6.9375,6.766184329986572,41200
COO,1990-03-20,6.75,6.9375,6.375,6.75,6.583316326141357,22867
COO,1990-03-21,6.5625,6.75,6.5625,6.75,6.583316326141357,5667
COO,1990-03-22,6.5625,6.5625,6.375,6.5625,6.400443077087402,28400
COO,1990-03-23,6.375,6.5625,6.375,6.375,6.217576026916504,8267
COO,1990-03-26,6.5625,6.5625,6.1875,6.375,6.217576026916504,1667
COO,1990-03-27,6.375,6.375,6.1875,6.1875,6.034702777862549,17000
COO,1990-03-28,6.1875,6.5625,6.1875,6.5625,6.400443077087402,9067
COO,1990-03-29,6.5625,6.5625,6.375,6.5625,6.400443077087402,7067
COO,1990-03-30,6.5625,6.75,6.5625,6.75,6.583316326141357,15600
COO,1990-04-02,6.5625,6.75,6.375,6.375,6.217576026916504,4600
COO,1990-04-03,6.375,6.5625,6.375,6.5625,6.400443077087402,7333
COO,1990-04-04,6.375,6.5625,6.375,6.5625,6.400443077087402,9067
COO,1990-04-05,6.75,6.75,6.5625,6.75,6.583316326141357,27733
COO,1990-04-06,6.5625,6.5625,6.375,6.5625,6.400443077087402,3467
COO,1990-04-09,6.375,6.75,6.1875,6.75,6.583316326141357,21733
COO,1990-04-10,6.5625,6.75,6.375,6.75,6.583316326141357,13800
COO,1990-04-11,6.5625,6.75,6.5625,6.75,6.583316326141357,24333
COO,1990-04-12,6.75,6.9375,6.375,6.9375,6.766184329986572,22400
COO,1990-04-16,6.5625,6.9375,6.375,6.9375,6.766184329986572,11067
COO,1990-04-17,6.375,6.75,6.1875,6.75,6.583316326141357,17200
COO,1990-04-18,6.375,6.5625,6.1875,6.5625,6.400443077087402,13600
COO,1990-04-19,6.375,6.375,6.1875,6.375,6.217576026916504,12467
COO,1990-04-20,6.1875,6.375,6.1875,6.375,6.217576026916504,4667
COO,1990-04-23,6.375,6.375,6.0,6.0,5.851833343505859,15133
COO,1990-04-24,6.0,6.0,5.8125,6.0,5.851833343505859,15000
COO,1990-04-25,6.0,6.1875,5.8125,6.1875,6.034702777862549,6467
COO,1990-04-26,5.8125,6.0,5.8125,6.0,5.851833343505859,8000
COO,1990-04-27,6.0,6.0,5.8125,6.0,5.851833343505859,933
COO,1990-04-30,6.0,6.0,5.8125,6.0,5.851833343505859,3933
COO,1990-05-01,5.8125,6.0,5.8125,6.0,5.851833343505859,13800
COO,1990-05-02,6.0,6.0,5.8125,6.0,5.851833343505859,14533
COO,1990-05-03,5.8125,6.0,5.8125,6.0,5.851833343505859,4467
COO,1990-05-04,5.8125,6.0,5.8125,6.0,5.851833343505859,9067
COO,1990-05-07,5.8125,6.0,5.625,6.0,5.851833343505859,9133
COO,1990-05-08,5.8125,6.0,5.8125,6.0,5.851833343505859,2533
COO,1990-05-09,5.8125,5.8125,5.8125,5.8125,5.6689629554748535,1800
COO,1990-05-10,5.8125,6.0,5.8125,6.0,5.851833343505859,2133
COO,1990-05-11,5.8125,6.1875,5.8125,6.1875,6.034702777862549,10733
COO,1990-05-14,6.1875,6.1875,6.0,6.1875,6.034702777862549,24733
COO,1990-05-15,6.0,6.0,5.8125,6.0,5.851833343505859,15533
COO,1990-05-16,5.8125,6.0,5.8125,6.0,5.851833343505859,2867
COO,1990-05-17,6.0,6.0,5.625,6.0,5.851833343505859,19000
COO,1990-05-18,5.625,6.0,5.625,6.0,5.851833343505859,10467
COO,1990-05-21,5.625,6.0,5.625,6.0,5.851833343505859,6067
COO,1990-05-22,5.625,5.8125,5.4375,5.8125,5.6689629554748535,32000
COO,1990-05-23,5.4375,5.8125,5.4375,5.8125,5.6689629554748535,2600
COO,1990-05-24,5.4375,5.8125,5.4375,5.8125,5.6689629554748535,7267
COO,1990-05-25,5.625,6.0,5.4375,6.0,5.851833343505859,3333
COO,1990-05-29,5.625,6.1875,5.625,6.1875,6.034702777862549,20467
COO,1990-05-30,5.8125,6.1875,5.8125,6.1875,6.034702777862549,7867
COO,1990-05-31,5.8125,6.1875,5.8125,6.1875,6.034702777862549,41733
COO,1990-06-01,5.8125,6.0,5.8125,6.0,5.851833343505859,45133
COO,1990-06-04,6.0,6.0,5.625,6.0,5.851833343505859,12933
COO,1990-06-05,5.8125,5.8125,5.8125,5.8125,5.6689629554748535,4467
COO,1990-06-06,5.8125,5.8125,5.625,5.8125,5.6689629554748535,17267
COO,1990-06-07,5.625,5.8125,5.625,5.8125,5.6689629554748535,5867
COO,1990-06-08,5.625,6.0,5.625,6.0,5.851833343505859,22667
COO,1990-06-11,5.8125,5.8125,5.8125,5.8125,5.6689629554748535,29933
COO,1990-06-12,5.8125,6.0,5.8125,6.0,5.851833343505859,37333
COO,1990-06-13,5.8125,6.0,5.8125,5.8125,5.6689629554748535,18867
COO,1990-06-14,5.8125,5.8125,5.8125,5.8125,5.6689629554748535,17333
COO,1990-06-15,5.8125,5.8125,5.625,5.8125,5.6689629554748535,14667
COO,1990-06-18,5.8125,6.0,5.625,6.0,5.851833343505859,7333
COO,1990-06-19,5.8125,5.8125,5.4375,5.8125,5.6689629554748535,19267
COO,1990-06-20,5.4375,5.625,5.4375,5.4375,5.303225040435791,14733
COO,1990-06-21,5.4375,5.625,5.4375,5.4375,5.303225040435791,5333
COO,1990-06-22,5.4375,5.4375,5.0625,5.25,5.120355606079102,99533
COO,1990-06-25,5.0625,5.25,5.0625,5.0625,4.937483787536621,6467
COO,1990-06-26,5.0625,5.0625,4.875,4.875,4.754615783691406,16867
COO,1990-06-27,4.6875,5.0625,4.6875,5.0625,4.937483787536621,90000
COO,1990-06-28,5.0625,5.4375,5.0625,5.4375,5.303225040435791,16867
COO,1990-06-29,5.25,5.8125,5.25,5.8125,5.6689629554748535,5733
COO,1990-07-02,5.4375,5.625,5.0625,5.625,5.486094951629639,24200
COO,1990-07-03,5.4375,5.4375,5.25,5.25,5.120355606079102,11400
COO,1990-07-05,5.25,5.4375,5.25,5.4375,5.303225040435791,400
COO,1990-07-06,5.4375,5.4375,5.0625,5.0625,4.937483787536621,13000
COO,1990-07-09,5.0625,5.4375,5.0625,5.25,5.120355606079102,6800
COO,1990-07-10,5.25,5.25,5.0625,5.0625,4.937483787536621,9000
COO,1990-07-11,5.0625,5.4375,5.0625,5.4375,5.303225040435791,19733
COO,1990-07-12,5.25,5.4375,5.25,5.4375,5.303225040435791,4533
COO,1990-07-13,5.4375,6.1875,5.4375,6.1875,6.034702777862549,196733
COO,1990-07-16,6.375,6.375,6.0,6.0,5.851833343505859,20133
COO,1990-07-17,6.1875,6.1875,6.0,6.0,5.851833343505859,37533
COO,1990-07-18,6.0,6.1875,6.0,6.0,5.851833343505859,16133
COO,1990-07-19,6.0,6.0,6.0,6.0,5.851833343505859,3000
COO,1990-07-20,6.0,6.0,5.8125,6.0,5.851833343505859,9667
COO,1990-07-23,5.8125,6.0,5.625,5.8125,5.6689629554748535,8333
COO,1990-07-24,5.625,6.0,5.625,6.0,5.851833343505859,13667
COO,1990-07-25,5.8125,6.0,5.8125,5.8125,5.6689629554748535,3400
COO,1990-07-26,5.8125,5.8125,5.625,5.625,5.486094951629639,19133
COO,1990-07-27,5.8125,5.8125,5.625,5.8125,5.6689629554748535,12067
COO,1990-07-30,5.625,5.8125,5.4375,5.625,5.486094951629639,21533
COO,1990-07-31,5.625,5.8125,5.625,5.8125,5.6689629554748535,4400
COO,1990-08-01,5.8125,5.8125,5.625,5.625,5.486094951629639,3133
COO,1990-08-02,5.625,5.625,5.625,5.625,5.486094951629639,15933
COO,1990-08-03,5.4375,5.625,5.4375,5.625,5.486094951629639,7000
COO,1990-08-06,5.4375,5.4375,5.4375,5.4375,5.303225040435791,4933
COO,1990-08-07,5.625,5.625,5.4375,5.625,5.486094951629639,8000
COO,1990-08-08,5.4375,5.4375,5.25,5.25,5.120355606079102,31733
COO,1990-08-09,5.25,5.25,5.25,5.25,5.120355606079102,14733
COO,1990-08-10,5.625,5.625,5.625,5.625,5.486094951629639,24733
COO,1990-08-13,5.625,5.625,5.4375,5.625,5.486094951629639,4133
COO,1990-08-14,5.625,5.8125,5.625,5.8125,5.6689629554748535,23867
COO,1990-08-15,5.625,5.8125,5.625,5.625,5.486094951629639,4400
COO,1990-08-16,5.625,5.625,5.625,5.625,5.486094951629639,36467
COO,1990-08-17,5.4375,5.4375,5.4375,5.4375,5.303225040435791,14600
COO,1990-08-20,5.25,5.4375,5.25,5.4375,5.303225040435791,2533
COO,1990-08-21,5.25,5.25,5.25,5.25,5.120355606079102,7333
COO,1990-08-22,5.25,5.25,5.0625,5.0625,4.937483787536621,12600
COO,1990-08-23,5.0625,5.0625,4.6875,4.875,4.754615783691406,9333
COO,1990-08-24,4.6875,4.875,4.6875,4.875,4.754615783691406,14800
COO,1990-08-27,4.6875,5.0625,4.6875,5.0625,4.937483787536621,11733
COO,1990-08-28,4.875,5.0625,4.875,5.0625,4.937483787536621,7800
COO,1990-08-29,4.875,5.0625,4.875,5.0625,4.937483787536621,800
COO,1990-08-30,4.875,4.875,4.875,4.875,4.754615783691406,20067
COO,1990-08-31,4.875,5.25,4.875,5.25,5.120355606079102,2200
COO,1990-09-04,4.875,4.875,4.6875,4.6875,4.571744918823242,2933
COO,1990-09-05,4.5,4.5,4.3125,4.5,4.3888750076293945,66600
COO,1990-09-06,4.5,4.5,4.3125,4.5,4.3888750076293945,24667
COO,1990-09-07,4.3125,4.5,4.3125,4.3125,4.2060065269470215,65000
COO,1990-09-10,4.3125,4.3125,4.3125,4.3125,4.2060065269470215,8867
COO,1990-09-11,4.125,4.3125,4.125,4.3125,4.2060065269470215,12933
COO,1990-09-12,4.125,4.3125,4.125,4.125,4.023135662078857,6200
COO,1990-09-13,4.125,4.5,3.9375,4.3125,4.2060065269470215,19400
COO,1990-09-14,4.125,4.6875,4.125,4.6875,4.571744918823242,31267
COO,1990-09-17,4.5,5.0625,4.5,5.0625,4.937483787536621,9133
COO,1990-09-18,4.875,5.0625,4.875,5.0625,4.937483787536621,10200
COO,1990-09-19,4.875,4.875,4.6875,4.6875,4.571744918823242,21467
COO,1990-09-20,4.5,4.5,4.5,4.5,4.3888750076293945,2933
COO,1990-09-21,4.6875,4.6875,4.3125,4.5,4.3888750076293945,8000
COO,1990-09-24,4.5,4.5,4.125,4.125,4.023135662078857,31533
COO,1990-09-25,4.125,4.125,3.9375,3.9375,3.840266704559326,18267
COO,1990-09-26,3.9375,4.5,3.9375,4.3125,4.2060065269470215,63067
COO,1990-09-27,4.3125,4.3125,4.125,4.3125,4.2060065269470215,7400
COO,1990-09-28,4.125,4.125,3.9375,4.125,4.023135662078857,7867
COO,1990-10-01,4.3125,4.3125,3.9375,3.9375,3.840266704559326,14533
COO,1990-10-02,3.9375,4.3125,3.9375,4.125,4.023135662078857,12533
COO,1990-10-03,4.3125,4.3125,3.9375,3.9375,3.840266704559326,2667
COO,1990-10-04,4.125,4.125,3.9375,3.9375,3.840266704559326,19067
COO,1990-10-05,3.75,3.9375,3.75,3.75,3.65739631652832,18133
COO,1990-10-08,3.9375,4.125,3.75,3.75,3.65739631652832,16533
COO,1990-10-09,3.9375,4.125,3.75,3.75,3.65739631652832,18667
COO,1990-10-10,3.9375,3.9375,3.75,3.9375,3.840266704559326,13333
COO,1990-10-11,3.9375,4.125,3.75,4.125,4.023135662078857,12133
COO,1990-10-12,4.125,4.3125,3.9375,4.3125,4.2060065269470215,18667
COO,1990-10-15,4.3125,4.6875,4.125,4.6875,4.571744918823242,29333
COO,1990-10-16,4.5,4.5,4.3125,4.5,4.3888750076293945,14067
COO,1990-10-17,4.5,4.5,4.3125,4.3125,4.2060065269470215,13267
COO,1990-10-18,4.3125,4.875,4.3125,4.875,4.754615783691406,28133
COO,1990-10-19,4.6875,4.875,4.5,4.6875,4.571744918823242,5267
COO,1990-10-22,4.6875,4.6875,4.5,4.5,4.3888750076293945,13933
COO,1990-10-23,4.5,4.875,4.5,4.875,4.754615783691406,20533
COO,1990-10-24,4.875,5.25,4.875,5.25,5.120355606079102,23533
COO,1990-10-25,5.0625,5.4375,5.0625,5.25,5.120355606079102,8000
COO,1990-10-26,5.25,5.4375,5.0625,5.4375,5.303225040435791,15467
COO,1990-10-29,5.25,5.25,5.0625,5.25,5.120355606079102,7067
COO,1990-10-30,5.25,5.4375,5.0625,5.25,5.120355606079102,18667
COO,1990-10-31,5.4375,5.4375,5.25,5.4375,5.303225040435791,7333
COO,1990-11-01,5.4375,6.0,5.25,6.0,5.851833343505859,30200
COO,1990-11-02,5.8125,6.1875,5.8125,6.0,5.851833343505859,39000
COO,1990-11-05,6.0,6.1875,5.8125,5.8125,5.6689629554748535,20133
COO,1990-11-06,5.8125,5.8125,5.625,5.8125,5.6689629554748535,3000
COO,1990-11-07,5.625,5.8125,5.625,5.625,5.486094951629639,5733
COO,1990-11-08,5.625,6.1875,5.625,6.0,5.851833343505859,77800
COO,1990-11-09,6.0,6.375,5.8125,6.375,6.217576026916504,82800
COO,1990-11-12,6.1875,6.1875,5.8125,6.0,5.851833343505859,39267
COO,1990-11-13,5.8125,6.0,5.8125,6.0,5.851833343505859,5667
COO,1990-11-14,5.8125,6.0,5.625,6.0,5.851833343505859,15667
COO,1990-11-15,5.8125,6.0,5.8125,5.8125,5.6689629554748535,7200
COO,1990-11-16,5.8125,6.0,5.8125,6.0,5.851833343505859,11733
COO,1990-11-19,6.0,6.0,5.625,5.8125,5.6689629554748535,18467
COO,1990-11-20,5.8125,5.8125,5.625,5.8125,5.6689629554748535,4667
COO,1990-11-21,5.8125,5.8125,5.4375,5.625,5.486094951629639,18733
COO,1990-11-23,5.4375,5.625,5.25,5.4375,5.303225040435791,31600
COO,1990-11-26,5.25,5.4375,5.0625,5.4375,5.303225040435791,18533
COO,1990-11-27,5.625,5.8125,5.625,5.8125,5.6689629554748535,26600
COO,1990-11-28,5.625,6.0,5.625,6.0,5.851833343505859,8467
COO,1990-11-29,6.0,6.1875,5.8125,5.8125,5.6689629554748535,18667
COO,1990-11-30,5.8125,5.8125,5.625,5.8125,5.6689629554748535,5667
COO,1990-12-03,5.8125,6.0,5.625,5.8125,5.6689629554748535,6733
COO,1990-12-04,5.8125,5.8125,5.4375,5.4375,5.303225040435791,6000
COO,1990-12-05,5.625,5.625,5.625,5.625,5.486094951629639,30867
COO,1990-12-06,5.625,5.8125,5.4375,5.625,5.486094951629639,14200
COO,1990-12-07,5.4375,5.4375,5.4375,5.4375,5.303225040435791,2400
COO,1990-12-10,5.4375,5.625,5.25,5.25,5.120355606079102,2400
COO,1990-12-11,5.4375,5.4375,5.25,5.4375,5.303225040435791,11067
COO,1990-12-12,5.25,5.4375,5.25,5.4375,5.303225040435791,5133
COO,1990-12-13,5.25,5.4375,5.25,5.4375,5.303225040435791,7600
COO,1990-12-14,5.25,5.4375,5.0625,5.25,5.120355606079102,5533
COO,1990-12-17,5.0625,5.25,4.875,5.25,5.120355606079102,23400
COO,1990-12-18,5.0625,5.0625,4.6875,4.875,4.754615783691406,17333
COO,1990-12-19,4.6875,5.4375,4.6875,5.4375,5.303225040435791,37400
COO,1990-12-20,5.25,5.4375,5.25,5.25,5.120355606079102,17733
COO,1990-12-21,5.25,5.4375,5.25,5.4375,5.303225040435791,26000
COO,1990-12-24,5.625,5.625,5.4375,5.4375,5.303225040435791,23533
COO,1990-12-26,5.4375,5.625,5.4375,5.625,5.486094951629639,27267
COO,1990-12-27,5.625,5.625,5.4375,5.4375,5.303225040435791,9733
COO,1990-12-28,5.4375,5.625,5.4375,5.4375,5.303225040435791,12800
COO,1990-12-31,5.4375,5.8125,5.4375,5.4375,5.303225040435791,34067
COO,1991-01-02,5.8125,6.0,5.8125,6.0,5.851833343505859,18000
COO,1991-01-03,5.8125,6.0,5.8125,5.8125,5.6689629554748535,10267
COO,1991-01-04,5.8125,6.0,5.8125,6.0,5.851833343505859,4733
COO,1991-01-07,5.8125,6.1875,5.625,6.0,5.851833343505859,36200
COO,1991-01-08,6.0,6.0,5.8125,6.0,5.851833343505859,14000
COO,1991-01-09,6.0,6.0,5.8125,5.8125,5.6689629554748535,26667
COO,1991-01-10,5.8125,5.8125,5.625,5.625,5.486094951629639,9000
COO,1991-01-11,5.8125,5.8125,5.625,5.8125,5.6689629554748535,1267
COO,1991-01-14,5.625,5.625,5.4375,5.625,5.486094951629639,22000
COO,1991-01-15,5.4375,5.625,5.4375,5.625,5.486094951629639,11933
COO,1991-01-16,5.4375,5.625,5.4375,5.625,5.486094951629639,4333
COO,1991-01-17,6.0,6.0,5.8125,5.8125,5.6689629554748535,15733
COO,1991-01-18,5.8125,6.0,5.8125,6.0,5.851833343505859,7467
COO,1991-01-21,5.8125,6.0,5.8125,5.8125,5.6689629554748535,9267
COO,1991-01-22,5.8125,6.0,5.8125,5.8125,5.6689629554748535,5933
COO,1991-01-23,5.8125,5.8125,5.625,5.8125,5.6689629554748535,8333
COO,1991-01-24,5.8125,6.0,5.8125,6.0,5.851833343505859,92000
COO,1991-01-25,6.0,6.0,5.8125,6.0,5.851833343505859,15600
COO,1991-01-28,6.0,6.0,5.8125,5.8125,5.6689629554748535,5333
COO,1991-01-29,5.8125,5.8125,5.625,5.625,5.486094951629639,6000
COO,1991-01-30,5.8125,6.1875,5.625,6.1875,6.034702777862549,73800
COO,1991-01-31,6.1875,6.5625,6.1875,6.5625,6.400443077087402,119267
COO,1991-02-01,6.5625,6.9375,6.1875,6.9375,6.766184329986572,101467
COO,1991-02-04,6.9375,7.125,6.5625,6.75,6.583316326141357,59400
COO,1991-02-05,6.5625,7.3125,6.375,6.9375,6.766184329986572,69267
COO,1991-02-06,7.125,7.125,6.5625,6.75,6.583316326141357,43600
COO,1991-02-07,6.5625,6.75,6.375,6.5625,6.400443077087402,17867
COO,1991-02-08,6.75,7.875,6.5625,7.6875,7.497664451599121,210867
COO,1991-02-11,7.875,7.875,7.5,7.6875,7.497664451599121,38000
COO,1991-02-12,7.6875,7.6875,7.3125,7.5,7.314792633056641,18333
COO,1991-02-13,7.3125,7.6875,7.3125,7.5,7.314792633056641,18800
COO,1991-02-14,7.5,7.5,7.3125,7.5,7.314792633056641,35000
COO,1991-02-15,7.5,7.5,7.3125,7.5,7.314792633056641,5267
COO,1991-02-19,7.3125,7.3125,7.125,7.3125,7.131923198699951,8333
COO,1991-02-20,6.9375,7.125,6.75,6.75,6.583316326141357,38533
COO,1991-02-21,6.9375,7.125,6.75,6.9375,6.766184329986572,26133
COO,1991-02-22,6.75,6.9375,6.75,6.9375,6.766184329986572,15467
COO,1991-02-25,7.125,7.125,6.9375,7.125,6.949052333831787,7067
COO,1991-02-26,6.9375,7.125,6.75,7.125,6.949052333831787,25000
COO,1991-02-27,7.125,7.3125,6.9375,6.9375,6.766184329986572,8667
COO,1991-02-28,6.9375,7.125,6.75,6.9375,6.766184329986572,9933
COO,1991-03-01,6.9375,7.125,6.9375,7.125,6.949052333831787,15667
COO,1991-03-04,6.9375,7.5,6.9375,7.3125,7.131923198699951,51600
COO,1991-03-05,7.5,8.25,7.5,7.5,7.314792633056641,305667
COO,1991-03-06,7.875,8.0625,7.5,7.6875,7.497664451599121,145000
COO,1991-03-07,7.6875,7.875,7.5,7.6875,7.497664451599121,40600
COO,1991-03-08,7.6875,7.6875,7.125,7.125,6.949052333831787,33467
COO,1991-03-11,7.3125,7.5,7.125,7.3125,7.131923198699951,24600
COO,1991-03-12,7.3125,7.3125,6.75,6.75,6.583316326141357,63000
COO,1991-03-13,6.9375,6.9375,6.5625,6.9375,6.766184329986572,75200
COO,1991-03-14,6.9375,7.3125,6.9375,7.125,6.949052333831787,57933
COO,1991-03-15,7.125,7.125,6.75,6.9375,6.766184329986572,14800
COO,1991-03-18,6.9375,7.125,6.75,7.125,6.949052333831787,26000
COO,1991-03-19,7.125,7.125,6.75,6.75,6.583316326141357,63000
COO,1991-03-20,6.5625,6.9375,6.5625,6.5625,6.400443077087402,16267
COO,1991-03-21,6.75,6.9375,6.75,6.75,6.583316326141357,48333
COO,1991-03-22,6.9375,6.9375,6.75,6.75,6.583316326141357,23867
COO,1991-03-25,6.9375,7.125,6.75,6.9375,6.766184329986572,11800
COO,1991-03-26,7.125,7.125,6.75,6.9375,6.766184329986572,12667
COO,1991-03-27,6.75,7.125,6.5625,6.5625,6.400443077087402,25067
COO,1991-03-28,6.9375,7.5,6.9375,7.3125,7.131923198699951,91200
COO,1991-04-01,7.3125,7.875,7.125,7.875,7.680533409118652,83733
COO,1991-04-02,7.875,8.4375,7.6875,7.875,7.680533409118652,224867
COO,1991-04-03,8.0625,9.0,8.0625,8.625,8.412013053894043,218133
COO,1991-04-04,8.8125,9.1875,8.4375,8.4375,8.229137420654297,209000
COO,1991-04-05,8.8125,8.8125,8.4375,8.4375,8.229137420654297,51400
COO,1991-04-08,8.25,8.8125,8.25,8.625,8.412013053894043,46467
COO,1991-04-09,8.625,8.625,8.0625,8.25,8.046271324157715,45533
COO,1991-04-10,8.0625,8.4375,8.0625,8.4375,8.229137420654297,45667
COO,1991-04-11,8.25,8.4375,8.25,8.4375,8.229137420654297,25333
COO,1991-04-12,8.4375,8.4375,8.25,8.4375,8.229137420654297,43600
COO,1991-04-15,8.4375,8.4375,8.0625,8.4375,8.229137420654297,32067
COO,1991-04-16,8.25,8.25,7.875,8.25,8.046271324157715,28600
COO,1991-04-17,8.0625,8.25,7.875,8.25,8.046271324157715,37000
COO,1991-04-18,8.25,8.25,7.875,8.25,8.046271324157715,25000
COO,1991-04-19,8.25,8.25,7.6875,7.875,7.680533409118652,19067
COO,1991-04-22,7.6875,7.6875,7.3125,7.3125,7.131923198699951,29533
COO,1991-04-23,7.5,7.5,6.9375,7.125,6.949052333831787,30133
COO,1991-04-24,6.9375,7.5,6.9375,7.5,7.314792633056641,20067
COO,1991-04-25,7.5,7.5,7.125,7.5,7.314792633056641,9867
COO,1991-04-26,7.3125,8.0625,7.3125,7.875,7.680533409118652,70867
COO,1991-04-29,7.875,7.875,7.6875,7.6875,7.497664451599121,31133
COO,1991-04-30,7.5,7.6875,7.5,7.5,7.314792633056641,18800
COO,1991-05-01,7.5,7.6875,7.3125,7.6875,7.497664451599121,24467
COO,1991-05-02,7.5,7.5,7.3125,7.5,7.314792633056641,17200
COO,1991-05-03,7.3125,7.6875,7.3125,7.5,7.314792633056641,52133
COO,1991-05-06,7.6875,7.6875,7.125,7.125,6.949052333831787,12733
COO,1991-05-07,7.125,7.5,7.125,7.5,7.314792633056641,40733
COO,1991-05-08,7.3125,7.5,7.125,7.3125,7.131923198699951,39000
COO,1991-05-09,7.3125,7.3125,7.125,7.3125,7.131923198699951,28200
COO,1991-05-10,7.3125,7.5,7.3125,7.3125,7.131923198699951,42867
COO,1991-05-13,7.3125,7.5,7.3125,7.5,7.314792633056641,54200
COO,1991-05-14,7.5,7.6875,7.5,7.5,7.314792633056641,105400
COO,1991-05-15,7.5,7.5,7.3125,7.3125,7.131923198699951,13533
COO,1991-05-16,7.3125,7.5,7.3125,7.3125,7.131923198699951,29733
COO,1991-05-17,7.5,7.6875,7.5,7.6875,7.497664451599121,34667
COO,1991-05-20,7.875,8.25,7.875,8.0625,7.863402366638184,134667
COO,1991-05-21,8.25,8.4375,8.0625,8.4375,8.229137420654297,66733
COO,1991-05-22,8.4375,8.625,8.25,8.4375,8.229137420654297,77600
COO,1991-05-23,8.4375,8.4375,7.875,8.0625,7.863402366638184,17000
COO,1991-05-24,8.25,8.25,7.875,8.0625,7.863402366638184,22533
COO,1991-05-28,8.25,8.25,7.6875,7.6875,7.497664451599121,8267
COO,1991-05-29,7.875,7.875,7.5,7.5,7.314792633056641,11067
COO,1991-05-30,7.5,7.5,7.3125,7.3125,7.131923198699951,58533
COO,1991-05-31,7.3125,7.5,7.125,7.125,6.949052333831787,41733
COO,1991-06-03,7.5,7.5,7.3125,7.3125,7.131923198699951,25867
COO,1991-06-04,7.3125,7.3125,7.125,7.125,6.949052333831787,13333
COO,1991-06-05,7.3125,7.3125,7.125,7.125,6.949052333831787,15800
COO,1991-06-06,7.3125,7.3125,7.125,7.3125,7.131923198699951,14333
COO,1991-06-07,7.3125,7.3125,7.125,7.3125,7.131923198699951,9467
COO,1991-06-10,7.3125,7.3125,7.125,7.125,6.949052333831787,32400
COO,1991-06-11,7.125,7.3125,6.375,6.75,6.583316326141357,124200
COO,1991-06-12,6.75,7.125,6.75,6.75,6.583316326141357,29267
COO,1991-06-13,6.5625,6.9375,6.5625,6.75,6.583316326141357,24067
COO,1991-06-14,6.9375,7.3125,6.9375,7.125,6.949052333831787,33000
COO,1991-06-17,7.3125,7.5,7.125,7.125,6.949052333831787,22533
COO,1991-06-18,7.125,7.5,7.125,7.5,7.314792633056641,15800
COO,1991-06-19,7.5,7.875,7.3125,7.6875,7.497664451599121,54067
COO,1991-06-20,7.6875,7.6875,7.125,7.5,7.314792633056641,599600
COO,1991-06-21,7.5,7.5,7.3125,7.5,7.314792633056641,24400
COO,1991-06-24,7.5,7.5,7.125,7.125,6.949052333831787,25267
COO,1991-06-25,7.125,7.3125,6.9375,7.3125,7.131923198699951,32200
COO,1991-06-26,7.3125,7.3125,6.9375,6.9375,6.766184329986572,11133
COO,1991-06-27,6.9375,7.125,6.75,7.125,6.949052333831787,7400
COO,1991-06-28,7.125,7.125,6.75,7.125,6.949052333831787,20533
COO,1991-07-01,6.9375,6.9375,6.75,6.9375,6.766184329986572,12733
COO,1991-07-02,6.9375,6.9375,6.5625,6.5625,6.400443077087402,26467
COO,1991-07-03,6.75,6.75,6.5625,6.5625,6.400443077087402,16600
COO,1991-07-05,6.5625,6.5625,6.375,6.5625,6.400443077087402,11800
COO,1991-07-08,6.375,6.5625,6.1875,6.5625,6.400443077087402,69733
COO,1991-07-09,6.5625,6.5625,6.1875,6.1875,6.034702777862549,18067
COO,1991-07-10,6.5625,7.125,6.5625,6.9375,6.766184329986572,68267
COO,1991-07-11,6.75,6.9375,6.75,6.9375,6.766184329986572,30200
COO,1991-07-12,6.75,6.9375,6.75,6.9375,6.766184329986572,6333
COO,1991-07-15,6.9375,6.9375,6.5625,6.9375,6.766184329986572,20267
COO,1991-07-16,6.75,6.9375,6.75,6.75,6.583316326141357,10000
COO,1991-07-17,6.75,6.75,6.375,6.375,6.217576026916504,19733
COO,1991-07-18,6.375,6.5625,6.375,6.375,6.217576026916504,12800
COO,1991-07-19,6.5625,6.5625,6.375,6.375,6.217576026916504,8467
COO,1991-07-22,6.1875,6.75,6.1875,6.75,6.583316326141357,12333
COO,1991-07-23,6.75,7.125,6.75,6.75,6.583316326141357,11000
COO,1991-07-24,6.9375,6.9375,6.5625,6.5625,6.400443077087402,26400
COO,1991-07-25,6.75,6.75,6.75,6.75,6.583316326141357,6067
COO,1991-07-26,6.5625,6.5625,6.5625,6.5625,6.400443077087402,3200
COO,1991-07-29,6.75,6.9375,6.75,6.75,6.583316326141357,11733
COO,1991-07-30,6.75,6.9375,6.75,6.9375,6.766184329986572,4800
COO,1991-07-31,6.9375,7.125,6.75,7.125,6.949052333831787,12067
COO,1991-08-01,7.125,7.125,6.9375,6.9375,6.766184329986572,5067
COO,1991-08-02,6.9375,7.125,6.9375,7.125,6.949052333831787,4933
COO,1991-08-05,7.125,7.3125,6.9375,7.125,6.949052333831787,13467
COO,1991-08-06,6.9375,6.9375,6.75,6.75,6.583316326141357,7600
COO,1991-08-07,6.9375,6.9375,6.75,6.75,6.583316326141357,12867
COO,1991-08-08,6.9375,6.9375,6.5625,6.5625,6.400443077087402,18067
COO,1991-08-09,6.5625,6.75,6.375,6.75,6.583316326141357,12800
COO,1991-08-12,6.75,6.9375,6.5625,6.9375,6.766184329986572,23600
COO,1991-08-13,6.9375,6.9375,6.75,6.75,6.583316326141357,14000
COO,1991-08-14,6.75,6.9375,6.5625,6.5625,6.400443077087402,13800
COO,1991-08-15,6.5625,6.75,6.5625,6.5625,6.400443077087402,9533
COO,1991-08-16,6.75,6.75,6.375,6.5625,6.400443077087402,5733
COO,1991-08-19,6.1875,6.375,5.8125,6.375,6.217576026916504,44667
COO,1991-08-20,6.375,6.5625,6.375,6.375,6.217576026916504,11867
COO,1991-08-21,6.375,6.75,6.375,6.75,6.583316326141357,20867
COO,1991-08-22,6.75,6.9375,6.5625,6.75,6.583316326141357,28933
COO,1991-08-23,6.9375,7.125,6.75,7.125,6.949052333831787,46533
COO,1991-08-26,6.9375,6.9375,6.75,6.9375,6.766184329986572,12600
COO,1991-08-27,6.9375,6.9375,6.5625,6.9375,6.766184329986572,13667
COO,1991-08-28,6.9375,6.9375,6.5625,6.75,6.583316326141357,7133
COO,1991-08-29,6.9375,6.9375,6.375,6.5625,6.400443077087402,21800
COO,1991-08-30,6.375,6.5625,6.375,6.5625,6.400443077087402,8600
COO,1991-09-03,6.375,6.75,6.375,6.75,6.583316326141357,4400
COO,1991-09-04,6.5625,6.75,6.5625,6.5625,6.400443077087402,11933
COO,1991-09-05,6.375,6.75,6.1875,6.5625,6.400443077087402,94867
COO,1991-09-06,6.5625,6.5625,6.375,6.5625,6.400443077087402,31867
COO,1991-09-09,6.5625,6.75,6.5625,6.5625,6.400443077087402,20733
COO,1991-09-10,6.375,6.75,6.375,6.5625,6.400443077087402,28067
COO,1991-09-11,6.75,6.75,6.375,6.5625,6.400443077087402,22600
COO,1991-09-12,6.5625,6.5625,6.375,6.375,6.217576026916504,24133
COO,1991-09-13,6.375,6.5625,6.375,6.375,6.217576026916504,16067
COO,1991-09-16,6.375,6.5625,6.375,6.375,6.217576026916504,37200
COO,1991-09-17,6.375,6.375,6.1875,6.375,6.217576026916504,46800
COO,1991-09-18,6.1875,6.5625,6.1875,6.5625,6.400443077087402,50867
COO,1991-09-19,6.375,6.5625,6.375,6.5625,6.400443077087402,7600
COO,1991-09-20,6.5625,6.5625,6.1875,6.5625,6.400443077087402,35333
COO,1991-09-23,6.5625,7.125,6.5625,6.75,6.583316326141357,102933
COO,1991-09-24,6.9375,6.9375,6.5625,6.75,6.583316326141357,11333
COO,1991-09-25,6.5625,6.75,6.5625,6.75,6.583316326141357,22000
COO,1991-09-26,6.5625,6.75,6.5625,6.5625,6.400443077087402,24067
COO,1991-09-27,6.5625,6.5625,6.375,6.375,6.217576026916504,53800
COO,1991-09-30,6.5625,6.5625,6.1875,6.5625,6.400443077087402,20133
COO,1991-10-01,6.5625,6.5625,6.375,6.5625,6.400443077087402,7200
COO,1991-10-02,6.5625,6.5625,6.375,6.5625,6.400443077087402,12867
COO,1991-10-03,6.375,6.375,6.1875,6.375,6.217576026916504,44467
COO,1991-10-04,6.375,6.375,5.8125,6.0,5.851833343505859,24467
COO,1991-10-07,6.0,6.0,5.625,5.8125,5.6689629554748535,20400
COO,1991-10-08,5.8125,6.0,5.8125,6.0,5.851833343505859,15867
COO,1991-10-09,5.8125,6.0,5.625,6.0,5.851833343505859,11267
COO,1991-10-10,5.8125,5.8125,5.4375,5.8125,5.6689629554748535,30467
COO,1991-10-11,5.8125,5.8125,5.4375,5.625,5.486094951629639,17733
COO,1991-10-14,5.4375,5.625,5.4375,5.4375,5.303225040435791,8933
COO,1991-10-15,5.4375,5.625,5.25,5.625,5.486094951629639,23533
COO,1991-10-16,5.4375,5.4375,5.25,5.4375,5.303225040435791,13067
COO,1991-10-17,5.4375,5.625,5.25,5.625,5.486094951629639,37200
COO,1991-10-18,5.625,5.625,5.25,5.625,5.486094951629639,29400
COO,1991-10-21,5.25,5.25,4.6875,4.875,4.754615783691406,66933
COO,1991-10-22,5.0625,5.0625,4.875,5.0625,4.937483787536621,26133
COO,1991-10-23,4.875,5.0625,4.875,4.875,4.754615783691406,25533
COO,1991-10-24,4.875,5.25,4.875,5.25,5.120355606079102,40533
COO,1991-10-25,5.25,5.25,5.0625,5.25,5.120355606079102,16667
COO,1991-10-28,5.25,5.25,5.0625,5.0625,4.937483787536621,45467
COO,1991-10-29,4.875,5.0625,4.875,5.0625,4.937483787536621,7800
COO,1991-10-30,5.0625,5.0625,4.5,4.875,4.754615783691406,56067
COO,1991-10-31,4.6875,4.875,4.5,4.6875,4.571744918823242,51467
COO,1991-11-01,4.875,4.875,4.6875,4.875,4.754615783691406,14267
COO,1991-11-04,5.0625,5.25,4.875,5.25,5.120355606079102,28200
COO,1991-11-05,5.25,5.25,5.0625,5.0625,4.937483787536621,10667
COO,1991-11-06,4.875,4.875,4.5,4.875,4.754615783691406,17800
COO,1991-11-07,4.875,4.875,4.5,4.875,4.754615783691406,28200
COO,1991-11-08,4.6875,4.875,4.5,4.6875,4.571744918823242,21667
COO,1991-11-11,4.5,4.6875,4.5,4.5,4.3888750076293945,13267
COO,1991-11-12,4.6875,5.4375,4.6875,5.25,5.120355606079102,39467
COO,1991-11-13,5.25,6.1875,5.25,5.8125,5.6689629554748535,94467
COO,1991-11-14,6.0,6.5625,6.0,6.375,6.217576026916504,157000
COO,1991-11-15,6.375,6.375,5.625,5.625,5.486094951629639,56467
COO,1991-11-18,5.8125,6.0,5.0625,5.8125,5.6689629554748535,58533
COO,1991-11-19,5.8125,5.8125,5.25,5.625,5.486094951629639,42333
COO,1991-11-20,5.625,5.8125,5.4375,5.4375,5.303225040435791,22467
COO,1991-11-21,5.625,6.0,5.4375,5.8125,5.6689629554748535,16133
COO,1991-11-22,5.8125,6.1875,5.625,5.625,5.486094951629639,39600
COO,1991-11-25,5.625,6.0,5.625,6.0,5.851833343505859,46733
COO,1991-11-26,5.8125,6.1875,5.625,6.1875,6.034702777862549,66333
COO,1991-11-27,6.0,6.0,5.8125,5.8125,5.6689629554748535,11867
COO,1991-11-29,6.0,6.0,5.8125,6.0,5.851833343505859,3667
COO,1991-12-02,5.8125,5.8125,5.625,5.625,5.486094951629639,35600
COO,1991-12-03,5.625,5.8125,5.4375,5.625,5.486094951629639,17733
COO,1991-12-04,5.625,5.625,5.25,5.25,5.120355606079102,73533
COO,1991-12-05,5.25,5.625,5.25,5.4375,5.303225040435791,18667
COO,1991-12-06,5.4375,5.4375,5.25,5.4375,5.303225040435791,24800
COO,1991-12-09,5.4375,5.4375,5.25,5.25,5.120355606079102,98200
COO,1991-12-10,5.25,5.4375,5.0625,5.4375,5.303225040435791,14933
COO,1991-12-11,5.4375,5.4375,5.0625,5.25,5.120355606079102,7333
COO,1991-12-12,5.0625,5.25,5.0625,5.0625,4.937483787536621,4733
COO,1991-12-13,5.0625,5.25,5.0625,5.0625,4.937483787536621,24600
COO,1991-12-16,5.0625,5.25,4.875,5.0625,4.937483787536621,32067
COO,1991-12-17,5.0625,5.25,4.875,5.0625,4.937483787536621,43000
COO,1991-12-18,5.25,5.25,4.875,5.0625,4.937483787536621,47200
COO,1991-12-19,5.0625,5.25,4.6875,4.875,4.754615783691406,37133
COO,1991-12-20,4.875,5.0625,4.5,4.875,4.754615783691406,477000
COO,1991-12-23,4.875,5.0625,4.6875,4.875,4.754615783691406,52067
COO,1991-12-24,5.0625,5.25,4.875,4.875,4.754615783691406,20067
COO,1991-12-26,5.0625,5.25,4.875,4.875,4.754615783691406,17733
COO,1991-12-27,5.0625,5.0625,4.875,5.0625,4.937483787536621,17200
COO,1991-12-30,5.0625,5.0625,4.875,4.875,4.754615783691406,33000
COO,1991-12-31,4.875,5.0625,4.6875,5.0625,4.937483787536621,124667
COO,1992-01-02,5.0625,5.0625,4.875,4.875,4.754615783691406,50667
COO,1992-01-03,4.6875,5.0625,4.6875,5.0625,4.937483787536621,46867
COO,1992-01-06,5.0625,5.25,4.875,4.875,4.754615783691406,51867
COO,1992-01-07,5.0625,5.0625,4.6875,4.875,4.754615783691406,46400
COO,1992-01-08,4.875,5.0625,4.6875,4.875,4.754615783691406,35267
COO,1992-01-09,5.0625,5.25,4.875,5.0625,4.937483787536621,51867
COO,1992-01-10,5.0625,5.8125,5.0625,5.4375,5.303225040435791,148267
COO,1992-01-13,5.625,5.625,5.25,5.25,5.120355606079102,49733
COO,1992-01-14,5.4375,5.625,5.25,5.625,5.486094951629639,50467
COO,1992-01-15,5.625,6.1875,5.4375,6.0,5.851833343505859,227467
COO,1992-01-16,6.0,6.0,5.8125,6.0,5.851833343505859,188400
COO,1992-01-17,5.8125,6.1875,5.8125,6.0,5.851833343505859,154067
COO,1992-01-20,5.8125,6.0,5.625,5.8125,5.6689629554748535,37800
COO,1992-01-21,6.0,6.0,5.625,5.8125,5.6689629554748535,168667
COO,1992-01-22,5.8125,6.0,5.625,6.0,5.851833343505859,85933
COO,1992-01-23,6.0,6.1875,5.8125,6.0,5.851833343505859,80400
COO,1992-01-24,5.8125,6.375,5.8125,6.375,6.217576026916504,72000
COO,1992-01-27,6.375,6.5625,6.1875,6.5625,6.400443077087402,48000
COO,1992-01-28,6.375,6.5625,6.1875,6.5625,6.400443077087402,94667
COO,1992-01-29,6.5625,6.5625,6.1875,6.375,6.217576026916504,40200
COO,1992-01-30,6.1875,6.5625,6.1875,6.1875,6.034702777862549,55333
COO,1992-01-31,6.1875,6.5625,6.1875,6.5625,6.400443077087402,58333
COO,1992-02-03,6.5625,6.5625,6.1875,6.375,6.217576026916504,57133
COO,1992-02-04,6.375,6.5625,6.1875,6.375,6.217576026916504,29267
COO,1992-02-05,6.5625,6.5625,6.0,6.0,5.851833343505859,34267
COO,1992-02-06,6.0,6.0,5.8125,5.8125,5.6689629554748535,23533
COO,1992-02-07,5.8125,6.0,5.4375,5.8125,5.6689629554748535,26667
COO,1992-02-10,5.8125,5.8125,5.25,5.4375,5.303225040435791,73000
COO,1992-02-11,5.4375,5.625,5.25,5.4375,5.303225040435791,92133
COO,1992-02-12,5.25,5.4375,5.0625,5.25,5.120355606079102,84267
COO,1992-02-13,5.25,5.25,4.875,4.875,4.754615783691406,76000
COO,1992-02-14,5.0625,5.25,4.875,5.0625,4.937483787536621,28933
COO,1992-02-18,5.25,5.4375,5.0625,5.0625,4.937483787536621,49133
COO,1992-02-19,5.0625,5.25,4.875,5.0625,4.937483787536621,19200
COO,1992-02-20,4.875,5.25,4.875,5.25,5.120355606079102,52000
COO,1992-02-21,5.25,5.4375,5.0625,5.4375,5.303225040435791,27600
COO,1992-02-24,5.4375,5.625,5.25,5.4375,5.303225040435791,35800
COO,1992-02-25,5.625,5.625,5.4375,5.625,5.486094951629639,6267
COO,1992-02-26,5.4375,5.4375,5.0625,5.0625,4.937483787536621,22867
COO,1992-02-27,5.25,5.25,5.0625,5.25,5.120355606079102,10933
COO,1992-02-28,5.25,5.25,5.0625,5.0625,4.937483787536621,29333
COO,1992-03-02,5.25,5.25,5.0625,5.0625,4.937483787536621,11133
COO,1992-03-03,4.875,5.25,4.875,5.0625,4.937483787536621,39933
COO,1992-03-04,5.25,5.25,5.0625,5.0625,4.937483787536621,42933
COO,1992-03-05,5.25,5.25,5.0625,5.0625,4.937483787536621,21333
COO,1992-03-06,4.875,4.875,4.875,4.875,4.754615783691406,32200
COO,1992-03-09,5.0625,5.4375,5.0625,5.4375,5.303225040435791,35200
COO,1992-03-10,5.4375,5.625,5.25,5.625,5.486094951629639,35933
COO,1992-03-11,5.625,5.625,5.25,5.4375,5.303225040435791,25933
COO,1992-03-12,5.4375,5.4375,5.25,5.4375,5.303225040435791,10733
COO,1992-03-13,5.625,5.625,5.0625,5.25,5.120355606079102,31400
COO,1992-03-16,5.0625,5.25,4.875,4.875,4.754615783691406,33667
COO,1992-03-17,4.875,5.0625,4.875,4.875,4.754615783691406,32800
COO,1992-03-18,4.875,5.0625,4.5,4.6875,4.571744918823242,99333
COO,1992-03-19,4.5,5.0625,4.5,5.0625,4.937483787536621,100600
COO,1992-03-20,5.0625,5.25,5.0625,5.25,5.120355606079102,62333
COO,1992-03-23,5.25,5.4375,5.0625,5.25,5.120355606079102,35200
COO,1992-03-24,5.25,5.4375,5.0625,5.4375,5.303225040435791,27200
COO,1992-03-25,5.4375,5.8125,5.4375,5.4375,5.303225040435791,136333
COO,1992-03-26,5.4375,5.625,5.25,5.4375,5.303225040435791,38467
COO,1992-03-27,5.4375,5.4375,5.25,5.4375,5.303225040435791,37533
COO,1992-03-30,5.625,6.0,5.4375,5.8125,5.6689629554748535,51000
COO,1992-03-31,6.0,6.0,5.4375,5.625,5.486094951629639,32000
COO,1992-04-01,5.625,5.625,5.25,5.4375,5.303225040435791,5933
COO,1992-04-02,5.0625,5.25,5.0625,5.25,5.120355606079102,24067
COO,1992-04-03,5.0625,5.0625,4.875,5.0625,4.937483787536621,33733
COO,1992-04-06,4.875,5.25,4.875,5.25,5.120355606079102,30133
COO,1992-04-07,5.0625,5.25,5.0625,5.25,5.120355606079102,8467
COO,1992-04-08,5.0625,5.0625,4.875,4.875,4.754615783691406,44667
COO,1992-04-09,4.875,5.0625,4.6875,4.6875,4.571744918823242,52267
COO,1992-04-10,4.875,4.875,4.6875,4.6875,4.571744918823242,57267
COO,1992-04-13,4.875,4.875,4.5,4.6875,4.571744918823242,81067
COO,1992-04-14,4.6875,4.875,4.6875,4.875,4.754615783691406,31333
COO,1992-04-15,4.875,5.0625,4.6875,4.875,4.754615783691406,23000
COO,1992-04-16,4.875,5.0625,4.875,5.0625,4.937483787536621,10933
COO,1992-04-20,5.0625,5.0625,4.6875,4.6875,4.571744918823242,27733
COO,1992-04-21,4.6875,4.6875,4.5,4.5,4.3888750076293945,45467
COO,1992-04-22,4.5,4.6875,4.5,4.6875,4.571744918823242,18667
COO,1992-04-23,4.6875,4.6875,4.5,4.6875,4.571744918823242,15333
COO,1992-04-24,4.6875,4.6875,4.5,4.6875,4.571744918823242,26800
COO,1992-04-27,4.6875,4.6875,4.3125,4.5,4.3888750076293945,66200
COO,1992-04-28,4.5,5.25,4.3125,5.0625,4.937483787536621,100400
COO,1992-04-29,5.0625,5.4375,5.0625,5.25,5.120355606079102,104200
COO,1992-04-30,5.4375,5.4375,5.25,5.25,5.120355606079102,38800
COO,1992-05-01,5.25,5.25,4.5,4.875,4.754615783691406,141467
COO,1992-05-04,4.6875,4.875,4.6875,4.875,4.754615783691406,13533
COO,1992-05-05,4.6875,4.875,4.6875,4.875,4.754615783691406,7800
COO,1992-05-06,4.6875,4.875,4.6875,4.875,4.754615783691406,15200
COO,1992-05-07,4.875,4.875,4.6875,4.6875,4.571744918823242,87733
COO,1992-05-08,4.6875,5.0625,4.6875,4.875,4.754615783691406,48800
COO,1992-05-11,4.875,5.0625,4.875,4.875,4.754615783691406,6733
COO,1992-05-12,4.875,4.875,4.6875,4.875,4.754615783691406,20800
COO,1992-05-13,4.875,5.0625,4.6875,4.875,4.754615783691406,15533
COO,1992-05-14,4.6875,4.875,4.6875,4.875,4.754615783691406,3600
COO,1992-05-15,4.875,4.875,4.6875,4.875,4.754615783691406,31533
COO,1992-05-18,4.6875,4.875,4.5,4.6875,4.571744918823242,12800
COO,1992-05-19,4.6875,4.6875,4.5,4.6875,4.571744918823242,10600
COO,1992-05-20,4.6875,4.6875,4.5,4.5,4.3888750076293945,7933
COO,1992-05-21,4.6875,4.6875,4.5,4.6875,4.571744918823242,17067
COO,1992-05-22,4.5,4.6875,4.3125,4.5,4.3888750076293945,149867
COO,1992-05-26,4.6875,4.875,4.5,4.6875,4.571744918823242,87800
COO,1992-05-27,4.6875,4.6875,4.3125,4.5,4.3888750076293945,50333
COO,1992-05-28,4.5,4.6875,4.3125,4.6875,4.571744918823242,18267
COO,1992-05-29,4.6875,4.6875,4.5,4.6875,4.571744918823242,70200
COO,1992-06-01,4.5,4.6875,4.5,4.5,4.3888750076293945,46200
COO,1992-06-02,4.5,4.6875,4.5,4.5,4.3888750076293945,20867
COO,1992-06-03,4.5,4.875,4.5,4.6875,4.571744918823242,65600
COO,1992-06-04,4.875,4.875,4.5,4.5,4.3888750076293945,41600
COO,1992-06-05,4.5,4.6875,4.5,4.5,4.3888750076293945,43200
COO,1992-06-08,4.6875,4.6875,4.5,4.5,4.3888750076293945,22133
COO,1992-06-09,4.6875,4.875,4.6875,4.6875,4.571744918823242,133000
COO,1992-06-10,4.875,4.875,4.6875,4.6875,4.571744918823242,19533
COO,1992-06-11,4.6875,4.875,4.5,4.875,4.754615783691406,26333
COO,1992-06-12,4.875,4.875,4.6875,4.6875,4.571744918823242,94467
COO,1992-06-15,4.6875,4.6875,4.5,4.5,4.3888750076293945,22000
COO,1992-06-16,4.6875,4.6875,4.3125,4.5,4.3888750076293945,45000
COO,1992-06-17,4.3125,4.5,4.3125,4.3125,4.2060065269470215,25800
COO,1992-06-18,4.3125,4.5,4.3125,4.3125,4.2060065269470215,52533
COO,1992-06-19,4.3125,4.5,4.3125,4.3125,4.2060065269470215,22600
COO,1992-06-22,4.3125,4.5,4.125,4.3125,4.2060065269470215,64067
COO,1992-06-23,4.125,4.125,3.9375,3.9375,3.840266704559326,18400
COO,1992-06-24,3.9375,4.125,3.9375,4.125,4.023135662078857,59667
COO,1992-06-25,4.125,4.125,3.75,3.9375,3.840266704559326,49000
COO,1992-06-26,3.9375,3.9375,3.75,3.75,3.65739631652832,25000
COO,1992-06-29,3.75,3.9375,3.75,3.75,3.65739631652832,20400
COO,1992-06-30,3.75,3.75,3.375,3.75,3.65739631652832,58067
COO,1992-07-01,3.75,3.75,3.5625,3.75,3.65739631652832,19667
COO,1992-07-02,3.75,3.75,3.5625,3.5625,3.4745261669158936,46467
COO,1992-07-06,3.75,4.125,3.75,4.125,4.023135662078857,40933
COO,1992-07-07,4.3125,4.3125,4.125,4.125,4.023135662078857,12867
COO,1992-07-08,3.9375,4.125,3.75,4.125,4.023135662078857,11533
COO,1992-07-09,4.3125,4.3125,4.125,4.125,4.023135662078857,11733
COO,1992-07-10,4.3125,4.3125,3.9375,4.125,4.023135662078857,3867
COO,1992-07-13,3.9375,3.9375,3.75,3.9375,3.840266704559326,44667
COO,1992-07-14,4.125,4.125,3.75,3.75,3.65739631652832,89400
COO,1992-07-15,3.9375,4.125,3.9375,3.9375,3.840266704559326,5800
COO,1992-07-16,3.9375,4.125,3.9375,4.125,4.023135662078857,13333
COO,1992-07-17,4.125,4.125,3.9375,4.125,4.023135662078857,11800
COO,1992-07-20,4.125,4.125,3.9375,3.9375,3.840266704559326,8733
COO,1992-07-21,4.125,4.125,3.9375,3.9375,3.840266704559326,4933
COO,1992-07-22,3.9375,4.125,3.75,3.75,3.65739631652832,9733
COO,1992-07-23,3.75,3.9375,3.75,3.9375,3.840266704559326,8333
COO,1992-07-24,3.9375,4.125,3.9375,3.9375,3.840266704559326,23533
COO,1992-07-27,4.125,4.3125,3.9375,4.3125,4.2060065269470215,11067
COO,1992-07-28,4.3125,4.3125,4.125,4.125,4.023135662078857,22800
COO,1992-07-29,4.125,4.3125,3.9375,4.125,4.023135662078857,11200
COO,1992-07-30,4.125,4.3125,4.125,4.125,4.023135662078857,5933
COO,1992-07-31,4.125,4.125,3.9375,3.9375,3.840266704559326,20400
COO,1992-08-03,3.9375,4.125,3.9375,3.9375,3.840266704559326,23867
COO,1992-08-04,4.125,4.125,3.9375,3.9375,3.840266704559326,4600
COO,1992-08-05,3.9375,4.125,3.9375,3.9375,3.840266704559326,16600
COO,1992-08-06,3.9375,3.9375,3.9375,3.9375,3.840266704559326,2400
COO,1992-08-07,3.9375,4.125,3.9375,4.125,4.023135662078857,24867
COO,1992-08-10,3.9375,4.125,3.9375,3.9375,3.840266704559326,7600
COO,1992-08-11,3.9375,4.125,3.75,4.125,4.023135662078857,8800
COO,1992-08-12,3.9375,3.9375,3.75,3.9375,3.840266704559326,7600
COO,1992-08-13,3.9375,3.9375,3.75,3.9375,3.840266704559326,21267
COO,1992-08-14,3.75,3.9375,3.75,3.9375,3.840266704559326,2333
COO,1992-08-17,3.75,3.9375,3.75,3.75,3.65739631652832,7533
COO,1992-08-18,3.75,3.9375,3.5625,3.75,3.65739631652832,67600
COO,1992-08-19,3.75,3.75,3.5625,3.5625,3.4745261669158936,21200
COO,1992-08-20,3.5625,3.75,3.5625,3.75,3.65739631652832,5733
COO,1992-08-21,3.5625,3.75,3.5625,3.5625,3.4745261669158936,26200
COO,1992-08-24,3.5625,3.5625,3.5625,3.5625,3.4745261669158936,35867
COO,1992-08-25,3.5625,3.75,3.5625,3.5625,3.4745261669158936,11600
COO,1992-08-26,3.5625,3.5625,3.5625,3.5625,3.4745261669158936,69733
COO,1992-08-27,3.5625,3.5625,3.375,3.375,3.2916581630706787,66067
COO,1992-08-28,3.375,3.5625,3.1875,3.375,3.2916581630706787,28533
COO,1992-08-31,3.1875,3.375,3.1875,3.375,3.2916581630706787,31533
COO,1992-09-01,3.375,3.375,3.1875,3.375,3.2916581630706787,7600
COO,1992-09-02,3.375,3.375,3.1875,3.1875,3.108788013458252,16133
COO,1992-09-03,3.375,3.375,3.1875,3.1875,3.108788013458252,25400
COO,1992-09-04,3.375,3.375,3.1875,3.375,3.2916581630706787,11600
COO,1992-09-08,3.1875,3.375,3.1875,3.1875,3.108788013458252,24267
COO,1992-09-09,3.0,3.1875,3.0,3.0,2.9259166717529297,12267
COO,1992-09-10,3.0,3.1875,2.8125,2.8125,2.74304747581482,40933
COO,1992-09-11,2.8125,3.0,2.8125,3.0,2.9259166717529297,35600
COO,1992-09-14,3.0,3.1875,3.0,3.0,2.9259166717529297,20600
COO,1992-09-15,3.0,3.1875,3.0,3.0,2.9259166717529297,26667
COO,1992-09-16,3.0,3.1875,3.0,3.0,2.9259166717529297,55467
COO,1992-09-17,3.1875,3.1875,3.0,3.0,2.9259166717529297,2467
COO,1992-09-18,3.0,3.0,2.8125,3.0,2.9259166717529297,29533
COO,1992-09-21,3.0,3.1875,3.0,3.1875,3.108788013458252,44600
COO,1992-09-22,3.1875,3.1875,3.0,3.0,2.9259166717529297,19333
COO,1992-09-23,3.1875,3.375,3.0,3.375,3.2916581630706787,13267
COO,1992-09-24,3.375,3.375,3.1875,3.375,3.2916581630706787,7267
COO,1992-09-25,3.375,3.375,3.1875,3.375,3.2916581630706787,11333
COO,1992-09-28,3.1875,3.1875,3.1875,3.1875,3.108788013458252,2800
COO,1992-09-29,3.375,3.375,3.0,3.1875,3.108788013458252,4467
COO,1992-09-30,3.0,3.1875,3.0,3.1875,3.108788013458252,10000
COO,1992-10-01,3.0,3.0,2.8125,2.8125,2.74304747581482,118000
COO,1992-10-02,2.8125,3.0,2.8125,2.8125,2.74304747581482,22533
COO,1992-10-05,2.8125,3.0,2.625,2.8125,2.74304747581482,22133
COO,1992-10-06,3.0,3.0,2.8125,2.8125,2.74304747581482,9133
COO,1992-10-07,3.0,3.0,2.8125,2.8125,2.74304747581482,6933
COO,1992-10-08,3.0,3.1875,2.8125,3.0,2.9259166717529297,14667
COO,1992-10-09,2.8125,3.0,2.8125,3.0,2.9259166717529297,7000
COO,1992-10-12,3.0,3.0,2.8125,2.8125,2.74304747581482,867
COO,1992-10-13,2.8125,2.8125,2.8125,2.8125,2.74304747581482,8400
COO,1992-10-14,2.8125,3.0,2.8125,2.8125,2.74304747581482,21467
COO,1992-10-15,2.8125,2.8125,2.625,2.625,2.560177803039551,5133
COO,1992-10-16,2.625,2.8125,2.625,2.8125,2.74304747581482,17733
COO,1992-10-19,2.8125,2.8125,2.625,2.625,2.560177803039551,24467
COO,1992-10-20,2.8125,2.8125,2.4375,2.4375,2.377307891845703,17933
COO,1992-10-21,2.625,2.625,2.4375,2.4375,2.377307891845703,95933
COO,1992-10-22,2.625,2.625,2.4375,2.625,2.560177803039551,3000
COO,1992-10-23,2.625,2.625,2.25,2.4375,2.377307891845703,37267
COO,1992-10-26,2.4375,2.8125,2.25,2.25,2.1944375038146973,48267
COO,1992-10-27,2.4375,2.4375,2.25,2.25,2.1944375038146973,12067
COO,1992-10-28,2.25,2.4375,2.25,2.25,2.1944375038146973,31400
COO,1992-10-29,2.25,2.4375,2.25,2.25,2.1944375038146973,41200
COO,1992-10-30,2.4375,2.625,1.6875,2.0625,2.0115678310394287,83933
COO,1992-11-02,1.875,2.0625,1.3125,1.5,1.4629583358764648,269133
COO,1992-11-03,1.5,1.6875,1.5,1.5,1.4629583358764648,224733
COO,1992-11-04,1.6875,1.6875,1.5,1.6875,1.6458290815353394,70133
COO,1992-11-05,1.6875,1.6875,1.5,1.6875,1.6458290815353394,169933
COO,1992-11-06,1.6875,1.875,1.6875,1.875,1.82869815826416,24467
COO,1992-11-09,1.875,1.875,1.5,1.6875,1.6458290815353394,86133
COO,1992-11-10,1.875,1.875,1.5,1.6875,1.6458290815353394,58467
COO,1992-11-11,1.6875,1.6875,1.5,1.6875,1.6458290815353394,224733
COO,1992-11-12,1.6875,1.875,1.5,1.6875,1.6458290815353394,44000
COO,1992-11-13,1.5,1.875,1.5,1.6875,1.6458290815353394,20267
COO,1992-11-16,1.6875,1.6875,1.5,1.5,1.4629583358764648,61067
COO,1992-11-17,1.6875,1.6875,1.5,1.5,1.4629583358764648,16267
COO,1992-11-18,1.5,1.6875,1.5,1.5,1.4629583358764648,15933
COO,1992-11-19,1.6875,1.6875,1.5,1.5,1.4629583358764648,13067
COO,1992-11-20,1.6875,1.6875,1.5,1.6875,1.6458290815353394,11667
COO,1992-11-23,1.6875,1.875,1.6875,1.6875,1.6458290815353394,83200
COO,1992-11-24,1.875,1.875,1.6875,1.875,1.82869815826416,87667
COO,1992-11-25,1.875,1.875,1.5,1.6875,1.6458290815353394,104200
COO,1992-11-27,1.6875,1.875,1.6875,1.6875,1.6458290815353394,68267
COO,1992-11-30,1.6875,1.875,1.5,1.875,1.82869815826416,45667
COO,1992-12-01,1.6875,1.875,1.5,1.6875,1.6458290815353394,70067
COO,1992-12-02,1.6875,2.0625,1.6875,1.875,1.82869815826416,64933
COO,1992-12-03,1.875,2.0625,1.6875,1.875,1.82869815826416,25067
COO,1992-12-04,1.875,2.0625,1.6875,1.875,1.82869815826416,23667
COO,1992-12-07,1.6875,1.875,1.6875,1.6875,1.6458290815353394,48600
COO,1992-12-08,1.6875,1.875,1.6875,1.875,1.82869815826416,21933
COO,1992-12-09,1.875,1.875,1.6875,1.6875,1.6458290815353394,29800
COO,1992-12-10,1.6875,1.875,1.6875,1.875,1.82869815826416,27800
COO,1992-12-11,1.875,1.875,1.5,1.6875,1.6458290815353394,54133
COO,1992-12-14,1.5,1.6875,1.5,1.5,1.4629583358764648,27667
COO,1992-12-15,1.5,1.6875,1.5,1.5,1.4629583358764648,32733
COO,1992-12-16,1.5,1.6875,1.5,1.6875,1.6458290815353394,7333
COO,1992-12-17,1.5,1.6875,1.5,1.5,1.4629583358764648,91733
COO,1992-12-18,1.5,1.6875,1.5,1.5,1.4629583358764648,79133
COO,1992-12-21,1.6875,1.6875,1.5,1.5,1.4629583358764648,40800
COO,1992-12-22,1.5,1.875,1.5,1.6875,1.6458290815353394,32667
COO,1992-12-23,1.6875,1.875,1.6875,1.6875,1.6458290815353394,27467
COO,1992-12-24,1.6875,1.875,1.6875,1.6875,1.6458290815353394,78533
COO,1992-12-28,1.6875,1.6875,1.5,1.6875,1.6458290815353394,144533
COO,1992-12-29,1.6875,1.875,1.6875,1.6875,1.6458290815353394,173000
COO,1992-12-30,1.6875,1.875,1.6875,1.6875,1.6458290815353394,42067
COO,1992-12-31,1.6875,1.875,1.6875,1.875,1.82869815826416,73733
COO,1993-01-04,1.875,1.875,1.6875,1.875,1.82869815826416,27400
COO,1993-01-05,1.875,1.875,1.6875,1.875,1.82869815826416,12667
COO,1993-01-06,1.6875,1.875,1.6875,1.875,1.82869815826416,13600
COO,1993-01-07,1.6875,1.875,1.6875,1.6875,1.6458290815353394,18933
COO,1993-01-08,1.6875,1.875,1.6875,1.875,1.82869815826416,69133
COO,1993-01-11,1.6875,1.875,1.6875,1.875,1.82869815826416,10200
COO,1993-01-12,1.6875,1.875,1.6875,1.6875,1.6458290815353394,14667
COO,1993-01-13,1.6875,1.6875,1.6875,1.6875,1.6458290815353394,6067
COO,1993-01-14,1.6875,1.875,1.6875,1.875,1.82869815826416,5600
COO,1993-01-15,1.875,1.875,1.6875,1.6875,1.6458290815353394,4867
COO,1993-01-18,1.6875,1.875,1.6875,1.875,1.82869815826416,9867
COO,1993-01-19,1.875,1.875,1.5,1.6875,1.6458290815353394,19200
COO,1993-01-20,1.5,1.6875,1.5,1.5,1.4629583358764648,8400
COO,1993-01-21,1.5,1.6875,1.5,1.6875,1.6458290815353394,46333
COO,1993-01-22,1.6875,1.6875,1.5,1.6875,1.6458290815353394,24133
COO,1993-01-25,1.6875,1.6875,1.6875,1.6875,1.6458290815353394,13867
COO,1993-01-26,1.6875,1.6875,1.5,1.6875,1.6458290815353394,12733
COO,1993-01-27,1.6875,1.6875,1.5,1.6875,1.6458290815353394,19667
COO,1993-01-28,1.6875,1.6875,1.5,1.6875,1.6458290815353394,12000
COO,1993-01-29,1.5,1.6875,1.5,1.6875,1.6458290815353394,8200
COO,1993-02-01,1.6875,1.6875,1.5,1.6875,1.6458290815353394,16933
COO,1993-02-02,1.5,1.6875,1.3125,1.40625,1.3715237379074097,557467
COO,1993-02-03,1.3125,1.40625,1.125,1.21875,1.1886539459228516,236733
COO,1993-02-04,1.21875,1.21875,0.9375,1.03125,1.0057839155197144,84000
COO,1993-02-05,1.03125,1.40625,1.03125,1.21875,1.1886539459228516,82867
COO,1993-02-08,1.21875,1.21875,1.03125,1.03125,1.0057839155197144,166267
COO,1993-02-09,1.03125,1.125,1.03125,1.03125,1.0057839155197144,46467
COO,1993-02-10,1.03125,1.125,0.9375,1.125,1.0972187519073486,561533
COO,1993-02-11,1.21875,1.21875,1.03125,1.21875,1.1886539459228516,44067
COO,1993-02-12,1.125,1.21875,1.125,1.21875,1.1886539459228516,12600
COO,1993-02-16,1.21875,1.21875,1.03125,1.125,1.0972187519073486,40800
COO,1993-02-17,1.03125,1.21875,1.03125,1.21875,1.1886539459228516,12067
COO,1993-02-18,1.21875,1.21875,1.125,1.125,1.0972187519073486,35733
COO,1993-02-19,1.21875,1.21875,0.9375,1.03125,1.0057839155197144,226933
COO,1993-02-22,1.125,1.125,0.84375,0.9375,0.91434907913208,247000
COO,1993-02-23,0.9375,1.03125,0.84375,1.03125,1.0057839155197144,40200
COO,1993-02-24,0.9375,1.03125,0.9375,1.03125,1.0057839155197144,19467
COO,1993-02-25,0.9375,0.9375,0.75,0.84375,0.8229145407676697,81333
COO,1993-02-26,0.84375,0.9375,0.84375,0.84375,0.8229145407676697,33200
COO,1993-03-01,0.84375,0.9375,0.84375,0.9375,0.91434907913208,22733
COO,1993-03-02,0.9375,0.9375,0.84375,0.84375,0.8229145407676697,4800
COO,1993-03-03,0.9375,0.9375,0.84375,0.9375,0.91434907913208,15533
COO,1993-03-04,0.9375,0.9375,0.84375,0.9375,0.91434907913208,12067
COO,1993-03-05,0.9375,0.9375,0.84375,0.9375,0.91434907913208,37600
COO,1993-03-08,0.9375,1.125,0.84375,0.9375,0.91434907913208,15867
COO,1993-03-09,0.9375,0.9375,0.84375,0.84375,0.8229145407676697,23200
COO,1993-03-10,0.84375,0.84375,0.84375,0.84375,0.8229145407676697,23800
COO,1993-03-11,0.9375,0.9375,0.75,0.84375,0.8229145407676697,28267
COO,1993-03-12,0.84375,0.84375,0.75,0.75,0.7314791679382324,13867
COO,1993-03-15,0.75,0.9375,0.75,0.84375,0.8229145407676697,9933
COO,1993-03-16,0.9375,0.9375,0.84375,0.84375,0.8229145407676697,6067
COO,1993-03-17,0.9375,0.9375,0.84375,0.9375,0.91434907913208,16600
COO,1993-03-18,0.84375,0.9375,0.84375,0.9375,0.91434907913208,11133
COO,1993-03-19,0.9375,0.9375,0.84375,0.9375,0.91434907913208,7067
COO,1993-03-22,0.84375,0.9375,0.84375,0.84375,0.8229145407676697,5333
COO,1993-03-23,0.84375,0.9375,0.84375,0.84375,0.8229145407676697,10133
COO,1993-03-24,0.84375,0.9375,0.84375,0.84375,0.8229145407676697,30733
COO,1993-03-25,0.84375,1.03125,0.84375,1.03125,1.0057839155197144,13667
COO,1993-03-26,0.9375,1.03125,0.84375,0.9375,0.91434907913208,8533
COO,1993-03-29,1.03125,1.125,1.03125,1.03125,1.0057839155197144,53733
COO,1993-03-30,1.03125,1.125,0.9375,0.9375,0.91434907913208,109400
COO,1993-03-31,0.9375,0.9375,0.9375,0.9375,0.91434907913208,15667
COO,1993-04-01,0.9375,0.9375,0.84375,0.9375,0.91434907913208,107267
COO,1993-04-02,0.9375,0.9375,0.84375,0.9375,0.91434907913208,46800
COO,1993-04-05,0.9375,0.9375,0.84375,0.9375,0.91434907913208,5600
COO,1993-04-06,0.9375,0.9375,0.75,0.84375,0.8229145407676697,33733
COO,1993-04-07,0.84375,0.9375,0.84375,0.84375,0.8229145407676697,10933
COO,1993-04-08,0.84375,0.84375,0.84375,0.84375,0.8229145407676697,14333
COO,1993-04-12,1.03125,1.03125,0.75,0.84375,0.8229145407676697,386333
COO,1993-04-13,0.75,0.9375,0.75,0.75,0.7314791679382324,23067
COO,1993-04-14,0.75,0.9375,0.703125,0.75,0.7314791679382324,41733
COO,1993-04-15,0.703125,0.75,0.65625,0.65625,0.6400444507598877,54400
COO,1993-04-16,0.65625,0.75,0.65625,0.75,0.7314791679382324,27000
COO,1993-04-19,0.75,0.75,0.703125,0.703125,0.6857618689537048,14800
COO,1993-04-20,0.75,0.75,0.65625,0.65625,0.6400444507598877,60267
COO,1993-04-21,0.65625,0.75,0.65625,0.65625,0.6400444507598877,14933
COO,1993-04-22,0.703125,0.75,0.703125,0.703125,0.6857618689537048,4000
COO,1993-04-23,0.703125,0.703125,0.65625,0.65625,0.6400444507598877,8400
COO,1993-04-26,0.75,0.75,0.609375,0.609375,0.5943269729614258,3067
COO,1993-04-27,0.65625,0.65625,0.609375,0.65625,0.6400444507598877,5533
COO,1993-04-28,0.65625,0.703125,0.609375,0.65625,0.6400444507598877,20333
COO,1993-04-29,0.65625,0.703125,0.65625,0.65625,0.6400444507598877,25800
COO,1993-04-30,0.65625,0.65625,0.609375,0.65625,0.6400444507598877,11067
COO,1993-05-03,0.65625,0.65625,0.5625,0.609375,0.5943269729614258,227733
COO,1993-05-04,0.609375,0.703125,0.609375,0.609375,0.5943269729614258,6000
COO,1993-05-05,0.609375,0.609375,0.5625,0.5625,0.5486093759536743,11533
COO,1993-05-06,0.609375,0.609375,0.5625,0.5625,0.5486093759536743,10267
COO,1993-05-07,0.609375,0.609375,0.5625,0.5625,0.5486093759536743,8533
COO,1993-05-10,0.609375,0.609375,0.515625,0.5625,0.5486093759536743,49267
COO,1993-05-11,0.5625,0.65625,0.5625,0.5625,0.5486093759536743,24933
COO,1993-05-12,0.5625,0.609375,0.5625,0.5625,0.5486093759536743,15000
COO,1993-05-13,0.609375,0.65625,0.609375,0.65625,0.6400444507598877,5467
COO,1993-05-14,0.65625,0.65625,0.5625,0.5625,0.5486093759536743,16267
COO,1993-05-17,0.515625,0.609375,0.515625,0.609375,0.5943269729614258,19067
COO,1993-05-18,0.5625,0.703125,0.5625,0.703125,0.6857618689537048,18133
COO,1993-05-19,0.703125,0.703125,0.5625,0.609375,0.5943269729614258,26133
COO,1993-05-20,0.5625,0.609375,0.5625,0.609375,0.5943269729614258,16067
COO,1993-05-21,0.5625,0.609375,0.5625,0.5625,0.5486093759536743,15000
COO,1993-05-24,0.609375,0.703125,0.609375,0.609375,0.5943269729614258,42000
COO,1993-05-25,0.65625,0.703125,0.609375,0.65625,0.6400444507598877,39467
COO,1993-05-26,0.65625,0.65625,0.609375,0.65625,0.6400444507598877,4533
COO,1993-05-27,0.609375,0.65625,0.609375,0.609375,0.5943269729614258,3733
COO,1993-05-28,0.609375,0.609375,0.609375,0.609375,0.5943269729614258,2733
COO,1993-06-01,0.65625,0.65625,0.609375,0.609375,0.5943269729614258,18000
COO,1993-06-02,0.609375,0.609375,0.609375,0.609375,0.5943269729614258,5267
COO,1993-06-03,0.609375,0.65625,0.609375,0.65625,0.6400444507598877,9400
COO,1993-06-04,0.65625,0.65625,0.609375,0.65625,0.6400444507598877,9000
COO,1993-06-07,0.75,1.125,0.65625,1.125,1.0972187519073486,155333
COO,1993-06-08,1.125,1.3125,0.84375,0.9375,0.91434907913208,110133
COO,1993-06-09,0.9375,1.03125,0.84375,0.9375,0.91434907913208,13867
COO,1993-06-10,0.84375,0.9375,0.84375,0.9375,0.91434907913208,48333
COO,1993-06-11,0.9375,0.9375,0.84375,0.890625,0.8686315417289734,17400
COO,1993-06-14,0.9375,1.03125,0.84375,0.84375,0.8229145407676697,18933
COO,1993-06-15,0.9375,0.9375,0.84375,0.9375,0.91434907913208,5733
COO,1993-06-16,0.84375,0.84375,0.75,0.75,0.7314791679382324,69200
COO,1993-06-17,0.84375,0.84375,0.75,0.75,0.7314791679382324,21600
COO,1993-06-18,0.75,0.84375,0.75,0.75,0.7314791679382324,48867
COO,1993-06-21,0.75,0.75,0.65625,0.65625,0.6400444507598877,50333
COO,1993-06-22,0.65625,0.65625,0.5625,0.609375,0.5943269729614258,53400
COO,1993-06-23,0.609375,0.65625,0.5625,0.65625,0.6400444507598877,253533
COO,1993-06-24,0.609375,0.65625,0.5625,0.5625,0.5486093759536743,22667
COO,1993-06-25,0.5625,0.609375,0.5625,0.5625,0.5486093759536743,23867
COO,1993-06-28,0.5625,0.609375,0.5625,0.5625,0.5486093759536743,18200
COO,1993-06-29,0.5625,0.609375,0.5625,0.609375,0.5943269729614258,45267
COO,1993-06-30,0.609375,0.609375,0.5625,0.5625,0.5486093759536743,13400
COO,1993-07-01,0.5625,0.609375,0.5625,0.609375,0.5943269729614258,14400
COO,1993-07-02,0.5625,0.609375,0.5625,0.5625,0.5486093759536743,20933
COO,1993-07-06,0.5625,0.609375,0.5625,0.5625,0.5486093759536743,4400
COO,1993-07-07,0.5625,0.609375,0.5625,0.609375,0.5943269729614258,10200
COO,1993-07-08,0.5625,0.609375,0.5625,0.5625,0.5486093759536743,31867
COO,1993-07-09,0.5625,0.609375,0.5625,0.5625,0.5486093759536743,55933
COO,1993-07-12,0.5625,0.609375,0.5625,0.5625,0.5486093759536743,33400
COO,1993-07-13,0.609375,0.65625,0.5625,0.65625,0.6400444507598877,23267
COO,1993-07-14,0.609375,0.65625,0.609375,0.609375,0.5943269729614258,6267
COO,1993-07-15,0.609375,0.609375,0.609375,0.609375,0.5943269729614258,933
COO,1993-07-16,0.609375,0.65625,0.609375,0.609375,0.5943269729614258,6467
COO,1993-07-19,0.609375,0.65625,0.5625,0.5625,0.5486093759536743,25933
COO,1993-07-20,0.609375,0.609375,0.421875,0.46875,0.45717453956604,142333
COO,1993-07-21,0.46875,0.5625,0.46875,0.515625,0.5028919577598572,39933
COO,1993-07-22,0.46875,0.609375,0.46875,0.609375,0.5943269729614258,18333
COO,1993-07-23,0.65625,0.65625,0.609375,0.65625,0.6400444507598877,22200
COO,1993-07-26,0.609375,0.65625,0.5625,0.5625,0.5486093759536743,19000
COO,1993-07-27,0.5625,0.5625,0.5625,0.5625,0.5486093759536743,36733
COO,1993-07-28,0.5625,0.65625,0.5625,0.5625,0.5486093759536743,11933
COO,1993-07-29,0.5625,0.703125,0.5625,0.609375,0.5943269729614258,83200
COO,1993-07-30,0.609375,0.65625,0.609375,0.65625,0.6400444507598877,3667
COO,1993-08-02,0.609375,0.609375,0.5625,0.609375,0.5943269729614258,3667
COO,1993-08-03,0.65625,0.65625,0.65625,0.65625,0.6400444507598877,6200
COO,1993-08-04,0.65625,0.65625,0.515625,0.515625,0.5028919577598572,36200
COO,1993-08-05,0.515625,0.75,0.515625,0.609375,0.5943269729614258,75600
COO,1993-08-06,0.609375,0.609375,0.609375,0.609375,0.5943269729614258,3467
COO,1993-08-09,0.65625,0.65625,0.65625,0.65625,0.6400444507598877,14400
COO,1993-08-10,0.65625,0.65625,0.5625,0.609375,0.5943269729614258,50933
COO,1993-08-11,0.65625,0.65625,0.609375,0.65625,0.6400444507598877,8200
COO,1993-08-12,0.609375,0.65625,0.5625,0.609375,0.5943269729614258,154067
COO,1993-08-13,0.65625,0.65625,0.609375,0.609375,0.5943269729614258,5533
COO,1993-08-16,0.609375,0.703125,0.609375,0.65625,0.6400444507598877,11133
COO,1993-08-17,0.65625,0.65625,0.609375,0.65625,0.6400444507598877,20267
COO,1993-08-18,0.609375,0.65625,0.609375,0.65625,0.6400444507598877,7000
COO,1993-08-19,0.609375,0.65625,0.515625,0.5625,0.5486093759536743,43333
COO,1993-08-20,0.5625,0.5625,0.515625,0.5625,0.5486093759536743,27333
COO,1993-08-23,0.5625,0.5625,0.515625,0.5625,0.5486093759536743,21333
COO,1993-08-24,0.5625,0.5625,0.515625,0.515625,0.5028919577598572,22667
COO,1993-08-25,0.5625,0.5625,0.515625,0.5625,0.5486093759536743,16133
COO,1993-08-26,0.515625,0.5625,0.515625,0.5625,0.5486093759536743,1267
COO,1993-08-27,0.515625,0.5625,0.515625,0.5625,0.5486093759536743,16400
COO,1993-08-30,0.515625,0.609375,0.515625,0.5625,0.5486093759536743,15600
COO,1993-08-31,0.609375,0.609375,0.5625,0.609375,0.5943269729614258,1067
COO,1993-09-01,0.609375,0.65625,0.609375,0.609375,0.5943269729614258,15800
COO,1993-09-02,0.65625,0.65625,0.5625,0.609375,0.5943269729614258,44000
COO,1993-09-03,0.5625,0.609375,0.5625,0.5625,0.5486093759536743,21933
COO,1993-09-07,0.5625,0.609375,0.5625,0.5625,0.5486093759536743,51867
COO,1993-09-08,0.5625,0.609375,0.5625,0.609375,0.5943269729614258,4000
COO,1993-09-09,0.5625,0.609375,0.5625,0.609375,0.5943269729614258,25867
COO,1993-09-10,0.609375,0.703125,0.5625,0.65625,0.6400444507598877,49400
COO,1993-09-13,0.703125,0.703125,0.65625,0.65625,0.6400444507598877,14200
COO,1993-09-14,0.65625,0.703125,0.65625,0.65625,0.6400444507598877,16867
COO,1993-09-15,0.65625,0.703125,0.65625,0.65625,0.6400444507598877,8333
COO,1993-09-16,0.65625,0.65625,0.609375,0.609375,0.5943269729614258,6533
COO,1993-09-17,0.65625,0.65625,0.5625,0.5625,0.5486093759536743,12800
COO,1993-09-20,0.5625,0.5625,0.5625,0.5625,0.5486093759536743,16000
COO,1993-09-21,0.5625,0.5625,0.5625,0.5625,0.5486093759536743,33333
COO,1993-09-22,0.5625,0.609375,0.515625,0.609375,0.5943269729614258,4200
COO,1993-09-23,0.609375,0.609375,0.5625,0.5625,0.5486093759536743,1800
COO,1993-09-24,0.5625,0.609375,0.5625,0.5625,0.5486093759536743,10733
COO,1993-09-27,0.609375,0.609375,0.5625,0.5625,0.5486093759536743,13400
COO,1993-09-28,0.609375,0.65625,0.5625,0.65625,0.6400444507598877,20000
COO,1993-09-29,0.609375,0.65625,0.5625,0.5625,0.5486093759536743,6733
COO,1993-09-30,0.84375,0.9375,0.75,0.9375,0.91434907913208,200267
COO,1993-10-01,0.9375,0.9375,0.75,0.84375,0.8229145407676697,168067
COO,1993-10-04,0.84375,1.3125,0.84375,1.21875,1.1886539459228516,317333
COO,1993-10-05,1.3125,1.3125,1.125,1.125,1.0972187519073486,69933
COO,1993-10-06,1.125,1.21875,1.03125,1.125,1.0972187519073486,136667
COO,1993-10-07,1.21875,1.21875,1.125,1.21875,1.1886539459228516,28667
COO,1993-10-08,1.21875,1.21875,1.125,1.21875,1.1886539459228516,53733
COO,1993-10-11,1.3125,1.3125,1.21875,1.3125,1.2800889015197754,123000
COO,1993-10-12,1.3125,1.40625,1.3125,1.40625,1.3715237379074097,34200
COO,1993-10-13,1.40625,1.40625,1.3125,1.3125,1.2800889015197754,41267
COO,1993-10-14,1.3125,1.40625,1.03125,1.03125,1.0057839155197144,74867
COO,1993-10-15,1.125,1.3125,1.03125,1.03125,1.0057839155197144,30733
COO,1993-10-18,1.21875,1.3125,1.125,1.21875,1.1886539459228516,26667
COO,1993-10-19,1.21875,1.21875,1.125,1.21875,1.1886539459228516,29533
COO,1993-10-20,1.125,1.3125,1.03125,1.21875,1.1886539459228516,29133
COO,1993-10-21,1.21875,1.21875,1.125,1.21875,1.1886539459228516,26600
COO,1993-10-22,1.21875,1.21875,1.125,1.125,1.0972187519073486,48667
COO,1993-10-25,1.125,1.21875,1.125,1.125,1.0972187519073486,19733
COO,1993-10-26,1.125,1.21875,1.125,1.125,1.0972187519073486,32467
COO,1993-10-27,1.125,1.21875,1.03125,1.125,1.0972187519073486,29600
COO,1993-10-28,1.125,1.21875,1.03125,1.125,1.0972187519073486,16067
COO,1993-10-29,1.03125,1.125,1.03125,1.03125,1.0057839155197144,21467
COO,1993-11-01,1.03125,1.03125,0.9375,0.9375,0.91434907913208,98467
COO,1993-11-02,1.03125,1.03125,0.84375,0.9375,0.91434907913208,53533
COO,1993-11-03,0.9375,1.125,0.9375,1.125,1.0972187519073486,365467
COO,1993-11-04,1.125,1.125,1.125,1.125,1.0972187519073486,30867
COO,1993-11-05,1.03125,1.125,1.03125,1.125,1.0972187519073486,25800
COO,1993-11-08,1.125,1.21875,1.125,1.125,1.0972187519073486,32533
COO,1993-11-09,1.125,1.125,1.03125,1.03125,1.0057839155197144,20733
COO,1993-11-10,1.125,1.125,1.03125,1.125,1.0972187519073486,40400
COO,1993-11-11,1.125,1.125,1.03125,1.125,1.0972187519073486,6067
COO,1993-11-12,1.03125,1.125,1.03125,1.125,1.0972187519073486,76733
COO,1993-11-15,1.125,1.125,1.03125,1.125,1.0972187519073486,116933
COO,1993-11-16,1.125,1.125,1.03125,1.03125,1.0057839155197144,73267
COO,1993-11-17,1.03125,1.125,0.9375,0.9375,0.91434907913208,93867
COO,1993-11-18,0.9375,0.9375,0.9375,0.9375,0.91434907913208,83067
COO,1993-11-19,0.84375,0.9375,0.75,0.9375,0.91434907913208,427467
COO,1993-11-22,0.9375,0.9375,0.9375,0.9375,0.91434907913208,46733
COO,1993-11-23,0.84375,0.9375,0.84375,0.9375,0.91434907913208,24333
COO,1993-11-24,0.84375,0.9375,0.84375,0.84375,0.8229145407676697,11667
COO,1993-11-26,0.84375,0.9375,0.84375,0.9375,0.91434907913208,91733
COO,1993-11-29,0.84375,0.9375,0.84375,0.9375,0.91434907913208,49867
COO,1993-11-30,0.9375,1.125,0.9375,0.9375,0.91434907913208,109400
COO,1993-12-01,0.9375,0.9375,0.84375,0.9375,0.91434907913208,86133
COO,1993-12-02,0.9375,1.03125,0.84375,0.9375,0.91434907913208,88533
COO,1993-12-03,0.9375,0.9375,0.84375,0.84375,0.8229145407676697,69400
COO,1993-12-06,0.9375,0.9375,0.84375,0.9375,0.91434907913208,22867
COO,1993-12-07,0.84375,0.9375,0.84375,0.84375,0.8229145407676697,35667
COO,1993-12-08,0.9375,0.9375,0.84375,0.84375,0.8229145407676697,19067
COO,1993-12-09,0.84375,0.9375,0.84375,0.84375,0.8229145407676697,13667
COO,1993-12-10,0.84375,0.9375,0.84375,0.9375,0.91434907913208,76733
COO,1993-12-13,0.84375,0.9375,0.84375,0.84375,0.8229145407676697,91133
COO,1993-12-14,0.84375,0.9375,0.84375,0.84375,0.8229145407676697,20600
COO,1993-12-15,0.84375,1.03125,0.84375,0.84375,0.8229145407676697,76267
COO,1993-12-16,0.84375,0.9375,0.84375,0.84375,0.8229145407676697,38133
COO,1993-12-17,0.9375,1.03125,0.84375,0.9375,0.91434907913208,36267
COO,1993-12-20,0.84375,0.9375,0.84375,0.84375,0.8229145407676697,14733
COO,1993-12-21,0.84375,0.84375,0.75,0.75,0.7314791679382324,460000
COO,1993-12-22,0.84375,0.9375,0.75,0.9375,0.91434907913208,123600
COO,1993-12-23,0.9375,1.125,0.84375,1.125,1.0972187519073486,117000
COO,1993-12-27,1.125,1.125,1.03125,1.03125,1.0057839155197144,25467
COO,1993-12-28,1.03125,1.03125,0.9375,1.03125,1.0057839155197144,41133
COO,1993-12-29,0.9375,1.125,0.9375,1.03125,1.0057839155197144,72133
COO,1993-12-30,1.03125,1.03125,0.9375,1.03125,1.0057839155197144,75467
COO,1993-12-31,0.9375,1.125,0.9375,1.03125,1.0057839155197144,33933
COO,1994-01-03,1.03125,1.125,0.9375,1.03125,1.0057839155197144,11533
COO,1994-01-04,1.03125,1.03125,1.03125,1.03125,1.0057839155197144,1867
COO,1994-01-05,1.03125,1.03125,1.03125,1.03125,1.0057839155197144,34533
COO,1994-01-06,1.03125,1.125,1.03125,1.125,1.0972187519073486,12200
COO,1994-01-07,1.125,1.125,1.03125,1.125,1.0972187519073486,16000
COO,1994-01-10,1.125,1.125,1.125,1.125,1.0972187519073486,19200
COO,1994-01-11,1.125,1.125,1.03125,1.03125,1.0057839155197144,41867
COO,1994-01-12,1.125,1.125,1.03125,1.125,1.0972187519073486,83733
COO,1994-01-13,1.125,1.125,0.9375,0.9375,0.91434907913208,45800
COO,1994-01-14,0.9375,1.125,0.84375,1.125,1.0972187519073486,184667
COO,1994-01-17,1.03125,1.03125,0.9375,1.03125,1.0057839155197144,23333
COO,1994-01-18,1.03125,1.03125,0.84375,0.84375,0.8229145407676697,139933
COO,1994-01-19,0.84375,0.9375,0.84375,0.9375,0.91434907913208,67400
COO,1994-01-20,0.9375,0.9375,0.84375,0.84375,0.8229145407676697,15200
COO,1994-01-21,0.9375,0.9375,0.84375,0.84375,0.8229145407676697,20000
COO,1994-01-24,0.84375,0.9375,0.84375,0.9375,0.91434907913208,71133
COO,1994-01-25,0.9375,0.9375,0.84375,0.9375,0.91434907913208,6467
COO,1994-01-26,0.9375,0.9375,0.84375,0.84375,0.8229145407676697,20800
COO,1994-01-27,0.84375,0.84375,0.75,0.84375,0.8229145407676697,53200
COO,1994-01-28,0.84375,0.84375,0.75,0.75,0.7314791679382324,41600
COO,1994-01-31,0.75,0.84375,0.65625,0.84375,0.8229145407676697,179600
COO,1994-02-01,0.84375,0.84375,0.703125,0.703125,0.6857618689537048,50933
COO,1994-02-02,0.75,0.84375,0.703125,0.75,0.7314791679382324,139400
COO,1994-02-03,0.75,0.84375,0.75,0.84375,0.8229145407676697,74333
COO,1994-02-04,0.75,0.84375,0.75,0.84375,0.8229145407676697,88000
COO,1994-02-07,0.84375,0.84375,0.75,0.75,0.7314791679382324,13000
COO,1994-02-08,0.75,0.84375,0.75,0.84375,0.8229145407676697,12533
COO,1994-02-09,0.75,0.84375,0.75,0.84375,0.8229145407676697,25733
COO,1994-02-10,0.75,0.84375,0.75,0.75,0.7314791679382324,61733
COO,1994-02-11,0.84375,0.84375,0.75,0.75,0.7314791679382324,2400
COO,1994-02-14,0.75,0.9375,0.75,0.75,0.7314791679382324,98333
COO,1994-02-15,0.84375,0.84375,0.75,0.75,0.7314791679382324,40733
COO,1994-02-16,0.84375,1.03125,0.84375,0.9375,0.91434907913208,134200
COO,1994-02-17,1.03125,1.03125,0.9375,0.9375,0.91434907913208,38267
COO,1994-02-18,0.9375,1.03125,0.9375,0.9375,0.91434907913208,35133
COO,1994-02-22,0.9375,1.125,0.9375,1.125,1.0972187519073486,411067
COO,1994-02-23,1.03125,1.125,0.9375,1.125,1.0972187519073486,133467
COO,1994-02-24,1.125,1.3125,1.03125,1.21875,1.1886539459228516,175200
COO,1994-02-25,1.21875,1.21875,1.125,1.125,1.0972187519073486,115467
COO,1994-02-28,1.03125,1.125,1.03125,1.125,1.0972187519073486,67267
COO,1994-03-01,1.03125,1.125,1.03125,1.03125,1.0057839155197144,13467
COO,1994-03-02,1.03125,1.125,1.03125,1.03125,1.0057839155197144,10200
COO,1994-03-03,1.125,1.125,1.03125,1.03125,1.0057839155197144,19867
COO,1994-03-04,1.03125,1.125,1.03125,1.03125,1.0057839155197144,35333
COO,1994-03-07,0.9375,1.03125,0.9375,1.03125,1.0057839155197144,11667
COO,1994-03-08,0.9375,1.03125,0.9375,0.9375,0.91434907913208,16133
COO,1994-03-09,0.9375,1.03125,0.9375,1.03125,1.0057839155197144,53067
COO,1994-03-10,0.9375,0.9375,0.9375,0.9375,0.91434907913208,11333
COO,1994-03-11,0.9375,0.9375,0.9375,0.9375,0.91434907913208,51067
COO,1994-03-14,0.9375,1.03125,0.9375,1.03125,1.0057839155197144,73000
COO,1994-03-15,1.03125,1.03125,0.9375,0.9375,0.91434907913208,19533
COO,1994-03-16,1.03125,1.125,0.9375,1.125,1.0972187519073486,86533
COO,1994-03-17,1.03125,1.125,0.9375,1.125,1.0972187519073486,217000
COO,1994-03-18,1.125,1.6875,1.125,1.5,1.4629583358764648,459000
COO,1994-03-21,1.6875,2.25,1.5,1.875,1.82869815826416,607467
COO,1994-03-22,1.875,2.0625,1.875,1.875,1.82869815826416,458067
COO,1994-03-23,1.875,1.875,1.6875,1.6875,1.6458290815353394,141333
COO,1994-03-24,1.6875,1.875,1.5,1.6875,1.6458290815353394,67867
COO,1994-03-25,1.5,1.6875,1.5,1.6875,1.6458290815353394,39333
COO,1994-03-28,1.6875,1.6875,1.5,1.6875,1.6458290815353394,34200
COO,1994-03-29,1.6875,1.6875,1.5,1.5,1.4629583358764648,212600
COO,1994-03-30,1.40625,1.5,1.3125,1.40625,1.3715237379074097,69400
COO,1994-03-31,1.40625,1.5,1.40625,1.5,1.4629583358764648,24933
COO,1994-04-04,1.40625,1.40625,1.3125,1.3125,1.2800889015197754,65400
COO,1994-04-05,1.40625,1.5,1.3125,1.5,1.4629583358764648,312867
COO,1994-04-06,1.5,1.5,1.3125,1.40625,1.3715237379074097,40067
COO,1994-04-07,1.5,1.6875,1.5,1.5,1.4629583358764648,46200
COO,1994-04-08,1.40625,1.6875,1.40625,1.5,1.4629583358764648,65400
COO,1994-04-11,1.40625,1.5,1.40625,1.5,1.4629583358764648,29067
COO,1994-04-12,1.5,1.6875,1.40625,1.5,1.4629583358764648,20733
COO,1994-04-13,1.5,1.6875,1.5,1.6875,1.6458290815353394,123333
COO,1994-04-14,1.6875,1.875,1.6875,1.6875,1.6458290815353394,45333
COO,1994-04-15,1.6875,1.875,1.5,1.6875,1.6458290815353394,49800
COO,1994-04-18,1.6875,1.875,1.5,1.875,1.82869815826416,213733
COO,1994-04-19,1.875,1.875,1.6875,1.6875,1.6458290815353394,10733
COO,1994-04-20,1.875,1.875,1.6875,1.875,1.82869815826416,17467
COO,1994-04-21,1.6875,1.875,1.5,1.6875,1.6458290815353394,15000
COO,1994-04-22,1.6875,1.6875,1.6875,1.6875,1.6458290815353394,29600
COO,1994-04-25,1.6875,1.6875,1.5,1.5,1.4629583358764648,13400
COO,1994-04-26,1.6875,1.6875,1.5,1.6875,1.6458290815353394,24000
COO,1994-04-28,1.875,1.875,1.5,1.6875,1.6458290815353394,37867
COO,1994-04-29,1.6875,1.875,1.6875,1.875,1.82869815826416,44533
COO,1994-05-02,1.6875,2.0625,1.6875,1.875,1.82869815826416,223867
COO,1994-05-03,1.875,2.0625,1.875,2.0625,2.0115678310394287,65067
COO,1994-05-04,1.875,2.15625,1.875,2.15625,2.1030032634735107,84600
COO,1994-05-05,2.0625,2.25,2.0625,2.0625,2.0115678310394287,84533
COO,1994-05-06,2.0625,2.25,1.875,2.25,2.1944375038146973,77000
COO,1994-05-09,2.25,2.4375,2.0625,2.25,2.1944375038146973,158933
COO,1994-05-10,2.25,2.625,2.25,2.4375,2.377307891845703,155400
COO,1994-05-11,2.4375,2.4375,2.25,2.4375,2.377307891845703,76667
COO,1994-05-12,2.4375,2.625,2.25,2.625,2.560177803039551,50133
COO,1994-05-13,2.625,2.8125,2.4375,2.8125,2.74304747581482,51533
COO,1994-05-16,2.625,2.8125,2.625,2.625,2.560177803039551,116000
COO,1994-05-17,2.625,2.8125,2.625,2.8125,2.74304747581482,49333
COO,1994-05-18,2.8125,2.8125,2.4375,2.4375,2.377307891845703,46333
COO,1994-05-19,2.4375,2.4375,2.0625,2.25,2.1944375038146973,119467
COO,1994-05-20,2.25,2.4375,2.25,2.4375,2.377307891845703,70400
COO,1994-05-23,2.25,2.4375,2.25,2.4375,2.377307891845703,12467
COO,1994-05-24,2.25,2.4375,2.0625,2.0625,2.0115678310394287,42467
COO,1994-05-25,2.0625,2.25,2.0625,2.25,2.1944375038146973,40200
COO,1994-05-26,2.25,2.25,2.0625,2.25,2.1944375038146973,33267
COO,1994-05-27,2.25,2.25,2.0625,2.25,2.1944375038146973,54467
COO,1994-05-31,2.0625,2.25,2.0625,2.25,2.1944375038146973,14400
COO,1994-06-01,2.0625,2.4375,2.0625,2.25,2.1944375038146973,16733
COO,1994-06-02,2.25,2.4375,2.25,2.4375,2.377307891845703,34400
COO,1994-06-03,2.25,2.4375,2.25,2.25,2.1944375038146973,9667
COO,1994-06-06,2.4375,2.4375,2.25,2.4375,2.377307891845703,28000
COO,1994-06-07,2.25,2.4375,2.25,2.25,2.1944375038146973,34600
COO,1994-06-08,2.25,2.25,2.25,2.25,2.1944375038146973,17067
COO,1994-06-09,2.25,2.4375,2.25,2.25,2.1944375038146973,20600
COO,1994-06-10,2.0625,2.25,2.0625,2.25,2.1944375038146973,30067
COO,1994-06-13,2.25,2.25,2.0625,2.0625,2.0115678310394287,5133
COO,1994-06-14,2.0625,2.390625,2.0625,2.390625,2.331589698791504,55133
COO,1994-06-15,2.25,2.25,2.0625,2.0625,2.0115678310394287,12267
COO,1994-06-16,2.0625,2.320312976837158,2.0625,2.320312976837158,2.263014554977417,67067
COO,1994-06-17,2.0625,2.25,2.0625,2.25,2.1944375038146973,12400
COO,1994-06-20,2.25,2.25,1.875,2.0625,2.0115678310394287,90867
COO,1994-06-21,2.0625,2.0625,1.875,1.875,1.82869815826416,147533
COO,1994-06-22,1.875,2.0625,1.875,1.875,1.82869815826416,6000
COO,1994-06-23,1.875,2.0625,1.875,1.875,1.82869815826416,23867
COO,1994-06-24,1.875,2.0625,1.6875,1.875,1.82869815826416,78667
COO,1994-06-27,1.6875,1.875,1.6875,1.6875,1.6458290815353394,28000
COO,1994-06-28,1.6875,1.6875,1.5,1.6875,1.6458290815353394,45600
COO,1994-06-29,1.6875,1.6875,1.5,1.5,1.4629583358764648,15200
COO,1994-06-30,1.6875,2.0625,1.6875,2.0625,2.0115678310394287,11933
COO,1994-07-01,1.6875,1.875,1.5,1.5,1.4629583358764648,55533
COO,1994-07-05,1.6875,1.6875,1.6875,1.6875,1.6458290815353394,4267
COO,1994-07-06,1.6875,1.875,1.6875,1.875,1.82869815826416,3933
COO,1994-07-07,1.6875,1.875,1.6875,1.875,1.82869815826416,5733
COO,1994-07-08,1.875,1.875,1.6875,1.875,1.82869815826416,13133
COO,1994-07-11,1.6875,1.875,1.6875,1.6875,1.6458290815353394,39400
COO,1994-07-12,1.875,2.0625,1.6875,1.875,1.82869815826416,30133
COO,1994-07-13,2.0625,2.0625,1.6875,1.875,1.82869815826416,29733
COO,1994-07-14,1.875,1.875,1.6875,1.6875,1.6458290815353394,10133
COO,1994-07-15,1.875,2.25,1.6875,2.25,2.1944375038146973,579667
COO,1994-07-18,2.4375,2.4375,2.0625,2.0625,2.0115678310394287,254133
COO,1994-07-19,1.875,2.25,1.875,2.0625,2.0115678310394287,92000
COO,1994-07-20,2.0625,2.25,2.0625,2.0625,2.0115678310394287,24733
COO,1994-07-21,2.0625,2.25,2.0625,2.25,2.1944375038146973,40400
COO,1994-07-22,2.0625,2.25,2.0625,2.25,2.1944375038146973,10533
COO,1994-07-25,2.0625,2.0625,1.875,1.875,1.82869815826416,14933
COO,1994-07-26,2.0625,2.25,1.875,2.25,2.1944375038146973,130733
COO,1994-07-27,2.25,2.25,2.0625,2.25,2.1944375038146973,12000
COO,1994-07-28,2.25,2.625,2.25,2.625,2.560177803039551,157933
COO,1994-07-29,2.34375,2.625,2.34375,2.625,2.560177803039551,116933
COO,1994-08-01,2.4375,2.625,2.4375,2.4375,2.377307891845703,33467
COO,1994-08-02,2.625,2.625,2.25,2.4375,2.377307891845703,25933
COO,1994-08-03,2.4375,2.625,2.4375,2.625,2.560177803039551,54867
COO,1994-08-04,2.625,2.625,2.4375,2.4375,2.377307891845703,21733
COO,1994-08-05,2.25,2.4375,2.25,2.4375,2.377307891845703,15333
COO,1994-08-08,2.4375,2.625,2.4375,2.4375,2.377307891845703,19400
COO,1994-08-09,2.4375,2.4375,2.25,2.4375,2.377307891845703,6400
COO,1994-08-10,2.25,2.4375,2.25,2.4375,2.377307891845703,29533
COO,1994-08-11,2.25,2.4375,2.25,2.4375,2.377307891845703,6733
COO,1994-08-12,2.4375,2.4375,2.4375,2.4375,2.377307891845703,16667
COO,1994-08-15,2.4375,2.4375,2.25,2.4375,2.377307891845703,17467
COO,1994-08-16,2.25,2.625,2.25,2.4375,2.377307891845703,44067
COO,1994-08-17,2.4375,2.625,2.25,2.4375,2.377307891845703,46067
COO,1994-08-18,2.625,2.625,2.25,2.4375,2.377307891845703,21533
COO,1994-08-19,2.8125,3.1875,2.53125,3.1875,3.108788013458252,666867
COO,1994-08-22,3.1875,3.375,3.0,3.375,3.2916581630706787,588800
COO,1994-08-23,3.375,3.5625,3.0,3.375,3.2916581630706787,566333
COO,1994-08-24,3.375,3.5625,3.375,3.375,3.2916581630706787,309400
COO,1994-08-25,3.375,3.75,3.375,3.5625,3.4745261669158936,188800
COO,1994-08-26,3.5625,3.75,3.5625,3.75,3.65739631652832,209667
COO,1994-08-29,3.75,3.9375,3.5625,3.9375,3.840266704559326,350800
COO,1994-08-30,3.75,4.3125,3.75,4.3125,4.2060065269470215,483667
COO,1994-08-31,4.125,4.3125,3.9375,4.125,4.023135662078857,343067
COO,1994-09-01,4.125,4.3125,3.9375,4.3125,4.2060065269470215,167733
COO,1994-09-02,4.3125,4.3125,4.125,4.3125,4.2060065269470215,129000
COO,1994-09-06,4.3125,4.6875,4.3125,4.6875,4.571744918823242,325733
COO,1994-09-07,4.6875,5.0625,4.6875,5.0625,4.937483787536621,662333
COO,1994-09-08,5.0625,5.25,4.875,5.25,5.120355606079102,595667
COO,1994-09-09,5.25,5.25,4.6875,4.6875,4.571744918823242,362333
COO,1994-09-12,4.6875,4.875,4.6875,4.6875,4.571744918823242,166600
COO,1994-09-13,4.875,4.875,3.9375,4.125,4.023135662078857,417000
COO,1994-09-14,4.125,4.5,3.9375,4.5,4.3888750076293945,257333
COO,1994-09-15,4.5,4.6875,4.3125,4.6875,4.571744918823242,138933
COO,1994-09-16,4.6875,4.6875,4.3125,4.5,4.3888750076293945,80600
COO,1994-09-19,4.6875,4.6875,4.3125,4.3125,4.2060065269470215,59000
COO,1994-09-20,4.3125,4.3125,3.9375,3.9375,3.840266704559326,128800
COO,1994-09-21,4.125,4.3125,3.9375,4.125,4.023135662078857,59400
COO,1994-09-22,4.3125,4.5,4.125,4.125,4.023135662078857,91933
COO,1994-09-23,4.3125,4.3125,3.9375,4.125,4.023135662078857,56533
COO,1994-09-26,3.9375,3.9375,3.5625,3.9375,3.840266704559326,359800
COO,1994-09-27,3.9375,3.9375,3.75,3.9375,3.840266704559326,41000
COO,1994-09-28,3.9375,3.9375,3.75,3.75,3.65739631652832,55467
COO,1994-09-29,3.75,3.9375,3.5625,3.5625,3.4745261669158936,65933
COO,1994-09-30,3.5625,3.9375,3.5625,3.75,3.65739631652832,119867
COO,1994-10-03,3.9375,3.9375,3.375,3.9375,3.840266704559326,29733
COO,1994-10-04,3.9375,3.9375,3.5625,3.75,3.65739631652832,156467
COO,1994-10-05,3.75,3.75,3.375,3.5625,3.4745261669158936,57533
COO,1994-10-06,3.5625,3.75,3.5625,3.75,3.65739631652832,52600
COO,1994-10-07,3.9375,3.9375,3.5625,3.75,3.65739631652832,43733
COO,1994-10-10,3.5625,3.75,3.5625,3.75,3.65739631652832,43800
COO,1994-10-11,3.75,3.9375,3.75,3.75,3.65739631652832,33267
COO,1994-10-12,3.75,3.9375,3.75,3.75,3.65739631652832,33467
COO,1994-10-13,3.9375,4.125,3.75,3.9375,3.840266704559326,196667
COO,1994-10-14,4.125,4.125,3.75,3.9375,3.840266704559326,42600
COO,1994-10-17,3.9375,3.9375,3.75,3.9375,3.840266704559326,15467
COO,1994-10-18,3.75,3.9375,3.75,3.9375,3.840266704559326,28200
COO,1994-10-19,3.9375,3.9375,3.75,3.9375,3.840266704559326,24667
COO,1994-10-20,3.9375,4.125,3.75,3.9375,3.840266704559326,40600
COO,1994-10-21,3.9375,3.9375,3.75,3.9375,3.840266704559326,68533
COO,1994-10-24,3.75,3.9375,3.75,3.9375,3.840266704559326,38267
COO,1994-10-25,3.75,3.9375,3.75,3.9375,3.840266704559326,35400
COO,1994-10-26,3.75,3.9375,3.75,3.75,3.65739631652832,14400
COO,1994-10-27,3.9375,3.9375,3.75,3.75,3.65739631652832,11533
COO,1994-10-28,3.9375,3.9375,3.75,3.75,3.65739631652832,40733
COO,1994-10-31,3.75,3.9375,3.5625,3.9375,3.840266704559326,57267
COO,1994-11-01,3.9375,3.9375,3.75,3.75,3.65739631652832,31533
COO,1994-11-02,3.75,3.9375,3.75,3.75,3.65739631652832,30133
COO,1994-11-03,3.75,3.9375,3.75,3.75,3.65739631652832,16667
COO,1994-11-04,3.9375,3.9375,3.5625,3.75,3.65739631652832,20000
COO,1994-11-07,3.75,3.9375,3.75,3.9375,3.840266704559326,13867
COO,1994-11-08,3.75,3.9375,3.75,3.9375,3.840266704559326,23467
COO,1994-11-09,3.9375,3.9375,3.5625,3.9375,3.840266704559326,306000
COO,1994-11-10,3.75,3.9375,3.75,3.9375,3.840266704559326,35933
COO,1994-11-11,3.75,4.3125,3.75,4.3125,4.2060065269470215,76467
COO,1994-11-14,4.3125,4.3125,4.125,4.125,4.023135662078857,91333
COO,1994-11-15,4.125,4.125,3.9375,4.125,4.023135662078857,52400
COO,1994-11-16,3.9375,4.125,3.9375,4.125,4.023135662078857,33067
COO,1994-11-17,3.9375,4.125,3.9375,3.9375,3.840266704559326,20467
COO,1994-11-18,3.75,3.9375,3.75,3.75,3.65739631652832,11267
COO,1994-11-21,3.9375,3.9375,3.1875,3.1875,3.108788013458252,196800
COO,1994-11-22,3.1875,3.5625,3.1875,3.375,3.2916581630706787,61200
COO,1994-11-23,3.5625,3.5625,3.1875,3.375,3.2916581630706787,55600
COO,1994-11-25,3.5625,3.5625,3.5625,3.5625,3.4745261669158936,3267
COO,1994-11-28,3.375,3.5625,3.375,3.375,3.2916581630706787,10933
COO,1994-11-29,3.5625,3.5625,3.375,3.375,3.2916581630706787,23800
COO,1994-11-30,3.375,3.375,3.1875,3.375,3.2916581630706787,44133
COO,1994-12-01,3.375,3.5625,3.1875,3.1875,3.108788013458252,17267
COO,1994-12-02,3.1875,3.375,3.1875,3.1875,3.108788013458252,17667
COO,1994-12-05,3.1875,3.375,3.1875,3.375,3.2916581630706787,32600
COO,1994-12-06,3.375,3.375,3.1875,3.375,3.2916581630706787,28800
COO,1994-12-07,3.1875,3.375,3.1875,3.1875,3.108788013458252,25600
COO,1994-12-08,3.1875,3.375,3.1875,3.375,3.2916581630706787,25200
COO,1994-12-09,3.1875,3.375,3.0,3.375,3.2916581630706787,62200
COO,1994-12-12,3.375,3.375,3.0,3.1875,3.108788013458252,70333
COO,1994-12-13,3.0,3.375,3.0,3.375,3.2916581630706787,103933
COO,1994-12-14,3.375,3.5625,3.1875,3.46875,3.383092164993286,72267
COO,1994-12-15,3.375,3.5625,3.375,3.375,3.2916581630706787,34600
COO,1994-12-16,3.375,3.5625,3.1875,3.5625,3.4745261669158936,48133
COO,1994-12-19,3.375,3.9375,3.375,3.820312976837158,3.72597336769104,121267
COO,1994-12-20,3.9375,3.9375,3.1875,3.9375,3.840266704559326,164800
COO,1994-12-21,3.75,3.75,3.375,3.5625,3.4745261669158936,116200
COO,1994-12-22,3.5625,3.5625,3.1875,3.5625,3.4745261669158936,82733
COO,1994-12-23,3.5625,3.75,3.375,3.5625,3.4745261669158936,42933
COO,1994-12-27,3.5625,3.75,3.375,3.375,3.2916581630706787,50600
COO,1994-12-28,3.375,3.5625,3.1875,3.1875,3.108788013458252,49600
COO,1994-12-29,3.1875,3.375,3.1875,3.375,3.2916581630706787,32800
COO,1994-12-30,3.375,3.375,3.0,3.375,3.2916581630706787,97600
COO,1995-01-03,3.375,3.375,3.0,3.1875,3.108788013458252,53867
COO,1995-01-04,3.375,3.375,3.0,3.1875,3.108788013458252,30600
COO,1995-01-05,3.375,3.5625,3.1875,3.1875,3.108788013458252,73200
COO,1995-01-06,3.1875,3.375,3.1875,3.375,3.2916581630706787,49200
COO,1995-01-09,3.1875,3.375,3.1875,3.1875,3.108788013458252,40733
COO,1995-01-10,3.375,3.375,3.1875,3.375,3.2916581630706787,196533
COO,1995-01-11,3.375,3.75,3.1875,3.75,3.65739631652832,202333
COO,1995-01-12,3.5625,3.75,3.5625,3.75,3.65739631652832,32067
COO,1995-01-13,3.75,3.9375,3.5625,3.9375,3.840266704559326,77733
COO,1995-01-16,3.75,4.125,3.75,3.9375,3.840266704559326,59867
COO,1995-01-17,3.9375,3.9375,3.75,3.9375,3.840266704559326,47200
COO,1995-01-18,3.9375,4.125,3.5625,4.125,4.023135662078857,145933
COO,1995-01-19,3.9375,4.125,3.9375,4.125,4.023135662078857,47067
COO,1995-01-20,4.125,4.3125,3.9375,4.125,4.023135662078857,122200
COO,1995-01-23,4.125,4.125,3.9375,3.9375,3.840266704559326,19733
COO,1995-01-24,4.125,4.125,3.75,3.75,3.65739631652832,45933
COO,1995-01-25,3.9375,3.9375,3.5625,3.5625,3.4745261669158936,124000
COO,1995-01-26,3.75,3.75,3.375,3.5625,3.4745261669158936,30600
COO,1995-01-27,3.375,3.5625,3.375,3.5625,3.4745261669158936,22133
COO,1995-01-30,3.375,3.5625,3.375,3.5625,3.4745261669158936,19733
COO,1995-01-31,3.5625,3.75,3.5625,3.75,3.65739631652832,21200
COO,1995-02-01,3.5625,3.9375,3.5625,3.5625,3.4745261669158936,33000
COO,1995-02-02,3.5625,3.9375,3.5625,3.9375,3.840266704559326,28400
COO,1995-02-03,3.75,3.9375,3.5625,3.75,3.65739631652832,14933
COO,1995-02-06,3.75,3.9375,3.5625,3.75,3.65739631652832,20133
COO,1995-02-07,3.75,3.75,3.5625,3.5625,3.4745261669158936,16067
COO,1995-02-08,3.75,3.75,3.5625,3.75,3.65739631652832,58333
COO,1995-02-09,3.5625,3.75,3.5625,3.75,3.65739631652832,28400
COO,1995-02-10,3.9375,4.3125,3.75,4.125,4.023135662078857,132067
COO,1995-02-13,3.75,4.125,3.75,3.9375,3.840266704559326,108733
COO,1995-02-14,4.125,4.125,3.9375,3.9375,3.840266704559326,19600
COO,1995-02-15,3.9375,3.9375,3.75,3.9375,3.840266704559326,47467
COO,1995-02-16,3.9375,4.125,3.9375,4.125,4.023135662078857,15333
COO,1995-02-17,3.9375,4.125,3.75,4.125,4.023135662078857,38267
COO,1995-02-21,3.9375,4.125,3.9375,4.125,4.023135662078857,134400
COO,1995-02-22,3.9375,4.125,3.9375,3.9375,3.840266704559326,17800
COO,1995-02-23,4.125,4.125,3.9375,3.9375,3.840266704559326,47400
COO,1995-02-24,3.9375,3.9375,3.1875,3.5625,3.4745261669158936,414467
COO,1995-02-27,3.5625,3.5625,3.375,3.5625,3.4745261669158936,58333
COO,1995-02-28,3.5625,3.75,3.5625,3.5625,3.4745261669158936,54267
COO,1995-03-01,3.5625,3.5625,3.375,3.5625,3.4745261669158936,17533
COO,1995-03-02,3.375,3.75,3.375,3.5625,3.4745261669158936,72800
COO,1995-03-03,3.5625,3.5625,3.375,3.5625,3.4745261669158936,83600
COO,1995-03-06,3.375,3.5625,3.375,3.375,3.2916581630706787,31133
COO,1995-03-07,3.5625,3.5625,3.1875,3.1875,3.108788013458252,110533
COO,1995-03-08,3.375,3.375,3.1875,3.375,3.2916581630706787,35533
COO,1995-03-09,3.375,3.5625,3.1875,3.375,3.2916581630706787,63533
COO,1995-03-10,3.375,3.375,3.1875,3.375,3.2916581630706787,26867
COO,1995-03-13,3.375,3.375,3.0,3.09375,3.0173513889312744,104600
COO,1995-03-14,3.1875,3.1875,3.0,3.0,2.9259166717529297,188800
COO,1995-03-15,3.0,3.1875,3.0,3.0,2.9259166717529297,47267
COO,1995-03-16,3.375,3.375,3.1875,3.1875,3.108788013458252,58333
COO,1995-03-17,3.1875,3.375,3.1875,3.375,3.2916581630706787,17267
COO,1995-03-20,3.375,3.375,3.0,3.0,2.9259166717529297,72267
COO,1995-03-21,3.1875,3.1875,2.625,2.8125,2.74304747581482,127667
COO,1995-03-22,2.8125,3.0,2.8125,2.8125,2.74304747581482,140600
COO,1995-03-23,2.8125,3.0,2.625,3.0,2.9259166717529297,126933
COO,1995-03-24,2.8125,3.1875,2.8125,3.1875,3.108788013458252,135733
COO,1995-03-27,3.0,3.1875,2.8125,3.1875,3.108788013458252,187667
COO,1995-03-28,3.1875,3.1875,3.0,3.0,2.9259166717529297,38733
COO,1995-03-29,3.0,3.1875,2.8125,3.0,2.9259166717529297,43800
COO,1995-03-30,3.0,3.0,2.90625,3.0,2.9259166717529297,106867
COO,1995-03-31,3.0,3.0,2.8125,3.0,2.9259166717529297,36333
COO,1995-04-03,3.0,3.0,2.8125,2.8125,2.74304747581482,36267
COO,1995-04-04,2.8125,3.0,2.8125,2.8125,2.74304747581482,13667
COO,1995-04-05,2.8125,3.0,2.8125,2.8125,2.74304747581482,25400
COO,1995-04-06,2.8125,3.0,2.8125,3.0,2.9259166717529297,23267
COO,1995-04-07,3.0,3.0,2.8125,3.0,2.9259166717529297,22333
COO,1995-04-10,3.0,3.1875,3.0,3.1875,3.108788013458252,93133
COO,1995-04-11,3.0,3.1875,3.0,3.0,2.9259166717529297,49533
COO,1995-04-12,3.0,3.1875,3.0,3.1875,3.108788013458252,13267
COO,1995-04-13,3.1875,3.1875,3.0,3.09375,3.0173513889312744,42000
COO,1995-04-17,3.1875,3.1875,3.0,3.1875,3.108788013458252,41133
COO,1995-04-18,3.0,3.1875,3.0,3.09375,3.0173513889312744,69333
COO,1995-04-19,3.0,3.1875,3.0,3.0,2.9259166717529297,45000
COO,1995-04-20,3.0,3.1875,3.0,3.0,2.9259166717529297,23333
COO,1995-04-21,3.1875,3.375,3.0,3.375,3.2916581630706787,197733
COO,1995-04-24,3.1875,3.375,3.0,3.0,2.9259166717529297,60533
COO,1995-04-25,3.0,3.375,3.0,3.375,3.2916581630706787,141067
COO,1995-04-26,3.5625,3.5625,3.1875,3.375,3.2916581630706787,120200
COO,1995-04-27,3.375,3.5625,3.1875,3.375,3.2916581630706787,152867
COO,1995-04-28,3.375,3.5625,3.375,3.5625,3.4745261669158936,44800
COO,1995-05-01,3.5625,3.75,3.375,3.5625,3.4745261669158936,243867
COO,1995-05-02,3.5625,3.5625,3.375,3.5625,3.4745261669158936,30533
COO,1995-05-03,3.375,3.5625,3.375,3.375,3.2916581630706787,97267
COO,1995-05-04,3.375,3.375,3.375,3.375,3.2916581630706787,26467
COO,1995-05-05,3.375,3.5625,3.375,3.375,3.2916581630706787,68533
COO,1995-05-08,3.375,3.375,3.1875,3.1875,3.108788013458252,45600
COO,1995-05-09,3.375,3.375,3.1875,3.375,3.2916581630706787,270133
COO,1995-05-10,3.375,3.375,3.1875,3.375,3.2916581630706787,72667
COO,1995-05-11,3.375,3.375,3.0,3.1875,3.108788013458252,61667
COO,1995-05-12,3.375,3.375,3.1875,3.1875,3.108788013458252,10067
COO,1995-05-15,3.1875,3.375,3.1875,3.1875,3.108788013458252,27267
COO,1995-05-16,3.0,3.375,3.0,3.1875,3.108788013458252,24867
COO,1995-05-17,3.1875,3.1875,3.0,3.0,2.9259166717529297,35733
COO,1995-05-18,3.0,3.1875,3.0,3.1875,3.108788013458252,33533
COO,1995-05-19,3.0,3.1875,3.0,3.1875,3.108788013458252,10533
COO,1995-05-22,3.1875,3.1875,2.8125,2.8125,2.74304747581482,264400
COO,1995-05-23,2.8125,3.0,2.8125,3.0,2.9259166717529297,58133
COO,1995-05-24,2.8125,3.0,2.8125,2.8125,2.74304747581482,18867
COO,1995-05-25,3.0,3.375,2.8125,3.375,3.2916581630706787,161533
COO,1995-05-26,3.1875,3.375,3.1875,3.1875,3.108788013458252,63467
COO,1995-05-30,3.1875,3.375,3.1875,3.1875,3.108788013458252,44600
COO,1995-05-31,3.1875,3.5625,3.1875,3.1875,3.108788013458252,231867
COO,1995-06-01,3.1875,3.1875,3.0,3.0,2.9259166717529297,83467
COO,1995-06-02,3.0,3.1875,3.0,3.1875,3.108788013458252,42867
COO,1995-06-05,3.1875,3.375,3.0,3.375,3.2916581630706787,100133
COO,1995-06-06,3.375,3.375,3.0,3.1875,3.108788013458252,50133
COO,1995-06-07,3.1875,3.1875,3.0,3.0,2.9259166717529297,134467
COO,1995-06-08,3.0,3.1875,2.8125,3.0,2.9259166717529297,155667
COO,1995-06-09,3.0,3.1875,3.0,3.0,2.9259166717529297,38200
COO,1995-06-12,3.0,3.1875,3.0,3.0,2.9259166717529297,16667
COO,1995-06-13,3.0,3.0,2.8125,2.8125,2.74304747581482,32800
COO,1995-06-14,3.0,3.0,2.8125,3.0,2.9259166717529297,69467
COO,1995-06-15,3.1875,3.1875,2.8125,3.0,2.9259166717529297,15400
COO,1995-06-16,2.8125,3.0,2.8125,3.0,2.9259166717529297,64933
COO,1995-06-19,2.8125,3.0,2.8125,3.0,2.9259166717529297,72467
COO,1995-06-20,2.8125,3.0,2.8125,3.0,2.9259166717529297,29600
COO,1995-06-21,2.8125,3.0,2.8125,2.8125,2.74304747581482,124133
COO,1995-06-22,2.8125,3.0,2.8125,2.8125,2.74304747581482,48267
COO,1995-06-23,3.0,3.0,2.8125,2.8125,2.74304747581482,24267
COO,1995-06-26,2.8125,2.8125,2.625,2.625,2.560177803039551,109200
COO,1995-06-27,2.8125,2.8125,2.625,2.625,2.560177803039551,53200
COO,1995-06-28,2.8125,2.8125,2.625,2.625,2.560177803039551,69400
COO,1995-06-29,2.8125,3.0,2.625,3.0,2.9259166717529297,140467
COO,1995-06-30,3.0,3.0,2.8125,3.0,2.9259166717529297,116800
COO,1995-07-03,3.0,3.0,3.0,3.0,2.9259166717529297,43600
COO,1995-07-05,3.0,3.1875,2.8125,2.8125,2.74304747581482,64600
COO,1995-07-06,3.0,3.1875,2.8125,3.0,2.9259166717529297,40267
COO,1995-07-07,3.0,3.0,2.8125,2.8125,2.74304747581482,81467
COO,1995-07-10,3.0,3.0,2.8125,3.0,2.9259166717529297,98133
COO,1995-07-11,3.0,3.0,2.8125,2.8125,2.74304747581482,153200
COO,1995-07-12,2.8125,3.0,2.8125,3.0,2.9259166717529297,116067
COO,1995-07-13,3.0,3.0,2.8125,2.8125,2.74304747581482,165867
COO,1995-07-14,3.0,3.1875,2.8125,3.1875,3.108788013458252,117000
COO,1995-07-17,3.1875,3.75,3.0,3.5625,3.4745261669158936,396800
COO,1995-07-18,3.5625,3.75,3.375,3.75,3.65739631652832,200533
COO,1995-07-19,3.5625,3.75,3.375,3.5625,3.4745261669158936,110800
COO,1995-07-20,3.5625,3.5625,3.375,3.5625,3.4745261669158936,59867
COO,1995-07-21,3.375,3.75,3.375,3.65625,3.565961599349976,37133
COO,1995-07-24,3.5625,3.75,3.375,3.75,3.65739631652832,108733
COO,1995-07-25,3.75,4.125,3.5625,3.9375,3.840266704559326,364400
COO,1995-07-26,4.125,4.875,4.125,4.3125,4.2060065269470215,777600
COO,1995-07-27,4.5,4.6875,4.5,4.5,4.3888750076293945,327333
COO,1995-07-28,4.5,4.6875,4.3125,4.3125,4.2060065269470215,120400
COO,1995-07-31,4.3125,4.5,4.125,4.125,4.023135662078857,150600
COO,1995-08-01,4.3125,4.3125,3.9375,4.125,4.023135662078857,83267
COO,1995-08-02,4.125,4.3125,3.9375,4.125,4.023135662078857,20467
COO,1995-08-03,4.125,4.125,3.75,3.75,3.65739631652832,36467
COO,1995-08-04,3.9375,4.125,3.75,3.9375,3.840266704559326,88867
COO,1995-08-07,4.125,4.3125,3.9375,4.3125,4.2060065269470215,79467
COO,1995-08-08,4.3125,4.6875,4.125,4.5,4.3888750076293945,261067
COO,1995-08-09,4.5,4.5,4.3125,4.3125,4.2060065269470215,47400
COO,1995-08-10,4.3125,4.5,4.125,4.5,4.3888750076293945,61667
COO,1995-08-11,4.5,4.5,4.125,4.5,4.3888750076293945,69333
COO,1995-08-14,4.5,4.5,4.125,4.5,4.3888750076293945,75800
COO,1995-08-15,4.5,4.5,4.3125,4.5,4.3888750076293945,48533
COO,1995-08-16,4.3125,4.5,4.3125,4.5,4.3888750076293945,96400
COO,1995-08-17,4.5,4.5,4.3125,4.3125,4.2060065269470215,70733
COO,1995-08-18,4.3125,4.5,4.3125,4.3125,4.2060065269470215,91600
COO,1995-08-21,4.5,4.5,4.3125,4.5,4.3888750076293945,61200
COO,1995-08-22,4.3125,4.6875,4.125,4.6875,4.571744918823242,781067
COO,1995-08-23,4.5,5.0625,4.5,4.875,4.754615783691406,390467
COO,1995-08-24,5.0625,5.0625,4.6875,5.0625,4.937483787536621,231867
COO,1995-08-25,4.875,5.0625,4.875,5.0625,4.937483787536621,154867
COO,1995-08-28,5.0625,5.4375,4.875,5.25,5.120355606079102,283400
COO,1995-08-29,5.4375,5.625,5.0625,5.25,5.120355606079102,210000
COO,1995-08-30,5.0625,5.0625,4.6875,4.875,4.754615783691406,65533
COO,1995-08-31,4.6875,5.0625,4.6875,4.875,4.754615783691406,42333
COO,1995-09-01,4.875,4.875,4.3125,4.5,4.3888750076293945,98600
COO,1995-09-05,4.5,4.875,4.3125,4.6875,4.571744918823242,116800
COO,1995-09-06,4.5,5.0625,4.5,4.875,4.754615783691406,85667
COO,1995-09-07,4.875,4.875,4.5,4.6875,4.571744918823242,109467
COO,1995-09-08,4.6875,4.875,4.5,4.5,4.3888750076293945,77800
COO,1995-09-11,4.5,4.6875,4.5,4.5,4.3888750076293945,109133
COO,1995-09-12,4.5,4.6875,4.5,4.6875,4.571744918823242,66867
COO,1995-09-13,4.5,4.6875,4.3125,4.6875,4.571744918823242,118200
COO,1995-09-14,4.5,4.6875,4.3125,4.5,4.3888750076293945,78400
COO,1995-09-15,4.3125,4.5,4.3125,4.5,4.3888750076293945,45467
COO,1995-09-18,4.5,4.5,4.3125,4.5,4.3888750076293945,35000
COO,1995-09-19,4.5,4.5,4.3125,4.5,4.3888750076293945,102733
COO,1995-09-20,4.3125,4.5,4.125,4.3125,4.2060065269470215,129400
COO,1995-09-21,4.5,4.5,3.9375,3.9375,3.840266704559326,129000
COO,1995-09-22,4.0,4.125,3.9375,4.0625,3.962180137634277,119600
COO,1995-09-25,4.1875,4.5,4.1875,4.3125,4.2060065269470215,73800
COO,1995-09-26,4.3125,4.3125,4.0,4.0625,3.962180137634277,70000
COO,1995-09-27,4.0,4.1875,4.0,4.125,4.023135662078857,76000
COO,1995-09-28,4.125,4.125,4.0,4.0,3.90122389793396,50000
COO,1995-09-29,4.0,4.0,3.9375,4.0,3.90122389793396,49800
COO,1995-10-02,3.9375,4.0625,3.8125,3.8125,3.7183525562286377,131800
COO,1995-10-03,3.8125,3.875,3.75,3.875,3.7793099880218506,61400
COO,1995-10-04,3.8125,3.8125,3.6875,3.75,3.65739631652832,62400
COO,1995-10-05,3.75,3.9375,3.75,3.9375,3.840266704559326,86000
COO,1995-10-06,3.9375,3.9375,3.75,3.875,3.7793099880218506,65400
COO,1995-10-09,3.875,3.875,3.6875,3.75,3.65739631652832,57800
COO,1995-10-10,3.8125,3.8125,3.625,3.6875,3.596440076828003,64800
COO,1995-10-11,3.625,3.75,3.625,3.6875,3.596440076828003,73000
COO,1995-10-12,3.6875,3.8125,3.6875,3.6875,3.596440076828003,39800
COO,1995-10-13,3.75,3.75,3.625,3.625,3.535483360290528,52000
COO,1995-10-16,3.625,3.6875,3.625,3.6875,3.596440076828003,49600
COO,1995-10-17,3.6875,3.6875,3.5,3.625,3.535483360290528,61600
COO,1995-10-18,3.625,3.625,3.4375,3.5625,3.4745261669158936,124200
COO,1995-10-19,3.625,3.625,3.5625,3.5625,3.4745261669158936,27800
COO,1995-10-20,3.625,3.625,3.5625,3.5625,3.4745261669158936,40000
COO,1995-10-23,3.5625,3.5625,3.5,3.5,3.413570165634156,36200
COO,1995-10-24,3.5,3.5625,3.3125,3.375,3.2916581630706787,82400
COO,1995-10-25,3.3125,3.375,3.25,3.3125,3.230700254440308,99200
COO,1995-10-26,3.25,3.3125,3.1875,3.25,3.1697428226470947,92600
COO,1995-10-27,3.25,3.25,3.125,3.125,3.0478310585021973,146400
COO,1995-10-30,3.125,3.125,2.9375,3.0,2.9259166717529297,201400
COO,1995-10-31,3.0,3.125,2.9375,2.9375,2.864959955215454,390800
COO,1995-11-01,2.9375,3.0,2.9375,3.0,2.9259166717529297,181000
COO,1995-11-02,3.0,3.0,2.9375,3.0,2.9259166717529297,75000
COO,1995-11-03,3.0,3.0,2.9375,3.0,2.9259166717529297,73600
COO,1995-11-06,3.0,3.0,2.9375,3.0,2.9259166717529297,51400
COO,1995-11-07,3.0,3.0,2.8125,2.875,2.804005146026612,182200
COO,1995-11-08,2.9375,2.9375,2.8125,2.875,2.804005146026612,111800
COO,1995-11-09,2.875,3.0,2.8125,2.9375,2.864959955215454,118600
COO,1995-11-10,2.875,2.9375,2.875,2.875,2.804005146026612,41600
COO,1995-11-13,2.875,3.0,2.8125,2.875,2.804005146026612,130000
COO,1995-11-14,2.875,2.875,2.8125,2.8125,2.74304747581482,122200
COO,1995-11-15,2.8125,2.9375,2.8125,2.875,2.804005146026612,26800
COO,1995-11-16,2.8125,2.875,2.8125,2.875,2.804005146026612,47600
COO,1995-11-17,2.8125,2.9375,2.8125,2.875,2.804005146026612,63000
COO,1995-11-20,2.875,2.9375,2.875,2.9375,2.864959955215454,41200
COO,1995-11-21,2.875,2.875,2.8125,2.875,2.804005146026612,45400
COO,1995-11-22,2.875,2.875,2.8125,2.8125,2.74304747581482,76600
COO,1995-11-24,2.8125,2.8125,2.8125,2.8125,2.74304747581482,9200
COO,1995-11-27,2.8125,2.9375,2.8125,2.875,2.804005146026612,93400
COO,1995-11-28,2.875,3.4375,2.875,3.375,3.2916581630706787,190400
COO,1995-11-29,3.4375,3.4375,3.3125,3.3125,3.230700254440308,119000
COO,1995-11-30,3.3125,3.3125,3.125,3.1875,3.108788013458252,46400
COO,1995-12-01,3.25,3.3125,3.125,3.25,3.1697428226470947,91800
COO,1995-12-04,3.1875,3.1875,3.0625,3.0625,2.9868738651275635,55600
COO,1995-12-05,3.0625,3.25,3.0,3.1875,3.108788013458252,66400
COO,1995-12-06,3.25,3.25,3.0625,3.125,3.0478310585021973,95600
COO,1995-12-07,3.0625,3.125,3.0625,3.0625,2.9868738651275635,48000
COO,1995-12-08,3.0625,3.0625,3.0,3.0625,2.9868738651275635,44200
COO,1995-12-11,3.125,3.1875,3.0,3.125,3.0478310585021973,59400
COO,1995-12-12,3.1875,3.375,3.125,3.3125,3.230700254440308,135400
COO,1995-12-13,3.375,3.5625,3.375,3.5,3.413570165634156,502200
COO,1995-12-14,3.4375,3.6875,3.4375,3.625,3.535483360290528,211000
COO,1995-12-15,3.625,3.75,3.5,3.75,3.65739631652832,105000
COO,1995-12-18,3.8125,4.0,3.75,3.8125,3.7183525562286377,160200
COO,1995-12-19,3.75,3.875,3.6875,3.6875,3.596440076828003,101600
COO,1995-12-20,3.6875,4.0,3.6875,3.9375,3.840266704559326,82200
COO,1995-12-21,4.0,4.0,3.8125,3.8125,3.7183525562286377,22600
COO,1995-12-22,3.875,3.875,3.8125,3.8125,3.7183525562286377,60000
COO,1995-12-26,3.875,3.875,3.75,3.875,3.7793099880218506,75200
COO,1995-12-27,3.75,3.8125,3.75,3.8125,3.7183525562286377,56200
COO,1995-12-28,3.75,3.75,3.625,3.6875,3.596440076828003,94600
COO,1995-12-29,3.6875,3.8125,3.6875,3.75,3.65739631652832,79800
COO,1996-01-02,3.75,3.8125,3.6875,3.75,3.65739631652832,86200
COO,1996-01-03,3.8125,3.8125,3.5625,3.625,3.535483360290528,98000
COO,1996-01-04,3.5625,3.6875,3.5625,3.625,3.535483360290528,41000
COO,1996-01-05,3.625,3.75,3.625,3.625,3.535483360290528,62800
COO,1996-01-08,3.6875,3.75,3.625,3.75,3.65739631652832,26200
COO,1996-01-09,3.75,3.75,3.625,3.6875,3.596440076828003,30400
COO,1996-01-10,3.625,3.6875,3.5,3.625,3.535483360290528,49400
COO,1996-01-11,3.6875,3.6875,3.625,3.625,3.535483360290528,55600
COO,1996-01-12,3.625,3.6875,3.625,3.625,3.535483360290528,30000
COO,1996-01-15,3.625,3.625,3.4375,3.4375,3.352614164352417,304000
COO,1996-01-16,3.5,3.5,3.4375,3.5,3.413570165634156,65600
COO,1996-01-17,3.5,3.5,3.4375,3.4375,3.352614164352417,8400
COO,1996-01-18,3.5,3.5,3.4375,3.4375,3.352614164352417,99200
COO,1996-01-19,3.4375,3.5,3.3125,3.375,3.2916581630706787,31200
COO,1996-01-22,3.4375,3.4375,3.375,3.375,3.2916581630706787,69200
COO,1996-01-23,3.4375,3.4375,3.3125,3.4375,3.352614164352417,40400
COO,1996-01-24,3.375,3.375,3.3125,3.375,3.2916581630706787,22200
COO,1996-01-25,3.3125,3.4375,3.3125,3.375,3.2916581630706787,30600
COO,1996-01-26,3.375,3.375,3.3125,3.375,3.2916581630706787,38800
COO,1996-01-29,3.375,3.4375,3.3125,3.4375,3.352614164352417,32800
COO,1996-01-30,3.375,3.4375,3.375,3.375,3.2916581630706787,42000
COO,1996-01-31,3.375,3.4375,3.375,3.4375,3.352614164352417,37600
COO,1996-02-01,3.4375,3.4375,3.375,3.375,3.2916581630706787,10800
COO,1996-02-02,3.375,3.4375,3.3125,3.4375,3.352614164352417,67800
COO,1996-02-05,3.375,3.5,3.3125,3.3125,3.230700254440308,60200
COO,1996-02-06,3.3125,3.375,3.1875,3.1875,3.108788013458252,457800
COO,1996-02-07,3.1875,3.4375,3.1875,3.3125,3.230700254440308,485000
COO,1996-02-08,3.375,3.4375,3.3125,3.375,3.2916581630706787,79400
COO,1996-02-09,3.375,3.4375,3.375,3.4375,3.352614164352417,18800
COO,1996-02-12,3.375,3.4375,3.375,3.375,3.2916581630706787,48400
COO,1996-02-13,3.4375,3.4375,3.375,3.375,3.2916581630706787,60000
COO,1996-02-14,3.375,3.4375,3.25,3.3125,3.230700254440308,110000
COO,1996-02-15,3.25,3.375,3.25,3.375,3.2916581630706787,32000
COO,1996-02-16,3.3125,3.375,3.3125,3.375,3.2916581630706787,32400
COO,1996-02-20,3.375,3.375,3.25,3.3125,3.230700254440308,75600
COO,1996-02-21,3.375,3.375,3.3125,3.3125,3.230700254440308,16400
COO,1996-02-22,3.375,3.375,3.3125,3.375,3.2916581630706787,95000
COO,1996-02-23,3.375,3.375,3.3125,3.375,3.2916581630706787,64200
COO,1996-02-26,3.3125,3.375,3.3125,3.3125,3.230700254440308,40000
COO,1996-02-27,3.3125,3.375,3.3125,3.375,3.2916581630706787,44600
COO,1996-02-28,3.3125,3.375,3.3125,3.375,3.2916581630706787,115000
COO,1996-02-29,3.375,3.6875,3.375,3.6875,3.596440076828003,235400
COO,1996-03-01,3.75,3.8125,3.625,3.75,3.65739631652832,171600
COO,1996-03-04,3.6875,3.75,3.625,3.625,3.535483360290528,27800
COO,1996-03-05,3.9375,4.0625,3.8125,3.8125,3.7183525562286377,363400
COO,1996-03-06,3.875,3.9375,3.75,3.875,3.7793099880218506,113200
COO,1996-03-07,3.875,3.9375,3.875,3.9375,3.840266704559326,47000
COO,1996-03-08,3.875,3.875,3.6875,3.6875,3.596440076828003,52400
COO,1996-03-11,3.8125,3.875,3.75,3.8125,3.7183525562286377,33800
COO,1996-03-12,3.75,3.875,3.75,3.8125,3.7183525562286377,85000
COO,1996-03-13,3.875,3.9375,3.8125,3.875,3.7793099880218506,53600
COO,1996-03-14,3.9375,4.0,3.875,4.0,3.90122389793396,103000
COO,1996-03-15,4.0,4.3125,4.0,4.25,4.145049571990967,128000
COO,1996-03-18,4.3125,4.375,4.1875,4.375,4.266963005065918,85200
COO,1996-03-19,4.3125,4.375,4.25,4.25,4.145049571990967,92600
COO,1996-03-20,4.25,4.3125,4.125,4.3125,4.2060065269470215,36400
COO,1996-03-21,4.375,4.5,4.3125,4.4375,4.327917575836182,196800
COO,1996-03-22,4.375,4.4375,4.3125,4.4375,4.327917575836182,41000
COO,1996-03-25,4.5,4.5,4.375,4.375,4.266963005065918,50200
COO,1996-03-26,4.375,4.4375,4.3125,4.4375,4.327917575836182,50200
COO,1996-03-27,4.375,4.625,4.3125,4.5,4.3888750076293945,134600
COO,1996-03-28,4.5,4.625,4.5,4.5625,4.449832916259766,214400
COO,1996-03-29,4.625,4.625,4.4375,4.5,4.3888750076293945,53400
COO,1996-04-01,4.4375,4.5625,4.4375,4.4375,4.327917575836182,35400
COO,1996-04-02,4.5,4.5625,4.4375,4.5,4.3888750076293945,50400
COO,1996-04-03,4.5,4.625,4.4375,4.625,4.510789394378662,58200
COO,1996-04-04,4.5625,4.625,4.5625,4.5625,4.449832916259766,12000
COO,1996-04-08,4.5,4.5625,4.4375,4.5,4.3888750076293945,56600
COO,1996-04-09,4.5,4.5,4.4375,4.5,4.3888750076293945,36200
COO,1996-04-10,4.5,4.5625,4.5,4.5,4.3888750076293945,57600
COO,1996-04-11,4.5,4.625,4.5,4.5625,4.449832916259766,96200
COO,1996-04-12,4.5,4.8125,4.5,4.8125,4.693657875061035,186400
COO,1996-04-15,4.8125,5.0,4.8125,4.9375,4.81557035446167,152800
COO,1996-04-16,4.875,5.0,4.875,5.0,4.876529693603516,59400
COO,1996-04-17,5.0,5.0625,4.9375,5.0,4.876529693603516,43800
COO,1996-04-18,5.0,5.0625,5.0,5.0,4.876529693603516,96000
COO,1996-04-19,5.0,5.0625,4.875,4.875,4.754615783691406,67800
COO,1996-04-22,4.875,4.875,4.75,4.8125,4.693657875061035,47000
COO,1996-04-23,4.875,4.875,4.75,4.75,4.632701396942139,44600
COO,1996-04-24,4.8125,4.8125,4.6875,4.6875,4.571744918823242,44800
COO,1996-04-25,4.6875,4.75,4.6875,4.6875,4.571744918823242,15800
COO,1996-04-26,4.75,4.75,4.6875,4.6875,4.571744918823242,15400
COO,1996-04-29,4.6875,4.875,4.6875,4.8125,4.693657875061035,32600
COO,1996-04-30,4.875,5.5625,4.875,5.5,5.364180564880371,248200
COO,1996-05-01,5.4375,5.6875,5.3125,5.625,5.486094951629639,243400
COO,1996-05-02,5.625,5.75,5.3125,5.3125,5.18131160736084,195000
COO,1996-05-03,5.4375,5.5,5.25,5.375,5.242268085479736,66400
COO,1996-05-06,5.375,5.5,5.375,5.5,5.364180564880371,29000
COO,1996-05-07,5.4375,5.5625,5.3125,5.375,5.242268085479736,58800
COO,1996-05-08,5.375,5.375,5.25,5.3125,5.18131160736084,39600
COO,1996-05-09,5.3125,5.3125,5.25,5.25,5.120355606079102,25800
COO,1996-05-10,5.3125,5.375,5.25,5.3125,5.18131160736084,14800
COO,1996-05-13,5.375,5.375,5.3125,5.3125,5.18131160736084,17200
COO,1996-05-14,5.3125,5.5,5.3125,5.5,5.364180564880371,57000
COO,1996-05-15,5.5625,5.625,5.4375,5.4375,5.303225040435791,83400
COO,1996-05-16,5.5,5.8125,5.4375,5.8125,5.6689629554748535,126600
COO,1996-05-17,5.75,5.875,5.75,5.75,5.608010292053223,72000
COO,1996-05-20,5.75,5.9375,5.75,5.9375,5.790877342224121,67800
COO,1996-05-21,5.9375,6.1875,5.875,6.0,5.851833343505859,178600
COO,1996-05-22,6.0,6.0,5.8125,5.875,5.729919910430908,67200
COO,1996-05-23,5.875,5.9375,5.75,5.75,5.608010292053223,86600
COO,1996-05-24,5.75,5.8125,5.6875,5.75,5.608010292053223,49200
COO,1996-05-28,5.6875,5.75,5.5625,5.75,5.608010292053223,56000
COO,1996-05-29,5.75,5.875,5.75,5.875,5.729919910430908,89000
COO,1996-05-30,6.0,6.0625,5.9375,5.9375,5.790877342224121,195600
COO,1996-05-31,6.0,6.4375,5.875,6.375,6.217576026916504,395200
COO,1996-06-03,6.4375,6.5625,6.25,6.5625,6.400443077087402,314800
COO,1996-06-04,6.5,6.5625,6.5,6.5,6.3394856452941895,188200
COO,1996-06-05,6.4375,6.5,6.4375,6.4375,6.278529644012451,105400
COO,1996-06-06,6.4375,6.5625,6.4375,6.5,6.3394856452941895,81000
COO,1996-06-07,6.5,6.5625,6.3125,6.5625,6.400443077087402,40800
COO,1996-06-10,6.5,6.5,6.3125,6.375,6.217576026916504,58200
COO,1996-06-11,6.375,6.4375,6.25,6.375,6.217576026916504,27400
COO,1996-06-12,6.375,6.375,6.25,6.3125,6.156617164611816,52000
COO,1996-06-13,6.375,6.375,6.1875,6.3125,6.156617164611816,83800
COO,1996-06-14,6.3125,6.4375,6.3125,6.4375,6.278529644012451,53400
COO,1996-06-17,6.4375,6.4375,6.3125,6.3125,6.156617164611816,31000
COO,1996-06-18,6.3125,6.3125,6.0625,6.0625,5.912791728973389,40400
COO,1996-06-19,6.0625,6.125,6.0,6.125,5.973747730255127,80200
COO,1996-06-20,6.0625,6.125,6.0,6.0625,5.912791728973389,64800
COO,1996-06-21,6.0,6.0,5.875,6.0,5.851833343505859,149200
COO,1996-06-24,5.9375,6.0,5.875,6.0,5.851833343505859,31000
COO,1996-06-25,5.9375,6.0,5.9375,5.9375,5.790877342224121,27800
COO,1996-06-26,5.9375,5.9375,5.625,5.6875,5.5470499992370605,116400
COO,1996-06-27,5.6875,5.8125,5.6875,5.8125,5.6689629554748535,35000
COO,1996-06-28,5.875,6.0625,5.75,5.875,5.729919910430908,172600
COO,1996-07-01,5.875,6.0,5.875,6.0,5.851833343505859,46600
COO,1996-07-02,6.0,6.0,5.8125,5.9375,5.790877342224121,35000
COO,1996-07-03,5.9375,5.9375,5.875,5.9375,5.790877342224121,11400
COO,1996-07-05,5.875,5.9375,5.875,5.875,5.729919910430908,7000
COO,1996-07-08,5.9375,6.0,5.8125,5.8125,5.6689629554748535,34200
COO,1996-07-09,5.9375,5.9375,5.8125,5.8125,5.6689629554748535,29600
COO,1996-07-10,5.6875,5.8125,5.625,5.6875,5.5470499992370605,39600
COO,1996-07-11,5.75,5.75,5.25,5.25,5.120355606079102,57800
COO,1996-07-12,5.375,5.5,5.375,5.4375,5.303225040435791,56800
COO,1996-07-15,5.5,5.8125,5.3125,5.3125,5.18131160736084,27800
COO,1996-07-16,5.25,5.25,4.8125,5.1875,5.059396743774414,143800
COO,1996-07-17,5.25,5.5,5.1875,5.4375,5.303225040435791,50800
COO,1996-07-18,5.5,5.8125,5.4375,5.75,5.608010292053223,28200
COO,1996-07-19,5.6875,5.6875,5.5625,5.6875,5.5470499992370605,26000
COO,1996-07-22,5.625,5.625,5.5,5.5,5.364180564880371,30400
COO,1996-07-23,5.5,5.5625,5.375,5.375,5.242268085479736,47000
COO,1996-07-24,5.3125,5.3125,5.125,5.3125,5.18131160736084,42200
COO,1996-07-25,5.3125,5.4375,5.25,5.375,5.242268085479736,19200
COO,1996-07-26,5.4375,5.5,5.3125,5.3125,5.18131160736084,51000
COO,1996-07-29,5.3125,5.375,5.3125,5.3125,5.18131160736084,18800
COO,1996-07-30,5.3125,5.5,5.3125,5.4375,5.303225040435791,14800
COO,1996-07-31,5.5,5.5,5.4375,5.4375,5.303225040435791,23200
COO,1996-08-01,5.5,5.6875,5.375,5.4375,5.303225040435791,71600
COO,1996-08-02,5.375,5.375,5.375,5.375,5.242268085479736,2200
COO,1996-08-05,5.375,5.4375,5.375,5.4375,5.303225040435791,14200
COO,1996-08-06,5.375,5.5,5.375,5.4375,5.303225040435791,39800
COO,1996-08-07,5.5,5.6875,5.5,5.6875,5.5470499992370605,44600
COO,1996-08-08,5.6875,6.0625,5.6875,6.0,5.851833343505859,76800
COO,1996-08-09,5.9375,6.5625,5.9375,6.25,6.0956621170043945,113000
COO,1996-08-12,6.3125,6.3125,6.0625,6.125,5.973747730255127,24200
COO,1996-08-13,6.0625,6.25,5.875,6.25,6.0956621170043945,62400
COO,1996-08-14,6.25,6.3125,6.1875,6.1875,6.034702777862549,30400
COO,1996-08-15,6.125,6.1875,6.125,6.125,5.973747730255127,13000
COO,1996-08-16,6.1875,6.4375,6.1875,6.375,6.217576026916504,93400
COO,1996-08-19,6.375,6.375,6.3125,6.375,6.217576026916504,31600
COO,1996-08-20,6.375,6.4375,6.375,6.375,6.217576026916504,48600
COO,1996-08-21,6.375,6.4375,6.375,6.375,6.217576026916504,22400
COO,1996-08-22,6.4375,6.5,6.375,6.5,6.3394856452941895,39600
COO,1996-08-23,6.4375,6.4375,6.375,6.4375,6.278529644012451,32200
COO,1996-08-26,6.4375,6.5625,6.4375,6.5625,6.400443077087402,60600
COO,1996-08-27,6.625,6.875,6.5625,6.625,6.461400508880615,294800
COO,1996-08-28,6.625,6.6875,6.375,6.5,6.3394856452941895,105600
COO,1996-08-29,6.5,6.625,6.5,6.5625,6.400443077087402,52400
COO,1996-08-30,6.625,6.625,6.4375,6.5,6.3394856452941895,39800
COO,1996-09-03,6.4375,6.75,6.4375,6.625,6.461400508880615,60600
COO,1996-09-04,6.6875,6.6875,6.5625,6.5625,6.400443077087402,15200
COO,1996-09-05,6.5,6.5625,6.5,6.5,6.3394856452941895,55200
COO,1996-09-06,6.5,6.5,6.375,6.375,6.217576026916504,85800
COO,1996-09-09,6.3125,6.375,6.25,6.3125,6.156617164611816,44600
COO,1996-09-10,6.3125,6.3125,6.1875,6.25,6.0956621170043945,58400
COO,1996-09-11,6.25,6.375,6.125,6.375,6.217576026916504,54000
COO,1996-09-12,6.4375,6.4375,6.3125,6.375,6.217576026916504,40200
COO,1996-09-13,6.3125,6.375,6.3125,6.375,6.217576026916504,24600
COO,1996-09-16,6.375,6.375,6.25,6.25,6.0956621170043945,23200
COO,1996-09-17,6.3125,6.375,6.25,6.25,6.0956621170043945,38400
COO,1996-09-18,6.25,6.3125,6.25,6.25,6.0956621170043945,49600
COO,1996-09-19,6.3125,6.3125,6.25,6.25,6.0956621170043945,23000
COO,1996-09-20,6.25,6.3125,6.1875,6.3125,6.156617164611816,41600
COO,1996-09-23,6.25,6.25,6.1875,6.25,6.0956621170043945,7600
COO,1996-09-24,6.125,6.5625,6.125,6.5,6.3394856452941895,129600
COO,1996-09-25,6.5625,6.625,6.4375,6.5,6.3394856452941895,48000
COO,1996-09-26,6.4375,6.5625,6.375,6.5625,6.400443077087402,45800
COO,1996-09-27,6.5,6.625,6.5,6.5625,6.400443077087402,30400
COO,1996-09-30,6.5625,6.6875,6.5625,6.5625,6.400443077087402,36000
COO,1996-10-01,6.5,6.5625,6.4375,6.5625,6.400443077087402,25600
COO,1996-10-02,6.5,6.5625,6.4375,6.4375,6.278529644012451,34400
COO,1996-10-03,6.375,6.4375,6.375,6.375,6.217576026916504,13400
COO,1996-10-04,6.4375,6.4375,6.3125,6.375,6.217576026916504,9400
COO,1996-10-07,6.3125,6.375,6.25,6.3125,6.156617164611816,12400
COO,1996-10-08,6.25,6.3125,6.1875,6.25,6.0956621170043945,23200
COO,1996-10-09,6.25,6.375,6.25,6.3125,6.156617164611816,71200
COO,1996-10-10,6.3125,6.4375,6.3125,6.375,6.217576026916504,26800
COO,1996-10-11,6.375,6.5,6.375,6.375,6.217576026916504,102000
COO,1996-10-14,6.375,6.5,6.375,6.5,6.3394856452941895,43800
COO,1996-10-15,6.5,6.5625,6.5,6.5,6.3394856452941895,42200
COO,1996-10-16,6.5625,6.625,6.4375,6.625,6.461400508880615,33600
COO,1996-10-17,6.625,6.75,6.625,6.75,6.583316326141357,65600
COO,1996-10-18,6.6875,7.0,6.6875,6.875,6.705228328704834,135200
COO,1996-10-21,6.9375,7.1875,6.9375,7.1875,7.010010242462158,220800
COO,1996-10-22,7.1875,7.1875,6.9375,7.0625,6.88809871673584,62800
COO,1996-10-23,7.0,7.125,7.0,7.0,6.827140331268311,41200
COO,1996-10-24,7.0625,7.1875,7.0,7.1875,7.010010242462158,50600
COO,1996-10-25,7.1875,7.25,7.0625,7.125,6.949052333831787,39200
COO,1996-10-28,7.1875,7.3125,7.1875,7.25,7.070966720581055,36000
COO,1996-10-29,7.375,7.5625,7.25,7.4375,7.253836631774902,330000
COO,1996-10-30,7.375,7.5,7.3125,7.375,7.192880153656006,29200
COO,1996-10-31,7.4375,7.4375,7.1875,7.1875,7.010010242462158,84000
COO,1996-11-01,7.1875,7.25,7.0625,7.0625,6.88809871673584,30800
COO,1996-11-04,7.0625,7.1875,7.0,7.125,6.949052333831787,34600
COO,1996-11-05,7.25,7.25,7.125,7.25,7.070966720581055,36600
COO,1996-11-06,7.25,7.3125,7.125,7.1875,7.010010242462158,55200
COO,1996-11-07,7.25,7.3125,7.125,7.125,6.949052333831787,29200
COO,1996-11-08,7.125,7.375,7.0625,7.375,7.192880153656006,82800
COO,1996-11-11,7.375,7.5625,7.3125,7.5625,7.375749111175537,97000
COO,1996-11-12,7.5,7.625,7.5,7.625,7.436705112457275,130400
COO,1996-11-13,7.625,7.625,7.5,7.5625,7.375749111175537,42000
COO,1996-11-14,7.5625,7.625,7.5,7.5,7.314792633056641,194600
COO,1996-11-15,7.5625,7.625,7.375,7.4375,7.253836631774902,107000
COO,1996-11-18,7.375,7.5625,7.375,7.5,7.314792633056641,35600
COO,1996-11-19,7.625,7.625,7.5,7.5625,7.375749111175537,91400
COO,1996-11-20,7.5625,7.5625,7.375,7.5,7.314792633056641,33200
COO,1996-11-21,7.4375,7.5,7.4375,7.4375,7.253836631774902,14600
COO,1996-11-22,7.4375,7.5,7.4375,7.4375,7.253836631774902,22400
COO,1996-11-25,7.5,7.5,7.375,7.4375,7.253836631774902,63600
COO,1996-11-26,7.5,7.5,7.3125,7.3125,7.131923198699951,29200
COO,1996-11-27,7.3125,7.3125,7.125,7.25,7.070966720581055,109600
COO,1996-11-29,7.25,7.375,7.25,7.3125,7.131923198699951,11400
COO,1996-12-02,7.25,7.25,7.1875,7.1875,7.010010242462158,66000
COO,1996-12-03,7.1875,7.4375,7.1875,7.4375,7.253836631774902,229800
COO,1996-12-04,7.375,7.5,7.3125,7.4375,7.253836631774902,119400
COO,1996-12-05,7.5,7.6875,7.5,7.625,7.436705112457275,100200
COO,1996-12-06,7.5,7.5,7.375,7.5,7.314792633056641,56800
COO,1996-12-09,7.5,7.8125,7.4375,7.8125,7.619577407836914,182600
COO,1996-12-10,7.9375,8.125,7.9375,8.0625,7.863402366638184,220800
COO,1996-12-11,7.9375,8.5,7.8125,8.5,8.290099143981934,259800
COO,1996-12-12,8.5,8.6875,8.3125,8.375,8.168182373046875,324800
COO,1996-12-13,8.0625,8.25,8.0,8.125,7.924360275268555,167400
COO,1996-12-16,8.1875,8.1875,8.125,8.1875,7.9853196144104,47600
COO,1996-12-17,8.125,8.125,8.0625,8.125,7.924360275268555,41000
COO,1996-12-18,8.125,8.5625,8.0625,8.4375,8.229137420654297,110000
COO,1996-12-19,8.5,8.5625,8.375,8.375,8.168182373046875,50400
COO,1996-12-20,8.375,8.375,8.1875,8.1875,7.9853196144104,18200
COO,1996-12-23,8.25,8.25,8.0625,8.125,7.924360275268555,94600
COO,1996-12-24,8.125,8.25,8.125,8.25,8.046271324157715,6400
COO,1996-12-26,8.3125,8.4375,8.25,8.4375,8.229137420654297,98600
COO,1996-12-27,8.4375,8.4375,8.375,8.375,8.168182373046875,8800
COO,1996-12-30,8.375,8.375,8.25,8.375,8.168182373046875,56800
COO,1996-12-31,8.375,8.625,8.375,8.625,8.412013053894043,113200
COO,1997-01-02,8.5,8.625,8.4375,8.5,8.290099143981934,178000
COO,1997-01-03,8.5625,8.5625,8.4375,8.4375,8.229137420654297,32000
COO,1997-01-06,8.5,8.5,8.25,8.3125,8.107227325439453,154400
COO,1997-01-07,8.25,8.3125,8.1875,8.25,8.046271324157715,51600
COO,1997-01-08,8.25,8.25,8.125,8.1875,7.9853196144104,22400
COO,1997-01-09,8.125,8.25,7.9375,8.25,8.046271324157715,71000
COO,1997-01-10,8.1875,8.1875,7.9375,8.0,7.80244779586792,51200
COO,1997-01-13,8.0,8.0625,7.9375,8.0,7.80244779586792,145200
COO,1997-01-14,8.0625,8.25,8.0,8.1875,7.9853196144104,98000
COO,1997-01-15,8.1875,8.3125,8.1875,8.3125,8.107227325439453,44800
COO,1997-01-16,8.25,8.375,8.125,8.125,7.924360275268555,27000
COO,1997-01-17,8.125,8.25,8.125,8.25,8.046271324157715,91000
COO,1997-01-20,8.375,8.375,8.0625,8.125,7.924360275268555,78400
COO,1997-01-21,8.0625,8.4375,8.0625,8.3125,8.107227325439453,76400
COO,1997-01-22,8.375,8.6875,8.375,8.6875,8.472967147827148,61200
COO,1997-01-23,8.6875,8.8125,8.5625,8.5625,8.351056098937988,162800
COO,1997-01-24,8.5625,8.6875,8.5,8.6875,8.472967147827148,121400
COO,1997-01-27,8.6875,8.6875,8.5625,8.5625,8.351056098937988,62600
COO,1997-01-28,8.625,8.625,8.5625,8.625,8.412013053894043,101600
COO,1997-01-29,8.6875,8.8125,8.625,8.6875,8.472967147827148,57600
COO,1997-01-30,8.625,9.125,8.625,9.0,8.777750015258789,345600
COO,1997-01-31,9.0625,9.375,9.0625,9.25,9.021578788757324,216800
COO,1997-02-03,9.25,9.6875,9.1875,9.6875,9.44827365875244,328800
COO,1997-02-04,9.6875,10.125,9.6875,10.125,9.874967575073242,370400
COO,1997-02-05,10.125,10.1875,9.375,9.6875,9.44827365875244,231800
COO,1997-02-06,9.9375,10.375,9.9375,10.375,10.118793487548828,409600
COO,1997-02-07,10.375,10.5,10.25,10.25,9.9968843460083,306800
COO,1997-02-10,10.1875,10.5625,10.1875,10.5625,10.301663398742676,262600
COO,1997-02-11,10.5625,10.5625,10.125,10.3125,10.05784034729004,205600
COO,1997-02-12,10.25,10.3125,10.1875,10.25,9.9968843460083,72000
COO,1997-02-13,10.25,10.3125,10.125,10.1875,9.935928344726562,94400
COO,1997-02-14,10.25,10.375,10.125,10.3125,10.05784034729004,94800
COO,1997-02-18,10.25,10.5625,10.25,10.5625,10.301663398742676,100400
COO,1997-02-19,10.5,10.75,10.4375,10.75,10.484536170959473,220200
COO,1997-02-20,10.75,10.875,10.6875,10.8125,10.545493125915527,124200
COO,1997-02-21,10.875,10.9375,10.75,10.75,10.484536170959473,62600
COO,1997-02-24,10.75,11.25,10.75,11.25,10.972189903259276,323600
COO,1997-02-25,11.25,11.25,10.625,10.875,10.606450080871582,245800
COO,1997-02-26,10.625,10.875,10.625,10.8125,10.545493125915527,162000
COO,1997-02-27,10.8125,10.8125,10.625,10.625,10.36262321472168,230600
COO,1997-02-28,10.625,10.625,10.1875,10.4375,10.179755210876465,144200
COO,1997-03-03,10.3125,10.375,10.1875,10.1875,9.935928344726562,108800
COO,1997-03-04,10.1875,10.375,10.1875,10.25,9.9968843460083,94200
COO,1997-03-05,10.25,10.5,10.25,10.4375,10.179755210876465,138400
COO,1997-03-06,10.3125,10.5,10.3125,10.3125,10.05784034729004,88000
COO,1997-03-07,10.3125,10.375,9.6875,9.9375,9.69210433959961,295400
COO,1997-03-10,9.875,10.125,9.875,10.0,9.753059387207031,59200
COO,1997-03-11,10.0625,10.125,9.875,9.9375,9.69210433959961,136600
COO,1997-03-12,9.875,10.0,9.75,9.8125,9.570185661315918,126800
COO,1997-03-13,9.8125,9.875,9.375,9.4375,9.204447746276855,179200
COO,1997-03-14,9.5625,9.75,9.5,9.5,9.265402793884276,224800
COO,1997-03-17,9.5,9.625,9.4375,9.625,9.38731575012207,137800
COO,1997-03-18,9.6875,9.6875,9.5,9.5,9.265402793884276,99600
COO,1997-03-19,9.4375,9.5,9.4375,9.4375,9.204447746276855,35000
COO,1997-03-20,9.4375,9.8125,9.4375,9.75,9.509231567382812,75000
COO,1997-03-21,9.8125,10.1875,9.8125,10.1875,9.935928344726562,372400
COO,1997-03-24,10.3125,10.75,10.3125,10.375,10.118793487548828,239800
COO,1997-03-25,10.375,10.625,10.375,10.5,10.240711212158203,69000
COO,1997-03-26,10.5,10.875,10.5,10.8125,10.545493125915527,57400
COO,1997-03-27,10.875,10.9375,10.6875,10.75,10.484536170959473,112800
COO,1997-03-31,10.6875,10.6875,10.125,10.125,9.874967575073242,148400
COO,1997-04-01,10.0625,10.25,10.0,10.0,9.753059387207031,80400
COO,1997-04-02,9.9375,10.1875,9.9375,10.0625,9.814014434814451,140400
COO,1997-04-03,10.125,10.1875,10.0,10.0,9.753059387207031,94600
COO,1997-04-04,10.0,10.125,10.0,10.125,9.874967575073242,30200
COO,1997-04-07,10.0625,10.25,10.0625,10.125,9.874967575073242,72200
COO,1997-04-08,10.125,10.125,9.875,9.875,9.63114070892334,33200
COO,1997-04-09,9.8125,9.8125,9.6875,9.75,9.509231567382812,87000
COO,1997-04-10,9.75,9.8125,9.625,9.625,9.38731575012207,60600
COO,1997-04-11,9.5625,9.5625,9.3125,9.3125,9.08253574371338,132600
COO,1997-04-14,9.1875,9.1875,8.8125,9.0,8.777750015258789,289000
COO,1997-04-15,9.0625,9.125,8.9375,9.0,8.777750015258789,91400
COO,1997-04-16,8.875,9.25,8.875,9.125,8.899665832519531,48200
COO,1997-04-17,9.25,9.375,9.25,9.3125,9.08253574371338,43600
COO,1997-04-18,9.375,9.375,9.125,9.25,9.021578788757324,22600
COO,1997-04-21,9.3125,9.3125,9.0,9.0,8.777750015258789,22800
COO,1997-04-22,9.0,9.0,8.6875,8.8125,8.594883918762207,47800
COO,1997-04-23,8.75,8.8125,8.3125,8.6875,8.472967147827148,115800
COO,1997-04-24,8.75,9.25,8.75,9.25,9.021578788757324,69200
COO,1997-04-25,9.25,9.25,9.0625,9.0625,8.83870792388916,24800
COO,1997-04-28,9.0625,9.0625,8.75,8.75,8.533926010131836,26800
COO,1997-04-29,8.8125,9.0,8.8125,9.0,8.777750015258789,31400
COO,1997-04-30,8.9375,9.0625,8.9375,8.9375,8.716795921325684,26600
COO,1997-05-01,9.0,9.3125,9.0,9.1875,8.96062183380127,91000
COO,1997-05-02,9.1875,9.3125,9.125,9.25,9.021578788757324,23800
COO,1997-05-05,9.25,9.625,9.25,9.625,9.38731575012207,128400
COO,1997-05-06,9.625,9.75,9.5625,9.75,9.509231567382812,46800
COO,1997-05-07,9.8125,10.0,9.8125,10.0,9.753059387207031,66600
COO,1997-05-08,10.0,10.0,9.8125,9.875,9.63114070892334,60400
COO,1997-05-09,9.875,9.9375,9.875,9.875,9.63114070892334,20800
COO,1997-05-12,9.875,10.125,9.875,10.0625,9.814014434814451,81800
COO,1997-05-13,10.0625,10.25,10.0,10.25,9.9968843460083,84000
COO,1997-05-14,10.3125,10.375,10.1875,10.25,9.9968843460083,65800
COO,1997-05-15,10.1875,10.25,10.0625,10.1875,9.935928344726562,87800
COO,1997-05-16,10.1875,10.625,10.1875,10.625,10.36262321472168,112400
COO,1997-05-19,10.5625,10.75,10.5625,10.5625,10.301663398742676,71200
COO,1997-05-20,10.5625,10.8125,10.5,10.8125,10.545493125915527,48200
COO,1997-05-21,10.9375,11.0,10.5625,10.5625,10.301663398742676,148600
COO,1997-05-22,10.625,10.6875,10.5625,10.6875,10.423578262329102,53000
COO,1997-05-23,10.6875,10.8125,10.625,10.625,10.36262321472168,28600
COO,1997-05-27,10.625,10.625,10.4375,10.4375,10.179755210876465,109800
COO,1997-05-28,10.5625,10.5625,10.375,10.4375,10.179755210876465,37200
COO,1997-05-29,10.375,10.4375,10.3125,10.4375,10.179755210876465,13400
COO,1997-05-30,10.3125,10.4375,10.3125,10.375,10.118793487548828,9400
COO,1997-06-02,10.4375,10.5625,10.3125,10.5625,10.301663398742676,42600
COO,1997-06-03,10.5625,10.6875,10.5,10.625,10.36262321472168,39200
COO,1997-06-04,10.5625,10.75,10.5625,10.75,10.484536170959473,58600
COO,1997-06-05,10.8125,11.0,10.8125,10.9375,10.66740894317627,59800
COO,1997-06-06,10.875,11.0,10.8125,11.0,10.728361129760742,36600
COO,1997-06-09,11.0,11.375,11.0,11.375,11.09409999847412,173600
COO,1997-06-10,11.375,11.625,11.375,11.5,11.216020584106444,228600
COO,1997-06-11,11.5,11.625,11.5,11.5625,11.276970863342283,65400
COO,1997-06-12,11.5625,11.5625,11.5,11.5,11.216020584106444,34000
COO,1997-06-13,11.5,11.5625,11.3125,11.3125,11.033146858215332,33600
COO,1997-06-16,11.3125,11.375,11.0,11.0625,10.789316177368164,64000
COO,1997-06-17,11.125,11.125,10.9375,11.0625,10.789316177368164,41400
COO,1997-06-18,11.0,11.25,11.0,11.25,10.972189903259276,40400
COO,1997-06-19,11.1875,11.25,11.0,11.125,10.850275993347168,74000
COO,1997-06-20,11.1875,11.1875,11.0625,11.0625,10.789316177368164,44200
COO,1997-06-23,11.125,11.125,11.0,11.125,10.850275993347168,74800
COO,1997-06-24,11.1875,11.1875,11.0,11.125,10.850275993347168,30000
COO,1997-06-25,11.125,11.25,10.96875,11.25,10.972189903259276,95400
COO,1997-06-26,11.3125,11.375,11.25,11.3125,11.033146858215332,74400
COO,1997-06-27,11.3125,11.3125,11.25,11.28125,11.002667427062988,10600
COO,1997-06-30,11.25,11.625,11.1875,11.625,11.337925910949709,114200
COO,1997-07-01,11.625,11.75,11.375,11.75,11.459839820861816,187200
COO,1997-07-02,11.75,11.8125,11.65625,11.75,11.459839820861816,88000
COO,1997-07-03,11.6875,11.875,11.6875,11.875,11.581754684448242,47000
COO,1997-07-07,11.875,11.875,11.78125,11.875,11.581754684448242,69200
COO,1997-07-08,11.90625,12.125,11.8125,12.125,11.825583457946776,157400
COO,1997-07-09,12.0625,12.15625,12.0,12.15625,11.856060981750488,108400
COO,1997-07-10,12.09375,12.3125,12.0625,12.28125,11.9779691696167,169600
COO,1997-07-11,12.34375,12.375,12.21875,12.25,11.947495460510254,42600
COO,1997-07-14,12.34375,12.375,12.09375,12.1875,11.886536598205566,89200
COO,1997-07-15,12.1875,12.21875,12.0,12.125,11.825583457946776,45800
COO,1997-07-16,12.125,12.1875,11.8125,12.0,11.70366668701172,119200
COO,1997-07-17,12.0,12.0,11.8125,11.8125,11.520795822143556,80600
COO,1997-07-18,11.6875,11.75,11.53125,11.5625,11.276970863342283,134600
COO,1997-07-21,11.34375,11.4375,11.34375,11.34375,11.063627243041992,178200
COO,1997-07-22,11.3125,11.875,11.3125,11.875,11.581754684448242,145000
COO,1997-07-23,11.9375,12.0625,11.875,11.96875,11.673190116882324,1858400
COO,1997-07-24,12.75,13.09375,12.625,12.9375,12.618020057678224,1032000
COO,1997-07-25,12.9375,14.25,12.9375,14.0625,13.715235710144045,664200
COO,1997-07-28,14.5,14.5,14.0,14.3125,13.959061622619627,766800
COO,1997-07-29,14.25,15.0,14.25,14.6875,14.32480525970459,427400
COO,1997-07-30,14.59375,14.59375,14.03125,14.125,13.77619743347168,114800
COO,1997-07-31,14.0,14.09375,13.5625,14.0,13.65428066253662,134800
COO,1997-08-01,14.0,14.125,14.0,14.09375,13.745715141296388,205600
COO,1997-08-04,14.0,14.4375,14.0,14.375,14.020020484924316,55000
COO,1997-08-05,14.5,14.625,14.3125,14.625,14.263846397399902,222200
COO,1997-08-06,14.625,14.625,14.375,14.5625,14.20289134979248,110800
COO,1997-08-07,14.46875,14.59375,14.4375,14.53125,14.172411918640137,190200
COO,1997-08-08,14.40625,14.5,14.0,14.5,14.14193344116211,255200
COO,1997-08-11,14.5,14.5,14.0,14.21875,13.867629051208496,63800
COO,1997-08-12,14.25,14.3125,14.15625,14.25,13.898104667663574,67800
COO,1997-08-13,14.3125,14.3125,14.125,14.21875,13.867629051208496,27600
COO,1997-08-14,14.25,14.75,14.25,14.375,14.020020484924316,153200
COO,1997-08-15,14.4375,14.75,14.4375,14.5,14.14193344116211,92200
COO,1997-08-18,14.625,14.84375,14.4375,14.59375,14.233369827270508,170200
COO,1997-08-19,14.71875,14.84375,14.59375,14.84375,14.477194786071776,115600
COO,1997-08-20,14.8125,14.875,14.75,14.8125,14.44671630859375,93600
COO,1997-08-21,14.84375,14.84375,14.5625,14.6875,14.32480525970459,48400
COO,1997-08-22,14.5625,14.5625,14.0625,14.28125,13.928587913513184,194200
COO,1997-08-25,14.28125,15.1875,14.25,14.96875,14.599111557006836,380800
COO,1997-08-26,14.9375,15.15625,14.8125,15.09375,14.72101879119873,263000
COO,1997-08-27,15.5,15.75,15.125,15.40625,15.02580451965332,291400
COO,1997-08-28,15.5,15.96875,15.25,15.96875,15.574410438537598,299600
COO,1997-08-29,16.375,16.8125,16.3125,16.5,16.09254264831543,327000
COO,1997-09-02,16.375,16.9375,16.375,16.8125,16.397327423095703,373200
COO,1997-09-03,16.75,17.0,16.1875,17.0,16.580198287963867,313400
COO,1997-09-04,17.1875,17.875,17.1875,17.5,17.067852020263672,347000
COO,1997-09-05,17.5625,18.25,17.5625,18.03125,17.58597755432129,384800
COO,1997-09-08,18.03125,18.75,18.03125,18.5625,18.10411262512207,541400
COO,1997-09-09,18.4375,18.9375,18.25,18.9375,18.469844818115234,202400
COO,1997-09-10,18.75,19.25,18.625,18.9375,18.469844818115234,282200
COO,1997-09-11,18.5,18.75,18.375,18.71875,18.25650405883789,364200
COO,1997-09-12,18.6875,19.5,18.6875,19.40625,18.927026748657227,162400
COO,1997-09-15,19.40625,20.5625,19.40625,20.28125,19.780420303344727,367200
COO,1997-09-16,20.40625,20.5,19.5,19.84375,19.353721618652344,163400
COO,1997-09-17,19.71875,19.875,18.875,19.875,19.38420867919922,288000
COO,1997-09-18,19.75,20.0,19.5625,19.625,19.14037132263184,87200
COO,1997-09-19,19.5,19.5625,18.75,18.78125,18.31746482849121,281000
COO,1997-09-22,18.8125,18.8125,18.5,18.5,18.04315757751465,279600
COO,1997-09-23,18.4375,19.125,18.3125,18.90625,18.439373016357425,203000
COO,1997-09-24,18.90625,18.90625,18.375,18.5625,18.10411262512207,132400
COO,1997-09-25,18.5,18.59375,18.40625,18.40625,17.951725006103516,115400
COO,1997-09-26,18.3125,18.65625,18.3125,18.5,18.04315757751465,67400
COO,1997-09-29,18.375,18.53125,18.25,18.4375,17.98220443725586,30600
COO,1997-09-30,18.3125,18.5,18.125,18.375,17.92124366760254,175800
COO,1997-10-01,18.3125,18.375,17.625,17.875,17.433591842651367,122400
COO,1997-10-02,17.9375,18.65625,17.6875,18.59375,18.13459014892578,108200
COO,1997-10-03,18.71875,19.0625,18.4375,18.46875,18.012672424316406,182600
COO,1997-10-06,18.59375,18.59375,17.6875,17.71875,17.28119659423828,153600
COO,1997-10-07,17.625,17.625,17.125,17.4375,17.006893157958984,181600
COO,1997-10-08,17.28125,17.9375,17.25,17.90625,17.464069366455078,198400
COO,1997-10-09,17.875,17.875,17.40625,17.40625,16.97641372680664,186200
COO,1997-10-10,17.28125,17.78125,17.0625,17.71875,17.28119659423828,107800
COO,1997-10-13,17.71875,17.8125,17.40625,17.5625,17.128803253173828,129600
COO,1997-10-14,17.4375,17.5,17.1875,17.4375,17.006893157958984,85600
COO,1997-10-15,17.4375,17.46875,17.1875,17.21875,16.793546676635742,72000
COO,1997-10-16,17.1875,17.375,17.0625,17.09375,16.67163848876953,127000
COO,1997-10-17,17.0,17.1875,16.75,16.96875,16.54972267150879,136200
COO,1997-10-20,16.96875,17.34375,16.9375,17.15625,16.732589721679688,218200
COO,1997-10-21,17.25,17.5,17.125,17.5,17.067852020263672,235400
COO,1997-10-22,17.5625,17.875,17.46875,17.875,17.433591842651367,521200
COO,1997-10-23,17.75,17.90625,17.5,17.84375,17.40311622619629,215600
COO,1997-10-24,17.9375,18.0,17.75,17.9375,17.49454689025879,155600
COO,1997-10-27,17.90625,17.90625,17.3125,17.3125,16.884981155395508,194600
COO,1997-10-28,16.875,17.25,16.375,16.78125,16.366851806640625,390800
COO,1997-10-29,16.90625,18.1875,16.90625,18.03125,17.58597755432129,379800
COO,1997-10-30,17.90625,18.1875,17.625,17.71875,17.28119659423828,243000
COO,1997-10-31,17.84375,17.96875,17.65625,17.875,17.433591842651367,47800
COO,1997-11-03,18.0,18.90625,18.0,18.90625,18.439373016357425,470600
COO,1997-11-04,18.9375,18.9375,18.40625,18.5,18.04315757751465,234800
COO,1997-11-05,18.5,18.625,18.3125,18.5625,18.10411262512207,63000
COO,1997-11-06,18.5,18.75,18.46875,18.59375,18.13459014892578,63800
COO,1997-11-07,18.34375,18.5625,18.1875,18.5625,18.10411262512207,170400
COO,1997-11-10,18.53125,18.9375,18.25,18.3125,17.860288619995117,182400
COO,1997-11-11,18.3125,18.4375,18.0,18.0625,17.6164608001709,308600
COO,1997-11-12,18.09375,18.125,17.5625,17.65625,17.220243453979492,201400
COO,1997-11-13,17.53125,17.75,17.34375,17.65625,17.220243453979492,159800
COO,1997-11-14,17.6875,17.8125,17.625,17.78125,17.3421573638916,107800
COO,1997-11-17,17.875,18.75,17.875,18.53125,18.073637008666992,549600
COO,1997-11-18,18.5625,19.375,18.5625,19.375,18.896547317504883,694000
COO,1997-11-19,19.4375,19.8125,19.4375,19.78125,19.29277229309082,412400
COO,1997-11-20,19.78125,20.125,19.6875,19.875,19.38420867919922,275600
COO,1997-11-21,20.09375,20.09375,19.4375,19.46875,18.98798942565918,152200
COO,1997-11-24,19.40625,19.40625,18.9375,19.03125,18.5612907409668,91200
COO,1997-11-25,19.125,19.5,19.0,19.375,18.896547317504883,73600
COO,1997-11-26,19.40625,19.75,19.40625,19.5,19.018463134765625,99600
COO,1997-11-28,19.53125,19.5625,19.53125,19.53125,19.048940658569336,20000
COO,1997-12-01,19.5625,20.125,19.5625,20.0,19.506118774414062,137400
COO,1997-12-02,20.0,20.0,19.3125,19.4375,18.95750999450684,130600
COO,1997-12-03,19.375,19.875,19.375,19.78125,19.29277229309082,249000
COO,1997-12-04,19.8125,20.0625,19.6875,19.9375,19.445161819458008,162200
COO,1997-12-05,19.8125,20.125,19.78125,20.03125,19.53659439086914,87400
COO,1997-12-08,20.09375,20.375,20.0,20.3125,19.810895919799805,123200
COO,1997-12-09,20.4375,21.0,20.4375,20.5625,20.05471611022949,265400
COO,1997-12-10,20.5,20.53125,19.90625,20.53125,20.024248123168945,324800
COO,1997-12-11,20.46875,20.46875,19.5625,19.75,19.26228141784668,221400
COO,1997-12-12,19.75,19.8125,18.875,19.3125,18.83559226989746,144800
COO,1997-12-15,19.5625,19.90625,19.5,19.53125,19.048940658569336,88000
COO,1997-12-16,19.40625,20.0625,19.40625,20.0,19.506118774414062,159000
COO,1997-12-17,20.0625,20.21875,19.75,19.78125,19.29277229309082,77400
COO,1997-12-18,19.75,19.96875,19.375,19.59375,19.10988998413086,86400
COO,1997-12-19,19.46875,19.75,19.1875,19.75,19.26228141784668,402600
COO,1997-12-22,19.71875,19.75,19.5,19.59375,19.10988998413086,114600
COO,1997-12-23,19.59375,19.59375,19.3125,19.34375,18.86607360839844,71000
COO,1997-12-24,19.3125,19.46875,19.125,19.375,18.896547317504883,52400
COO,1997-12-26,19.25,19.5,19.25,19.4375,18.95750999450684,10600
COO,1997-12-29,19.5,20.0,19.5,19.96875,19.47563743591309,178000
COO,1997-12-30,20.0,20.3125,19.90625,20.21875,19.71946907043457,186800
COO,1997-12-31,20.375,20.6875,20.3125,20.4375,19.93280982971192,177200
COO,1998-01-02,20.5625,20.5625,19.8125,20.1875,19.68898200988769,109600
COO,1998-01-05,20.1875,20.25,19.9375,20.25,19.749935150146484,169400
COO,1998-01-06,20.375,20.4375,20.1875,20.3125,19.810895919799805,107600
COO,1998-01-07,20.25,21.25,20.25,20.75,20.237586975097656,360200
COO,1998-01-08,20.875,21.03125,20.8125,20.96875,20.450942993164062,178800
COO,1998-01-09,20.96875,20.96875,19.9375,20.09375,19.59754943847656,152000
COO,1998-01-12,19.96875,20.03125,19.6875,19.9375,19.445161819458008,128600
COO,1998-01-13,20.0625,20.75,20.0625,20.6875,20.17663955688477,121600
COO,1998-01-14,20.71875,21.0625,20.71875,20.96875,20.450942993164062,89400
COO,1998-01-15,20.875,21.375,20.875,21.09375,20.572858810424805,250000
COO,1998-01-16,21.3125,22.25,21.25,21.96875,21.426254272460938,574600
COO,1998-01-20,22.0625,23.0625,22.0,23.03125,22.462507247924805,524800
COO,1998-01-21,23.09375,24.84375,22.6875,23.75,23.163509368896484,1059000
COO,1998-01-22,23.6875,23.6875,22.3125,22.875,22.31012344360352,897400
COO,1998-01-23,22.9375,22.96875,22.4375,22.84375,22.279640197753903,304000
COO,1998-01-26,22.875,23.15625,22.875,23.03125,22.462507247924805,123400
COO,1998-01-27,23.0,23.28125,22.75,23.25,22.67585182189941,177000
COO,1998-01-28,23.3125,24.0,23.3125,23.90625,23.315900802612305,146600
COO,1998-01-29,23.9375,24.0,23.6875,23.875,23.28542137145996,78400
COO,1998-01-30,24.0,25.0,24.0,24.8125,24.19977378845215,325200
COO,1998-02-02,25.25,25.84375,25.1875,25.5625,24.93125343322754,389000
COO,1998-02-03,25.59375,25.65625,24.3125,24.9375,24.321685791015625,252800
COO,1998-02-04,24.875,25.15625,24.84375,25.0,24.38264846801757,381800
COO,1998-02-05,25.0,25.3125,24.875,25.21875,24.595991134643555,139800
COO,1998-02-06,25.1875,25.34375,24.875,25.125,24.504562377929688,116200
COO,1998-02-09,24.75,25.0,24.6875,24.84375,24.23025321960449,142000
COO,1998-02-10,24.84375,25.25,24.84375,25.03125,24.41311836242676,157800
COO,1998-02-11,24.9375,25.3125,24.84375,25.0,24.38264846801757,81000
COO,1998-02-12,24.9375,25.0,24.4375,24.6875,24.07785987854004,106000
COO,1998-02-13,24.71875,24.78125,24.625,24.75,24.138811111450195,32800
COO,1998-02-17,24.875,24.875,24.09375,24.125,23.529253005981445,219600
COO,1998-02-18,24.0625,24.5625,24.0,24.4375,23.83403968811035,114000
COO,1998-02-19,24.46875,24.46875,23.875,23.96875,23.376867294311523,119200
COO,1998-02-20,23.84375,23.9375,23.1875,23.46875,22.889198303222656,246400
COO,1998-02-23,23.5,23.5,22.25,22.625,22.066293716430664,477400
COO,1998-02-24,22.375,22.4375,21.6875,22.0,21.456722259521484,360400
COO,1998-02-25,22.125,23.125,22.0,22.75,22.18819999694824,537000
COO,1998-02-26,22.875,23.6875,22.75,23.6875,23.10256004333496,383600
COO,1998-02-27,23.75,23.875,23.3125,23.375,22.79776763916016,95000
COO,1998-03-02,23.40625,23.75,23.40625,23.53125,22.95016288757324,90800
COO,1998-03-03,23.40625,23.4375,22.78125,22.875,22.31012344360352,100400
COO,1998-03-04,22.875,23.09375,22.875,22.9375,22.371068954467773,156400
COO,1998-03-05,22.9375,23.0,22.8125,22.84375,22.279640197753903,248400
COO,1998-03-06,22.84375,23.25,22.84375,23.03125,22.462507247924805,179800
COO,1998-03-09,22.9375,23.8125,22.9375,23.5625,22.98064422607422,122000
COO,1998-03-10,23.53125,23.625,23.125,23.28125,22.706335067749023,90000
COO,1998-03-11,23.21875,23.8125,23.21875,23.5,22.91967964172364,131800
COO,1998-03-12,23.5,23.5,23.15625,23.25,22.67585182189941,286600
COO,1998-03-13,23.25,23.25,22.3125,22.5,21.944379806518555,113600
COO,1998-03-16,22.375,22.375,20.9375,21.03125,20.511898040771484,677200
COO,1998-03-17,20.6875,21.03125,19.25,20.96875,20.450942993164062,1114000
COO,1998-03-18,21.0625,21.75,21.0625,21.3125,20.78620719909668,247800
COO,1998-03-19,21.3125,21.3125,20.625,20.75,20.237586975097656,217800
COO,1998-03-20,20.75,20.75,20.375,20.5,19.9937686920166,140000
COO,1998-03-23,20.5625,20.78125,20.34375,20.375,19.871856689453125,257800
COO,1998-03-24,20.125,20.125,19.5,19.6875,19.20132827758789,588600
COO,1998-03-25,19.75,20.3125,19.6875,19.875,19.38420867919922,382400
COO,1998-03-26,19.90625,19.90625,19.4375,19.5625,19.07941627502441,403200
COO,1998-03-27,19.625,19.9375,19.625,19.75,19.26228141784668,104200
COO,1998-03-30,20.625,20.625,20.09375,20.21875,19.71946907043457,395800
COO,1998-03-31,20.5625,21.25,20.5,21.21875,20.69476890563965,393000
COO,1998-04-01,21.09375,21.15625,20.8125,20.8125,20.29855155944824,157200
COO,1998-04-02,21.25,21.59375,21.25,21.4375,20.908117294311523,211000
COO,1998-04-03,21.5,22.25,21.5,21.90625,21.36529922485352,268000
COO,1998-04-06,22.03125,22.21875,20.78125,20.96875,20.450942993164062,228800
COO,1998-04-07,21.0,21.1875,20.65625,20.78125,20.26806640625,99800
COO,1998-04-08,20.75,21.125,20.25,20.34375,19.84137725830078,197400
COO,1998-04-09,20.375,20.625,20.21875,20.34375,19.84137725830078,102400
COO,1998-04-13,20.46875,20.5,20.125,20.25,19.749935150146484,91000
COO,1998-04-14,20.21875,20.5,20.125,20.46875,19.963287353515625,64000
COO,1998-04-15,20.4375,20.5625,20.1875,20.25,19.749935150146484,53600
COO,1998-04-16,20.375,20.375,19.375,19.84375,19.353721618652344,243600
COO,1998-04-17,19.84375,19.84375,19.25,19.3125,18.83559226989746,328600
COO,1998-04-20,19.3125,19.375,17.875,18.09375,17.646930694580078,576800
COO,1998-04-21,18.21875,18.625,17.0,18.46875,18.012672424316406,1666800
COO,1998-04-22,19.0,19.25,18.75,19.25,18.77463150024414,971400
COO,1998-04-23,19.3125,19.71875,18.96875,19.125,18.65271759033203,489800
COO,1998-04-24,19.25,19.34375,18.875,19.125,18.65271759033203,262600
COO,1998-04-27,18.6875,18.75,18.375,18.5,18.04315757751465,218800
COO,1998-04-28,18.625,19.0,18.625,18.8125,18.34793472290039,220000
COO,1998-04-29,18.90625,18.9375,18.625,18.65625,18.195545196533203,196800
COO,1998-04-30,18.75,19.25,18.75,19.21875,18.744150161743164,177200
COO,1998-05-01,19.34375,19.625,19.25,19.4375,18.95750999450684,202400
COO,1998-05-04,19.5625,19.875,19.5,19.75,19.26228141784668,304000
COO,1998-05-05,19.75,19.875,19.46875,19.84375,19.353721618652344,201000
COO,1998-05-06,19.90625,19.96875,19.15625,19.21875,18.744150161743164,174200
COO,1998-05-07,19.21875,19.3125,19.0625,19.125,18.65271759033203,117000
COO,1998-05-08,19.0,19.46875,19.0,19.3125,18.83559226989746,165000
COO,1998-05-11,19.28125,19.8125,19.28125,19.5,19.018463134765625,182000
COO,1998-05-12,19.5625,20.0,19.5625,19.9375,19.445161819458008,200200
COO,1998-05-13,19.9375,19.9375,19.625,19.65625,19.170854568481445,236000
COO,1998-05-14,19.625,19.65625,19.375,19.5625,19.07941627502441,88600
COO,1998-05-15,19.5,19.625,19.28125,19.3125,18.83559226989746,44400
COO,1998-05-18,19.25,19.4375,18.8125,18.8125,18.34793472290039,60800
COO,1998-05-19,18.75,19.3125,18.75,19.15625,18.683198928833008,198400
COO,1998-05-20,19.09375,19.75,19.0625,19.5625,19.07941627502441,331800
COO,1998-05-21,19.59375,19.8125,19.59375,19.65625,19.170854568481445,168000
COO,1998-05-22,19.65625,19.6875,19.40625,19.625,19.14037132263184,121000
COO,1998-05-26,19.75,19.9375,19.375,19.375,18.896547317504883,210800
COO,1998-05-27,19.15625,19.1875,18.5625,18.9375,18.469844818115234,190800
COO,1998-05-28,19.3125,19.4375,19.125,19.4375,18.95750999450684,251400
COO,1998-05-29,19.5,19.8125,19.5,19.75,19.26228141784668,116000
COO,1998-06-01,19.71875,19.71875,18.875,19.0,18.530805587768555,110800
COO,1998-06-02,19.0,19.40625,19.0,19.34375,18.86607360839844,126400
COO,1998-06-03,19.4375,19.625,19.15625,19.15625,18.683198928833008,155200
COO,1998-06-04,19.125,19.65625,19.125,19.625,19.14037132263184,64800
COO,1998-06-05,19.625,19.96875,19.5625,19.9375,19.445161819458008,105000
COO,1998-06-08,19.9375,20.28125,19.875,20.21875,19.71946907043457,232600
COO,1998-06-09,20.125,20.3125,20.03125,20.3125,19.810895919799805,129000
COO,1998-06-10,20.25,20.25,19.8125,20.0,19.506118774414062,180600
COO,1998-06-11,19.875,20.0,19.625,19.625,19.14037132263184,64800
COO,1998-06-12,19.625,19.625,18.65625,18.6875,18.22602653503418,146000
COO,1998-06-15,18.6875,18.6875,18.15625,18.21875,17.76885414123535,90000
COO,1998-06-16,18.25,18.65625,18.125,18.625,18.16507148742676,83600
COO,1998-06-17,18.8125,19.3125,18.8125,19.3125,18.83559226989746,79800
COO,1998-06-18,19.25,19.375,18.875,18.9375,18.469844818115234,74400
COO,1998-06-19,19.03125,19.03125,18.75,18.8125,18.34793472290039,48200
COO,1998-06-22,18.6875,18.6875,18.3125,18.46875,18.012672424316406,88200
COO,1998-06-23,18.53125,18.625,18.375,18.53125,18.073637008666992,130000
COO,1998-06-24,18.5,18.625,18.375,18.4375,17.98220443725586,99400
COO,1998-06-25,18.4375,18.59375,18.4375,18.5,18.04315757751465,73800
COO,1998-06-26,18.4375,18.625,18.40625,18.40625,17.951725006103516,45000
COO,1998-06-29,18.53125,18.5625,18.25,18.375,17.92124366760254,91200
COO,1998-06-30,18.375,18.4375,18.0625,18.21875,17.76885414123535,155200
COO,1998-07-01,18.4375,18.625,18.28125,18.625,18.16507148742676,99400
COO,1998-07-02,18.75,18.75,17.9375,17.9375,17.49454689025879,150000
COO,1998-07-06,17.9375,17.9375,17.0,17.4375,17.006893157958984,370600
COO,1998-07-07,17.375,17.375,16.78125,16.96875,16.54972267150879,296000
COO,1998-07-08,17.0,17.0,16.6875,16.90625,16.488767623901367,130800
COO,1998-07-09,16.4375,17.0,16.375,16.6875,16.275409698486328,144200
COO,1998-07-10,16.9375,16.9375,15.875,16.34375,15.940152168273926,227600
COO,1998-07-13,16.25,16.28125,16.0,16.0,15.60489559173584,156000
COO,1998-07-14,16.0625,16.3125,16.0,16.09375,15.696333885192873,105800
COO,1998-07-15,16.03125,16.71875,16.0,16.6875,16.275409698486328,160600
COO,1998-07-16,16.8125,17.40625,16.8125,17.40625,16.97641372680664,173200
COO,1998-07-17,17.65625,17.75,17.375,17.65625,17.220243453979492,202400
COO,1998-07-20,17.59375,17.65625,17.375,17.375,16.945934295654297,83400
COO,1998-07-21,17.46875,17.5625,17.25,17.28125,16.854501724243164,95600
COO,1998-07-22,17.25,17.25,16.0,16.0625,15.665850639343262,223400
COO,1998-07-23,16.25,16.4375,16.0,16.25,15.84872055053711,89400
COO,1998-07-24,16.375,16.46875,16.15625,16.1875,15.787763595581056,58400
COO,1998-07-27,16.0625,16.0625,15.5625,15.625,15.239154815673828,200400
COO,1998-07-28,15.75,15.75,15.1875,15.65625,15.269631385803224,159200
COO,1998-07-29,15.59375,15.75,15.25,15.625,15.239154815673828,246000
COO,1998-07-30,15.6875,16.0625,15.6875,16.0625,15.665850639343262,233000
COO,1998-07-31,16.125,16.21875,15.875,15.90625,15.513456344604492,75600
COO,1998-08-03,15.90625,15.90625,15.40625,15.4375,15.056281089782717,68400
COO,1998-08-04,15.4375,15.5,15.1875,15.375,14.995328903198242,258800
COO,1998-08-05,15.3125,15.4375,14.9375,15.4375,15.056281089782717,306400
COO,1998-08-06,15.21875,15.21875,14.75,14.84375,14.477194786071776,209200
COO,1998-08-07,14.875,15.75,14.8125,15.65625,15.269631385803224,210200
COO,1998-08-10,15.65625,15.65625,15.375,15.4375,15.056281089782717,54000
COO,1998-08-11,15.3125,15.3125,14.65625,14.65625,14.29432487487793,116800
COO,1998-08-12,14.71875,14.8125,14.375,14.5,14.14193344116211,135000
COO,1998-08-13,14.5625,14.625,14.0,14.3125,13.959061622619627,209200
COO,1998-08-14,14.15625,14.4375,14.15625,14.25,13.898104667663574,58800
COO,1998-08-17,14.25,14.25,13.75,13.78125,13.440932273864746,137000
COO,1998-08-18,13.84375,13.90625,13.6875,13.8125,13.471410751342772,257800
COO,1998-08-19,13.9375,13.9375,13.0625,13.15625,12.831366539001465,184600
COO,1998-08-20,13.21875,13.65625,12.84375,13.21875,12.892322540283203,231400
COO,1998-08-21,13.15625,13.15625,11.875,12.25,11.947495460510254,208200
COO,1998-08-24,12.25,12.4375,11.75,12.03125,11.73414707183838,298200
COO,1998-08-25,12.0,12.8125,12.0,12.625,12.313234329223633,331600
COO,1998-08-26,12.75,12.9375,12.46875,12.5625,12.252281188964844,183600
COO,1998-08-27,12.4375,12.4375,11.25,11.4375,11.155061721801758,366400
COO,1998-08-28,11.4375,11.6875,10.5625,10.71875,10.454058647155762,285200
COO,1998-08-31,10.84375,10.96875,10.0,10.03125,9.783538818359377,145000
COO,1998-09-01,10.09375,10.09375,9.03125,9.5625,9.326358795166016,527600
COO,1998-09-02,9.5,9.625,9.0625,9.1875,8.96062183380127,505200
COO,1998-09-03,8.5,9.625,7.6875,9.4375,9.204447746276855,1797800
COO,1998-09-04,9.875,9.9375,9.0625,9.1875,8.96062183380127,407400
COO,1998-09-08,9.3125,9.5625,9.25,9.53125,9.29588222503662,426200
COO,1998-09-09,9.59375,9.59375,9.03125,9.03125,8.80823040008545,239800
COO,1998-09-10,8.5,8.5625,8.3125,8.53125,8.320576667785645,468800
COO,1998-09-11,8.53125,8.59375,8.125,8.375,8.168182373046875,229800
COO,1998-09-14,8.375,8.46875,7.8125,8.0,7.80244779586792,528600
COO,1998-09-15,7.75,8.5,7.75,8.3125,8.107227325439453,476600
COO,1998-09-16,8.3125,8.5625,8.3125,8.5625,8.351056098937988,275600
COO,1998-09-17,8.28125,8.46875,8.21875,8.46875,8.259623527526855,458800
COO,1998-09-18,8.59375,8.65625,8.4375,8.65625,8.442490577697754,277000
COO,1998-09-21,8.625,8.96875,8.46875,8.96875,8.747273445129395,373000
COO,1998-09-22,9.0,9.0,8.75,8.875,8.655835151672363,166400
COO,1998-09-23,8.875,9.375,8.875,9.28125,9.052056312561035,284600
COO,1998-09-24,9.25,9.84375,9.1875,9.625,9.38731575012207,390000
COO,1998-09-25,9.5,9.625,9.25,9.28125,9.052056312561035,241400
COO,1998-09-28,9.21875,9.28125,8.625,8.875,8.655835151672363,242800
COO,1998-09-29,8.75,8.84375,8.59375,8.84375,8.625356674194336,132200
COO,1998-09-30,8.84375,9.0625,8.71875,8.8125,8.594883918762207,117400
COO,1998-10-01,8.75,8.875,8.5625,8.8125,8.594883918762207,166600
COO,1998-10-02,8.875,8.875,8.0625,8.21875,8.015793800354004,343200
COO,1998-10-05,8.09375,8.34375,7.96875,7.96875,7.771968841552734,114600
COO,1998-10-06,7.96875,8.21875,7.9375,7.96875,7.771968841552734,157200
COO,1998-10-07,7.8125,7.8125,7.53125,7.5625,7.375749111175537,310200
COO,1998-10-08,7.59375,7.6875,7.0,7.25,7.070966720581055,262600
COO,1998-10-09,7.1875,7.5,7.125,7.4375,7.253836631774902,211800
COO,1998-10-12,7.5,8.0,7.5,7.71875,7.528140544891357,126200
COO,1998-10-13,7.71875,7.78125,7.5625,7.5625,7.375749111175537,113200
COO,1998-10-14,7.5625,7.9375,7.5625,7.875,7.680533409118652,254600
COO,1998-10-15,7.78125,8.03125,7.75,7.96875,7.771968841552734,317800
COO,1998-10-16,8.0,8.15625,7.90625,8.125,7.924360275268555,413200
COO,1998-10-19,8.25,8.84375,8.25,8.84375,8.625356674194336,247200
COO,1998-10-20,8.71875,9.6875,8.65625,9.65625,9.41779613494873,328400
COO,1998-10-21,9.78125,10.4375,9.75,9.75,9.509231567382812,317000
COO,1998-10-22,9.9375,10.0625,9.625,9.84375,9.600664138793944,126000
COO,1998-10-23,9.90625,10.3125,9.875,10.3125,10.05784034729004,194400
COO,1998-10-26,10.40625,11.46875,10.40625,11.34375,11.063627243041992,427000
COO,1998-10-27,11.4375,12.0,11.4375,11.90625,11.612234115600586,339200
COO,1998-10-28,11.90625,12.0,11.5625,11.625,11.337925910949709,90000
COO,1998-10-29,11.625,11.71875,11.25,11.65625,11.368410110473633,194600
COO,1998-10-30,11.78125,11.9375,11.6875,11.875,11.581754684448242,77200
COO,1998-11-02,12.0,13.53125,12.0,13.0,12.67897129058838,207000
COO,1998-11-03,13.125,13.375,12.5,12.8125,12.496105194091797,265600
COO,1998-11-04,13.0,13.5625,13.0,13.34375,13.014235496520996,387000
COO,1998-11-05,13.28125,13.90625,13.1875,13.75,13.410456657409668,528000
COO,1998-11-06,13.84375,14.0,13.6875,13.78125,13.440932273864746,169800
COO,1998-11-09,13.75,13.75,13.1875,13.625,13.28853988647461,117600
COO,1998-11-10,13.65625,13.65625,12.90625,13.59375,13.258060455322266,277200
COO,1998-11-11,13.875,13.875,12.8125,13.25,12.92280101776123,137800
COO,1998-11-12,13.125,13.15625,12.5,12.59375,12.282754898071287,214800
COO,1998-11-13,12.53125,12.59375,11.9375,12.21875,11.917019844055176,382000
COO,1998-11-16,12.34375,12.5625,12.1875,12.25,11.947495460510254,96000
COO,1998-11-17,12.25,12.25,11.75,11.96875,11.673190116882324,73000
COO,1998-11-18,12.0,12.375,11.75,12.125,11.825583457946776,105200
COO,1998-11-19,12.25,12.84375,12.15625,12.6875,12.374192237854004,308000
COO,1998-11-20,12.5625,12.71875,12.28125,12.46875,12.160842895507812,89600
COO,1998-11-23,12.46875,12.46875,11.78125,11.90625,11.612234115600586,144600
COO,1998-11-24,11.78125,11.78125,10.375,11.0,10.728361129760742,873600
COO,1998-11-25,11.125,11.125,10.375,10.5,10.240711212158203,451400
COO,1998-11-27,10.375,10.6875,10.375,10.65625,10.39310359954834,141200
COO,1998-11-30,10.78125,11.0625,10.5,10.625,10.36262321472168,369400
COO,1998-12-01,10.40625,11.5,10.40625,11.5,11.216020584106444,284600
COO,1998-12-02,11.375,11.375,10.65625,10.6875,10.423578262329102,197000
COO,1998-12-03,10.75,10.9375,10.5,10.53125,10.27118682861328,116600
COO,1998-12-04,10.65625,11.65625,10.625,11.625,11.337925910949709,316200
COO,1998-12-07,11.5,11.625,11.25,11.40625,11.124578475952148,99400
COO,1998-12-08,11.28125,11.71875,11.28125,11.53125,11.246493339538574,108800
COO,1998-12-09,11.53125,11.78125,11.53125,11.59375,11.307448387145996,87800
COO,1998-12-10,11.6875,11.78125,11.0,11.28125,11.002667427062988,137400
COO,1998-12-11,11.21875,11.9375,11.21875,11.8125,11.520795822143556,184800
COO,1998-12-14,11.6875,11.6875,10.03125,10.8125,10.545493125915527,581400
COO,1998-12-15,10.375,10.6875,9.875,9.96875,9.722580909729004,309800
COO,1998-12-16,9.96875,9.96875,8.9375,9.1875,8.96062183380127,567800
COO,1998-12-17,9.125,9.125,8.3125,8.9375,8.716795921325684,499800
COO,1998-12-18,8.96875,8.96875,8.625,8.84375,8.625356674194336,342800
COO,1998-12-21,8.84375,8.875,8.21875,8.3125,8.107227325439453,547800
COO,1998-12-22,8.34375,8.34375,7.78125,7.96875,7.771968841552734,1135200
COO,1998-12-23,8.25,8.875,8.25,8.84375,8.625356674194336,498400
COO,1998-12-24,9.0,9.34375,8.9375,9.34375,9.11301326751709,321200
COO,1998-12-28,9.375,9.75,9.34375,9.4375,9.204447746276855,386600
COO,1998-12-29,9.46875,9.875,9.25,9.78125,9.539708137512209,283400
COO,1998-12-30,9.71875,9.875,9.6875,9.875,9.63114070892334,244000
COO,1998-12-31,9.9375,10.4375,9.9375,10.34375,10.088319778442385,275200
COO,1999-01-04,10.4375,10.4375,9.5625,9.65625,9.41779613494873,293000
COO,1999-01-05,9.78125,10.09375,9.78125,10.0,9.753059387207031,136400
COO,1999-01-06,10.0,10.21875,10.0,10.0,9.753059387207031,132200
COO,1999-01-07,9.875,10.0,9.8125,10.0,9.753059387207031,159600
COO,1999-01-08,10.125,10.1875,10.0,10.125,9.874967575073242,176800
COO,1999-01-11,10.0625,10.1875,9.8125,9.875,9.63114070892334,132600
COO,1999-01-12,9.75,10.0,9.40625,9.53125,9.29588222503662,127200
COO,1999-01-13,9.25,9.6875,8.875,9.6875,9.44827365875244,242000
COO,1999-01-14,9.65625,9.75,9.03125,9.03125,8.80823040008545,235800
COO,1999-01-15,9.03125,9.65625,9.03125,9.1875,8.96062183380127,167000
COO,1999-01-19,9.375,9.4375,9.1875,9.1875,8.96062183380127,120600
COO,1999-01-20,9.3125,9.34375,9.09375,9.25,9.021578788757324,188200
COO,1999-01-21,9.25,9.375,8.875,9.0,8.777750015258789,135400
COO,1999-01-22,8.90625,9.0,8.5625,8.75,8.533926010131836,179200
COO,1999-01-25,8.78125,8.875,8.375,8.4375,8.229137420654297,212000
COO,1999-01-26,8.5,8.5625,8.3125,8.40625,8.198663711547852,227800
COO,1999-01-27,7.25,7.3125,6.1875,6.3125,6.156617164611816,3701600
COO,1999-01-28,6.5,6.875,6.46875,6.84375,6.674747467041016,948200
COO,1999-01-29,6.96875,7.5,6.96875,7.5,7.314792633056641,854200
COO,1999-02-01,7.46875,7.46875,7.125,7.125,6.949052333831787,236800
COO,1999-02-02,7.125,7.125,6.875,6.90625,6.735705375671387,285200
COO,1999-02-03,6.875,7.0,6.875,7.0,6.827140331268311,238200
COO,1999-02-04,7.0,7.25,6.84375,6.96875,6.796664237976074,927200
COO,1999-02-05,6.90625,6.96875,6.625,6.65625,6.491879463195801,222200
COO,1999-02-08,6.71875,6.875,6.28125,6.3125,6.156617164611816,312600
COO,1999-02-09,6.3125,6.375,6.1875,6.25,6.0956621170043945,165400
COO,1999-02-10,6.3125,6.3125,5.90625,5.96875,5.82135534286499,413600
COO,1999-02-11,6.03125,6.21875,5.875,5.875,5.729919910430908,197800
COO,1999-02-12,5.90625,6.1875,5.90625,6.1875,6.034702777862549,610000
COO,1999-02-16,6.21875,6.5,6.1875,6.3125,6.156617164611816,256200
COO,1999-02-17,6.25,6.34375,6.1875,6.21875,6.065180778503418,79200
COO,1999-02-18,6.1875,6.25,6.0,6.1875,6.034702777862549,170600
COO,1999-02-19,6.25,6.5625,6.25,6.5,6.3394856452941895,162400
COO,1999-02-22,6.53125,6.8125,6.46875,6.78125,6.613792419433594,464800
COO,1999-02-23,6.78125,7.1875,6.75,7.1875,7.010010242462158,473800
COO,1999-02-24,7.1875,7.25,6.90625,7.0,6.827140331268311,155800
COO,1999-02-25,7.0,7.25,6.875,6.96875,6.796664237976074,302000
COO,1999-02-26,6.96875,7.65625,6.96875,7.3125,7.131923198699951,286000
COO,1999-03-01,7.25,7.375,7.125,7.3125,7.131923198699951,116400
COO,1999-03-02,7.34375,7.34375,6.875,6.9375,6.766184329986572,149600
COO,1999-03-03,6.875,6.96875,6.84375,6.96875,6.796664237976074,68400
COO,1999-03-04,7.03125,7.1875,6.90625,6.9375,6.766184329986572,97200
COO,1999-03-05,7.0,7.0,6.875,6.875,6.705228328704834,157000
COO,1999-03-08,6.90625,6.96875,6.625,6.78125,6.613792419433594,144800
COO,1999-03-09,6.78125,7.0,6.75,6.90625,6.735705375671387,268400
COO,1999-03-10,6.96875,7.25,6.9375,7.1875,7.010010242462158,138200
COO,1999-03-11,7.625,7.6875,7.25,7.28125,7.10144567489624,245000
COO,1999-03-12,7.21875,7.5625,7.125,7.15625,6.979530811309815,284600
COO,1999-03-15,7.21875,7.34375,7.15625,7.25,7.070966720581055,110400
COO,1999-03-16,7.1875,7.5,7.0625,7.40625,7.223358154296875,248400
COO,1999-03-17,7.34375,7.375,7.1875,7.25,7.070966720581055,251200
COO,1999-03-18,7.3125,7.3125,7.125,7.15625,6.979530811309815,151000
COO,1999-03-19,8.0,8.0,7.625,7.8125,7.619577407836914,489800
COO,1999-03-22,8.09375,8.25,8.0,8.03125,7.832925319671631,409400
COO,1999-03-23,8.03125,8.125,7.46875,7.625,7.436705112457275,380400
COO,1999-03-24,7.5625,7.625,7.5,7.53125,7.345272064208984,130800
COO,1999-03-25,7.65625,8.0,7.65625,8.0,7.80244779586792,211800
COO,1999-03-26,8.0,8.0,7.78125,7.8125,7.619577407836914,119800
COO,1999-03-29,7.9375,8.0625,7.90625,7.90625,7.711010456085205,114600
COO,1999-03-30,7.96875,8.0,7.90625,8.0,7.80244779586792,95400
COO,1999-03-31,8.0,8.03125,7.6875,7.6875,7.497664451599121,170600
COO,1999-04-01,7.8125,7.9375,7.625,7.875,7.680533409118652,95000
COO,1999-04-05,7.9375,8.0,7.78125,7.96875,7.771968841552734,78200
COO,1999-04-06,7.96875,7.96875,7.625,7.6875,7.497664451599121,122600
COO,1999-04-07,7.65625,7.6875,7.53125,7.65625,7.467185020446777,60000
COO,1999-04-08,7.625,7.75,7.3125,7.34375,7.162402629852295,127400
COO,1999-04-09,7.28125,7.65625,7.28125,7.65625,7.467185020446777,108400
COO,1999-04-12,7.5625,7.75,7.5,7.625,7.436705112457275,69200
COO,1999-04-13,7.625,7.625,7.28125,7.5,7.314792633056641,197000
COO,1999-04-14,7.5,7.65625,7.40625,7.5625,7.375749111175537,125800
COO,1999-04-15,7.5,7.875,7.4375,7.78125,7.589101314544678,117600
COO,1999-04-16,7.8125,8.0625,7.6875,7.875,7.680533409118652,174400
COO,1999-04-19,7.9375,8.1875,7.875,7.90625,7.711010456085205,229600
COO,1999-04-20,7.78125,7.9375,7.625,7.78125,7.589101314544678,100600
COO,1999-04-21,7.8125,7.96875,7.71875,7.96875,7.771968841552734,84000
COO,1999-04-22,8.03125,8.15625,7.8125,7.875,7.680533409118652,58400
COO,1999-04-23,7.9375,7.9375,7.625,7.78125,7.589101314544678,126000
COO,1999-04-26,7.8125,8.0,7.6875,7.90625,7.711010456085205,74400
COO,1999-04-27,7.84375,8.0,7.71875,7.75,7.558619976043701,73200
COO,1999-04-28,7.8125,7.875,7.75,7.875,7.680533409118652,58600
COO,1999-04-29,7.84375,8.3125,7.84375,7.9375,7.741488933563232,207400
COO,1999-04-30,7.9375,8.0625,7.875,7.875,7.680533409118652,134200
COO,1999-05-03,7.875,8.0,7.75,7.75,7.558619976043701,73000
COO,1999-05-04,7.6875,8.03125,7.6875,8.03125,7.832925319671631,111000
COO,1999-05-05,7.96875,8.03125,7.8125,7.84375,7.65005350112915,96000
COO,1999-05-06,7.84375,7.875,7.8125,7.875,7.680533409118652,98200
COO,1999-05-07,7.8125,8.0,7.8125,8.0,7.80244779586792,51400
COO,1999-05-10,8.03125,8.1875,7.90625,8.125,7.924360275268555,186200
COO,1999-05-11,8.125,8.25,8.0625,8.125,7.924360275268555,238000
COO,1999-05-12,9.375,10.0,9.0625,9.96875,9.722580909729004,1767800
COO,1999-05-13,10.0,10.3125,9.71875,9.875,9.63114070892334,514800
COO,1999-05-14,9.625,10.21875,9.5,10.21875,9.966404914855955,337800
COO,1999-05-17,10.15625,11.25,10.15625,10.9375,10.66740894317627,633400
COO,1999-05-18,11.125,11.21875,10.40625,10.53125,10.27118682861328,286200
COO,1999-05-19,10.65625,11.03125,10.65625,10.875,10.606450080871582,469800
COO,1999-05-20,11.0625,11.4375,11.0625,11.1875,10.911232948303224,395000
COO,1999-05-21,11.1875,11.46875,11.09375,11.25,10.972189903259276,208000
COO,1999-05-24,11.25,11.25,10.9375,10.96875,10.697884559631348,165600
COO,1999-05-25,10.9375,11.21875,10.9375,11.0,10.728361129760742,270600
COO,1999-05-26,11.0625,11.4375,11.0625,11.4375,11.155061721801758,362600
COO,1999-05-27,11.4375,11.71875,10.34375,10.875,10.606450080871582,662800
COO,1999-05-28,10.75,11.5,10.75,11.34375,11.063627243041992,259000
COO,1999-06-01,11.4375,11.46875,11.03125,11.15625,10.88075065612793,156200
COO,1999-06-02,11.125,11.25,10.9375,11.0,10.728361129760742,117600
COO,1999-06-03,11.0,11.3125,10.6875,10.84375,10.575974464416504,230000
COO,1999-06-04,10.96875,11.15625,10.78125,11.15625,10.88075065612793,203000
COO,1999-06-07,11.125,11.375,10.96875,11.125,10.850275993347168,96400
COO,1999-06-08,11.125,11.71875,11.0,11.375,11.09409999847412,352400
COO,1999-06-09,11.5,11.625,11.3125,11.4375,11.155061721801758,143000
COO,1999-06-10,11.375,11.375,10.9375,11.0,10.728361129760742,90000
COO,1999-06-11,11.03125,11.46875,11.03125,11.1875,10.921162605285645,138800
COO,1999-06-14,11.5,11.625,10.96875,10.96875,10.707619667053224,128600
COO,1999-06-15,11.0,11.46875,11.0,11.375,11.104196548461914,170400
COO,1999-06-16,11.4375,11.71875,11.375,11.625,11.34824562072754,244800
COO,1999-06-17,11.78125,11.78125,11.4375,11.5,11.226224899291992,135000
COO,1999-06-18,11.4375,11.5625,11.28125,11.28125,11.01267910003662,107600
COO,1999-06-21,11.34375,11.375,11.03125,11.1875,10.921162605285645,84600
COO,1999-06-22,11.0625,11.34375,11.0625,11.34375,11.073691368103027,78200
COO,1999-06-23,11.3125,11.5,11.3125,11.5,11.226224899291992,72600
COO,1999-06-24,11.46875,11.5,11.375,11.40625,11.134702682495115,43800
COO,1999-06-25,11.375,11.5625,11.21875,11.40625,11.134702682495115,60400
COO,1999-06-28,11.40625,11.65625,11.40625,11.59375,11.31773853302002,80800
COO,1999-06-29,11.5625,11.78125,11.5625,11.78125,11.500775337219238,59600
COO,1999-06-30,11.84375,12.5625,11.8125,12.46875,12.171907424926758,269600
COO,1999-07-01,12.3125,12.40625,12.0625,12.21875,11.927864074707031,163400
COO,1999-07-02,12.21875,12.25,12.0625,12.125,11.836346626281738,75600
COO,1999-07-06,12.1875,12.1875,11.90625,11.9375,11.65330696105957,59000
COO,1999-07-07,11.875,11.875,11.0,11.25,10.982177734375,377800
COO,1999-07-08,11.125,11.125,10.25,10.96875,10.707619667053224,625600
COO,1999-07-09,10.9375,11.15625,10.84375,11.15625,10.890655517578123,142600
COO,1999-07-12,11.15625,11.25,11.0625,11.15625,10.890655517578123,54200
COO,1999-07-13,11.09375,11.25,11.0625,11.15625,10.890655517578123,56600
COO,1999-07-14,11.15625,11.25,11.125,11.1875,10.921162605285645,52200
COO,1999-07-15,11.25,11.375,11.21875,11.3125,11.043184280395508,78400
COO,1999-07-16,11.125,11.3125,11.125,11.25,10.982177734375,107200
COO,1999-07-19,11.125,11.5,11.125,11.28125,11.01267910003662,100200
COO,1999-07-20,11.15625,11.25,11.0,11.15625,10.890655517578123,99200
COO,1999-07-21,11.125,11.25,11.09375,11.125,10.860148429870604,74000
COO,1999-07-22,11.1875,11.21875,11.0,11.03125,10.768630027770996,87000
COO,1999-07-23,11.09375,11.25,11.0625,11.15625,10.890655517578123,139800
COO,1999-07-26,11.125,11.125,10.875,10.90625,10.646604537963867,117000
COO,1999-07-27,10.9375,10.9375,10.5,10.625,10.372052192687988,110400
COO,1999-07-28,10.75,10.96875,10.625,10.9375,10.677115440368652,72600
COO,1999-07-29,10.875,10.875,10.53125,10.625,10.372052192687988,54600
COO,1999-07-30,10.625,10.6875,10.125,10.21875,9.975473403930664,121600
COO,1999-08-02,10.3125,10.6875,10.1875,10.53125,10.28053379058838,96400
COO,1999-08-03,10.59375,10.59375,10.28125,10.28125,10.036486625671388,56000
COO,1999-08-04,10.375,10.40625,10.25,10.40625,10.158510208129885,85200
COO,1999-08-05,10.46875,10.46875,10.0625,10.09375,9.853448867797852,49200
COO,1999-08-06,10.0,10.125,9.8125,9.8125,9.578899383544922,104600
COO,1999-08-09,9.8125,10.5,9.8125,10.46875,10.219523429870604,188000
COO,1999-08-10,10.375,10.71875,10.375,10.71875,10.463567733764648,146400
COO,1999-08-11,10.75,11.3125,10.75,11.1875,10.921162605285645,180400
COO,1999-08-12,11.34375,11.375,11.0,11.09375,10.829642295837402,77400
COO,1999-08-13,11.09375,11.15625,11.03125,11.125,10.860148429870604,31800
COO,1999-08-16,11.125,11.28125,11.03125,11.15625,10.890655517578123,55400
COO,1999-08-17,11.375,11.875,11.34375,11.875,11.592294692993164,181000
COO,1999-08-18,11.84375,12.09375,11.625,11.875,11.592294692993164,300800
COO,1999-08-19,11.75,11.9375,11.75,11.90625,11.622800827026367,210000
COO,1999-08-20,12.0,12.125,11.9375,12.0625,11.775330543518066,115200
COO,1999-08-23,12.1875,12.25,12.0,12.1875,11.897357940673828,159000
COO,1999-08-24,12.1875,12.21875,12.0625,12.1875,11.897357940673828,106000
COO,1999-08-25,12.4375,12.46875,12.28125,12.375,12.080387115478516,265400
COO,1999-08-26,12.46875,12.8125,12.34375,12.34375,12.049887657165527,569600
COO,1999-08-27,12.1875,12.25,11.4375,11.53125,11.256731033325195,587200
COO,1999-08-30,11.53125,11.65625,11.46875,11.5,11.226224899291992,145800
COO,1999-08-31,11.375,12.0625,11.375,11.96875,11.683810234069824,689600
COO,1999-09-01,11.9375,13.09375,11.9375,13.09375,12.782029151916504,1246200
COO,1999-09-02,12.96875,13.5,12.75,13.28125,12.965069770812988,1178600
COO,1999-09-03,13.46875,13.46875,12.9375,12.9375,12.629496574401855,336600
COO,1999-09-07,12.8125,13.21875,12.8125,13.1875,12.87354850769043,649200
COO,1999-09-08,13.09375,13.25,12.9375,13.21875,12.904054641723633,288400
COO,1999-09-09,13.15625,13.34375,13.09375,13.34375,13.026079177856444,200600
COO,1999-09-10,13.4375,13.8125,13.375,13.53125,13.209113121032717,822400
COO,1999-09-13,13.25,13.9375,13.25,13.78125,13.463114738464355,968000
COO,1999-09-14,13.65625,14.09375,13.65625,14.0625,13.737871170043944,695400
COO,1999-09-15,14.15625,14.15625,13.71875,14.03125,13.7073392868042,304800
COO,1999-09-16,13.6875,14.28125,13.6875,14.15625,13.82945442199707,394600
COO,1999-09-17,14.125,14.3125,14.0625,14.125,13.798927307128906,404400
COO,1999-09-20,14.0,14.0,13.8125,13.96875,13.646282196044922,251600
COO,1999-09-21,13.71875,15.5,13.65625,15.5,15.142184257507324,829200
COO,1999-09-22,15.375,15.4375,14.625,15.09375,14.745311737060549,1306400
COO,1999-09-23,15.03125,15.03125,14.34375,14.71875,14.378969192504885,950000
COO,1999-09-24,14.375,14.5625,14.21875,14.53125,14.195798873901367,545200
COO,1999-09-27,14.3125,15.0,14.1875,14.78125,14.44002628326416,477400
COO,1999-09-28,14.875,15.375,14.75,15.375,15.020071983337402,481200
COO,1999-09-29,15.25,15.9375,15.25,15.65625,15.294825553894045,493600
COO,1999-09-30,15.75,15.75,15.0625,15.4375,15.081128120422363,284800
COO,1999-10-01,15.25,15.625,15.25,15.3125,14.959014892578123,217600
COO,1999-10-04,15.125,15.1875,14.3125,14.71875,14.378969192504885,438200
COO,1999-10-05,14.71875,14.8125,14.5,14.71875,14.378969192504885,213800
COO,1999-10-06,14.59375,14.71875,14.375,14.5,14.165268898010254,274000
COO,1999-10-07,14.5625,15.75,14.1875,15.375,15.020071983337402,577200
COO,1999-10-08,15.40625,15.5625,14.875,15.46875,15.111655235290527,526000
COO,1999-10-11,15.34375,15.34375,14.9375,15.09375,14.745311737060549,315200
COO,1999-10-12,15.15625,15.1875,14.53125,14.53125,14.195798873901367,125400
COO,1999-10-13,14.5,14.625,14.21875,14.375,14.043155670166016,211800
COO,1999-10-14,14.375,14.5,14.125,14.28125,13.951568603515623,256600
COO,1999-10-15,14.0,14.3125,13.875,13.875,13.554701805114746,349400
COO,1999-10-18,13.90625,13.90625,12.75,13.25,12.944125175476074,391000
COO,1999-10-19,13.25,13.625,13.09375,13.625,13.310470581054688,347400
COO,1999-10-20,13.625,13.8125,13.3125,13.71875,13.40205192565918,318800
COO,1999-10-21,13.71875,13.8125,13.5,13.65625,13.34099578857422,110200
COO,1999-10-22,13.78125,13.9375,13.5625,13.78125,13.463114738464355,140000
COO,1999-10-25,13.90625,13.9375,13.5,13.59375,13.279939651489258,101200
COO,1999-10-26,13.6875,13.9375,13.625,13.78125,13.463114738464355,104200
COO,1999-10-27,13.84375,13.84375,13.1875,13.25,12.944125175476074,96400
COO,1999-10-28,13.375,13.5,13.0,13.03125,12.730427742004396,105400
COO,1999-10-29,13.0,13.125,12.5,12.5,12.211440086364746,459200
COO,1999-11-01,12.375,13.25,12.3125,13.25,12.944125175476074,246000
COO,1999-11-02,13.15625,13.15625,12.6875,12.875,12.577778816223145,147400
COO,1999-11-03,13.21875,13.21875,12.875,12.9375,12.638838768005373,92200
COO,1999-11-04,12.9375,13.125,12.8125,12.9375,12.638838768005373,119400
COO,1999-11-05,13.0,13.34375,13.0,13.0625,12.76095199584961,175000
COO,1999-11-08,13.125,13.1875,12.875,13.03125,12.730427742004396,103000
COO,1999-11-09,12.96875,13.40625,12.96875,13.34375,13.035711288452148,95800
COO,1999-11-10,13.28125,13.375,13.15625,13.25,12.944125175476074,40400
COO,1999-11-11,13.1875,13.25,13.0,13.0,12.69989776611328,25200
COO,1999-11-12,13.09375,13.09375,12.90625,12.90625,12.608311653137209,73200
COO,1999-11-15,12.90625,13.5,12.90625,13.34375,13.035711288452148,106600
COO,1999-11-16,13.40625,13.5,13.375,13.46875,13.157825469970703,71800
COO,1999-11-17,13.53125,13.53125,13.0625,13.1875,12.883069038391112,79000
COO,1999-11-18,13.1875,13.1875,12.875,13.125,12.822015762329102,70800
COO,1999-11-19,13.3125,13.9375,13.3125,13.84375,13.524168014526367,232000
COO,1999-11-22,13.90625,14.0625,13.6875,14.0,13.676813125610352,156600
COO,1999-11-23,14.0,14.0625,13.53125,13.59375,13.279939651489258,85200
COO,1999-11-24,13.65625,13.875,13.5625,13.625,13.310470581054688,74000
COO,1999-11-26,13.65625,13.65625,13.375,13.46875,13.157825469970703,43200
COO,1999-11-29,13.4375,13.4375,13.0,13.0625,12.76095199584961,78400
COO,1999-11-30,13.0,13.0,12.625,12.625,12.333555221557615,211600
COO,1999-12-01,12.75,12.8125,12.53125,12.625,12.333555221557615,168400
COO,1999-12-02,12.625,12.71875,12.46875,12.5,12.211440086364746,144200
COO,1999-12-03,12.5,13.0625,12.5,12.8125,12.516727447509766,129600
COO,1999-12-06,12.8125,13.03125,12.65625,12.6875,12.394610404968262,134600
COO,1999-12-07,12.59375,12.90625,12.5625,12.84375,12.547253608703612,148400
COO,1999-12-08,12.96875,13.90625,12.9375,13.46875,13.157825469970703,352800
COO,1999-12-09,13.59375,14.0625,13.5625,13.9375,13.61575698852539,203400
COO,1999-12-10,13.96875,14.84375,13.96875,14.71875,14.378969192504885,488200
COO,1999-12-13,14.6875,14.6875,13.5,13.8125,13.502813339233398,307000
COO,1999-12-14,13.78125,14.0625,13.53125,13.9375,13.62501335144043,185400
COO,1999-12-15,13.9375,14.21875,13.9375,14.0625,13.747207641601562,200200
COO,1999-12-16,14.03125,14.03125,13.78125,13.90625,13.594465255737305,83200
COO,1999-12-17,13.84375,14.3125,13.8125,14.3125,13.99160385131836,134600
COO,1999-12-20,14.25,14.3125,14.0,14.03125,13.716660499572754,44400
COO,1999-12-21,13.96875,14.0625,13.9375,14.03125,13.716660499572754,114000
COO,1999-12-22,14.03125,14.1875,13.875,13.9375,13.62501335144043,128000
COO,1999-12-23,13.9375,14.0625,13.8125,14.0,13.686111450195312,130600
COO,1999-12-27,14.0625,14.4375,14.0,14.25,13.930500030517578,124400
COO,1999-12-28,14.28125,15.0625,14.25,14.789063453674316,14.457480430603027,209400
COO,1999-12-29,14.9375,15.21875,14.8125,14.96875,14.633143424987791,96000
COO,1999-12-30,14.96875,15.15625,14.84375,14.96875,14.633143424987791,113000
COO,1999-12-31,14.96875,15.125,14.96875,15.0625,14.724787712097168,26600
COO,2000-01-03,15.1875,15.1875,14.4375,14.75,14.419293403625488,142400
COO,2000-01-04,14.6875,15.0,14.5,14.875,14.54149341583252,157600
COO,2000-01-05,14.875,15.34375,14.875,14.96875,14.633143424987791,433400
COO,2000-01-06,14.96875,14.96875,14.75,14.96875,14.633143424987791,63400
COO,2000-01-07,14.96875,15.09375,14.90625,15.09375,14.75533962249756,426800
COO,2000-01-10,15.09375,15.125,15.0,15.125,14.78588581085205,224200
COO,2000-01-11,15.0625,15.125,14.9375,15.03125,14.694241523742676,116800
COO,2000-01-12,14.96875,15.28125,14.96875,15.1875,14.846986770629885,131000
COO,2000-01-13,15.21875,15.46875,15.15625,15.46875,15.121925354003906,179800
COO,2000-01-14,15.46875,15.625,15.28125,15.5,15.152477264404297,276600
COO,2000-01-18,15.375,15.5625,15.375,15.53125,15.183029174804688,96600
COO,2000-01-19,15.53125,16.34375,15.5,16.25,15.88567066192627,240200
COO,2000-01-20,16.25,16.8125,16.25,16.28125,15.916211128234863,292200
COO,2000-01-21,16.15625,16.1875,15.78125,16.09375,15.732919692993164,189400
COO,2000-01-24,16.09375,16.21875,15.59375,15.625,15.274678230285645,131000
COO,2000-01-25,15.5625,15.8125,15.5625,15.78125,15.4274263381958,67000
COO,2000-01-26,15.875,15.96875,15.5,15.59375,15.244131088256836,536600
COO,2000-01-27,15.5,15.6875,15.375,15.6875,15.335775375366213,328000
COO,2000-01-28,15.625,15.6875,15.4375,15.5,15.152477264404297,97200
COO,2000-01-31,15.375,15.46875,14.8125,15.125,14.78588581085205,132400
COO,2000-02-01,15.15625,15.46875,15.09375,15.4375,15.09138298034668,84400
COO,2000-02-02,15.375,15.375,15.0625,15.25,14.90808391571045,62200
COO,2000-02-03,15.1875,15.625,15.03125,15.625,15.274678230285645,79800
COO,2000-02-04,15.5625,15.875,15.53125,15.65625,15.305227279663086,165200
COO,2000-02-07,15.5625,15.8125,15.5,15.6875,15.335775375366213,79600
COO,2000-02-08,15.625,15.78125,15.21875,15.25,14.90808391571045,105800
COO,2000-02-09,15.15625,15.53125,15.125,15.34375,14.999735832214355,78200
COO,2000-02-10,15.28125,15.4375,15.125,15.3125,14.96918487548828,89200
COO,2000-02-11,15.375,15.46875,15.125,15.125,14.78588581085205,52000
COO,2000-02-14,15.09375,15.09375,14.875,14.90625,14.572040557861328,180400
COO,2000-02-15,14.90625,15.0,14.875,14.90625,14.572040557861328,34000
COO,2000-02-16,14.8125,15.0,14.75,14.78125,14.449843406677246,105800
COO,2000-02-17,14.875,15.0625,14.78125,14.96875,14.633143424987791,203600
COO,2000-02-18,15.09375,15.09375,14.9375,14.96875,14.633143424987791,140200
COO,2000-02-22,15.03125,15.03125,14.71875,14.96875,14.633143424987791,200400
COO,2000-02-23,15.03125,15.25,15.03125,15.1875,14.846986770629885,111000
COO,2000-02-24,15.3125,15.625,15.25,15.28125,14.93863296508789,239000
COO,2000-02-25,15.28125,15.3125,14.5625,14.5625,14.236002922058104,92200
COO,2000-02-28,14.5625,14.59375,14.03125,14.125,13.808311462402344,153400
COO,2000-02-29,14.125,14.21875,13.5625,13.5625,13.258418083190918,248000
COO,2000-03-01,13.71875,13.84375,13.40625,13.5,13.197321891784668,151600
COO,2000-03-02,13.5,13.875,13.3125,13.875,13.56391716003418,239200
COO,2000-03-03,13.9375,14.5,13.9375,14.375,14.05270290374756,198800
COO,2000-03-06,14.3125,14.46875,14.0,14.375,14.05270290374756,105200
COO,2000-03-07,14.0,14.0,13.625,13.75,13.441715240478516,113800
COO,2000-03-08,13.6875,13.6875,13.4375,13.5625,13.258418083190918,76000
COO,2000-03-09,13.5,13.625,13.3125,13.4375,13.136223793029783,52800
COO,2000-03-10,13.375,13.375,12.84375,12.84375,12.5557861328125,153400
COO,2000-03-13,12.8125,12.8125,12.5,12.6875,12.41270637512207,157400
COO,2000-03-14,12.625,12.96875,12.625,12.78125,12.50441837310791,207600
COO,2000-03-15,12.65625,13.0,12.5,12.96875,12.687860488891602,116000
COO,2000-03-16,12.9375,14.3125,12.84375,14.3125,14.00250244140625,327200
COO,2000-03-17,14.3125,14.3125,14.0625,14.21875,13.91078758239746,110600
COO,2000-03-20,14.21875,14.90625,14.21875,14.90625,14.583394050598145,295600
COO,2000-03-21,14.90625,15.03125,14.71875,15.0,14.675113677978516,190600
COO,2000-03-22,15.1875,15.75,15.1875,15.625,15.286580085754396,223800
COO,2000-03-23,18.0,18.0,16.625,16.96875,16.60122299194336,1839400
COO,2000-03-24,17.09375,17.125,15.28125,15.8125,15.470016479492188,398400
COO,2000-03-27,15.78125,15.78125,15.40625,15.40625,15.0725679397583,158200
COO,2000-03-28,15.40625,15.65625,15.3125,15.65625,15.31715488433838,269000
COO,2000-03-29,15.65625,16.1875,15.625,15.96875,15.622883796691896,254600
COO,2000-03-30,16.09375,16.28125,15.15625,15.1875,14.858556747436523,89800
COO,2000-03-31,15.1875,16.09375,15.1875,16.09375,15.745179176330566,187200
COO,2000-04-03,16.09375,16.96875,15.78125,16.6875,16.326068878173828,301000
COO,2000-04-04,16.65625,16.65625,16.09375,16.53125,16.173200607299805,223800
COO,2000-04-05,16.53125,17.75,16.25,17.25,16.87638282775879,516400
COO,2000-04-06,17.5,17.625,17.03125,17.125,16.754091262817383,244000
COO,2000-04-07,17.4375,17.5625,17.1875,17.5,17.120969772338867,227200
COO,2000-04-10,17.75,17.8125,17.3125,17.4375,17.05982208251953,141800
COO,2000-04-11,17.0,17.1875,17.0,17.0,16.631803512573242,166200
COO,2000-04-12,17.0,17.90625,17.0,17.65625,17.273836135864258,879200
COO,2000-04-13,17.59375,17.625,17.3125,17.34375,16.968107223510742,168000
COO,2000-04-14,17.25,17.3125,16.375,16.4375,16.081478118896484,93800
COO,2000-04-17,16.4375,16.5,15.84375,15.90625,15.561738967895508,121400
COO,2000-04-18,16.03125,16.28125,15.875,15.9375,15.592310905456545,218600
COO,2000-04-19,15.9375,16.0625,15.4375,15.5,15.164284706115724,253800
COO,2000-04-20,15.625,15.875,15.5625,15.6875,15.347723960876465,205600
COO,2000-04-24,15.5625,15.6875,15.5,15.625,15.286580085754396,77000
COO,2000-04-25,15.75,15.75,15.3125,15.59375,15.25600814819336,172200
COO,2000-04-26,15.65625,15.84375,15.5,15.5,15.164284706115724,95600
COO,2000-04-27,15.59375,15.875,15.4375,15.8125,15.470016479492188,171200
COO,2000-04-28,15.9375,17.03125,15.9375,16.8125,16.448354721069336,248200
COO,2000-05-01,16.8125,17.21875,16.71875,17.0,16.631803512573242,111200
COO,2000-05-02,16.875,17.25,16.875,17.03125,16.66237449645996,84400
COO,2000-05-03,16.90625,16.90625,16.1875,16.4375,16.081478118896484,211200
COO,2000-05-04,16.5625,16.875,16.4375,16.5625,16.20376968383789,136000
COO,2000-05-05,16.5625,16.8125,16.5,16.78125,16.417781829833984,32400
COO,2000-05-08,16.71875,16.84375,16.59375,16.75,16.387210845947266,101800
COO,2000-05-09,16.78125,17.125,16.65625,17.09375,16.723520278930664,152200
COO,2000-05-10,17.03125,17.125,16.8125,17.0625,16.692951202392578,91400
COO,2000-05-11,17.0,17.25,16.9375,17.25,16.87638282775879,73200
COO,2000-05-12,17.28125,17.5625,17.28125,17.40625,17.029254913330078,170400
COO,2000-05-15,17.40625,17.59375,17.375,17.40625,17.029254913330078,139200
COO,2000-05-16,17.46875,17.6875,17.4375,17.59375,17.212688446044922,195600
COO,2000-05-17,17.53125,17.53125,17.3125,17.3125,16.937530517578125,37200
COO,2000-05-18,17.375,17.46875,17.0,17.03125,16.66237449645996,55800
COO,2000-05-19,16.96875,16.96875,16.5625,16.6875,16.326068878173828,75400
COO,2000-05-22,16.6875,16.84375,16.5,16.53125,16.173200607299805,84400
COO,2000-05-23,16.65625,16.84375,16.59375,16.625,16.264915466308594,62200
COO,2000-05-24,16.65625,16.75,16.375,16.5,16.142623901367188,94800
COO,2000-05-25,16.5,16.65625,16.4375,16.625,16.264915466308594,76600
COO,2000-05-26,16.625,16.8125,16.5625,16.6875,16.326068878173828,121200
COO,2000-05-30,16.875,17.46875,16.8125,17.46875,17.090381622314453,224600
COO,2000-05-31,17.5,17.625,17.25,17.25,16.87638282775879,116600
COO,2000-06-01,17.3125,17.375,17.125,17.25,16.87638282775879,43200
COO,2000-06-02,17.3125,17.5,17.28125,17.46875,17.090381622314453,61200
COO,2000-06-05,17.5,17.75,17.25,17.65625,17.273836135864258,187800
COO,2000-06-06,17.65625,18.125,17.65625,17.71875,17.334983825683594,271000
COO,2000-06-07,17.8125,17.90625,17.6875,17.90625,17.5184268951416,155600
COO,2000-06-08,17.90625,18.1875,17.84375,18.15625,17.763002395629883,212400
COO,2000-06-09,18.28125,18.9375,18.28125,18.8125,18.405038833618164,307600
COO,2000-06-12,19.0,19.15625,18.5,18.625,18.22160530090332,215400
COO,2000-06-13,18.59375,18.59375,18.3125,18.46875,18.07843971252441,179800
COO,2000-06-14,18.53125,18.625,18.3125,18.5,18.109037399291992,114600
COO,2000-06-15,18.5,18.75,18.46875,18.5,18.109037399291992,64600
COO,2000-06-16,18.6875,18.6875,18.0625,18.125,17.74195098876953,230000
COO,2000-06-19,18.1875,18.625,18.125,18.5,18.109037399291992,147200
COO,2000-06-20,18.53125,18.6875,18.46875,18.53125,18.139629364013672,151600
COO,2000-06-21,18.5,18.5625,18.3125,18.53125,18.139629364013672,181000
COO,2000-06-22,18.625,18.6875,18.125,18.125,17.74195098876953,435400
COO,2000-06-23,18.125,18.15625,17.875,18.15625,17.772544860839844,229200
COO,2000-06-26,18.1875,18.1875,18.03125,18.125,17.74195098876953,35000
COO,2000-06-27,18.15625,18.1875,18.03125,18.03125,17.650188446044922,72600
COO,2000-06-28,18.03125,18.4375,18.03125,18.4375,18.047855377197266,104600
COO,2000-06-29,18.40625,18.53125,18.25,18.3125,17.925491333007812,46000
COO,2000-06-30,18.375,18.40625,18.03125,18.1875,17.803138732910156,132600
COO,2000-07-03,18.3125,18.65625,18.21875,18.59375,18.200801849365234,69200
COO,2000-07-05,18.5625,18.75,18.5,18.75,18.35375022888184,95600
COO,2000-07-06,18.75,19.125,18.6875,19.0625,18.659643173217773,184600
COO,2000-07-07,19.0625,19.40625,18.90625,18.9375,18.537282943725582,211400
COO,2000-07-10,18.96875,19.0,18.84375,18.90625,18.506702423095703,67800
COO,2000-07-11,18.9375,18.9375,18.46875,18.625,18.23139381408692,66800
COO,2000-07-12,18.625,18.625,18.40625,18.625,18.23139381408692,71000
COO,2000-07-13,18.5625,18.71875,18.5,18.71875,18.32315826416016,78200
COO,2000-07-14,18.6875,18.9375,18.5625,18.6875,18.292573928833008,56200
COO,2000-07-17,18.71875,18.71875,18.125,18.125,17.74195098876953,183000
COO,2000-07-18,18.125,18.53125,18.125,18.40625,18.01726722717285,105200
COO,2000-07-19,18.375,18.4375,17.9375,18.1875,17.803138732910156,74200
COO,2000-07-20,18.125,18.3125,18.09375,18.21875,17.833730697631836,246600
COO,2000-07-21,18.1875,18.21875,18.09375,18.09375,17.71136474609375,134400
COO,2000-07-24,18.1875,18.21875,17.875,18.0,17.619598388671875,105800
COO,2000-07-25,18.0625,18.0625,17.65625,17.75,17.374879837036133,105200
COO,2000-07-26,17.6875,17.6875,17.3125,17.46875,17.09956932067871,165000
COO,2000-07-27,17.375,17.5,17.28125,17.28125,16.916040420532227,70800
COO,2000-07-28,17.28125,17.28125,17.125,17.15625,16.79368019104004,39600
COO,2000-07-31,17.15625,17.5625,17.09375,17.5625,17.191343307495117,65200
COO,2000-08-01,17.625,18.03125,17.625,18.03125,17.650188446044922,71000
COO,2000-08-02,17.96875,18.0625,17.875,17.9375,17.55842399597168,31400
COO,2000-08-03,17.875,17.875,17.65625,17.65625,17.283113479614258,48400
COO,2000-08-04,17.6875,17.78125,17.4375,17.78125,17.40546989440918,349400
COO,2000-08-07,17.84375,18.1875,17.84375,18.0,17.619598388671875,98000
COO,2000-08-08,17.9375,18.09375,17.75,17.84375,17.466650009155273,104600
COO,2000-08-09,17.84375,18.125,17.78125,18.09375,17.71136474609375,133600
COO,2000-08-10,18.03125,18.09375,17.875,18.09375,17.71136474609375,61600
COO,2000-08-11,18.0625,18.09375,17.8125,17.84375,17.466650009155273,23600
COO,2000-08-14,17.78125,17.78125,17.40625,17.46875,17.09956932067871,90200
COO,2000-08-15,17.40625,17.40625,16.96875,17.15625,16.79368019104004,175000
COO,2000-08-16,17.25,17.28125,17.0625,17.1875,16.82427215576172,94000
COO,2000-08-17,17.1875,17.1875,16.96875,17.0,16.640737533569336,63200
COO,2000-08-18,16.875,16.875,16.25,16.5,16.151296615600586,543200
COO,2000-08-21,16.34375,16.375,15.9375,16.0,15.661870956420898,189000
COO,2000-08-22,15.9375,16.4375,15.84375,16.4375,16.090118408203125,133600
COO,2000-08-23,16.8125,17.0,16.375,16.375,16.028945922851562,120200
COO,2000-08-24,16.25,16.25,14.0,14.625,14.315922737121582,1859400
COO,2000-08-25,14.875,14.875,13.125,13.6875,13.398237228393556,1291600
COO,2000-08-28,13.65625,13.6875,13.21875,13.6875,13.398237228393556,327400
COO,2000-08-29,13.8125,14.5625,13.8125,14.5,14.19356632232666,352200
COO,2000-08-30,14.8125,16.28125,14.8125,16.28125,15.937169075012209,993400
COO,2000-08-31,16.34375,16.4375,16.0625,16.4375,16.090118408203125,259200
COO,2000-09-01,16.5,16.65625,16.4375,16.59375,16.243072509765625,132000
COO,2000-09-05,16.53125,16.78125,16.53125,16.71875,16.36542510986328,96600
COO,2000-09-06,16.78125,16.90625,16.6875,16.8125,16.45719337463379,63600
COO,2000-09-07,16.78125,16.84375,16.625,16.8125,16.45719337463379,89200
COO,2000-09-08,16.84375,17.03125,16.6875,16.875,16.518375396728516,123400
COO,2000-09-11,16.8125,17.25,16.71875,17.25,16.885448455810547,191000
COO,2000-09-12,17.234375,17.34375,16.90625,17.1875,16.82427215576172,114200
COO,2000-09-13,17.15625,17.25,16.96875,17.21875,16.86467933654785,71400
COO,2000-09-14,17.34375,17.34375,16.5,16.5,16.160701751708984,130600
COO,2000-09-15,16.3125,16.8125,16.09375,16.8125,16.466772079467773,325800
COO,2000-09-18,16.875,16.875,16.4375,16.46875,16.130094528198242,130800
COO,2000-09-19,16.34375,16.4375,16.0625,16.09375,15.762808799743652,126600
COO,2000-09-20,16.15625,16.28125,16.09375,16.1875,15.854626655578612,60800
COO,2000-09-21,16.1875,16.21875,15.875,16.21875,15.885241508483888,192000
COO,2000-09-22,16.15625,16.46875,15.875,16.4375,16.099485397338867,189800
COO,2000-09-25,16.375,16.4375,16.09375,16.21875,15.885241508483888,77000
COO,2000-09-26,16.15625,16.1875,15.875,16.03125,15.701587677001951,118200
COO,2000-09-27,16.0,16.3125,16.0,16.09375,15.762808799743652,107600
COO,2000-09-28,16.0625,17.0,16.0,16.8125,16.466772079467773,161000
COO,2000-09-29,16.75,17.6875,16.71875,17.6875,17.323780059814453,331400
COO,2000-10-02,17.6875,17.75,17.1875,17.3125,16.95649528503418,243400
COO,2000-10-03,17.375,17.5625,16.875,16.96875,16.61981201171875,200000
COO,2000-10-04,16.9375,17.0625,16.625,16.6875,16.34434700012207,192600
COO,2000-10-05,16.5625,17.125,16.5625,17.0,16.65041732788086,142000
COO,2000-10-06,17.0625,17.1875,16.9375,17.09375,16.742238998413086,137800
COO,2000-10-09,17.03125,17.25,17.03125,17.25,16.895278930664062,144800
COO,2000-10-10,17.0625,17.375,17.0625,17.25,16.895278930664062,161400
COO,2000-10-11,17.21875,17.21875,16.84375,17.03125,16.681026458740234,56000
COO,2000-10-12,17.09375,17.09375,16.8125,17.0,16.65041732788086,120600
COO,2000-10-13,16.9375,17.625,16.625,17.46875,17.109529495239258,155800
COO,2000-10-16,17.46875,17.59375,17.375,17.375,17.017711639404297,38200
COO,2000-10-17,17.3125,17.5,17.15625,17.375,17.017711639404297,49600
COO,2000-10-18,17.3125,17.5,17.3125,17.375,17.017711639404297,30200
COO,2000-10-19,17.4375,17.5,17.34375,17.5,17.140134811401367,39000
COO,2000-10-20,17.4375,17.5,17.40625,17.4375,17.07892417907715,23600
COO,2000-10-23,17.375,17.6875,17.375,17.65625,17.293174743652344,37200
COO,2000-10-24,17.65625,17.6875,17.40625,17.59375,17.23196029663086,57800
COO,2000-10-25,17.65625,17.6875,17.4375,17.625,17.2625675201416,102400
COO,2000-10-26,17.5625,17.6875,17.40625,17.5,17.140134811401367,62400
COO,2000-10-27,17.5625,17.75,17.5625,17.6875,17.323780059814453,62200
COO,2000-10-30,17.625,17.8125,17.5625,17.75,17.384992599487305,76800
COO,2000-10-31,17.75,17.875,17.5,17.875,17.507431030273438,96800
COO,2000-11-01,17.875,17.875,17.5,17.59375,17.23196029663086,93000
COO,2000-11-02,17.53125,17.625,17.375,17.625,17.2625675201416,68000
COO,2000-11-03,17.71875,17.84375,17.71875,17.84375,17.476816177368164,47400
COO,2000-11-06,17.90625,17.90625,17.71875,17.8125,17.44621467590332,26400
COO,2000-11-07,17.8125,17.8125,17.4375,17.65625,17.293174743652344,73800
COO,2000-11-08,17.65625,17.84375,17.46875,17.65625,17.293174743652344,118800
COO,2000-11-09,17.59375,17.59375,16.875,17.03125,16.681026458740234,163800
COO,2000-11-10,17.0625,17.0625,16.59375,16.71875,16.374958038330078,122800
COO,2000-11-13,16.46875,16.625,16.03125,16.625,16.283130645751953,208400
COO,2000-11-14,16.65625,16.96875,16.65625,16.875,16.52798843383789,71200
COO,2000-11-15,16.875,17.1875,16.8125,17.1875,16.834064483642578,48800
COO,2000-11-16,17.3125,17.375,17.15625,17.15625,16.803457260131836,55400
COO,2000-11-17,17.21875,17.25,17.09375,17.25,16.895278930664062,49000
COO,2000-11-20,17.1875,17.21875,16.9375,17.03125,16.681026458740234,50400
COO,2000-11-21,17.09375,17.125,16.90625,16.9375,16.589210510253906,28400
COO,2000-11-22,16.9375,16.9375,16.53125,16.59375,16.25252342224121,48000
COO,2000-11-24,16.59375,16.625,16.59375,16.59375,16.25252342224121,5400
COO,2000-11-27,16.625,16.84375,16.59375,16.6875,16.34434700012207,39000
COO,2000-11-28,16.75,16.75,16.375,16.375,16.038278579711914,32800
COO,2000-11-29,16.40625,16.5,16.375,16.4375,16.099485397338867,24400
COO,2000-11-30,16.4375,16.4375,16.28125,16.28125,15.946452140808104,20000
COO,2000-12-01,16.28125,16.4375,16.28125,16.375,16.038278579711914,21400
COO,2000-12-04,16.0625,16.25,16.0625,16.0625,15.732197761535645,86000
COO,2000-12-05,16.125,16.34375,16.09375,16.34375,16.007661819458008,51400
COO,2000-12-06,16.375,16.5,16.3125,16.34375,16.007661819458008,84000
COO,2000-12-07,16.375,16.5,15.96875,15.96875,15.640374183654783,68200
COO,2000-12-08,15.90625,15.96875,15.28125,15.34375,15.02822971343994,135000
COO,2000-12-11,15.40625,15.75,15.375,15.46875,15.15065574645996,218200
COO,2000-12-12,15.59375,16.25,15.25,15.96875,15.640374183654783,372000
COO,2000-12-13,16.0,16.25,16.0,16.125,15.80331039428711,82200
COO,2000-12-14,16.09375,16.15625,15.625,15.71875,15.405163764953612,150400
COO,2000-12-15,15.65625,18.0,15.65625,17.8125,17.45714569091797,517200
COO,2000-12-18,17.6875,17.84375,17.21875,17.46875,17.120250701904297,212000
COO,2000-12-19,17.46875,17.65625,17.3125,17.59375,17.242753982543945,247000
COO,2000-12-20,17.4375,17.59375,17.28125,17.28125,16.936492919921875,86200
COO,2000-12-21,17.3125,17.46875,17.3125,17.46875,17.120250701904297,59200
COO,2000-12-22,17.46875,18.1875,17.46875,18.03125,17.671527862548828,296200
COO,2000-12-26,18.0,18.4375,18.0,18.25,17.88591766357422,148800
COO,2000-12-27,18.3125,19.375,18.3125,19.375,18.98847389221192,172200
COO,2000-12-28,19.5,19.875,19.4375,19.71875,19.325363159179688,149000
COO,2000-12-29,19.71875,20.75,19.71875,19.9375,19.53974723815918,343200
COO,2001-01-02,19.6875,20.1875,19.375,19.96875,19.57038307189941,345400
COO,2001-01-03,20.09375,20.25,19.90625,19.9375,19.53974723815918,434200
COO,2001-01-04,19.84375,20.0625,19.03125,19.03125,18.65158462524414,168600
COO,2001-01-05,18.8125,18.875,18.25,18.5,18.13093376159668,300800
COO,2001-01-08,18.40625,18.75,18.125,18.25,17.88591766357422,218200
COO,2001-01-09,18.28125,19.0,18.28125,18.71875,18.34531211853028,280200
COO,2001-01-10,18.75,19.6875,18.75,19.5,19.110986709594727,97000
COO,2001-01-11,19.53125,19.96875,19.1875,19.25,18.865966796875,183200
COO,2001-01-12,19.1875,20.1875,19.1875,19.75,19.35598945617676,228000
COO,2001-01-16,19.6875,19.71875,19.1875,19.71875,19.325363159179688,247200
COO,2001-01-17,19.65625,19.65625,18.59375,18.59375,18.22281074523925,261200
COO,2001-01-18,18.71875,19.09375,18.71875,19.09375,18.712831497192383,66800
COO,2001-01-19,19.0625,19.15625,18.90625,18.9375,18.559694290161133,41200
COO,2001-01-22,18.875,19.375,18.875,19.28125,18.896595001220703,248600
COO,2001-01-23,19.28125,19.375,19.25,19.25,18.865966796875,119200
COO,2001-01-24,19.3125,19.875,19.3125,19.6875,19.294734954833984,152800
COO,2001-01-25,19.71875,19.875,19.5,19.875,19.47850799560547,46400
COO,2001-01-26,19.90625,20.375,19.78125,19.875,19.47850799560547,142000
COO,2001-01-29,19.850000381469727,19.9950008392334,19.655000686645508,19.975000381469727,19.57650375366211,60400
COO,2001-01-30,20.0,20.225000381469727,19.88999938964844,20.100000381469727,19.699012756347656,163200
COO,2001-01-31,20.11000061035156,20.14999961853028,19.200000762939453,19.299999237060547,18.914962768554688,213600
COO,2001-02-01,19.200000762939453,19.299999237060547,19.0,19.299999237060547,18.914962768554688,125200
COO,2001-02-02,19.225000381469727,19.27499961853028,18.864999771118164,18.8700008392334,18.493547439575195,81800
COO,2001-02-05,18.7450008392334,18.875,18.575000762939453,18.825000762939453,18.44944190979004,126200
COO,2001-02-06,18.950000762939453,19.174999237060547,18.75,18.975000381469727,18.596454620361328,721400
COO,2001-02-07,19.049999237060547,19.670000076293945,18.924999237060547,19.61000061035156,19.21879005432129,77800
COO,2001-02-08,19.549999237060547,19.799999237060547,19.350000381469727,19.350000381469727,18.96397399902344,122400
COO,2001-02-09,19.354999542236328,19.354999542236328,19.20499992370605,19.25,18.865966796875,220800
COO,2001-02-12,19.200000762939453,19.475000381469727,18.850000381469727,18.89999961853028,18.5229434967041,298800
COO,2001-02-13,18.905000686645508,19.1200008392334,18.125,18.125,17.763408660888672,348600
COO,2001-02-14,18.14999961853028,18.299999237060547,17.450000762939453,17.639999389648438,17.288084030151367,561000
COO,2001-02-15,17.764999389648438,18.049999237060547,17.700000762939453,17.864999771118164,17.508590698242188,305800
COO,2001-02-16,17.864999771118164,18.5,17.725000381469727,18.5,18.13093376159668,458000
COO,2001-02-20,18.475000381469727,19.200000762939453,18.375,19.200000762939453,18.81697463989257,223400
COO,2001-02-21,19.200000762939453,19.200000762939453,18.799999237060547,18.799999237060547,18.42494010925293,131800
COO,2001-02-22,18.77499961853028,19.084999084472656,18.725000381469727,19.084999084472656,18.704252243041992,167400
COO,2001-02-23,19.0,19.200000762939453,18.795000076293945,19.125,18.74345588684082,170400
COO,2001-02-26,19.1299991607666,19.875,19.1299991607666,19.549999237060547,19.159975051879883,174000
COO,2001-02-27,19.625,19.625,19.14999961853028,19.14999961853028,18.76796531677246,116200
COO,2001-02-28,19.27499961853028,20.575000762939453,19.27499961853028,20.450000762939453,20.04202651977539,416200
COO,2001-03-01,20.625,20.674999237060547,20.075000762939453,20.5,20.09103012084961,355400
COO,2001-03-02,20.424999237060547,20.959999084472656,20.325000762939453,20.700000762939453,20.28704261779785,203800
COO,2001-03-05,20.70499992370605,22.4950008392334,20.70499992370605,22.299999237060547,21.855121612548828,809600
COO,2001-03-06,21.9950008392334,22.40999984741211,21.354999542236328,21.575000762939453,21.144580841064453,345000
COO,2001-03-07,21.57999992370605,22.200000762939453,21.5,22.0,21.561111450195312,149000
COO,2001-03-08,21.5,22.174999237060547,21.424999237060547,22.125,21.68361091613769,302200
COO,2001-03-09,22.0,22.0,21.625,21.799999237060547,21.365089416503903,196400
COO,2001-03-12,21.625,21.875,21.625,21.780000686645508,21.34549140930176,165800
COO,2001-03-13,21.655000686645508,21.655000686645508,20.799999237060547,20.875,20.458545684814453,185800
COO,2001-03-14,20.75,21.049999237060547,20.549999237060547,20.75,20.33604049682617,149400
COO,2001-03-15,21.0,21.0,20.5,20.5,20.09103012084961,176200
COO,2001-03-16,20.875,21.350000381469727,20.75,20.75,20.33604049682617,128000
COO,2001-03-19,20.75,20.924999237060547,20.575000762939453,20.924999237060547,20.507553100585938,146200
COO,2001-03-20,20.799999237060547,21.475000381469727,20.76000022888184,21.475000381469727,21.04657745361328,122400
COO,2001-03-21,21.475000381469727,21.479999542236328,21.145000457763672,21.145000457763672,20.723163604736328,117200
COO,2001-03-22,20.75,21.174999237060547,20.674999237060547,21.125,20.703563690185547,276400
COO,2001-03-23,21.174999237060547,21.225000381469727,20.700000762939453,21.125,20.703563690185547,85800
COO,2001-03-26,21.100000381469727,21.975000381469727,21.049999237060547,21.975000381469727,21.536598205566406,139400
COO,2001-03-27,21.950000762939453,22.64999961853028,21.600000381469727,22.459999084472656,22.01192092895508,315000
COO,2001-03-28,22.450000762939453,22.625,22.25,22.350000381469727,21.90411758422852,251800
COO,2001-03-29,22.25,23.295000076293945,22.209999084472656,23.14999961853028,22.68816566467285,300000
COO,2001-03-30,23.125,24.125,22.700000762939453,23.674999237060547,23.20268821716309,548000
COO,2001-04-02,23.674999237060547,23.75,22.875,23.14999961853028,22.68816566467285,404000
COO,2001-04-03,23.14999961853028,23.14999961853028,22.46500015258789,22.64999961853028,22.198139190673828,166400
COO,2001-04-04,22.64999961853028,22.89999961853028,22.0,22.63500022888184,22.18344116210937,211400
COO,2001-04-05,22.64999961853028,23.5,22.64999961853028,23.5,23.03117752075196,179800
COO,2001-04-06,23.5,24.5,23.0,24.299999237060547,23.81521987915039,1048600
COO,2001-04-09,24.700000762939453,25.200000762939453,23.850000381469727,24.52499961853028,24.035734176635746,709200
COO,2001-04-10,24.75,24.75,21.799999237060547,22.100000381469727,21.65910530090332,2299400
COO,2001-04-11,22.075000762939453,22.100000381469727,21.34000015258789,21.950000762939453,21.51209831237793,345200
COO,2001-04-12,21.95499992370605,22.27499961853028,21.95499992370605,22.14999961853028,21.708112716674805,188200
COO,2001-04-16,22.100000381469727,22.100000381469727,21.625,21.799999237060547,21.365089416503903,142600
COO,2001-04-17,21.875,22.420000076293945,21.790000915527344,22.420000076293945,21.97272682189941,235600
COO,2001-04-18,22.670000076293945,23.01499938964844,22.350000381469727,22.475000381469727,22.02663230895996,271600
COO,2001-04-19,22.450000762939453,22.475000381469727,22.075000762939453,22.15999984741211,21.71790885925293,133800
COO,2001-04-20,22.174999237060547,22.174999237060547,21.459999084472656,21.725000381469727,21.291593551635746,205400
COO,2001-04-23,21.64999961853028,21.700000762939453,20.799999237060547,20.89999961853028,20.483043670654297,236000
COO,2001-04-24,21.14999961853028,21.375,21.0049991607666,21.350000381469727,20.92406845092773,363200
COO,2001-04-25,21.350000381469727,22.13500022888184,21.350000381469727,22.02499961853028,21.58561134338379,219800
COO,2001-04-26,22.125,22.52499961853028,22.125,22.450000762939453,22.00212860107422,130600
COO,2001-04-27,22.875,22.875,22.625,22.799999237060547,22.345144271850582,119200
COO,2001-04-30,22.850000381469727,22.850000381469727,22.200000762939453,22.200000762939453,21.75712013244629,203800
COO,2001-05-01,22.075000762939453,22.075000762939453,21.34000015258789,21.77499961853028,21.340595245361328,402000
COO,2001-05-02,21.77499961853028,22.02499961853028,21.64999961853028,21.8700008392334,21.433698654174805,161800
COO,2001-05-03,21.924999237060547,21.924999237060547,21.075000762939453,21.450000762939453,21.02207946777344,276800
COO,2001-05-04,21.350000381469727,21.350000381469727,20.94499969482422,21.0,20.5810604095459,305000
COO,2001-05-07,20.924999237060547,20.924999237060547,20.450000762939453,20.565000534057617,20.154735565185547,809000
COO,2001-05-08,20.565000534057617,21.375,20.565000534057617,21.01000022888184,20.59085273742676,470000
COO,2001-05-09,21.0,21.299999237060547,20.875,20.89999961853028,20.483043670654297,203600
COO,2001-05-10,20.850000381469727,20.875,20.549999237060547,20.64999961853028,20.23803329467773,143000
COO,2001-05-11,20.64999961853028,21.309999465942383,20.64999961853028,20.75,20.33604049682617,196200
COO,2001-05-14,20.725000381469727,21.0,20.725000381469727,20.975000381469727,20.55655670166016,142600
COO,2001-05-15,20.950000762939453,21.049999237060547,20.64999961853028,21.049999237060547,20.630056381225582,136400
COO,2001-05-16,21.03499984741211,21.850000381469727,21.0049991607666,21.674999237060547,21.24258804321289,260200
COO,2001-05-17,21.64999961853028,22.0,21.64999961853028,21.82999992370605,21.394493103027344,246000
COO,2001-05-18,21.875,21.88999938964844,21.43000030517578,21.690000534057617,21.25728988647461,144400
COO,2001-05-21,21.625,21.625,21.27499961853028,21.27499961853028,20.850570678710938,171000
COO,2001-05-22,21.325000762939453,21.850000381469727,21.299999237060547,21.299999237060547,20.87506866455078,185400
COO,2001-05-23,21.25,21.27499961853028,20.924999237060547,21.174999237060547,20.7525634765625,197200
COO,2001-05-24,21.25,21.63999938964844,21.100000381469727,21.375,20.94857215881348,332400
COO,2001-05-25,21.39999961853028,22.174999237060547,21.39999961853028,22.049999237060547,21.610105514526367,317600
COO,2001-05-29,22.375,23.100000381469727,22.280000686645508,22.700000762939453,22.24714469909668,320200
COO,2001-05-30,22.875,23.174999237060547,22.850000381469727,22.950000762939453,22.492149353027344,561800
COO,2001-05-31,22.95499992370605,22.95499992370605,22.799999237060547,22.850000381469727,22.39415168762207,113000
COO,2001-06-01,22.875,23.27499961853028,22.64999961853028,23.25,22.78616142272949,230600
COO,2001-06-04,23.25,23.75,23.25,23.63500022888184,23.16348648071289,124800
COO,2001-06-05,23.600000381469727,24.084999084472656,23.559999465942383,23.95499992370605,23.477109909057617,253800
COO,2001-06-06,24.049999237060547,24.229999542236328,23.825000762939453,23.825000762939453,23.349702835083008,174200
COO,2001-06-07,23.825000762939453,24.125,23.75,23.799999237060547,23.32519721984864,148800
COO,2001-06-08,23.674999237060547,23.674999237060547,23.27499961853028,23.540000915527344,23.07038688659668,118800
COO,2001-06-11,23.575000762939453,23.64999961853028,23.299999237060547,23.64999961853028,23.17818832397461,74200
COO,2001-06-12,23.64999961853028,24.295000076293945,23.27499961853028,24.100000381469727,23.619213104248047,277400
COO,2001-06-13,23.799999237060547,23.799999237060547,22.825000762939453,23.174999237060547,22.73624420166016,571000
COO,2001-06-14,23.174999237060547,23.600000381469727,23.174999237060547,23.38999938964844,22.94717788696289,254400
COO,2001-06-15,23.38999938964844,23.89999961853028,23.38999938964844,23.70499992370605,23.256214141845703,111600
COO,2001-06-18,23.799999237060547,23.975000381469727,23.43000030517578,23.43000030517578,22.986421585083008,140200
COO,2001-06-19,23.450000762939453,23.52499961853028,23.31999969482422,23.39999961853028,22.95698547363281,135000
COO,2001-06-20,23.350000381469727,23.424999237060547,22.924999237060547,23.27499961853028,22.83435821533203,288400
COO,2001-06-21,23.27499961853028,23.75,23.27499961853028,23.63500022888184,23.18754005432129,264800
COO,2001-06-22,23.950000762939453,23.950000762939453,23.350000381469727,23.350000381469727,22.907934188842773,129600
COO,2001-06-25,23.350000381469727,23.799999237060547,23.350000381469727,23.64999961853028,23.202259063720703,140400
COO,2001-06-26,23.6200008392334,24.290000915527344,23.100000381469727,24.290000915527344,23.83013916015625,304800
COO,2001-06-27,24.290000915527344,24.71999931335449,24.075000762939453,24.600000381469727,24.13426780700684,311800
COO,2001-06-28,25.0,25.475000381469727,24.63999938964844,25.39999961853028,24.91912651062012,424800
COO,2001-06-29,25.39999961853028,25.700000762939453,24.850000381469727,25.700000762939453,25.21344375610352,362200
COO,2001-07-02,25.375,25.434999465942383,24.924999237060547,24.975000381469727,24.502172470092773,287200
COO,2001-07-03,24.850000381469727,24.850000381469727,24.100000381469727,24.25,23.79089736938477,247000
COO,2001-07-05,24.2549991607666,24.354999542236328,23.950000762939453,23.975000381469727,23.521106719970703,246400
COO,2001-07-06,24.14999961853028,25.5,24.14999961853028,24.700000762939453,24.23237609863281,573200
COO,2001-07-09,24.825000762939453,25.100000381469727,24.39999961853028,24.575000762939453,24.10974502563477,224800
COO,2001-07-10,24.575000762939453,24.700000762939453,24.295000076293945,24.299999237060547,23.83995246887207,107200
COO,2001-07-11,24.25,24.434999465942383,23.89999961853028,24.434999465942383,23.972396850585938,194600
COO,2001-07-12,24.424999237060547,24.924999237060547,24.375,24.89999961853028,24.42859649658203,186200
COO,2001-07-13,24.8700008392334,25.040000915527344,24.64999961853028,24.75,24.281429290771484,119400
COO,2001-07-16,24.7549991607666,25.02499961853028,24.64999961853028,24.850000381469727,24.37954330444336,140000
COO,2001-07-17,24.825000762939453,24.825000762939453,24.5,24.75,24.281429290771484,155800
COO,2001-07-18,24.7450008392334,24.75,24.375,24.46500015258789,24.001821517944336,115800
COO,2001-07-19,23.950000762939453,24.100000381469727,22.5,23.02499961853028,22.589086532592773,675000
COO,2001-07-20,23.14999961853028,24.440000534057617,23.14999961853028,24.375,23.91352844238281,454800
COO,2001-07-23,24.424999237060547,24.5,23.875,24.0,23.545629501342773,173600
COO,2001-07-24,23.549999237060547,23.64999961853028,23.200000762939453,23.27499961853028,22.83435821533203,190400
COO,2001-07-25,23.2450008392334,23.30500030517578,22.780000686645508,23.200000762939453,22.76077079772949,272200
COO,2001-07-26,23.27499961853028,23.674999237060547,23.25,23.64999961853028,23.202259063720703,170200
COO,2001-07-27,23.674999237060547,24.25,23.674999237060547,24.14999961853028,23.69278907775879,283200
COO,2001-07-30,24.200000762939453,24.350000381469727,23.924999237060547,24.350000381469727,23.88900756835937,143600
COO,2001-07-31,24.27499961853028,24.27499961853028,24.0,24.14999961853028,23.69278907775879,130000
COO,2001-08-01,24.100000381469727,24.375,23.850000381469727,24.14999961853028,23.69278907775879,295600
COO,2001-08-02,24.27499961853028,24.549999237060547,24.25,24.475000381469727,24.011642456054688,169600
COO,2001-08-03,24.450000762939453,24.64999961853028,24.075000762939453,24.5,24.03616714477539,125400
COO,2001-08-06,24.475000381469727,25.125,24.350000381469727,24.76000022888184,24.291242599487305,310600
COO,2001-08-07,24.76499938964844,25.315000534057617,24.7549991607666,25.299999237060547,24.821022033691406,217400
COO,2001-08-08,25.39999961853028,25.59000015258789,25.125,25.584999084472656,25.100622177124023,338000
COO,2001-08-09,25.690000534057617,26.174999237060547,25.690000534057617,26.07999992370605,25.58625602722168,545000
COO,2001-08-10,26.1299991607666,26.575000762939453,26.02499961853028,26.02499961853028,25.53229141235352,335600
COO,2001-08-13,26.075000762939453,26.684999465942383,26.02499961853028,26.559999465942383,26.057167053222656,365400
COO,2001-08-14,26.799999237060547,27.14999961853028,26.725000381469727,26.825000762939453,26.3171443939209,384600
COO,2001-08-15,26.89999961853028,27.075000762939453,26.76000022888184,26.864999771118164,26.35639381408692,253400
COO,2001-08-16,26.864999771118164,27.049999237060547,26.75,26.825000762939453,26.3171443939209,255000
COO,2001-08-17,26.825000762939453,26.864999771118164,26.375,26.39999961853028,25.900192260742188,244600
COO,2001-08-20,26.39999961853028,26.625,26.229999542236328,26.375,25.87566947937012,188400
COO,2001-08-21,26.3700008392334,26.450000762939453,25.700000762939453,26.26000022888184,25.762845993041992,669400
COO,2001-08-22,26.225000381469727,27.25,26.225000381469727,27.200000762939453,26.685047149658203,345600
COO,2001-08-23,27.5,27.86000061035156,27.25,27.52499961853028,27.003887176513672,345000
COO,2001-08-24,27.549999237060547,27.75,27.14999961853028,27.424999237060547,26.9057846069336,249400
COO,2001-08-27,27.45499992370605,27.75,27.45499992370605,27.475000381469727,26.95484733581543,202400
COO,2001-08-28,27.5,27.71500015258789,27.225000381469727,27.489999771118164,26.969554901123047,182000
COO,2001-08-29,27.489999771118164,27.674999237060547,24.25,24.25,23.79089736938477,2840000
COO,2001-08-30,24.27499961853028,24.825000762939453,22.575000762939453,24.575000762939453,24.10974502563477,2539400
COO,2001-08-31,24.700000762939453,25.52499961853028,24.450000762939453,25.5049991607666,25.02213859558105,662000
COO,2001-09-04,25.450000762939453,25.75,24.875,25.39999961853028,24.91912651062012,682000
COO,2001-09-05,25.375,25.64999961853028,25.27499961853028,25.5,25.01723861694336,396200
COO,2001-09-06,25.475000381469727,25.475000381469727,25.125,25.290000915527344,24.811208724975582,120200
COO,2001-09-07,25.25,25.25,24.5,24.989999771118164,24.51689338684082,342200
COO,2001-09-10,24.950000762939453,25.125,24.825000762939453,25.0,24.52669715881348,328600
COO,2001-09-17,24.850000381469727,24.850000381469727,24.100000381469727,24.25,23.79089736938477,152400
COO,2001-09-18,24.200000762939453,24.200000762939453,23.575000762939453,23.75,23.300365447998047,216400
COO,2001-09-19,23.75,23.825000762939453,23.225000381469727,23.475000381469727,23.03057098388672,328400
COO,2001-09-20,23.475000381469727,23.575000762939453,22.850000381469727,22.850000381469727,22.417409896850582,190800
COO,2001-09-21,22.25,22.25,20.350000381469727,21.350000381469727,20.9457950592041,1332600
COO,2001-09-24,21.5,21.924999237060547,20.950000762939453,21.424999237060547,21.01938438415528,976000
COO,2001-09-25,21.424999237060547,23.540000915527344,21.39999961853028,22.975000381469727,22.540037155151367,740000
COO,2001-09-26,23.02499961853028,23.25,23.0,23.200000762939453,22.76077079772949,586600
COO,2001-09-27,23.14999961853028,23.51000022888184,22.975000381469727,23.450000762939453,23.00604248046875,486000
COO,2001-09-28,23.5,24.100000381469727,23.450000762939453,23.450000762939453,23.00604248046875,378600
COO,2001-10-01,23.475000381469727,23.575000762939453,23.225000381469727,23.575000762939453,23.12867546081543,277800
COO,2001-10-02,23.61000061035156,24.5,23.61000061035156,24.475000381469727,24.011642456054688,312800
COO,2001-10-03,24.350000381469727,24.875,24.295000076293945,24.64999961853028,24.18332862854004,298200
COO,2001-10-04,24.52499961853028,24.530000686645508,24.174999237060547,24.30500030517578,23.844860076904297,301200
COO,2001-10-05,24.27499961853028,24.5,24.0,24.270000457763672,23.81051254272461,272200
COO,2001-10-08,24.145000457763672,24.225000381469727,24.0,24.14999961853028,23.69278907775879,213200
COO,2001-10-09,24.100000381469727,24.64999961853028,24.02499961853028,24.5,24.03616714477539,146800
COO,2001-10-10,24.5049991607666,25.75,24.5049991607666,25.690000534057617,25.2036361694336,384200
COO,2001-10-11,25.71500015258789,26.02499961853028,24.96999931335449,25.25,24.771961212158203,531400
COO,2001-10-12,25.39999961853028,25.64999961853028,24.625,24.64999961853028,24.18332862854004,430000
COO,2001-10-15,24.77499961853028,25.575000762939453,24.625,24.81999969482422,24.3501091003418,554400
COO,2001-10-16,25.25,26.299999237060547,25.100000381469727,26.05500030517578,25.561729431152344,403800
COO,2001-10-17,26.05500030517578,26.05500030517578,25.25,25.34499931335449,24.865163803100582,567400
COO,2001-10-18,25.25,25.600000381469727,25.100000381469727,25.200000762939453,24.722915649414062,263800
COO,2001-10-19,25.174999237060547,26.075000762939453,25.14999961853028,25.559999465942383,25.076101303100582,191600
COO,2001-10-22,25.625,26.0,25.5,25.850000381469727,25.360605239868164,134600
COO,2001-10-23,25.875,25.875,25.450000762939453,25.51499938964844,25.03194808959961,219400
COO,2001-10-24,25.5,25.549999237060547,24.950000762939453,25.174999237060547,24.698389053344727,180400
COO,2001-10-25,25.170000076293945,26.709999084472656,24.940000534057617,26.27499961853028,25.777557373046875,305600
COO,2001-10-26,26.25,26.39999961853028,25.38999938964844,25.584999084472656,25.100622177124023,418000
COO,2001-10-29,25.575000762939453,25.725000381469727,24.604999542236328,24.64999961853028,24.18332862854004,565800
COO,2001-10-30,24.75,24.75,23.950000762939453,24.26000022888184,23.80071449279785,391600
COO,2001-10-31,24.26000022888184,24.26000022888184,23.39999961853028,24.0,23.545629501342773,682000
COO,2001-11-01,23.950000762939453,24.8799991607666,23.950000762939453,24.71500015258789,24.24709129333496,147000
COO,2001-11-02,24.665000915527344,24.670000076293945,24.200000762939453,24.299999237060547,23.83995246887207,272200
COO,2001-11-05,24.25,24.424999237060547,24.100000381469727,24.424999237060547,23.962587356567383,191800
COO,2001-11-06,24.424999237060547,24.424999237060547,23.825000762939453,23.950000762939453,23.496580123901367,148200
COO,2001-11-07,24.225000381469727,24.225000381469727,23.39999961853028,23.84000015258789,23.3886661529541,211800
COO,2001-11-08,23.84000015258789,23.84000015258789,22.799999237060547,23.059999465942383,22.62342643737793,253400
COO,2001-11-09,23.02499961853028,23.325000762939453,22.799999237060547,22.979999542236328,22.54493904113769,176400
COO,2001-11-12,22.950000762939453,22.950000762939453,22.440000534057617,22.489999771118164,22.0642204284668,199600
COO,2001-11-13,22.540000915527344,22.57999992370605,21.02499961853028,21.25,20.84769630432129,1002800
COO,2001-11-14,22.0,23.395000457763672,21.76000022888184,22.725000381469727,22.29477500915528,954200
COO,2001-11-15,22.75,23.25,22.325000762939453,22.63999938964844,22.21137809753418,584800
COO,2001-11-16,22.575000762939453,22.825000762939453,22.450000762939453,22.815000534057617,22.3830680847168,112000
COO,2001-11-19,22.75,23.200000762939453,22.64999961853028,23.13999938964844,22.70191764831543,138400
COO,2001-11-20,23.225000381469727,23.825000762939453,23.075000762939453,23.5,23.055095672607425,293800
COO,2001-11-21,23.600000381469727,23.75,23.31999969482422,23.450000762939453,23.00604248046875,87400
COO,2001-11-23,23.39999961853028,23.45499992370605,23.32999992370605,23.36000061035156,22.91775131225586,41200
COO,2001-11-26,23.450000762939453,23.700000762939453,23.049999237060547,23.32999992370605,22.888317108154297,189000
COO,2001-11-27,23.32999992370605,23.450000762939453,23.049999237060547,23.19499969482422,22.7558650970459,109600
COO,2001-11-28,23.14999961853028,23.27499961853028,22.81999969482422,22.864999771118164,22.432117462158203,168200
COO,2001-11-29,22.864999771118164,22.864999771118164,21.600000381469727,21.64999961853028,21.24012756347656,786400
COO,2001-11-30,21.64999961853028,22.27499961853028,21.18000030517578,22.049999237060547,21.63254737854004,899600
COO,2001-12-03,21.950000762939453,22.350000381469727,21.725000381469727,22.350000381469727,21.92686462402344,294000
COO,2001-12-04,22.39999961853028,23.350000381469727,22.39999961853028,23.25,22.80982208251953,494800
COO,2001-12-05,23.27499961853028,23.27499961853028,22.239999771118164,22.3799991607666,21.95629501342773,630200
COO,2001-12-06,22.325000762939453,22.600000381469727,22.100000381469727,22.225000381469727,21.80423927307129,270400
COO,2001-12-07,22.174999237060547,22.39999961853028,21.924999237060547,22.200000762939453,21.779714584350582,192800
COO,2001-12-10,22.14999961853028,23.040000915527344,22.07999992370605,22.700000762939453,22.270248413085938,335600
COO,2001-12-11,22.725000381469727,23.25,22.684999465942383,22.739999771118164,22.30948066711425,488200
COO,2001-12-12,23.950000762939453,24.104999542236328,23.350000381469727,23.850000381469727,23.424219131469727,812200
COO,2001-12-13,23.875,24.0,23.575000762939453,23.655000686645508,23.23270797729492,297000
COO,2001-12-14,23.655000686645508,23.674999237060547,23.395000457763672,23.459999084472656,23.04118537902832,132200
COO,2001-12-17,23.475000381469727,23.600000381469727,23.299999237060547,23.489999771118164,23.070655822753903,281800
COO,2001-12-18,23.549999237060547,23.625,22.850000381469727,23.0,22.589399337768555,277000
COO,2001-12-19,23.0,23.834999084472656,22.674999237060547,23.700000762939453,23.27689552307129,1030400
COO,2001-12-20,23.725000381469727,23.77499961853028,23.38500022888184,23.625,23.203243255615234,255200
COO,2001-12-21,23.64999961853028,24.325000762939453,23.420000076293945,24.27499961853028,23.841636657714844,394000
COO,2001-12-24,24.325000762939453,24.575000762939453,24.325000762939453,24.40999984741211,23.97422409057617,88600
COO,2001-12-26,24.5,24.700000762939453,24.424999237060547,24.5,24.062620162963867,159800
COO,2001-12-27,24.5,24.850000381469727,24.5,24.850000381469727,24.406373977661133,124800
COO,2001-12-28,24.8700008392334,25.364999771118164,24.76499938964844,24.77499961853028,24.332704544067383,295400
COO,2001-12-31,24.77499961853028,25.174999237060547,24.77499961853028,24.989999771118164,24.543874740600582,479600
COO,2002-01-02,24.989999771118164,24.989999771118164,24.075000762939453,24.395000457763672,23.959497451782227,207200
COO,2002-01-03,24.395000457763672,24.52499961853028,23.625,23.674999237060547,23.252344131469727,161200
COO,2002-01-04,23.725000381469727,23.825000762939453,23.13999938964844,23.225000381469727,22.810379028320312,406800
COO,2002-01-07,23.299999237060547,23.975000381469727,23.299999237060547,23.84000015258789,23.414405822753903,385800
COO,2002-01-08,23.799999237060547,24.100000381469727,23.600000381469727,24.02499961853028,23.596097946166992,188400
COO,2002-01-09,24.0,24.520000457763672,24.0,24.350000381469727,23.91529655456543,258000
COO,2002-01-10,24.350000381469727,24.600000381469727,24.174999237060547,24.200000762939453,23.76797866821289,211200
COO,2002-01-11,24.200000762939453,24.63500022888184,23.975000381469727,24.32999992370605,23.895652770996094,157000
COO,2002-01-14,24.375,24.770000457763672,24.375,24.575000762939453,24.13627815246582,256800
COO,2002-01-15,24.700000762939453,24.850000381469727,23.64999961853028,23.924999237060547,23.49788284301757,301200
COO,2002-01-16,23.924999237060547,23.924999237060547,23.174999237060547,23.299999237060547,22.88404083251953,555400
COO,2002-01-17,23.350000381469727,23.825000762939453,23.350000381469727,23.700000762939453,23.27689552307129,353400
COO,2002-01-18,23.700000762939453,24.15999984741211,23.450000762939453,23.52499961853028,23.10502815246582,226800
COO,2002-01-22,23.475000381469727,23.655000686645508,23.25,23.56999969482422,23.149219512939453,173200
COO,2002-01-23,23.604999542236328,24.125,23.5,24.049999237060547,23.62066078186035,82800
COO,2002-01-24,24.02499961853028,24.02499961853028,23.479999542236328,23.625,23.203243255615234,146400
COO,2002-01-25,23.64999961853028,23.73500061035156,23.604999542236328,23.674999237060547,23.252344131469727,48800
COO,2002-01-28,23.75,23.75,23.5,23.725000381469727,23.30146026611328,176600
COO,2002-01-29,23.700000762939453,23.80500030517578,23.520000457763672,23.625,23.203243255615234,141000
COO,2002-01-30,23.600000381469727,23.71500015258789,23.52499961853028,23.575000762939453,23.15413284301757,180400
COO,2002-01-31,23.575000762939453,23.57999992370605,23.34000015258789,23.424999237060547,23.006807327270508,135800
COO,2002-02-01,23.475000381469727,23.700000762939453,23.450000762939453,23.64999961853028,23.227792739868164,131000
COO,2002-02-04,23.625,23.674999237060547,23.52499961853028,23.53499984741211,23.11485290527344,123600
COO,2002-02-05,23.53499984741211,23.875,23.46999931335449,23.6299991607666,23.208147048950195,220000
COO,2002-02-06,23.6299991607666,23.6299991607666,22.89999961853028,22.989999771118164,22.57957649230957,244400
COO,2002-02-07,23.0,23.0,22.48500061035156,22.48500061035156,22.08359336853028,222400
COO,2002-02-08,22.48500061035156,22.489999771118164,22.049999237060547,22.100000381469727,21.705461502075195,282000
COO,2002-02-11,22.174999237060547,22.26000022888184,21.625,21.709999084472656,21.322433471679688,390800
COO,2002-02-12,21.584999084472656,22.100000381469727,21.299999237060547,22.075000762939453,21.68091583251953,803200
COO,2002-02-13,22.200000762939453,22.600000381469727,21.950000762939453,22.350000381469727,21.951000213623047,375200
COO,2002-02-14,22.424999237060547,22.59499931335449,22.0,22.1200008392334,21.7251033782959,250800
COO,2002-02-15,22.14999961853028,22.14999961853028,21.600000381469727,21.674999237060547,21.288055419921875,337000
COO,2002-02-19,21.64999961853028,21.780000686645508,21.190000534057617,21.21500015258789,20.83626747131348,199200
COO,2002-02-20,21.21500015258789,22.459999084472656,21.21500015258789,22.43000030517578,22.02956962585449,217800
COO,2002-02-21,23.125,23.174999237060547,22.25,22.27499961853028,21.877336502075195,303600
COO,2002-02-22,22.225000381469727,23.299999237060547,22.200000762939453,23.084999084472656,22.672882080078125,286800
COO,2002-02-25,23.174999237060547,23.39999961853028,22.59499931335449,22.674999237060547,22.27020072937012,538200
COO,2002-02-26,22.68000030517578,22.850000381469727,22.600000381469727,22.809999465942383,22.402795791625977,208000
COO,2002-02-27,22.934999465942383,23.51000022888184,22.934999465942383,23.51000022888184,23.09029197692871,222600
COO,2002-02-28,23.674999237060547,24.25,23.14999961853028,23.645000457763672,23.222883224487305,747800
COO,2002-03-01,24.450000762939453,25.14999961853028,24.350000381469727,25.0049991607666,24.5585994720459,632200
COO,2002-03-04,25.174999237060547,25.225000381469727,24.950000762939453,25.01000022888184,24.56351852416992,274400
COO,2002-03-05,24.725000381469727,25.02499961853028,24.375,24.39999961853028,23.96439552307129,886600
COO,2002-03-06,24.424999237060547,24.799999237060547,24.424999237060547,24.55500030517578,24.116634368896484,569200
COO,2002-03-07,24.55500030517578,24.950000762939453,24.5,24.64999961853028,24.209943771362305,194400
COO,2002-03-08,24.725000381469727,25.049999237060547,24.64999961853028,24.64999961853028,24.209943771362305,169800
COO,2002-03-11,24.5,24.575000762939453,23.174999237060547,23.44499969482422,23.02645492553711,632400
COO,2002-03-12,23.43000030517578,23.475000381469727,23.14999961853028,23.350000381469727,22.93314743041992,461400
COO,2002-03-13,23.350000381469727,23.4950008392334,23.049999237060547,23.229999542236328,22.815296173095703,281600
COO,2002-03-14,23.229999542236328,23.450000762939453,23.0,23.25,22.83492660522461,278800
COO,2002-03-15,23.200000762939453,23.48500061035156,23.155000686645508,23.225000381469727,22.810379028320312,359800
COO,2002-03-18,23.350000381469727,23.59499931335449,23.299999237060547,23.4950008392334,23.075557708740234,275000
COO,2002-03-19,23.5,23.5049991607666,23.25,23.364999771118164,22.94787979125977,119800
COO,2002-03-20,23.450000762939453,23.450000762939453,22.77499961853028,23.05500030517578,22.643423080444336,230600
COO,2002-03-21,23.040000915527344,23.05500030517578,22.924999237060547,23.049999237060547,22.63850975036621,195200
COO,2002-03-22,22.5,23.299999237060547,22.350000381469727,23.049999237060547,22.63850975036621,407600
COO,2002-03-25,23.049999237060547,23.114999771118164,22.18000030517578,22.25,21.852783203125,440800
COO,2002-03-26,22.315000534057617,22.549999237060547,22.280000686645508,22.434999465942383,22.03448486328125,297600
COO,2002-03-27,22.5,23.549999237060547,22.5,23.350000381469727,22.93314743041992,628400
COO,2002-03-28,23.39999961853028,24.174999237060547,23.39999961853028,23.700000762939453,23.27689552307129,500200
COO,2002-04-01,23.77499961853028,23.825000762939453,23.125,23.57999992370605,23.159046173095703,318800
COO,2002-04-02,23.6299991607666,23.82999992370605,23.51000022888184,23.77499961853028,23.350566864013672,306000
COO,2002-04-03,23.77499961853028,23.88999938964844,23.549999237060547,23.825000762939453,23.399673461914062,216800
COO,2002-04-04,23.82999992370605,23.864999771118164,23.645000457763672,23.825000762939453,23.399673461914062,238400
COO,2002-04-05,23.825000762939453,23.924999237060547,23.625,23.7450008392334,23.32109260559082,214400
COO,2002-04-08,23.75,23.950000762939453,23.600000381469727,23.89999961853028,23.473329544067383,195800
COO,2002-04-09,23.825000762939453,24.46999931335449,23.825000762939453,24.170000076293945,23.738508224487305,142400
COO,2002-04-10,24.200000762939453,24.950000762939453,24.200000762939453,24.93000030517578,24.48493766784668,378800
COO,2002-04-11,24.950000762939453,24.96500015258789,24.725000381469727,24.88999938964844,24.44565963745117,369800
COO,2002-04-12,24.975000381469727,25.325000762939453,24.94499969482422,25.15999984741211,24.710844039916992,479800
COO,2002-04-15,25.15999984741211,25.36000061035156,24.8799991607666,25.07999992370605,24.63226127624512,296200
COO,2002-04-16,25.09000015258789,25.440000534057617,25.020000457763672,25.375,24.92200088500977,226400
COO,2002-04-17,25.375,25.950000762939453,25.364999771118164,25.71999931335449,25.26083946228028,303800
COO,2002-04-18,25.725000381469727,25.989999771118164,25.450000762939453,25.815000534057617,25.35414695739746,356000
COO,2002-04-19,25.815000534057617,26.059999465942383,25.815000534057617,26.01499938964844,25.55057716369629,286800
COO,2002-04-22,26.01499938964844,26.239999771118164,26.0,26.209999084472656,25.742090225219727,286800
COO,2002-04-23,26.100000381469727,26.475000381469727,26.100000381469727,26.36000061035156,25.88941192626953,273600
COO,2002-04-24,26.364999771118164,26.78499984741211,26.34499931335449,26.5,26.02691650390625,279400
COO,2002-04-25,26.424999237060547,26.424999237060547,26.01000022888184,26.270000457763672,25.801025390625,242000
COO,2002-04-26,26.174999237060547,26.200000762939453,26.0049991607666,26.05500030517578,25.58986473083496,182600
COO,2002-04-29,26.02499961853028,26.049999237060547,25.424999237060547,25.920000076293945,25.4572696685791,425000
COO,2002-04-30,25.920000076293945,26.540000915527344,25.920000076293945,26.5,26.02691650390625,327200
COO,2002-05-01,26.5,27.290000915527344,26.450000762939453,27.190000534057617,26.70460319519043,438200
COO,2002-05-02,27.190000534057617,27.31999969482422,26.975000381469727,27.190000534057617,26.70460319519043,214600
COO,2002-05-03,27.190000534057617,27.25,27.13999938964844,27.200000762939453,26.71441650390625,240600
COO,2002-05-06,27.174999237060547,27.549999237060547,27.14999961853028,27.299999237060547,26.812631607055664,575000
COO,2002-05-07,27.299999237060547,27.375,26.299999237060547,26.299999237060547,25.83048439025879,301400
COO,2002-05-08,26.299999237060547,26.489999771118164,26.225000381469727,26.489999771118164,26.017093658447266,209200
COO,2002-05-09,26.450000762939453,26.48500061035156,26.200000762939453,26.200000762939453,25.732267379760746,216000
COO,2002-05-10,26.200000762939453,26.200000762939453,25.64999961853028,25.739999771118164,25.28048515319824,139600
COO,2002-05-13,25.725000381469727,26.075000762939453,25.475000381469727,25.5,25.04477310180664,166400
COO,2002-05-14,25.5,26.90999984741211,25.5,26.600000381469727,26.12512588500977,486000
COO,2002-05-15,26.64999961853028,26.950000762939453,26.13500022888184,26.27499961853028,25.80592918395996,415400
COO,2002-05-16,26.27499961853028,26.280000686645508,25.530000686645508,25.545000076293945,25.08896446228028,133000
COO,2002-05-17,25.545000076293945,25.64999961853028,25.14999961853028,25.44499969482422,24.99074935913086,371800
COO,2002-05-20,25.424999237060547,25.440000534057617,24.93000030517578,25.13500022888184,24.68628120422364,380800
COO,2002-05-21,25.174999237060547,25.299999237060547,24.9950008392334,25.02499961853028,24.5782470703125,155600
COO,2002-05-22,25.030000686645508,25.065000534057617,24.625,24.790000915527344,24.347442626953125,162600
COO,2002-05-23,24.84000015258789,24.959999084472656,24.5,24.920000076293945,24.475116729736328,205600
COO,2002-05-24,24.920000076293945,25.299999237060547,24.89999961853028,24.905000686645508,24.46038818359375,163400
COO,2002-05-28,24.905000686645508,24.975000381469727,24.600000381469727,24.875,24.43092155456543,115200
COO,2002-05-29,24.825000762939453,24.975000381469727,24.559999465942383,24.799999237060547,24.357255935668945,141400
COO,2002-05-30,24.924999237060547,25.200000762939453,24.924999237060547,25.045000076293945,24.59788703918457,176400
COO,2002-05-31,25.075000762939453,25.165000915527344,24.9950008392334,25.0049991607666,24.5585994720459,199800
COO,2002-06-03,25.104999542236328,25.104999542236328,24.25,24.25,23.817079544067383,235400
COO,2002-06-04,24.39999961853028,24.44499969482422,22.674999237060547,23.475000381469727,23.0559196472168,694600
COO,2002-06-05,24.375,25.674999237060547,24.14999961853028,25.3799991607666,24.926910400390625,1062800
COO,2002-06-06,25.450000762939453,26.14999961853028,25.39999961853028,26.0049991607666,25.540752410888672,680200
COO,2002-06-07,25.950000762939453,26.725000381469727,25.64999961853028,26.549999237060547,26.07602500915528,294400
COO,2002-06-10,26.600000381469727,26.709999084472656,26.27499961853028,26.325000762939453,25.85504531860352,247200
COO,2002-06-11,26.350000381469727,26.71999931335449,26.350000381469727,26.530000686645508,26.081153869628903,291800
COO,2002-06-12,26.530000686645508,26.559999465942383,25.325000762939453,25.32999992370605,24.90145492553711,441800
COO,2002-06-13,25.315000534057617,25.31999969482422,24.239999771118164,24.25,23.83972549438477,586000
COO,2002-06-14,24.125,24.1299991607666,23.28499984741211,23.76499938964844,23.36291885375977,808200
COO,2002-06-17,23.815000534057617,24.600000381469727,23.75,24.315000534057617,23.90361595153809,281800
COO,2002-06-18,24.364999771118164,25.045000076293945,24.364999771118164,24.77499961853028,24.35584259033203,353200
COO,2002-06-19,24.69499969482422,24.700000762939453,23.96500015258789,24.1200008392334,23.7119255065918,300000
COO,2002-06-20,24.1200008392334,24.13999938964844,23.350000381469727,23.700000762939453,23.29902458190918,373600
COO,2002-06-21,23.75,24.049999237060547,23.725000381469727,23.875,23.471071243286133,279800
COO,2002-06-24,23.77499961853028,23.799999237060547,23.424999237060547,23.5,23.102413177490234,282600
COO,2002-06-25,23.52499961853028,23.52499961853028,23.145000457763672,23.200000762939453,22.807485580444336,265400
COO,2002-06-26,23.075000762939453,23.5,22.5,23.45499992370605,23.05817604064941,323000
COO,2002-06-27,23.57999992370605,23.850000381469727,22.89999961853028,23.299999237060547,22.905786514282227,339200
COO,2002-06-28,23.299999237060547,23.64999961853028,23.200000762939453,23.549999237060547,23.15156364440918,677200
COO,2002-07-01,23.450000762939453,23.450000762939453,22.795000076293945,22.950000762939453,22.561717987060547,389800
COO,2002-07-02,22.89999961853028,22.89999961853028,21.5,21.89999961853028,21.52947998046875,479400
COO,2002-07-03,21.875,21.89999961853028,20.475000381469727,20.8700008392334,20.51691055297852,1000000
COO,2002-07-05,20.950000762939453,21.43000030517578,20.950000762939453,21.27499961853028,20.91506004333496,224800
COO,2002-07-08,21.225000381469727,21.69499969482422,20.89999961853028,21.25,20.890480041503903,274800
COO,2002-07-09,21.350000381469727,21.46999931335449,20.700000762939453,20.78499984741211,20.433349609375,282200
COO,2002-07-10,20.78499984741211,21.174999237060547,20.0,20.09000015258789,19.75010108947754,260400
COO,2002-07-11,20.075000762939453,20.65999984741211,19.825000762939453,20.584999084472656,20.23672676086425,683400
COO,2002-07-12,20.63500022888184,21.295000076293945,20.5,21.049999237060547,20.693857192993164,501000
COO,2002-07-15,21.02499961853028,21.5,20.575000762939453,20.76499938964844,20.41368293762207,555000
COO,2002-07-16,20.725000381469727,21.0,20.174999237060547,20.26499938964844,19.92214775085449,717800
COO,2002-07-17,20.38999938964844,21.27499961853028,20.38999938964844,21.14999961853028,20.79216766357422,374400
COO,2002-07-18,21.125,21.174999237060547,20.5,20.59000015258789,20.241649627685547,338600
COO,2002-07-19,20.475000381469727,20.600000381469727,20.25,20.2549991607666,19.912309646606445,416200
COO,2002-07-22,20.25,20.5,19.315000534057617,19.625,19.29297637939453,561600
COO,2002-07-23,19.450000762939453,19.875,19.450000762939453,19.52499961853028,19.19466781616211,426000
COO,2002-07-24,19.424999237060547,20.799999237060547,19.174999237060547,20.799999237060547,20.44809532165528,508000
COO,2002-07-25,20.799999237060547,21.64999961853028,20.73500061035156,21.575000762939453,21.209976196289062,402200
COO,2002-07-26,21.575000762939453,21.75,21.09000015258789,21.64999961853028,21.283710479736328,371000
COO,2002-07-29,21.89999961853028,23.02499961853028,21.89999961853028,23.02499961853028,22.63544464111328,417200
COO,2002-07-30,22.875,22.875,21.450000762939453,21.614999771118164,21.249292373657227,584600
COO,2002-07-31,21.549999237060547,22.23500061035156,21.299999237060547,21.950000762939453,21.578632354736328,555400
COO,2002-08-01,21.94499969482422,22.100000381469727,21.450000762939453,21.674999237060547,21.308284759521484,442800
COO,2002-08-02,21.64999961853028,21.924999237060547,21.549999237060547,21.68000030517578,21.31320571899414,393000
COO,2002-08-05,21.57999992370605,21.77499961853028,21.200000762939453,21.25,20.890480041503903,330000
COO,2002-08-06,21.350000381469727,21.799999237060547,21.02499961853028,21.11000061035156,20.75284767150879,289800
COO,2002-08-07,21.19499969482422,21.4950008392334,20.975000381469727,21.4950008392334,21.131332397460938,361000
COO,2002-08-08,21.39999961853028,22.040000915527344,21.225000381469727,22.040000915527344,21.667110443115234,216000
COO,2002-08-09,21.975000381469727,21.975000381469727,21.200000762939453,21.540000915527344,21.175573348999023,588800
COO,2002-08-12,21.52499961853028,21.52499961853028,21.02499961853028,21.34000015258789,20.978954315185547,252800
COO,2002-08-13,21.32999992370605,21.424999237060547,20.75,20.815000534057617,20.462846755981445,249400
COO,2002-08-14,20.915000915527344,21.27499961853028,20.325000762939453,21.190000534057617,20.83149528503418,834200
COO,2002-08-15,21.225000381469727,21.61000061035156,21.07999992370605,21.475000381469727,21.11167526245117,490600
COO,2002-08-16,21.424999237060547,21.475000381469727,21.200000762939453,21.26499938964844,20.90522766113281,274600
COO,2002-08-19,21.315000534057617,21.89999961853028,21.200000762939453,21.700000762939453,21.332862854003903,408400
COO,2002-08-20,21.700000762939453,22.100000381469727,21.700000762939453,21.950000762939453,21.578632354736328,427800
COO,2002-08-21,22.125,22.674999237060547,22.049999237060547,22.600000381469727,22.21763801574707,519200
COO,2002-08-22,22.549999237060547,23.09000015258789,22.325000762939453,22.875,22.48798561096192,693800
COO,2002-08-23,22.875,23.125,22.850000381469727,22.924999237060547,22.53713798522949,289200
COO,2002-08-26,22.975000381469727,23.424999237060547,22.239999771118164,23.375,22.97951889038086,408000
COO,2002-08-27,23.424999237060547,23.575000762939453,22.7450008392334,22.75,22.36509704589844,480200
COO,2002-08-28,22.7549991607666,23.049999237060547,22.475000381469727,23.049999237060547,22.660024642944336,341000
COO,2002-08-29,23.049999237060547,23.049999237060547,22.27499961853028,22.5,22.11932945251465,507400
COO,2002-08-30,22.5,23.07999992370605,22.48500061035156,22.69499969482422,22.3110294342041,196400
COO,2002-09-03,22.700000762939453,22.700000762939453,21.864999771118164,21.88500022888184,21.514738082885746,264800
COO,2002-09-04,21.850000381469727,22.100000381469727,21.45499992370605,22.0,21.62778854370117,591400
COO,2002-09-05,23.924999237060547,25.450000762939453,23.905000686645508,25.125,24.699914932250977,3692600
COO,2002-09-06,25.200000762939453,25.424999237060547,24.350000381469727,24.52499961853028,24.11006736755371,1249000
COO,2002-09-09,24.530000686645508,25.350000381469727,24.475000381469727,25.0049991607666,24.58194732666016,710800
COO,2002-09-10,25.05500030517578,25.3799991607666,24.825000762939453,25.09499931335449,24.6704216003418,341400
COO,2002-09-11,25.125,25.93000030517578,25.125,25.850000381469727,25.41265296936035,456600
COO,2002-09-12,25.89999961853028,26.25,25.700000762939453,26.13500022888184,25.69283676147461,475400
COO,2002-09-13,26.125,26.1299991607666,25.5,26.040000915527344,25.599437713623047,446200
COO,2002-09-16,26.049999237060547,26.165000915527344,25.549999237060547,26.1200008392334,25.67808532714844,474800
COO,2002-09-17,26.200000762939453,26.950000762939453,26.200000762939453,26.415000915527344,25.96809196472168,751000
COO,2002-09-18,26.450000762939453,26.450000762939453,25.825000762939453,26.125,25.68299674987793,360600
COO,2002-09-19,26.075000762939453,26.075000762939453,25.39999961853028,25.63999938964844,25.206199645996094,518600
COO,2002-09-20,25.700000762939453,26.350000381469727,25.549999237060547,26.295000076293945,25.850122451782227,474200
COO,2002-09-23,26.295000076293945,26.295000076293945,25.5,25.75,25.314342498779297,498000
COO,2002-09-24,25.625,25.93000030517578,25.549999237060547,25.850000381469727,25.41265296936035,330000
COO,2002-09-25,25.975000381469727,26.1200008392334,25.36000061035156,25.975000381469727,25.535541534423828,657000
COO,2002-09-26,26.100000381469727,27.0,26.049999237060547,26.89999961853028,26.44489097595215,767000
COO,2002-09-27,26.8799991607666,27.625,26.049999237060547,26.295000076293945,25.850122451782227,1040400
COO,2002-09-30,26.21999931335449,26.39999961853028,25.875,26.25,25.805885314941406,954000
COO,2002-10-01,26.325000762939453,26.809999465942383,25.790000915527344,26.625,26.174545288085938,606600
COO,2002-10-02,26.64999961853028,27.075000762939453,26.600000381469727,26.7549991607666,26.30234336853028,874600
COO,2002-10-03,27.0,27.850000381469727,26.725000381469727,27.700000762939453,27.231353759765625,1488200
COO,2002-10-04,28.325000762939453,28.325000762939453,27.049999237060547,27.225000381469727,26.7643985748291,1213800
COO,2002-10-07,27.27499961853028,27.600000381469727,26.739999771118164,27.075000762939453,26.616926193237305,572000
COO,2002-10-08,27.200000762939453,27.239999771118164,26.15999984741211,26.34000015258789,25.89436912536621,728200
COO,2002-10-09,26.299999237060547,26.34499931335449,25.174999237060547,26.315000534057617,25.869787216186523,1345600
COO,2002-10-10,26.315000534057617,27.700000762939453,26.299999237060547,27.549999237060547,27.083885192871094,958000
COO,2002-10-11,27.875,28.14999961853028,27.125,27.88999938964844,27.418132781982425,893200
COO,2002-10-14,27.850000381469727,28.1200008392334,27.52499961853028,27.77499961853028,27.305084228515625,579800
COO,2002-10-15,28.100000381469727,28.950000762939453,28.100000381469727,28.489999771118164,28.00798797607422,821400
COO,2002-10-16,28.364999771118164,28.4950008392334,26.89999961853028,27.0,26.543201446533203,1149400
COO,2002-10-17,27.5,28.15999984741211,27.5,27.674999237060547,27.206775665283203,981200
COO,2002-10-18,27.68000030517578,28.114999771118164,27.165000915527344,27.924999237060547,27.45254135131836,468600
COO,2002-10-21,27.89999961853028,27.89999961853028,26.25,26.799999237060547,26.346580505371094,1285200
COO,2002-10-22,26.75,27.100000381469727,26.14999961853028,27.030000686645508,26.57269096374512,705200
COO,2002-10-23,26.979999542236328,27.375,26.475000381469727,26.5,26.051660537719727,612400
COO,2002-10-24,26.600000381469727,26.75,26.25,26.450000762939453,26.002504348754883,470400
COO,2002-10-25,26.39999961853028,26.850000381469727,26.325000762939453,26.729999542236328,26.27776336669922,355600
COO,2002-10-28,26.80500030517578,26.825000762939453,25.75,26.06999969482422,25.62893295288086,752200
COO,2002-10-29,26.06999969482422,26.39999961853028,25.77499961853028,26.27499961853028,25.830461502075195,606800
COO,2002-10-30,26.325000762939453,26.77499961853028,26.0,26.75,26.29742813110352,474200
COO,2002-10-31,26.625,27.0,26.375,26.5,26.051660537719727,407200
COO,2002-11-01,26.5049991607666,26.5049991607666,25.950000762939453,26.424999237060547,25.97792625427246,582600
COO,2002-11-04,26.625,26.950000762939453,26.100000381469727,26.375,25.928770065307617,523200
COO,2002-11-05,26.299999237060547,26.64999961853028,26.174999237060547,26.46999931335449,26.022167205810547,414800
COO,2002-11-06,26.520000457763672,27.075000762939453,26.51000022888184,26.989999771118164,26.53336524963379,399600
COO,2002-11-07,27.0,27.6200008392334,26.89999961853028,27.5,27.03473854064941,814200
COO,2002-11-08,27.51000022888184,28.52499961853028,27.51000022888184,28.450000762939453,27.96866035461425,1032800
COO,2002-11-11,28.39999961853028,28.64999961853028,27.89999961853028,27.959999084472656,27.486955642700195,687000
COO,2002-11-12,27.96500015258789,28.450000762939453,27.739999771118164,28.1200008392334,27.64424133300781,860200
COO,2002-11-13,28.19499969482422,28.325000762939453,27.89999961853028,28.170000076293945,27.693397521972656,272200
COO,2002-11-14,28.270000457763672,28.600000381469727,28.25,28.600000381469727,28.116125106811523,403600
COO,2002-11-15,28.549999237060547,29.424999237060547,28.270000457763672,29.209999084472656,28.715805053710938,851200
COO,2002-11-18,29.25,29.600000381469727,28.89999961853028,28.924999237060547,28.435619354248047,765600
COO,2002-11-19,28.89999961853028,29.174999237060547,28.125,28.350000381469727,27.870359420776367,603000
COO,2002-11-20,28.350000381469727,28.84000015258789,28.350000381469727,28.825000762939453,28.33732414245605,313400
COO,2002-11-21,28.89999961853028,29.59499931335449,28.89999961853028,29.27499961853028,28.77970695495605,573800
COO,2002-11-22,29.225000381469727,29.520000457763672,29.100000381469727,29.450000762939453,28.951744079589844,270400
COO,2002-11-25,29.64999961853028,30.559999465942383,28.299999237060547,29.0,28.50935745239257,523800
COO,2002-11-26,29.0,29.14999961853028,28.299999237060547,28.549999237060547,28.066970825195312,377200
COO,2002-11-27,28.700000762939453,29.0,28.39999961853028,28.959999084472656,28.47003555297852,267200
COO,2002-11-29,29.059999465942383,29.229999542236328,28.100000381469727,28.100000381469727,27.62457847595215,95300
COO,2002-12-02,28.450000762939453,29.020000457763672,28.14999961853028,28.6200008392334,28.135787963867188,378600
COO,2002-12-03,28.700000762939453,29.549999237060547,28.700000762939453,29.100000381469727,28.6076717376709,346200
COO,2002-12-04,29.100000381469727,30.06999969482422,28.950000762939453,29.61000061035156,29.109031677246094,322900
COO,2002-12-05,29.799999237060547,30.170000076293945,29.450000762939453,30.0,29.492446899414062,303400
COO,2002-12-06,30.0,30.25,29.64999961853028,30.100000381469727,29.590749740600582,244900
COO,2002-12-09,30.200000762939453,31.46999931335449,30.100000381469727,30.64999961853028,30.13143920898437,757500
COO,2002-12-10,30.799999237060547,31.200000762939453,29.75,29.940000534057617,29.43345642089844,649400
COO,2002-12-11,30.0,30.239999771118164,29.350000381469727,30.0,29.492446899414062,332400
COO,2002-12-12,29.989999771118164,31.14999961853028,29.799999237060547,30.600000381469727,30.11240005493164,664900
COO,2002-12-13,30.61000061035156,30.61000061035156,23.950000762939453,25.049999237060547,24.65083694458008,4464800
COO,2002-12-16,25.059999465942383,26.520000457763672,25.020000457763672,26.07999992370605,25.664430618286133,1423100
COO,2002-12-17,26.01000022888184,26.75,25.5,25.950000762939453,25.53649139404297,648400
COO,2002-12-18,25.950000762939453,25.950000762939453,25.5,25.549999237060547,25.142871856689453,222500
COO,2002-12-19,25.549999237060547,25.549999237060547,24.84000015258789,24.950000762939453,24.55242729187012,329800
COO,2002-12-20,25.14999961853028,25.14999961853028,24.3799991607666,24.86000061035156,24.463865280151367,680100
COO,2002-12-23,24.89999961853028,25.100000381469727,24.450000762939453,24.8700008392334,24.47371292114257,673600
COO,2002-12-24,24.89999961853028,25.100000381469727,24.76000022888184,25.049999237060547,24.65083694458008,213500
COO,2002-12-26,25.049999237060547,25.11000061035156,24.770000457763672,24.81999969482422,24.42450523376465,154000
COO,2002-12-27,24.75,24.84000015258789,24.07999992370605,24.6200008392334,24.227691650390625,253700
COO,2002-12-30,24.6200008392334,25.1200008392334,24.09000015258789,24.780000686645508,24.385141372680664,433500
COO,2002-12-31,24.82999992370605,25.39999961853028,24.690000534057617,25.020000457763672,24.621315002441406,446800
COO,2003-01-02,25.25,25.68000030517578,24.89999961853028,25.68000030517578,25.27080345153809,297800
COO,2003-01-03,25.6200008392334,26.100000381469727,25.5,26.0,25.585697174072266,375100
COO,2003-01-06,25.89999961853028,26.600000381469727,25.799999237060547,26.5,26.07773780822754,403800
COO,2003-01-07,26.5,27.18000030517578,26.459999084472656,26.850000381469727,26.422155380249023,501300
COO,2003-01-08,26.850000381469727,27.25,26.350000381469727,26.57999992370605,26.156463623046875,638300
COO,2003-01-09,26.6299991607666,26.979999542236328,26.559999465942383,26.979999542236328,26.55008316040039,380100
COO,2003-01-10,26.979999542236328,27.39999961853028,26.100000381469727,26.100000381469727,25.68411064147949,358600
COO,2003-01-13,26.11000061035156,26.600000381469727,25.75,25.84000015258789,25.42824935913086,359300
COO,2003-01-14,25.84000015258789,25.84000015258789,25.25,25.39999961853028,24.995262145996094,483700
COO,2003-01-15,25.39999961853028,25.520000457763672,25.100000381469727,25.38999938964844,24.985414505004883,414500
COO,2003-01-16,25.39999961853028,25.549999237060547,25.01000022888184,25.14999961853028,24.74924087524414,665700
COO,2003-01-17,25.1200008392334,25.530000686645508,25.049999237060547,25.39999961853028,24.995262145996094,482100
COO,2003-01-21,25.5,25.5,25.01000022888184,25.01000022888184,24.611480712890625,371800
COO,2003-01-22,25.01000022888184,25.01000022888184,24.200000762939453,24.209999084472656,23.8242244720459,604400
COO,2003-01-23,24.31999969482422,24.31999969482422,23.75,24.059999465942383,23.67661666870117,715200
COO,2003-01-24,24.100000381469727,24.11000061035156,23.809999465942383,24.01000022888184,23.62740898132324,200800
COO,2003-01-27,24.0,24.36000061035156,23.739999771118164,24.01000022888184,23.62740898132324,256400
COO,2003-01-28,24.100000381469727,24.190000534057617,23.100000381469727,23.729999542236328,23.35187339782715,343900
COO,2003-01-29,23.64999961853028,24.290000915527344,23.350000381469727,24.170000076293945,23.78486442565918,223900
COO,2003-01-30,27.0,27.89999961853028,25.5,25.5,25.09367179870605,1906000
COO,2003-01-31,25.51000022888184,26.09000015258789,24.700000762939453,25.61000061035156,25.2019157409668,742300
COO,2003-02-03,25.799999237060547,26.57999992370605,25.25,26.209999084472656,25.792346954345703,408500
COO,2003-02-04,26.209999084472656,26.31999969482422,25.959999084472656,26.07999992370605,25.664430618286133,293600
COO,2003-02-05,26.07999992370605,26.299999237060547,25.68000030517578,25.950000762939453,25.53649139404297,232300
COO,2003-02-06,25.89999961853028,26.18000030517578,25.63999938964844,25.979999542236328,25.56602096557617,370400
COO,2003-02-07,25.89999961853028,25.920000076293945,25.450000762939453,25.450000762939453,25.044464111328125,278200
COO,2003-02-10,25.450000762939453,25.940000534057617,25.38999938964844,25.780000686645508,25.36920547485352,272700
COO,2003-02-11,25.780000686645508,26.020000457763672,25.3700008392334,25.5,25.09367179870605,231400
COO,2003-02-12,25.5,25.56999969482422,25.1200008392334,25.229999542236328,24.82796669006348,243300
COO,2003-02-13,25.32999992370605,25.959999084472656,25.209999084472656,25.799999237060547,25.38888359069824,335900
COO,2003-02-14,25.700000762939453,25.82999992370605,25.39999961853028,25.729999542236328,25.32000541687012,199200
COO,2003-02-18,25.75,26.059999465942383,25.450000762939453,26.0,25.585697174072266,219700
COO,2003-02-19,25.950000762939453,26.43000030517578,25.71999931335449,25.850000381469727,25.43809127807617,188600
COO,2003-02-20,27.0,27.5,26.64999961853028,27.299999237060547,26.864988327026367,697100
COO,2003-02-21,27.5,28.479999542236328,27.440000534057617,28.350000381469727,27.89825820922852,776400
COO,2003-02-24,28.350000381469727,28.51000022888184,27.61000061035156,27.61000061035156,27.17005157470703,333700
COO,2003-02-25,27.51000022888184,27.979999542236328,26.809999465942383,27.82999992370605,27.38653945922852,393200
COO,2003-02-26,28.030000686645508,28.1299991607666,27.09000015258789,27.280000686645508,26.84530067443848,597500
COO,2003-02-27,28.100000381469727,28.56999969482422,27.709999084472656,28.34000015258789,27.888410568237305,1508700
COO,2003-02-28,28.59000015258789,29.25,28.440000534057617,29.049999237060547,28.58710289001465,678300
COO,2003-03-03,29.25,29.799999237060547,28.71999931335449,28.81999969482422,28.360759735107425,515700
COO,2003-03-04,28.81999969482422,29.170000076293945,28.700000762939453,28.709999084472656,28.252519607543945,353700
COO,2003-03-05,28.709999084472656,29.350000381469727,28.549999237060547,29.350000381469727,28.8823184967041,439200
COO,2003-03-06,29.200000762939453,29.25,28.280000686645508,28.299999237060547,27.84905242919922,767600
COO,2003-03-07,28.200000762939453,29.13999938964844,27.979999542236328,29.13999938964844,28.67566680908203,652100
COO,2003-03-10,29.14999961853028,29.14999961853028,28.170000076293945,28.43000030517578,27.97698211669922,375700
COO,2003-03-11,28.43000030517578,29.26000022888184,28.43000030517578,28.739999771118164,28.28203582763672,365200
COO,2003-03-12,28.540000915527344,28.6200008392334,26.8799991607666,27.440000534057617,27.00274658203125,1240000
COO,2003-03-13,27.450000762939453,28.030000686645508,27.06999969482422,27.8799991607666,27.435747146606445,687300
COO,2003-03-14,28.030000686645508,28.200000762939453,27.63999938964844,27.850000381469727,27.40621566772461,791400
COO,2003-03-17,27.86000061035156,28.600000381469727,27.670000076293945,28.26000022888184,27.809690475463867,791800
COO,2003-03-18,28.270000457763672,29.32999992370605,28.270000457763672,29.01000022888184,28.54774284362793,495300
COO,2003-03-19,29.020000457763672,29.280000686645508,28.600000381469727,29.200000762939453,28.734708786010746,421000
COO,2003-03-20,29.280000686645508,29.3700008392334,28.68000030517578,28.86000061035156,28.40012550354004,357700
COO,2003-03-21,29.5,30.01000022888184,29.030000686645508,29.68000030517578,29.20706367492676,500200
COO,2003-03-24,29.32999992370605,29.46999931335449,28.700000762939453,29.26000022888184,28.793750762939453,300700
COO,2003-03-25,29.100000381469727,29.75,28.950000762939453,29.5,29.029930114746094,489900
COO,2003-03-26,29.51000022888184,30.200000762939453,29.420000076293945,29.799999237060547,29.32514762878418,574700
COO,2003-03-27,29.809999465942383,30.21999931335449,29.239999771118164,30.200000762939453,29.718774795532227,458400
COO,2003-03-28,30.209999084472656,30.239999771118164,29.790000915527344,30.239999771118164,29.75813865661621,265000
COO,2003-03-31,30.0,30.190000534057617,29.14999961853028,29.89999961853028,29.423555374145508,480200
COO,2003-04-01,30.14999961853028,30.36000061035156,29.89999961853028,30.25,29.76797866821289,335700
COO,2003-04-02,30.450000762939453,30.600000381469727,30.1299991607666,30.489999771118164,30.0041618347168,281800
COO,2003-04-03,30.59000015258789,30.709999084472656,30.100000381469727,30.350000381469727,29.86638832092285,306700
COO,2003-04-04,30.600000381469727,30.690000534057617,29.8700008392334,29.989999771118164,29.512121200561523,257500
COO,2003-04-07,30.950000762939453,31.01000022888184,29.700000762939453,29.71999931335449,29.246427536010746,511500
COO,2003-04-08,29.920000076293945,30.25,29.5,29.799999237060547,29.32514762878418,314400
COO,2003-04-09,29.68000030517578,30.5,29.6200008392334,29.8799991607666,29.40387916564941,264800
COO,2003-04-10,29.93000030517578,29.979999542236328,29.5,29.75,29.27594375610352,194000
COO,2003-04-11,29.799999237060547,29.989999771118164,28.799999237060547,28.920000076293945,28.459169387817383,277500
COO,2003-04-14,28.920000076293945,29.1200008392334,28.299999237060547,29.0,28.53789520263672,614500
COO,2003-04-15,29.3799991607666,29.739999771118164,28.75,29.540000915527344,29.06929016113281,326800
COO,2003-04-16,29.68000030517578,29.75,28.26000022888184,28.299999237060547,27.84905242919922,344100
COO,2003-04-17,28.530000686645508,29.01000022888184,28.309999465942383,28.809999465942383,28.350919723510746,285100
COO,2003-04-21,28.200000762939453,28.5,27.13999938964844,27.18000030517578,26.74689483642578,733200
COO,2003-04-22,27.18000030517578,27.18000030517578,26.3799991607666,26.86000061035156,26.431997299194336,1126300
COO,2003-04-23,27.5,28.8700008392334,27.020000457763672,28.64999961853028,28.19346809387207,566200
COO,2003-04-24,28.600000381469727,28.61000061035156,27.6200008392334,27.6200008392334,27.17988967895508,334000
COO,2003-04-25,27.600000381469727,28.229999542236328,27.59000015258789,27.959999084472656,27.51447105407715,236300
COO,2003-04-28,28.15999984741211,28.25,27.950000762939453,28.100000381469727,27.652231216430664,214400
COO,2003-04-29,28.049999237060547,28.39999961853028,27.75,28.200000762939453,27.750640869140625,505300
COO,2003-04-30,28.200000762939453,28.209999084472656,27.799999237060547,27.89999961853028,27.455421447753903,449200
COO,2003-05-01,28.020000457763672,28.26000022888184,27.76000022888184,28.26000022888184,27.809690475463867,489900
COO,2003-05-02,28.26000022888184,28.5,27.75,28.15999984741211,27.71127700805664,561000
COO,2003-05-05,28.299999237060547,28.57999992370605,28.280000686645508,28.280000686645508,27.82937240600586,912200
COO,2003-05-06,28.34000015258789,28.64999961853028,27.81999969482422,28.39999961853028,27.94745635986328,782100
COO,2003-05-07,28.5,29.479999542236328,28.450000762939453,29.15999984741211,28.69535446166992,723500
COO,2003-05-08,29.15999984741211,29.979999542236328,28.96999931335449,29.40999984741211,28.94136047363281,475400
COO,2003-05-09,29.89999961853028,30.46999931335449,29.799999237060547,30.200000762939453,29.718774795532227,397300
COO,2003-05-12,30.200000762939453,30.82999992370605,29.959999084472656,30.75,30.26000595092773,271000
COO,2003-05-13,30.71999931335449,31.950000762939453,30.709999084472656,31.89999961853028,31.39168739318848,747900
COO,2003-05-14,32.0,32.599998474121094,32.0,32.33000183105469,31.81484031677246,896500
COO,2003-05-15,32.45000076293945,33.47999954223633,32.400001525878906,32.88999938964844,32.36591339111328,1029400
COO,2003-05-16,32.900001525878906,33.25,32.75,32.939998626708984,32.41511535644531,843300
COO,2003-05-19,32.900001525878906,33.040000915527344,32.04999923706055,32.04999923706055,31.539295196533203,486100
COO,2003-05-20,32.20000076293945,32.25,31.32999992370605,31.56999969482422,31.066944122314453,596900
COO,2003-05-21,31.56999969482422,31.89999961853028,31.200000762939453,31.5,30.9980583190918,362600
COO,2003-05-22,31.64999961853028,32.7400016784668,31.6200008392334,32.54999923706055,32.03132629394531,492000
COO,2003-05-23,32.369998931884766,32.75,32.220001220703125,32.36000061035156,31.844369888305664,344600
COO,2003-05-27,32.20000076293945,32.84000015258789,32.20000076293945,32.83000183105469,32.30685806274414,322200
COO,2003-05-28,32.95000076293945,33.290000915527344,32.77000045776367,33.2599983215332,32.73000717163086,340700
COO,2003-05-29,33.349998474121094,33.650001525878906,32.959999084472656,33.40999984741211,32.87760925292969,462000
COO,2003-05-30,33.45000076293945,34.52000045776367,33.400001525878906,34.52000045776367,33.969947814941406,566300
COO,2003-06-02,34.720001220703125,35.0,34.2400016784668,34.369998931884766,33.82233810424805,853000
COO,2003-06-03,34.54999923706055,34.869998931884766,34.099998474121094,34.68000030517578,34.12739181518555,583900
COO,2003-06-04,34.68000030517578,36.09999847412109,34.61000061035156,36.06999969482422,35.4952392578125,1339100
COO,2003-06-05,32.79999923706055,35.0,32.25,34.06999969482422,33.5271110534668,2976700
COO,2003-06-06,34.099998474121094,34.599998474121094,33.11000061035156,33.150001525878906,32.62175369262695,1120400
COO,2003-06-09,32.650001525878906,32.84000015258789,31.770000457763672,32.5,31.98213195800781,725800
COO,2003-06-10,33.0,33.290000915527344,32.66999816894531,33.279998779296875,32.74968338012695,462900
COO,2003-06-11,33.25,34.400001525878906,33.029998779296875,34.33000183105469,33.813446044921875,483800
COO,2003-06-12,34.34000015258789,34.47999954223633,33.45000076293945,34.130001068115234,33.61643981933594,339200
COO,2003-06-13,34.18000030517578,34.18000030517578,33.2599983215332,33.540000915527344,33.03533935546875,234500
COO,2003-06-16,33.599998474121094,34.65999984741211,33.599998474121094,34.38999938964844,33.872528076171875,510300
COO,2003-06-17,34.540000915527344,34.65999984741211,34.04999923706055,34.470001220703125,33.95134353637695,242100
COO,2003-06-18,34.470001220703125,34.470001220703125,33.66999816894531,34.439998626708984,33.92178726196289,325100
COO,2003-06-19,34.540000915527344,34.599998474121094,33.369998931884766,33.63999938964844,33.133819580078125,489500
COO,2003-06-20,32.70000076293945,33.099998474121094,32.38999938964844,32.75,32.25722122192383,1415700
COO,2003-06-23,32.75,32.779998779296875,32.119998931884766,32.470001220703125,31.98143768310547,533100
COO,2003-06-24,32.47999954223633,32.529998779296875,31.89999961853028,32.29999923706055,31.813989639282227,445400
COO,2003-06-25,32.310001373291016,33.150001525878906,32.29999923706055,33.150001525878906,32.65119552612305,721000
COO,2003-06-26,33.349998474121094,34.56999969482422,33.150001525878906,34.560001373291016,34.03999328613281,657100
COO,2003-06-27,34.56999969482422,35.25,34.36000061035156,34.560001373291016,34.03999328613281,380400
COO,2003-06-30,35.040000915527344,35.279998779296875,34.52000045776367,34.77000045776367,34.2468147277832,486500
COO,2003-07-01,34.849998474121094,35.20000076293945,34.18000030517578,35.09000015258789,34.562015533447266,336200
COO,2003-07-02,35.34000015258789,35.5,34.970001220703125,35.5,34.96582794189453,402700
COO,2003-07-03,35.29999923706055,35.70000076293945,35.22999954223633,35.45000076293945,34.91659164428711,160600
COO,2003-07-07,35.70000076293945,35.91999816894531,35.45000076293945,35.689998626708984,35.15299224853516,244300
COO,2003-07-08,35.599998474121094,35.75,35.18000030517578,35.63999938964844,35.10373306274414,516600
COO,2003-07-09,35.59000015258789,35.97999954223633,35.15999984741211,35.779998779296875,35.241634368896484,352900
COO,2003-07-10,35.790000915527344,35.790000915527344,35.18000030517578,35.45000076293945,34.91659164428711,244600
COO,2003-07-11,35.54999923706055,35.939998626708984,35.54999923706055,35.7400016784668,35.20222091674805,117900
COO,2003-07-14,35.939998626708984,36.220001220703125,35.599998474121094,36.02999877929688,35.48786544799805,283900
COO,2003-07-15,36.25,36.29999923706055,35.630001068115234,35.790000915527344,35.25146484375,266600
COO,2003-07-16,35.91999816894531,36.09999847412109,35.34000015258789,35.439998626708984,34.90673828125,310500
COO,2003-07-17,35.290000915527344,35.47999954223633,34.7599983215332,34.90999984741211,34.384727478027344,378600
COO,2003-07-18,34.959999084472656,35.189998626708984,34.869998931884766,35.02000045776367,34.493072509765625,139200
COO,2003-07-21,35.040000915527344,35.040000915527344,34.52000045776367,34.66999816894531,34.14833068847656,309400
COO,2003-07-22,35.04999923706055,35.72999954223633,35.0,35.65999984741211,35.12344741821289,241300
COO,2003-07-23,35.630001068115234,35.630001068115234,34.900001525878906,35.0,34.47337341308594,435000
COO,2003-07-24,35.119998931884766,35.189998626708984,34.5,34.619998931884766,34.09907913208008,251400
COO,2003-07-25,34.810001373291016,35.09000015258789,34.400001525878906,35.0099983215332,34.48323059082031,227900
COO,2003-07-28,35.099998474121094,35.25,34.72999954223633,34.81999969482422,34.29607009887695,244200
COO,2003-07-29,35.04999923706055,35.75,34.70000076293945,35.58000183105469,35.044639587402344,163100
COO,2003-07-30,35.5,35.5099983215332,34.650001525878906,34.970001220703125,34.443824768066406,303000
COO,2003-07-31,35.0,35.09000015258789,34.7400016784668,35.04999923706055,34.52261734008789,334800
COO,2003-08-01,35.150001525878906,35.22999954223633,35.0,35.099998474121094,34.571861267089844,208200
COO,2003-08-04,35.04999923706055,35.04999923706055,33.400001525878906,33.970001220703125,33.45886993408203,586000
COO,2003-08-05,33.970001220703125,33.970001220703125,33.150001525878906,33.279998779296875,32.77923583984375,366100
COO,2003-08-06,33.22999954223633,33.59000015258789,32.900001525878906,33.279998779296875,32.77923583984375,187300
COO,2003-08-07,33.43000030517578,33.43000030517578,32.5099983215332,32.88999938964844,32.395118713378906,307500
COO,2003-08-08,32.970001220703125,34.04999923706055,32.029998779296875,33.959999084472656,33.449012756347656,815800
COO,2003-08-11,34.060001373291016,34.79999923706055,34.02000045776367,34.619998931884766,34.09907913208008,541200
COO,2003-08-12,34.599998474121094,35.33000183105469,34.599998474121094,35.060001373291016,34.532466888427734,463000
COO,2003-08-13,35.310001373291016,35.349998474121094,35.0,35.099998474121094,34.571861267089844,250000
COO,2003-08-14,35.029998779296875,35.25,34.91999816894531,35.130001068115234,34.60140609741211,242500
COO,2003-08-15,35.20000076293945,35.20000076293945,34.970001220703125,34.97999954223633,34.453670501708984,138300
COO,2003-08-18,35.04999923706055,35.459999084472656,34.79999923706055,35.459999084472656,34.92642974853516,218600
COO,2003-08-19,35.61000061035156,36.7400016784668,35.61000061035156,36.7400016784668,36.18719100952149,445300
COO,2003-08-20,36.619998931884766,36.88999938964844,36.43999862670898,36.43999862670898,35.891685485839844,305200
COO,2003-08-21,36.63999938964844,37.0,36.61000061035156,36.970001220703125,36.41372680664063,230900
COO,2003-08-22,37.0,37.060001373291016,35.97999954223633,36.16999816894531,35.625762939453125,248800
COO,2003-08-25,36.18999862670898,36.34999847412109,35.65999984741211,36.0,35.45832061767578,158100
COO,2003-08-26,36.0,36.630001068115234,35.619998931884766,36.630001068115234,36.078834533691406,173200
COO,2003-08-27,36.630001068115234,36.630001068115234,36.27000045776367,36.40999984741211,35.862144470214844,89100
COO,2003-08-28,36.459999084472656,36.70000076293945,36.310001373291016,36.40999984741211,35.862144470214844,250300
COO,2003-08-29,36.54999923706055,37.119998931884766,36.54999923706055,37.09000015258789,36.53191757202149,212000
COO,2003-09-02,37.400001525878906,39.5,37.38999938964844,39.5,38.90565490722656,814300
COO,2003-09-03,39.5,39.5,38.09000015258789,38.18999862670898,37.61536407470703,824900
COO,2003-09-04,41.0,44.52000045776367,41.0,44.380001068115234,43.71223831176758,3651500
COO,2003-09-05,43.59999847412109,43.97999954223633,42.61000061035156,43.83000183105469,43.17051315307617,1096800
COO,2003-09-08,43.70000076293945,44.75,43.43999862670898,44.09999847412109,43.43643569946289,305700
COO,2003-09-09,44.16999816894531,44.63999938964844,43.97999954223633,44.11000061035156,43.4462890625,570200
COO,2003-09-10,43.86000061035156,43.86000061035156,42.95000076293945,43.040000915527344,42.39239883422852,440500
COO,2003-09-11,43.2400016784668,43.290000915527344,42.52000045776367,43.20000076293945,42.549991607666016,502400
COO,2003-09-12,43.09999847412109,43.27000045776367,42.75,42.93999862670898,42.29389572143555,224300
COO,2003-09-15,43.13999938964844,43.380001068115234,42.52999877929688,42.880001068115234,42.23480224609375,250200
COO,2003-09-16,42.25,42.630001068115234,41.75,42.18999862670898,41.555171966552734,1074200
COO,2003-09-17,42.29999923706055,42.70000076293945,42.09999847412109,42.290000915527344,41.65367889404297,387800
COO,2003-09-18,42.20000076293945,42.5,42.0,42.34999847412109,41.71276473999024,254100
COO,2003-09-19,42.310001373291016,42.97999954223633,42.310001373291016,42.93999862670898,42.29389572143555,240900
COO,2003-09-22,42.93999862670898,42.93999862670898,42.150001525878906,42.27999877929688,41.64381790161133,287200
COO,2003-09-23,42.2599983215332,42.52999877929688,41.93000030517578,42.4900016784668,41.850677490234375,230800
COO,2003-09-24,42.59999847412109,42.68000030517578,41.52999877929688,41.59999847412109,40.97406005859375,177500
COO,2003-09-25,41.34999847412109,41.400001525878906,40.77000045776367,40.81999969482422,40.20579147338867,299800
COO,2003-09-26,41.0,41.09999847412109,40.18999862670898,40.18999862670898,39.58528137207031,307700
COO,2003-09-29,40.20000076293945,40.29999923706055,39.400001525878906,39.75,39.15189743041992,446400
COO,2003-09-30,39.75,41.040000915527344,39.58000183105469,40.75,40.13684844970703,358100
COO,2003-10-01,40.900001525878906,40.900001525878906,40.5,40.650001525878906,40.038360595703125,260900
COO,2003-10-02,40.79999923706055,41.130001068115234,40.31999969482422,40.95000076293945,40.33383941650391,316600
COO,2003-10-03,41.09999847412109,41.2599983215332,40.65999984741211,40.869998931884766,40.25503540039063,231400
COO,2003-10-06,40.720001220703125,40.790000915527344,39.95000076293945,40.13999938964844,39.53602981567383,323800
COO,2003-10-07,40.20000076293945,40.619998931884766,39.79999923706055,40.54999923706055,39.93986129760742,288700
COO,2003-10-08,40.45000076293945,40.45000076293945,39.5099983215332,39.68000030517578,39.08293914794922,266200
COO,2003-10-09,39.79999923706055,40.900001525878906,39.7599983215332,40.84999847412109,40.23533630371094,381600
COO,2003-10-10,40.79999923706055,41.77000045776367,40.79999923706055,41.400001525878906,40.77706909179688,403900
COO,2003-10-13,41.650001525878906,42.0,41.5,41.7400016784668,41.1119499206543,229800
COO,2003-10-14,41.77999877929688,42.060001373291016,41.560001373291016,42.060001373291016,41.42713165283203,291900
COO,2003-10-15,42.20000076293945,42.790000915527344,42.09999847412109,42.52000045776367,41.88022232055664,332200
COO,2003-10-16,42.619998931884766,43.380001068115234,42.560001373291016,42.900001525878906,42.2545051574707,522400
COO,2003-10-17,42.9900016784668,42.9900016784668,41.68999862670898,42.04999923706055,41.41728973388672,326800
COO,2003-10-20,42.150001525878906,42.45000076293945,41.900001525878906,42.119998931884766,41.48622894287109,149900
COO,2003-10-21,42.16999816894531,42.380001068115234,41.47999954223633,41.4900016784668,40.8657112121582,392900
COO,2003-10-22,41.38999938964844,41.400001525878906,40.52999877929688,40.59000015258789,39.97926330566406,266400
COO,2003-10-23,40.5,41.290000915527344,40.5,40.93000030517578,40.31413650512695,187100
COO,2003-10-24,40.79999923706055,40.869998931884766,40.380001068115234,40.7599983215332,40.14669036865234,211600
COO,2003-10-27,40.900001525878906,41.650001525878906,40.900001525878906,41.43999862670898,40.81645584106445,228100
COO,2003-10-28,41.59999847412109,42.7400016784668,41.59999847412109,42.7400016784668,42.096900939941406,199300
COO,2003-10-29,42.7400016784668,43.68000030517578,42.65999984741211,43.560001373291016,42.90455627441406,342000
COO,2003-10-30,43.709999084472656,43.72999954223633,43.150001525878906,43.400001525878906,42.74697494506836,221600
COO,2003-10-31,43.5,43.95000076293945,43.2599983215332,43.45000076293945,42.79622650146485,150400
COO,2003-11-03,43.650001525878906,44.34999847412109,43.59999847412109,44.06999969482422,43.40689468383789,378300
COO,2003-11-04,43.9900016784668,43.9900016784668,43.0,43.619998931884766,42.96365737915039,217800
COO,2003-11-05,43.619998931884766,43.79999923706055,43.380001068115234,43.75,43.09171295166016,101000
COO,2003-11-06,43.75,44.0,43.54999923706055,43.95000076293945,43.288692474365234,141700
COO,2003-11-07,43.9900016784668,44.040000915527344,43.290000915527344,43.54999923706055,42.89472579956055,156100
COO,2003-11-10,43.29999923706055,43.29999923706055,42.130001068115234,42.16999816894531,41.53548431396485,234400
COO,2003-11-11,42.04999923706055,42.09000015258789,41.5,41.650001525878906,41.0233039855957,179600
COO,2003-11-12,41.70000076293945,42.65999984741211,41.70000076293945,42.56999969482422,41.92945861816406,123400
COO,2003-11-13,42.56999969482422,43.25,42.52000045776367,43.20000076293945,42.549991607666016,260500
COO,2003-11-14,43.150001525878906,43.369998931884766,42.72999954223633,42.84999847412109,42.20525360107422,288200
COO,2003-11-17,42.79999923706055,43.130001068115234,42.22999954223633,43.09999847412109,42.45149612426758,169500
COO,2003-11-18,43.150001525878906,43.619998931884766,43.11000061035156,43.34000015258789,42.68788146972656,164300
COO,2003-11-19,43.29999923706055,43.58000183105469,43.150001525878906,43.25,42.59923553466797,230900
COO,2003-11-20,43.18000030517578,43.4900016784668,42.68000030517578,43.0,42.35299682617188,188600
COO,2003-11-21,43.22999954223633,43.65999984741211,43.150001525878906,43.20000076293945,42.549991607666016,98100
COO,2003-11-24,43.54999923706055,44.22999954223633,43.5,43.9900016784668,43.32809066772461,195900
COO,2003-11-25,44.040000915527344,44.81999969482422,43.95000076293945,44.650001525878906,43.97817611694336,152200
COO,2003-11-26,44.75,44.970001220703125,43.869998931884766,44.880001068115234,44.20470428466797,143100
COO,2003-11-28,45.0,45.68999862670898,44.97999954223633,45.650001525878906,44.9631233215332,82500
COO,2003-12-01,45.95000076293945,46.45000076293945,45.84000015258789,46.20000076293945,45.50484848022461,339000
COO,2003-12-02,46.209999084472656,46.54999923706055,46.0,46.36000061035156,45.66242980957031,160300
COO,2003-12-03,46.36000061035156,46.619998931884766,45.93000030517578,46.20000076293945,45.50484848022461,177400
COO,2003-12-04,46.04999923706055,46.2400016784668,45.84999847412109,46.13999938964844,45.44573974609375,316600
COO,2003-12-05,46.13999938964844,46.33000183105469,45.90999984741211,45.95000076293945,45.25859832763672,164100
COO,2003-12-08,45.93999862670898,46.22999954223633,45.75,46.20000076293945,45.50484848022461,501800
COO,2003-12-09,46.150001525878906,46.22999954223633,45.130001068115234,45.150001525878906,44.47063827514648,130200
COO,2003-12-10,45.150001525878906,45.40999984741211,44.130001068115234,44.38999938964844,43.722076416015625,292700
COO,2003-12-11,44.2599983215332,44.97999954223633,44.2400016784668,44.93000030517578,44.25394821166992,204700
COO,2003-12-12,45.5,46.5,44.34000015258789,45.75,45.061622619628906,441100
COO,2003-12-15,45.900001525878906,45.900001525878906,44.79999923706055,44.810001373291016,44.16471862792969,186900
COO,2003-12-16,44.900001525878906,45.63999938964844,44.72999954223633,45.47999954223633,44.8250617980957,282800
COO,2003-12-17,45.650001525878906,46.4900016784668,45.650001525878906,46.43999862670898,45.77123641967773,280600
COO,2003-12-18,46.5,47.060001373291016,46.310001373291016,47.04999923706055,46.37245941162109,142200
COO,2003-12-19,47.04999923706055,47.310001373291016,46.59999847412109,47.20000076293945,46.52029800415039,183200
COO,2003-12-22,47.20000076293945,47.20000076293945,46.77999877929688,47.16999816894531,46.49073028564453,153100
COO,2003-12-23,46.84999847412109,46.93000030517578,46.34000015258789,46.810001373291016,46.13591384887695,227400
COO,2003-12-24,46.79999923706055,47.04999923706055,46.59999847412109,46.72999954223633,46.05706405639648,69900
COO,2003-12-26,46.83000183105469,47.130001068115234,46.45000076293945,47.130001068115234,46.4513053894043,73000
COO,2003-12-29,47.130001068115234,48.150001525878906,47.11000061035156,48.150001525878906,47.45660400390625,144400
COO,2003-12-30,48.150001525878906,48.150001525878906,47.52000045776367,48.0,47.30878448486328,129900
COO,2003-12-31,48.0,48.04999923706055,47.130001068115234,47.130001068115234,46.4513053894043,136300
COO,2004-01-02,47.25,47.68000030517578,46.84000015258789,47.22999954223633,46.54987335205078,111600
COO,2004-01-05,46.5,47.11000061035156,45.75,46.400001525878906,45.73181915283203,382800
COO,2004-01-06,45.95000076293945,47.15999984741211,45.93000030517578,46.900001525878906,46.2246208190918,191200
COO,2004-01-07,46.95000076293945,46.95000076293945,45.900001525878906,46.54999923706055,45.87965393066406,315200
COO,2004-01-08,46.70000076293945,47.2599983215332,46.54999923706055,47.25,46.56957626342773,177500
COO,2004-01-09,47.25,47.540000915527344,46.63999938964844,46.650001525878906,45.97822570800781,128500
COO,2004-01-12,46.84999847412109,47.380001068115234,46.54999923706055,47.119998931884766,46.44145584106445,111800
COO,2004-01-13,47.29999923706055,48.040000915527344,47.29999923706055,48.040000915527344,47.34819793701172,166800
COO,2004-01-14,48.040000915527344,48.47999954223633,47.9900016784668,48.25,47.55517959594727,190800
COO,2004-01-15,48.310001373291016,48.720001220703125,47.9900016784668,48.400001525878906,47.70303726196289,169100
COO,2004-01-16,48.70000076293945,49.0,48.400001525878906,48.650001525878906,47.94942855834961,116600
COO,2004-01-20,48.650001525878906,48.81999969482422,47.90999984741211,48.02999877929688,47.338356018066406,287600
COO,2004-01-21,48.02999877929688,48.380001068115234,48.0,48.16999816894531,47.47631072998047,298100
COO,2004-01-22,48.25,48.720001220703125,48.040000915527344,48.25,47.55517959594727,98500
COO,2004-01-23,48.25,48.91999816894531,47.93999862670898,48.84000015258789,48.136680603027344,189500
COO,2004-01-26,48.84000015258789,49.150001525878906,48.0,49.060001373291016,48.353511810302734,124000
COO,2004-01-27,49.150001525878906,49.34999847412109,48.0,48.0,47.30878448486328,189000
COO,2004-01-28,48.20000076293945,48.310001373291016,47.04999923706055,47.09999847412109,46.42173004150391,137200
COO,2004-01-29,47.09999847412109,48.02999877929688,46.900001525878906,48.0099983215332,47.31863784790039,129000
COO,2004-01-30,48.150001525878906,48.63999938964844,47.77000045776367,48.400001525878906,47.70303726196289,131100
COO,2004-02-02,48.59999847412109,49.31999969482422,48.33000183105469,48.59999847412109,47.900146484375,123100
COO,2004-02-03,48.75,48.790000915527344,48.0099983215332,48.08000183105469,47.38763427734375,94100
COO,2004-02-04,48.25,48.25,47.02000045776367,47.02999877929688,46.35274887084961,312500
COO,2004-02-05,47.060001373291016,47.29999923706055,46.81999969482422,46.84999847412109,46.17532730102539,199800
COO,2004-02-06,46.84999847412109,48.900001525878906,46.75,48.869998931884766,48.16625213623047,175100
COO,2004-02-09,48.79999923706055,48.959999084472656,47.650001525878906,47.650001525878906,46.96382522583008,182400
COO,2004-02-10,47.84999847412109,48.9900016784668,47.79999923706055,48.9900016784668,48.28451919555664,239500
COO,2004-02-11,48.54999923706055,49.310001373291016,48.52999877929688,48.7400016784668,48.03812789916992,192400
COO,2004-02-12,48.70000076293945,48.900001525878906,48.20000076293945,48.310001373291016,47.61430740356445,239200
COO,2004-02-13,48.5,48.59999847412109,47.650001525878906,47.68999862670898,47.00323486328125,158600
COO,2004-02-17,48.0,49.040000915527344,47.810001373291016,48.52999877929688,47.831153869628906,227400
COO,2004-02-18,48.43000030517578,48.68000030517578,48.02999877929688,48.31999969482422,47.62416076660156,205000
COO,2004-02-19,48.33000183105469,48.40999984741211,47.34999847412109,47.34999847412109,46.66814041137695,139900
COO,2004-02-20,47.36000061035156,47.650001525878906,46.65999984741211,47.380001068115234,46.697715759277344,128600
COO,2004-02-23,47.20000076293945,47.20000076293945,46.22999954223633,46.5,45.83037567138672,171300
COO,2004-02-24,46.34999847412109,46.970001220703125,46.310001373291016,46.900001525878906,46.2246208190918,227000
COO,2004-02-25,46.84999847412109,47.59999847412109,46.709999084472656,47.52999877929688,46.84553146362305,325500
COO,2004-02-26,47.540000915527344,47.540000915527344,47.09000015258789,47.43999862670898,46.75683975219727,191400
COO,2004-02-27,47.43999862670898,47.47999954223633,46.9900016784668,47.310001373291016,46.62871551513672,197700
COO,2004-03-01,47.310001373291016,47.310001373291016,46.650001525878906,47.22999954223633,46.54987335205078,274700
COO,2004-03-02,47.22999954223633,49.22999954223633,47.22999954223633,48.75,48.0479736328125,423900
COO,2004-03-03,51.5,54.470001220703125,51.5,53.47999954223633,52.70986557006836,1907100
COO,2004-03-04,53.4900016784668,54.77000045776367,53.220001220703125,54.41999816894531,53.63633346557617,733100
COO,2004-03-05,54.0,54.72999954223633,53.54999923706055,54.310001373291016,53.52791213989258,663700
COO,2004-03-08,54.29999923706055,55.59999847412109,54.27000045776367,55.18999862670898,54.39523696899414,371800
COO,2004-03-09,55.04999923706055,55.61000061035156,53.91999816894531,54.27000045776367,53.48849105834961,421500
COO,2004-03-10,54.20000076293945,54.70000076293945,53.619998931884766,53.68000030517578,52.90697860717773,477400
COO,2004-03-11,53.58000183105469,53.95000076293945,52.7400016784668,52.7400016784668,51.98051834106445,276400
COO,2004-03-12,52.540000915527344,53.2400016784668,52.150001525878906,53.2400016784668,52.47331619262695,548800
COO,2004-03-15,53.18999862670898,53.27999877929688,52.02000045776367,52.2400016784668,51.48772048950195,172400
COO,2004-03-16,52.2400016784668,52.70000076293945,51.95000076293945,52.54999923706055,51.79326248168945,206100
COO,2004-03-17,52.75,53.470001220703125,52.75,53.33000183105469,52.5620346069336,160900
COO,2004-03-18,53.29999923706055,53.29999923706055,51.95000076293945,52.16999816894531,51.41872024536133,255300
COO,2004-03-19,52.16999816894531,52.16999816894531,51.04999923706055,51.54999923706055,50.807655334472656,232000
COO,2004-03-22,51.56999969482422,51.72999954223633,49.619998931884766,50.25,49.52637100219727,306300
COO,2004-03-23,50.34999847412109,51.18999862670898,50.02000045776367,50.97999954223633,50.2458610534668,272200
COO,2004-03-24,50.79999923706055,50.900001525878906,49.93999862670898,50.290000915527344,49.5658073425293,241300
COO,2004-03-25,50.400001525878906,51.79999923706055,50.400001525878906,51.619998931884766,50.87663650512695,244800
COO,2004-03-26,51.619998931884766,52.09999847412109,51.56999969482422,51.900001525878906,51.152610778808594,193100
COO,2004-03-29,52.0,52.88999938964844,52.0,52.59999847412109,51.842529296875,247900
COO,2004-03-30,52.59999847412109,53.68999862670898,52.220001220703125,53.47999954223633,52.70986557006836,265700
COO,2004-03-31,53.650001525878906,54.15999984741211,53.52000045776367,54.0,53.22237777709961,240500
COO,2004-04-01,53.970001220703125,54.20000076293945,53.02999877929688,53.47999954223633,52.70986557006836,276300
COO,2004-04-02,53.84999847412109,54.130001068115234,53.2400016784668,53.970001220703125,53.192813873291016,227600
COO,2004-04-05,54.06999969482422,54.59999847412109,53.68999862670898,54.400001525878906,53.61661911010742,143200
COO,2004-04-06,55.38999938964844,55.38999938964844,53.52000045776367,53.59999847412109,52.82813262939453,127000
COO,2004-04-07,53.75,54.470001220703125,53.119998931884766,54.18999862670898,53.40963363647461,121000
COO,2004-04-08,54.54999923706055,54.59000015258789,53.18000030517578,53.27000045776367,52.50288009643555,104000
COO,2004-04-12,53.369998931884766,54.630001068115234,53.2400016784668,54.31999969482422,53.53776550292969,213600
COO,2004-04-13,54.52000045776367,54.58000183105469,52.52000045776367,52.72999954223633,51.97065734863281,160500
COO,2004-04-14,52.59999847412109,53.61000061035156,52.400001525878906,53.0,52.23677444458008,106400
COO,2004-04-15,53.09999847412109,53.15999984741211,52.220001220703125,52.59999847412109,51.842529296875,144900
COO,2004-04-16,52.59999847412109,53.34999847412109,52.34999847412109,53.0,52.23677444458008,137700
COO,2004-04-19,53.0099983215332,53.20000076293945,52.400001525878906,53.04999923706055,52.28605651855469,135600
COO,2004-04-20,53.04999923706055,53.79999923706055,52.900001525878906,53.0,52.23677444458008,260200
COO,2004-04-21,53.119998931884766,54.0099983215332,53.08000183105469,53.84999847412109,53.07453536987305,119400
COO,2004-04-22,53.95000076293945,54.900001525878906,53.77000045776367,54.900001525878906,54.10941696166992,161400
COO,2004-04-23,54.97999954223633,54.97999954223633,53.459999084472656,54.04999923706055,53.27165603637695,158400
COO,2004-04-26,54.04999923706055,54.4900016784668,53.66999816894531,53.90999984741211,53.133670806884766,144600
COO,2004-04-27,53.90999984741211,54.45000076293945,53.70000076293945,54.45000076293945,53.66591262817383,179900
COO,2004-04-28,54.25,54.25,52.84000015258789,53.5099983215332,52.73942565917969,265200
COO,2004-04-29,53.5099983215332,54.22999954223633,53.4900016784668,53.95000076293945,53.17311096191406,284200
COO,2004-04-30,54.20000076293945,54.459999084472656,53.70000076293945,54.0,53.22237777709961,239900
COO,2004-05-03,54.0,54.77999877929688,53.720001220703125,54.18000030517578,53.39978790283203,290800
COO,2004-05-04,54.18000030517578,55.84999847412109,54.0,55.63999938964844,54.83876419067383,392000
COO,2004-05-05,55.790000915527344,57.4900016784668,55.790000915527344,56.91999816894531,56.10033416748047,466400
COO,2004-05-06,57.0,57.0,55.25,56.11000061035156,55.30198287963867,386700
COO,2004-05-07,56.20000076293945,56.41999816894531,54.95000076293945,54.95000076293945,54.158687591552734,277700
COO,2004-05-10,54.5,54.5,52.58000183105469,54.0,53.22237777709961,330600
COO,2004-05-11,54.16999816894531,54.65999984741211,54.04999923706055,54.31999969482422,53.53776550292969,311000
COO,2004-05-12,54.31999969482422,54.59999847412109,52.900001525878906,54.56999969482422,53.7841682434082,266200
COO,2004-05-13,54.369998931884766,55.70000076293945,54.34999847412109,55.5099983215332,54.71062850952149,281000
COO,2004-05-14,55.5099983215332,55.83000183105469,54.52999877929688,55.06999969482422,54.27696990966797,222900
COO,2004-05-17,54.81999969482422,54.91999816894531,53.66999816894531,54.66999816894531,53.88272857666016,283700
COO,2004-05-18,54.470001220703125,54.84000015258789,54.29999923706055,54.58000183105469,53.79402160644531,195700
COO,2004-05-19,54.59999847412109,55.310001373291016,53.400001525878906,53.70000076293945,52.92669677734375,327000
COO,2004-05-20,53.650001525878906,54.18999862670898,53.27000045776367,53.59000015258789,52.81828308105469,178300
COO,2004-05-21,53.84000015258789,54.91999816894531,53.59999847412109,54.04999923706055,53.27165603637695,254700
COO,2004-05-24,54.29999923706055,54.84000015258789,53.47999954223633,53.83000183105469,53.0548210144043,118900
COO,2004-05-25,54.0,55.0,53.15999984741211,54.70000076293945,53.91230010986328,287300
COO,2004-05-26,54.709999084472656,55.13999938964844,54.06999969482422,54.869998931884766,54.07984924316406,212300
COO,2004-05-27,54.900001525878906,55.68999862670898,54.72999954223633,55.0,54.20797729492188,288700
COO,2004-05-28,55.09999847412109,55.34999847412109,54.66999816894531,55.20000076293945,54.405086517333984,225100
COO,2004-06-01,55.34999847412109,56.66999816894531,55.29999923706055,56.5,55.68638229370117,316600
COO,2004-06-02,57.75,58.20000076293945,55.68000030517578,56.20000076293945,55.39068984985352,457700
COO,2004-06-03,56.08000183105469,56.5,55.45000076293945,55.45000076293945,54.651485443115234,206700
COO,2004-06-04,57.0,57.95000076293945,54.880001068115234,55.27999877929688,54.48393630981445,609700
COO,2004-06-07,55.68000030517578,57.47999954223633,55.40999984741211,57.380001068115234,56.553707122802734,489900
COO,2004-06-08,57.20000076293945,57.20000076293945,56.58000183105469,57.0099983215332,56.18904113769531,338700
COO,2004-06-09,57.0099983215332,57.400001525878906,56.459999084472656,56.75,55.93278121948242,411900
COO,2004-06-10,56.970001220703125,57.79999923706055,56.43000030517578,56.58000183105469,55.79471206665039,263700
COO,2004-06-14,56.5,56.58000183105469,55.18000030517578,55.20000076293945,54.43388366699219,348700
COO,2004-06-15,55.45000076293945,56.2400016784668,55.290000915527344,55.70000076293945,54.92692184448242,237200
COO,2004-06-16,55.79999923706055,56.09999847412109,55.220001220703125,56.0,55.222755432128906,246000
COO,2004-06-17,55.900001525878906,57.04999923706055,55.900001525878906,56.88999938964844,56.10042572021485,422100
COO,2004-06-18,56.88999938964844,57.34000015258789,56.72999954223633,57.060001373291016,56.26805877685547,400800
COO,2004-06-21,57.400001525878906,57.5099983215332,56.900001525878906,57.0,56.20890045166016,219700
COO,2004-06-22,57.25,57.25,55.75,56.060001373291016,55.28194427490234,341200
COO,2004-06-23,56.150001525878906,56.86000061035156,54.900001525878906,56.540000915527344,55.75527191162109,294700
COO,2004-06-24,56.54999923706055,57.630001068115234,56.52000045776367,57.18000030517578,56.38638305664063,260700
COO,2004-06-25,57.08000183105469,58.5,56.95000076293945,58.5,57.68806838989258,1244400
COO,2004-06-28,59.75,61.220001220703125,59.119998931884766,61.06999969482422,60.2224006652832,853200
COO,2004-06-29,61.0,63.0099983215332,61.0,62.5,61.63255310058594,908400
COO,2004-06-30,62.59999847412109,63.34000015258789,62.56999969482422,63.16999816894531,62.293251037597656,523200
COO,2004-07-01,63.59999847412109,63.650001525878906,60.79999923706055,60.91999816894531,60.07447814941406,592400
COO,2004-07-02,61.16999816894531,61.33000183105469,60.7400016784668,60.970001220703125,60.12379455566406,489200
COO,2004-07-06,61.0,61.45000076293945,60.119998931884766,60.650001525878906,59.8082275390625,291400
COO,2004-07-07,60.650001525878906,61.16999816894531,60.5,60.90999984741211,60.06463623046875,218300
COO,2004-07-08,60.75,61.09000015258789,59.70000076293945,59.79999923706055,58.97003555297852,166800
COO,2004-07-09,59.900001525878906,60.0,58.900001525878906,59.130001068115234,58.309326171875,354600
COO,2004-07-12,58.95000076293945,59.09999847412109,57.04999923706055,57.43999862670898,56.64278411865234,738000
COO,2004-07-13,57.220001220703125,58.29999923706055,57.20000076293945,57.5,56.70195388793945,164800
COO,2004-07-14,57.75,57.75,57.16999816894531,57.2599983215332,56.465274810791016,436100
COO,2004-07-15,57.2599983215332,57.869998931884766,57.2599983215332,57.27999877929688,56.4849967956543,226400
COO,2004-07-16,58.0,58.0,56.70000076293945,56.77000045776367,55.98208618164063,238100
COO,2004-07-19,56.869998931884766,57.34999847412109,56.709999084472656,57.11000061035156,56.317359924316406,290800
COO,2004-07-20,57.20000076293945,57.650001525878906,56.5,57.31999969482422,56.5244369506836,319600
COO,2004-07-21,57.95000076293945,58.619998931884766,56.97999954223633,57.0,56.20890045166016,226100
COO,2004-07-22,56.81999969482422,56.95000076293945,54.0,56.650001525878906,55.863746643066406,1544100
COO,2004-07-23,56.650001525878906,56.900001525878906,55.209999084472656,55.81999969482422,55.0452766418457,234500
COO,2004-07-26,55.81999969482422,56.369998931884766,54.77000045776367,55.06999969482422,54.30565643310547,211800
COO,2004-07-27,54.880001068115234,56.93000030517578,54.880001068115234,56.900001525878906,56.11028289794922,371900
COO,2004-07-28,57.0,57.0,55.58000183105469,56.52999877929688,55.74540710449219,261800
COO,2004-07-29,56.41999816894531,57.31999969482422,53.18999862670898,57.29999923706055,56.504730224609375,3116500
COO,2004-07-30,57.29999923706055,59.5,57.27999877929688,59.45000076293945,58.6248893737793,963700
COO,2004-08-02,59.45000076293945,61.209999084472656,58.20000076293945,61.18999862670898,60.34073257446289,826200
COO,2004-08-03,61.77000045776367,61.77999877929688,60.88999938964844,61.119998931884766,60.27169799804688,865300
COO,2004-08-04,60.95000076293945,60.959999084472656,60.18000030517578,60.81999969482422,59.975868225097656,609100
COO,2004-08-05,60.81999969482422,60.81999969482422,59.45000076293945,59.650001525878906,58.82210159301758,646300
COO,2004-08-06,59.400001525878906,59.400001525878906,56.560001373291016,58.119998931884766,57.31334686279297,470500
COO,2004-08-09,58.29999923706055,58.7599983215332,58.0099983215332,58.52000045776367,57.707801818847656,244400
COO,2004-08-10,58.52000045776367,59.90999984741211,58.18000030517578,59.90999984741211,59.078495025634766,496500
COO,2004-08-11,59.5,60.5,58.310001373291016,60.18999862670898,59.354610443115234,348400
COO,2004-08-12,60.0,60.0099983215332,58.400001525878906,58.560001373291016,57.74724578857422,286300
COO,2004-08-13,58.560001373291016,58.83000183105469,57.75,58.04999923706055,57.24431228637695,236800
COO,2004-08-16,57.900001525878906,58.59000015258789,57.84999847412109,58.2400016784668,57.43167495727539,366600
COO,2004-08-17,58.2400016784668,58.59000015258789,57.540000915527344,58.18000030517578,57.37250518798828,481600
COO,2004-08-18,57.95000076293945,58.9900016784668,57.84000015258789,58.9900016784668,58.1712760925293,331800
COO,2004-08-19,59.09999847412109,59.220001220703125,58.34999847412109,58.900001525878906,58.0825309753418,357100
COO,2004-08-20,58.900001525878906,58.900001525878906,58.02999877929688,58.040000915527344,57.23445892333984,240700
COO,2004-08-23,58.20000076293945,58.79999923706055,58.11000061035156,58.29999923706055,57.49083709716797,256700
COO,2004-08-24,58.34999847412109,58.95000076293945,57.70000076293945,57.75,56.94848251342773,282100
COO,2004-08-25,58.0,58.2400016784668,57.25,58.20000076293945,57.39223098754883,348700
COO,2004-08-26,58.5,58.83000183105469,57.9900016784668,58.2599983215332,57.4514045715332,288900
COO,2004-08-27,58.2599983215332,58.97999954223633,57.36000061035156,58.5,57.68806838989258,608400
COO,2004-08-30,58.7400016784668,58.88999938964844,58.29999923706055,58.56999969482422,57.757110595703125,322400
COO,2004-08-31,58.79999923706055,59.209999084472656,57.540000915527344,57.95000076293945,57.14570999145508,480700
COO,2004-09-01,59.0,63.58000183105469,59.0,63.33000183105469,62.45102691650391,2258900
COO,2004-09-02,63.33000183105469,64.75,63.31999969482422,64.12000274658203,63.230079650878906,765000
COO,2004-09-03,64.05999755859375,66.22000122070312,63.09999847412109,65.8499984741211,64.9360580444336,762700
COO,2004-09-07,66.0999984741211,66.16999816894531,64.51000213623047,65.0999984741211,64.19647216796875,470000
COO,2004-09-08,64.9000015258789,64.9000015258789,63.27999877929688,63.27999877929688,62.4017219543457,581700
COO,2004-09-09,62.77999877929688,63.720001220703125,62.720001220703125,63.560001373291016,62.67784118652344,589000
COO,2004-09-10,63.77000045776367,65.19999694824219,63.77000045776367,65.05000305175781,64.14714813232422,408700
COO,2004-09-13,65.4000015258789,65.44999694824219,64.4000015258789,64.77999877929688,63.88093566894531,197200
COO,2004-09-14,65.0,65.75,64.6500015258789,65.06999969482422,64.1668930053711,197100
COO,2004-09-15,64.97000122070312,65.69999694824219,64.9000015258789,65.1500015258789,64.24578857421875,181400
COO,2004-09-16,65.19999694824219,65.5,64.91000366210938,64.95999908447266,64.05842590332031,241700
COO,2004-09-17,64.97000122070312,65.47000122070312,64.75,65.05000305175781,64.14714813232422,193400
COO,2004-09-20,65.08000183105469,66.62000274658203,65.08000183105469,66.55000305175781,65.62635040283203,521500
COO,2004-09-21,66.69999694824219,67.7699966430664,66.26000213623047,67.63999938964844,66.70121765136719,465700
COO,2004-09-22,67.54000091552734,67.54000091552734,66.05000305175781,66.12000274658203,65.20230102539062,258600
COO,2004-09-23,66.25,66.73999786376953,65.5,66.33000183105469,65.40939331054688,282200
COO,2004-09-24,66.43000030517578,67.9000015258789,66.43000030517578,67.58000183105469,66.64202880859375,259900
COO,2004-09-27,67.0,67.0,65.80999755859375,66.0999984741211,65.1825942993164,336000
COO,2004-09-28,66.06999969482422,67.41999816894531,65.8499984741211,67.4000015258789,66.46455383300781,358500
COO,2004-09-29,66.5,68.66999816894531,66.5,68.66999816894531,67.71691131591797,612200
COO,2004-09-30,68.5,68.8499984741211,68.22000122070312,68.55000305175781,67.59857940673828,493200
COO,2004-10-01,68.55000305175781,68.69999694824219,67.80000305175781,68.5,67.54928588867188,444000
COO,2004-10-04,68.44999694824219,71.05000305175781,68.4000015258789,70.80000305175781,69.81735229492188,598000
COO,2004-10-05,71.1500015258789,71.19999694824219,70.0199966430664,70.19999694824219,69.22565460205078,314900
COO,2004-10-06,70.19000244140625,70.80000305175781,69.58999633789062,70.69000244140625,69.70890045166016,1006400
COO,2004-10-07,70.66999816894531,71.36000061035156,70.26000213623047,71.19999694824219,70.21179962158203,883300
COO,2004-10-08,71.1500015258789,71.4800033569336,70.06999969482422,70.06999969482422,69.0975112915039,830400
COO,2004-10-11,70.0,70.08000183105469,68.30000305175781,68.66000366210938,67.70706176757812,330900
COO,2004-10-12,68.5,69.44000244140625,67.36000061035156,69.25,68.28885650634766,321000
COO,2004-10-13,70.0,70.43000030517578,69.30000305175781,69.30000305175781,68.33818054199219,281500
COO,2004-10-14,69.30000305175781,69.56999969482422,68.55000305175781,68.66999816894531,67.71691131591797,166300
COO,2004-10-15,68.68000030517578,69.16000366210938,67.58999633789062,68.9000015258789,67.94375610351562,146600
COO,2004-10-18,69.0199966430664,69.16999816894531,67.69999694824219,68.9000015258789,67.94375610351562,176400
COO,2004-10-19,69.0,69.30000305175781,67.9000015258789,69.26000213623047,68.29873657226562,375300
COO,2004-10-20,69.26000213623047,70.0199966430664,69.13999938964844,69.4000015258789,68.43680572509766,375900
COO,2004-10-21,69.41000366210938,69.75,68.29000091552734,68.30000305175781,67.35206604003906,268600
COO,2004-10-22,68.4000015258789,68.5,67.69999694824219,68.0,67.0562515258789,280400
COO,2004-10-25,67.5,67.5,65.30000305175781,66.6500015258789,65.72496795654297,644700
COO,2004-10-26,66.55000305175781,68.76000213623047,66.55000305175781,68.66000366210938,67.70706176757812,239400
COO,2004-10-27,68.41000366210938,70.4000015258789,67.52999877929688,70.0199966430664,69.04817962646484,306200
COO,2004-10-28,70.1500015258789,71.0,70.05000305175781,70.37000274658203,69.3933334350586,237200
COO,2004-10-29,70.0,70.45999908447266,69.30000305175781,70.3499984741211,69.37359619140625,197000
COO,2004-11-01,70.25,70.3499984741211,68.41999816894531,69.58000183105469,68.61430358886719,311000
COO,2004-11-02,69.56999969482422,70.69999694824219,69.3499984741211,70.25,69.27499389648438,229500
COO,2004-11-03,71.5,72.0,71.12999725341797,71.69999694824219,70.7048568725586,215500
COO,2004-11-04,71.55000305175781,72.30000305175781,71.0999984741211,71.75,70.7541732788086,251300
COO,2004-11-05,70.5,71.26000213623047,69.44999694824219,71.0,70.01459503173828,473500
COO,2004-11-08,70.93000030517578,70.93000030517578,69.16000366210938,70.0,69.02847290039062,415900
COO,2004-11-09,69.9000015258789,71.20999908447266,69.9000015258789,71.0999984741211,70.11319732666016,431700
COO,2004-11-10,71.3499984741211,71.45999908447266,70.41999816894531,70.94999694824219,69.96526336669922,243800
COO,2004-11-11,70.94999694824219,71.1500015258789,70.55999755859375,71.0999984741211,70.11319732666016,162600
COO,2004-11-12,70.94999694824219,71.83000183105469,70.30999755859375,71.83000183105469,70.83308410644531,258900
COO,2004-11-15,71.69999694824219,72.29000091552734,70.8499984741211,70.87999725341797,69.89623260498047,412600
COO,2004-11-16,71.0,71.0,69.43000030517578,69.5999984741211,68.63402557373047,452300
COO,2004-11-17,69.77999877929688,70.30000305175781,69.5199966430664,69.80000305175781,68.83125305175781,352800
COO,2004-11-18,69.80000305175781,70.05000305175781,67.75,68.27999877929688,67.33232879638672,339000
COO,2004-11-19,68.36000061035156,68.69999694824219,66.79000091552734,67.80000305175781,66.8590087890625,362500
COO,2004-11-22,67.55000305175781,67.5999984741211,66.72000122070312,67.44999694824219,66.51385498046875,295900
COO,2004-11-23,67.30000305175781,68.44000244140625,67.22000122070312,68.4000015258789,67.4506607055664,273300
COO,2004-11-24,68.19999694824219,69.30000305175781,68.19999694824219,68.9800033569336,68.02262115478516,222000
COO,2004-11-26,69.05000305175781,69.79000091552734,68.77999877929688,69.2699966430664,68.30862426757812,70200
COO,2004-11-29,69.68000030517578,70.05999755859375,69.30000305175781,69.80000305175781,68.83125305175781,272800
COO,2004-11-30,69.6500015258789,70.0999984741211,69.37999725341797,69.52999877929688,68.56500244140625,279700
COO,2004-12-01,69.75,70.0999984741211,69.30000305175781,70.05000305175781,69.0777587890625,314600
COO,2004-12-02,70.0199966430664,70.69999694824219,69.83999633789062,70.51000213623047,69.5313720703125,365800
COO,2004-12-03,70.75,71.66999816894531,70.5999984741211,71.05000305175781,70.06388854980469,221100
COO,2004-12-06,71.4000015258789,71.4000015258789,70.0,70.37000274658203,69.3933334350586,179000
COO,2004-12-07,70.4800033569336,70.77999877929688,69.02999877929688,69.11000061035156,68.15081024169922,214300
COO,2004-12-08,69.04000091552734,69.75,68.7699966430664,69.6500015258789,68.68330383300781,458700
COO,2004-12-09,69.6500015258789,70.38999938964844,68.7699966430664,70.38999938964844,69.41304016113281,348900
COO,2004-12-10,70.5,74.41000366210938,70.41999816894531,74.05999755859375,73.03211212158203,528400
COO,2004-12-13,75.75,75.75,74.19999694824219,74.4000015258789,73.36738586425781,797800
COO,2004-12-14,71.9000015258789,71.91000366210938,67.58000183105469,68.77999877929688,67.8527603149414,2885500
COO,2004-12-15,68.5,69.1500015258789,66.43000030517578,67.94999694824219,67.03392791748047,1591300
COO,2004-12-16,73.83999633789062,73.83999633789062,69.25,70.0,69.0562973022461,1068600
COO,2004-12-17,70.11000061035156,70.5999984741211,69.18000030517578,69.62000274658203,68.68142700195312,641900
COO,2004-12-20,69.37000274658203,69.68000030517578,68.93000030517578,69.1500015258789,68.21775817871094,464300
COO,2004-12-21,69.4000015258789,69.87000274658203,69.0199966430664,69.5,68.56304168701172,267900
COO,2004-12-22,69.5,70.0999984741211,69.41999816894531,69.66999816894531,68.73077392578125,286800
COO,2004-12-23,70.0,70.55000305175781,69.91000366210938,70.27999877929688,69.3325424194336,568200
COO,2004-12-27,70.52999877929688,70.87999725341797,70.05999755859375,70.19999694824219,69.25360107421875,444300
COO,2004-12-28,70.3499984741211,70.9800033569336,70.19999694824219,70.94999694824219,69.99347686767578,296900
COO,2004-12-29,70.9000015258789,71.62000274658203,70.58000183105469,71.1500015258789,70.1907958984375,228100
COO,2004-12-30,71.1500015258789,71.27999877929688,70.69999694824219,70.69999694824219,69.74686431884766,172800
COO,2004-12-31,70.68000030517578,71.1500015258789,70.5,70.58999633789062,69.63835144042969,182200
COO,2005-01-03,70.94999694824219,71.04000091552734,70.08999633789062,70.4800033569336,69.52984619140625,404600
COO,2005-01-04,70.6500015258789,71.37000274658203,70.61000061035156,71.05999755859375,70.1020278930664,735700
COO,2005-01-05,71.05999755859375,73.23999786376953,69.72000122070312,72.51000213623047,71.532470703125,1232300
COO,2005-01-06,73.55000305175781,74.08000183105469,71.80000305175781,72.3499984741211,71.3746109008789,2217200
COO,2005-01-07,71.3499984741211,72.0,70.69999694824219,71.29000091552734,70.32887268066406,987600
COO,2005-01-10,71.37000274658203,71.98999786376953,71.20999908447266,71.5,70.53608703613281,965700
COO,2005-01-11,71.9000015258789,71.94999694824219,71.68000030517578,71.91000366210938,70.9405517578125,800800
COO,2005-01-12,71.91000366210938,72.0,71.68000030517578,71.80999755859375,70.84192657470703,663500
COO,2005-01-13,71.87999725341797,71.9000015258789,71.05000305175781,71.16999816894531,70.21052551269531,337200
COO,2005-01-14,71.16999816894531,71.45999908447266,70.22000122070312,71.31999969482422,70.35850524902344,495400
COO,2005-01-18,71.0,72.45999908447266,70.94999694824219,72.45999908447266,71.48311614990234,611100
COO,2005-01-19,72.5,74.37000274658203,72.37000274658203,73.63999938964844,72.6472396850586,878200
COO,2005-01-20,73.88999938964844,75.5,73.66999816894531,75.2300033569336,74.21580505371094,988400
COO,2005-01-21,75.2300033569336,76.33000183105469,74.7300033569336,75.19000244140625,74.17632293701172,872900
COO,2005-01-24,75.19000244140625,75.73999786376953,73.80000305175781,73.83000183105469,72.83468627929688,714100
COO,2005-01-25,73.81999969482422,74.0,70.9000015258789,73.4000015258789,72.41047668457031,1484500
COO,2005-01-26,73.4000015258789,74.72000122070312,72.25,74.52999877929688,73.52523040771484,888700
COO,2005-01-27,74.5,77.2699966430664,74.5,76.0,74.97541046142578,864900
COO,2005-01-28,76.0,76.48999786376953,74.7699966430664,75.11000061035156,74.09741973876953,280900
COO,2005-01-31,75.12000274658203,77.5,75.12000274658203,76.69999694824219,75.6659927368164,522800
COO,2005-02-01,76.70999908447266,77.4000015258789,76.62999725341797,76.94999694824219,75.91260528564453,401700
COO,2005-02-02,77.05000305175781,78.0,77.0,78.0,76.94844055175781,257400
COO,2005-02-03,80.75,81.3499984741211,79.55000305175781,81.3499984741211,80.25328826904297,1143700
COO,2005-02-04,81.3499984741211,81.83000183105469,80.4000015258789,81.41999816894531,80.32233428955078,455400
COO,2005-02-07,81.0,81.0,79.80000305175781,80.62999725341797,79.54301452636719,605200
COO,2005-02-08,80.87999725341797,81.77999877929688,80.87000274658203,81.45999908447266,80.36180877685547,432200
COO,2005-02-09,81.45999908447266,81.5999984741211,80.44999694824219,80.44999694824219,79.36540985107422,365000
COO,2005-02-10,80.45999908447266,81.22000122070312,80.45999908447266,81.12000274658203,80.0263900756836,197600
COO,2005-02-11,81.3499984741211,81.94999694824219,80.93000030517578,81.94999694824219,80.84518432617188,291000
COO,2005-02-14,82.25,82.8499984741211,82.0199966430664,82.4000015258789,81.28915405273438,397400
COO,2005-02-15,82.5,83.86000061035156,82.5,83.69999694824219,82.57161712646484,516900
COO,2005-02-16,83.55000305175781,84.19999694824219,82.98999786376953,83.37999725341797,82.25592041015625,780200
COO,2005-02-17,83.37999725341797,83.5999984741211,83.02999877929688,83.12999725341797,82.0093002319336,381000
COO,2005-02-18,82.87000274658203,82.87000274658203,81.05999755859375,81.5999984741211,80.4999008178711,499200
COO,2005-02-22,79.9000015258789,80.95999908447266,79.25,80.51000213623047,79.42461395263672,517200
COO,2005-02-23,80.5,82.08000183105469,80.5,81.66000366210938,80.55914306640625,393400
COO,2005-02-24,81.41000366210938,82.5,81.08000183105469,82.5,81.38780975341797,252800
COO,2005-02-25,82.5,83.62999725341797,81.8499984741211,83.44999694824219,82.32498931884766,305700
COO,2005-02-28,83.44999694824219,83.6500015258789,81.66999816894531,82.3499984741211,81.23979949951172,288800
COO,2005-03-01,82.5999984741211,83.88999938964844,82.5999984741211,83.3499984741211,82.22631072998047,515000
COO,2005-03-02,83.1500015258789,83.75,82.79000091552734,83.0199966430664,81.90079498291016,296000
COO,2005-03-03,83.05000305175781,83.69000244140625,82.68000030517578,82.83999633789062,81.72322845458984,328500
COO,2005-03-04,82.83000183105469,83.80000305175781,82.80000305175781,82.94999694824219,81.83171081542969,462800
COO,2005-03-07,82.94999694824219,84.19000244140625,82.94999694824219,83.9000015258789,82.76891326904297,397600
COO,2005-03-08,83.9000015258789,84.69999694824219,83.0199966430664,83.0999984741211,81.97969055175781,233100
COO,2005-03-09,83.12999725341797,83.55999755859375,82.29000091552734,82.37000274658203,81.2595443725586,262600
COO,2005-03-10,81.0,84.0,80.98999786376953,82.44999694824219,81.33842468261719,642100
COO,2005-03-11,82.44000244140625,84.0,82.23999786376953,83.0,81.88107299804688,354000
COO,2005-03-14,83.0,83.91999816894531,81.26000213623047,81.66000366210938,80.55914306640625,604000
COO,2005-03-15,81.5,82.48999786376953,80.69999694824219,80.69999694824219,79.61204528808594,303400
COO,2005-03-16,80.9000015258789,80.94000244140625,80.12000274658203,80.30000305175781,79.21748352050781,388700
COO,2005-03-17,80.4000015258789,80.5999984741211,78.55000305175781,79.88999938964844,78.81298828125,374500
COO,2005-03-18,79.6500015258789,80.43000030517578,78.91000366210938,79.19999694824219,78.13227844238281,370800
COO,2005-03-21,79.0,79.0,77.23999786376953,78.75,77.6883316040039,459200
COO,2005-03-22,78.19999694824219,78.48999786376953,76.51000213623047,77.02999877929688,75.99151611328125,660800
COO,2005-03-23,77.1500015258789,77.2300033569336,76.3499984741211,76.56999969482422,75.53773498535156,243000
COO,2005-03-24,76.7699966430664,77.0199966430664,75.56999969482422,75.75,74.72882080078125,489100
COO,2005-03-28,75.8499984741211,76.30000305175781,75.20999908447266,75.48999786376953,74.4722900390625,320500
COO,2005-03-29,75.2699966430664,75.3499984741211,71.47000122070312,71.7699966430664,70.80244445800781,1382200
COO,2005-03-30,71.5199966430664,73.19000244140625,70.52999877929688,72.75,71.76924896240234,587300
COO,2005-03-31,72.0,73.27999877929688,71.80000305175781,72.9000015258789,71.91722106933594,450100
COO,2005-04-01,73.77999877929688,74.12999725341797,71.98999786376953,72.68000030517578,71.7001724243164,471100
COO,2005-04-04,72.68000030517578,73.70999908447266,71.87999725341797,72.30999755859375,71.33516693115234,357200
COO,2005-04-05,72.27999877929688,73.33000183105469,72.08999633789062,72.8499984741211,71.86788940429688,332900
COO,2005-04-06,72.8499984741211,75.05000305175781,72.83000183105469,74.5,73.49565887451172,667400
COO,2005-04-07,74.5999984741211,75.86000061035156,74.5999984741211,74.98999786376953,73.9790267944336,481000
COO,2005-04-08,75.3499984741211,75.43000030517578,74.55000305175781,74.83000183105469,73.82117462158203,185900
COO,2005-04-11,74.8499984741211,75.33999633789062,74.37000274658203,74.37000274658203,73.36738586425781,297500
COO,2005-04-12,73.98999786376953,74.0199966430664,72.80999755859375,73.48999786376953,72.499267578125,364200
COO,2005-04-13,73.48999786376953,73.48999786376953,72.86000061035156,72.9000015258789,71.91722106933594,285300
COO,2005-04-14,72.9800033569336,73.0,70.5999984741211,70.66999816894531,69.71725463867188,429500
COO,2005-04-15,70.68000030517578,71.30000305175781,69.12000274658203,70.22000122070312,69.27336120605469,519500
COO,2005-04-18,70.3499984741211,71.54000091552734,70.3499984741211,71.47000122070312,70.50648498535156,286600
COO,2005-04-19,71.72000122070312,72.5999984741211,71.27999877929688,71.44000244140625,70.4769058227539,288000
COO,2005-04-20,71.5,71.69000244140625,70.0199966430664,70.16999816894531,69.22403717041016,213400
COO,2005-04-21,70.56999969482422,71.25,69.68000030517578,70.87000274658203,69.91459655761719,290100
COO,2005-04-22,70.87999725341797,71.7699966430664,70.62000274658203,71.3499984741211,70.38809967041016,193200
COO,2005-04-25,71.30000305175781,71.3499984741211,68.4000015258789,69.08999633789062,68.1585922241211,554800
COO,2005-04-26,68.69000244140625,68.69000244140625,64.58999633789062,66.2300033569336,65.33714294433594,1658400
COO,2005-04-27,66.0,67.81999969482422,65.19999694824219,67.69999694824219,66.78730773925781,586900
COO,2005-04-28,67.6500015258789,67.69000244140625,65.4000015258789,65.5999984741211,64.71561431884766,519500
COO,2005-04-29,65.75,67.6500015258789,65.75,67.55000305175781,66.63933563232422,469100
COO,2005-05-02,67.76000213623047,67.81999969482422,62.0,62.59999847412109,61.75606155395508,1362600
COO,2005-05-03,62.0,62.0,58.119998931884766,60.220001220703125,59.40816116333008,3366900
COO,2005-05-04,60.09999847412109,60.11000061035156,58.34999847412109,58.75,57.957969665527344,1524400
COO,2005-05-05,61.0,63.29999923706055,60.5,62.70000076293945,61.85471725463867,2931300
COO,2005-05-06,62.20000076293945,63.0,61.25,62.36000061035156,61.5192985534668,1259200
COO,2005-05-09,61.54999923706055,61.86000061035156,61.02000045776367,61.13999938964844,60.31573867797852,655700
COO,2005-05-10,61.13999938964844,61.54999923706055,60.65999984741211,61.119998931884766,60.2960319519043,538600
COO,2005-05-11,60.880001068115234,61.40999984741211,60.470001220703125,61.400001525878906,60.57223892211914,307700
COO,2005-05-12,61.400001525878906,62.75,60.380001068115234,60.93999862670898,60.118446350097656,753200
COO,2005-05-13,60.93999862670898,61.08000183105469,59.7400016784668,60.15999984741211,59.34895706176758,738100
COO,2005-05-16,60.29999923706055,61.33000183105469,60.09999847412109,61.290000915527344,60.46372604370117,367500
COO,2005-05-17,60.79999923706055,61.59999847412109,60.61000061035156,61.45000076293945,60.62156677246094,444300
COO,2005-05-18,61.29999923706055,62.619998931884766,61.29999923706055,62.43999862670898,61.59822082519531,421100
COO,2005-05-19,62.650001525878906,64.2699966430664,62.650001525878906,63.9900016784668,63.12733459472656,737600
COO,2005-05-20,63.810001373291016,63.95000076293945,63.5,63.880001068115234,63.018821716308594,244000
COO,2005-05-23,64.13999938964844,65.91000366210938,64.05999755859375,65.55000305175781,64.66632080078125,1113500
COO,2005-05-24,65.5999984741211,66.0,64.9000015258789,65.27999877929688,64.39994049072266,353500
COO,2005-05-25,65.4000015258789,65.47000122070312,63.619998931884766,63.9900016784668,63.12733459472656,767700
COO,2005-05-26,63.9900016784668,64.80000305175781,63.9900016784668,64.6500015258789,63.7784538269043,718600
COO,2005-05-27,64.75,65.38999938964844,64.75,65.25,64.3703384399414,302400
COO,2005-05-31,65.6500015258789,66.29000091552734,65.33000183105469,66.05000305175781,65.15955352783203,1155800
COO,2005-06-01,66.05000305175781,66.45999908447266,64.79000091552734,65.18000030517578,64.30127716064453,713600
COO,2005-06-02,65.19999694824219,65.55000305175781,64.16000366210938,64.66999816894531,63.79816436767578,537600
COO,2005-06-03,64.87000274658203,64.87000274658203,63.81999969482422,64.0,63.13718795776367,438700
COO,2005-06-06,63.9900016784668,64.30000305175781,63.310001373291016,64.05999755859375,63.19639587402344,446000
COO,2005-06-07,65.0,65.0,64.18000030517578,64.44000244140625,63.57126235961914,544800
COO,2005-06-08,60.25,62.7599983215332,60.0,61.150001525878906,60.32560729980469,3175300
COO,2005-06-09,61.130001068115234,61.93999862670898,61.08000183105469,61.560001373291016,60.730079650878906,790600
COO,2005-06-10,61.630001068115234,62.09000015258789,61.0,61.900001525878906,61.09527969360352,797800
COO,2005-06-13,61.79999923706055,63.34000015258789,61.79999923706055,63.150001525878906,62.32902526855469,596400
COO,2005-06-14,63.02000045776367,63.91999816894531,62.45000076293945,63.72999954223633,62.901485443115234,786400
COO,2005-06-15,64.05000305175781,64.6500015258789,63.45000076293945,63.54999923706055,62.72383499145508,563200
COO,2005-06-16,63.650001525878906,64.04000091552734,63.2400016784668,64.01000213623047,63.1778450012207,546700
COO,2005-06-17,64.4000015258789,64.4000015258789,62.41999816894531,63.54999923706055,62.72383499145508,1193700
COO,2005-06-20,63.9900016784668,63.9900016784668,62.61000061035156,63.150001525878906,62.32902526855469,731100
COO,2005-06-21,63.150001525878906,63.29999923706055,62.47999954223633,62.61000061035156,61.79605865478516,404700
COO,2005-06-22,62.59999847412109,62.70000076293945,61.43000030517578,61.5,60.70048141479492,526700
COO,2005-06-23,61.61000061035156,62.09999847412109,61.5,61.84999847412109,61.045928955078125,958600
COO,2005-06-24,62.0,63.5,61.95000076293945,62.25,61.44071960449219,1526900
COO,2005-06-27,62.09999847412109,62.47999954223633,61.720001220703125,62.060001373291016,61.253204345703125,532300
COO,2005-06-28,62.0,62.34999847412109,61.75,62.0,61.193973541259766,681500
COO,2005-06-29,62.0,62.45000076293945,61.33000183105469,61.33000183105469,60.53269577026367,478600
COO,2005-06-30,61.58000183105469,61.77000045776367,60.709999084472656,60.86000061035156,60.06880569458008,366600
COO,2005-07-01,60.95000076293945,61.5,60.27000045776367,61.0099983215332,60.21685409545898,421000
COO,2005-07-05,61.0,61.75,61.0,61.560001373291016,60.75970077514648,206100
COO,2005-07-06,61.220001220703125,61.75,60.79999923706055,61.709999084472656,60.907745361328125,582600
COO,2005-07-07,61.5,62.43000030517578,61.27000045776367,62.38999938964844,61.57890319824219,622900
COO,2005-07-08,62.369998931884766,64.2300033569336,62.369998931884766,64.08000183105469,63.2469482421875,1073300
COO,2005-07-11,64.33000183105469,65.26000213623047,63.90999984741211,65.08000183105469,64.23395538330078,1024800
COO,2005-07-12,64.91000366210938,65.37999725341797,64.08000183105469,64.31999969482422,63.48381423950195,710200
COO,2005-07-13,64.5,64.9000015258789,64.38999938964844,64.48999786376953,63.65159606933594,476400
COO,2005-07-14,64.63999938964844,65.12000274658203,63.22999954223633,63.68999862670898,62.862003326416016,765900
COO,2005-07-15,63.52999877929688,64.05000305175781,63.29999923706055,63.5,62.67448806762695,462100
COO,2005-07-18,63.45000076293945,63.650001525878906,63.0,63.150001525878906,62.32902526855469,221500
COO,2005-07-19,63.29999923706055,64.0,63.060001373291016,63.900001525878906,63.06927108764648,257200
COO,2005-07-20,63.790000915527344,64.86000061035156,63.52000045776367,64.66999816894531,63.82926559448242,229200
COO,2005-07-21,64.87000274658203,65.08999633789062,64.44999694824219,64.7300033569336,63.88849258422852,475100
COO,2005-07-22,65.23999786376953,66.0,64.19999694824219,64.97000122070312,64.12538146972656,551900
COO,2005-07-25,65.0999984741211,65.5,64.79000091552734,65.19999694824219,64.35234832763672,403700
COO,2005-07-26,65.3499984741211,66.94000244140625,65.3499984741211,66.44999694824219,65.58612060546875,590200
COO,2005-07-27,66.0999984741211,68.0999984741211,66.0999984741211,67.79000091552734,66.90869140625,725200
COO,2005-07-28,67.79000091552734,69.5,67.79000091552734,68.72000122070312,67.82660675048828,979700
COO,2005-07-29,68.72000122070312,68.81999969482422,68.0199966430664,68.69999694824219,67.80689239501953,484100
COO,2005-08-01,68.69999694824219,69.5,68.61000061035156,69.27999877929688,68.37934112548828,656300
COO,2005-08-02,69.27999877929688,70.23999786376953,69.22000122070312,69.94999694824219,69.04061889648438,581800
COO,2005-08-03,69.94999694824219,70.86000061035156,69.68000030517578,70.41000366210938,69.4946517944336,611200
COO,2005-08-04,70.25,70.91000366210938,69.05000305175781,69.30999755859375,68.408935546875,672400
COO,2005-08-05,69.0,69.05999755859375,67.83999633789062,68.25,67.36273193359375,368900
COO,2005-08-08,68.2699966430664,68.69000244140625,67.43000030517578,68.0,67.1159896850586,388300
COO,2005-08-09,68.19999694824219,68.8499984741211,67.94999694824219,68.62000274658203,67.72792053222656,375500
COO,2005-08-10,68.87000274658203,68.98999786376953,67.33999633789062,67.5999984741211,66.72117614746094,507400
COO,2005-08-11,67.8499984741211,68.44999694824219,67.2699966430664,67.44000244140625,66.56324005126953,508300
COO,2005-08-12,67.19000244140625,67.31999969482422,66.37000274658203,66.87999725341797,66.01054382324219,528500
COO,2005-08-15,66.75,67.11000061035156,66.44999694824219,67.0999984741211,66.2276840209961,334400
COO,2005-08-16,67.06999969482422,67.69999694824219,67.0,67.5199966430664,66.64221954345703,331600
COO,2005-08-17,67.5,68.05000305175781,67.5,67.88999938964844,67.00739288330078,334600
COO,2005-08-18,67.88999938964844,68.0999984741211,67.51000213623047,67.73999786376953,66.85933685302734,181600
COO,2005-08-19,68.25,68.25,67.55000305175781,67.69999694824219,66.81987762451172,272900
COO,2005-08-22,67.80000305175781,68.19000244140625,67.55999755859375,68.0199966430664,67.1357192993164,218600
COO,2005-08-23,68.0199966430664,68.0199966430664,66.86000061035156,67.4800033569336,66.60274505615234,481100
COO,2005-08-24,73.44000244140625,73.44000244140625,66.58000183105469,67.41999816894531,66.54353332519531,1121000
COO,2005-08-25,67.4000015258789,67.54000091552734,67.0,67.18000030517578,66.30663299560547,313400
COO,2005-08-26,67.0999984741211,67.4000015258789,66.81999969482422,67.0,66.12897491455078,310100
COO,2005-08-29,66.8499984741211,68.41000366210938,66.51000213623047,68.41000366210938,67.5206527709961,476500
COO,2005-08-30,68.25,68.5199966430664,66.97000122070312,67.0,66.12897491455078,638300
COO,2005-08-31,67.01000213623047,68.56999969482422,66.58999633789062,68.56999969482422,67.67855834960938,501900
COO,2005-09-01,68.4000015258789,70.41999816894531,68.31999969482422,69.36000061035156,68.45830535888672,607100
COO,2005-09-02,69.3499984741211,69.62000274658203,68.95999908447266,69.20999908447266,68.31024169921875,264500
COO,2005-09-06,69.23999786376953,69.55999755859375,68.48999786376953,69.33999633789062,68.43856048583984,393800
COO,2005-09-07,69.04000091552734,69.86000061035156,68.87000274658203,69.5999984741211,68.69517517089844,558900
COO,2005-09-08,69.0,74.4000015258789,68.58000183105469,73.6500015258789,72.69253540039062,2619100
COO,2005-09-09,73.8499984741211,75.0999984741211,73.61000061035156,74.5199966430664,73.55121612548828,745600
COO,2005-09-12,73.69999694824219,75.69000244140625,73.36000061035156,74.75,73.7782211303711,623600
COO,2005-09-13,74.73999786376953,76.25,74.73999786376953,75.44999694824219,74.46913146972656,713000
COO,2005-09-14,75.37000274658203,75.9000015258789,75.12000274658203,75.55000305175781,74.56782531738281,438800
COO,2005-09-15,75.3499984741211,75.55000305175781,73.88999938964844,74.5999984741211,73.63017272949219,594400
COO,2005-09-16,74.5,74.5,73.7699966430664,74.47000122070312,73.50187683105469,299900
COO,2005-09-19,74.05000305175781,74.5999984741211,74.0,74.33999633789062,73.3735580444336,398100
COO,2005-09-20,74.44000244140625,74.95999908447266,74.4000015258789,74.5999984741211,73.63017272949219,386400
COO,2005-09-21,74.30000305175781,74.80000305175781,74.0,74.20999908447266,73.24524688720703,384100
COO,2005-09-22,74.0999984741211,74.0999984741211,72.80999755859375,73.48999786376953,72.53461456298828,344600
COO,2005-09-23,73.38999938964844,74.05999755859375,73.02999877929688,73.61000061035156,72.65303039550781,114400
COO,2005-09-26,73.75,74.87000274658203,73.55000305175781,74.16000366210938,73.19591522216797,309000
COO,2005-09-27,74.08000183105469,74.8499984741211,73.81999969482422,74.70999908447266,73.73872375488281,204600
COO,2005-09-28,74.61000061035156,75.55000305175781,74.37999725341797,74.9000015258789,73.92626953125,384000
COO,2005-09-29,74.77999877929688,76.16999816894531,74.76000213623047,76.1500015258789,75.16000366210938,431200
COO,2005-09-30,76.0999984741211,77.19999694824219,76.08999633789062,76.61000061035156,75.6140365600586,843100
COO,2005-10-03,76.4000015258789,77.87999725341797,76.37999725341797,77.69999694824219,76.68989562988281,702900
COO,2005-10-04,77.5199966430664,78.5,77.5,78.16000366210938,77.14388275146484,609100
COO,2005-10-05,77.7300033569336,78.19999694824219,75.33000183105469,75.41999816894531,74.43950653076172,674300
COO,2005-10-06,75.30000305175781,76.08000183105469,72.06999969482422,72.52999877929688,71.58707427978516,948600
COO,2005-10-07,73.44999694824219,73.70999908447266,71.5999984741211,72.08000183105469,71.14295959472656,734400
COO,2005-10-10,72.4000015258789,74.75,72.30000305175781,73.06999969482422,72.12004089355469,876200
COO,2005-10-11,73.1500015258789,73.51000213623047,69.93000030517578,70.3499984741211,69.43543243408203,867000
COO,2005-10-12,69.0999984741211,69.69999694824219,68.19999694824219,69.56999969482422,68.66555786132812,802000
COO,2005-10-13,69.4000015258789,71.13999938964844,69.23999786376953,70.62999725341797,69.7117919921875,586800
COO,2005-10-14,71.4000015258789,72.98999786376953,70.69999694824219,71.58999633789062,70.65930938720703,401900
COO,2005-10-17,72.08999633789062,72.08999633789062,69.58000183105469,71.04000091552734,70.116455078125,392900
COO,2005-10-18,70.3499984741211,70.58000183105469,69.69999694824219,70.19999694824219,69.2873764038086,425900
COO,2005-10-19,70.1500015258789,70.75,69.69999694824219,70.44999694824219,69.53411102294922,316600
COO,2005-10-20,70.30000305175781,70.43000030517578,69.25,69.43000030517578,68.52738189697266,450100
COO,2005-10-21,69.75,69.94000244140625,69.01000213623047,69.41999816894531,68.51752471923828,532200
COO,2005-10-24,69.72000122070312,69.80000305175781,68.87000274658203,69.5,68.59647369384766,379800
COO,2005-10-25,69.5,69.5,68.44999694824219,68.66000366210938,67.76739501953125,408900
COO,2005-10-26,68.5,68.55000305175781,67.72000122070312,68.04000091552734,67.15544891357422,404600
COO,2005-10-27,68.04000091552734,68.12000274658203,67.58999633789062,67.6500015258789,66.77052307128906,306400
COO,2005-10-28,67.8499984741211,68.0,66.86000061035156,67.30000305175781,66.425048828125,538400
COO,2005-10-31,67.55000305175781,69.29000091552734,67.55000305175781,68.83999633789062,67.94508361816406,370300
COO,2005-11-01,68.4000015258789,69.6500015258789,68.37000274658203,69.5,68.59647369384766,528800
COO,2005-11-02,67.55000305175781,71.0999984741211,67.55000305175781,71.08999633789062,70.16580200195312,407700
COO,2005-11-03,72.25,73.55000305175781,71.5199966430664,72.08000183105469,71.14295959472656,639800
COO,2005-11-04,71.91999816894531,73.19999694824219,71.91999816894531,72.73999786376953,71.79434967041016,428200
COO,2005-11-07,72.63999938964844,74.31999969482422,72.27999877929688,73.75,72.79122161865234,381300
COO,2005-11-08,73.75,74.12999725341797,73.05000305175781,73.80000305175781,72.84056854248047,279700
COO,2005-11-09,70.12999725341797,71.69999694824219,69.0199966430664,71.4000015258789,70.47179412841797,2577700
COO,2005-11-10,71.0,72.02999877929688,70.20999908447266,72.02999877929688,71.09357452392578,285600
COO,2005-11-11,72.0,72.19000244140625,71.38999938964844,72.01000213623047,71.0738525390625,195300
COO,2005-11-14,72.1500015258789,72.16999816894531,70.27999877929688,70.70999908447266,69.79073333740234,497100
COO,2005-11-15,70.56999969482422,71.48999786376953,70.16999816894531,70.69000244140625,69.77102661132812,234100
COO,2005-11-16,70.6500015258789,70.75,69.8499984741211,70.37000274658203,69.4551773071289,419500
COO,2005-11-17,70.27999877929688,71.19000244140625,69.97000122070312,70.94000244140625,70.01776123046875,276900
COO,2005-11-18,70.94000244140625,72.66000366210938,70.93000030517578,72.5999984741211,71.65621185302734,402000
COO,2005-11-21,72.5,73.66999816894531,63.75,64.81999969482422,63.977294921875,3783400
COO,2005-11-22,54.5,55.0,50.900001525878906,51.5,50.83047866821289,11269100
COO,2005-11-23,53.58000183105469,54.22999954223633,51.380001068115234,52.18000030517578,51.50164413452149,4183100
COO,2005-11-25,51.900001525878906,52.77999877929688,51.75,52.59999847412109,51.91618728637695,481600
COO,2005-11-28,52.75,54.29999923706055,52.70000076293945,54.08000183105469,53.376949310302734,2292700
COO,2005-11-29,54.119998931884766,55.09000015258789,54.04999923706055,54.400001525878906,53.69277191162109,1493500
COO,2005-11-30,54.5,56.220001220703125,54.470001220703125,54.79999923706055,54.08758544921875,873800
COO,2005-12-01,54.79999923706055,55.04999923706055,52.310001373291016,52.81999969482422,52.13331604003906,2164800
COO,2005-12-02,52.70000076293945,54.31999969482422,52.70000076293945,53.470001220703125,52.77488327026367,922800
COO,2005-12-05,53.0,53.34000015258789,52.54999923706055,53.2599983215332,52.56760025024414,556500
COO,2005-12-06,53.2599983215332,53.47999954223633,52.0,52.290000915527344,51.61022186279297,1180700
COO,2005-12-07,51.900001525878906,52.380001068115234,50.40999984741211,50.45000076293945,49.794132232666016,1038700
COO,2005-12-08,50.54999923706055,50.75,49.5,50.150001525878906,49.498023986816406,1695200
COO,2005-12-09,50.119998931884766,50.52000045776367,49.86000061035156,50.2400016784668,49.586856842041016,825100
COO,2005-12-12,50.34999847412109,50.65999984741211,49.2400016784668,49.75,49.10322952270508,1159600
COO,2005-12-13,47.56999969482422,47.58000183105469,44.75,46.0,45.4019889831543,7382100
COO,2005-12-14,45.970001220703125,47.97999954223633,45.59999847412109,47.41999816894531,46.834075927734375,2694600
COO,2005-12-15,47.5,48.06999969482422,47.04999923706055,47.43000030517578,46.84394454956055,1145600
COO,2005-12-16,47.79999923706055,49.36000061035156,47.79999923706055,48.970001220703125,48.36491394042969,1949500
COO,2005-12-19,48.0,49.09000015258789,47.619998931884766,48.33000183105469,47.73283004760742,1403600
COO,2005-12-20,48.2599983215332,48.52999877929688,47.43999862670898,48.09000015258789,47.49578857421875,1053200
COO,2005-12-21,48.08000183105469,50.22999954223633,48.08000183105469,49.540000915527344,48.92787551879883,1691500
COO,2005-12-22,49.5,51.58000183105469,49.5,51.04999923706055,50.41920852661133,2012500
COO,2005-12-23,51.150001525878906,51.7599983215332,50.86000061035156,51.27000045776367,50.63649368286133,1118100
COO,2005-12-27,51.470001220703125,51.650001525878906,50.95000076293945,51.0,50.36982727050781,1129200
COO,2005-12-28,51.0,51.400001525878906,50.5,51.25,50.61674499511719,635300
COO,2005-12-29,51.09999847412109,51.75,50.900001525878906,51.369998931884766,50.73526382446289,649700
COO,2005-12-30,51.25,51.59999847412109,51.11000061035156,51.29999923706055,50.666107177734375,474800
COO,2006-01-03,51.400001525878906,51.650001525878906,50.45000076293945,51.29999923706055,50.666107177734375,549100
COO,2006-01-04,51.09999847412109,52.84000015258789,50.900001525878906,52.81999969482422,52.16733932495117,909600
COO,2006-01-05,52.81999969482422,53.84999847412109,52.7599983215332,53.38999938964844,52.73030853271485,1208400
COO,2006-01-06,53.4900016784668,53.65999984741211,53.20000076293945,53.29999923706055,52.64141082763672,749200
COO,2006-01-09,53.79999923706055,54.86000061035156,53.400001525878906,54.040000915527344,53.37227249145508,1685800
COO,2006-01-10,53.900001525878906,54.02000045776367,53.15999984741211,53.52000045776367,52.85869216918945,670900
COO,2006-01-11,53.5,54.0,53.5,53.900001525878906,53.23399353027344,663400
COO,2006-01-12,53.84999847412109,53.84999847412109,53.0,53.41999816894531,52.75992584228516,575100
COO,2006-01-13,53.75,53.810001373291016,52.77000045776367,52.83000183105469,52.17721939086914,807900
COO,2006-01-17,52.09999847412109,53.22999954223633,51.900001525878906,52.880001068115234,52.22659683227539,856200
COO,2006-01-18,52.75,53.93000030517578,52.619998931884766,53.790000915527344,53.1253662109375,517400
COO,2006-01-19,53.77999877929688,54.25,53.27000045776367,53.45000076293945,52.7895622253418,370500
COO,2006-01-20,53.20000076293945,53.43999862670898,51.70000076293945,51.84000015258789,51.19944763183594,614800
COO,2006-01-23,53.25,53.5,51.97999954223633,52.06999969482422,51.42661666870117,756500
COO,2006-01-24,51.34999847412109,53.36000061035156,51.0,53.09000015258789,52.43399810791016,1102700
COO,2006-01-25,53.09000015258789,54.02000045776367,52.93999862670898,53.959999084472656,53.29325866699219,704200
COO,2006-01-26,54.45000076293945,55.2400016784668,54.11000061035156,54.86000061035156,54.18214416503906,658300
COO,2006-01-27,55.20000076293945,55.95000076293945,54.7599983215332,55.70000076293945,55.011756896972656,566500
COO,2006-01-30,55.54999923706055,55.54999923706055,54.72999954223633,54.91999816894531,54.241397857666016,733500
COO,2006-01-31,54.90999984741211,56.040000915527344,54.90999984741211,55.43000030517578,54.745094299316406,809300
COO,2006-02-01,55.43000030517578,55.540000915527344,54.65999984741211,54.70000076293945,54.02412796020508,627500
COO,2006-02-02,54.150001525878906,54.400001525878906,53.630001068115234,53.959999084472656,53.29325866699219,429900
COO,2006-02-03,53.79999923706055,53.810001373291016,52.7599983215332,52.880001068115234,52.22659683227539,450400
COO,2006-02-06,52.79999923706055,52.97999954223633,52.5099983215332,52.68999862670898,52.038944244384766,348700
COO,2006-02-07,52.79999923706055,53.040000915527344,52.20000076293945,52.31999969482422,51.67353057861328,201500
COO,2006-02-08,52.20000076293945,52.34999847412109,51.81999969482422,52.290000915527344,51.64390182495117,372200
COO,2006-02-09,53.0,53.70000076293945,52.36000061035156,53.40999984741211,52.75005722045898,442600
COO,2006-02-10,53.45000076293945,53.75,52.95000076293945,53.34999847412109,52.69079208374024,279200
COO,2006-02-13,53.29999923706055,53.75,52.52000045776367,53.04999923706055,52.39449691772461,235500
COO,2006-02-14,52.900001525878906,53.27000045776367,52.65999984741211,52.97999954223633,52.32536315917969,313800
COO,2006-02-15,52.84999847412109,54.150001525878906,52.84999847412109,54.02000045776367,53.35252380371094,314400
COO,2006-02-16,53.95000076293945,54.40999984741211,53.27999877929688,53.54999923706055,52.88832092285156,269400
COO,2006-02-17,53.59999847412109,55.34999847412109,53.52999877929688,54.9900016784668,54.31053161621094,338900
COO,2006-02-21,55.29999923706055,55.34999847412109,54.43999862670898,55.0099983215332,54.33028411865234,434000
COO,2006-02-22,54.79999923706055,55.09999847412109,54.59999847412109,54.84000015258789,54.16237258911133,396800
COO,2006-02-23,54.54999923706055,54.95000076293945,53.869998931884766,54.20000076293945,53.53028106689453,550700
COO,2006-02-24,54.16999816894531,55.369998931884766,54.0099983215332,55.08000183105469,54.39942169189453,742100
COO,2006-02-27,55.0,55.0,53.43999862670898,53.900001525878906,53.23399353027344,886000
COO,2006-02-28,53.75,53.79999923706055,51.790000915527344,52.470001220703125,51.82167434692383,888800
COO,2006-03-01,52.84999847412109,53.560001373291016,52.68000030517578,52.900001525878906,52.246368408203125,731100
COO,2006-03-02,52.95000076293945,52.95000076293945,51.16999816894531,51.93999862670898,51.29821395874024,975100
COO,2006-03-03,51.70000076293945,52.20000076293945,51.619998931884766,52.09999847412109,51.45624542236328,463800
COO,2006-03-06,51.84999847412109,53.0099983215332,51.72999954223633,52.470001220703125,51.82167434692383,783000
COO,2006-03-07,52.470001220703125,53.09999847412109,52.220001220703125,52.77000045776367,52.11795425415039,742000
COO,2006-03-08,49.88999938964844,51.06999969482422,49.5,50.41999816894531,49.796993255615234,5008900
COO,2006-03-09,50.41999816894531,51.20000076293945,50.0,50.290000915527344,49.66859817504883,1427400
COO,2006-03-10,50.34999847412109,51.15999984741211,50.34999847412109,51.150001525878906,50.517974853515625,451000
COO,2006-03-13,51.5,52.650001525878906,51.5,52.29999923706055,51.65377807617188,950800
COO,2006-03-14,52.34999847412109,53.36000061035156,52.27000045776367,53.209999084472656,52.552520751953125,810500
COO,2006-03-15,53.209999084472656,53.650001525878906,53.09999847412109,53.650001525878906,52.98708724975586,456600
COO,2006-03-16,53.63999938964844,54.29999923706055,53.220001220703125,53.59000015258789,52.927825927734375,383300
COO,2006-03-17,53.84999847412109,54.119998931884766,53.720001220703125,53.9900016784668,53.32289123535156,410200
COO,2006-03-20,54.34999847412109,54.43000030517578,53.93999862670898,54.41999816894531,53.7475700378418,672600
COO,2006-03-21,54.650001525878906,56.0,54.650001525878906,55.18999862670898,54.508056640625,1014700
COO,2006-03-22,55.29999923706055,56.79999923706055,55.20000076293945,56.43000030517578,55.73273086547852,744400
COO,2006-03-23,56.380001068115234,56.5099983215332,55.150001525878906,56.29999923706055,55.60434341430664,330200
COO,2006-03-24,56.29999923706055,56.45000076293945,55.220001220703125,55.540000915527344,54.85373306274414,415600
COO,2006-03-27,54.95000076293945,55.5,54.59999847412109,54.93999862670898,54.26115417480469,440200
COO,2006-03-28,54.81999969482422,54.900001525878906,53.810001373291016,54.08000183105469,53.41178512573242,407000
COO,2006-03-29,54.20000076293945,55.11000061035156,54.060001373291016,54.27999877929688,53.60930633544922,394900
COO,2006-03-30,54.34999847412109,54.93999862670898,54.16999816894531,54.59999847412109,53.92534637451172,233200
COO,2006-03-31,54.59999847412109,54.61000061035156,53.27000045776367,54.02999877929688,53.36240005493164,709800
COO,2006-04-03,54.09999847412109,54.13999938964844,53.119998931884766,53.18999862670898,52.53277206420898,445100
COO,2006-04-04,53.09999847412109,53.630001068115234,52.79999923706055,53.0,52.34511947631836,326200
COO,2006-04-05,52.97999954223633,53.5,52.47999954223633,52.77000045776367,52.11795425415039,558500
COO,2006-04-06,52.790000915527344,53.20000076293945,52.790000915527344,53.08000183105469,52.42413711547852,316700
COO,2006-04-07,53.20000076293945,53.91999816894531,53.09999847412109,53.18000030517578,52.52289581298828,297500
COO,2006-04-10,53.09999847412109,53.09999847412109,52.16999816894531,52.400001525878906,51.752532958984375,208200
COO,2006-04-11,53.0,53.54999923706055,52.5,53.09999847412109,52.44388198852539,989100
COO,2006-04-12,52.95000076293945,54.70000076293945,52.68000030517578,54.40999984741211,53.73768997192383,811900
COO,2006-04-13,54.25,54.470001220703125,53.59999847412109,54.2599983215332,53.589542388916016,441000
COO,2006-04-17,54.15999984741211,54.36000061035156,53.7400016784668,54.09999847412109,53.431522369384766,538500
COO,2006-04-18,54.04999923706055,54.63999938964844,53.310001373291016,54.13999938964844,53.47103500366211,289200
COO,2006-04-19,54.04999923706055,54.27000045776367,53.040000915527344,53.2599983215332,52.60189437866211,374200
COO,2006-04-20,53.15999984741211,53.900001525878906,53.0099983215332,53.720001220703125,53.05622482299805,290700
COO,2006-04-21,53.720001220703125,53.81999969482422,52.52999877929688,52.900001525878906,52.246368408203125,276200
COO,2006-04-24,53.79999923706055,54.58000183105469,53.2599983215332,54.09000015258789,53.421661376953125,414500
COO,2006-04-25,53.9900016784668,53.9900016784668,52.09999847412109,52.970001220703125,52.31548690795898,538200
COO,2006-04-26,53.06999969482422,54.0,52.84999847412109,53.04999923706055,52.39449691772461,432400
COO,2006-04-27,53.0,53.81999969482422,52.77000045776367,53.75,53.08584976196289,309700
COO,2006-04-28,53.75,55.08000183105469,53.75,54.81999969482422,54.14262771606445,492600
COO,2006-05-01,54.869998931884766,55.02000045776367,54.119998931884766,54.400001525878906,53.72780990600586,420900
COO,2006-05-02,54.369998931884766,54.369998931884766,53.29999923706055,53.81999969482422,53.15499114990234,242900
COO,2006-05-03,53.65999984741211,54.20000076293945,53.09000015258789,53.13999938964844,52.48339080810547,566000
COO,2006-05-04,53.09999847412109,53.45000076293945,52.2599983215332,52.79999923706055,52.147586822509766,503500
COO,2006-05-05,52.810001373291016,53.91999816894531,52.810001373291016,53.650001525878906,52.98708724975586,253700
COO,2006-05-08,53.54999923706055,54.59999847412109,53.33000183105469,54.43000030517578,53.75745391845703,265800
COO,2006-05-09,54.43000030517578,54.900001525878906,54.2400016784668,54.61000061035156,53.93523025512695,211900
COO,2006-05-10,54.45000076293945,54.45000076293945,53.0,53.11000061035156,52.453758239746094,262100
COO,2006-05-11,53.09999847412109,54.54999923706055,53.04999923706055,54.09999847412109,53.431522369384766,495100
COO,2006-05-12,53.84999847412109,53.84999847412109,52.33000183105469,52.630001068115234,51.97969055175781,316400
COO,2006-05-15,52.400001525878906,53.84999847412109,51.900001525878906,52.650001525878906,51.99944305419922,390600
COO,2006-05-16,52.59000015258789,53.34000015258789,52.2400016784668,53.310001373291016,52.65128707885742,429700
COO,2006-05-17,53.09999847412109,53.2400016784668,52.470001220703125,52.560001373291016,51.91057968139648,308300
COO,2006-05-18,52.52000045776367,52.560001373291016,52.150001525878906,52.400001525878906,51.752532958984375,296700
COO,2006-05-19,52.400001525878906,52.47999954223633,50.709999084472656,51.790000915527344,51.15006637573242,588600
COO,2006-05-22,51.68999862670898,52.16999816894531,51.13999938964844,52.040000915527344,51.39697265625,495900
COO,2006-05-23,52.06999969482422,52.400001525878906,51.650001525878906,52.369998931884766,51.72290802001953,515700
COO,2006-05-24,52.38999938964844,52.61000061035156,51.27999877929688,52.33000183105469,51.68339920043945,465100
COO,2006-05-25,52.43000030517578,52.59000015258789,51.54999923706055,51.77999877929688,51.14019393920898,427500
COO,2006-05-26,49.220001220703125,49.2599983215332,44.75,47.58000183105469,46.99208831787109,5543600
COO,2006-05-30,47.25,48.43000030517578,46.70000076293945,46.95000076293945,46.36988830566406,1113500
COO,2006-05-31,46.970001220703125,47.54999923706055,46.43000030517578,47.34999847412109,46.76493453979492,849900
COO,2006-06-01,47.25,48.38999938964844,47.060001373291016,48.20000076293945,47.60441970825195,609000
COO,2006-06-02,48.29999923706055,48.93000030517578,48.119998931884766,48.59999847412109,47.99948120117188,729700
COO,2006-06-05,48.52000045776367,48.869998931884766,48.02000045776367,48.400001525878906,47.80196762084961,753500
COO,2006-06-06,48.400001525878906,48.7400016784668,47.0,47.68999862670898,47.10072708129883,698400
COO,2006-06-07,45.09999847412109,46.95000076293945,45.0,46.27999877929688,45.708152770996094,1828900
COO,2006-06-08,46.16999816894531,47.13999938964844,45.70000076293945,47.08000183105469,46.49827194213867,944600
COO,2006-06-09,47.150001525878906,49.119998931884766,46.959999084472656,47.02000045776367,46.43901443481445,815400
COO,2006-06-12,46.900001525878906,47.22999954223633,46.470001220703125,46.54999923706055,46.0041618347168,485600
COO,2006-06-13,46.59999847412109,47.150001525878906,45.5099983215332,45.709999084472656,45.17401885986328,575600
COO,2006-06-14,45.61000061035156,45.77999877929688,43.9900016784668,44.70000076293945,44.17586135864258,1051800
COO,2006-06-15,44.84999847412109,45.880001068115234,44.70000076293945,45.41999816894531,44.88740921020508,1138800
COO,2006-06-16,45.27000045776367,45.650001525878906,44.869998931884766,44.93000030517578,44.40317153930664,653700
COO,2006-06-19,45.0,45.880001068115234,44.970001220703125,45.060001373291016,44.531646728515625,566000
COO,2006-06-20,45.18999862670898,45.18999862670898,43.45000076293945,44.04999923706055,43.53348159790039,516400
COO,2006-06-21,44.04999923706055,44.36000061035156,43.45000076293945,43.970001220703125,43.45441818237305,577200
COO,2006-06-22,43.79999923706055,43.79999923706055,42.93999862670898,43.59999847412109,43.08876037597656,556900
COO,2006-06-23,43.59999847412109,44.880001068115234,41.84999847412109,44.09000015258789,43.573001861572266,1636600
COO,2006-06-26,43.9900016784668,44.34000015258789,43.310001373291016,43.650001525878906,43.13818359375,515900
COO,2006-06-27,43.70000076293945,44.58000183105469,43.310001373291016,43.4900016784668,42.98005294799805,570200
COO,2006-06-28,43.5,43.709999084472656,43.290000915527344,43.54999923706055,43.039337158203125,348800
COO,2006-06-29,43.56999969482422,45.0,43.56999969482422,44.790000915527344,44.26479721069336,585100
COO,2006-06-30,44.900001525878906,45.060001373291016,44.119998931884766,44.290000915527344,43.77066802978516,379400
COO,2006-07-03,44.38999938964844,44.880001068115234,43.9900016784668,44.83000183105469,44.30433654785156,146500
COO,2006-07-05,44.5,44.72999954223633,44.0,44.63999938964844,44.11655807495117,321600
COO,2006-07-06,44.540000915527344,44.59000015258789,43.630001068115234,43.77000045776367,43.25675582885742,262300
COO,2006-07-07,43.66999816894531,43.84999847412109,43.11000061035156,43.43999862670898,42.930641174316406,431800
COO,2006-07-10,43.75,44.84999847412109,43.72999954223633,44.650001525878906,44.12645721435547,466400
COO,2006-07-11,44.20000076293945,44.369998931884766,43.75,44.04999923706055,43.53348159790039,366700
COO,2006-07-12,43.95000076293945,44.43000030517578,43.630001068115234,43.93000030517578,43.41489028930664,557500
COO,2006-07-13,43.79999923706055,44.31999969482422,43.56999969482422,44.09000015258789,43.573001861572266,574000
COO,2006-07-14,44.04999923706055,44.04999923706055,43.0,43.119998931884766,42.61438751220703,377100
COO,2006-07-17,43.02000045776367,43.75,43.0,43.43999862670898,42.930641174316406,561500
COO,2006-07-18,43.43000030517578,43.56999969482422,43.09999847412109,43.4900016784668,42.98005294799805,262000
COO,2006-07-19,43.54999923706055,44.45000076293945,43.45000076293945,44.06999969482422,43.553253173828125,425100
COO,2006-07-20,44.0,44.04999923706055,43.08000183105469,43.27000045776367,42.76262283325195,201000
COO,2006-07-21,43.20000076293945,43.22999954223633,42.43000030517578,42.880001068115234,42.37720489501953,469300
COO,2006-07-24,43.0,43.0,42.58000183105469,42.84999847412109,42.34755325317383,325100
COO,2006-07-25,42.95000076293945,43.5,42.540000915527344,43.150001525878906,42.64404678344727,308600
COO,2006-07-26,43.119998931884766,44.27000045776367,43.08000183105469,44.0,43.48406219482422,359300
COO,2006-07-27,44.040000915527344,44.04999923706055,42.72999954223633,42.869998931884766,42.3673210144043,230900
COO,2006-07-28,42.86000061035156,44.18999862670898,42.86000061035156,44.09000015258789,43.573001861572266,235700
COO,2006-07-31,44.06999969482422,44.34999847412109,43.68000030517578,44.20000076293945,43.68172454833984,309400
COO,2006-08-01,44.18000030517578,44.18000030517578,42.900001525878906,43.2400016784668,42.73299026489258,248500
COO,2006-08-02,43.25,43.66999816894531,42.59999847412109,42.66999816894531,42.16965103149414,473200
COO,2006-08-03,42.16999816894531,42.77000045776367,41.93999862670898,42.56999969482422,42.07083511352539,587100
COO,2006-08-04,43.150001525878906,43.31999969482422,42.52999877929688,42.63999938964844,42.1400146484375,309800
COO,2006-08-07,42.540000915527344,42.84000015258789,42.52000045776367,42.619998931884766,42.12025833129883,223700
COO,2006-08-08,44.59999847412109,46.18000030517578,44.59999847412109,45.66999816894531,45.13448715209961,1351400
COO,2006-08-09,45.84999847412109,46.5,45.810001373291016,45.93000030517578,45.39143753051758,474000
COO,2006-08-10,47.04999923706055,50.70000076293945,47.040000915527344,48.0,47.43717193603516,1652300
COO,2006-08-11,48.0099983215332,48.400001525878906,47.560001373291016,48.11000061035156,47.545875549316406,607500
COO,2006-08-14,48.29999923706055,49.27999877929688,48.290000915527344,48.90999984741211,48.33649826049805,593400
COO,2006-08-15,49.20000076293945,49.459999084472656,48.08000183105469,48.93999862670898,48.36613845825195,308700
COO,2006-08-16,49.150001525878906,49.59999847412109,48.560001373291016,48.70000076293945,48.12896347045898,619200
COO,2006-08-17,48.45000076293945,48.90999984741211,47.93999862670898,48.470001220703125,47.90165710449219,521500
COO,2006-08-18,48.43000030517578,48.43000030517578,47.540000915527344,48.0099983215332,47.44704055786133,536500
COO,2006-08-21,47.79999923706055,48.09000015258789,47.630001068115234,47.79999923706055,47.239501953125,415500
COO,2006-08-22,47.79999923706055,47.900001525878906,47.40999984741211,47.4900016784668,46.933143615722656,196200
COO,2006-08-23,47.560001373291016,47.7400016784668,46.709999084472656,46.88999938964844,46.340179443359375,209900
COO,2006-08-24,46.93000030517578,47.68000030517578,46.72999954223633,47.380001068115234,46.82442855834961,420400
COO,2006-08-25,47.5,47.790000915527344,47.5,47.720001220703125,47.16045379638672,165200
COO,2006-08-28,47.77999877929688,48.630001068115234,47.72999954223633,48.43999862670898,47.87202072143555,363100
COO,2006-08-29,48.54999923706055,49.220001220703125,47.970001220703125,49.11000061035156,48.534141540527344,485100
COO,2006-08-30,49.09999847412109,49.52999877929688,48.95000076293945,49.369998931884766,48.79109573364258,383300
COO,2006-08-31,49.58000183105469,50.43999862670898,49.58000183105469,49.97999954223633,49.39394760131836,395800
COO,2006-09-01,49.970001220703125,50.650001525878906,49.900001525878906,50.52999877929688,49.9375,408900
COO,2006-09-05,50.630001068115234,51.310001373291016,50.43000030517578,50.86000061035156,50.26362228393555,1001600
COO,2006-09-06,50.61000061035156,50.630001068115234,49.5099983215332,49.630001068115234,49.04805374145508,595400
COO,2006-09-07,49.25,49.9900016784668,49.18000030517578,49.4900016784668,48.90970230102539,523100
COO,2006-09-08,52.5,54.59999847412109,52.29999923706055,54.20000076293945,53.56446075439453,3255000
COO,2006-09-11,53.95000076293945,55.04999923706055,53.34999847412109,54.95000076293945,54.30566787719727,1362100
COO,2006-09-12,54.75,55.900001525878906,54.75,55.58000183105469,54.92829132080078,912300
COO,2006-09-13,55.70000076293945,56.77999877929688,55.43000030517578,56.70000076293945,56.03514862060547,792400
COO,2006-09-14,56.29999923706055,56.36000061035156,55.5,55.93999862670898,55.284061431884766,437000
COO,2006-09-15,56.0,56.09999847412109,55.36000061035156,55.95000076293945,55.29395294189453,545800
COO,2006-09-18,55.75,55.86000061035156,54.93000030517578,55.2400016784668,54.59226989746094,425700
COO,2006-09-19,55.650001525878906,55.77999877929688,54.93999862670898,55.15999984741211,54.51321029663086,343000
COO,2006-09-20,55.25,56.16999816894531,54.83000183105469,56.09999847412109,55.44218063354492,544700
COO,2006-09-21,56.08000183105469,56.08000183105469,55.11000061035156,55.220001220703125,54.57250213623047,474800
COO,2006-09-22,55.0,55.34999847412109,53.970001220703125,54.15999984741211,53.52494812011719,475700
COO,2006-09-25,54.0,54.79999923706055,54.0,54.63999938964844,53.99931335449219,284500
COO,2006-09-26,54.380001068115234,54.52000045776367,53.95000076293945,54.11000061035156,53.47552490234375,378400
COO,2006-09-27,54.0,54.02999877929688,53.2400016784668,53.4900016784668,52.86279678344727,623600
COO,2006-09-28,53.459999084472656,54.38999938964844,53.31999969482422,54.209999084472656,53.574344635009766,643400
COO,2006-09-29,54.150001525878906,54.369998931884766,53.4900016784668,53.5,52.872676849365234,364200
COO,2006-10-02,53.5099983215332,53.61000061035156,52.630001068115234,53.0,52.378536224365234,341600
COO,2006-10-03,53.0,53.0,52.09000015258789,52.31999969482422,51.70651245117188,304300
COO,2006-10-04,52.09999847412109,52.83000183105469,51.81999969482422,52.83000183105469,52.21052932739258,335400
COO,2006-10-05,52.75,53.75,52.75,53.619998931884766,52.99126052856445,265300
COO,2006-10-06,53.45000076293945,53.45000076293945,52.5,52.79999923706055,52.18088150024414,156500
COO,2006-10-09,52.79999923706055,53.08000183105469,52.70000076293945,52.86000061035156,52.24018478393555,166900
COO,2006-10-10,52.79999923706055,53.0,52.29999923706055,52.459999084472656,51.844871520996094,238500
COO,2006-10-11,52.5,54.09999847412109,52.40999984741211,53.84000015258789,53.20869827270508,465000
COO,2006-10-12,53.900001525878906,55.59999847412109,53.900001525878906,55.45000076293945,54.7998161315918,718400
COO,2006-10-13,55.54999923706055,56.4900016784668,54.91999816894531,56.0,55.34335708618164,638800
COO,2006-10-16,55.900001525878906,56.29999923706055,55.75,56.22999954223633,55.57066345214844,383500
COO,2006-10-17,55.95000076293945,56.130001068115234,55.65999984741211,56.02000045776367,55.36312484741211,381200
COO,2006-10-18,56.25,56.70000076293945,56.0,56.25,55.59042739868164,296000
COO,2006-10-19,56.20000076293945,57.959999084472656,56.09999847412109,57.7599983215332,57.08272171020508,675200
COO,2006-10-20,57.75,58.380001068115234,57.470001220703125,58.25,57.56697845458984,911100
COO,2006-10-23,58.25,58.93999862670898,58.04999923706055,58.54999923706055,57.86345672607422,412900
COO,2006-10-24,58.54999923706055,58.720001220703125,57.70000076293945,57.95000076293945,57.2705078125,378100
COO,2006-10-25,57.880001068115234,58.70000076293945,57.650001525878906,58.54999923706055,57.86345672607422,292200
COO,2006-10-26,58.29999923706055,58.91999816894531,58.04999923706055,58.709999084472656,58.02159118652344,301800
COO,2006-10-27,58.61000061035156,58.61000061035156,57.84999847412109,57.84999847412109,57.17168045043945,186100
COO,2006-10-30,57.75,57.959999084472656,57.400001525878906,57.810001373291016,57.13213348388672,362800
COO,2006-10-31,57.79999923706055,57.86000061035156,57.45000076293945,57.630001068115234,56.95423889160156,204900
COO,2006-11-01,57.59999847412109,58.27000045776367,57.470001220703125,57.630001068115234,56.95423889160156,541900
COO,2006-11-02,57.52999877929688,57.52999877929688,56.619998931884766,56.790000915527344,56.12409591674805,755300
COO,2006-11-03,56.650001525878906,56.790000915527344,54.84000015258789,55.09000015258789,54.44402694702149,989700
COO,2006-11-06,55.0,55.5099983215332,53.54999923706055,55.34999847412109,54.700984954833984,358700
COO,2006-11-07,55.09999847412109,55.18000030517578,54.34999847412109,54.56999969482422,53.93013381958008,561200
COO,2006-11-08,54.400001525878906,54.70000076293945,53.84000015258789,53.88999938964844,53.25809097290039,493500
COO,2006-11-09,53.79999923706055,54.380001068115234,53.54999923706055,53.86000061035156,53.22845077514648,529100
COO,2006-11-10,53.75,57.66999816894531,53.119998931884766,53.41999816894531,52.79361343383789,801000
COO,2006-11-13,53.150001525878906,53.70000076293945,52.900001525878906,53.66999816894531,53.040672302246094,562400
COO,2006-11-14,53.77999877929688,54.150001525878906,53.29999923706055,53.84999847412109,53.21857070922852,399800
COO,2006-11-15,53.83000183105469,53.97999954223633,53.65999984741211,53.81999969482422,53.188926696777344,475700
COO,2006-11-16,53.900001525878906,54.09000015258789,53.68999862670898,54.02000045776367,53.38658142089844,274800
COO,2006-11-17,53.84999847412109,54.0,53.619998931884766,53.650001525878906,53.02091217041016,324200
COO,2006-11-20,53.5,53.720001220703125,53.29999923706055,53.560001373291016,52.931976318359375,201500
COO,2006-11-21,53.5099983215332,53.709999084472656,53.43000030517578,53.58000183105469,52.95173645019531,212800
COO,2006-11-22,53.59999847412109,54.09999847412109,53.58000183105469,53.97999954223633,53.3470344543457,163400
COO,2006-11-24,53.79999923706055,54.0,53.650001525878906,53.79999923706055,53.16915512084961,42400
COO,2006-11-27,53.70000076293945,54.0,53.59999847412109,53.86000061035156,53.22845077514648,358200
COO,2006-11-28,53.650001525878906,53.84999847412109,53.18000030517578,53.59999847412109,52.971492767333984,372800
COO,2006-11-29,54.0,54.20000076293945,53.75,53.970001220703125,53.33715438842773,263100
COO,2006-11-30,53.97999954223633,54.13999938964844,53.75,53.970001220703125,53.33715438842773,329500
COO,2006-12-01,53.970001220703125,54.290000915527344,53.900001525878906,54.130001068115234,53.49528884887695,352700
COO,2006-12-04,54.130001068115234,54.459999084472656,54.0,54.150001525878906,53.51504898071289,330600
COO,2006-12-05,54.0,54.04999923706055,53.09000015258789,53.150001525878906,52.52678680419922,716900
COO,2006-12-06,53.0,54.119998931884766,52.84999847412109,53.72999954223633,53.09998321533203,590200
COO,2006-12-07,53.650001525878906,54.61000061035156,53.5,53.7400016784668,53.109859466552734,397300
COO,2006-12-08,53.84999847412109,54.040000915527344,53.540000915527344,53.59000015258789,52.961612701416016,635100
COO,2006-12-11,53.79999923706055,53.79999923706055,52.52999877929688,52.66999816894531,52.052391052246094,855900
COO,2006-12-12,51.04999923706055,51.5,48.95000076293945,49.45000076293945,48.87016677856445,3820400
COO,2006-12-13,43.09999847412109,44.900001525878906,42.75,44.59000015258789,44.09390258789063,8666300
COO,2006-12-14,44.59999847412109,44.83000183105469,44.130001068115234,44.18999862670898,43.698341369628906,1594300
COO,2006-12-15,44.59999847412109,44.93000030517578,44.400001525878906,44.84000015258789,44.34111022949219,1178200
COO,2006-12-18,44.09999847412109,44.56999969482422,43.93999862670898,44.02000045776367,43.53024291992188,1525700
COO,2006-12-19,43.900001525878906,45.13999938964844,43.900001525878906,45.02000045776367,44.51911544799805,1193700
COO,2006-12-20,45.060001373291016,45.650001525878906,44.75,45.5,44.9937744140625,898000
COO,2006-12-21,45.59999847412109,45.7599983215332,44.790000915527344,45.459999084472656,44.954227447509766,829600
COO,2006-12-22,45.630001068115234,45.63999938964844,44.7599983215332,45.06999969482422,44.56855773925781,433400
COO,2006-12-26,45.119998931884766,45.61000061035156,44.540000915527344,45.43000030517578,44.92456817626953,324100
COO,2006-12-27,45.27000045776367,45.27000045776367,44.84999847412109,45.0,44.49933624267578,480500
COO,2006-12-28,45.0,45.0099983215332,44.47999954223633,44.56999969482422,44.074127197265625,519200
COO,2006-12-29,44.54999923706055,44.84000015258789,44.41999816894531,44.5,44.00490188598633,504700
COO,2007-01-03,43.90999984741211,44.20000076293945,43.52000045776367,43.790000915527344,43.30280685424805,761100
COO,2007-01-04,44.02000045776367,46.88999938964844,44.02000045776367,45.61000061035156,45.10254669189453,3537100
COO,2007-01-05,45.09000015258789,47.5099983215332,45.09000015258789,47.0099983215332,46.48696517944336,2134100
COO,2007-01-08,46.86000061035156,47.630001068115234,45.970001220703125,46.75,46.22987747192383,1209100
COO,2007-01-09,46.630001068115234,46.630001068115234,45.93999862670898,46.2599983215332,45.74531936645508,563300
COO,2007-01-10,46.34999847412109,51.97999954223633,45.9900016784668,51.38999938964844,50.8182487487793,5484300
COO,2007-01-11,52.060001373291016,53.0,51.02999877929688,51.43999862670898,50.86767959594727,2874800
COO,2007-01-12,51.5,52.04999923706055,51.310001373291016,51.63999938964844,51.06547164916992,809600
COO,2007-01-16,51.459999084472656,51.810001373291016,50.869998931884766,51.47999954223633,50.90724182128906,1124900
COO,2007-01-17,51.47999954223633,51.5,49.95000076293945,50.650001525878906,50.08647918701172,1338300
COO,2007-01-18,50.54999923706055,50.54999923706055,49.470001220703125,50.18999862670898,49.631595611572266,965700
COO,2007-01-19,50.59999847412109,50.70000076293945,49.9900016784668,50.08000183105469,49.5228271484375,870900
COO,2007-01-22,45.5,47.63999938964844,45.4900016784668,46.83000183105469,46.30898284912109,2807700
COO,2007-01-23,46.9900016784668,47.81999969482422,46.5,47.59999847412109,47.07041931152344,1236500
COO,2007-01-24,47.650001525878906,47.66999816894531,47.16999816894531,47.61000061035156,47.08030700683594,634900
COO,2007-01-25,47.619998931884766,48.27000045776367,47.27000045776367,47.90999984741211,47.37697982788086,1056000
COO,2007-01-26,47.7400016784668,47.84999847412109,47.04999923706055,47.16999816894531,46.64520263671875,704500
COO,2007-01-29,47.27000045776367,47.33000183105469,46.2599983215332,46.7400016784668,46.2199821472168,707200
COO,2007-01-30,47.060001373291016,47.09000015258789,46.43000030517578,46.68000030517578,46.16065216064453,502100
COO,2007-01-31,46.63999938964844,47.7599983215332,46.4900016784668,47.70000076293945,47.16929244995117,882300
COO,2007-02-01,48.0,49.0,47.900001525878906,48.29999923706055,47.76263046264648,772800
COO,2007-02-02,48.119998931884766,48.7400016784668,47.97999954223633,48.36000061035156,47.821964263916016,598800
COO,2007-02-05,48.11000061035156,48.29999923706055,47.34000015258789,47.75,47.218746185302734,771900
COO,2007-02-06,47.75,47.95000076293945,46.4900016784668,47.209999084472656,46.68474578857422,926700
COO,2007-02-07,47.15999984741211,47.29999923706055,46.08000183105469,46.33000183105469,45.81454086303711,1038600
COO,2007-02-08,46.380001068115234,46.86000061035156,46.130001068115234,46.65999984741211,46.1408805847168,611700
COO,2007-02-09,46.72999954223633,47.02000045776367,46.33000183105469,46.34999847412109,45.83432769775391,378400
COO,2007-02-12,46.36000061035156,46.400001525878906,45.86000061035156,46.04999923706055,45.53765106201172,624500
COO,2007-02-13,46.04999923706055,46.310001373291016,45.7400016784668,46.08000183105469,45.56731033325195,608000
COO,2007-02-14,46.08000183105469,46.7599983215332,45.95000076293945,46.13999938964844,45.626651763916016,1146000
COO,2007-02-15,46.18999862670898,46.54999923706055,45.84999847412109,46.40999984741211,45.893653869628906,1122300
COO,2007-02-16,46.400001525878906,46.650001525878906,45.54999923706055,46.650001525878906,46.13098907470703,1316400
COO,2007-02-20,46.619998931884766,47.20000076293945,45.90999984741211,46.900001525878906,46.378196716308594,1146700
COO,2007-02-21,46.88999938964844,47.75,46.84999847412109,47.40999984741211,46.88252639770508,1027500
COO,2007-02-22,47.66999816894531,47.880001068115234,46.61000061035156,47.11000061035156,46.58586502075195,476400
COO,2007-02-23,47.11000061035156,47.45000076293945,46.5,47.18000030517578,46.655086517333984,653500
COO,2007-02-26,47.25,47.33000183105469,46.43000030517578,46.470001220703125,45.95297622680664,896700
COO,2007-02-27,46.400001525878906,46.43999862670898,45.45000076293945,46.0,45.48820495605469,636100
COO,2007-02-28,45.869998931884766,46.459999084472656,45.20000076293945,45.90999984741211,45.39921951293945,636500
COO,2007-03-01,45.88999938964844,47.810001373291016,45.34000015258789,45.970001220703125,45.45855331420898,615400
COO,2007-03-02,46.0099983215332,46.290000915527344,45.75,46.0,45.48820495605469,669700
COO,2007-03-05,45.91999816894531,46.40999984741211,44.400001525878906,45.84999847412109,45.339874267578125,709100
COO,2007-03-06,46.02000045776367,46.04999923706055,43.900001525878906,45.310001373291016,44.80590438842773,1029200
COO,2007-03-07,45.18000030517578,45.72999954223633,44.83000183105469,45.25,44.74656295776367,655100
COO,2007-03-08,45.34999847412109,45.86000061035156,45.09000015258789,45.709999084472656,45.201438903808594,660300
COO,2007-03-09,48.0099983215332,48.959999084472656,45.84000015258789,47.81999969482422,47.28797149658203,2500800
COO,2007-03-12,47.5099983215332,48.400001525878906,46.7400016784668,46.9900016784668,46.46720886230469,1062500
COO,2007-03-13,46.810001373291016,47.0099983215332,46.02000045776367,46.13999938964844,45.626651763916016,510000
COO,2007-03-14,46.04999923706055,46.77000045776367,45.54999923706055,46.61000061035156,46.091434478759766,507700
COO,2007-03-15,46.810001373291016,47.119998931884766,46.5,46.83000183105469,46.30898284912109,310600
COO,2007-03-16,46.91999816894531,47.0,46.290000915527344,46.560001373291016,46.0419807434082,413500
COO,2007-03-19,46.810001373291016,47.09000015258789,46.29999923706055,46.59000015258789,46.0716438293457,547000
COO,2007-03-20,46.75,47.43000030517578,46.34000015258789,47.310001373291016,46.78363800048828,650700
COO,2007-03-21,47.560001373291016,47.68000030517578,46.630001068115234,47.2599983215332,46.73419570922852,638700
COO,2007-03-22,47.43999862670898,48.09000015258789,47.150001525878906,48.08000183105469,47.54507064819336,527700
COO,2007-03-23,47.90999984741211,48.84999847412109,47.81999969482422,48.630001068115234,48.08894348144531,647000
COO,2007-03-26,48.630001068115234,48.90999984741211,48.34999847412109,48.52000045776367,47.98018264770508,662100
COO,2007-03-27,48.65999984741211,49.150001525878906,47.93999862670898,48.61000061035156,48.06917572021485,567800
COO,2007-03-28,48.59999847412109,49.09999847412109,48.41999816894531,48.720001220703125,48.17796325683594,423000
COO,2007-03-29,48.83000183105469,49.040000915527344,48.36000061035156,48.59999847412109,48.05928421020508,495600
COO,2007-03-30,48.75,48.90999984741211,48.43999862670898,48.619998931884766,48.07905960083008,290800
COO,2007-04-02,48.79999923706055,49.0099983215332,48.52000045776367,48.84999847412109,48.3065071105957,388800
COO,2007-04-03,48.59999847412109,49.43999862670898,48.59999847412109,49.02999877929688,48.484500885009766,620000
COO,2007-04-04,48.880001068115234,49.060001373291016,48.209999084472656,48.75,48.20762252807617,366500
COO,2007-04-05,48.619998931884766,49.72999954223633,48.52000045776367,49.68000030517578,49.12726593017578,310700
COO,2007-04-09,49.59999847412109,49.970001220703125,48.970001220703125,49.93999862670898,49.38437271118164,375800
COO,2007-04-10,49.65999984741211,49.91999816894531,49.060001373291016,49.459999084472656,48.90973281860352,785000
COO,2007-04-11,49.79999923706055,50.88999938964844,49.75,50.52999877929688,49.967811584472656,725300
COO,2007-04-12,50.400001525878906,50.79999923706055,50.22999954223633,50.720001220703125,50.15570068359375,758300
COO,2007-04-13,50.7599983215332,51.650001525878906,50.0099983215332,50.36000061035156,49.79970932006836,649600
COO,2007-04-16,50.33000183105469,50.70000076293945,50.02999877929688,50.25,49.6909294128418,799300
COO,2007-04-17,50.34999847412109,50.45000076293945,50.13999938964844,50.369998931884766,49.80959701538086,207900
COO,2007-04-18,50.209999084472656,50.59000015258789,49.61000061035156,50.11000061035156,49.55248260498047,297700
COO,2007-04-19,49.90999984741211,50.040000915527344,49.52999877929688,49.880001068115234,49.325042724609375,221400
COO,2007-04-20,50.09999847412109,50.11000061035156,49.43000030517578,49.900001525878906,49.34483337402344,516600
COO,2007-04-23,49.970001220703125,50.2599983215332,49.59000015258789,49.77999877929688,49.22615051269531,660200
COO,2007-04-24,49.7599983215332,49.810001373291016,49.09999847412109,49.310001373291016,48.76139068603516,484500
COO,2007-04-25,49.41999816894531,49.720001220703125,49.15999984741211,49.560001373291016,49.00860595703125,248300
COO,2007-04-26,49.59999847412109,50.43000030517578,49.31999969482422,50.2599983215332,49.70082092285156,428800
COO,2007-04-27,50.54999923706055,51.43999862670898,50.45000076293945,51.34000015258789,50.768802642822266,590900
COO,2007-04-30,51.560001373291016,51.75,50.81999969482422,51.09999847412109,50.53146743774414,670800
COO,2007-05-01,51.04999923706055,51.52999877929688,50.02999877929688,51.29999923706055,50.72924041748047,832900
COO,2007-05-02,51.4900016784668,52.43999862670898,51.43000030517578,52.130001068115234,51.55000305175781,723500
COO,2007-05-03,51.959999084472656,52.5,51.63999938964844,52.2400016784668,51.658790588378906,418400
COO,2007-05-04,52.70000076293945,52.84999847412109,51.34000015258789,51.95000076293945,51.37202453613281,584400
COO,2007-05-07,51.9900016784668,52.04999923706055,51.29999923706055,51.77999877929688,51.20391082763672,180200
COO,2007-05-08,51.52999877929688,51.58000183105469,50.310001373291016,51.2599983215332,50.689697265625,961300
COO,2007-05-09,51.27000045776367,51.560001373291016,50.68000030517578,51.18000030517578,50.61058044433594,386900
COO,2007-05-10,51.2599983215332,51.34999847412109,50.220001220703125,51.0,50.432579040527344,322500
COO,2007-05-11,50.900001525878906,50.95000076293945,50.43999862670898,50.560001373291016,49.997467041015625,267700
COO,2007-05-14,50.310001373291016,50.45000076293945,49.83000183105469,50.130001068115234,49.572265625,328500
COO,2007-05-15,50.04999923706055,51.0,50.04999923706055,50.540000915527344,49.97770690917969,408200
COO,2007-05-16,52.810001373291016,53.630001068115234,51.83000183105469,53.41999816894531,52.82565307617188,1636100
COO,2007-05-17,53.41999816894531,53.58000183105469,53.130001068115234,53.25,52.65755462646485,650400
COO,2007-05-18,53.13999938964844,53.470001220703125,52.65999984741211,53.29999923706055,52.706993103027344,505300
COO,2007-05-21,55.93000030517578,56.560001373291016,54.45000076293945,55.0,54.38808822631836,1201400
COO,2007-05-22,55.310001373291016,55.880001068115234,55.060001373291016,55.4900016784668,54.87263870239258,1241300
COO,2007-05-23,55.25,55.470001220703125,54.13999938964844,54.25,53.64644241333008,557500
COO,2007-05-24,54.75,55.380001068115234,54.400001525878906,54.75,54.14085006713867,1120700
COO,2007-05-25,54.88999938964844,55.16999816894531,54.68999862670898,54.869998931884766,54.25952911376953,600100
COO,2007-05-29,55.0,55.02999877929688,53.88999938964844,54.88999938964844,54.27930450439453,839000
COO,2007-05-30,54.84000015258789,55.650001525878906,54.45000076293945,55.56999969482422,54.95173645019531,950300
COO,2007-05-31,55.43999862670898,55.5,54.470001220703125,55.13999938964844,54.52651977539063,600400
COO,2007-06-01,55.13999938964844,55.56999969482422,54.79999923706055,55.45000076293945,54.83308029174805,627800
COO,2007-06-04,55.52999877929688,56.08000183105469,54.52000045776367,54.93000030517578,54.31886291503906,913500
COO,2007-06-05,54.29999923706055,54.720001220703125,53.27000045776367,54.09999847412109,53.49808883666992,935600
COO,2007-06-06,51.84000015258789,55.040000915527344,51.59999847412109,54.13999938964844,53.53765106201172,3228700
COO,2007-06-07,53.66999816894531,53.91999816894531,52.93999862670898,53.16999816894531,52.57843780517578,1066200
COO,2007-06-08,53.0,53.43000030517578,53.0,53.29999923706055,52.706993103027344,336200
COO,2007-06-11,53.09000015258789,53.86000061035156,52.790000915527344,53.61000061035156,53.04339599609375,639300
COO,2007-06-12,53.18000030517578,53.900001525878906,53.060001373291016,53.619998931884766,53.05328750610352,771400
COO,2007-06-13,52.93999862670898,54.22999954223633,52.93999862670898,53.810001373291016,53.24129867553711,679800
COO,2007-06-14,53.560001373291016,54.33000183105469,53.560001373291016,53.91999816894531,53.35011672973633,414000
COO,2007-06-15,53.959999084472656,54.36000061035156,53.959999084472656,54.150001525878906,53.57769775390625,351800
COO,2007-06-18,54.34999847412109,54.34999847412109,53.869998931884766,53.869998931884766,53.3006591796875,223400
COO,2007-06-19,53.959999084472656,54.560001373291016,53.959999084472656,54.38999938964844,53.81515121459961,289500
COO,2007-06-20,54.38999938964844,54.7400016784668,53.84000015258789,54.119998931884766,53.54801177978516,462700
COO,2007-06-21,54.119998931884766,54.630001068115234,53.63999938964844,54.400001525878906,53.82503890991211,701700
COO,2007-06-22,54.18999862670898,54.93000030517578,53.9900016784668,54.060001373291016,53.4886474609375,726500
COO,2007-06-25,54.2400016784668,54.400001525878906,53.31999969482422,53.58000183105469,53.01372146606445,491600
COO,2007-06-26,53.83000183105469,54.13999938964844,53.02999877929688,53.47999954223633,52.9147834777832,441400
COO,2007-06-27,53.47999954223633,53.88999938964844,53.119998931884766,53.540000915527344,52.97414779663086,322300
COO,2007-06-28,53.52999877929688,54.09000015258789,53.150001525878906,53.40999984741211,52.84551239013672,435200
COO,2007-06-29,53.65999984741211,53.84999847412109,52.70000076293945,53.31999969482422,52.756473541259766,355900
COO,2007-07-02,53.310001373291016,53.540000915527344,52.43999862670898,53.540000915527344,52.97414779663086,329300
COO,2007-07-03,53.5099983215332,54.08000183105469,53.310001373291016,53.47999954223633,52.9147834777832,211100
COO,2007-07-05,53.2599983215332,55.43000030517578,52.90999984741211,54.5099983215332,53.93388748168945,734600
COO,2007-07-06,54.29999923706055,55.0,54.18999862670898,54.84999847412109,54.27029800415039,497700
COO,2007-07-09,54.77000045776367,55.34999847412109,54.29999923706055,55.310001373291016,54.72544479370117,315900
COO,2007-07-10,54.86000061035156,55.08000183105469,53.93999862670898,54.11000061035156,53.53812789916992,263700
COO,2007-07-11,54.11000061035156,55.2599983215332,54.11000061035156,54.33000183105469,53.75579071044922,351300
COO,2007-07-12,54.33000183105469,54.709999084472656,53.650001525878906,54.41999816894531,53.8448371887207,390300
COO,2007-07-13,54.2400016784668,54.2400016784668,52.959999084472656,53.77999877929688,53.21160888671875,362200
COO,2007-07-16,53.459999084472656,53.59000015258789,52.63999938964844,53.40999984741211,52.84551239013672,430300
COO,2007-07-17,53.310001373291016,54.06999969482422,52.83000183105469,53.150001525878906,52.5882682800293,284200
COO,2007-07-18,53.56999969482422,53.56999969482422,52.04999923706055,52.84999847412109,52.29143142700195,293200
COO,2007-07-19,53.20000076293945,54.060001373291016,52.7400016784668,54.0099983215332,53.43917846679688,592200
COO,2007-07-20,53.97999954223633,54.27000045776367,53.41999816894531,53.52000045776367,52.9543571472168,378000
COO,2007-07-23,53.45000076293945,53.47999954223633,52.75,53.2599983215332,52.69708633422852,301900
COO,2007-07-24,53.0,53.52999877929688,52.709999084472656,53.11000061035156,52.54868698120117,280300
COO,2007-07-25,53.29999923706055,53.560001373291016,52.959999084472656,53.06999969482422,52.50911331176758,275800
COO,2007-07-26,52.52999877929688,52.66999816894531,51.5,52.18999862670898,51.6384162902832,498600
COO,2007-07-27,52.25,52.40999984741211,51.5,51.59000015258789,51.04475402832031,305800
COO,2007-07-30,51.36000061035156,51.70000076293945,51.0,51.45000076293945,50.90623474121094,501700
COO,2007-07-31,51.45000076293945,51.83000183105469,49.810001373291016,50.130001068115234,49.60018157958984,516300
COO,2007-08-01,49.869998931884766,52.04999923706055,49.869998931884766,51.72999954223633,51.18326568603516,462300
COO,2007-08-02,51.90999984741211,52.93999862670898,51.84999847412109,52.75,52.19248580932617,593700
COO,2007-08-03,52.959999084472656,54.02999877929688,52.7599983215332,53.209999084472656,52.64762878417969,519400
COO,2007-08-06,55.0,56.9900016784668,53.25,53.91999816894531,53.35011672973633,651600
COO,2007-08-07,53.900001525878906,54.70000076293945,53.22999954223633,54.56999969482422,53.99325180053711,794100
COO,2007-08-08,55.5,56.86000061035156,54.52000045776367,55.45000076293945,54.863956451416016,1270200
COO,2007-08-09,54.900001525878906,57.59999847412109,54.400001525878906,55.380001068115234,54.794700622558594,1834600
COO,2007-08-10,53.77999877929688,55.25,53.02000045776367,53.400001525878906,52.83562469482422,1089900
COO,2007-08-13,53.5,54.150001525878906,52.0,52.959999084472656,52.40027618408203,796500
COO,2007-08-14,53.0,53.0,51.869998931884766,51.93000030517578,51.38114929199219,297800
COO,2007-08-15,52.81999969482422,54.400001525878906,51.45000076293945,51.650001525878906,51.1041145324707,612300
COO,2007-08-16,51.29999923706055,51.47999954223633,49.93000030517578,50.630001068115234,50.09490585327149,928800
COO,2007-08-17,51.0,51.709999084472656,49.970001220703125,51.20000076293945,50.65887451171875,583900
COO,2007-08-20,51.400001525878906,52.47999954223633,51.220001220703125,51.86000061035156,51.31190490722656,338500
COO,2007-08-21,51.52000045776367,52.86000061035156,50.97999954223633,52.61000061035156,52.05398178100586,542300
COO,2007-08-22,52.66999816894531,52.84999847412109,51.59999847412109,51.95000076293945,51.40094757080078,228700
COO,2007-08-23,51.84999847412109,51.95000076293945,49.02000045776367,49.900001525878906,49.37261962890625,1060500
COO,2007-08-24,50.040000915527344,50.66999816894531,49.7400016784668,50.18999862670898,49.659549713134766,393700
COO,2007-08-27,50.18999862670898,50.790000915527344,49.84999847412109,50.33000183105469,49.79806900024414,392300
COO,2007-08-28,50.36000061035156,50.54999923706055,49.65999984741211,49.65999984741211,49.13515853881836,251000
COO,2007-08-29,50.13999938964844,50.25,49.18000030517578,49.5,48.976844787597656,437900
COO,2007-08-30,49.41999816894531,49.4900016784668,48.7400016784668,48.88999938964844,48.37328720092773,630800
COO,2007-08-31,48.880001068115234,49.47999954223633,47.95000076293945,48.7599983215332,48.24465560913086,730100
COO,2007-09-04,49.040000915527344,49.11000061035156,48.22999954223633,48.70000076293945,48.185302734375,790100
COO,2007-09-05,48.45000076293945,49.93999862670898,48.40999984741211,49.5,48.976844787597656,523200
COO,2007-09-06,49.70000076293945,50.45000076293945,49.5099983215332,49.68999862670898,49.16482925415039,939800
COO,2007-09-07,50.09000015258789,51.56999969482422,49.52000045776367,50.54999923706055,50.015743255615234,1999400
COO,2007-09-10,50.81999969482422,51.9900016784668,50.630001068115234,51.77999877929688,51.23274230957031,816100
COO,2007-09-11,51.84000015258789,52.40999984741211,51.59000015258789,52.040000915527344,51.489990234375,534000
COO,2007-09-12,52.18000030517578,53.36000061035156,51.90999984741211,52.81999969482422,52.261749267578125,697300
COO,2007-09-13,52.869998931884766,53.13999938964844,51.81999969482422,51.93000030517578,51.38114929199219,348500
COO,2007-09-14,51.91999816894531,51.95000076293945,51.33000183105469,51.84999847412109,51.302001953125,240900
COO,2007-09-17,51.83000183105469,51.83000183105469,50.41999816894531,51.16999816894531,50.629180908203125,304700
COO,2007-09-18,51.540000915527344,52.0,50.2400016784668,51.43999862670898,50.89633560180664,464000
COO,2007-09-19,51.61000061035156,52.91999816894531,51.61000061035156,52.040000915527344,51.489990234375,294700
COO,2007-09-20,52.119998931884766,52.56999969482422,51.880001068115234,52.13999938964844,51.58893966674805,161400
COO,2007-09-21,52.13999938964844,52.34000015258789,51.369998931884766,52.08000183105469,51.52956771850586,326800
COO,2007-09-24,52.11000061035156,52.27999877929688,51.27000045776367,52.06999969482422,51.51967239379883,297300
COO,2007-09-25,51.709999084472656,53.400001525878906,51.560001373291016,53.02999877929688,52.46953582763672,740900
COO,2007-09-26,53.060001373291016,54.47999954223633,53.060001373291016,54.22999954223633,53.65684509277344,335800
COO,2007-09-27,54.41999816894531,55.88999938964844,53.380001068115234,53.77000045776367,53.20170974731445,1318700
COO,2007-09-28,53.900001525878906,54.470001220703125,52.18000030517578,52.41999816894531,51.865970611572266,488900
COO,2007-10-01,52.709999084472656,53.0099983215332,52.2400016784668,52.40999984741211,51.85608673095703,368600
COO,2007-10-02,52.209999084472656,52.560001373291016,51.709999084472656,52.150001525878906,51.59883499145508,365000
COO,2007-10-03,52.15999984741211,53.52999877929688,51.52000045776367,52.119998931884766,51.56915664672852,385500
COO,2007-10-04,50.9900016784668,51.380001068115234,49.84000015258789,50.38999938964844,49.85743713378906,738900
COO,2007-10-05,50.380001068115234,51.40999984741211,50.040000915527344,50.310001373291016,49.77827835083008,358100
COO,2007-10-08,50.310001373291016,50.31999969482422,49.27000045776367,49.58000183105469,49.05599594116211,617500
COO,2007-10-09,47.56999969482422,48.0,45.400001525878906,47.43000030517578,46.92871475219727,2585100
COO,2007-10-10,47.68999862670898,47.9900016784668,47.22999954223633,47.77000045776367,47.2651252746582,1146800
COO,2007-10-11,47.61000061035156,47.65999984741211,46.63999938964844,46.970001220703125,46.47359085083008,859300
COO,2007-10-12,46.59000015258789,46.77999877929688,45.18999862670898,45.810001373291016,45.32583618164063,1201300
COO,2007-10-15,45.79999923706055,46.18000030517578,45.209999084472656,45.29999923706055,44.82122802734375,863300
COO,2007-10-16,45.2599983215332,45.34000015258789,44.33000183105469,44.66999816894531,44.19791030883789,777300
COO,2007-10-17,44.7599983215332,45.56999969482422,44.56999969482422,44.88999938964844,44.41554641723633,790500
COO,2007-10-18,44.900001525878906,45.11000061035156,44.0,44.75,44.27705383300781,592300
COO,2007-10-19,44.59999847412109,44.90999984741211,44.20000076293945,44.90999984741211,44.43534469604492,538700
COO,2007-10-22,44.75,45.369998931884766,44.560001373291016,45.369998931884766,44.89048385620117,552400
COO,2007-10-23,45.4900016784668,45.70000076293945,45.09000015258789,45.400001525878906,44.9201774597168,882300
COO,2007-10-24,45.33000183105469,45.33000183105469,43.84999847412109,44.150001525878906,43.68337631225586,650000
COO,2007-10-25,43.900001525878906,44.0,41.900001525878906,42.650001525878906,42.1992416381836,1235200
COO,2007-10-26,42.90999984741211,43.09999847412109,42.5,42.83000183105469,42.37733459472656,522400
COO,2007-10-29,42.709999084472656,42.720001220703125,41.54999923706055,42.36000061035156,41.91230773925781,1076500
COO,2007-10-30,42.09999847412109,42.5,41.54999923706055,42.20000076293945,41.75400161743164,718500
COO,2007-10-31,42.15999984741211,42.619998931884766,41.58000183105469,42.0,41.55611038208008,820100
COO,2007-11-01,41.79999923706055,43.16999816894531,41.79999923706055,42.5,42.05081558227539,723300
COO,2007-11-02,42.54999923706055,44.02000045776367,42.040000915527344,43.7400016784668,43.27772521972656,699000
COO,2007-11-05,43.5099983215332,44.20000076293945,43.060001373291016,43.869998931884766,43.406341552734375,630800
COO,2007-11-06,43.83000183105469,43.93000030517578,42.709999084472656,43.18000030517578,42.72364044189453,501700
COO,2007-11-07,42.65999984741211,44.04999923706055,42.65999984741211,43.66999816894531,43.20846557617188,447600
COO,2007-11-08,43.93999862670898,44.06999969482422,43.20000076293945,43.93000030517578,43.46570587158203,621300
COO,2007-11-09,43.81999969482422,44.16999816894531,43.20000076293945,43.869998931884766,43.406341552734375,337000
COO,2007-11-12,43.880001068115234,44.0,43.06999969482422,43.59000015258789,43.129302978515625,317600
COO,2007-11-13,44.209999084472656,44.209999084472656,42.5099983215332,43.40999984741211,42.95119857788086,643000
COO,2007-11-14,43.470001220703125,44.630001068115234,42.97999954223633,44.58000183105469,44.10884475708008,822700
COO,2007-11-15,44.66999816894531,44.93999862670898,43.650001525878906,43.93999862670898,43.4756088256836,537100
COO,2007-11-16,43.97999954223633,44.0099983215332,43.52999877929688,43.66999816894531,43.20846557617188,327200
COO,2007-11-19,43.5,44.16999816894531,42.959999084472656,43.08000183105469,42.62468338012695,397500
COO,2007-11-20,43.06999969482422,43.13999938964844,42.18000030517578,42.56999969482422,42.120079040527344,776100
COO,2007-11-21,41.77000045776367,42.310001373291016,41.70000076293945,41.70000076293945,41.25928115844727,677100
COO,2007-11-23,41.65999984741211,42.5,41.56999969482422,42.18999862670898,41.74408721923828,240500
COO,2007-11-26,42.02999877929688,42.2400016784668,41.619998931884766,41.810001373291016,41.36811828613281,372200
COO,2007-11-27,41.95000076293945,42.45000076293945,41.119998931884766,41.900001525878906,41.45716094970703,459900
COO,2007-11-28,41.90999984741211,42.65999984741211,41.060001373291016,42.18999862670898,41.74408721923828,1477200
COO,2007-11-29,42.310001373291016,43.75,41.900001525878906,43.06999969482422,42.61479568481445,863500
COO,2007-11-30,43.54999923706055,43.95000076293945,42.75,43.02999877929688,42.57521438598633,701800
COO,2007-12-03,43.119998931884766,43.630001068115234,42.52000045776367,43.43000030517578,42.97099304199219,521200
COO,2007-12-04,43.34999847412109,44.150001525878906,42.90999984741211,43.63999938964844,43.17877197265625,612900
COO,2007-12-05,43.59000015258789,43.77000045776367,43.04999923706055,43.36000061035156,42.9017333984375,1209300
COO,2007-12-06,43.20000076293945,43.369998931884766,42.27999877929688,42.7599983215332,42.30807495117188,645100
COO,2007-12-07,42.83000183105469,43.27000045776367,42.52000045776367,42.72999954223633,42.27838897705078,713200
COO,2007-12-10,42.83000183105469,42.95000076293945,42.2599983215332,42.630001068115234,42.1794548034668,663700
COO,2007-12-11,42.88999938964844,43.45000076293945,42.2599983215332,42.540000915527344,42.09040069580078,491100
COO,2007-12-12,37.45000076293945,39.72999954223633,37.150001525878906,39.459999084472656,39.07050704956055,4981900
COO,2007-12-13,39.29999923706055,39.77000045776367,38.27999877929688,38.77999877929688,38.397220611572266,1676600
COO,2007-12-14,38.88999938964844,38.97999954223633,38.400001525878906,38.70000076293945,38.31800842285156,1123600
COO,2007-12-17,38.72999954223633,38.72999954223633,38.18000030517578,38.400001525878906,38.020973205566406,1065400
COO,2007-12-18,38.5,38.540000915527344,37.5,37.810001373291016,37.43680191040039,1303500
COO,2007-12-19,37.81999969482422,38.34999847412109,37.0,37.459999084472656,37.09025192260742,901700
COO,2007-12-20,37.52000045776367,37.88999938964844,36.959999084472656,37.27999877929688,36.91202163696289,606300
COO,2007-12-21,37.31999969482422,37.400001525878906,36.68000030517578,37.02000045776367,36.65459060668945,723600
COO,2007-12-24,37.02000045776367,38.5,36.90999984741211,37.0,36.6347770690918,197900
COO,2007-12-26,37.02999877929688,37.65999984741211,37.02000045776367,37.45000076293945,37.080345153808594,456400
COO,2007-12-27,37.34999847412109,37.619998931884766,37.09999847412109,37.31999969482422,36.95162582397461,585000
COO,2007-12-28,37.36000061035156,37.869998931884766,37.04999923706055,37.59999847412109,37.2288703918457,359000
COO,2007-12-31,37.83000183105469,38.16999816894531,37.459999084472656,38.0,37.62491226196289,400200
COO,2008-01-02,37.959999084472656,38.47999954223633,37.56999969482422,38.0,37.62491226196289,793800
COO,2008-01-03,38.0,38.52999877929688,37.900001525878906,38.380001068115234,38.00116729736328,492400
COO,2008-01-04,38.22999954223633,38.58000183105469,37.93999862670898,38.45000076293945,38.07048034667969,663500
COO,2008-01-07,38.45000076293945,38.52999877929688,37.68999862670898,37.900001525878906,37.525909423828125,651000
COO,2008-01-08,37.95000076293945,38.52999877929688,37.72999954223633,37.90999984741211,37.53580093383789,490500
COO,2008-01-09,38.060001373291016,38.25,37.66999816894531,38.220001220703125,37.84274291992188,523900
COO,2008-01-10,38.34000015258789,39.5,37.34000015258789,38.5099983215332,38.129878997802734,912900
COO,2008-01-11,38.58000183105469,38.59999847412109,37.709999084472656,38.25,37.87245178222656,492100
COO,2008-01-14,38.380001068115234,38.58000183105469,37.880001068115234,38.34999847412109,37.97146224975586,564200
COO,2008-01-15,38.11000061035156,38.95000076293945,37.91999816894531,38.56999969482422,38.18928146362305,524900
COO,2008-01-16,38.61000061035156,38.93999862670898,37.91999816894531,38.72999954223633,38.34771728515625,639300
COO,2008-01-17,38.70000076293945,39.310001373291016,38.02000045776367,38.369998931884766,37.99126815795898,536100
COO,2008-01-18,38.619998931884766,38.619998931884766,37.36000061035156,37.7400016784668,37.36749267578125,645400
COO,2008-01-22,37.66999816894531,38.209999084472656,36.83000183105469,37.47999954223633,37.110050201416016,549600
COO,2008-01-23,36.540000915527344,37.720001220703125,36.540000915527344,37.34000015258789,36.97142791748047,899900
COO,2008-01-24,37.20000076293945,37.95000076293945,36.900001525878906,37.459999084472656,37.09025192260742,360800
COO,2008-01-25,37.869998931884766,38.27000045776367,36.66999816894531,36.900001525878906,36.53577423095703,447600
COO,2008-01-28,36.900001525878906,37.7400016784668,36.900001525878906,37.61000061035156,37.238765716552734,679200
COO,2008-01-29,37.869998931884766,38.20000076293945,37.13999938964844,37.77000045776367,37.39719009399414,800500
COO,2008-01-30,37.880001068115234,39.43000030517578,37.790000915527344,38.52000045776367,38.1397819519043,763900
COO,2008-01-31,38.31999969482422,39.68999862670898,38.0,39.380001068115234,38.99129486083984,846700
COO,2008-02-01,39.58000183105469,41.52000045776367,39.380001068115234,41.2400016784668,40.83294296264648,1326200
COO,2008-02-04,41.43000030517578,41.65999984741211,40.13999938964844,40.290000915527344,39.892311096191406,535500
COO,2008-02-05,40.09999847412109,40.630001068115234,39.93999862670898,40.47999954223633,40.08042144775391,748700
COO,2008-02-06,40.58000183105469,40.59000015258789,39.65999984741211,40.09000015258789,39.69428253173828,505600
COO,2008-02-07,39.79999923706055,39.79999923706055,39.0,39.34000015258789,38.951690673828125,668300
COO,2008-02-08,39.54999923706055,39.88999938964844,39.04999923706055,39.52999877929688,39.13980865478516,378800
COO,2008-02-11,39.709999084472656,39.7599983215332,39.060001373291016,39.369998931884766,38.98139190673828,270400
COO,2008-02-12,39.380001068115234,39.77999877929688,39.06999969482422,39.560001373291016,39.16952896118164,285000
COO,2008-02-13,39.41999816894531,39.41999816894531,35.970001220703125,36.959999084472656,36.595176696777344,1899500
COO,2008-02-14,36.59999847412109,36.880001068115234,34.59000015258789,36.130001068115234,35.773380279541016,1334800
COO,2008-02-15,36.09000015258789,36.130001068115234,35.09000015258789,35.689998626708984,35.33770751953125,713400
COO,2008-02-19,35.79999923706055,36.2599983215332,35.650001525878906,35.95000076293945,35.595157623291016,497100
COO,2008-02-20,35.900001525878906,36.68000030517578,35.560001373291016,36.540000915527344,36.17934036254883,599100
COO,2008-02-21,36.79999923706055,36.83000183105469,35.439998626708984,35.56999969482422,35.218902587890625,441100
COO,2008-02-22,35.52000045776367,35.52000045776367,34.209999084472656,34.790000915527344,34.44659423828125,940900
COO,2008-02-25,34.939998626708984,35.47999954223633,34.68000030517578,35.220001220703125,34.87236404418945,586500
COO,2008-02-26,35.209999084472656,35.97999954223633,35.040000915527344,35.88999938964844,35.535743713378906,798500
COO,2008-02-27,35.7599983215332,36.15999984741211,35.47999954223633,35.650001525878906,35.2981071472168,622900
COO,2008-02-28,35.380001068115234,36.0099983215332,34.88999938964844,35.08000183105469,34.733734130859375,786500
COO,2008-02-29,34.880001068115234,34.880001068115234,33.97999954223633,34.189998626708984,33.85251998901367,733900
COO,2008-03-03,34.15999984741211,34.31999969482422,32.93000030517578,33.29999923706055,32.97130584716797,963200
COO,2008-03-04,33.060001373291016,33.959999084472656,32.959999084472656,33.59000015258789,33.25844955444336,527400
COO,2008-03-05,33.5099983215332,33.84000015258789,33.459999084472656,33.72999954223633,33.39706802368164,601900
COO,2008-03-06,33.65999984741211,34.060001373291016,33.310001373291016,33.7599983215332,33.42676544189453,551100
COO,2008-03-07,35.099998474121094,36.290000915527344,32.84000015258789,33.20000076293945,32.87229537963867,3276200
COO,2008-03-10,33.470001220703125,33.7599983215332,31.71999931335449,31.90999984741211,31.595027923583984,1495700
COO,2008-03-11,32.2400016784668,32.79999923706055,31.799999237060547,32.34000015258789,32.020774841308594,818800
COO,2008-03-12,32.459999084472656,32.650001525878906,31.93000030517578,31.950000762939453,31.634632110595703,506700
COO,2008-03-13,31.6299991607666,32.09000015258789,31.36000061035156,32.09000015258789,31.773250579833984,676700
COO,2008-03-14,32.09000015258789,32.119998931884766,30.440000534057617,30.8799991607666,30.5751953125,803900
COO,2008-03-17,30.309999465942383,30.540000915527344,29.709999084472656,29.93000030517578,29.63457489013672,713600
COO,2008-03-18,30.200000762939453,31.709999084472656,30.059999465942383,31.57999992370605,31.26828956604004,526000
COO,2008-03-19,31.690000534057617,32.31999969482422,31.690000534057617,32.18000030517578,31.86236000061035,828800
COO,2008-03-20,32.189998626708984,33.04999923706055,31.280000686645508,32.90999984741211,32.58515548706055,839400
COO,2008-03-24,33.0,34.11000061035156,33.0,33.790000915527344,33.45648193359375,576200
COO,2008-03-25,33.97999954223633,34.16999816894531,33.22999954223633,33.779998779296875,33.446571350097656,686400
COO,2008-03-26,33.959999084472656,34.38999938964844,33.400001525878906,33.97999954223633,33.64459991455078,565800
COO,2008-03-27,34.0099983215332,34.5099983215332,33.779998779296875,34.11000061035156,33.773311614990234,402000
COO,2008-03-28,34.209999084472656,34.65999984741211,33.869998931884766,34.290000915527344,33.9515380859375,650100
COO,2008-03-31,34.400001525878906,34.650001525878906,33.90999984741211,34.43000030517578,34.09016036987305,872700
COO,2008-04-01,34.54999923706055,35.400001525878906,34.5099983215332,35.36000061035156,35.0109748840332,598000
COO,2008-04-02,35.560001373291016,36.150001525878906,35.22999954223633,36.040000915527344,35.68427276611328,996400
COO,2008-04-03,35.150001525878906,36.869998931884766,35.150001525878906,36.66999816894531,36.308048248291016,811200
COO,2008-04-04,36.90999984741211,37.45000076293945,36.04999923706055,37.36000061035156,36.9912338256836,854100
COO,2008-04-07,37.33000183105469,37.34999847412109,35.540000915527344,36.68000030517578,36.31795883178711,1331000
COO,2008-04-08,36.45000076293945,37.43999862670898,36.290000915527344,37.36000061035156,36.9912338256836,531900
COO,2008-04-09,37.209999084472656,37.4900016784668,36.459999084472656,36.79999923706055,36.43675994873047,560500
COO,2008-04-10,36.83000183105469,36.95000076293945,36.43999862670898,36.709999084472656,36.34765625,308100
COO,2008-04-11,36.52999877929688,37.66999816894531,36.52999877929688,37.09999847412109,36.73379898071289,465800
COO,2008-04-14,37.0,37.0,36.58000183105469,36.7599983215332,36.39717102050781,496900
COO,2008-04-15,36.83000183105469,37.790000915527344,36.209999084472656,36.4900016784668,36.12981796264648,636200
COO,2008-04-16,36.630001068115234,36.7599983215332,35.349998474121094,36.36000061035156,36.00110626220703,718900
COO,2008-04-17,36.25,37.04999923706055,36.220001220703125,36.7400016784668,36.37736129760742,599300
COO,2008-04-18,37.06999969482422,37.130001068115234,36.040000915527344,36.09999847412109,35.74366760253906,284300
COO,2008-04-21,36.040000915527344,36.060001373291016,35.15999984741211,35.310001373291016,34.96147537231445,433200
COO,2008-04-22,35.25,35.25,34.27000045776367,34.68000030517578,34.33767318725586,438200
COO,2008-04-23,34.66999816894531,34.959999084472656,34.20000076293945,34.72999954223633,34.387184143066406,517400
COO,2008-04-24,34.630001068115234,34.81999969482422,34.15999984741211,34.45000076293945,34.109962463378906,304900
COO,2008-04-25,34.38999938964844,34.959999084472656,34.220001220703125,34.81999969482422,34.47631072998047,195100
COO,2008-04-28,34.970001220703125,35.849998474121094,34.59000015258789,35.560001373291016,35.2089958190918,388800
COO,2008-04-29,35.45000076293945,35.81999969482422,35.099998474121094,35.68000030517578,35.327823638916016,178800
COO,2008-04-30,35.529998779296875,35.83000183105469,34.779998779296875,35.0,34.65453338623047,429600
COO,2008-05-01,35.22999954223633,36.290000915527344,35.060001373291016,35.9900016784668,35.634761810302734,350100
COO,2008-05-02,36.119998931884766,37.0099983215332,36.04999923706055,36.59000015258789,36.22884368896485,309500
COO,2008-05-05,36.66999816894531,37.220001220703125,36.27000045776367,37.150001525878906,36.783302307128906,289200
COO,2008-05-06,37.20000076293945,38.33000183105469,36.959999084472656,38.0,37.62491226196289,360000
COO,2008-05-07,38.16999816894531,38.59999847412109,37.880001068115234,38.0099983215332,37.63481903076172,498100
COO,2008-05-08,38.2599983215332,38.2599983215332,36.77999877929688,37.18999862670898,36.82291030883789,252700
COO,2008-05-09,37.0,37.790000915527344,37.0,37.5099983215332,37.13975143432617,291900
COO,2008-05-12,37.77000045776367,38.47999954223633,37.66999816894531,38.0,37.62491226196289,580600
COO,2008-05-13,37.95000076293945,38.0,37.4900016784668,37.97999954223633,37.6051025390625,576500
COO,2008-05-14,38.220001220703125,38.560001373291016,37.97999954223633,38.38999938964844,38.01106262207031,389900
COO,2008-05-15,38.29999923706055,38.869998931884766,37.810001373291016,38.869998931884766,38.48633193969727,266200
COO,2008-05-16,38.84000015258789,39.5,38.7400016784668,39.02000045776367,38.63484573364258,563400
COO,2008-05-19,38.84999847412109,39.290000915527344,38.5,38.95000076293945,38.5655403137207,392800
COO,2008-05-20,38.79999923706055,39.34999847412109,38.63999938964844,39.27000045776367,38.88237380981445,504600
COO,2008-05-21,39.18999862670898,39.29999923706055,37.97999954223633,38.36000061035156,37.98135757446289,429600
COO,2008-05-22,38.27000045776367,39.130001068115234,38.08000183105469,38.90999984741211,38.52594375610352,176400
COO,2008-05-23,38.869998931884766,39.66999816894531,38.43999862670898,39.459999084472656,39.07050704956055,265700
COO,2008-05-27,39.29999923706055,40.310001373291016,39.06999969482422,40.04999923706055,39.65468597412109,531200
COO,2008-05-28,40.130001068115234,40.41999816894531,39.59000015258789,39.709999084472656,39.31803894042969,787700
COO,2008-05-29,39.52999877929688,40.650001525878906,39.52000045776367,40.59999847412109,40.19925308227539,469400
COO,2008-05-30,40.58000183105469,40.70000076293945,40.16999816894531,40.45000076293945,40.05073547363281,954300
COO,2008-06-02,40.43000030517578,40.81999969482422,39.630001068115234,40.06999969482422,39.67448425292969,969300
COO,2008-06-03,40.290000915527344,40.970001220703125,40.18999862670898,40.59999847412109,40.19925308227539,542700
COO,2008-06-04,40.16999816894531,41.0,39.900001525878906,40.83000183105469,40.42698287963867,662200
COO,2008-06-05,40.790000915527344,41.45000076293945,40.58000183105469,41.34000015258789,40.93195724487305,748800
COO,2008-06-06,40.27999877929688,41.38999938964844,37.869998931884766,38.5,38.11997985839844,1931400
COO,2008-06-09,38.68000030517578,39.18999862670898,37.68999862670898,38.27000045776367,37.89225006103516,635100
COO,2008-06-10,37.81999969482422,38.72999954223633,37.81999969482422,38.72999954223633,38.34771728515625,501500
COO,2008-06-11,38.59999847412109,38.9900016784668,38.34999847412109,38.54999923706055,38.19907379150391,504500
COO,2008-06-12,38.70000076293945,39.5,38.540000915527344,39.470001220703125,39.11070251464844,339400
COO,2008-06-13,39.59000015258789,40.470001220703125,39.41999816894531,40.470001220703125,40.10160446166992,554600
COO,2008-06-16,39.97999954223633,40.040000915527344,38.97999954223633,39.18000030517578,38.8233528137207,468500
COO,2008-06-17,38.959999084472656,39.36000061035156,38.75,38.93999862670898,38.58552169799805,586000
COO,2008-06-18,38.900001525878906,39.09000015258789,38.54999923706055,38.869998931884766,38.51616668701172,668400
COO,2008-06-19,38.79999923706055,39.08000183105469,38.380001068115234,38.7599983215332,38.407169342041016,642600
COO,2008-06-20,38.70000076293945,38.95000076293945,37.54999923706055,38.119998931884766,37.77299118041992,793400
COO,2008-06-23,38.27999877929688,38.43999862670898,37.65999984741211,37.84999847412109,37.50545501708984,709300
COO,2008-06-24,37.709999084472656,37.7599983215332,36.72999954223633,36.970001220703125,36.63345718383789,842700
COO,2008-06-25,36.77000045776367,38.040000915527344,36.77000045776367,37.58000183105469,37.23789978027344,604300
COO,2008-06-26,37.119998931884766,37.25,36.38999938964844,36.38999938964844,36.05875015258789,678400
COO,2008-06-27,36.68999862670898,37.25,36.52000045776367,36.81999969482422,36.484825134277344,483800
COO,2008-06-30,36.90999984741211,37.369998931884766,36.43999862670898,37.150001525878906,36.81181716918945,382900
COO,2008-07-01,36.91999816894531,37.81999969482422,36.560001373291016,37.810001373291016,37.46582412719727,477100
COO,2008-07-02,37.869998931884766,38.540000915527344,37.869998931884766,38.36000061035156,38.01079940795898,407400
COO,2008-07-03,38.45000076293945,38.52000045776367,37.119998931884766,37.29999923706055,36.96045303344727,176300
COO,2008-07-07,37.560001373291016,37.95000076293945,37.040000915527344,37.54999923706055,37.20818710327149,617100
COO,2008-07-08,37.52000045776367,37.790000915527344,36.880001068115234,37.5099983215332,37.16854095458984,573000
COO,2008-07-09,37.36000061035156,37.43000030517578,36.709999084472656,36.9900016784668,36.653282165527344,575700
COO,2008-07-10,36.91999816894531,36.91999816894531,35.310001373291016,35.70000076293945,35.375030517578125,624200
COO,2008-07-11,35.279998779296875,36.27999877929688,35.16999816894531,36.0,35.67228698730469,520700
COO,2008-07-14,36.16999816894531,36.34000015258789,34.779998779296875,35.0,34.681400299072266,583700
COO,2008-07-15,34.72999954223633,34.95000076293945,33.88999938964844,34.369998931884766,34.05712890625,921000
COO,2008-07-16,34.58000183105469,34.65999984741211,33.93000030517578,34.099998474121094,33.789581298828125,1027100
COO,2008-07-17,34.369998931884766,34.5099983215332,34.06999969482422,34.36000061035156,34.047210693359375,961400
COO,2008-07-18,34.279998779296875,35.529998779296875,34.099998474121094,35.279998779296875,34.95883560180664,573200
COO,2008-07-21,35.27000045776367,35.34000015258789,33.72999954223633,33.939998626708984,33.63104248046875,532500
COO,2008-07-22,34.02000045776367,35.130001068115234,33.65999984741211,35.0,34.681400299072266,748700
COO,2008-07-23,35.2599983215332,35.279998779296875,34.4900016784668,34.869998931884766,34.552581787109375,282500
COO,2008-07-24,34.720001220703125,35.119998931884766,33.849998474121094,34.029998779296875,33.720218658447266,253400
COO,2008-07-25,34.150001525878906,34.599998474121094,34.02000045776367,34.43000030517578,34.11658477783203,266300
COO,2008-07-28,34.43000030517578,34.970001220703125,33.810001373291016,34.060001373291016,33.749942779541016,551100
COO,2008-07-29,34.02000045776367,34.52000045776367,33.790000915527344,34.13999938964844,33.8292236328125,246000
COO,2008-07-30,34.310001373291016,34.599998474121094,33.4900016784668,33.83000183105469,33.522056579589844,295300
COO,2008-07-31,33.880001068115234,34.11000061035156,33.560001373291016,33.70000076293945,33.39322280883789,410600
COO,2008-08-01,33.72999954223633,33.72999954223633,32.65999984741211,33.04999923706055,32.74913787841797,639600
COO,2008-08-04,32.880001068115234,33.29999923706055,32.7400016784668,33.0,32.69960021972656,536800
COO,2008-08-05,33.209999084472656,34.81999969482422,33.0,34.560001373291016,34.24540328979492,531300
COO,2008-08-06,34.47999954223633,35.630001068115234,34.380001068115234,35.38999938964844,35.067832946777344,664900
COO,2008-08-07,35.099998474121094,35.70000076293945,34.66999816894531,34.849998474121094,34.53276443481445,435200
COO,2008-08-08,35.15999984741211,36.54999923706055,34.88999938964844,36.22999954223633,35.90019989013672,856600
COO,2008-08-11,36.040000915527344,36.66999816894531,35.79999923706055,36.13999938964844,35.81101989746094,688400
COO,2008-08-12,35.880001068115234,36.0,34.68000030517578,34.900001525878906,34.58232116699219,635800
COO,2008-08-13,34.900001525878906,35.029998779296875,34.459999084472656,34.689998626708984,34.37420654296875,484300
COO,2008-08-14,34.68000030517578,35.470001220703125,34.470001220703125,35.130001068115234,34.81020736694336,685400
COO,2008-08-15,37.040000915527344,37.040000915527344,34.72999954223633,36.02000045776367,35.692100524902344,491100
COO,2008-08-18,36.130001068115234,37.380001068115234,36.040000915527344,36.47999954223633,36.147926330566406,390500
COO,2008-08-19,36.11000061035156,36.310001373291016,34.869998931884766,35.27000045776367,34.94894027709961,231300
COO,2008-08-20,35.31999969482422,35.86000061035156,35.08000183105469,35.47999954223633,35.157020568847656,306000
COO,2008-08-21,35.279998779296875,36.02999877929688,35.25,35.70000076293945,35.375030517578125,249400
COO,2008-08-22,35.81999969482422,36.310001373291016,35.709999084472656,36.04999923706055,35.72184371948242,171600
COO,2008-08-25,35.970001220703125,36.2599983215332,35.650001525878906,35.66999816894531,35.34528732299805,231600
COO,2008-08-26,35.63999938964844,36.0,34.900001525878906,35.52000045776367,35.196651458740234,287300
COO,2008-08-27,35.65999984741211,36.4900016784668,35.619998931884766,36.18000030517578,35.85065078735352,726800
COO,2008-08-28,36.220001220703125,36.91999816894531,36.02000045776367,36.880001068115234,36.54428482055664,419200
COO,2008-08-29,36.79999923706055,37.310001373291016,36.709999084472656,36.83000183105469,36.49473571777344,219400
COO,2008-09-02,37.47999954223633,37.47999954223633,36.29999923706055,36.68999862670898,36.35600280761719,876000
COO,2008-09-03,36.63999938964844,36.95000076293945,36.310001373291016,36.310001373291016,35.979469299316406,430200
COO,2008-09-04,36.27999877929688,36.709999084472656,36.02999877929688,36.16999816894531,35.84073638916016,756000
COO,2008-09-05,36.0,36.4900016784668,33.68000030517578,34.0099983215332,33.70039749145508,1842400
COO,2008-09-08,34.88999938964844,34.88999938964844,33.90999984741211,33.93000030517578,33.62112808227539,800100
COO,2008-09-09,33.959999084472656,34.779998779296875,33.91999816894531,34.279998779296875,33.96793746948242,626000
COO,2008-09-10,34.29999923706055,34.4900016784668,32.88999938964844,33.290000915527344,32.98697280883789,854700
COO,2008-09-11,32.90999984741211,35.33000183105469,32.86000061035156,34.5,34.18594741821289,874800
COO,2008-09-12,34.310001373291016,35.02000045776367,34.20000076293945,34.790000915527344,34.47330093383789,649600
COO,2008-09-15,34.150001525878906,35.209999084472656,33.0,34.40999984741211,34.09676742553711,605100
COO,2008-09-16,33.970001220703125,34.90999984741211,33.79999923706055,34.599998474121094,34.285037994384766,702000
COO,2008-09-17,34.060001373291016,34.7400016784668,34.0,34.27000045776367,33.95803451538086,788700
COO,2008-09-18,34.459999084472656,36.7400016784668,33.84000015258789,36.33000183105469,35.999290466308594,1290600
COO,2008-09-19,35.15999984741211,38.369998931884766,34.7599983215332,36.83000183105469,36.49473571777344,1103300
COO,2008-09-22,35.36000061035156,36.5099983215332,34.79999923706055,34.84000015258789,34.522857666015625,575500
COO,2008-09-23,34.83000183105469,36.13999938964844,34.5099983215332,35.77000045776367,35.44438934326172,413900
COO,2008-09-24,35.810001373291016,35.970001220703125,34.5,34.81999969482422,34.5030403137207,766400
COO,2008-09-25,35.11000061035156,35.810001373291016,35.11000061035156,35.58000183105469,35.256103515625,338000
COO,2008-09-26,35.099998474121094,35.4900016784668,34.91999816894531,35.31999969482422,34.998477935791016,234300
COO,2008-09-29,35.150001525878906,35.439998626708984,34.099998474121094,34.540000915527344,34.22557830810547,579700
COO,2008-09-30,34.720001220703125,34.9900016784668,33.95000076293945,34.7599983215332,34.443580627441406,624200
COO,2008-10-01,34.61000061035156,36.04999923706055,34.130001068115234,35.650001525878906,35.32547378540039,506600
COO,2008-10-02,35.400001525878906,36.02999877929688,34.720001220703125,35.0,34.681400299072266,522800
COO,2008-10-03,35.38999938964844,35.880001068115234,34.4900016784668,34.939998626708984,34.62193298339844,652700
COO,2008-10-06,34.400001525878906,34.400001525878906,31.18000030517578,32.150001525878906,31.85733795166016,939400
COO,2008-10-07,32.349998474121094,32.779998779296875,30.780000686645508,30.780000686645508,30.499805450439453,605700
COO,2008-10-08,30.38999938964844,31.11000061035156,29.170000076293945,29.670000076293945,29.3999080657959,730900
COO,2008-10-09,29.920000076293945,29.920000076293945,23.59000015258789,24.0,23.781530380249023,1539000
COO,2008-10-10,22.739999771118164,23.90999984741211,20.15999984741211,22.700000762939453,22.49336051940918,1914000
COO,2008-10-13,23.459999084472656,23.8799991607666,23.049999237060547,23.549999237060547,23.33561897277832,286300
COO,2008-10-14,24.26000022888184,25.049999237060547,23.1200008392334,23.459999084472656,23.246442794799805,1372800
COO,2008-10-15,23.420000076293945,23.790000915527344,21.86000061035156,21.8700008392334,21.67091941833496,648700
COO,2008-10-16,21.989999771118164,22.21999931335449,20.690000534057617,21.5,21.30428504943848,1522200
COO,2008-10-17,21.15999984741211,22.71999931335449,21.15999984741211,22.059999465942383,21.859188079833984,603400
COO,2008-10-20,22.280000686645508,23.059999465942383,22.25,23.01000022888184,22.80053329467773,1319300
COO,2008-10-21,22.739999771118164,23.790000915527344,22.739999771118164,23.5,23.28608512878418,817900
COO,2008-10-22,23.07999992370605,23.07999992370605,21.18000030517578,21.540000915527344,21.343917846679688,1231500
COO,2008-10-23,21.5,21.6200008392334,17.920000076293945,18.209999084472656,18.04422950744629,2410700
COO,2008-10-24,17.280000686645508,17.799999237060547,17.18000030517578,17.229999542236328,17.073156356811523,838200
COO,2008-10-27,16.989999771118164,17.299999237060547,16.469999313354492,16.530000686645508,16.379531860351562,513500
COO,2008-10-28,16.81999969482422,16.950000762939453,15.039999961853027,15.710000038146973,15.566991806030272,1837000
COO,2008-10-29,15.260000228881836,16.34000015258789,15.260000228881836,15.479999542236328,15.339086532592772,856900
COO,2008-10-30,15.890000343322754,16.100000381469727,15.34000015258789,15.829999923706056,15.685897827148438,1001000
COO,2008-10-31,15.899999618530272,16.739999771118164,15.739999771118164,16.479999542236328,16.329980850219727,794700
COO,2008-11-03,16.600000381469727,18.170000076293945,16.0,17.350000381469727,17.192054748535156,1520100
COO,2008-11-04,17.829999923706055,17.829999923706055,16.579999923706055,16.940000534057617,16.785799026489258,1509200
COO,2008-11-05,16.639999389648438,17.010000228881836,16.399999618530273,16.489999771118164,16.339889526367188,753300
COO,2008-11-06,16.5,17.079999923706055,15.050000190734863,15.170000076293944,15.031907081604004,1051300
COO,2008-11-07,15.210000038146973,16.040000915527344,15.1899995803833,16.040000915527344,15.893991470336914,499700
COO,2008-11-10,16.219999313354492,16.56999969482422,15.489999771118164,15.699999809265137,15.557080268859863,566800
COO,2008-11-11,15.550000190734863,15.630000114440918,15.1899995803833,15.1899995803833,15.05172348022461,736000
COO,2008-11-12,15.119999885559082,15.119999885559082,14.229999542236328,14.3100004196167,14.179737091064451,545700
COO,2008-11-13,14.479999542236328,15.90999984741211,13.920000076293944,15.90999984741211,15.765170097351074,698000
COO,2008-11-14,15.449999809265137,16.0,15.25,15.350000381469728,15.2102689743042,641800
COO,2008-11-17,15.289999961853027,15.329999923706056,14.609999656677246,14.760000228881836,14.625638008117676,592700
COO,2008-11-18,14.649999618530272,14.970000267028809,13.539999961853027,14.300000190734863,14.16982650756836,859800
COO,2008-11-19,14.210000038146973,14.34000015258789,13.770000457763672,13.869999885559082,13.743739128112791,512100
COO,2008-11-20,13.670000076293944,13.670000076293944,10.170000076293944,10.9399995803833,10.840413093566896,2023300
COO,2008-11-21,11.0,11.640000343322754,10.390000343322754,11.520000457763672,11.415133476257324,1908000
COO,2008-11-24,11.5,12.260000228881836,11.260000228881836,11.960000038146973,11.851128578186035,681800
COO,2008-11-25,12.109999656677246,12.199999809265137,11.539999961853027,11.850000381469728,11.742128372192385,990700
COO,2008-11-26,11.640000343322754,12.979999542236328,11.529999732971191,12.970000267028809,12.851934432983398,473900
COO,2008-11-28,12.890000343322754,13.40999984741211,12.869999885559082,13.399999618530272,13.278017044067385,159100
COO,2008-12-01,13.039999961853027,13.050000190734863,12.0,12.260000228881836,12.148398399353027,844600
COO,2008-12-02,12.369999885559082,12.720000267028809,12.140000343322754,12.640000343322754,12.524937629699709,656800
COO,2008-12-03,12.449999809265137,15.210000038146973,12.449999809265137,15.020000457763672,14.883273124694824,1312700
COO,2008-12-04,14.850000381469728,15.18000030517578,13.520000457763672,13.760000228881836,13.634743690490724,648300
COO,2008-12-05,13.550000190734863,15.520000457763672,13.550000190734863,15.239999771118164,15.10126781463623,599600
COO,2008-12-08,15.59000015258789,15.75,14.640000343322754,15.119999885559082,14.98236083984375,453600
COO,2008-12-09,15.0,15.100000381469728,14.119999885559082,14.289999961853027,14.159918785095217,701100
COO,2008-12-10,14.300000190734863,14.4399995803833,12.65999984741211,13.210000038146973,13.089749336242676,1582800
COO,2008-12-11,13.039999961853027,13.420000076293944,12.729999542236328,13.100000381469728,12.980749130249023,1052100
COO,2008-12-12,12.93000030517578,13.579999923706056,12.760000228881836,13.239999771118164,13.11947536468506,917200
COO,2008-12-15,13.369999885559082,13.600000381469728,11.970000267028809,12.34000015258789,12.227669715881348,657400
COO,2008-12-16,12.43000030517578,13.800000190734863,12.399999618530272,13.760000228881836,13.634743690490724,848000
COO,2008-12-17,13.539999961853027,14.550000190734863,13.539999961853027,13.890000343322754,13.763559341430664,860200
COO,2008-12-18,14.3100004196167,14.3100004196167,13.81999969482422,13.970000267028809,13.842829704284668,749300
COO,2008-12-19,14.109999656677246,14.399999618530272,13.729999542236328,14.359999656677246,14.22928237915039,777700
COO,2008-12-22,14.380000114440918,14.529999732971191,14.140000343322754,14.479999542236328,14.348185539245604,908300
COO,2008-12-23,14.489999771118164,15.09000015258789,14.380000114440918,14.81999969482422,14.68509292602539,642600
COO,2008-12-24,14.800000190734863,14.890000343322754,14.31999969482422,14.75,14.615730285644531,349500
COO,2008-12-26,14.859999656677246,15.489999771118164,14.68000030517578,15.34000015258789,15.200357437133787,222000
COO,2008-12-29,15.34000015258789,15.829999923706056,15.239999771118164,15.8100004196167,15.666083335876465,327400
COO,2008-12-30,15.8100004196167,16.520000457763672,15.710000038146973,16.489999771118164,16.339889526367188,501300
COO,2008-12-31,16.559999465942383,16.700000762939453,16.06999969482422,16.399999618530273,16.250713348388672,565100
COO,2009-01-02,16.559999465942383,18.86000061035156,16.5,18.670000076293945,18.500043869018555,712000
COO,2009-01-05,18.36000061035156,19.1299991607666,17.889999389648438,19.0,18.82703971862793,762400
COO,2009-01-06,19.5,19.940000534057617,19.229999542236328,19.64999961853028,19.47112274169922,575900
COO,2009-01-07,19.39999961853028,19.59000015258789,19.040000915527344,19.209999084472656,19.035127639770508,725700
COO,2009-01-08,19.06999969482422,19.3799991607666,18.790000915527344,19.299999237060547,19.124317169189453,546500
COO,2009-01-09,19.239999771118164,19.350000381469727,18.530000686645508,18.89999961853028,18.72795295715332,475100
COO,2009-01-12,19.0,20.959999084472656,19.0,20.46999931335449,20.28365898132324,1533800
COO,2009-01-13,20.209999084472656,20.25,18.71999931335449,19.01000022888184,18.83695602416992,1369100
COO,2009-01-14,18.76000022888184,19.790000915527344,18.65999984741211,19.520000457763672,19.37287712097168,788200
COO,2009-01-15,19.559999465942383,20.8799991607666,19.530000686645508,20.739999771118164,20.58368682861328,784200
COO,2009-01-16,21.0,21.0,19.940000534057617,20.440000534057617,20.285945892333984,586200
COO,2009-01-20,20.690000534057617,20.690000534057617,18.89999961853028,19.030000686645508,18.886579513549805,595500
COO,2009-01-21,19.43000030517578,20.290000915527344,19.209999084472656,20.270000457763672,20.11722946166992,550200
COO,2009-01-22,19.90999984741211,20.229999542236328,19.26000022888184,19.549999237060547,19.40265655517578,522300
COO,2009-01-23,19.270000457763672,19.520000457763672,18.799999237060547,19.18000030517578,19.03544235229492,630900
COO,2009-01-26,19.420000076293945,19.71999931335449,18.90999984741211,19.299999237060547,19.154541015625,416200
COO,2009-01-27,19.489999771118164,19.790000915527344,19.21999931335449,19.5,19.35302734375,426600
COO,2009-01-28,19.799999237060547,19.989999771118164,19.46999931335449,19.600000381469727,19.45227813720703,428300
COO,2009-01-29,18.989999771118164,19.51000022888184,18.770000457763672,18.850000381469727,18.707931518554688,371600
COO,2009-01-30,18.84000015258789,19.299999237060547,18.65999984741211,18.96999931335449,18.827022552490234,466700
COO,2009-02-02,18.729999542236328,19.07999992370605,18.030000686645508,18.950000762939453,18.80717658996582,385100
COO,2009-02-03,19.06999969482422,19.190000534057617,18.530000686645508,19.059999465942383,18.91633987426757,455900
COO,2009-02-04,19.26000022888184,19.59000015258789,18.93000030517578,19.170000076293945,19.025524139404297,561100
COO,2009-02-05,18.950000762939453,19.59000015258789,18.690000534057617,19.309999465942383,19.16446113586425,566600
COO,2009-02-06,19.450000762939453,19.700000762939453,19.239999771118164,19.670000076293945,19.521747589111328,725900
COO,2009-02-09,19.670000076293945,19.850000381469727,19.100000381469727,19.32999992370605,19.18431282043457,375800
COO,2009-02-10,19.09000015258789,19.280000686645508,18.57999992370605,18.780000686645508,18.63845634460449,450200
COO,2009-02-11,19.01000022888184,21.13999938964844,18.88999938964844,20.86000061035156,20.702781677246094,2084700
COO,2009-02-12,20.920000076293945,21.68000030517578,20.39999961853028,21.57999992370605,21.417360305786133,856800
COO,2009-02-13,21.65999984741211,23.690000534057617,21.600000381469727,22.76000022888184,22.588462829589844,1776800
COO,2009-02-17,22.030000686645508,22.459999084472656,21.450000762939453,21.799999237060547,21.63570213317871,880800
COO,2009-02-18,22.0,22.09000015258789,21.049999237060547,22.01000022888184,21.8441104888916,1002900
COO,2009-02-19,21.89999961853028,22.700000762939453,21.89999961853028,22.36000061035156,22.19147109985352,1262900
COO,2009-02-20,22.049999237060547,22.059999465942383,21.31999969482422,21.43000030517578,21.268489837646484,1277600
COO,2009-02-23,21.729999542236328,21.790000915527344,20.780000686645508,21.0,20.84172821044922,978700
COO,2009-02-24,21.31999969482422,22.07999992370605,21.01000022888184,21.989999771118164,21.824264526367188,1017400
COO,2009-02-25,21.88999938964844,22.75,21.6200008392334,22.350000381469727,22.181554794311523,1174300
COO,2009-02-26,22.5,23.280000686645508,22.299999237060547,22.809999465942383,22.63809394836425,1736600
COO,2009-02-27,22.75,23.229999542236328,21.86000061035156,21.989999771118164,21.824264526367188,1754400
COO,2009-03-02,21.59000015258789,21.59000015258789,19.040000915527344,19.1299991607666,18.985822677612305,1689200
COO,2009-03-03,19.309999465942383,19.690000534057617,18.65999984741211,19.209999084472656,19.06521797180176,1145900
COO,2009-03-04,19.65999984741211,20.61000061035156,19.020000457763672,20.15999984741211,20.008056640625,817400
COO,2009-03-05,19.51000022888184,19.86000061035156,18.8700008392334,19.209999084472656,19.06521797180176,975200
COO,2009-03-06,21.0,21.049999237060547,17.579999923706055,18.32999992370605,18.19184875488281,3189800
COO,2009-03-09,18.530000686645508,20.18000030517578,18.25,19.75,19.601150512695312,1902700
COO,2009-03-10,19.770000457763672,21.11000061035156,19.770000457763672,21.040000915527344,20.881425857543945,1167500
COO,2009-03-11,21.200000762939453,21.809999465942383,20.6200008392334,20.670000076293945,20.514217376708984,755500
COO,2009-03-12,20.559999465942383,21.1299991607666,19.940000534057617,20.89999961853028,20.74247932434082,1638900
COO,2009-03-13,20.850000381469727,21.75,20.700000762939453,21.6299991607666,21.466981887817383,751900
COO,2009-03-16,21.84000015258789,22.09000015258789,21.309999465942383,21.440000534057617,21.27841186523437,918800
COO,2009-03-17,21.440000534057617,22.07999992370605,21.01000022888184,22.07999992370605,21.913583755493164,666600
COO,2009-03-18,21.799999237060547,23.64999961853028,21.549999237060547,23.209999084472656,23.035064697265625,1129500
COO,2009-03-19,23.270000457763672,24.26000022888184,23.030000686645508,23.84000015258789,23.66031837463379,1108500
COO,2009-03-20,23.93000030517578,24.239999771118164,23.81999969482422,24.06999969482422,23.88858985900879,993700
COO,2009-03-23,24.299999237060547,25.420000076293945,23.979999542236328,25.209999084472656,25.019996643066406,1176200
COO,2009-03-24,25.11000061035156,25.15999984741211,24.31999969482422,24.63999938964844,24.45429420471192,700400
COO,2009-03-25,24.63999938964844,25.799999237060547,24.63999938964844,25.739999771118164,25.54600143432617,1061700
COO,2009-03-26,25.86000061035156,27.049999237060547,25.790000915527344,26.81999969482422,26.617862701416016,1329500
COO,2009-03-27,26.799999237060547,27.1200008392334,26.43000030517578,26.43000030517578,26.23080062866211,902000
COO,2009-03-30,25.84000015258789,25.979999542236328,24.82999992370605,25.950000762939453,25.754419326782227,949100
COO,2009-03-31,26.239999771118164,26.850000381469727,25.940000534057617,26.440000534057617,26.240726470947266,594900
COO,2009-04-01,26.07999992370605,26.61000061035156,25.450000762939453,26.440000534057617,26.240726470947266,855000
COO,2009-04-02,27.0,27.56999969482422,26.729999542236328,27.280000686645508,27.07439422607422,846900
COO,2009-04-03,27.280000686645508,27.729999542236328,26.549999237060547,26.75,26.54839324951172,679200
COO,2009-04-06,26.489999771118164,26.950000762939453,26.01000022888184,26.489999771118164,26.29034423828125,959900
COO,2009-04-07,26.1299991607666,26.56999969482422,25.479999542236328,25.540000915527344,25.34750747680664,845500
COO,2009-04-08,25.51000022888184,26.11000061035156,25.309999465942383,25.950000762939453,25.754419326782227,625100
COO,2009-04-09,26.39999961853028,26.989999771118164,26.32999992370605,26.739999771118164,26.538469314575195,782700
COO,2009-04-13,26.299999237060547,26.8700008392334,25.93000030517578,26.670000076293945,26.46899032592773,667800
COO,2009-04-14,26.489999771118164,26.89999961853028,25.940000534057617,26.309999465942383,26.11170768737793,676600
COO,2009-04-15,26.209999084472656,26.600000381469727,25.549999237060547,25.979999542236328,25.78419303894043,404800
COO,2009-04-16,26.030000686645508,26.450000762939453,25.82999992370605,26.31999969482422,26.12162971496582,408500
COO,2009-04-17,26.32999992370605,27.3799991607666,26.190000534057617,27.290000915527344,27.084318161010746,520500
COO,2009-04-20,27.040000915527344,27.68000030517578,26.64999961853028,27.26000022888184,27.054548263549805,634200
COO,2009-04-21,27.209999084472656,28.21999931335449,27.200000762939453,28.200000762939453,27.98745918273925,1213200
COO,2009-04-22,27.809999465942383,29.81999969482422,27.559999465942383,29.13999938964844,28.92037582397461,1822000
COO,2009-04-23,29.1200008392334,29.36000061035156,28.420000076293945,29.030000686645508,28.81120491027832,773300
COO,2009-04-24,29.15999984741211,29.25,28.51000022888184,29.01000022888184,28.791353225708008,544300
COO,2009-04-27,28.65999984741211,29.780000686645508,28.600000381469727,29.51000022888184,29.2875919342041,603800
COO,2009-04-28,29.290000915527344,29.68000030517578,29.1299991607666,29.170000076293945,28.950151443481445,338900
COO,2009-04-29,29.11000061035156,30.100000381469727,28.88999938964844,29.959999084472656,29.734193801879883,661600
COO,2009-04-30,30.15999984741211,30.520000457763672,28.75,28.75,28.533321380615234,870000
COO,2009-05-01,28.89999961853028,30.07999992370605,28.420000076293945,29.71999931335449,29.49600982666016,800200
COO,2009-05-04,29.809999465942383,30.299999237060547,28.790000915527344,29.68000030517578,29.456308364868164,753600
COO,2009-05-05,29.51000022888184,29.709999084472656,29.1200008392334,29.63999938964844,29.416608810424805,731900
COO,2009-05-06,29.920000076293945,29.950000762939453,28.520000457763672,28.799999237060547,28.58294105529785,658800
COO,2009-05-07,29.0,29.459999084472656,28.56999969482422,28.770000457763672,28.553165435791016,482700
COO,2009-05-08,28.989999771118164,29.61000061035156,28.75,29.0,28.78143119812012,699200
COO,2009-05-11,28.790000915527344,28.940000534057617,27.780000686645508,28.13999938964844,27.92790603637696,817200
COO,2009-05-12,28.1200008392334,28.26000022888184,26.61000061035156,27.38999938964844,27.183563232421875,935100
COO,2009-05-13,27.15999984741211,27.479999542236328,26.690000534057617,27.059999465942383,26.856050491333008,858100
COO,2009-05-14,27.100000381469727,28.020000457763672,26.90999984741211,27.559999465942383,27.35228157043457,674000
COO,2009-05-15,27.450000762939453,27.84000015258789,26.8799991607666,27.09000015258789,26.885831832885746,478400
COO,2009-05-18,27.26000022888184,27.56999969482422,26.790000915527344,27.56999969482422,27.362207412719727,326200
COO,2009-05-19,27.56999969482422,28.11000061035156,27.280000686645508,27.86000061035156,27.650026321411133,464400
COO,2009-05-20,27.90999984741211,28.559999465942383,27.729999542236328,27.96999931335449,27.75919342041016,357600
COO,2009-05-21,27.75,27.8799991607666,26.940000534057617,27.13999938964844,26.935449600219727,418500
COO,2009-05-22,27.14999961853028,27.61000061035156,26.809999465942383,26.850000381469727,26.64763832092285,315200
COO,2009-05-26,26.700000762939453,27.25,26.540000915527344,27.020000457763672,26.81635284423828,451600
COO,2009-05-27,26.88999938964844,27.209999084472656,26.43000030517578,26.489999771118164,26.29034423828125,390600
COO,2009-05-28,26.540000915527344,26.8799991607666,25.729999542236328,25.940000534057617,25.7445011138916,533200
COO,2009-05-29,26.040000915527344,26.51000022888184,25.809999465942383,26.51000022888184,26.31019592285156,389500
COO,2009-06-01,26.850000381469727,28.06999969482422,26.76000022888184,27.280000686645508,27.07439422607422,427200
COO,2009-06-02,27.26000022888184,29.309999465942383,27.13999938964844,28.89999961853028,28.682191848754883,975900
COO,2009-06-03,28.729999542236328,28.84000015258789,28.43000030517578,28.59000015258789,28.374521255493164,489500
COO,2009-06-04,28.530000686645508,29.56999969482422,28.530000686645508,29.09000015258789,28.87075424194336,949600
COO,2009-06-05,31.350000381469727,31.39999961853028,28.5,28.950000762939453,28.731813430786133,1342200
COO,2009-06-08,28.8799991607666,28.90999984741211,27.229999542236328,27.5,27.292739868164062,730400
COO,2009-06-09,27.700000762939453,27.86000061035156,26.770000457763672,26.90999984741211,26.70718002319336,718500
COO,2009-06-10,27.15999984741211,27.5,26.6299991607666,26.89999961853028,26.69725608825684,294200
COO,2009-06-11,27.1299991607666,27.81999969482422,26.86000061035156,27.26000022888184,27.054548263549805,501900
COO,2009-06-12,27.049999237060547,27.600000381469727,26.90999984741211,27.450000762939453,27.243114471435547,404300
COO,2009-06-15,27.200000762939453,27.479999542236328,26.520000457763672,27.229999542236328,27.024770736694336,675700
COO,2009-06-16,27.459999084472656,27.459999084472656,26.229999542236328,26.3799991607666,26.18117904663086,468700
COO,2009-06-17,26.479999542236328,27.450000762939453,26.3799991607666,27.07999992370605,26.87590789794922,509700
COO,2009-06-18,27.07999992370605,27.780000686645508,26.920000076293945,27.71999931335449,27.51107406616211,286500
COO,2009-06-19,27.940000534057617,28.280000686645508,27.049999237060547,27.450000762939453,27.243114471435547,441000
COO,2009-06-22,27.13999938964844,27.540000915527344,26.86000061035156,26.8799991607666,26.67740631103516,463000
COO,2009-06-23,26.770000457763672,26.93000030517578,26.270000457763672,26.280000686645508,26.08193588256836,458400
COO,2009-06-24,26.34000015258789,26.940000534057617,26.299999237060547,26.600000381469727,26.39952278137207,327100
COO,2009-06-25,26.600000381469727,27.40999984741211,26.459999084472656,27.25,27.04462432861328,314900
COO,2009-06-26,27.100000381469727,27.63999938964844,26.65999984741211,27.46999931335449,27.262964248657227,616800
COO,2009-06-29,27.559999465942383,27.559999465942383,25.280000686645508,25.5,25.30781555175781,1379500
COO,2009-06-30,25.56999969482422,25.81999969482422,24.190000534057617,24.729999542236328,24.54361724853516,1630800
COO,2009-07-01,25.020000457763672,25.799999237060547,24.8799991607666,25.450000762939453,25.258190155029297,1033800
COO,2009-07-02,25.36000061035156,25.489999771118164,24.790000915527344,25.13999938964844,24.950523376464844,656200
COO,2009-07-06,24.96999931335449,24.979999542236328,24.520000457763672,24.850000381469727,24.66270637512207,668200
COO,2009-07-07,24.940000534057617,25.06999969482422,24.420000076293945,24.489999771118164,24.3054256439209,583200
COO,2009-07-08,24.489999771118164,24.59000015258789,24.049999237060547,24.270000457763672,24.08708381652832,425600
COO,2009-07-09,24.239999771118164,24.420000076293945,23.84000015258789,23.979999542236328,23.79926490783692,387800
COO,2009-07-10,23.989999771118164,24.709999084472656,23.979999542236328,24.209999084472656,24.027530670166016,521900
COO,2009-07-13,24.229999542236328,24.780000686645508,23.940000534057617,24.780000686645508,24.593238830566406,427500
COO,2009-07-14,24.739999771118164,25.5,24.739999771118164,25.15999984741211,24.97037696838379,1017800
COO,2009-07-15,25.540000915527344,25.81999969482422,25.18000030517578,25.799999237060547,25.605546951293945,419300
COO,2009-07-16,25.57999992370605,26.21999931335449,25.43000030517578,26.11000061035156,25.94338607788086,425300
COO,2009-07-17,26.01000022888184,26.07999992370605,25.64999961853028,26.0,25.83407974243164,285100
COO,2009-07-20,26.0,26.31999969482422,25.739999771118164,26.07999992370605,25.913572311401367,425600
COO,2009-07-21,26.479999542236328,26.530000686645508,26.21999931335449,26.350000381469727,26.181846618652344,310500
COO,2009-07-22,25.989999771118164,26.46999931335449,25.84000015258789,26.1299991607666,25.96324920654297,286100
COO,2009-07-23,26.100000381469727,26.450000762939453,25.549999237060547,25.979999542236328,25.814208984375,825900
COO,2009-07-24,25.979999542236328,26.61000061035156,25.950000762939453,26.57999992370605,26.410381317138672,643400
COO,2009-07-27,26.520000457763672,27.57999992370605,26.520000457763672,27.46999931335449,27.29469871520996,490500
COO,2009-07-28,27.46999931335449,28.3799991607666,27.14999961853028,27.809999465942383,27.632530212402344,697600
COO,2009-07-29,27.81999969482422,28.56999969482422,27.489999771118164,28.21999931335449,28.039915084838867,681900
COO,2009-07-30,28.39999961853028,28.64999961853028,27.43000030517578,27.46999931335449,27.29469871520996,455100
COO,2009-07-31,27.46999931335449,27.59000015258789,27.13999938964844,27.440000534057617,27.264892578125,393500
COO,2009-08-03,27.5,27.57999992370605,26.89999961853028,27.489999771118164,27.314571380615234,744000
COO,2009-08-04,27.5,28.13999938964844,27.1299991607666,27.86000061035156,27.68221664428711,428400
COO,2009-08-05,27.84000015258789,28.100000381469727,27.3700008392334,27.940000534057617,27.761701583862305,475400
COO,2009-08-06,27.96999931335449,28.200000762939453,27.56999969482422,27.64999961853028,27.473552703857425,236600
COO,2009-08-07,27.93000030517578,28.86000061035156,27.81999969482422,28.1200008392334,27.94055938720703,518700
COO,2009-08-10,28.200000762939453,28.290000915527344,27.280000686645508,27.479999542236328,27.304637908935547,549700
COO,2009-08-11,27.559999465942383,27.68000030517578,27.270000457763672,27.280000686645508,27.10591506958008,230500
COO,2009-08-12,27.280000686645508,27.940000534057617,27.030000686645508,27.729999542236328,27.55303955078125,241600
COO,2009-08-13,27.89999961853028,28.07999992370605,27.6200008392334,27.84000015258789,27.662338256835938,259000
COO,2009-08-14,27.729999542236328,27.950000762939453,27.36000061035156,27.729999542236328,27.55303955078125,299200
COO,2009-08-17,27.40999984741211,27.729999542236328,26.84000015258789,26.950000762939453,26.778018951416016,275700
COO,2009-08-18,27.06999969482422,27.229999542236328,26.530000686645508,27.1200008392334,26.94693183898925,271800
COO,2009-08-19,27.100000381469727,27.700000762939453,27.100000381469727,27.489999771118164,27.314571380615234,265900
COO,2009-08-20,27.479999542236328,28.309999465942383,27.3700008392334,28.21999931335449,28.039915084838867,372800
COO,2009-08-21,28.450000762939453,28.68000030517578,28.309999465942383,28.450000762939453,28.268451690673828,206700
COO,2009-08-24,28.59000015258789,28.71999931335449,28.280000686645508,28.309999465942383,28.12933921813965,330300
COO,2009-08-25,28.540000915527344,29.1200008392334,28.34000015258789,29.07999992370605,28.89443016052246,384700
COO,2009-08-26,28.920000076293945,29.46999931335449,28.059999465942383,28.11000061035156,27.930620193481445,459200
COO,2009-08-27,28.020000457763672,28.770000457763672,27.1200008392334,28.670000076293945,28.487045288085938,675100
COO,2009-08-28,28.89999961853028,28.89999961853028,27.459999084472656,27.8700008392334,27.692148208618164,563100
COO,2009-08-31,27.82999992370605,27.959999084472656,27.040000915527344,27.31999969482422,27.145660400390625,527500
COO,2009-09-01,27.25,27.25,25.6299991607666,26.25,26.08248710632324,1121400
COO,2009-09-02,26.350000381469727,26.65999984741211,26.0,26.36000061035156,26.191781997680664,654800
COO,2009-09-03,26.559999465942383,26.709999084472656,25.809999465942383,26.670000076293945,26.49980354309082,874500
COO,2009-09-04,25.57999992370605,26.040000915527344,23.549999237060547,25.65999984741211,25.496246337890625,4206100
COO,2009-09-08,25.65999984741211,26.34000015258789,25.170000076293945,26.31999969482422,26.15203666687012,921100
COO,2009-09-09,26.25,27.90999984741211,26.200000762939453,27.3799991607666,27.205272674560547,853100
COO,2009-09-10,27.530000686645508,27.530000686645508,26.93000030517578,27.290000915527344,27.115846633911133,1080700
COO,2009-09-11,27.40999984741211,28.25,27.09000015258789,28.18000030517578,28.000167846679688,672700
COO,2009-09-14,28.01000022888184,29.440000534057617,28.01000022888184,29.350000381469727,29.16270446777344,633400
COO,2009-09-15,29.43000030517578,29.6200008392334,29.06999969482422,29.209999084472656,29.023588180541992,281700
COO,2009-09-16,29.280000686645508,29.5,28.8700008392334,29.5,29.311744689941406,374100
COO,2009-09-17,29.559999465942383,29.709999084472656,29.030000686645508,29.489999771118164,29.30180931091309,606300
COO,2009-09-18,29.600000381469727,29.93000030517578,29.43000030517578,29.850000381469727,29.659513473510746,506100
COO,2009-09-21,29.63999938964844,30.34000015258789,29.26000022888184,30.209999084472656,30.017213821411133,594800
COO,2009-09-22,30.09000015258789,30.38999938964844,29.75,30.190000534057617,29.99734878540039,391600
COO,2009-09-23,30.15999984741211,30.290000915527344,29.63999938964844,30.049999237060547,29.858232498168945,698300
COO,2009-09-24,30.01000022888184,30.06999969482422,29.18000030517578,29.739999771118164,29.55021476745605,443700
COO,2009-09-25,29.76000022888184,29.88999938964844,28.790000915527344,28.940000534057617,28.755321502685547,638100
COO,2009-09-28,28.989999771118164,30.07999992370605,28.989999771118164,30.07999992370605,29.888044357299805,456800
COO,2009-09-29,30.06999969482422,30.6299991607666,30.0,30.440000534057617,30.24574279785156,476500
COO,2009-09-30,30.450000762939453,30.479999542236328,29.32999992370605,29.729999542236328,29.540271759033203,649900
COO,2009-10-01,29.59000015258789,29.850000381469727,28.61000061035156,28.729999542236328,28.54665756225586,679700
COO,2009-10-02,28.540000915527344,28.64999961853028,28.020000457763672,28.549999237060547,28.367807388305664,385700
COO,2009-10-05,28.71999931335449,28.979999542236328,28.459999084472656,28.76000022888184,28.57646751403809,500800
COO,2009-10-06,28.96999931335449,29.6200008392334,28.46999931335449,29.479999542236328,29.2918701171875,319400
COO,2009-10-07,29.350000381469727,29.739999771118164,29.299999237060547,29.459999084472656,29.27200698852539,329900
COO,2009-10-08,29.559999465942383,29.979999542236328,29.479999542236328,29.75,29.56015014648437,232200
COO,2009-10-09,29.63999938964844,30.290000915527344,29.5,29.790000915527344,29.599897384643555,324100
COO,2009-10-12,29.770000457763672,31.049999237060547,29.770000457763672,30.989999771118164,30.7922420501709,418200
COO,2009-10-13,30.770000457763672,31.1299991607666,29.82999992370605,30.31999969482422,30.12651252746582,408100
COO,2009-10-14,30.459999084472656,31.07999992370605,30.420000076293945,30.90999984741211,30.712751388549805,823000
COO,2009-10-15,30.8799991607666,31.309999465942383,30.63999938964844,31.309999465942383,31.110191345214844,260400
COO,2009-10-16,31.1299991607666,31.25,30.770000457763672,31.040000915527344,30.8419189453125,187300
COO,2009-10-19,31.040000915527344,31.43000030517578,30.799999237060547,31.350000381469727,31.14993476867676,198500
COO,2009-10-20,31.209999084472656,31.309999465942383,30.88999938964844,30.96999931335449,30.772367477416992,620400
COO,2009-10-21,31.09000015258789,31.280000686645508,30.540000915527344,30.61000061035156,30.414661407470703,540900
COO,2009-10-22,30.6200008392334,30.86000061035156,30.25,30.799999237060547,30.603450775146484,300800
COO,2009-10-23,31.0,31.06999969482422,30.440000534057617,30.440000534057617,30.24574279785156,284900
COO,2009-10-26,30.440000534057617,30.739999771118164,29.63999938964844,29.670000076293945,29.48065757751465,272100
COO,2009-10-27,29.700000762939453,29.89999961853028,29.11000061035156,29.270000457763672,29.083213806152344,364000
COO,2009-10-28,29.100000381469727,29.270000457763672,28.020000457763672,28.190000534057617,28.010108947753903,437400
COO,2009-10-29,28.489999771118164,28.709999084472656,28.26000022888184,28.540000915527344,28.357872009277344,219200
COO,2009-10-30,28.239999771118164,28.440000534057617,27.59000015258789,28.01000022888184,27.831254959106445,609400
COO,2009-11-02,28.309999465942383,28.89999961853028,28.13999938964844,28.450000762939453,28.268451690673828,295000
COO,2009-11-03,28.450000762939453,28.56999969482422,28.1200008392334,28.56999969482422,28.387678146362305,193800
COO,2009-11-04,28.670000076293945,29.559999465942383,28.6200008392334,29.299999237060547,29.113018035888672,562100
COO,2009-11-05,29.559999465942383,30.43000030517578,29.36000061035156,30.31999969482422,30.12651252746582,761200
COO,2009-11-06,30.239999771118164,30.8700008392334,30.190000534057617,30.559999465942383,30.3649845123291,493300
COO,2009-11-09,30.780000686645508,31.3799991607666,30.65999984741211,31.31999969482422,31.120132446289062,427100
COO,2009-11-10,31.3799991607666,31.65999984741211,31.030000686645508,31.3799991607666,31.17974853515625,313000
COO,2009-11-11,31.5,31.6200008392334,31.1299991607666,31.5,31.29898262023925,227400
COO,2009-11-12,31.61000061035156,31.76000022888184,31.21999931335449,31.459999084472656,31.25923538208008,278800
COO,2009-11-13,31.56999969482422,31.56999969482422,31.1299991607666,31.51000022888184,31.308921813964844,178200
COO,2009-11-16,31.489999771118164,32.400001525878906,31.489999771118164,32.20000076293945,31.994516372680664,248900
COO,2009-11-17,32.029998779296875,32.060001373291016,31.479999542236328,31.809999465942383,31.60700416564941,157500
COO,2009-11-18,32.040000915527344,32.279998779296875,31.81999969482422,31.950000762939453,31.746112823486328,295800
COO,2009-11-19,31.959999084472656,32.0099983215332,31.170000076293945,31.709999084472656,31.507640838623047,160700
COO,2009-11-20,31.489999771118164,31.5,31.020000457763672,31.450000762939453,31.24930000305176,191500
COO,2009-11-23,31.84000015258789,32.290000915527344,31.559999465942383,32.08000183105469,31.875289916992188,212500
COO,2009-11-24,32.16999816894531,34.380001068115234,32.0099983215332,34.04999923706055,33.832706451416016,1154200
COO,2009-11-25,34.150001525878906,35.130001068115234,34.119998931884766,34.16999816894531,33.951942443847656,658100
COO,2009-11-27,33.380001068115234,33.95000076293945,33.290000915527344,33.630001068115234,33.41539764404297,81500
COO,2009-11-30,33.630001068115234,33.66999816894531,32.810001373291016,33.4900016784668,33.27629470825195,308900
COO,2009-12-01,33.849998474121094,34.220001220703125,33.040000915527344,34.08000183105469,33.86254119873047,363600
COO,2009-12-02,34.16999816894531,34.7599983215332,34.13999938964844,34.56999969482422,34.34939956665039,255500
COO,2009-12-03,34.400001525878906,34.869998931884766,34.040000915527344,34.08000183105469,33.86254119873047,252200
COO,2009-12-04,34.66999816894531,34.84000015258789,33.720001220703125,34.06999969482422,33.85257339477539,384300
COO,2009-12-07,34.0,34.13999938964844,33.869998931884766,33.91999816894531,33.70353317260742,481100
COO,2009-12-08,33.849998474121094,34.06999969482422,33.38999938964844,33.91999816894531,33.70353317260742,595800
COO,2009-12-09,36.560001373291016,38.33000183105469,36.47999954223633,36.540000915527344,36.30681228637695,2748700
COO,2009-12-10,36.709999084472656,37.02000045776367,35.869998931884766,36.380001068115234,36.14784622192383,1019600
COO,2009-12-11,36.7400016784668,37.16999816894531,36.34000015258789,36.45000076293945,36.21739196777344,753500
COO,2009-12-14,36.540000915527344,37.810001373291016,36.5099983215332,37.59999847412109,37.36006546020508,1023500
COO,2009-12-15,37.540000915527344,38.810001373291016,37.209999084472656,37.90999984741211,37.6680793762207,1195900
COO,2009-12-16,38.18999862670898,38.470001220703125,37.93999862670898,38.0099983215332,37.76745223999024,414300
COO,2009-12-17,37.63999938964844,38.060001373291016,37.119998931884766,37.400001525878906,37.16133880615234,326000
COO,2009-12-18,37.43999862670898,37.7599983215332,36.790000915527344,37.709999084472656,37.469356536865234,709500
COO,2009-12-21,38.0,38.15999984741211,37.38999938964844,37.5,37.26070785522461,318200
COO,2009-12-22,37.5,38.4900016784668,37.5,38.43000030517578,38.18475341796875,460000
COO,2009-12-23,38.59000015258789,38.650001525878906,37.9900016784668,38.040000915527344,37.797245025634766,333200
COO,2009-12-24,38.25,38.400001525878906,37.880001068115234,38.18999862670898,37.94629287719727,175400
COO,2009-12-28,38.34000015258789,38.52000045776367,37.970001220703125,38.13999938964844,37.896610260009766,147400
COO,2009-12-29,38.02999877929688,38.9900016784668,37.66999816894531,38.59999847412109,38.35367584228516,326100
COO,2009-12-30,38.38999938964844,38.38999938964844,37.959999084472656,38.27000045776367,38.02577972412109,224900
COO,2009-12-31,38.25,38.9900016784668,37.959999084472656,38.119998931884766,37.87672805786133,343100
COO,2010-01-04,38.2599983215332,38.47999954223633,37.61000061035156,37.75,37.50910568237305,481200
COO,2010-01-05,37.52000045776367,38.209999084472656,37.47999954223633,38.18999862670898,37.94629287719727,310900
COO,2010-01-06,37.93999862670898,38.47999954223633,37.86000061035156,38.16999816894531,37.926414489746094,390700
COO,2010-01-07,37.900001525878906,38.70000076293945,37.77999877929688,38.56999969482422,38.323856353759766,350600
COO,2010-01-08,38.25,38.43000030517578,37.790000915527344,37.95000076293945,37.70782852172852,235800
COO,2010-01-11,38.0,38.150001525878906,37.70000076293945,38.0,37.757511138916016,206300
COO,2010-01-12,37.619998931884766,38.220001220703125,37.540000915527344,37.630001068115234,37.389869689941406,203700
COO,2010-01-13,37.7599983215332,38.65999984741211,37.7400016784668,38.65999984741211,38.41329193115234,330000
COO,2010-01-14,38.36000061035156,38.900001525878906,38.11000061035156,38.52000045776367,38.303897857666016,554300
COO,2010-01-15,38.2599983215332,38.310001373291016,37.58000183105469,37.68999862670898,37.47856521606445,354600
COO,2010-01-19,37.810001373291016,38.59000015258789,37.709999084472656,38.25,38.03541946411133,243700
COO,2010-01-20,38.060001373291016,38.34000015258789,37.970001220703125,38.06999969482422,37.8564338684082,230900
COO,2010-01-21,38.2599983215332,38.2599983215332,36.5099983215332,37.040000915527344,36.83221054077149,498900
COO,2010-01-22,37.02000045776367,37.290000915527344,36.52999877929688,36.66999816894531,36.46428298950195,435400
COO,2010-01-25,36.81999969482422,37.060001373291016,36.119998931884766,36.43999862670898,36.23556518554688,640200
COO,2010-01-26,36.34999847412109,36.7599983215332,35.90999984741211,36.15999984741211,35.95713806152344,264300
COO,2010-01-27,36.0099983215332,36.2599983215332,35.43000030517578,35.83000183105469,35.628997802734375,312300
COO,2010-01-28,36.04999923706055,36.060001373291016,35.36000061035156,35.43000030517578,35.231239318847656,228900
COO,2010-01-29,35.66999816894531,35.849998474121094,35.31999969482422,35.31999969482422,35.12187194824219,327600
COO,2010-02-01,35.65999984741211,35.68000030517578,34.900001525878906,35.150001525878906,34.952816009521484,558800
COO,2010-02-02,35.150001525878906,35.95000076293945,35.150001525878906,35.79999923706055,35.59917068481445,645500
COO,2010-02-03,35.77000045776367,35.79999923706055,35.2599983215332,35.2599983215332,35.062198638916016,200400
COO,2010-02-04,35.099998474121094,36.59000015258789,34.849998474121094,36.45000076293945,36.24552154541016,677000
COO,2010-02-05,36.41999816894531,36.4900016784668,35.79999923706055,36.16999816894531,35.96708679199219,466000
COO,2010-02-08,36.2599983215332,36.72999954223633,36.060001373291016,36.20000076293945,35.99692153930664,229800
COO,2010-02-09,36.29999923706055,36.75,35.869998931884766,36.650001525878906,36.44439697265625,359700
COO,2010-02-10,36.68999862670898,37.04999923706055,36.34999847412109,36.970001220703125,36.76259994506836,400000
COO,2010-02-11,36.84999847412109,37.66999816894531,36.75,37.65999984741211,37.44873046875,318900
COO,2010-02-12,37.54999923706055,38.400001525878906,37.2599983215332,38.33000183105469,38.1149787902832,773900
COO,2010-02-16,38.38999938964844,38.470001220703125,37.61000061035156,38.13999938964844,37.92604064941406,288500
COO,2010-02-17,38.11000061035156,38.79999923706055,38.11000061035156,38.72999954223633,38.51272964477539,254200
COO,2010-02-18,38.5099983215332,38.61000061035156,38.09000015258789,38.41999816894531,38.204471588134766,205600
COO,2010-02-19,38.22999954223633,38.59999847412109,38.08000183105469,38.43999862670898,38.22434616088867,180000
COO,2010-02-22,38.56999969482422,39.22999954223633,38.02999877929688,39.18000030517578,38.960205078125,433500
COO,2010-02-23,39.16999816894531,39.459999084472656,38.7599983215332,39.18000030517578,38.960205078125,655900
COO,2010-02-24,39.13999938964844,40.18999862670898,39.08000183105469,40.08000183105469,39.85515975952149,391900
COO,2010-02-25,39.75,40.2400016784668,39.650001525878906,40.20000076293945,39.974491119384766,445700
COO,2010-02-26,40.11000061035156,40.40999984741211,39.84000015258789,40.060001373291016,39.83526992797852,419900
COO,2010-03-01,40.27999877929688,40.97999954223633,40.02999877929688,40.709999084472656,40.48161315917969,311200
COO,2010-03-02,40.70000076293945,41.0,40.4900016784668,40.959999084472656,40.73022079467773,399200
COO,2010-03-03,41.18000030517578,41.2400016784668,39.709999084472656,39.77000045776367,39.54689407348633,624500
COO,2010-03-04,40.0,40.290000915527344,39.79999923706055,40.20000076293945,39.974491119384766,492500
COO,2010-03-05,39.40999984741211,40.13999938964844,38.150001525878906,38.5099983215332,38.29397201538086,1297000
COO,2010-03-08,38.63999938964844,39.33000183105469,38.5,39.25,39.02981948852539,546900
COO,2010-03-09,39.25,39.25,38.72999954223633,39.08000183105469,38.86077499389648,262800
COO,2010-03-10,39.0099983215332,39.91999816894531,38.810001373291016,39.75,39.52700805664063,264400
COO,2010-03-11,39.810001373291016,39.810001373291016,39.09000015258789,39.470001220703125,39.24858093261719,282300
COO,2010-03-12,39.470001220703125,39.66999816894531,38.709999084472656,38.869998931884766,38.65193939208984,188600
COO,2010-03-15,38.900001525878906,39.130001068115234,38.540000915527344,38.9900016784668,38.771278381347656,147400
COO,2010-03-16,38.810001373291016,39.09999847412109,38.2400016784668,39.040000915527344,38.82099151611328,181100
COO,2010-03-17,39.18999862670898,39.65999984741211,39.04999923706055,39.63999938964844,39.41762161254883,201900
COO,2010-03-18,39.79999923706055,40.0,39.58000183105469,39.880001068115234,39.656280517578125,164000
COO,2010-03-19,40.06999969482422,40.59000015258789,39.619998931884766,40.06999969482422,39.845211029052734,422900
COO,2010-03-22,39.790000915527344,41.54999923706055,39.790000915527344,41.0099983215332,40.77993774414063,283500
COO,2010-03-23,41.02999877929688,41.02999877929688,40.09000015258789,40.68000030517578,40.45178985595703,187600
COO,2010-03-24,40.70000076293945,40.77999877929688,40.09000015258789,40.25,40.02421569824219,164000
COO,2010-03-25,40.380001068115234,40.43999862670898,39.650001525878906,39.68999862670898,39.46735000610352,203100
COO,2010-03-26,39.790000915527344,39.790000915527344,37.2599983215332,38.02000045776367,37.80672454833984,1260200
COO,2010-03-29,38.150001525878906,38.70000076293945,37.959999084472656,38.5099983215332,38.29397201538086,805200
COO,2010-03-30,38.54999923706055,38.95000076293945,38.290000915527344,38.720001220703125,38.50278472900391,587700
COO,2010-03-31,38.61000061035156,39.09999847412109,38.43999862670898,38.880001068115234,38.66188430786133,497400
COO,2010-04-01,38.9900016784668,39.38999938964844,38.66999816894531,38.970001220703125,38.75138473510742,292700
COO,2010-04-05,38.88999938964844,39.400001525878906,38.84000015258789,39.15999984741211,38.940311431884766,236500
COO,2010-04-06,38.970001220703125,38.970001220703125,38.33000183105469,38.38999938964844,38.17463684082031,373600
COO,2010-04-07,38.25,38.27999877929688,37.709999084472656,38.04999923706055,37.836544036865234,242400
COO,2010-04-08,38.08000183105469,38.34000015258789,37.63999938964844,38.25,38.03541946411133,618900
COO,2010-04-09,38.34999847412109,38.7599983215332,38.220001220703125,38.7599983215332,38.54256439208984,206300
COO,2010-04-12,38.90999984741211,39.58000183105469,38.65999984741211,39.45000076293945,39.22869491577149,515300
COO,2010-04-13,39.900001525878906,40.09000015258789,38.91999816894531,39.16999816894531,38.95025253295898,342700
COO,2010-04-14,39.310001373291016,39.36000061035156,38.619998931884766,38.79999923706055,38.582332611083984,287500
COO,2010-04-15,38.83000183105469,38.83000183105469,38.34000015258789,38.56999969482422,38.35362243652344,211300
COO,2010-04-16,38.560001373291016,38.59000015258789,37.900001525878906,38.119998931884766,37.90615463256836,281700
COO,2010-04-19,38.09999847412109,38.54999923706055,37.900001525878906,38.0099983215332,37.79676818847656,305500
COO,2010-04-20,38.209999084472656,39.56999969482422,38.15999984741211,39.2400016784668,39.01987457275391,393400
COO,2010-04-21,39.18000030517578,39.25,38.709999084472656,39.0,38.78121566772461,222900
COO,2010-04-22,38.869998931884766,38.93999862670898,38.45000076293945,38.650001525878906,38.43318176269531,238300
COO,2010-04-23,38.709999084472656,38.90999984741211,38.36000061035156,38.84999847412109,38.63204574584961,102800
COO,2010-04-26,38.90999984741211,39.220001220703125,38.90999984741211,39.060001373291016,38.84087753295898,236000
COO,2010-04-27,38.880001068115234,39.15999984741211,38.77999877929688,38.83000183105469,38.61217498779297,337900
COO,2010-04-28,38.880001068115234,39.34000015258789,38.70000076293945,39.040000915527344,38.82099151611328,275200
COO,2010-04-29,39.06999969482422,39.43999862670898,38.869998931884766,39.400001525878906,39.17897415161133,184400
COO,2010-04-30,39.34999847412109,39.560001373291016,38.86000061035156,38.88999938964844,38.67182922363281,318500
COO,2010-05-03,39.0,39.060001373291016,38.54999923706055,38.88999938964844,38.67182922363281,268700
COO,2010-05-04,38.56999969482422,38.810001373291016,37.369998931884766,37.61000061035156,37.39900970458984,339900
COO,2010-05-05,37.22999954223633,38.0,36.65999984741211,37.70000076293945,37.48849487304688,319000
COO,2010-05-06,37.56999969482422,37.90999984741211,35.63999938964844,37.22999954223633,37.02114868164063,435600
COO,2010-05-07,37.06999969482422,37.29999923706055,36.11000061035156,36.25,36.04663848876953,654900
COO,2010-05-10,37.2599983215332,37.72999954223633,36.45000076293945,36.72999954223633,36.5239486694336,474400
COO,2010-05-11,36.56999969482422,36.70000076293945,36.310001373291016,36.58000183105469,36.37479019165039,660100
COO,2010-05-12,36.56999969482422,37.15999984741211,36.56999969482422,37.09000015258789,36.88193130493164,400200
COO,2010-05-13,36.959999084472656,37.5,36.959999084472656,37.27000045776367,37.06092834472656,226500
COO,2010-05-14,37.130001068115234,37.130001068115234,36.18999862670898,36.400001525878906,36.19580078125,376900
COO,2010-05-17,36.56999969482422,37.04999923706055,35.95000076293945,36.619998931884766,36.41456985473633,376100
COO,2010-05-18,36.72999954223633,37.13999938964844,36.540000915527344,36.59999847412109,36.394676208496094,252600
COO,2010-05-19,36.54999923706055,36.720001220703125,35.970001220703125,36.290000915527344,36.08641052246094,183800
COO,2010-05-20,36.0,36.29999923706055,34.7599983215332,35.09000015258789,34.893150329589844,466600
COO,2010-05-21,34.70000076293945,35.209999084472656,34.279998779296875,34.849998474121094,34.65449523925781,287900
COO,2010-05-24,35.90999984741211,37.40999984741211,35.70000076293945,35.79999923706055,35.59917068481445,761600
COO,2010-05-25,35.7599983215332,35.7599983215332,34.70000076293945,35.56999969482422,35.370460510253906,513000
COO,2010-05-26,35.560001373291016,36.369998931884766,35.33000183105469,35.459999084472656,35.261070251464844,348500
COO,2010-05-27,35.93000030517578,37.060001373291016,35.880001068115234,37.02000045776367,36.81230926513672,302100
COO,2010-05-28,37.06999969482422,37.27000045776367,36.810001373291016,36.86000061035156,36.65322113037109,218100
COO,2010-06-01,36.709999084472656,36.970001220703125,35.9900016784668,36.04999923706055,35.8477668762207,233400
COO,2010-06-02,36.11000061035156,37.2599983215332,35.79999923706055,37.130001068115234,36.92170715332031,349200
COO,2010-06-03,37.150001525878906,38.5099983215332,37.150001525878906,37.959999084472656,37.74704360961914,626800
COO,2010-06-04,36.93999862670898,38.380001068115234,36.790000915527344,37.220001220703125,37.01121139526367,943800
COO,2010-06-07,37.310001373291016,37.58000183105469,36.70000076293945,37.02999877929688,36.822265625,556200
COO,2010-06-08,36.95000076293945,37.11000061035156,35.470001220703125,35.70000076293945,35.499732971191406,822200
COO,2010-06-09,35.90999984741211,36.65999984741211,35.779998779296875,36.0,35.79804992675781,589300
COO,2010-06-10,36.41999816894531,36.41999816894531,35.93000030517578,36.150001525878906,35.947208404541016,336900
COO,2010-06-11,36.040000915527344,36.86000061035156,35.88999938964844,36.79999923706055,36.59355545043945,377900
COO,2010-06-14,37.0,37.4900016784668,36.83000183105469,36.91999816894531,36.71287536621094,329000
COO,2010-06-15,37.06999969482422,38.400001525878906,37.06999969482422,38.36000061035156,38.14480209350586,501200
COO,2010-06-16,38.18999862670898,38.869998931884766,38.18999862670898,38.560001373291016,38.34368133544922,367200
COO,2010-06-17,38.79999923706055,38.91999816894531,38.369998931884766,38.86000061035156,38.64200592041016,241500
COO,2010-06-18,39.060001373291016,39.91999816894531,38.81999969482422,39.79999923706055,39.57673263549805,712000
COO,2010-06-21,40.369998931884766,41.2400016784668,40.27000045776367,40.900001525878906,40.67055130004883,792100
COO,2010-06-22,40.560001373291016,41.5,40.470001220703125,40.900001525878906,40.67055130004883,1104800
COO,2010-06-23,40.70000076293945,40.9900016784668,40.220001220703125,40.2599983215332,40.03413772583008,514600
COO,2010-06-24,40.02000045776367,40.36000061035156,39.790000915527344,39.959999084472656,39.7358283996582,529200
COO,2010-06-25,40.0099983215332,41.810001373291016,39.66999816894531,41.56999969482422,41.33680725097656,1276000
COO,2010-06-28,41.72999954223633,41.83000183105469,40.970001220703125,41.540000915527344,41.30696868896485,1037600
COO,2010-06-29,41.22999954223633,41.22999954223633,39.95000076293945,40.02999877929688,39.80543899536133,715800
COO,2010-06-30,40.130001068115234,40.459999084472656,39.66999816894531,39.790000915527344,39.56679534912109,604600
COO,2010-07-01,39.79999923706055,39.79999923706055,38.959999084472656,39.380001068115234,39.159088134765625,659800
COO,2010-07-02,39.540000915527344,39.84999847412109,39.040000915527344,39.20000076293945,38.9800910949707,323700
COO,2010-07-06,39.59999847412109,39.95000076293945,39.06999969482422,39.09999847412109,38.88065719604492,652300
COO,2010-07-07,39.20000076293945,39.65999984741211,38.959999084472656,39.61000061035156,39.387786865234375,634300
COO,2010-07-08,39.84000015258789,39.9900016784668,39.290000915527344,39.560001373291016,39.33808135986328,687200
COO,2010-07-09,39.61000061035156,39.77999877929688,39.34999847412109,39.77999877929688,39.55684280395508,200300
COO,2010-07-12,39.63999938964844,39.81999969482422,39.36000061035156,39.560001373291016,39.33808135986328,142800
COO,2010-07-13,39.869998931884766,40.20000076293945,39.7400016784668,40.02000045776367,39.79549407958984,226400
COO,2010-07-14,40.18999862670898,40.18999862670898,39.4900016784668,39.83000183105469,39.6065673828125,305300
COO,2010-07-15,39.88999938964844,39.88999938964844,39.209999084472656,39.290000915527344,39.0695915222168,426600
COO,2010-07-16,39.13999938964844,39.36000061035156,38.61000061035156,38.630001068115234,38.44264602661133,480900
COO,2010-07-19,38.75,38.75,37.90999984741211,38.18999862670898,38.0047721862793,639500
COO,2010-07-20,37.93000030517578,38.27000045776367,37.43000030517578,38.27000045776367,38.08439254760742,345300
COO,2010-07-21,38.45000076293945,38.79999923706055,37.70000076293945,37.880001068115234,37.6962776184082,452400
COO,2010-07-22,38.27999877929688,38.79999923706055,37.95000076293945,38.77999877929688,38.59191131591797,277800
COO,2010-07-23,38.630001068115234,39.41999816894531,38.630001068115234,39.06999969482422,38.88050842285156,597600
COO,2010-07-26,38.970001220703125,39.900001525878906,38.970001220703125,39.880001068115234,39.68657684326172,343000
COO,2010-07-27,39.95000076293945,40.040000915527344,39.11000061035156,39.470001220703125,39.278568267822266,243200
COO,2010-07-28,39.27000045776367,39.43999862670898,38.630001068115234,38.84999847412109,38.66157531738281,239400
COO,2010-07-29,39.060001373291016,39.13999938964844,38.5099983215332,38.93999862670898,38.75114440917969,295700
COO,2010-07-30,38.400001525878906,39.20000076293945,38.29999923706055,38.86000061035156,38.67152786254883,338500
COO,2010-08-02,39.150001525878906,39.65999984741211,39.0,39.59000015258789,39.397987365722656,411700
COO,2010-08-03,39.56999969482422,40.09000015258789,39.2599983215332,39.7599983215332,39.567161560058594,290700
COO,2010-08-04,39.81999969482422,40.790000915527344,39.72999954223633,40.68000030517578,40.482696533203125,366900
COO,2010-08-05,40.4900016784668,40.70000076293945,40.20000076293945,40.43000030517578,40.23391342163086,350800
COO,2010-08-06,40.150001525878906,41.22999954223633,39.97999954223633,41.18999862670898,40.9902229309082,346000
COO,2010-08-09,41.22999954223633,41.369998931884766,40.75,41.02000045776367,40.82106018066406,263000
COO,2010-08-10,40.77000045776367,41.040000915527344,40.75,40.95000076293945,40.75138473510742,337400
COO,2010-08-11,40.459999084472656,40.66999816894531,40.11000061035156,40.20000076293945,40.00503540039063,435200
COO,2010-08-12,40.04999923706055,40.56999969482422,39.900001525878906,40.5,40.30357360839844,247300
COO,2010-08-13,40.5,40.650001525878906,40.040000915527344,40.09999847412109,39.9055061340332,322300
COO,2010-08-16,40.0,41.0,39.970001220703125,40.93999862670898,40.74142837524414,383900
COO,2010-08-17,41.31999969482422,42.2599983215332,41.209999084472656,41.900001525878906,41.696773529052734,307600
COO,2010-08-18,41.93999862670898,41.93999862670898,41.36000061035156,41.400001525878906,41.1992073059082,506400
COO,2010-08-19,41.150001525878906,41.22999954223633,40.27999877929688,40.86000061035156,40.66183471679688,331000
COO,2010-08-20,40.79999923706055,40.869998931884766,40.27000045776367,40.810001373291016,40.61207962036133,137300
COO,2010-08-23,41.0,41.59000015258789,40.970001220703125,41.2400016784668,41.03998947143555,390100
COO,2010-08-24,41.0,41.22999954223633,40.400001525878906,41.16999816894531,40.97032928466797,336900
COO,2010-08-25,41.06999969482422,41.130001068115234,40.33000183105469,40.650001525878906,40.45285415649414,397100
COO,2010-08-26,40.70000076293945,40.91999816894531,39.880001068115234,40.02000045776367,39.82589721679688,207600
COO,2010-08-27,40.09999847412109,40.09999847412109,39.369998931884766,39.84999847412109,39.6567268371582,439500
COO,2010-08-30,39.75,40.040000915527344,39.43999862670898,39.83000183105469,39.63682556152344,545000
COO,2010-08-31,39.790000915527344,40.59999847412109,39.43000030517578,40.34000015258789,40.14435195922852,539400
COO,2010-09-01,40.650001525878906,41.0,40.4900016784668,40.810001373291016,40.61207962036133,428400
COO,2010-09-02,40.900001525878906,41.43000030517578,40.790000915527344,41.2599983215332,41.05989074707031,400600
COO,2010-09-03,45.0,45.0,43.7400016784668,44.18000030517578,43.965728759765625,2259100
COO,2010-09-07,43.83000183105469,44.310001373291016,43.650001525878906,43.66999816894531,43.45819091796875,567700
COO,2010-09-08,43.77999877929688,44.060001373291016,43.5,43.65999984741211,43.44824981689453,546300
COO,2010-09-09,43.95000076293945,44.06999969482422,43.72999954223633,44.0,43.786598205566406,458400
COO,2010-09-10,44.119998931884766,44.130001068115234,43.7599983215332,44.04999923706055,43.83636093139648,452600
COO,2010-09-13,44.59999847412109,46.33000183105469,44.380001068115234,46.150001525878906,45.92618560791016,1154200
COO,2010-09-14,45.810001373291016,45.810001373291016,45.09999847412109,45.31999969482422,45.10019302368164,703400
COO,2010-09-15,45.27999877929688,46.36000061035156,45.13999938964844,46.2599983215332,46.035640716552734,425100
COO,2010-09-16,46.09999847412109,46.369998931884766,45.77000045776367,46.2400016784668,46.01573181152344,349500
COO,2010-09-17,46.27000045776367,46.52999877929688,45.79999923706055,46.4900016784668,46.264530181884766,468400
COO,2010-09-20,46.52999877929688,46.619998931884766,46.09999847412109,46.52000045776367,46.29437255859375,390200
COO,2010-09-21,46.61000061035156,46.61000061035156,46.09000015258789,46.18999862670898,45.96597290039063,515400
COO,2010-09-22,45.880001068115234,45.970001220703125,44.869998931884766,45.27000045776367,45.05044555664063,554000
COO,2010-09-23,45.06999969482422,45.29999923706055,44.84000015258789,44.88999938964844,44.672271728515625,277400
COO,2010-09-24,45.31999969482422,45.84000015258789,44.77000045776367,45.81999969482422,45.5977668762207,432200
COO,2010-09-27,45.97999954223633,46.45000076293945,45.709999084472656,46.41999816894531,46.194854736328125,679700
COO,2010-09-28,46.45000076293945,46.560001373291016,45.83000183105469,46.380001068115234,46.155052185058594,620100
COO,2010-09-29,46.20000076293945,46.84999847412109,46.02000045776367,46.84000015258789,46.612831115722656,298000
COO,2010-09-30,47.0099983215332,47.27999877929688,46.20000076293945,46.220001220703125,45.99583053588867,673200
COO,2010-10-01,46.58000183105469,46.9900016784668,46.2400016784668,46.90999984741211,46.68249130249024,423300
COO,2010-10-04,47.81999969482422,48.18000030517578,45.93999862670898,46.68000030517578,46.45359802246094,716600
COO,2010-10-05,47.04999923706055,47.81999969482422,46.970001220703125,47.5,47.26962661743164,810300
COO,2010-10-06,47.2599983215332,47.75,47.209999084472656,47.5099983215332,47.27958297729492,503900
COO,2010-10-07,47.84000015258789,48.380001068115234,47.52000045776367,48.22999954223633,47.9960823059082,490400
COO,2010-10-08,48.220001220703125,48.45000076293945,47.93000030517578,48.27999877929688,48.045841217041016,326800
COO,2010-10-11,48.36000061035156,49.08000183105469,48.150001525878906,48.81999969482422,48.58322143554688,288100
COO,2010-10-12,48.880001068115234,49.470001220703125,48.70000076293945,49.36000061035156,49.12059783935547,385000
COO,2010-10-13,49.52999877929688,50.61000061035156,49.2400016784668,50.58000183105469,50.33467483520508,764100
COO,2010-10-14,50.5099983215332,51.09000015258789,50.5099983215332,50.77999877929688,50.53371047973633,590300
COO,2010-10-15,51.040000915527344,51.040000915527344,50.22999954223633,50.5,50.25507354736328,445500
COO,2010-10-18,50.38999938964844,50.970001220703125,50.34000015258789,50.81999969482422,50.57353591918945,210700
COO,2010-10-19,50.369998931884766,50.900001525878906,49.650001525878906,49.84000015258789,49.598262786865234,634400
COO,2010-10-20,49.88999938964844,50.959999084472656,49.88999938964844,50.81999969482422,50.57353591918945,311900
COO,2010-10-21,51.04999923706055,51.31999969482422,50.369998931884766,50.79999923706055,50.553619384765625,304400
COO,2010-10-22,50.95000076293945,51.0099983215332,50.470001220703125,50.65999984741211,50.41429901123047,198600
COO,2010-10-25,50.9900016784668,51.09999847412109,50.02999877929688,50.040000915527344,49.79730224609375,326000
COO,2010-10-26,50.0,50.27000045776367,49.56999969482422,49.59999847412109,49.35943222045898,299100
COO,2010-10-27,49.41999816894531,49.93999862670898,49.11000061035156,49.93000030517578,49.68783950805664,344700
COO,2010-10-28,49.880001068115234,50.970001220703125,49.79999923706055,49.880001068115234,49.63808441162109,250200
COO,2010-10-29,49.72999954223633,49.86000061035156,49.119998931884766,49.34000015258789,49.10070037841797,511100
COO,2010-11-01,49.459999084472656,49.90999984741211,49.22999954223633,49.56999969482422,49.32958221435547,321400
COO,2010-11-02,49.790000915527344,50.54999923706055,49.72999954223633,50.47999954223633,50.235164642333984,200800
COO,2010-11-03,50.4900016784668,50.5099983215332,49.29999923706055,50.04999923706055,49.80725860595703,330300
COO,2010-11-04,50.34999847412109,50.70000076293945,49.83000183105469,50.02999877929688,49.787353515625,307400
COO,2010-11-05,49.93999862670898,50.56999969482422,49.77999877929688,50.18000030517578,49.93662643432617,367100
COO,2010-11-08,50.16999816894531,50.16999816894531,49.47999954223633,49.619998931884766,49.37934112548828,169900
COO,2010-11-09,49.77000045776367,49.97999954223633,49.0,49.400001525878906,49.1604118347168,289000
COO,2010-11-10,49.470001220703125,50.0,49.13999938964844,49.88999938964844,49.64802169799805,218000
COO,2010-11-11,49.459999084472656,50.0,49.25,49.65999984741211,49.41914749145508,254700
COO,2010-11-12,49.34999847412109,49.68000030517578,49.130001068115234,49.52000045776367,49.279823303222656,217600
COO,2010-11-15,49.52000045776367,50.0,49.130001068115234,49.790000915527344,49.54850387573242,374300
COO,2010-11-16,49.38999938964844,49.56999969482422,49.02000045776367,49.130001068115234,48.8917236328125,762100
COO,2010-11-17,49.130001068115234,49.34999847412109,48.900001525878906,48.97999954223633,48.74245071411133,258200
COO,2010-11-18,49.34999847412109,50.79999923706055,49.060001373291016,50.47999954223633,50.235164642333984,359400
COO,2010-11-19,50.4900016784668,50.91999816894531,49.9900016784668,50.869998931884766,50.62328720092773,301600
COO,2010-11-22,50.59999847412109,52.27000045776367,50.45000076293945,52.150001525878906,51.89707946777344,661200
COO,2010-11-23,51.65999984741211,51.86000061035156,51.380001068115234,51.720001220703125,51.46915817260742,414000
COO,2010-11-24,51.9900016784668,53.27999877929688,51.9900016784668,53.0,52.74294662475586,301700
COO,2010-11-26,52.70000076293945,52.95000076293945,52.290000915527344,52.290000915527344,52.036399841308594,80200
COO,2010-11-29,52.119998931884766,52.59999847412109,51.52000045776367,52.119998931884766,51.8672103881836,246400
COO,2010-11-30,51.77000045776367,53.56999969482422,51.59999847412109,53.5,53.24052429199219,590600
COO,2010-12-01,54.400001525878906,54.91999816894531,53.970001220703125,54.36000061035156,54.09635925292969,555700
COO,2010-12-02,54.38999938964844,54.63999938964844,53.7400016784668,53.790000915527344,53.52912521362305,762700
COO,2010-12-03,53.54999923706055,53.7400016784668,53.380001068115234,53.54999923706055,53.290283203125,996000
COO,2010-12-06,53.54999923706055,53.63999938964844,53.290000915527344,53.5,53.24052429199219,435900
COO,2010-12-07,53.70000076293945,53.97999954223633,53.16999816894531,53.560001373291016,53.30023193359375,925600
COO,2010-12-08,57.68999862670898,57.68999862670898,55.52000045776367,56.93000030517578,56.65389633178711,1957800
COO,2010-12-09,57.2400016784668,57.86000061035156,56.9900016784668,57.66999816894531,57.39030838012695,483200
COO,2010-12-10,57.59999847412109,57.959999084472656,57.130001068115234,57.84000015258789,57.55947494506836,619100
COO,2010-12-13,57.959999084472656,58.380001068115234,57.709999084472656,58.06999969482422,57.78836441040039,785800
COO,2010-12-14,58.209999084472656,58.77000045776367,57.970001220703125,58.29999923706055,58.01724624633789,540300
COO,2010-12-15,58.31999969482422,59.11000061035156,58.130001068115234,58.290000915527344,58.00729370117188,500100
COO,2010-12-16,58.29999923706055,58.90999984741211,58.22999954223633,58.52999877929688,58.24613571166992,445400
COO,2010-12-17,58.5,58.52000045776367,58.06999969482422,58.34999847412109,58.0670051574707,603600
COO,2010-12-20,58.7400016784668,58.7400016784668,57.619998931884766,57.650001525878906,57.37038803100586,331100
COO,2010-12-21,57.880001068115234,57.97999954223633,56.7599983215332,57.25,56.97234344482422,468400
COO,2010-12-22,57.2400016784668,57.310001373291016,56.63999938964844,56.93000030517578,56.65389633178711,369500
COO,2010-12-23,57.02999877929688,57.2400016784668,56.4900016784668,56.65999984741211,56.385196685791016,275800
COO,2010-12-27,56.5,56.7599983215332,55.95000076293945,56.400001525878906,56.12646484375,230300
COO,2010-12-28,56.709999084472656,56.79999923706055,55.95000076293945,56.58000183105469,56.30558776855469,273500
COO,2010-12-29,56.560001373291016,56.90999984741211,56.20000076293945,56.380001068115234,56.106563568115234,127400
COO,2010-12-30,56.290000915527344,57.40999984741211,56.2400016784668,56.650001525878906,56.375247955322266,370700
COO,2010-12-31,56.209999084472656,56.810001373291016,55.79999923706055,56.34000015258789,56.06675720214844,392200
COO,2011-01-03,56.70000076293945,57.02000045776367,56.470001220703125,56.84999847412109,56.57428359985352,375100
COO,2011-01-04,56.9900016784668,56.9900016784668,56.130001068115234,56.38999938964844,56.11650466918945,528700
COO,2011-01-05,56.33000183105469,56.33000183105469,55.7400016784668,56.060001373291016,55.7881088256836,446400
COO,2011-01-06,55.97999954223633,56.15999984741211,55.84999847412109,56.060001373291016,55.7881088256836,293700
COO,2011-01-07,56.20000076293945,56.45000076293945,55.5,56.06999969482422,55.79805374145508,235700
COO,2011-01-10,55.75,56.70000076293945,55.5099983215332,56.59999847412109,56.325496673583984,277900
COO,2011-01-11,56.810001373291016,57.83000183105469,56.77000045776367,57.72999954223633,57.45000076293945,624700
COO,2011-01-12,58.0,58.09000015258789,57.33000183105469,57.7400016784668,57.4599609375,376500
COO,2011-01-13,57.95000076293945,58.09000015258789,57.09999847412109,57.380001068115234,57.10170364379883,457900
COO,2011-01-14,57.220001220703125,57.56999969482422,56.95000076293945,57.34999847412109,57.10171508789063,285300
COO,2011-01-18,57.38999938964844,57.84000015258789,57.22999954223633,57.459999084472656,57.21122741699219,551800
COO,2011-01-19,57.369998931884766,57.79999923706055,57.060001373291016,57.38999938964844,57.14153289794922,286900
COO,2011-01-20,57.25,57.61000061035156,56.84999847412109,57.45000076293945,57.20127487182617,374400
COO,2011-01-21,57.72999954223633,57.72999954223633,56.09999847412109,56.38999938964844,56.1458625793457,389900
COO,2011-01-24,56.41999816894531,57.38999938964844,56.150001525878906,57.150001525878906,56.90258026123047,373600
COO,2011-01-25,57.150001525878906,57.650001525878906,56.65999984741211,57.59999847412109,57.35062789916992,362500
COO,2011-01-26,57.900001525878906,58.08000183105469,57.5,57.93999862670898,57.68914794921875,250300
COO,2011-01-27,57.83000183105469,58.41999816894531,57.81999969482422,58.18000030517578,57.9281120300293,270600
COO,2011-01-28,58.09999847412109,58.09999847412109,56.7400016784668,56.93000030517578,56.68352890014648,224900
COO,2011-01-31,57.119998931884766,57.959999084472656,56.91999816894531,57.34000015258789,57.09175109863281,212500
COO,2011-02-01,57.56999969482422,58.41999816894531,57.43999862670898,57.47999954223633,57.23114776611328,228700
COO,2011-02-02,57.41999816894531,57.84000015258789,57.15999984741211,57.75,57.49996948242188,213300
COO,2011-02-03,57.7599983215332,58.369998931884766,57.150001525878906,58.27000045776367,58.01772689819336,227000
COO,2011-02-04,58.060001373291016,58.72999954223633,58.060001373291016,58.650001525878906,58.39608001708984,235300
COO,2011-02-07,58.66999816894531,59.5099983215332,58.66999816894531,59.34999847412109,59.093048095703125,302100
COO,2011-02-08,59.459999084472656,59.84999847412109,59.33000183105469,59.630001068115234,59.37184143066406,309400
COO,2011-02-09,59.45000076293945,59.93999862670898,59.45000076293945,59.75,59.49132537841797,183700
COO,2011-02-10,59.61000061035156,60.2400016784668,59.61000061035156,60.02000045776367,59.76014709472656,223600
COO,2011-02-11,59.900001525878906,62.16999816894531,59.869998931884766,61.709999084472656,61.44282150268555,737700
COO,2011-02-14,61.77999877929688,62.9900016784668,61.7400016784668,62.0,61.7315788269043,405200
COO,2011-02-15,61.77999877929688,62.060001373291016,61.15999984741211,61.2400016784668,60.97486877441406,402200
COO,2011-02-16,61.45000076293945,61.95000076293945,61.290000915527344,61.75,61.4826545715332,278100
COO,2011-02-17,61.68000030517578,62.08000183105469,61.27000045776367,61.77999877929688,61.51253509521485,327800
COO,2011-02-18,61.97999954223633,62.52999877929688,61.40999984741211,61.65999984741211,61.393043518066406,262600
COO,2011-02-22,61.25,61.34000015258789,60.34999847412109,60.84999847412109,60.5865592956543,457000
COO,2011-02-23,60.790000915527344,60.93000030517578,58.810001373291016,59.09000015258789,58.834171295166016,523500
COO,2011-02-24,59.09000015258789,60.18999862670898,59.06999969482422,59.470001220703125,59.21253204345703,310700
COO,2011-02-25,59.79999923706055,61.59000015258789,59.79999923706055,61.560001373291016,61.29347610473633,343400
COO,2011-02-28,61.58000183105469,62.84000015258789,61.52000045776367,61.81999969482422,61.55236053466797,468300
COO,2011-03-01,62.0,62.33000183105469,61.27000045776367,61.77000045776367,61.50257873535156,508100
COO,2011-03-02,61.59999847412109,62.45000076293945,61.310001373291016,61.619998931884766,61.35321807861328,366200
COO,2011-03-03,62.209999084472656,63.75,61.7400016784668,63.619998931884766,63.34455108642578,752700
COO,2011-03-04,67.79000091552734,70.30999755859375,66.69999694824219,70.0999984741211,69.79650115966797,2318500
COO,2011-03-07,70.26000213623047,70.4000015258789,67.5199966430664,69.33000183105469,69.02983093261719,1297100
COO,2011-03-08,69.12000274658203,71.48999786376953,68.5999984741211,70.5,70.19474792480469,909700
COO,2011-03-09,70.27999877929688,71.05000305175781,69.44999694824219,70.55999755859375,70.25452423095703,536500
COO,2011-03-10,70.23999786376953,70.23999786376953,68.55999755859375,68.88999938964844,68.59175109863281,464200
COO,2011-03-11,69.06999969482422,69.29000091552734,68.05999755859375,68.9800033569336,68.68136596679688,347600
COO,2011-03-14,68.86000061035156,69.27999877929688,68.44999694824219,68.69999694824219,68.4025650024414,451500
COO,2011-03-15,67.69999694824219,68.0999984741211,65.94000244140625,66.1500015258789,65.86360168457031,829000
COO,2011-03-16,66.08000183105469,66.62000274658203,65.18000030517578,65.4800033569336,65.19652557373047,402100
COO,2011-03-17,66.44000244140625,66.44000244140625,65.02999877929688,65.02999877929688,64.74845886230469,509400
COO,2011-03-18,66.05999755859375,66.1500015258789,65.29000091552734,65.5199966430664,65.236328125,507500
COO,2011-03-21,66.62000274658203,67.37000274658203,66.06999969482422,67.22000122070312,66.92898559570312,337900
COO,2011-03-22,67.18000030517578,67.41000366210938,66.4000015258789,66.69000244140625,66.40127563476562,260600
COO,2011-03-23,66.52999877929688,67.45999908447266,65.80999755859375,67.0,66.70994567871094,299600
COO,2011-03-24,67.41999816894531,68.13999938964844,66.9800033569336,67.79000091552734,67.49651336669922,531800
COO,2011-03-25,68.4800033569336,69.58999633789062,68.30000305175781,69.3499984741211,69.04974365234375,612200
COO,2011-03-28,69.41999816894531,69.76000213623047,68.79000091552734,68.80999755859375,68.5120849609375,548300
COO,2011-03-29,68.87000274658203,69.43000030517578,68.45999908447266,69.1500015258789,68.85062408447266,448100
COO,2011-03-30,69.2300033569336,69.2699966430664,68.5199966430664,68.69000244140625,68.39260864257812,426900
COO,2011-03-31,68.70999908447266,69.45999908447266,68.37999725341797,69.44999694824219,69.14932250976562,7599200
COO,2011-04-01,69.76000213623047,70.0,69.30999755859375,69.5999984741211,69.29867553710938,667000
COO,2011-04-04,69.83000183105469,70.0,69.30999755859375,69.52999877929688,69.22897338867188,836400
COO,2011-04-05,69.36000061035156,69.58999633789062,69.0199966430664,69.16000366210938,68.86060333251953,622400
COO,2011-04-06,69.4800033569336,69.5,69.05000305175781,69.38999938964844,69.08958435058594,507700
COO,2011-04-07,69.72000122070312,73.7300033569336,69.30000305175781,73.51000213623047,73.19173431396484,1849100
COO,2011-04-08,74.45999908447266,75.2300033569336,72.4800033569336,72.66999816894531,72.35538482666016,960800
COO,2011-04-11,72.62999725341797,73.12999725341797,72.02999877929688,72.58000183105469,72.26576232910156,433600
COO,2011-04-12,71.83000183105469,72.9000015258789,71.83000183105469,72.5,72.18611907958984,332200
COO,2011-04-13,72.66000366210938,72.83999633789062,72.16000366210938,72.62000274658203,72.30560302734375,522400
COO,2011-04-14,72.19999694824219,73.83999633789062,71.9800033569336,73.62000274658203,73.30127716064453,511200
COO,2011-04-15,73.66999816894531,73.9800033569336,73.31999969482422,73.58000183105469,73.26143646240234,252700
COO,2011-04-18,72.9000015258789,73.41000366210938,71.7300033569336,73.36000061035156,73.04239654541016,393100
COO,2011-04-19,73.69000244140625,73.80000305175781,73.2699966430664,73.69999694824219,73.38093566894531,205700
COO,2011-04-20,74.62000274658203,75.38999938964844,73.91999816894531,74.30000305175781,73.97831726074219,235500
COO,2011-04-21,74.7300033569336,75.0,74.11000061035156,74.2300033569336,73.90864562988281,366500
COO,2011-04-25,74.27999877929688,74.27999877929688,72.61000061035156,72.62999725341797,72.31555938720703,453600
COO,2011-04-26,72.8499984741211,74.1500015258789,72.66000366210938,74.12999725341797,73.80905151367188,658800
COO,2011-04-27,74.16000366210938,74.30000305175781,73.02999877929688,73.55000305175781,73.2315673828125,423500
COO,2011-04-28,73.52999877929688,74.58999633789062,73.52999877929688,74.19000244140625,73.86881256103516,219500
COO,2011-04-29,74.23999786376953,75.08000183105469,73.76000213623047,74.9000015258789,74.57571411132812,283000
COO,2011-05-02,74.98999786376953,75.66999816894531,74.86000061035156,75.20999908447266,74.88436889648438,322400
COO,2011-05-03,75.0,75.38999938964844,74.33000183105469,74.54000091552734,74.21728515625,449500
COO,2011-05-04,74.44999694824219,74.45999908447266,73.30000305175781,73.69999694824219,73.38093566894531,386700
COO,2011-05-05,73.3499984741211,74.13999938964844,72.88999938964844,73.33999633789062,73.0224609375,253700
COO,2011-05-06,74.16000366210938,74.80000305175781,73.73999786376953,73.93000030517578,73.60993194580078,310000
COO,2011-05-09,73.68000030517578,75.61000061035156,73.51000213623047,75.19999694824219,74.87443542480469,364900
COO,2011-05-10,75.38999938964844,75.73999786376953,74.87000274658203,75.41000366210938,75.08351135253906,223000
COO,2011-05-11,75.48999786376953,75.48999786376953,74.16999816894531,75.19999694824219,74.87443542480469,232700
COO,2011-05-12,74.91999816894531,76.22000122070312,74.55999755859375,76.05999755859375,75.73070526123047,339000
COO,2011-05-13,76.22000122070312,76.58999633789062,75.0999984741211,75.30999755859375,74.98393249511719,192300
COO,2011-05-16,75.22000122070312,76.08999633789062,74.83999633789062,75.55999755859375,75.23285675048828,282500
COO,2011-05-17,75.18000030517578,75.26000213623047,74.20999908447266,74.9800033569336,74.6553726196289,312400
COO,2011-05-18,75.0,75.43000030517578,74.51000213623047,75.31999969482422,74.9939193725586,386300
COO,2011-05-19,75.5,76.2300033569336,75.08999633789062,75.68000030517578,75.35234069824219,423600
COO,2011-05-20,75.68000030517578,75.7699966430664,73.61000061035156,74.33999633789062,74.01812744140625,424800
COO,2011-05-23,73.33000183105469,73.9800033569336,72.58000183105469,73.37999725341797,73.06229400634766,355200
COO,2011-05-24,73.58999633789062,73.58999633789062,71.98999786376953,72.11000061035156,71.79781341552734,340600
COO,2011-05-25,71.77999877929688,73.66999816894531,71.69999694824219,73.58000183105469,73.26143646240234,391400
COO,2011-05-26,73.29000091552734,74.58000183105469,73.0,74.44000244140625,74.11772918701172,267400
COO,2011-05-27,74.5199966430664,75.06999969482422,74.19000244140625,74.36000061035156,74.03807067871094,315700
COO,2011-05-31,74.91000366210938,75.02999877929688,74.29000091552734,74.91000366210938,74.58568572998047,406700
COO,2011-06-01,74.91000366210938,75.30000305175781,73.48999786376953,73.58000183105469,73.26143646240234,302400
COO,2011-06-02,73.5199966430664,73.8499984741211,72.43000030517578,72.69000244140625,72.37530517578125,313300
COO,2011-06-03,74.0199966430664,75.44999694824219,73.30999755859375,73.69999694824219,73.38093566894531,966100
COO,2011-06-06,73.80000305175781,73.91000366210938,73.12999725341797,73.69999694824219,73.38093566894531,1116900
COO,2011-06-07,73.94999694824219,74.41000366210938,73.58999633789062,74.11000061035156,73.78915405273438,686900
COO,2011-06-08,73.80000305175781,74.25,73.63999938964844,73.86000061035156,73.54022979736328,469500
COO,2011-06-09,73.97000122070312,74.27999877929688,73.76000213623047,73.88999938964844,73.57010650634766,557000
COO,2011-06-10,73.66000366210938,74.0,72.69999694824219,73.05999755859375,72.74369812011719,680100
COO,2011-06-13,73.2300033569336,73.61000061035156,72.76000213623047,73.08999633789062,72.77357482910156,284900
COO,2011-06-14,73.7699966430664,75.0,73.5,74.75,74.42638397216797,384700
COO,2011-06-15,74.2699966430664,74.36000061035156,72.76000213623047,72.79000091552734,72.47486114501953,704600
COO,2011-06-16,72.55999755859375,72.72000122070312,71.41999816894531,72.08999633789062,71.77787780761719,502100
COO,2011-06-17,73.0,73.26000213623047,72.48999786376953,72.87000274658203,72.5545425415039,588200
COO,2011-06-20,72.87000274658203,75.19999694824219,72.83000183105469,75.02999877929688,74.70513916015625,420600
COO,2011-06-21,75.41000366210938,77.69999694824219,75.23999786376953,76.94999694824219,76.61685180664062,577300
COO,2011-06-22,76.87999725341797,77.9800033569336,76.87999725341797,77.5,77.16445922851562,472000
COO,2011-06-23,77.16000366210938,77.95999908447266,75.6500015258789,77.19000244140625,76.85580444335938,705700
COO,2011-06-24,77.19000244140625,77.62000274658203,75.47000122070312,76.0,75.67095947265625,665500
COO,2011-06-27,75.98999786376953,76.3499984741211,75.29000091552734,75.44000244140625,75.1134033203125,345800
COO,2011-06-28,74.77999877929688,75.73999786376953,74.77999877929688,75.62999725341797,75.30258178710938,821900
COO,2011-06-29,76.01000213623047,77.54000091552734,75.23999786376953,76.7699966430664,76.43761444091797,426000
COO,2011-06-30,76.86000061035156,79.26000213623047,76.77999877929688,79.23999786376953,78.89693450927734,726600
COO,2011-07-01,79.37999725341797,80.38999938964844,79.0,80.29000091552734,79.94239044189453,468000
COO,2011-07-05,80.37999725341797,80.5,79.66999816894531,79.98999786376953,79.6436767578125,296300
COO,2011-07-06,79.91999816894531,81.77999877929688,79.91999816894531,81.7300033569336,81.37617492675781,358900
COO,2011-07-07,82.01000213623047,82.23999786376953,81.80000305175781,82.06999969482422,81.71469116210938,383500
COO,2011-07-08,81.55000305175781,81.58999633789062,80.4800033569336,81.3499984741211,80.9977798461914,299600
COO,2011-07-11,80.51000213623047,80.81999969482422,80.11000061035156,80.43000030517578,80.081787109375,357400
COO,2011-07-12,80.12999725341797,80.94999694824219,79.97000122070312,80.2699966430664,79.92247009277344,333700
COO,2011-07-13,80.56999969482422,81.80999755859375,80.51000213623047,80.7699966430664,80.42029571533203,352900
COO,2011-07-14,80.77999877929688,81.30999755859375,80.19999694824219,80.27999877929688,79.93244171142578,367300
COO,2011-07-15,80.61000061035156,80.70999908447266,80.11000061035156,80.58000183105469,80.23113250732422,286800
COO,2011-07-18,80.4000015258789,80.5999984741211,78.87999725341797,80.02999877929688,79.68352508544922,317600
COO,2011-07-19,80.3499984741211,81.2699966430664,80.3499984741211,81.08000183105469,80.72895050048828,207200
COO,2011-07-20,81.3499984741211,81.38999938964844,80.08000183105469,80.81999969482422,80.4700927734375,178200
COO,2011-07-21,81.19999694824219,82.20999908447266,80.5999984741211,80.7300033569336,80.41035461425781,319200
COO,2011-07-22,80.87999725341797,80.87999725341797,79.5999984741211,80.47000122070312,80.15137481689453,185400
COO,2011-07-25,79.7699966430664,79.98999786376953,78.9800033569336,79.25,78.93618774414062,162700
COO,2011-07-26,79.16999816894531,79.23999786376953,78.16999816894531,78.4000015258789,78.08956909179688,264100
COO,2011-07-27,77.88999938964844,78.01000213623047,76.20999908447266,76.8499984741211,76.54569244384766,475400
COO,2011-07-28,76.8499984741211,77.83999633789062,76.16999816894531,76.4800033569336,76.17715454101562,370100
COO,2011-07-29,75.30000305175781,76.72000122070312,74.51000213623047,76.48999786376953,76.1871109008789,365700
COO,2011-08-01,77.25,77.70999908447266,74.75,75.73999786376953,75.44009399414062,283000
COO,2011-08-02,75.51000213623047,77.66999816894531,75.2699966430664,76.0,75.6990737915039,668900
COO,2011-08-03,76.0,76.2300033569336,73.94000244140625,75.27999877929688,74.98190307617188,454700
COO,2011-08-04,74.61000061035156,74.61000061035156,70.47000122070312,71.36000061035156,71.07743835449219,723500
COO,2011-08-05,72.16000366210938,72.33999633789062,68.66999816894531,69.91000366210938,69.63319396972656,1124700
COO,2011-08-08,67.95999908447266,68.62000274658203,63.77999877929688,63.79999923706055,63.5473747253418,1198500
COO,2011-08-09,64.44000244140625,68.62999725341797,62.77000045776367,68.62000274658203,68.3482894897461,876300
COO,2011-08-10,67.29000091552734,68.02999877929688,65.30999755859375,66.26000213623047,65.99764251708984,784300
COO,2011-08-11,66.61000061035156,71.66000366210938,65.6500015258789,70.87000274658203,70.58936309814453,619600
COO,2011-08-12,71.33000183105469,71.33000183105469,70.25,70.48999786376953,70.21086883544922,616900
COO,2011-08-15,70.91999816894531,71.98999786376953,69.94999694824219,71.9000015258789,71.61530303955078,542200
COO,2011-08-16,71.22000122070312,71.72000122070312,70.2699966430664,71.20999908447266,70.92804718017578,380600
COO,2011-08-17,71.36000061035156,72.25,69.81999969482422,70.63999938964844,70.36029815673828,337900
COO,2011-08-18,68.81999969482422,68.97000122070312,66.26000213623047,66.77999877929688,66.51556396484375,402900
COO,2011-08-19,65.83000183105469,67.88999938964844,65.83000183105469,66.22000122070312,65.95780181884766,412800
COO,2011-08-22,67.26000213623047,67.37999725341797,65.83000183105469,66.47000122070312,66.206787109375,632200
COO,2011-08-23,66.77999877929688,69.72000122070312,66.16000366210938,69.6500015258789,69.37419128417969,634900
COO,2011-08-24,69.47000122070312,70.5,69.04000091552734,70.43000030517578,70.15110778808594,433100
COO,2011-08-25,71.0999984741211,71.61000061035156,68.48999786376953,69.37999725341797,69.10529327392578,453700
COO,2011-08-26,68.62999725341797,72.30000305175781,68.2300033569336,72.25,71.96389770507812,517200
COO,2011-08-29,73.30000305175781,74.7699966430664,73.1500015258789,74.36000061035156,74.06555938720703,362000
COO,2011-08-30,73.87999725341797,76.05999755859375,73.18000030517578,75.33999633789062,75.04167175292969,285400
COO,2011-08-31,75.83999633789062,76.2699966430664,74.11000061035156,75.2699966430664,74.97195434570312,527100
COO,2011-09-01,76.61000061035156,77.75,73.54000091552734,75.0,74.70301055908203,1025800
COO,2011-09-02,73.37000274658203,74.22000122070312,72.19999694824219,72.7699966430664,72.48185729980469,351200
COO,2011-09-06,70.66999816894531,73.70999908447266,69.91999816894531,73.66000366210938,73.36833953857422,473600
COO,2011-09-07,75.08999633789062,75.98999786376953,74.52999877929688,75.94999694824219,75.6492691040039,658700
COO,2011-09-08,75.16000366210938,76.61000061035156,75.01000213623047,75.62999725341797,75.33052062988281,472800
COO,2011-09-09,74.94000244140625,75.20999908447266,73.16000366210938,73.44999694824219,73.15914916992188,528600
COO,2011-09-12,72.4000015258789,73.76000213623047,72.0199966430664,73.04000091552734,72.75077819824219,485700
COO,2011-09-13,73.36000061035156,75.44000244140625,72.9800033569336,75.26000213623047,74.96199798583984,333900
COO,2011-09-14,75.58999633789062,77.79000091552734,74.66999816894531,77.0199966430664,76.71504211425781,444300
COO,2011-09-15,77.52999877929688,79.37000274658203,77.19000244140625,79.05000305175781,78.73699951171875,698500
COO,2011-09-16,79.87999725341797,80.55999755859375,79.36000061035156,80.01000213623047,79.69318389892578,932600
COO,2011-09-19,78.44999694824219,80.4800033569336,78.30000305175781,79.95999908447266,79.64337921142578,517900
COO,2011-09-20,79.70999908447266,84.19999694824219,79.70999908447266,83.0,82.67134094238281,965200
COO,2011-09-21,82.9000015258789,83.37999725341797,80.29000091552734,80.29000091552734,79.97209167480469,656200
COO,2011-09-22,75.16000366210938,79.62000274658203,75.16000366210938,78.51000213623047,78.19911193847656,541800
COO,2011-09-23,78.5,79.55999755859375,77.83999633789062,79.4800033569336,79.16529846191406,377700
COO,2011-09-26,79.61000061035156,80.13999938964844,78.47000122070312,79.19000244140625,78.87641906738281,435600
COO,2011-09-27,80.0,82.02999877929688,80.0,80.44999694824219,80.13143920898438,468700
COO,2011-09-28,80.72000122070312,81.44999694824219,79.80000305175781,79.98999786376953,79.67324829101562,413000
COO,2011-09-29,81.69000244140625,81.94999694824219,77.69000244140625,79.41000366210938,79.09556579589844,489200
COO,2011-09-30,78.80000305175781,80.47000122070312,78.41999816894531,79.1500015258789,78.8365707397461,619600
COO,2011-10-03,78.94000244140625,79.26000213623047,73.70999908447266,74.01000213623047,73.7169418334961,523400
COO,2011-10-04,73.26000213623047,75.91999816894531,72.76000213623047,75.86000061035156,75.55963134765625,621500
COO,2011-10-05,76.16000366210938,77.30999755859375,75.73999786376953,76.9000015258789,76.59552001953125,578100
COO,2011-10-06,76.93000030517578,78.54000091552734,75.95999908447266,78.4800033569336,78.16927337646484,540800
COO,2011-10-07,78.6500015258789,78.83000183105469,76.87999725341797,76.97000122070312,76.66522216796875,456500
COO,2011-10-10,78.69000244140625,79.33000183105469,77.91999816894531,78.58999633789062,78.27879333496094,308100
COO,2011-10-11,78.12999725341797,78.43000030517578,69.25,72.1500015258789,71.86431121826172,3302100
COO,2011-10-12,75.4800033569336,76.19000244140625,70.77999877929688,74.16000366210938,73.86636352539062,2558600
COO,2011-10-13,73.01000213623047,74.79000091552734,72.94999694824219,74.66999816894531,74.37432098388672,446200
COO,2011-10-14,75.12999725341797,75.30999755859375,73.55999755859375,73.8499984741211,73.55756378173828,451600
COO,2011-10-17,73.29000091552734,73.45999908447266,68.3499984741211,69.2300033569336,68.95586395263672,1298000
COO,2011-10-18,69.22000122070312,70.05999755859375,68.08999633789062,68.3499984741211,68.079345703125,915200
COO,2011-10-19,68.44000244140625,68.6500015258789,66.69999694824219,67.01000213623047,66.74464416503906,710200
COO,2011-10-20,67.1500015258789,67.5199966430664,63.560001373291016,65.51000213623047,65.2506103515625,2121200
COO,2011-10-21,66.12999725341797,68.41000366210938,65.8499984741211,68.36000061035156,68.08930206298828,758900
COO,2011-10-24,68.08000183105469,70.69999694824219,68.06999969482422,70.55000305175781,70.27064514160156,729800
COO,2011-10-25,69.52999877929688,70.7300033569336,69.44000244140625,69.91999816894531,69.64312744140625,853700
COO,2011-10-26,70.62999725341797,70.83999633789062,69.4000015258789,70.33999633789062,70.06146240234375,683600
COO,2011-10-27,71.94000244140625,72.27999877929688,70.33999633789062,71.44000244140625,71.15713500976562,520400
COO,2011-10-28,71.2699966430664,72.08999633789062,70.01000213623047,71.05999755859375,70.77864074707031,588600
COO,2011-10-31,69.87000274658203,70.54000091552734,69.27999877929688,69.30000305175781,69.02559661865234,409900
COO,2011-11-01,67.29000091552734,67.81999969482422,66.62000274658203,66.80000305175781,66.53551483154297,581900
COO,2011-11-02,67.63999938964844,69.23999786376953,66.76000213623047,68.30000305175781,68.02955627441406,473500
COO,2011-11-03,69.16000366210938,70.0199966430664,68.26000213623047,69.33999633789062,69.06543731689453,420500
COO,2011-11-04,68.56999969482422,68.72000122070312,65.83000183105469,66.16000366210938,65.89804077148438,795300
COO,2011-11-07,66.0,67.41999816894531,65.43000030517578,67.31999969482422,67.05342864990234,596200
COO,2011-11-08,67.79000091552734,68.05999755859375,66.69999694824219,67.77999877929688,67.51160430908203,602600
COO,2011-11-09,66.19000244140625,66.79000091552734,65.27999877929688,66.12000274658203,65.85819244384766,592000
COO,2011-11-10,66.80000305175781,67.2300033569336,66.0,66.16999816894531,65.90798950195312,469300
COO,2011-11-11,66.83999633789062,67.69999694824219,66.56999969482422,67.01000213623047,66.74464416503906,309600
COO,2011-11-14,66.63999938964844,66.91000366210938,64.80999755859375,64.94999694824219,64.69281768798828,645900
COO,2011-11-15,64.8499984741211,65.08999633789062,52.59999847412109,56.63999938964844,56.41571807861328,11167400
COO,2011-11-16,55.27999877929688,59.84999847412109,55.0,58.84999847412109,58.616966247558594,4230900
COO,2011-11-17,58.52000045776367,58.84999847412109,57.29999923706055,58.59000015258789,58.358001708984375,1735300
COO,2011-11-18,58.58000183105469,58.70000076293945,57.02000045776367,58.25,58.01935195922852,908800
COO,2011-11-21,57.060001373291016,57.77000045776367,56.5,57.18000030517578,56.95359420776367,792700
COO,2011-11-22,57.36000061035156,58.0099983215332,56.70000076293945,57.65999984741211,57.43168640136719,735700
COO,2011-11-23,57.400001525878906,58.13999938964844,56.93999862670898,57.88999938964844,57.66078186035156,782100
COO,2011-11-25,57.7599983215332,57.93999862670898,57.220001220703125,57.459999084472656,57.23247909545898,180700
COO,2011-11-28,59.04999923706055,60.5099983215332,58.79999923706055,59.310001373291016,59.07516098022461,770400
COO,2011-11-29,59.77000045776367,60.310001373291016,58.5099983215332,58.86000061035156,58.62693405151367,713500
COO,2011-11-30,60.45000076293945,61.310001373291016,60.290000915527344,61.2599983215332,61.017425537109375,966100
COO,2011-12-01,61.220001220703125,62.27999877929688,60.77000045776367,61.380001068115234,61.13695907592773,403900
COO,2011-12-02,61.380001068115234,62.150001525878906,59.63999938964844,59.970001220703125,59.732540130615234,593800
COO,2011-12-05,60.86000061035156,62.72999954223633,60.06999969482422,60.59999847412109,60.36004257202149,943400
COO,2011-12-06,60.119998931884766,60.470001220703125,58.459999084472656,59.83000183105469,59.59309387207031,1060300
COO,2011-12-07,59.58000183105469,59.84000015258789,57.380001068115234,58.61000061035156,58.3779182434082,2253900
COO,2011-12-08,58.29999923706055,59.2400016784668,58.02000045776367,58.15999984741211,57.92970657348633,809900
COO,2011-12-09,63.4900016784668,69.77999877929688,63.0,67.80999755859375,67.54148864746094,4172500
COO,2011-12-12,67.44999694824219,68.12999725341797,66.38999938964844,66.98999786376953,66.7247314453125,770300
COO,2011-12-13,67.48999786376953,68.16000366210938,64.18000030517578,64.62000274658203,64.36412048339844,1060600
COO,2011-12-14,64.36000061035156,67.16999816894531,64.30000305175781,65.95999908447266,65.69879913330078,899900
COO,2011-12-15,66.5199966430664,67.66000366210938,66.37999725341797,66.58000183105469,66.31633758544922,529700
COO,2011-12-16,67.62999725341797,69.11000061035156,66.88999938964844,68.37000274658203,68.0992660522461,1031500
COO,2011-12-19,68.43000030517578,69.22000122070312,67.30999755859375,68.48999786376953,68.21879577636719,940000
COO,2011-12-20,69.4800033569336,70.80999755859375,69.33000183105469,70.56999969482422,70.2905502319336,784600
COO,2011-12-21,70.19999694824219,70.7300033569336,69.55999755859375,70.4800033569336,70.20091247558594,414900
COO,2011-12-22,70.58999633789062,70.8499984741211,69.75,70.25,69.97183990478516,296400
COO,2011-12-23,70.68000030517578,70.72000122070312,69.63999938964844,70.20999908447266,69.93196868896484,395800
COO,2011-12-27,70.25,71.0,70.01000213623047,70.58000183105469,70.3005142211914,235400
COO,2011-12-28,70.33999633789062,70.55999755859375,69.25,69.69999694824219,69.42400360107422,209700
COO,2011-12-29,70.06999969482422,71.22000122070312,69.86000061035156,71.0999984741211,70.81846618652344,219100
COO,2011-12-30,70.8499984741211,71.44999694824219,70.44999694824219,70.5199966430664,70.24076843261719,216700
COO,2012-01-03,71.91999816894531,72.16999816894531,70.47000122070312,70.7699966430664,70.48977661132812,372900
COO,2012-01-04,70.5999984741211,71.04000091552734,70.25,70.72000122070312,70.43998718261719,363600
COO,2012-01-05,70.44000244140625,70.5,69.01000213623047,70.08999633789062,69.8124771118164,454200
COO,2012-01-06,70.3499984741211,71.37999725341797,68.95999908447266,69.77999877929688,69.50371551513672,612700
COO,2012-01-09,70.37000274658203,70.72000122070312,69.05000305175781,69.19000244140625,68.91602325439453,696100
COO,2012-01-10,70.08000183105469,70.16999816894531,69.20999908447266,69.54000091552734,69.2646484375,539100
COO,2012-01-11,69.0199966430664,71.06999969482422,69.0199966430664,70.79000091552734,70.50969696044922,440000
COO,2012-01-12,70.80000305175781,70.94000244140625,69.55000305175781,70.4000015258789,70.1212387084961,273000
COO,2012-01-13,69.69000244140625,70.9000015258789,69.27999877929688,70.87000274658203,70.58936309814453,262800
COO,2012-01-17,71.9800033569336,71.9800033569336,69.18000030517578,69.22000122070312,68.94590759277344,338200
COO,2012-01-18,69.30999755859375,69.80999755859375,68.80000305175781,69.7699966430664,69.49374389648438,252400
COO,2012-01-19,70.04000091552734,71.29000091552734,69.87000274658203,70.87000274658203,70.58936309814453,412000
COO,2012-01-20,70.80999755859375,70.94999694824219,70.0,70.4000015258789,70.1212387084961,185900
COO,2012-01-23,70.2699966430664,70.41999816894531,68.16999816894531,68.73999786376953,68.49700164794922,388800
COO,2012-01-24,68.45999908447266,70.87999725341797,67.9800033569336,70.7300033569336,70.47998809814453,407100
COO,2012-01-25,70.38999938964844,72.27999877929688,70.30999755859375,72.19000244140625,71.93479919433594,379900
COO,2012-01-26,72.37999725341797,73.01000213623047,71.5,71.77999877929688,71.5262451171875,309400
COO,2012-01-27,71.66999816894531,72.31999969482422,71.36000061035156,72.12999725341797,71.87500762939453,90200
COO,2012-01-30,71.8499984741211,72.8499984741211,70.6500015258789,72.69000244140625,72.43303680419922,334500
COO,2012-01-31,72.91999816894531,73.27999877929688,71.80999755859375,72.13999938964844,71.8849868774414,322400
COO,2012-02-01,72.66000366210938,76.43000030517578,72.41000366210938,74.7300033569336,74.46583557128906,650500
COO,2012-02-02,75.0999984741211,75.19000244140625,74.02999877929688,74.44999694824219,74.18682861328125,302900
COO,2012-02-03,75.20999908447266,76.23999786376953,74.95999908447266,76.08000183105469,75.81106567382812,312000
COO,2012-02-06,75.73999786376953,76.62999725341797,75.2300033569336,76.30000305175781,76.03028106689453,501100
COO,2012-02-07,76.33000183105469,76.41000366210938,74.98999786376953,75.2300033569336,74.96406555175781,351100
COO,2012-02-08,75.2699966430664,75.80000305175781,74.08999633789062,75.0,74.73484802246094,320000
COO,2012-02-09,75.29000091552734,75.30000305175781,73.33000183105469,73.91999816894531,73.65866088867188,280500
COO,2012-02-10,73.27999877929688,74.76000213623047,72.72000122070312,74.38999938964844,74.12703704833984,245900
COO,2012-02-13,75.0,75.04000091552734,74.41000366210938,74.97000122070312,74.70496368408203,353000
COO,2012-02-14,74.7300033569336,74.87999725341797,73.98999786376953,74.47000122070312,74.20672607421875,236500
COO,2012-02-15,74.77999877929688,75.12999725341797,74.20999908447266,75.04000091552734,74.77474212646484,357500
COO,2012-02-16,75.63999938964844,78.79000091552734,75.1500015258789,78.08999633789062,77.81394958496094,507600
COO,2012-02-17,78.58000183105469,78.75,77.26000213623047,78.20999908447266,77.93351745605469,274300
COO,2012-02-21,78.23999786376953,78.30000305175781,77.7699966430664,78.08999633789062,77.81394958496094,294200
COO,2012-02-22,77.94000244140625,78.37999725341797,77.5,78.12000274658203,77.84384155273438,375700
COO,2012-02-23,78.08999633789062,80.29000091552734,78.06999969482422,79.18000030517578,78.90009307861328,471300
COO,2012-02-24,79.08999633789062,79.55999755859375,78.33999633789062,79.26000213623047,78.97981262207031,318100
COO,2012-02-27,78.9000015258789,80.05999755859375,78.20999908447266,79.69000244140625,79.40827941894531,314300
COO,2012-02-28,80.0199966430664,80.91000366210938,79.43000030517578,80.08000183105469,79.79691314697266,329400
COO,2012-02-29,80.45999908447266,80.91999816894531,79.47000122070312,79.4800033569336,79.19904327392578,391200
COO,2012-03-01,79.66000366210938,80.30999755859375,78.7699966430664,79.56999969482422,79.2887191772461,321200
COO,2012-03-02,79.41000366210938,79.80000305175781,78.41000366210938,78.5,78.22249603271484,316800
COO,2012-03-05,78.43000030517578,78.9800033569336,77.66999816894531,78.3499984741211,78.07302856445312,411000
COO,2012-03-06,77.5,77.66000366210938,76.5,77.5,77.22604370117188,452600
COO,2012-03-07,77.80000305175781,79.05999755859375,77.66000366210938,78.29000091552734,78.01322937011719,411900
COO,2012-03-08,79.11000061035156,79.47000122070312,78.25,78.93000030517578,78.65097045898438,607100
COO,2012-03-09,83.1500015258789,83.8499984741211,80.94999694824219,81.95999908447266,81.67024993896484,1452000
COO,2012-03-12,81.2699966430664,81.27999877929688,79.2300033569336,79.58000183105469,79.2986831665039,964700
COO,2012-03-13,79.81999969482422,80.80999755859375,79.0,80.0999984741211,79.81684112548828,410400
COO,2012-03-14,79.87999725341797,82.2300033569336,79.87999725341797,81.16000366210938,80.87310028076172,516700
COO,2012-03-15,80.94999694824219,81.13999938964844,79.88999938964844,80.83000183105469,80.54426574707031,279700
COO,2012-03-16,80.68000030517578,80.9800033569336,80.47000122070312,80.77999877929688,80.49443054199219,322800
COO,2012-03-19,80.5999984741211,80.5999984741211,79.37000274658203,79.55999755859375,79.27873229980469,554700
COO,2012-03-20,79.37999725341797,79.37999725341797,78.19999694824219,78.4000015258789,78.12284851074219,334800
COO,2012-03-21,78.37000274658203,78.63999938964844,77.70999908447266,78.26000213623047,77.98336029052734,252400
COO,2012-03-22,77.9000015258789,79.0999984741211,77.62999725341797,79.0,78.7207260131836,348300
COO,2012-03-23,78.87000274658203,79.45999908447266,78.68000030517578,78.9000015258789,78.62107849121094,187600
COO,2012-03-26,79.0999984741211,80.30999755859375,79.0999984741211,80.0,79.71720123291016,249700
COO,2012-03-27,80.0999984741211,80.25,79.66999816894531,79.97000122070312,79.68731689453125,275000
COO,2012-03-28,80.0,80.51000213623047,79.86000061035156,80.43000030517578,80.14566802978516,368300
COO,2012-03-29,79.80000305175781,81.87000274658203,79.43000030517578,81.25,80.9627685546875,468000
COO,2012-03-30,81.5,82.11000061035156,80.8499984741211,81.70999908447266,81.42113494873047,738900
COO,2012-04-02,81.33999633789062,82.41000366210938,80.6500015258789,82.25,81.9592514038086,495100
COO,2012-04-03,81.9800033569336,81.9800033569336,80.91999816894531,81.55000305175781,81.26171875,304400
COO,2012-04-04,80.55000305175781,80.79000091552734,80.16000366210938,80.68000030517578,80.39476776123047,347200
COO,2012-04-05,80.83999633789062,84.11000061035156,80.62000274658203,83.76000213623047,83.46391296386719,865800
COO,2012-04-09,82.4800033569336,82.87999725341797,82.13999938964844,82.69999694824219,82.40765380859375,492600
COO,2012-04-10,82.37000274658203,83.12999725341797,81.45999908447266,81.52999877929688,81.24178314208984,627700
COO,2012-04-11,82.0199966430664,82.37000274658203,81.22000122070312,81.88999938964844,81.60050964355469,315000
COO,2012-04-12,81.77999877929688,83.81999969482422,81.77999877929688,83.62999725341797,83.33435821533203,490000
COO,2012-04-13,83.2699966430664,83.48999786376953,82.5199966430664,82.97000122070312,82.67670440673828,337800
COO,2012-04-16,83.4000015258789,83.70999908447266,82.37999725341797,82.54000091552734,82.24821472167969,277100
COO,2012-04-17,83.0,84.81999969482422,83.0,84.16000366210938,83.86248016357422,341900
COO,2012-04-18,83.88999938964844,85.0,83.80000305175781,84.93000030517578,84.62976837158203,466900
COO,2012-04-19,85.0,86.11000061035156,84.51000213623047,85.86000061035156,85.55648040771484,575400
COO,2012-04-20,86.3499984741211,87.18000030517578,85.41000366210938,85.4800033569336,85.17784118652344,494700
COO,2012-04-23,84.0,85.47000122070312,83.86000061035156,85.27999877929688,84.978515625,380800
COO,2012-04-24,85.22000122070312,85.88999938964844,84.7699966430664,85.62999725341797,85.32728576660156,364000
COO,2012-04-25,86.33999633789062,87.54000091552734,86.18000030517578,86.69000244140625,86.383544921875,501800
COO,2012-04-26,86.61000061035156,87.06999969482422,85.54000091552734,86.47000122070312,86.16432189941406,394300
COO,2012-04-27,86.9000015258789,88.73999786376953,86.12000274658203,88.55999755859375,88.24694061279297,459100
COO,2012-04-30,88.27999877929688,88.61000061035156,87.68000030517578,88.16999816894531,87.85832977294922,361600
COO,2012-05-01,88.0,89.2300033569336,87.47000122070312,88.2300033569336,87.91810607910156,299800
COO,2012-05-02,87.9000015258789,88.3499984741211,87.33000183105469,87.77999877929688,87.46968841552734,483700
COO,2012-05-03,87.54000091552734,89.30999755859375,87.54000091552734,88.41000366210938,88.09746551513672,1130500
COO,2012-05-04,88.1500015258789,88.1500015258789,86.86000061035156,87.0,86.69243621826172,267600
COO,2012-05-07,86.6500015258789,87.3499984741211,86.05999755859375,87.22000122070312,86.91165924072266,337000
COO,2012-05-08,86.5999984741211,88.1500015258789,85.88999938964844,87.87000274658203,87.55936431884766,309700
COO,2012-05-09,87.27999877929688,87.36000061035156,86.13999938964844,86.97000122070312,86.66255187988281,190000
COO,2012-05-10,87.6500015258789,88.44000244140625,87.08999633789062,88.27999877929688,87.9679183959961,237100
COO,2012-05-11,87.58000183105469,89.23999786376953,87.4000015258789,88.16999816894531,87.85832977294922,330600
COO,2012-05-14,87.47000122070312,88.19000244140625,86.83000183105469,87.41999816894531,87.1109619140625,163000
COO,2012-05-15,87.54000091552734,88.0199966430664,86.55999755859375,86.9000015258789,86.59281158447266,205000
COO,2012-05-16,86.94000244140625,87.33000183105469,86.37000274658203,86.6500015258789,86.34369659423828,289900
COO,2012-05-17,86.7300033569336,86.98999786376953,85.41000366210938,85.75,85.44686126708984,443900
COO,2012-05-18,85.83999633789062,86.04000091552734,84.73999786376953,84.97000122070312,84.66960144042969,863900
COO,2012-05-21,85.02999877929688,86.5999984741211,84.36000061035156,86.31999969482422,86.01484680175781,454800
COO,2012-05-22,86.6500015258789,87.41999816894531,85.48999786376953,85.87000274658203,85.56644439697266,258000
COO,2012-05-23,85.43000030517578,86.02999877929688,84.94999694824219,85.76000213623047,85.45683288574219,509000
COO,2012-05-24,85.93000030517578,87.61000061035156,85.41999816894531,85.73999786376953,85.4368896484375,469300
COO,2012-05-25,85.87999725341797,86.36000061035156,85.2300033569336,85.52999877929688,85.22763061523438,348800
COO,2012-05-29,86.2300033569336,86.26000213623047,85.56999969482422,85.72000122070312,85.41697692871094,420500
COO,2012-05-30,85.22000122070312,85.87000274658203,84.37999725341797,85.33000183105469,85.02835845947266,440600
COO,2012-05-31,85.05000305175781,85.45999908447266,84.4000015258789,85.18000030517578,84.8788833618164,902800
COO,2012-06-01,83.97000122070312,84.37999725341797,82.44999694824219,82.87000274658203,82.57706451416016,1443300
COO,2012-06-04,82.66999816894531,82.66999816894531,78.94999694824219,79.30000305175781,79.01968383789062,1014600
COO,2012-06-05,79.05999755859375,81.54000091552734,78.62999725341797,81.25,80.9627685546875,562900
COO,2012-06-06,81.94999694824219,82.33999633789062,81.72000122070312,82.1500015258789,81.8595962524414,448300
COO,2012-06-07,82.86000061035156,83.2699966430664,80.05000305175781,80.05999755859375,79.77696990966797,817500
COO,2012-06-08,75.66999816894531,79.33000183105469,75.41000366210938,78.81999969482422,78.54137420654297,2432000
COO,2012-06-11,79.23999786376953,79.36000061035156,77.87000274658203,78.02999877929688,77.754150390625,1065600
COO,2012-06-12,78.16999816894531,79.0999984741211,77.69999694824219,78.66999816894531,78.39188385009766,392700
COO,2012-06-13,78.6500015258789,79.27999877929688,77.48999786376953,77.80000305175781,77.52497863769531,359700
COO,2012-06-14,77.95999908447266,78.5999984741211,77.38999938964844,77.58999633789062,77.31571960449219,530500
COO,2012-06-15,78.41999816894531,79.54000091552734,78.41999816894531,78.94999694824219,78.6709213256836,657300
COO,2012-06-18,78.69999694824219,80.05999755859375,78.38999938964844,79.44000244140625,79.15918731689453,475500
COO,2012-06-19,79.38999938964844,80.11000061035156,78.94000244140625,79.41999816894531,79.13925170898438,489700
COO,2012-06-20,79.16999816894531,80.0199966430664,78.94999694824219,79.61000061035156,79.32856750488281,412400
COO,2012-06-21,79.5999984741211,80.69000244140625,79.41000366210938,79.51000213623047,79.22892761230469,595000
COO,2012-06-22,79.75,80.80999755859375,79.5,80.5999984741211,80.31507110595703,496300
COO,2012-06-25,79.8499984741211,80.04000091552734,78.63999938964844,78.70999908447266,78.43175506591797,597500
COO,2012-06-26,78.81999969482422,79.83000183105469,78.54000091552734,78.61000061035156,78.33210754394531,357000
COO,2012-06-27,78.80000305175781,79.43000030517578,78.5,78.7300033569336,78.45167541503906,428900
COO,2012-06-28,78.62000274658203,78.7699966430664,76.30999755859375,77.33000183105469,77.0566177368164,797200
COO,2012-06-29,78.72000122070312,80.16999816894531,78.52999877929688,79.76000213623047,79.47804260253906,1006100
COO,2012-07-02,79.62999725341797,80.95999908447266,79.62999725341797,79.94999694824219,79.66737365722656,822300
COO,2012-07-03,80.0,80.0199966430664,79.16999816894531,79.83999633789062,79.55776977539062,675400
COO,2012-07-05,79.81999969482422,79.93000030517578,78.37999725341797,78.38999938964844,78.1128921508789,540000
COO,2012-07-06,77.81999969482422,78.08999633789062,77.12999725341797,77.5199966430664,77.24595642089844,437400
COO,2012-07-09,77.26000213623047,77.66000366210938,76.8499984741211,77.2699966430664,76.9968490600586,690900
COO,2012-07-10,77.77999877929688,78.16999816894531,76.41999816894531,76.69999694824219,76.42886352539062,541100
COO,2012-07-11,75.62000274658203,78.55000305175781,72.44000244140625,78.30000305175781,78.02318572998047,914800
COO,2012-07-12,77.63999938964844,77.91999816894531,76.58000183105469,77.37999725341797,77.10645294189453,589300
COO,2012-07-13,77.37999725341797,79.16999816894531,77.37999725341797,78.93000030517578,78.65097045898438,681900
COO,2012-07-16,78.87000274658203,78.87000274658203,76.9000015258789,77.06999969482422,76.79756927490234,320800
COO,2012-07-17,77.12999725341797,77.54000091552734,76.1500015258789,76.55000305175781,76.27938079833984,386100
COO,2012-07-18,76.52999877929688,77.73999786376953,76.29000091552734,77.05000305175781,76.77763366699219,328200
COO,2012-07-19,77.02999877929688,77.33999633789062,76.1500015258789,77.19999694824219,76.92709350585938,405300
COO,2012-07-20,76.77999877929688,76.93000030517578,75.48999786376953,75.5,75.26234436035156,438400
COO,2012-07-23,75.08000183105469,75.30999755859375,73.2300033569336,74.18000030517578,73.94647216796875,333500
COO,2012-07-24,74.5199966430664,74.83999633789062,73.05000305175781,73.79000091552734,73.55772399902344,291100
COO,2012-07-25,73.83999633789062,75.8499984741211,73.83999633789062,75.54000091552734,75.30223846435547,672200
COO,2012-07-26,76.3499984741211,76.80000305175781,74.75,75.04000091552734,74.8038101196289,411400
COO,2012-07-27,75.58999633789062,76.36000061035156,74.81999969482422,76.0,75.76078033447266,373100
COO,2012-07-30,75.93000030517578,76.51000213623047,75.80999755859375,76.3499984741211,76.10966491699219,295900
COO,2012-07-31,76.19000244140625,76.79000091552734,75.19000244140625,75.26000213623047,75.02310943603516,291300
COO,2012-08-01,75.58000183105469,76.11000061035156,73.52999877929688,73.79000091552734,73.55772399902344,518700
COO,2012-08-02,73.44999694824219,73.44999694824219,71.4000015258789,72.29000091552734,72.06245422363281,928200
COO,2012-08-03,73.3499984741211,73.77999877929688,72.51000213623047,72.5999984741211,72.37149047851562,762400
COO,2012-08-06,72.66000366210938,75.45999908447266,72.63999938964844,75.0999984741211,74.86360931396484,496400
COO,2012-08-07,75.16999816894531,76.77999877929688,75.16999816894531,76.33999633789062,76.0997085571289,530700
COO,2012-08-08,75.97000122070312,77.05000305175781,75.97000122070312,76.94999694824219,76.70777130126953,212100
COO,2012-08-09,76.83000183105469,78.20999908447266,76.83000183105469,78.1500015258789,77.90398406982422,378600
COO,2012-08-10,77.83000183105469,78.2699966430664,77.7300033569336,78.0,77.7544937133789,156600
COO,2012-08-13,77.95999908447266,78.45999908447266,77.75,78.12000274658203,77.87410736083984,239100
COO,2012-08-14,78.30000305175781,78.41999816894531,77.7699966430664,78.16999816894531,77.92395782470703,165600
COO,2012-08-15,80.19000244140625,82.05999755859375,79.11000061035156,81.75,81.49269104003906,438600
COO,2012-08-16,81.51000213623047,82.05999755859375,80.62000274658203,81.69999694824219,81.44282531738281,293000
COO,2012-08-17,81.8499984741211,83.08000183105469,81.75,82.91999816894531,82.65898895263672,294600
COO,2012-08-20,82.76000213623047,83.01000213623047,81.12000274658203,81.5999984741211,81.3431396484375,274700
COO,2012-08-21,81.5999984741211,82.48999786376953,81.33000183105469,81.62000274658203,81.36309814453125,288900
COO,2012-08-22,81.3499984741211,82.58999633789062,81.16999816894531,82.04000091552734,81.7817611694336,393300
COO,2012-08-23,81.77999877929688,82.20999908447266,80.81999969482422,81.83999633789062,81.58238220214844,242300
COO,2012-08-24,81.62999725341797,82.87000274658203,81.4000015258789,82.5999984741211,82.33999633789062,173000
COO,2012-08-27,83.08000183105469,84.72000122070312,82.73999786376953,83.23999786376953,82.97798919677734,414000
COO,2012-08-28,83.16999816894531,84.08999633789062,83.01000213623047,83.47000122070312,83.20726776123047,222900
COO,2012-08-29,83.4000015258789,84.08000183105469,83.20999908447266,83.2300033569336,82.96802520751953,248600
COO,2012-08-30,82.83999633789062,83.68000030517578,82.5999984741211,83.16000366210938,82.89825439453125,244900
COO,2012-08-31,83.5999984741211,84.41000366210938,82.26000213623047,83.8499984741211,83.58605194091797,236700
COO,2012-09-04,83.83999633789062,85.3499984741211,83.02999877929688,84.93000030517578,84.66267395019531,327400
COO,2012-09-05,85.0,85.0,84.12000274658203,84.62999725341797,84.36359405517578,342800
COO,2012-09-06,85.22000122070312,86.63999938964844,84.76000213623047,86.02999877929688,85.75920104980469,579800
COO,2012-09-07,93.1500015258789,94.88999938964844,92.62999725341795,93.33000183105467,93.03623962402344,2152300
COO,2012-09-10,93.80999755859376,94.0,91.54000091552734,93.01000213623048,92.7172393798828,763800
COO,2012-09-11,92.72000122070312,94.8000030517578,92.72000122070312,94.5999984741211,94.30221557617188,694000
COO,2012-09-12,94.5999984741211,95.91999816894533,93.75,93.9800033569336,93.6841812133789,1040300
COO,2012-09-13,94.30999755859376,95.2300033569336,92.11000061035156,94.83000183105467,94.53150177001952,495800
COO,2012-09-14,94.79000091552734,95.36000061035156,93.51000213623048,93.81999969482422,93.52468872070312,356000
COO,2012-09-17,93.69000244140624,94.55999755859376,93.54000091552734,93.77999877929688,93.48480224609376,342500
COO,2012-09-18,93.47000122070312,94.58000183105467,93.37000274658205,93.4499969482422,93.15583038330078,434900
COO,2012-09-19,93.68000030517578,93.83000183105467,93.16000366210938,93.33000183105467,93.03623962402344,268100
COO,2012-09-20,93.06999969482422,94.26000213623048,92.86000061035156,93.58000183105467,93.28543090820312,309900
COO,2012-09-21,93.5,94.0999984741211,93.5,93.76000213623048,93.4648666381836,479100
COO,2012-09-24,93.95999908447266,94.72000122070312,93.22000122070312,93.2699966430664,92.97640991210938,264000
COO,2012-09-25,93.80999755859376,95.18000030517578,93.5,94.48999786376952,94.19257354736328,614000
COO,2012-09-26,94.27999877929688,94.4000015258789,93.5500030517578,93.68000030517578,93.3851318359375,548100
COO,2012-09-27,94.1999969482422,94.69000244140624,93.56999969482422,94.27999877929688,93.98323059082033,172700
COO,2012-09-28,94.11000061035156,94.7699966430664,93.77999877929688,94.45999908447266,94.16265869140624,261100
COO,2012-10-01,94.95999908447266,95.1500015258789,93.52999877929688,94.04000091552734,93.74400329589844,379300
COO,2012-10-02,94.51000213623048,97.43000030517578,94.20999908447266,97.18000030517578,96.87410736083984,792400
COO,2012-10-03,97.16000366210938,99.31999969482422,96.98999786376952,99.30999755859376,98.99740600585938,1121100
COO,2012-10-04,99.61000061035156,100.91999816894533,98.5,100.66999816894533,100.35311126708984,768400
COO,2012-10-05,99.77999877929688,100.0999984741211,97.51000213623048,97.98999786376952,97.68154907226562,752300
COO,2012-10-08,97.41999816894533,98.0,96.27999877929688,96.97000122070312,96.66476440429688,308800
COO,2012-10-09,97.0999984741211,97.0999984741211,95.0,95.9499969482422,95.64797973632812,500900
COO,2012-10-10,96.11000061035156,96.2699966430664,95.30999755859376,96.23999786376952,95.93707275390624,301800
COO,2012-10-11,98.87000274658205,99.73999786376952,95.4499969482422,97.70999908447266,97.4024429321289,390200
COO,2012-10-12,97.5500030517578,98.02999877929688,96.5999984741211,96.87000274658205,96.56510162353516,233500
COO,2012-10-15,97.43000030517578,97.76000213623048,96.62000274658205,97.66000366210938,97.35260772705078,219600
COO,2012-10-16,97.97000122070312,99.08000183105467,97.97000122070312,98.3499984741211,98.04041290283205,171800
COO,2012-10-17,98.29000091552734,99.0199966430664,97.69000244140624,98.62000274658205,98.30957794189452,221600
COO,2012-10-18,98.87999725341795,98.87999725341795,96.87000274658205,97.43000030517578,97.12332153320312,222800
COO,2012-10-19,97.31999969482422,97.6500015258789,95.0999984741211,95.66000366210938,95.35890197753906,228200
COO,2012-10-22,95.5500030517578,95.76000213623048,94.76000213623048,95.3000030517578,95.0000228881836,199900
COO,2012-10-23,94.83000183105467,94.86000061035156,93.31999969482422,94.38999938964844,94.09290313720705,222800
COO,2012-10-24,95.04000091552734,96.31999969482422,94.72000122070312,95.83999633789062,95.53832244873048,240200
COO,2012-10-25,96.48999786376952,97.4499969482422,95.38999938964844,96.06999969482422,95.76760864257812,185100
COO,2012-10-26,96.08999633789062,96.33000183105467,94.7699966430664,94.98999786376952,94.69098663330078,161000
COO,2012-10-31,95.76000213623048,96.2300033569336,94.81999969482422,95.9800033569336,95.67790222167967,243400
COO,2012-11-01,95.88999938964844,98.7699966430664,95.01000213623048,98.4499969482422,98.1401138305664,380600
COO,2012-11-02,98.7699966430664,98.86000061035156,96.12000274658205,96.12999725341795,95.8274154663086,249200
COO,2012-11-05,96.1999969482422,97.93000030517578,95.41999816894533,97.52999877929688,97.22300720214844,155800
COO,2012-11-06,97.63999938964844,98.23999786376952,96.2699966430664,97.8000030517578,97.4921646118164,214500
COO,2012-11-07,97.1500015258789,97.37000274658205,95.01000213623048,96.48999786376952,96.18628692626952,205400
COO,2012-11-08,96.3000030517578,96.3499984741211,93.13999938964844,94.0199966430664,93.72406005859376,282600
COO,2012-11-09,93.8499984741211,94.8000030517578,93.1500015258789,93.36000061035156,93.0661163330078,418100
COO,2012-11-12,93.72000122070312,94.01000213623048,92.70999908447266,93.26000213623048,92.96646118164062,198300
COO,2012-11-13,92.93000030517578,93.31999969482422,91.43000030517578,91.5500030517578,91.2618408203125,390300
COO,2012-11-14,91.9000015258789,91.94000244140624,90.5,90.6999969482422,90.41448974609376,398000
COO,2012-11-15,90.62999725341795,91.22000122070312,88.80000305175781,89.4000015258789,89.11861419677734,543000
COO,2012-11-16,89.5,91.4499969482422,89.5,91.20999908447266,90.9228973388672,356900
COO,2012-11-19,91.87000274658205,92.69000244140624,90.87000274658205,92.6500015258789,92.35836029052734,242500
COO,2012-11-20,92.29000091552734,93.3000030517578,91.62999725341795,93.2699966430664,92.97640991210938,245300
COO,2012-11-21,93.29000091552734,94.41999816894533,92.79000091552734,94.4000015258789,94.10286712646484,249700
COO,2012-11-23,94.52999877929688,95.37000274658205,93.87999725341795,95.27999877929688,94.9801025390625,85500
COO,2012-11-26,95.2300033569336,95.8499984741211,94.72000122070312,95.27999877929688,94.9801025390625,243200
COO,2012-11-27,95.11000061035156,96.36000061035156,94.93000030517578,95.08999633789062,94.79067993164062,201300
COO,2012-11-28,94.33999633789062,96.63999938964844,94.20999908447266,96.58999633789062,96.28596496582033,286100
COO,2012-11-29,97.20999908447266,97.70999908447266,95.7699966430664,95.9000015258789,95.59814453125,227200
COO,2012-11-30,96.25,97.5,94.22000122070312,94.94000244140624,94.64115142822266,1972000
COO,2012-12-03,94.9000015258789,96.45999908447266,94.54000091552734,95.12999725341795,94.83055877685548,438000
COO,2012-12-04,95.33999633789062,95.6999969482422,94.26000213623048,95.12999725341795,94.83055877685548,354200
COO,2012-12-05,95.51000213623048,95.6500015258789,93.33999633789062,93.56999969482422,93.27546691894533,446300
COO,2012-12-06,93.73999786376952,94.0,92.75,93.8499984741211,93.55460357666016,370200
COO,2012-12-07,92.0,94.5500030517578,91.11000061035156,94.52999877929688,94.23246002197266,1106500
COO,2012-12-10,94.30999755859376,96.12000274658205,94.12999725341795,95.6999969482422,95.39876556396484,452300
COO,2012-12-11,95.73999786376952,97.47000122070312,95.38999938964844,96.91000366210938,96.6049575805664,323000
COO,2012-12-12,97.33000183105467,97.33000183105467,95.62999725341795,95.73999786376952,95.43864440917967,276700
COO,2012-12-13,94.9499969482422,95.68000030517578,94.12000274658205,95.0,94.70096588134766,498800
COO,2012-12-14,95.13999938964844,95.87999725341795,94.86000061035156,95.4800033569336,95.179443359375,253200
COO,2012-12-17,95.51000213623048,96.16999816894533,95.2699966430664,95.94000244140624,95.63801574707033,203600
COO,2012-12-18,95.91000366210938,96.73999786376952,94.66999816894533,95.0500030517578,94.75082397460938,455900
COO,2012-12-19,95.1500015258789,95.37000274658205,93.52999877929688,94.4800033569336,94.18262481689452,414600
COO,2012-12-20,94.62999725341795,95.1999969482422,92.66000366210938,92.75,92.45806121826172,569700
COO,2012-12-21,92.48999786376952,93.43000030517578,91.44000244140624,92.86000061035156,92.56771087646484,970500
COO,2012-12-24,94.20999908447266,95.44000244140624,93.93000030517578,94.20999908447266,93.91345977783205,337800
COO,2012-12-26,94.19000244140624,94.75,91.81999969482422,91.88999938964844,91.60075378417967,308800
COO,2012-12-27,92.1500015258789,92.70999908447266,91.63999938964844,92.45999908447266,92.16897583007812,328200
COO,2012-12-28,92.0,92.4000015258789,91.51000213623048,91.51000213623048,91.22196197509766,196800
COO,2012-12-31,91.26000213623048,92.68000030517578,90.75,92.4800033569336,92.18890380859376,335300
COO,2013-01-02,93.75,95.16000366210938,93.45999908447266,95.16000366210938,94.86046600341795,488700
COO,2013-01-03,94.94000244140624,96.13999938964844,94.4800033569336,94.93000030517578,94.63118743896484,362300
COO,2013-01-04,95.5,96.05999755859376,94.7699966430664,95.44000244140624,95.13957214355467,392000
COO,2013-01-07,95.1999969482422,96.91000366210938,95.1999969482422,96.4000015258789,96.09657287597656,297900
COO,2013-01-08,96.27999877929688,96.43000030517578,95.37999725341795,96.04000091552734,95.73770141601562,319300
COO,2013-01-09,96.4499969482422,97.3000030517578,96.04000091552734,96.54000091552734,96.23612213134766,372700
COO,2013-01-10,96.9000015258789,97.9800033569336,96.33000183105467,97.8000030517578,97.4921646118164,343400
COO,2013-01-11,97.5999984741211,98.7300033569336,96.62999725341795,96.87999725341795,96.57505798339844,471700
COO,2013-01-14,97.0,97.80999755859376,96.66999816894533,97.11000061035156,96.8043441772461,225500
COO,2013-01-15,96.91999816894533,97.1999969482422,96.30999755859376,97.1999969482422,96.89403533935548,363900
COO,2013-01-16,97.16999816894533,98.1999969482422,96.83000183105467,97.83000183105467,97.52204895019533,259100
COO,2013-01-17,97.95999908447266,98.3499984741211,97.33000183105467,97.33000183105467,97.0236358642578,239600
COO,2013-01-18,97.55999755859376,97.77999877929688,96.88999938964844,97.33000183105467,97.0236358642578,342200
COO,2013-01-22,97.33000183105467,98.4800033569336,97.30999755859376,98.4000015258789,98.09027862548828,363000
COO,2013-01-23,98.58999633789062,99.75,98.08999633789062,99.63999938964844,99.35665130615234,335500
COO,2013-01-24,99.51000213623048,101.43000030517578,99.12000274658205,100.7300033569336,100.44354248046876,466200
COO,2013-01-25,100.77999877929688,102.08000183105467,99.7300033569336,102.08000183105467,101.78971862792967,344200
COO,2013-01-28,102.08999633789062,102.47000122070312,101.18000030517578,101.77999877929688,101.49058532714844,218300
COO,2013-01-29,101.37999725341795,101.97000122070312,100.91999816894533,101.51000213623048,101.2213363647461,193900
COO,2013-01-30,101.23999786376952,101.69000244140624,100.81999969482422,101.0500030517578,100.76263427734376,181700
COO,2013-01-31,100.9499969482422,101.44000244140624,100.13999938964844,101.3499984741211,101.0617904663086,262600
COO,2013-02-01,102.04000091552734,102.33000183105467,101.1999969482422,102.19000244140624,101.89939880371094,160300
COO,2013-02-04,101.54000091552734,101.54000091552734,100.23999786376952,100.6500015258789,100.36377716064452,276000
COO,2013-02-05,100.9499969482422,101.41000366210938,100.75,100.86000061035156,100.57318115234376,189400
COO,2013-02-06,100.38999938964844,103.02999877929688,100.38999938964844,103.02999877929688,102.73700714111328,465000
COO,2013-02-07,103.1500015258789,103.33000183105467,102.44000244140624,102.87000274658205,102.57748413085938,494000
COO,2013-02-08,103.01000213623048,105.1999969482422,103.0,104.26000213623048,103.96351623535156,309200
COO,2013-02-11,104.08999633789062,104.73999786376952,103.75,104.0500030517578,103.7541275024414,141800
COO,2013-02-12,104.1500015258789,104.72000122070312,104.1500015258789,104.61000061035156,104.31253051757812,282900
COO,2013-02-13,105.02999877929688,105.75,103.88999938964844,104.25,103.95355987548828,287600
COO,2013-02-14,104.20999908447266,104.41999816894533,103.58999633789062,103.79000091552734,103.49485778808594,208800
COO,2013-02-15,103.8499984741211,104.52999877929688,103.56999969482422,104.01000213623048,103.71424865722656,112100
COO,2013-02-19,103.88999938964844,105.19000244140624,103.37999725341795,104.66000366210938,104.36238098144533,185000
COO,2013-02-20,104.62000274658205,104.66999816894533,103.04000091552734,103.13999938964844,102.84671020507812,205600
COO,2013-02-21,103.11000061035156,103.12000274658205,101.56999969482422,102.58999633789062,102.29824829101562,285900
COO,2013-02-22,103.0500030517578,103.41999816894533,102.63999938964844,102.91000366210938,102.61737060546876,113600
COO,2013-02-25,103.30999755859376,104.83000183105467,102.33000183105467,102.33000183105467,102.0390167236328,252600
COO,2013-02-26,102.81999969482422,104.33999633789062,102.13999938964844,103.95999908447266,103.66437530517578,265300
COO,2013-02-27,104.06999969482422,106.13999938964844,104.04000091552734,105.5,105.20000457763672,181800
COO,2013-02-28,105.48999786376952,106.75,105.48999786376952,106.05999755859376,105.75839233398438,191700
COO,2013-03-01,105.68000030517578,105.97000122070312,104.41000366210938,105.08000183105467,104.78118896484376,360100
COO,2013-03-04,104.83000183105467,105.52999877929688,104.19000244140624,105.19000244140624,104.8908920288086,233800
COO,2013-03-05,105.80999755859376,106.30999755859376,105.52999877929688,105.87000274658205,105.5689697265625,483600
COO,2013-03-06,106.20999908447266,106.5199966430664,105.11000061035156,105.5500030517578,105.24983978271484,346500
COO,2013-03-07,105.69000244140624,105.9000015258789,103.87999725341795,104.6999969482422,104.40225982666016,701600
COO,2013-03-08,104.3000030517578,109.55999755859376,103.56999969482422,108.2300033569336,107.9222183227539,881100
COO,2013-03-11,106.54000091552734,106.9800033569336,105.87999725341795,106.25,105.9478530883789,373100
COO,2013-03-12,105.66999816894533,106.37000274658205,104.95999908447266,105.4000015258789,105.10028076171876,415400
COO,2013-03-13,105.38999938964844,105.38999938964844,104.91999816894533,105.25,104.9507064819336,290100
COO,2013-03-14,105.0,105.75,104.44000244140624,104.81999969482422,104.52193450927734,276100
COO,2013-03-15,104.66000366210938,104.93000030517578,103.45999908447266,103.81999969482422,103.52477264404295,373400
COO,2013-03-18,103.41999816894533,104.41999816894533,102.72000122070312,104.08999633789062,103.79400634765624,242400
COO,2013-03-19,104.33999633789062,104.76000213623048,103.6500015258789,104.41999816894533,104.12307739257812,247000
COO,2013-03-20,105.05999755859376,109.81999969482422,104.43000030517578,105.4800033569336,105.1800537109375,303500
COO,2013-03-21,104.91999816894533,109.6500015258789,103.68000030517578,103.9800033569336,103.6843032836914,169600
COO,2013-03-22,104.37000274658205,104.48999786376952,103.7300033569336,104.16000366210938,103.8637924194336,125400
COO,2013-03-25,104.63999938964844,104.97000122070312,103.68000030517578,104.38999938964844,104.0931396484375,215900
COO,2013-03-26,104.27999877929688,104.98999786376952,103.87000274658205,104.93000030517578,104.63160705566406,262900
COO,2013-03-27,104.37000274658205,106.79000091552734,104.1999969482422,106.73999786376952,106.43645477294922,310800
COO,2013-03-28,106.73999786376952,108.04000091552734,106.4800033569336,107.87999725341795,107.5732421875,333800
COO,2013-04-01,107.8000030517578,108.25,105.76000213623048,106.5500030517578,106.24699401855467,203200
COO,2013-04-02,107.1999969482422,108.29000091552734,107.1999969482422,107.70999908447266,107.4037094116211,235600
COO,2013-04-03,107.6999969482422,107.93000030517578,106.6500015258789,107.0500030517578,106.74559020996094,323800
COO,2013-04-04,107.22000122070312,108.01000213623048,106.73999786376952,107.9800033569336,107.6729507446289,288800
COO,2013-04-05,107.0,107.5500030517578,105.76000213623048,106.16999816894533,105.86808776855467,532800
COO,2013-04-08,106.20999908447266,106.5500030517578,105.38999938964844,106.38999938964844,106.08745574951172,207500
COO,2013-04-09,106.30999755859376,106.9800033569336,105.9499969482422,106.61000061035156,106.3068389892578,193300
COO,2013-04-10,106.6999969482422,108.4800033569336,106.4000015258789,108.16999816894533,107.8624038696289,331000
COO,2013-04-11,108.5,109.93000030517578,107.94000244140624,109.88999938964844,109.57752990722656,313600
COO,2013-04-12,109.62999725341795,109.79000091552734,108.30999755859376,108.9499969482422,108.6401596069336,308300
COO,2013-04-15,108.73999786376952,108.76000213623048,106.63999938964844,107.08000183105467,106.77550506591795,419800
COO,2013-04-16,107.63999938964844,108.80999755859376,107.0,108.62999725341795,108.32108306884766,375200
COO,2013-04-17,108.25,108.37999725341795,107.1999969482422,107.87999725341795,107.5732421875,391900
COO,2013-04-18,107.9000015258789,108.4800033569336,105.38999938964844,105.86000061035156,105.55896759033205,174000
COO,2013-04-19,105.8000030517578,106.91000366210938,104.23999786376952,106.25,105.9478530883789,160400
COO,2013-04-22,106.4499969482422,106.4499969482422,104.93000030517578,106.08000183105467,105.77835845947266,116000
COO,2013-04-23,106.66000366210938,108.4800033569336,106.38999938964844,108.1999969482422,107.89230346679688,282900
COO,2013-04-24,107.98999786376952,108.0500030517578,107.0199966430664,107.62000274658205,107.31396484375,183500
COO,2013-04-25,105.37999725341795,110.4499969482422,105.3499984741211,107.29000091552734,106.98490142822266,174700
COO,2013-04-26,107.18000030517578,107.72000122070312,106.08999633789062,107.72000122070312,107.41368865966795,177000
COO,2013-04-29,108.20999908447266,108.94000244140624,107.0,108.76000213623048,108.4507064819336,164800
COO,2013-04-30,108.55999755859376,110.8499984741211,108.29000091552734,110.4000015258789,110.0860595703125,348400
COO,2013-05-01,110.4000015258789,110.56999969482422,108.52999877929688,108.66999816894533,108.36099243164062,143800
COO,2013-05-02,108.91999816894533,109.93000030517578,108.19000244140624,109.86000061035156,109.5475845336914,366700
COO,2013-05-03,110.63999938964844,112.02999877929688,110.51000213623048,112.0,111.68151092529295,320300
COO,2013-05-06,112.2300033569336,113.5,111.75,113.31999969482422,112.99774932861328,282100
COO,2013-05-07,113.31999969482422,113.70999908447266,112.66000366210938,113.52999877929688,113.20716094970705,219600
COO,2013-05-08,113.62000274658205,115.16999816894533,112.86000061035156,115.05999755859376,114.73280334472656,304300
COO,2013-05-09,114.9800033569336,116.0999984741211,114.95999908447266,115.33999633789062,115.0120086669922,203100
COO,2013-05-10,115.62999725341795,116.63999938964844,115.27999877929688,115.97000122070312,115.64022064208984,187700
COO,2013-05-13,116.01000213623048,116.45999908447266,115.70999908447266,116.0,115.67013549804688,308500
COO,2013-05-14,115.8499984741211,116.79000091552734,114.87000274658205,114.97000122070312,114.64307403564452,319600
COO,2013-05-15,113.88999938964844,113.88999938964844,111.38999938964844,111.93000030517578,111.61170959472656,740000
COO,2013-05-16,111.93000030517578,111.9499969482422,110.38999938964844,110.5199966430664,110.20571899414062,349300
COO,2013-05-17,111.08000183105467,111.61000061035156,110.8000030517578,111.22000122070312,110.90371704101562,253800
COO,2013-05-20,111.25,112.1500015258789,110.6500015258789,111.06999969482422,110.75415802001952,320100
COO,2013-05-21,111.16000366210938,111.9800033569336,110.56999969482422,110.98999786376952,110.67438507080078,189400
COO,2013-05-22,111.11000061035156,111.4499969482422,106.5999984741211,107.22000122070312,106.91510009765624,603900
COO,2013-05-23,106.83999633789062,107.66000366210938,105.70999908447266,107.12000274658205,106.81537628173828,371000
COO,2013-05-24,107.0500030517578,109.8499984741211,106.29000091552734,109.04000091552734,108.72991180419922,939300
COO,2013-05-28,109.87999725341795,111.63999938964844,109.27999877929688,110.94000244140624,110.62452697753906,563900
COO,2013-05-29,110.5500030517578,111.12999725341795,108.56999969482422,110.79000091552734,110.4749526977539,442800
COO,2013-05-30,110.56999969482422,114.37000274658205,110.3000030517578,114.3000030517578,113.9749526977539,401200
COO,2013-05-31,113.69000244140624,115.31999969482422,112.95999908447266,113.01000213623048,112.68864440917967,349000
COO,2013-06-03,113.0,114.0999984741211,112.93000030517578,113.1999969482422,112.87808990478516,573700
COO,2013-06-04,113.1999969482422,113.98999786376952,111.69000244140624,111.83000183105467,111.5119857788086,415000
COO,2013-06-05,111.41999816894533,112.33000183105467,110.75,111.0,110.68435668945312,236200
COO,2013-06-06,110.62999725341795,113.22000122070312,110.33000183105467,113.12999725341795,112.80829620361328,391200
COO,2013-06-07,116.61000061035156,120.55999755859376,116.61000061035156,120.0,119.65874481201172,1143300
COO,2013-06-10,120.22000122070312,122.7699966430664,119.5999984741211,121.62999725341795,121.28411865234376,674500
COO,2013-06-11,120.45999908447266,122.08000183105467,119.05999755859376,120.95999908447266,120.61603546142578,253800
COO,2013-06-12,121.91999816894533,121.9499969482422,119.91999816894533,120.41000366210938,120.06759643554688,186800
COO,2013-06-13,120.5,121.43000030517578,119.72000122070312,121.22000122070312,120.87530517578124,269900
COO,2013-06-14,121.22000122070312,121.77999877929688,119.97000122070312,121.52999877929688,121.18441009521484,341400
COO,2013-06-17,122.16999816894533,124.08000183105467,121.70999908447266,122.8000030517578,122.45079040527344,359600
COO,2013-06-18,123.08999633789062,123.29000091552734,121.56999969482422,121.69000244140624,121.3439483642578,236200
COO,2013-06-19,121.8499984741211,122.1999969482422,120.61000061035156,120.75,120.40662384033205,195900
COO,2013-06-20,119.51000213623048,119.91999816894533,116.91000366210938,117.30999755859376,116.97643280029295,220800
COO,2013-06-21,117.97000122070312,119.0,117.4800033569336,118.5999984741211,118.26275634765624,324800
COO,2013-06-24,117.4800033569336,119.0500030517578,116.75,117.8499984741211,117.51485443115234,233800
COO,2013-06-25,118.95999908447266,119.38999938964844,116.2699966430664,116.83999633789062,116.50775146484376,311600
COO,2013-06-26,117.91999816894533,118.58000183105467,117.18000030517578,117.66000366210938,117.32540893554688,240800
COO,2013-06-27,118.37999725341795,118.48999786376952,117.3000030517578,117.8000030517578,117.46502685546876,314400
COO,2013-06-28,117.6999969482422,120.91999816894533,116.80999755859376,119.0500030517578,118.71145629882812,583100
COO,2013-07-01,119.63999938964844,121.06999969482422,119.2300033569336,120.88999938964844,120.54622650146484,232500
COO,2013-07-02,120.95999908447266,122.54000091552734,120.83000183105467,121.93000030517578,121.5832977294922,238800
COO,2013-07-03,121.0999984741211,121.97000122070312,120.0,121.6500015258789,121.30408477783205,150000
COO,2013-07-05,122.55999755859376,123.77999877929688,121.80999755859376,123.63999938964844,123.28840637207033,267800
COO,2013-07-08,124.0999984741211,124.7300033569336,123.16999816894533,123.33999633789062,122.98924255371094,366000
COO,2013-07-09,123.62000274658205,124.25,122.61000061035156,123.79000091552734,123.43800354003906,189500
COO,2013-07-10,124.01000213623048,124.9000015258789,122.95999908447266,124.41999816894533,124.06616973876952,256300
COO,2013-07-11,125.47000122070312,125.5999984741211,123.6500015258789,123.6999969482422,123.34823608398438,296300
COO,2013-07-12,123.61000061035156,125.48999786376952,122.02999877929688,125.36000061035156,125.0035171508789,304500
COO,2013-07-15,125.18000030517578,127.45999908447266,124.5500030517578,127.06999969482422,126.70865631103516,396600
COO,2013-07-16,127.38999938964844,128.3699951171875,124.58999633789062,125.06999969482422,124.71434783935548,304100
COO,2013-07-17,125.8000030517578,126.7699966430664,125.68000030517578,125.77999877929688,125.42232513427734,133700
COO,2013-07-18,125.97000122070312,127.20999908447266,125.88999938964844,126.62000274658205,126.25994110107422,129700
COO,2013-07-19,126.5,127.01000213623048,125.81999969482422,126.83999633789062,126.47930908203124,209500
COO,2013-07-22,126.87999725341795,128.30999755859375,125.66999816894533,128.30999755859375,127.97540283203124,389600
COO,2013-07-23,128.14999389648438,129.05999755859375,127.01000213623048,127.5,127.1675033569336,332600
COO,2013-07-24,128.08999633789062,128.4499969482422,126.4000015258789,126.88999938964844,126.5591049194336,223300
COO,2013-07-25,126.83999633789062,127.45999908447266,125.36000061035156,126.22000122070312,125.89086151123048,178000
COO,2013-07-26,126.18000030517578,126.18000030517578,124.66999816894533,125.79000091552734,125.46195220947266,150900
COO,2013-07-29,125.47000122070312,126.33999633789062,124.08000183105467,125.72000122070312,125.39215850830078,236100
COO,2013-07-30,126.38999938964844,126.38999938964844,124.4000015258789,125.31999969482422,124.99320220947266,266200
COO,2013-07-31,125.83000183105467,128.2899932861328,125.66999816894533,127.3499984741211,127.01789093017578,326400
COO,2013-08-01,128.47000122070312,130.3699951171875,128.0500030517578,129.61000061035156,129.27203369140625,356800
COO,2013-08-02,129.1699981689453,129.1699981689453,127.6500015258789,129.0500030517578,128.71348571777344,131900
COO,2013-08-05,128.75,130.47000122070312,127.4800033569336,130.47000122070312,130.1297607421875,185100
COO,2013-08-06,130.0,130.69000244140625,128.22000122070312,130.14999389648438,129.81056213378906,295300
COO,2013-08-07,130.0,130.8300018310547,128.0,130.13999938964844,129.8006134033203,214800
COO,2013-08-08,130.85000610351562,131.94000244140625,129.91000366210938,131.66000366210938,131.31666564941406,180500
COO,2013-08-09,131.1999969482422,132.2899932861328,130.47000122070312,131.61000061035156,131.2667999267578,132600
COO,2013-08-12,131.1300048828125,132.72999572753906,131.1300048828125,131.72000122070312,131.37648010253906,152000
COO,2013-08-13,131.64999389648438,133.52999877929688,129.85000610351562,131.5,131.15707397460938,162900
COO,2013-08-14,131.99000549316406,131.99000549316406,131.11000061035156,131.74000549316406,131.396484375,116100
COO,2013-08-15,130.8300018310547,130.91000366210938,129.0,129.4199981689453,129.08251953125,196800
COO,2013-08-16,129.44000244140625,130.2100067138672,128.02000427246094,129.42999267578125,129.0924835205078,201200
COO,2013-08-19,129.27999877929688,130.36000061035156,128.05999755859375,128.94000244140625,128.60374450683594,180900
COO,2013-08-20,128.75999450683594,129.85000610351562,127.54000091552734,129.74000549316406,129.40170288085938,195000
COO,2013-08-21,129.47000122070312,130.24000549316406,128.52999877929688,129.22000122070312,128.883056640625,155900
COO,2013-08-22,129.49000549316406,130.4199981689453,128.39999389648438,130.0,129.6609649658203,91400
COO,2013-08-23,130.0500030517578,130.86000061035156,129.2100067138672,130.16000366210938,129.820556640625,201100
COO,2013-08-26,130.08999633789062,130.75999450683594,128.77999877929688,129.6300048828125,129.2919464111328,178200
COO,2013-08-27,128.74000549316406,130.27999877929688,128.02999877929688,129.52999877929688,129.1921844482422,321600
COO,2013-08-28,129.77000427246094,131.13999938964844,128.60000610351562,130.4199981689453,130.0799102783203,213700
COO,2013-08-29,130.4499969482422,132.1699981689453,129.38999938964844,131.72999572753906,131.386474609375,211800
COO,2013-08-30,131.72999572753906,132.2100067138672,129.75999450683594,130.61000061035156,130.26942443847656,320900
COO,2013-09-03,131.7899932861328,132.99000549316406,129.80999755859375,131.82000732421875,131.47625732421875,479500
COO,2013-09-04,131.75999450683594,133.5800018310547,131.75999450683594,133.36000061035156,133.01223754882812,266900
COO,2013-09-05,132.6999969482422,134.1999969482422,131.4199981689453,133.25,132.9025115966797,360400
COO,2013-09-06,131.89999389648438,131.89999389648438,126.79000091552734,130.9199981689453,130.57859802246094,667500
COO,2013-09-09,131.3300018310547,133.27000427246094,131.3300018310547,133.1199951171875,132.7728271484375,280900
COO,2013-09-10,133.9499969482422,135.00999450683594,133.32000732421875,134.97000122070312,134.6180419921875,231400
COO,2013-09-11,135.05999755859375,135.41000366210938,134.1300048828125,134.47000122070312,134.11935424804688,158700
COO,2013-09-12,134.5399932861328,134.77000427246094,131.7899932861328,132.02999877929688,131.68572998046875,370500
COO,2013-09-13,132.1999969482422,132.74000549316406,131.5500030517578,132.07000732421875,131.72557067871094,190200
COO,2013-09-16,133.8000030517578,134.39999389648438,132.8000030517578,133.32000732421875,132.9723358154297,150500
COO,2013-09-17,133.32000732421875,134.52000427246094,133.27000427246094,134.41000366210938,134.05947875976562,133200
COO,2013-09-18,134.1999969482422,134.75,132.49000549316406,134.72000122070312,134.36868286132812,123600
COO,2013-09-19,134.75999450683594,135.22000122070312,131.47000122070312,131.99000549316406,131.64581298828125,263000
COO,2013-09-20,131.72000122070312,132.6199951171875,130.75999450683594,131.30999755859375,130.96755981445312,364100
COO,2013-09-23,131.11000061035156,131.27000427246094,129.02000427246094,129.25,128.91293334960938,208500
COO,2013-09-24,129.24000549316406,129.25,127.61000061035156,127.79000091552734,127.4567413330078,303800
COO,2013-09-25,127.95999908447266,129.66000366210938,125.87999725341795,129.24000549316406,128.90298461914062,484700
COO,2013-09-26,129.5800018310547,130.74000549316406,128.63999938964844,129.97999572753906,129.6410675048828,304300
COO,2013-09-27,129.66000366210938,130.77999877929688,128.47999572753906,130.52999877929688,130.18960571289062,234500
COO,2013-09-30,129.0,130.3699951171875,128.44000244140625,129.69000244140625,129.3517608642578,377500
COO,2013-10-01,130.0,131.99000549316406,129.3699951171875,130.75999450683594,130.4190216064453,461600
COO,2013-10-02,130.2899932861328,130.2899932861328,128.02999877929688,129.47000122070312,129.13235473632812,365900
COO,2013-10-03,129.1999969482422,129.92999267578125,126.83000183105467,126.86000061035156,126.52918243408205,836200
COO,2013-10-04,126.9499969482422,128.05999755859375,126.2300033569336,127.06999969482422,126.7386245727539,395400
COO,2013-10-07,126.20999908447266,127.20999908447266,124.0,126.41000366210938,126.0803680419922,390000
COO,2013-10-08,126.75,127.72000122070312,124.87999725341795,124.95999908447266,124.6341323852539,343800
COO,2013-10-09,124.98999786376952,126.33999633789062,124.04000091552734,125.51000213623048,125.18270111083984,468000
COO,2013-10-10,126.66999816894533,127.43000030517578,126.08000183105467,127.2699966430664,126.93809509277344,340000
COO,2013-10-11,127.62999725341795,129.75999450683594,126.87000274658205,129.67999267578125,129.34178161621094,345000
COO,2013-10-14,128.99000549316406,129.9600067138672,127.91999816894533,129.60000610351562,129.26206970214844,305700
COO,2013-10-15,129.77000427246094,129.77999877929688,127.62999725341795,127.86000061035156,127.52657318115234,346200
COO,2013-10-16,128.19000244140625,128.9499969482422,127.5500030517578,127.91000366210938,127.5764389038086,303700
COO,2013-10-17,127.68000030517578,127.8499984741211,126.91999816894533,127.12999725341795,126.79847717285156,548900
COO,2013-10-18,127.6999969482422,127.83999633789062,125.48999786376952,125.91999816894533,125.59163665771484,411400
COO,2013-10-21,126.19000244140624,127.58000183105467,125.29000091552734,127.37000274658205,127.03784942626952,306100
COO,2013-10-22,127.04000091552734,129.0800018310547,127.04000091552734,128.39999389648438,128.06517028808594,273300
COO,2013-10-23,128.10000610351562,128.66000366210938,127.06999969482422,128.35000610351562,128.01528930664062,168300
COO,2013-10-24,128.8000030517578,129.14999389648438,127.83000183105467,128.77000427246094,128.43421936035156,193800
COO,2013-10-25,128.63999938964844,129.27999877929688,127.61000061035156,129.17999267578125,128.84315490722656,266500
COO,2013-10-28,128.92999267578125,129.8699951171875,128.27000427246094,129.63999938964844,129.30189514160156,199400
COO,2013-10-29,130.0,131.16000366210938,130.0,131.16000366210938,130.81796264648438,268300
COO,2013-10-30,130.9199981689453,132.14999389648438,129.0,129.75,129.4116668701172,162300
COO,2013-10-31,129.9499969482422,130.25999450683594,128.02999877929688,129.2100067138672,128.87307739257812,192900
COO,2013-11-01,129.44000244140625,130.50999450683594,127.52999877929688,128.35000610351562,128.01528930664062,206400
COO,2013-11-04,128.25,129.17999267578125,127.33000183105467,129.0500030517578,128.71348571777344,203800
COO,2013-11-05,126.47000122070312,129.11000061035156,126.47000122070312,128.49000549316406,128.15493774414062,224200
COO,2013-11-06,129.24000549316406,129.24000549316406,127.70999908447266,127.87999725341795,127.54649353027344,178100
COO,2013-11-07,128.27999877929688,129.0399932861328,125.63999938964844,125.72000122070312,125.39215850830078,179600
COO,2013-11-08,125.66999816894533,127.58000183105467,125.4800033569336,127.06999969482422,126.7386245727539,129500
COO,2013-11-11,127.38999938964844,128.49000549316406,126.70999908447266,127.16000366210938,126.8283920288086,158300
COO,2013-11-12,127.0199966430664,128.11000061035156,126.04000091552734,127.8499984741211,127.51659393310548,99400
COO,2013-11-13,127.11000061035156,128.82000732421875,127.11000061035156,127.5999984741211,127.26726531982422,222800
COO,2013-11-14,127.62999725341795,128.49000549316406,126.48999786376952,126.9800033569336,126.64887237548828,248800
COO,2013-11-15,126.6999969482422,129.41000366210938,126.51000213623048,129.35000610351562,129.01266479492188,184600
COO,2013-11-18,129.22999572753906,129.27000427246094,127.2300033569336,128.0,127.6662139892578,229700
COO,2013-11-19,127.75,128.55999755859375,127.33000183105467,127.95999908447266,127.62630462646484,174600
COO,2013-11-20,127.95999908447266,129.2100067138672,127.6999969482422,128.0,127.6662139892578,162500
COO,2013-11-21,128.4600067138672,132.22999572753906,128.4600067138672,132.22000122070312,131.8751983642578,321600
COO,2013-11-22,132.49000549316406,134.47000122070312,131.8699951171875,133.61000061035156,133.26161193847656,410200
COO,2013-11-25,133.55999755859375,133.97000122070312,132.60000610351562,132.8300018310547,132.483642578125,243800
COO,2013-11-26,132.55999755859375,132.80999755859375,130.60000610351562,130.63999938964844,130.29934692382812,309300
COO,2013-11-27,130.72000122070312,131.8699951171875,129.99000549316406,131.7899932861328,131.44630432128906,460400
COO,2013-11-29,132.1199951171875,133.4199981689453,131.4499969482422,131.74000549316406,131.396484375,91500
COO,2013-12-02,131.63999938964844,132.72000122070312,130.67999267578125,132.25999450683594,131.9150848388672,231400
COO,2013-12-03,131.39999389648438,133.05999755859375,130.4199981689453,132.7899932861328,132.4436798095703,433000
COO,2013-12-04,133.52000427246094,133.52000427246094,130.63999938964844,131.8800048828125,131.5360870361328,218100
COO,2013-12-05,134.3800048828125,135.0,132.19000244140625,133.72999572753906,133.3812713623047,367900
COO,2013-12-06,126.66999816894533,127.4000015258789,125.0199966430664,125.76000213623048,125.43203735351562,1923900
COO,2013-12-09,125.33999633789062,126.86000061035156,125.0999984741211,126.58000183105467,126.24992370605467,544800
COO,2013-12-10,126.05999755859376,127.16999816894533,123.68000030517578,123.73999786376952,123.41731262207033,710700
COO,2013-12-11,123.08000183105467,124.4000015258789,119.5999984741211,119.88999938964844,119.57735443115234,912100
COO,2013-12-12,119.55999755859376,121.33000183105467,118.58000183105467,119.52999877929688,119.21829986572266,1140300
COO,2013-12-13,119.63999938964844,124.2300033569336,119.63999938964844,121.20999908447266,120.89390563964844,1105500
COO,2013-12-16,120.83999633789062,122.06999969482422,120.41999816894533,120.55999755859376,120.24559020996094,511700
COO,2013-12-17,120.33999633789062,123.52999877929688,119.30999755859376,122.13999938964844,121.82147216796876,753800
COO,2013-12-18,122.93000030517578,123.87000274658205,119.9000015258789,121.43000030517578,121.11334228515624,786400
COO,2013-12-19,121.12999725341795,122.88999938964844,121.0199966430664,122.5999984741211,122.28028106689452,705000
COO,2013-12-20,122.62000274658205,127.0,122.5199966430664,127.0,126.66880798339844,1084900
COO,2013-12-23,126.93000030517578,128.0500030517578,125.48999786376952,126.08999633789062,125.76119232177734,495600
COO,2013-12-24,126.2300033569336,127.19000244140624,125.55999755859376,126.66000366210938,126.32969665527344,224900
COO,2013-12-26,126.66000366210938,127.0,125.38999938964844,125.6500015258789,125.32232666015624,265600
COO,2013-12-27,126.01000213623048,126.44000244140624,125.45999908447266,125.58000183105467,125.25251007080078,303000
COO,2013-12-30,125.87999725341795,126.98999786376952,124.91000366210938,124.98999786376952,124.66404724121094,344100
COO,2013-12-31,125.37000274658205,125.83999633789062,123.3499984741211,123.83999633789062,123.51707458496094,451100
COO,2014-01-02,123.25,123.97000122070312,122.29000091552734,123.0500030517578,122.7291030883789,320700
COO,2014-01-03,123.08999633789062,124.12000274658205,122.47000122070312,123.5500030517578,123.22782135009766,218700
COO,2014-01-06,123.8499984741211,124.48999786376952,121.0199966430664,122.2699966430664,121.95114135742188,901100
COO,2014-01-07,120.41999816894533,124.51000213623048,120.16000366210938,123.9499969482422,123.6267547607422,785400
COO,2014-01-08,123.76000213623048,124.63999938964844,123.23999786376952,124.06999969482422,123.7464599609375,513100
COO,2014-01-09,124.2699966430664,126.69000244140624,124.1500015258789,125.83000183105467,125.50186157226562,666900
COO,2014-01-10,125.81999969482422,127.16999816894533,125.3499984741211,126.13999938964844,125.8110580444336,785700
COO,2014-01-13,125.87000274658205,125.98999786376952,123.86000061035156,124.0500030517578,123.72650909423828,606500
COO,2014-01-14,124.38999938964844,126.94000244140624,124.38999938964844,126.37999725341795,126.05040740966795,367700
COO,2014-01-15,126.1999969482422,129.97999572753906,126.1999969482422,129.07000732421875,128.73341369628906,673800
COO,2014-01-16,128.91000366210938,131.3000030517578,128.7100067138672,130.6199951171875,130.27940368652344,511900
COO,2014-01-17,130.5399932861328,131.52000427246094,129.4199981689453,129.6999969482422,129.36175537109375,399400
COO,2014-01-21,130.86000061035156,130.86000061035156,127.80999755859376,129.41000366210938,129.07254028320312,331000
COO,2014-01-22,129.72000122070312,129.9499969482422,127.1999969482422,127.3499984741211,127.04734802246094,439900
COO,2014-01-23,126.4000015258789,127.76000213623048,125.62000274658205,126.3000030517578,125.99984741210938,491900
COO,2014-01-24,126.18000030517578,126.18000030517578,122.11000061035156,122.6999969482422,122.40840911865234,953000
COO,2014-01-27,122.91000366210938,125.16999816894533,121.47000122070312,123.8000030517578,123.50579071044922,581700
COO,2014-01-28,123.94000244140624,124.69000244140624,123.0199966430664,123.72000122070312,123.42597198486328,340000
COO,2014-01-29,123.56999969482422,125.29000091552734,122.5,123.05999755859376,122.76753997802734,484400
COO,2014-01-30,124.5500030517578,125.36000061035156,123.70999908447266,125.23999786376952,124.9423599243164,257200
COO,2014-01-31,123.33000183105467,124.9499969482422,122.41999816894533,124.27999877929688,123.98464965820312,236500
COO,2014-02-03,123.29000091552734,123.5,117.2300033569336,117.3000030517578,117.02124786376952,1472800
COO,2014-02-04,117.58000183105467,120.47000122070312,116.9499969482422,119.37000274658205,119.08631896972656,717800
COO,2014-02-05,119.41999816894533,120.4499969482422,118.33000183105467,119.73999786376952,119.4554443359375,221600
COO,2014-02-06,120.02999877929688,120.97000122070312,119.05999755859376,120.1500015258789,119.8644561767578,274700
COO,2014-02-07,120.5500030517578,123.54000091552734,120.48999786376952,123.4000015258789,123.10672760009766,506500
COO,2014-02-10,123.37999725341795,124.88999938964844,122.91999816894533,124.8499984741211,124.55329132080078,413700
COO,2014-02-11,124.7300033569336,126.7699966430664,124.56999969482422,126.1500015258789,125.8501968383789,457100
COO,2014-02-12,126.16999816894533,127.23999786376952,125.5,126.58999633789062,126.28915405273438,292700
COO,2014-02-13,125.91000366210938,127.87999725341795,125.91000366210938,126.54000091552734,126.2392807006836,350900
COO,2014-02-14,126.41000366210938,126.75,124.2300033569336,124.95999908447266,124.66302490234376,706300
COO,2014-02-18,125.1999969482422,127.43000030517578,124.83999633789062,127.38999938964844,127.08724975585938,375600
COO,2014-02-19,126.80999755859376,128.1199951171875,126.12000274658205,126.9800033569336,126.67823028564452,309600
COO,2014-02-20,126.91999816894533,128.7100067138672,125.38999938964844,128.52000427246094,128.2145233154297,238400
COO,2014-02-21,127.25,128.83999633789062,126.26000213623048,127.54000091552734,127.23690032958984,252700
COO,2014-02-24,127.4499969482422,129.66000366210938,127.38999938964844,128.3000030517578,127.99510192871094,312600
COO,2014-02-25,128.36000061035156,128.6199951171875,126.5999984741211,128.60000610351562,128.29443359375,211400
COO,2014-02-26,128.72999572753906,129.82000732421875,127.16000366210938,129.44000244140625,129.1324005126953,317700
COO,2014-02-27,129.22000122070312,130.13999938964844,127.6999969482422,129.64999389648438,129.3418426513672,301000
COO,2014-02-28,130.3699951171875,131.1999969482422,127.33999633789062,128.2100067138672,127.90534210205078,345700
COO,2014-03-03,127.87000274658205,129.66000366210938,127.5500030517578,128.13999938964844,127.83544921875,643400
COO,2014-03-04,129.27999877929688,132.52999877929688,129.02000427246094,132.39999389648438,132.08535766601562,607900
COO,2014-03-05,132.4499969482422,132.66000366210938,130.8800048828125,130.8800048828125,130.5689697265625,381100
COO,2014-03-06,130.8800048828125,132.9499969482422,129.58999633789062,130.08999633789062,129.78085327148438,748600
COO,2014-03-07,136.64999389648438,145.33999633789062,133.0,136.47999572753906,136.15565490722656,1582400
COO,2014-03-10,135.52000427246094,136.66000366210938,133.83999633789062,134.22999572753906,133.91099548339844,698500
COO,2014-03-11,134.42999267578125,134.91000366210938,132.85000610351562,133.0500030517578,132.73379516601562,416100
COO,2014-03-12,132.0399932861328,134.85000610351562,130.97000122070312,134.44000244140625,134.12051391601562,767000
COO,2014-03-13,134.85000610351562,136.1999969482422,133.08999633789062,133.5500030517578,133.2326202392578,440900
COO,2014-03-14,132.72999572753906,134.6300048828125,132.10000610351562,132.35000610351562,132.03546142578125,340100
COO,2014-03-17,133.08999633789062,134.4499969482422,132.67999267578125,133.6699981689453,133.35231018066406,388200
COO,2014-03-18,134.3800048828125,137.5,133.49000549316406,136.58999633789062,136.26536560058594,574400
COO,2014-03-19,136.58999633789062,138.9199981689453,136.22000122070312,137.6199951171875,137.29298400878906,467800
COO,2014-03-20,137.3300018310547,139.30999755859375,136.3800048828125,138.5800018310547,138.25067138671875,471200
COO,2014-03-21,139.47000122070312,139.47000122070312,134.0,134.0,133.6815185546875,939000
COO,2014-03-24,134.6999969482422,135.89999389648438,132.80999755859375,134.41000366210938,134.09056091308594,641000
COO,2014-03-25,135.6999969482422,135.97999572753906,132.77000427246094,133.97000122070312,133.651611328125,298500
COO,2014-03-26,134.92999267578125,135.49000549316406,133.16000366210938,133.25,132.93333435058594,385100
COO,2014-03-27,133.42999267578125,133.5800018310547,131.22999572753906,131.57000732421875,131.25733947753906,348900
COO,2014-03-28,132.0399932861328,133.0,131.1999969482422,132.3000030517578,131.98561096191406,245200
COO,2014-03-31,133.86000061035156,137.60000610351562,132.47999572753906,137.36000061035156,137.03353881835938,638300
COO,2014-04-01,136.9199981689453,139.3000030517578,136.5399932861328,138.3699951171875,138.0411376953125,513100
COO,2014-04-02,138.57000732421875,139.3800048828125,136.74000549316406,137.39999389648438,137.07345581054688,594600
COO,2014-04-03,137.4199981689453,138.27000427246094,136.1199951171875,137.5,137.17323303222656,559400
COO,2014-04-04,138.10000610351562,138.94000244140625,132.39999389648438,132.5800018310547,132.26495361328125,511700
COO,2014-04-07,132.3699951171875,132.4499969482422,128.63999938964844,130.66000366210938,130.34950256347656,549100
COO,2014-04-08,130.64999389648438,131.41000366210938,129.35000610351562,130.42999267578125,130.12002563476562,494400
COO,2014-04-09,130.77999877929688,132.75,129.0,132.72000122070312,132.40460205078125,346700
COO,2014-04-10,132.30999755859375,132.30999755859375,125.83999633789062,126.0999984741211,125.8003158569336,679600
COO,2014-04-11,124.95999908447266,125.66999816894533,123.48999786376952,123.62000274658205,123.3262176513672,581200
COO,2014-04-14,124.93000030517578,127.06999969482422,124.22000122070312,126.79000091552734,126.48869323730467,572900
COO,2014-04-15,127.29000091552734,129.17999267578125,124.0199966430664,126.66999816894533,126.36897277832033,702500
COO,2014-04-16,127.9499969482422,129.97999572753906,126.5500030517578,129.17999267578125,128.8730010986328,460700
COO,2014-04-17,128.52000427246094,129.82000732421875,126.3000030517578,128.66000366210938,128.35421752929688,399700
COO,2014-04-21,126.0999984741211,129.4499969482422,126.0999984741211,128.0399932861328,127.73571014404295,156300
COO,2014-04-22,128.83999633789062,130.47999572753906,127.91999816894533,130.07000732421875,129.7609100341797,322900
COO,2014-04-23,129.97000122070312,130.22999572753906,128.75999450683594,129.3000030517578,128.99273681640625,205600
COO,2014-04-24,130.07000732421875,130.9499969482422,128.80999755859375,130.52999877929688,130.2198028564453,381100
COO,2014-04-25,129.4600067138672,130.22000122070312,128.32000732421875,129.10000610351562,128.793212890625,348700
COO,2014-04-28,129.8699951171875,131.02999877929688,128.35000610351562,130.1199951171875,129.8107452392578,356800
COO,2014-04-29,131.0,132.55999755859375,130.1199951171875,131.80999755859375,131.4967498779297,349100
COO,2014-04-30,131.32000732421875,132.1199951171875,130.75,131.91000366210938,131.59649658203125,320600
COO,2014-05-01,132.1199951171875,133.4199981689453,130.97000122070312,132.27000427246094,131.95565795898438,202500
COO,2014-05-02,132.67999267578125,134.47000122070312,132.0800018310547,133.8000030517578,133.4820556640625,263500
COO,2014-05-05,132.5800018310547,134.57000732421875,132.3800048828125,134.11000061035156,133.7913055419922,291400
COO,2014-05-06,133.61000061035156,134.47999572753906,132.3699951171875,133.85000610351562,133.53189086914062,315900
COO,2014-05-07,134.6199951171875,134.6199951171875,131.3000030517578,133.57000732421875,133.2525634765625,318400
COO,2014-05-08,133.66000366210938,135.57000732421875,131.86000061035156,132.1999969482422,131.8858184814453,247000
COO,2014-05-09,132.11000061035156,133.66000366210938,129.80999755859375,132.72999572753906,132.41456604003906,285400
COO,2014-05-12,134.02999877929688,136.58999633789062,133.07000732421875,135.24000549316406,134.91856384277344,291800
COO,2014-05-13,135.72000122070312,136.4600067138672,134.14999389648438,134.72000122070312,134.3998260498047,143300
COO,2014-05-14,134.24000549316406,135.5,133.1999969482422,133.39999389648438,133.08294677734375,364000
COO,2014-05-15,133.27000427246094,133.2899932861328,130.72000122070312,132.24000549316406,131.92572021484375,355100
COO,2014-05-16,132.9199981689453,133.25999450683594,131.38999938964844,133.22000122070312,132.9033966064453,198800
COO,2014-05-19,132.8800048828125,134.55999755859375,132.80999755859375,133.85000610351562,133.53189086914062,145400
COO,2014-05-20,133.6199951171875,133.6999969482422,127.0199966430664,131.0800018310547,130.7684783935547,864200
COO,2014-05-21,131.85000610351562,132.49000549316406,129.89999389648438,130.00999450683594,129.70101928710938,406000
COO,2014-05-22,130.0500030517578,131.25999450683594,129.60000610351562,129.94000244140625,129.63121032714844,386800
COO,2014-05-23,130.0,130.5399932861328,129.33999633789062,130.14999389648438,129.8406524658203,232300
COO,2014-05-27,131.14999389648438,131.47000122070312,129.3800048828125,129.8800048828125,129.57135009765625,360500
COO,2014-05-28,130.0,130.2100067138672,127.37999725341795,127.4499969482422,127.1471176147461,748000
COO,2014-05-29,128.0399932861328,129.1199951171875,127.36000061035156,128.38999938964844,128.0848846435547,469000
COO,2014-05-30,128.64999389648438,129.58999633789062,128.07000732421875,129.02000427246094,128.71339416503906,475100
COO,2014-06-02,129.64999389648438,131.16000366210938,128.8000030517578,131.08999633789062,130.7784423828125,384300
COO,2014-06-03,130.22999572753906,132.6199951171875,130.22999572753906,130.97999572753906,130.66873168945312,411700
COO,2014-06-04,130.69000244140625,131.44000244140625,130.0500030517578,131.07000732421875,130.75851440429688,226800
COO,2014-06-05,130.75,131.6699981689453,129.8300018310547,131.11000061035156,130.7984161376953,447900
COO,2014-06-06,130.82000732421875,133.55999755859375,127.62000274658205,133.36000061035156,133.04310607910156,1576400
COO,2014-06-09,133.38999938964844,133.99000549316406,130.75,133.17999267578125,132.8634796142578,680500
COO,2014-06-10,133.3300018310547,133.6300048828125,131.94000244140625,132.57000732421875,132.2550048828125,245300
COO,2014-06-11,132.49000549316406,133.10000610351562,131.6699981689453,133.02999877929688,132.71383666992188,204300
COO,2014-06-12,132.8300018310547,133.4499969482422,131.14999389648438,131.4499969482422,131.13758850097656,360200
COO,2014-06-13,131.7100067138672,131.7100067138672,129.97000122070312,130.63999938964844,130.32955932617188,423600
COO,2014-06-16,131.0,133.08999633789062,130.41000366210938,132.07000732421875,131.756103515625,617300
COO,2014-06-17,132.41000366210938,135.6300048828125,132.1699981689453,135.27999877929688,134.95852661132812,580900
COO,2014-06-18,135.3000030517578,135.8000030517578,133.5500030517578,134.9499969482422,134.62925720214844,345400
COO,2014-06-19,135.4499969482422,136.2899932861328,134.5,136.02999877929688,135.7067413330078,525600
COO,2014-06-20,136.2899932861328,137.24000549316406,135.6199951171875,137.17999267578125,136.85398864746094,662400
COO,2014-06-23,137.25,137.25,136.17999267578125,136.50999450683594,136.18560791015625,367300
COO,2014-06-24,135.7100067138672,136.0500030517578,134.92999267578125,134.99000549316406,134.66921997070312,328800
COO,2014-06-25,134.97999572753906,136.92999267578125,134.44000244140625,136.86000061035156,136.5347442626953,404400
COO,2014-06-26,137.10000610351562,137.10000610351562,135.00999450683594,135.64999389648438,135.32763671875,177100
COO,2014-06-27,135.1699981689453,137.1199951171875,134.4199981689453,137.0399932861328,136.71434020996094,378400
COO,2014-06-30,136.99000549316406,137.07000732421875,134.72000122070312,135.52999877929688,135.2079315185547,431900
COO,2014-07-01,140.47999572753906,147.55999755859375,140.42999267578125,146.9499969482422,146.60073852539062,2324300
COO,2014-07-02,146.5,147.52000427246094,145.75999450683594,146.66000366210938,146.31146240234375,887100
COO,2014-07-03,146.47999572753906,146.6999969482422,144.5399932861328,145.32000732421875,144.97463989257812,665100
COO,2014-07-07,145.16000366210938,145.16000366210938,143.97000122070312,144.66000366210938,144.31622314453125,481800
COO,2014-07-08,144.94000244140625,145.5,143.92999267578125,145.25,144.90481567382812,533300
COO,2014-07-09,146.2100067138672,149.9499969482422,145.36000061035156,149.5399932861328,149.1846160888672,988500
COO,2014-07-10,148.82000732421875,149.8699951171875,147.6699981689453,148.8300018310547,148.47628784179688,563400
COO,2014-07-11,148.3800048828125,150.44000244140625,148.0500030517578,150.2100067138672,149.85301208496094,426400
COO,2014-07-14,150.75999450683594,151.22999572753906,149.57000732421875,150.38999938964844,150.0325927734375,543400
COO,2014-07-15,150.55999755859375,151.02999877929688,149.0800018310547,150.77999877929688,150.421630859375,739700
COO,2014-07-16,151.22999572753906,151.5500030517578,149.5399932861328,151.08999633789062,150.73089599609375,611600
COO,2014-07-17,150.07000732421875,150.33999633789062,148.35000610351562,148.75999450683594,148.40646362304688,620100
COO,2014-07-18,148.97000122070312,151.30999755859375,148.42999267578125,151.0,150.64114379882812,352200
COO,2014-07-21,149.6300048828125,152.4600067138672,148.8300018310547,152.13999938964844,151.77842712402344,578500
COO,2014-07-22,152.19000244140625,154.97999572753906,152.0800018310547,154.60000610351562,154.2630157470703,562400
COO,2014-07-23,154.92999267578125,157.1999969482422,154.00999450683594,156.00999450683594,155.66989135742188,868900
COO,2014-07-24,155.97999572753906,161.64999389648438,155.42999267578125,160.85000610351562,160.4993438720703,1339000
COO,2014-07-25,160.75999450683594,160.92999267578125,158.0,159.97000122070312,159.62130737304688,1393300
COO,2014-07-28,159.58999633789062,160.38999938964844,158.9199981689453,159.6699981689453,159.3219451904297,708200
COO,2014-07-29,159.77999877929688,161.38999938964844,159.13999938964844,160.4499969482422,160.1002197265625,696700
COO,2014-07-30,161.22000122070312,163.1999969482422,160.5399932861328,163.1300048828125,162.77439880371094,595700
COO,2014-07-31,162.0800018310547,163.24000549316406,159.83999633789062,160.8800048828125,160.52931213378906,1067100
COO,2014-08-01,160.49000549316406,161.69000244140625,159.22000122070312,159.89999389648438,159.55148315429688,764300
COO,2014-08-04,160.7100067138672,160.77000427246094,158.4199981689453,159.4600067138672,159.11244201660156,490900
COO,2014-08-05,159.0500030517578,160.58999633789062,158.0,158.3000030517578,157.9549560546875,447100
COO,2014-08-06,158.0,158.7899932861328,157.55999755859375,158.00999450683594,157.6655731201172,870700
COO,2014-08-07,158.4600067138672,160.38999938964844,157.69000244140625,158.07000732421875,157.7254638671875,393600
COO,2014-08-08,158.24000549316406,159.19000244140625,157.8800048828125,158.38999938964844,158.04473876953125,435100
COO,2014-08-11,159.13999938964844,159.8800048828125,157.9600067138672,158.1300048828125,157.78533935546875,548600
COO,2014-08-12,158.0800018310547,158.58999633789062,157.64999389648438,158.44000244140625,158.0946502685547,348700
COO,2014-08-13,159.0,161.6300048828125,159.0,161.44000244140625,161.0880889892578,302700
COO,2014-08-14,161.58999633789062,162.3300018310547,160.0800018310547,160.47000122070312,160.12022399902344,236700
COO,2014-08-15,161.64999389648438,161.94000244140625,159.32000732421875,160.64999389648438,160.29981994628906,381300
COO,2014-08-18,161.5800018310547,163.57000732421875,161.5800018310547,161.91000366210938,161.5570526123047,291000
COO,2014-08-19,162.0399932861328,162.8300018310547,161.2100067138672,161.85000610351562,161.4972381591797,407500
COO,2014-08-20,161.16000366210938,162.3699951171875,160.17999267578125,161.8300018310547,161.47726440429688,466700
COO,2014-08-21,162.30999755859375,163.75,162.07000732421875,162.8000030517578,162.4451446533203,386300
COO,2014-08-22,162.99000549316406,163.33999633789062,161.72999572753906,162.0800018310547,161.7266387939453,245500
COO,2014-08-25,163.19000244140625,163.19000244140625,160.52000427246094,161.25999450683594,160.9084930419922,596100
COO,2014-08-26,161.39999389648438,163.89999389648438,161.39999389648438,162.6300048828125,162.27549743652344,416400
COO,2014-08-27,162.99000549316406,163.8800048828125,161.47000122070312,163.61000061035156,163.25340270996094,357000
COO,2014-08-28,163.57000732421875,164.1699981689453,162.42999267578125,162.97999572753906,162.62474060058594,311900
COO,2014-08-29,163.5500030517578,164.47999572753906,162.25,163.02999877929688,162.67465209960938,338900
COO,2014-09-02,163.49000549316406,164.85000610351562,162.9499969482422,162.99000549316406,162.63473510742188,585100
COO,2014-09-03,163.38999938964844,163.5399932861328,161.13999938964844,161.2899932861328,160.93841552734375,830100
COO,2014-09-04,161.9199981689453,163.99000549316406,160.60000610351562,160.9499969482422,160.59915161132812,753800
COO,2014-09-05,160.44000244140625,162.42999267578125,157.75999450683594,162.4199981689453,162.06594848632812,783200
COO,2014-09-08,162.52000427246094,164.57000732421875,161.67999267578125,164.2899932861328,163.93190002441406,550300
COO,2014-09-09,164.25,164.30999755859375,161.83999633789062,162.5500030517578,162.19570922851562,424200
COO,2014-09-10,163.0,163.5500030517578,161.6199951171875,162.6199951171875,162.2655029296875,403200
COO,2014-09-11,161.49000549316406,162.72999572753906,160.0399932861328,161.3300018310547,160.9783172607422,652600
COO,2014-09-12,161.24000549316406,161.24000549316406,158.25,158.47000122070312,158.1245880126953,582000
COO,2014-09-15,158.85000610351562,158.86000061035156,157.6699981689453,157.77000427246094,157.42608642578125,464100
COO,2014-09-16,157.6300048828125,158.08999633789062,155.5399932861328,158.0500030517578,157.70545959472656,670100
COO,2014-09-17,158.25,159.2100067138672,157.08999633789062,157.39999389648438,157.05686950683594,358700
COO,2014-09-18,157.89999389648438,158.16000366210938,156.25,157.00999450683594,156.66773986816406,542400
COO,2014-09-19,157.5,160.35000610351562,157.0,159.14999389648438,158.80307006835938,837700
COO,2014-09-22,159.1300048828125,160.0800018310547,158.2100067138672,158.80999755859375,158.46383666992188,372500
COO,2014-09-23,157.64999389648438,158.0,155.9499969482422,156.0,155.65994262695312,508800
COO,2014-09-24,156.47999572753906,157.61000061035156,155.63999938964844,157.27000427246094,156.92718505859375,417000
COO,2014-09-25,156.60000610351562,156.77999877929688,154.63999938964844,155.58999633789062,155.25083923339844,543400
COO,2014-09-26,156.2100067138672,157.0,155.66000366210938,156.2100067138672,155.8694610595703,388100
COO,2014-09-29,155.0,157.77000427246094,154.75999450683594,156.61000061035156,156.2686309814453,414700
COO,2014-09-30,156.66000366210938,157.0800018310547,155.39999389648438,155.75,155.41050720214844,458300
COO,2014-10-01,155.5,155.8699951171875,153.75999450683594,155.0399932861328,154.70204162597656,611200
COO,2014-10-02,155.17999267578125,156.10000610351562,153.24000549316406,155.33999633789062,155.00140380859375,261900
COO,2014-10-03,156.27000427246094,157.9600067138672,155.6699981689453,156.2100067138672,155.8694610595703,350400
COO,2014-10-06,156.6300048828125,157.72000122070312,155.82000732421875,155.99000549316406,155.64999389648438,238500
COO,2014-10-07,155.17999267578125,156.44000244140625,153.10000610351562,153.14999389648438,152.81613159179688,311300
COO,2014-10-08,152.99000549316406,154.9499969482422,152.02000427246094,154.67999267578125,154.3428497314453,418700
COO,2014-10-09,154.1300048828125,155.8000030517578,154.05999755859375,154.3000030517578,153.96368408203125,650900
COO,2014-10-10,153.5800018310547,154.92999267578125,150.25,150.27000427246094,149.94244384765625,519700
COO,2014-10-13,149.8800048828125,151.0800018310547,147.49000549316406,147.64999389648438,147.32815551757812,470600
COO,2014-10-14,147.88999938964844,149.52999877929688,145.07000732421875,148.6699981689453,148.34596252441406,818000
COO,2014-10-15,146.0,148.50999450683594,143.6199951171875,146.1199951171875,145.80148315429688,730600
COO,2014-10-16,144.77999877929688,148.6699981689453,144.0500030517578,148.0,147.67738342285156,535600
COO,2014-10-17,149.05999755859375,150.5800018310547,148.14999389648438,149.74000549316406,149.41357421875,346200
COO,2014-10-20,149.75999450683594,151.36000061035156,147.72999572753906,151.3000030517578,150.97019958496094,494200
COO,2014-10-21,152.8699951171875,156.5500030517578,152.25,156.5500030517578,156.20875549316406,503100
COO,2014-10-22,157.02000427246094,157.02000427246094,154.63999938964844,154.6999969482422,154.36279296875,434300
COO,2014-10-23,155.52999877929688,157.07000732421875,155.42999267578125,156.1300048828125,155.78968811035156,512800
COO,2014-10-24,156.4199981689453,157.47999572753906,156.22000122070312,157.1999969482422,156.85733032226562,230400
COO,2014-10-27,156.8300018310547,158.66000366210938,156.44000244140625,158.5,158.15451049804688,255200
COO,2014-10-28,159.19000244140625,161.74000549316406,158.5399932861328,160.75999450683594,160.4095916748047,567100
COO,2014-10-29,160.6199951171875,162.80999755859375,160.08999633789062,162.72999572753906,162.3752899169922,305000
COO,2014-10-30,162.86000061035156,164.10000610351562,162.08999633789062,163.66000366210938,163.30325317382812,234000
COO,2014-10-31,166.52000427246094,166.52000427246094,163.19000244140625,163.89999389648438,163.542724609375,371100
COO,2014-11-03,164.88999938964844,165.52999877929688,162.13999938964844,162.69000244140625,162.3353729248047,421900
COO,2014-11-04,162.80999755859375,164.41000366210938,162.25,163.07000732421875,162.7145538330078,265500
COO,2014-11-05,164.83999633789062,164.99000549316406,163.47000122070312,164.3000030517578,163.94186401367188,228000
COO,2014-11-06,164.2899932861328,167.58999633789062,164.2899932861328,166.0800018310547,165.7179718017578,557900
COO,2014-11-07,166.44000244140625,167.0800018310547,164.52999877929688,165.0,164.6403350830078,453300
COO,2014-11-10,165.25,165.86000061035156,159.9499969482422,160.4199981689453,160.0703125,1567500
COO,2014-11-11,160.63999938964844,161.47999572753906,159.17999267578125,160.02999877929688,159.6811981201172,935400
COO,2014-11-12,159.3800048828125,161.47999572753906,158.91000366210938,160.8300018310547,160.4794158935547,776600
COO,2014-11-13,161.14999389648438,164.3300018310547,160.27000427246094,161.72999572753906,161.37742614746094,322000
COO,2014-11-14,161.0,163.27000427246094,160.5399932861328,161.72999572753906,161.37742614746094,416200
COO,2014-11-17,161.72999572753906,165.50999450683594,160.72999572753906,165.50999450683594,165.14920043945312,521700
COO,2014-11-18,165.67999267578125,170.36000061035156,164.8300018310547,170.14999389648438,169.77911376953125,785400
COO,2014-11-19,170.27999877929688,171.5399932861328,166.77999877929688,167.92999267578125,167.56396484375,705700
COO,2014-11-20,167.3699951171875,169.5,165.7899932861328,167.38999938964844,167.0251007080078,1149500
COO,2014-11-21,168.27999877929688,169.02999877929688,166.25999450683594,167.14999389648438,166.78562927246094,864200
COO,2014-11-24,167.5,169.42999267578125,166.6300048828125,169.32000732421875,168.95095825195312,835500
COO,2014-11-25,169.22000122070312,169.91000366210938,164.44000244140625,166.64999389648438,166.28671264648438,2043400
COO,2014-11-26,167.0500030517578,169.14999389648438,165.99000549316406,169.14999389648438,168.7812957763672,420200
COO,2014-11-28,169.6999969482422,169.97999572753906,168.47999572753906,168.89999389648438,168.53184509277344,249100
COO,2014-12-01,168.58999633789062,168.89999389648438,166.63999938964844,166.72000122070312,166.3565673828125,444300
COO,2014-12-02,166.1300048828125,168.07000732421875,164.8699951171875,166.75999450683594,166.39649963378906,743100
COO,2014-12-03,167.4499969482422,169.8699951171875,166.3300018310547,169.52999877929688,169.16046142578125,612500
COO,2014-12-04,169.44000244140625,170.22999572753906,167.13999938964844,168.77000427246094,168.402099609375,552700
COO,2014-12-05,163.5,165.0,161.02000427246094,162.0,161.64691162109375,1923200
COO,2014-12-08,160.86000061035156,163.2899932861328,160.7100067138672,162.35000610351562,161.99612426757812,777800
COO,2014-12-09,161.22999572753906,162.41000366210938,158.1199951171875,162.27999877929688,161.92623901367188,991900
COO,2014-12-10,161.67999267578125,162.4600067138672,158.22999572753906,158.4199981689453,158.0746612548828,789100
COO,2014-12-11,159.6699981689453,161.22000122070312,158.57000732421875,159.02000427246094,158.6733856201172,410700
COO,2014-12-12,158.16000366210938,160.32000732421875,157.8800048828125,158.25,157.905029296875,597800
COO,2014-12-15,159.42999267578125,159.42999267578125,155.6199951171875,155.97000122070312,155.6300506591797,645100
COO,2014-12-16,154.5800018310547,156.6999969482422,154.2100067138672,154.9600067138672,154.6222381591797,506300
COO,2014-12-17,155.72000122070312,159.75,154.4600067138672,159.61000061035156,159.26211547851562,517000
COO,2014-12-18,161.8300018310547,162.27999877929688,159.9199981689453,162.27999877929688,161.92623901367188,471600
COO,2014-12-19,162.2899932861328,163.41000366210938,161.07000732421875,162.8699951171875,162.5150146484375,759000
COO,2014-12-22,162.6999969482422,163.89999389648438,162.33999633789062,163.57000732421875,163.2134552001953,308800
COO,2014-12-23,164.41000366210938,164.41000366210938,161.22999572753906,163.1999969482422,162.84425354003906,794800
COO,2014-12-24,163.02000427246094,164.58999633789062,162.1999969482422,164.19000244140625,163.8321075439453,190000
COO,2014-12-26,164.2100067138672,164.41000366210938,163.5500030517578,164.0,163.6425018310547,299600
COO,2014-12-29,163.27000427246094,165.3699951171875,162.41000366210938,164.77000427246094,164.41082763671875,516400
COO,2014-12-30,164.41000366210938,164.9600067138672,163.0399932861328,163.7899932861328,163.43296813964844,348200
COO,2014-12-31,164.27999877929688,165.47999572753906,162.02000427246094,162.08999633789062,161.73663330078125,320000
COO,2015-01-02,162.8800048828125,163.94000244140625,159.94000244140625,160.61000061035156,160.25991821289062,425100
COO,2015-01-05,159.47000122070312,161.2899932861328,158.58999633789062,159.3699951171875,159.0225830078125,545600
COO,2015-01-06,159.82000732421875,160.60000610351562,156.35000610351562,157.1199951171875,156.77748107910156,676800
COO,2015-01-07,158.5399932861328,162.39999389648438,158.27000427246094,162.22000122070312,161.86642456054688,470600
COO,2015-01-08,163.05999755859375,164.92999267578125,162.36000061035156,162.8800048828125,162.5249786376953,534700
COO,2015-01-09,163.3699951171875,164.4499969482422,161.61000061035156,161.86000061035156,161.50718688964844,352600
COO,2015-01-12,162.67999267578125,163.1699981689453,160.44000244140625,161.11000061035156,160.75881958007812,338100
COO,2015-01-13,162.97000122070312,164.49000549316406,160.02000427246094,161.1199951171875,160.76878356933594,331400
COO,2015-01-14,159.63999938964844,161.89999389648438,159.27000427246094,160.64999389648438,160.29981994628906,420800
COO,2015-01-15,160.7899932861328,161.52000427246094,159.41000366210938,159.69000244140625,159.34190368652344,320500
COO,2015-01-16,158.9199981689453,160.36000061035156,158.33999633789062,159.75,159.4017791748047,397000
COO,2015-01-20,159.55999755859375,161.72000122070312,158.6300048828125,160.02000427246094,159.67120361328125,352600
COO,2015-01-21,160.19000244140625,162.82000732421875,159.36000061035156,162.69000244140625,162.3657989501953,365900
COO,2015-01-22,162.97999572753906,164.85000610351562,161.83999633789062,164.10000610351562,163.77301025390625,328300
COO,2015-01-23,163.5500030517578,164.35000610351562,161.57000732421875,161.75,161.42767333984375,334900
COO,2015-01-26,161.27999877929688,162.39999389648438,158.72000122070312,162.2100067138672,161.8867645263672,359200
COO,2015-01-27,160.47999572753906,163.22000122070312,159.72000122070312,162.5800018310547,162.25601196289062,659800
COO,2015-01-28,163.83999633789062,164.6300048828125,159.75999450683594,160.0800018310547,159.76101684570312,485700
COO,2015-01-29,159.52999877929688,160.5500030517578,156.75999450683594,160.10000610351562,159.78097534179688,528500
COO,2015-01-30,159.0500030517578,159.88999938964844,157.1300048828125,157.64999389648438,157.33584594726562,271800
COO,2015-02-02,158.25,158.25,154.8000030517578,157.82000732421875,157.50555419921875,388000
COO,2015-02-03,158.75999450683594,159.4499969482422,156.1199951171875,157.83999633789062,157.52548217773438,338900
COO,2015-02-04,157.17999267578125,161.32000732421875,157.17999267578125,160.0,159.68116760253906,412000
COO,2015-02-05,160.14999389648438,162.91000366210938,160.14999389648438,161.52999877929688,161.2081298828125,235700
COO,2015-02-06,161.8699951171875,162.4199981689453,160.35000610351562,161.27999877929688,160.9586181640625,457800
COO,2015-02-09,160.25,161.24000549316406,158.1199951171875,158.8300018310547,158.51351928710938,375000
COO,2015-02-10,160.16000366210938,162.05999755859375,159.24000549316406,161.89999389648438,161.57733154296875,369400
COO,2015-02-11,162.00999450683594,162.61000061035156,161.2100067138672,161.9600067138672,161.6372833251953,235500
COO,2015-02-12,162.52999877929688,163.82000732421875,161.47000122070312,163.02000427246094,162.6951446533203,173800
COO,2015-02-13,162.72999572753906,165.24000549316406,162.24000549316406,165.1999969482422,164.87081909179688,533700
COO,2015-02-17,165.30999755859375,165.6300048828125,163.11000061035156,163.3000030517578,162.974609375,321500
COO,2015-02-18,163.60000610351562,165.25,162.4499969482422,165.11000061035156,164.78097534179688,425800
COO,2015-02-19,164.7899932861328,166.24000549316406,164.13999938964844,164.35000610351562,164.02252197265625,293900
COO,2015-02-20,164.35000610351562,165.94000244140625,163.63999938964844,165.80999755859375,165.47959899902344,566700
COO,2015-02-23,165.27000427246094,165.75,164.14999389648438,165.02000427246094,164.69117736816406,396800
COO,2015-02-24,165.02000427246094,166.24000549316406,164.02999877929688,164.42999267578125,164.10231018066406,368400
COO,2015-02-25,164.60000610351562,164.86000061035156,162.5399932861328,163.4600067138672,163.13427734375,473500
COO,2015-02-26,163.0800018310547,165.55999755859375,163.02000427246094,165.4499969482422,165.12030029296875,273400
COO,2015-02-27,164.83999633789062,165.38999938964844,163.44000244140625,163.97000122070312,163.6432342529297,348400
COO,2015-03-02,163.97000122070312,166.07000732421875,163.38999938964844,165.72999572753906,165.39971923828125,339100
COO,2015-03-03,164.61000061035156,165.16000366210938,162.52999877929688,164.77000427246094,164.441650390625,543700
COO,2015-03-04,164.5,165.50999450683594,163.5,164.25999450683594,163.9326629638672,373700
COO,2015-03-05,164.8300018310547,166.7899932861328,164.2100067138672,165.25999450683594,164.93067932128906,499300
COO,2015-03-06,174.3300018310547,181.97999572753903,172.55999755859375,180.259994506836,179.90078735351562,1843600
COO,2015-03-09,179.0,183.509994506836,178.2100067138672,183.4499969482422,183.0844573974609,755900
COO,2015-03-10,181.63999938964844,183.1999969482422,180.8999938964844,182.2400054931641,181.87684631347656,740000
COO,2015-03-11,182.97999572753903,185.6999969482422,181.6600036621093,185.42999267578125,185.0604705810547,565600
COO,2015-03-12,186.3999938964844,188.83999633789065,184.7100067138672,185.0500030517578,184.6812438964844,677700
COO,2015-03-13,184.8099975585937,186.1699981689453,184.17999267578125,185.83999633789065,185.4696807861328,345400
COO,2015-03-16,186.0,189.3000030517578,185.0399932861328,188.1499938964844,187.7750701904297,359000
COO,2015-03-17,187.38999938964844,188.3800048828125,184.8000030517578,187.7400054931641,187.3658905029297,536800
COO,2015-03-18,187.75,187.8099975585937,185.25,186.25,185.8788909912109,326200
COO,2015-03-19,186.3600006103516,187.7700042724609,185.7400054931641,187.3600006103516,186.9866485595703,300300
COO,2015-03-20,188.75,189.97999572753903,186.0500030517578,187.44000244140625,187.0664825439453,790700
COO,2015-03-23,187.44000244140625,187.44000244140625,183.6499938964844,184.19000244140625,183.8229522705078,509800
COO,2015-03-24,183.33999633789065,185.2700042724609,182.47000122070312,183.8699951171875,183.50360107421875,464300
COO,2015-03-25,184.0500030517578,187.0200042724609,184.0500030517578,184.4100036621093,184.04254150390625,431200
COO,2015-03-26,183.47999572753903,186.0399932861328,182.1499938964844,185.08999633789065,184.7211456298828,303600
COO,2015-03-27,185.6100006103516,186.8099975585937,184.3000030517578,186.1699981689453,185.79901123046875,262500
COO,2015-03-30,186.8600006103516,190.0,186.2700042724609,189.08999633789065,188.7131805419922,325900
COO,2015-03-31,189.0,189.22999572753903,187.259994506836,187.4199981689453,187.0465240478516,463000
COO,2015-04-01,186.9100036621093,188.3699951171875,184.8500061035156,186.58999633789065,186.2181701660156,422200
COO,2015-04-02,186.8800048828125,189.67999267578125,186.47000122070312,187.6999969482422,187.32595825195312,510900
COO,2015-04-06,187.259994506836,189.47000122070312,186.9100036621093,188.3800048828125,188.004623413086,654800
COO,2015-04-07,189.1699981689453,189.9100036621093,184.97999572753903,185.0500030517578,184.6812438964844,337000
COO,2015-04-08,185.0,187.2700042724609,184.1699981689453,186.509994506836,186.1383514404297,285500
COO,2015-04-09,185.6699981689453,188.1100006103516,185.07000732421875,186.9199981689453,186.54751586914065,171400
COO,2015-04-10,187.5800018310547,188.6100006103516,186.57000732421875,187.25,186.8768615722656,212400
COO,2015-04-13,186.9600067138672,188.1199951171875,186.02999877929688,186.4100036621093,186.0385284423828,171700
COO,2015-04-14,186.7100067138672,186.7899932861328,182.759994506836,183.0599975585937,182.6952362060547,359500
COO,2015-04-15,183.5800018310547,184.6300048828125,182.5200042724609,182.6699981689453,182.3059844970703,209400
COO,2015-04-16,182.7899932861328,182.7899932861328,179.77999877929688,179.92999267578125,179.57147216796875,328100
COO,2015-04-17,178.63999938964844,180.69000244140625,178.02000427246094,180.32000732421875,179.96067810058594,431400
COO,2015-04-20,181.1999969482422,182.7400054931641,181.0,181.0399932861328,180.67922973632807,219400
COO,2015-04-21,181.3300018310547,182.5200042724609,180.5399932861328,181.75,181.3877868652344,256400
COO,2015-04-22,181.27999877929688,182.97999572753903,180.4499969482422,182.92999267578125,182.5655059814453,274800
COO,2015-04-23,182.9600067138672,184.2400054931641,182.4600067138672,182.9900054931641,182.62535095214844,352000
COO,2015-04-24,182.7400054931641,183.88999938964844,181.42999267578125,181.75,181.3877868652344,287100
COO,2015-04-27,182.82000732421875,183.1999969482422,178.4600067138672,180.6699981689453,180.3099670410156,410200
COO,2015-04-28,180.0,182.5800018310547,176.99000549316406,182.1000061035156,181.7371368408203,338700
COO,2015-04-29,182.009994506836,183.1300048828125,180.2100067138672,180.8800048828125,180.5195770263672,358500
COO,2015-04-30,179.72000122070312,181.72000122070312,177.1699981689453,178.07000732421875,177.71517944335938,287300
COO,2015-05-01,178.19000244140625,180.8600006103516,177.64999389648438,178.0,177.64529418945312,305900
COO,2015-05-04,178.52999877929688,182.6499938964844,177.89999389648438,179.0800018310547,178.72317504882812,343000
COO,2015-05-05,178.67999267578125,179.41000366210938,175.47999572753906,177.44000244140625,177.08641052246094,350000
COO,2015-05-06,177.1999969482422,178.85000610351562,175.85000610351562,177.82000732421875,177.46566772460938,425400
COO,2015-05-07,177.8300018310547,179.4199981689453,176.63999938964844,177.4499969482422,177.0963897705078,248300
COO,2015-05-08,178.8699951171875,181.47000122070312,178.8699951171875,180.8500061035156,180.48963928222656,267900
COO,2015-05-11,180.13999938964844,181.7100067138672,178.52999877929688,179.3300018310547,178.97264099121094,239300
COO,2015-05-12,178.32000732421875,178.92999267578125,177.0500030517578,178.52999877929688,178.1742401123047,156500
COO,2015-05-13,178.27999877929688,179.6300048828125,177.75999450683594,178.38999938964844,178.03453063964844,192600
COO,2015-05-14,179.16000366210938,181.0200042724609,178.0,180.77999877929688,180.41973876953125,217800
COO,2015-05-15,181.3800048828125,181.77999877929688,179.58999633789062,180.97999572753903,180.619369506836,176000
COO,2015-05-18,180.75,182.77999877929688,180.02000427246094,182.33999633789065,181.9766387939453,372800
COO,2015-05-19,182.3300018310547,183.52999877929688,181.2400054931641,183.0599975585937,182.6952362060547,291800
COO,2015-05-20,182.7899932861328,183.9600067138672,181.6999969482422,182.77999877929688,182.415771484375,204100
COO,2015-05-21,182.38999938964844,182.5,179.5399932861328,179.8000030517578,179.44171142578125,339400
COO,2015-05-22,179.72000122070312,182.1999969482422,178.8800048828125,180.75,180.3898162841797,233900
COO,2015-05-26,179.66000366210938,180.67999267578125,178.25,179.1699981689453,178.81297302246094,266400
COO,2015-05-27,179.4600067138672,180.69000244140625,178.39999389648438,179.17999267578125,178.82293701171875,344700
COO,2015-05-28,178.80999755859375,181.9100036621093,178.7100067138672,180.77999877929688,180.41973876953125,225900
COO,2015-05-29,180.4100036621093,182.3500061035156,179.4499969482422,181.7700042724609,181.40777587890625,430000
COO,2015-06-01,182.0399932861328,183.8999938964844,180.72000122070312,182.97000122070312,182.6053924560547,405900
COO,2015-06-02,182.1199951171875,183.25,180.9199981689453,182.27999877929688,181.9167633056641,478100
COO,2015-06-03,182.6199951171875,186.3699951171875,181.75,184.83999633789065,184.4716644287109,446200
COO,2015-06-04,183.009994506836,184.47999572753903,179.74000549316406,180.13999938964844,179.78103637695312,578400
COO,2015-06-05,174.88999938964844,176.69000244140625,170.5,175.3699951171875,175.0205535888672,1268100
COO,2015-06-08,175.07000732421875,176.0399932861328,173.2100067138672,173.42999267578125,173.08438110351562,358000
COO,2015-06-09,173.6999969482422,173.99000549316406,170.77999877929688,171.42999267578125,171.08839416503906,494300
COO,2015-06-10,172.1999969482422,173.77999877929688,171.42999267578125,173.24000549316406,172.89479064941406,358100
COO,2015-06-11,173.67999267578125,177.1699981689453,173.67999267578125,176.7899932861328,176.43771362304688,513800
COO,2015-06-12,176.0,178.0500030517578,175.69000244140625,177.47000122070312,177.11634826660156,363400
COO,2015-06-15,176.2899932861328,176.82000732421875,175.27000427246094,176.2899932861328,175.9386749267578,253000
COO,2015-06-16,176.36000061035156,177.38999938964844,175.5399932861328,176.38999938964844,176.03854370117188,213600
COO,2015-06-17,176.9499969482422,178.38999938964844,176.02000427246094,177.77999877929688,177.42572021484375,249200
COO,2015-06-18,177.72000122070312,179.3800048828125,177.32000732421875,177.8300018310547,177.4756317138672,232800
COO,2015-06-19,178.6699981689453,181.72999572753903,177.72000122070312,180.0,179.64129638671875,1357700
COO,2015-06-22,180.4199981689453,181.009994506836,176.72000122070312,177.33999633789062,176.98660278320312,282400
COO,2015-06-23,177.74000549316406,178.82000732421875,175.94000244140625,177.22000122070312,176.8668670654297,257200
COO,2015-06-24,176.75,177.92999267578125,174.35000610351562,174.4499969482422,174.1023712158203,198600
COO,2015-06-25,174.55999755859375,176.67999267578125,174.55999755859375,175.6999969482422,175.34986877441406,256300
COO,2015-06-26,176.14999389648438,178.94000244140625,175.22000122070312,178.8800048828125,178.52354431152344,464000
COO,2015-06-29,176.88999938964844,179.5,176.1699981689453,176.75,176.39779663085938,528500
COO,2015-06-30,178.27999877929688,179.07000732421875,177.02999877929688,177.97000122070312,177.61532592773438,546000
COO,2015-07-01,178.72000122070312,179.72999572753906,175.75999450683594,176.16000366210938,175.8089599609375,437200
COO,2015-07-02,176.66000366210938,177.32000732421875,175.55999755859375,176.58999633789062,176.23812866210938,266700
COO,2015-07-06,175.5399932861328,177.63999938964844,174.61000061035156,176.47999572753906,176.12832641601562,620800
COO,2015-07-07,176.74000549316406,177.63999938964844,174.94000244140625,177.52999877929688,177.17623901367188,543000
COO,2015-07-08,176.82000732421875,177.75,173.39999389648438,173.89999389648438,173.553466796875,349100
COO,2015-07-09,175.6199951171875,175.99000549316406,174.0399932861328,174.67999267578125,174.33187866210938,340700
COO,2015-07-10,176.66000366210938,177.97999572753906,175.88999938964844,176.1199951171875,175.76902770996094,265200
COO,2015-07-13,177.0,178.57000732421875,176.4600067138672,178.1999969482422,177.8448944091797,245000
COO,2015-07-14,178.30999755859375,179.86000061035156,178.25999450683594,179.67999267578125,179.3219451904297,203700
COO,2015-07-15,179.17999267578125,179.97000122070312,175.22999572753906,175.3000030517578,174.95068359375,332600
COO,2015-07-16,176.27999877929688,177.35000610351562,175.05999755859375,176.6699981689453,176.31797790527344,247700
COO,2015-07-17,176.6300048828125,176.74000549316406,173.5,174.07000732421875,173.72312927246094,331600
COO,2015-07-20,174.47999572753906,176.63999938964844,173.77999877929688,176.42999267578125,176.0784149169922,266800
COO,2015-07-21,176.64999389648438,176.9499969482422,172.11000061035156,173.64999389648438,173.30398559570312,478200
COO,2015-07-22,173.49000549316406,174.75,171.14999389648438,172.5,172.18600463867188,722800
COO,2015-07-23,172.7100067138672,175.2100067138672,172.7100067138672,173.7100067138672,173.39378356933594,421000
COO,2015-07-24,173.13999938964844,175.75,172.33999633789062,173.38999938964844,173.0743865966797,308300
COO,2015-07-27,172.8000030517578,173.49000549316406,171.1699981689453,171.86000061035156,171.54718017578125,302600
COO,2015-07-28,172.63999938964844,175.27000427246094,171.36000061035156,175.1999969482422,174.88108825683594,252800
COO,2015-07-29,175.58999633789062,176.89999389648438,174.41000366210938,176.4199981689453,176.098876953125,285200
COO,2015-07-30,176.6300048828125,177.22000122070312,174.4499969482422,176.5,176.17869567871094,186800
COO,2015-07-31,177.00999450683594,179.00999450683594,175.75999450683594,177.0,176.67782592773438,278800
COO,2015-08-03,177.3300018310547,178.49000549316406,175.97000122070312,177.14999389648438,176.82754516601562,258300
COO,2015-08-04,177.0,178.42999267578125,174.91000366210938,175.97000122070312,175.64968872070312,211600
COO,2015-08-05,177.08999633789062,179.75,176.3800048828125,178.52999877929688,178.2050323486328,247500
COO,2015-08-06,178.35000610351562,179.50999450683594,171.97999572753906,175.10000610351562,174.78128051757812,270400
COO,2015-08-07,174.8800048828125,175.50999450683594,172.14999389648438,173.8800048828125,173.56346130371094,159400
COO,2015-08-10,174.74000549316406,176.9600067138672,173.86000061035156,175.60000610351562,175.2803955078125,179200
COO,2015-08-11,174.3800048828125,176.02999877929688,172.4499969482422,173.38999938964844,173.0743865966797,231900
COO,2015-08-12,172.82000732421875,174.52000427246094,171.00999450683594,173.77999877929688,173.4636688232422,278200
COO,2015-08-13,173.83999633789062,174.9199981689453,172.63999938964844,173.8699951171875,173.55349731445312,298900
COO,2015-08-14,173.41000366210938,173.97999572753906,171.6199951171875,173.2899932861328,172.9745635986328,370100
COO,2015-08-17,172.38999938964844,174.55999755859375,170.6699981689453,174.0,173.6833038330078,402500
COO,2015-08-18,173.83999633789062,175.9600067138672,173.10000610351562,175.02000427246094,174.70143127441406,375500
COO,2015-08-19,173.85000610351562,173.85000610351562,170.42999267578125,170.89999389648438,170.5889129638672,411200
COO,2015-08-20,169.5500030517578,170.57000732421875,166.2899932861328,166.47000122070312,166.16696166992188,563400
COO,2015-08-21,164.9199981689453,165.83999633789062,161.50999450683594,162.4199981689453,162.1243438720703,526400
COO,2015-08-24,153.72999572753906,161.10000610351562,149.72000122070312,157.5,157.21331787109375,400600
COO,2015-08-25,160.80999755859375,162.5,156.75,156.97999572753906,156.69424438476562,434900
COO,2015-08-26,159.77999877929688,162.91000366210938,157.89999389648438,161.27000427246094,160.97645568847656,591200
COO,2015-08-27,163.6699981689453,165.58999633789062,162.27999877929688,164.1999969482422,163.901123046875,455700
COO,2015-08-28,163.7899932861328,165.17999267578125,162.74000549316406,164.74000549316406,164.44012451171875,406000
COO,2015-08-31,164.1999969482422,165.69000244140625,161.92999267578125,162.4199981689453,162.1243438720703,309600
COO,2015-09-01,159.6699981689453,161.0,158.72000122070312,159.41000366210938,159.11984252929688,678500
COO,2015-09-02,160.75999450683594,162.8000030517578,160.17999267578125,162.39999389648438,162.10440063476562,878100
COO,2015-09-03,163.24000549316406,164.5399932861328,160.94000244140625,161.30999755859375,161.016357421875,919500
COO,2015-09-04,142.11000061035156,155.57000732421875,142.11000061035156,150.8699951171875,150.59535217285156,1309000
COO,2015-09-08,152.80999755859375,153.07000732421875,147.5399932861328,148.9199981689453,148.64889526367188,1213800
COO,2015-09-09,149.69000244140625,151.60000610351562,148.47000122070312,148.7899932861328,148.51914978027344,707800
COO,2015-09-10,149.02999877929688,149.99000549316406,148.25,148.57000732421875,148.29957580566406,306300
COO,2015-09-11,148.27999877929688,151.02000427246094,147.14999389648438,149.66000366210938,149.38760375976562,516500
COO,2015-09-14,149.61000061035156,150.3800048828125,147.50999450683594,147.8000030517578,147.53094482421875,459300
COO,2015-09-15,148.41000366210938,148.97000122070312,147.3800048828125,148.58999633789062,148.3195037841797,279900
COO,2015-09-16,148.6699981689453,150.0500030517578,147.27999877929688,149.92999267578125,149.65707397460938,300300
COO,2015-09-17,150.0,151.97999572753906,149.27999877929688,150.5399932861328,150.26596069335938,401500
COO,2015-09-18,149.4499969482422,153.5500030517578,149.13999938964844,152.97999572753906,152.70150756835938,1339500
COO,2015-09-21,153.9600067138672,158.1699981689453,153.27999877929688,154.86000061035156,154.57810974121094,731800
COO,2015-09-22,153.0500030517578,154.85000610351562,151.4499969482422,154.44000244140625,154.15887451171875,668200
COO,2015-09-23,154.13999938964844,157.14999389648438,153.52000427246094,155.02000427246094,154.73779296875,490300
COO,2015-09-24,154.49000549316406,154.52000427246094,153.07000732421875,153.89999389648438,153.61985778808594,626100
COO,2015-09-25,154.13999938964844,154.99000549316406,148.8000030517578,149.86000061035156,149.5872344970703,702400
COO,2015-09-28,148.5,149.5500030517578,142.22000122070312,144.75999450683594,144.49652099609375,689500
COO,2015-09-29,144.5800018310547,146.8699951171875,143.17999267578125,145.2899932861328,145.0255126953125,663800
COO,2015-09-30,147.1199951171875,149.8000030517578,145.22999572753906,148.86000061035156,148.5890655517578,865700
COO,2015-10-01,148.57000732421875,149.7100067138672,143.47000122070312,146.67999267578125,146.41299438476562,594900
COO,2015-10-02,144.82000732421875,148.8800048828125,143.52000427246094,148.8699951171875,148.59902954101562,456200
COO,2015-10-05,150.1699981689453,150.9499969482422,147.38999938964844,148.17999267578125,147.91026306152344,826600
COO,2015-10-06,147.7100067138672,148.64999389648438,144.5399932861328,144.7100067138672,144.4465789794922,343400
COO,2015-10-07,145.0,145.5399932861328,142.24000549316406,142.67999267578125,142.4202423095703,822700
COO,2015-10-08,142.5500030517578,143.47999572753906,141.25,141.99000549316406,141.7315673828125,826800
COO,2015-10-09,141.11000061035156,141.11000061035156,137.0500030517578,137.6199951171875,137.36947631835938,1240800
COO,2015-10-12,137.05999755859375,139.74000549316406,136.75,139.19000244140625,138.93663024902344,771200
COO,2015-10-13,138.89999389648438,140.58999633789062,138.22000122070312,139.44000244140625,139.18618774414062,572200
COO,2015-10-14,139.91000366210938,141.2100067138672,139.50999450683594,140.19000244140625,139.93482971191406,533400
COO,2015-10-15,140.3300018310547,145.36000061035156,139.6699981689453,145.22999572753906,144.9656524658203,825900
COO,2015-10-16,145.77000427246094,147.22999572753906,143.6699981689453,144.33999633789062,144.07723999023438,1186900
COO,2015-10-19,144.08999633789062,144.8800048828125,142.5800018310547,143.7100067138672,143.44842529296875,587800
COO,2015-10-20,143.75999450683594,145.2100067138672,142.88999938964844,144.9600067138672,144.69615173339844,486700
COO,2015-10-21,145.89999389648438,147.0800018310547,143.67999267578125,146.1199951171875,145.8540496826172,601700
COO,2015-10-22,146.69000244140625,146.69000244140625,142.36000061035156,143.47000122070312,143.20883178710938,558200
COO,2015-10-23,143.52000427246094,146.94000244140625,143.0,146.30999755859375,146.04368591308594,469300
COO,2015-10-26,146.3800048828125,147.10000610351562,145.0800018310547,146.5399932861328,146.2732391357422,321900
COO,2015-10-27,146.27999877929688,146.6199951171875,143.52999877929688,146.5,146.2333526611328,576500
COO,2015-10-28,146.4199981689453,149.11000061035156,145.60000610351562,149.0,148.72877502441406,346200
COO,2015-10-29,148.83999633789062,150.44000244140625,148.10000610351562,150.3800048828125,150.1062469482422,386800
COO,2015-10-30,150.22000122070312,152.60000610351562,150.16000366210938,152.36000061035156,152.08267211914062,505900
COO,2015-11-02,152.6699981689453,155.17999267578125,151.02000427246094,154.77000427246094,154.4882354736328,598300
COO,2015-11-03,154.6999969482422,154.72999572753906,151.66000366210938,152.13999938964844,151.86305236816406,321200
COO,2015-11-04,152.3699951171875,153.8800048828125,151.1699981689453,153.47999572753906,153.20059204101562,352900
COO,2015-11-05,152.64999389648438,154.32000732421875,150.97000122070312,153.50999450683594,153.23056030273438,264500
COO,2015-11-06,153.5,154.41000366210938,152.58999633789062,153.30999755859375,153.0309295654297,338500
COO,2015-11-09,152.94000244140625,153.69000244140625,149.63999938964844,152.02000427246094,151.74330139160156,308300
COO,2015-11-10,151.82000732421875,153.02000427246094,150.8800048828125,151.9499969482422,151.67340087890625,323800
COO,2015-11-11,152.2899932861328,152.2899932861328,148.64999389648438,148.6999969482422,148.42930603027344,355000
COO,2015-11-12,148.57000732421875,149.0500030517578,146.39999389648438,146.82000732421875,146.55276489257812,287500
COO,2015-11-13,146.75999450683594,148.0399932861328,145.8000030517578,147.4600067138672,147.1916046142578,198400
COO,2015-11-16,147.5,150.1300048828125,147.25999450683594,150.1199951171875,149.8467254638672,275500
COO,2015-11-17,148.9199981689453,148.9199981689453,143.60000610351562,144.52000427246094,144.25692749023438,1009700
COO,2015-11-18,144.6699981689453,146.19000244140625,143.52000427246094,145.6999969482422,145.43479919433594,668700
COO,2015-11-19,145.55999755859375,146.05999755859375,144.05999755859375,144.44000244140625,144.1770782470703,477700
COO,2015-11-20,144.99000549316406,145.27000427246094,143.94000244140625,144.27000427246094,144.00741577148438,508700
COO,2015-11-23,144.6699981689453,145.8000030517578,142.9199981689453,143.16000366210938,142.89942932128906,523200
COO,2015-11-24,142.1999969482422,145.13999938964844,141.83999633789062,144.35000610351562,144.08724975585938,584800
COO,2015-11-25,144.63999938964844,146.16000366210938,143.91000366210938,145.30999755859375,145.04551696777344,240400
COO,2015-11-27,145.13999938964844,148.0,144.83999633789062,146.9600067138672,146.6925048828125,214300
COO,2015-11-30,147.14999389648438,147.8699951171875,145.33999633789062,146.25,145.98379516601562,550000
COO,2015-12-01,146.33999633789062,148.1699981689453,146.32000732421875,147.99000549316406,147.72061157226562,469400
COO,2015-12-02,148.10000610351562,149.7100067138672,147.27999877929688,149.3800048828125,149.10809326171875,579600
COO,2015-12-03,149.77999877929688,150.47999572753906,141.24000549316406,142.0500030517578,141.79141235351562,805700
COO,2015-12-04,126.2300033569336,131.36000061035156,121.01000213623048,130.33999633789062,130.1027374267578,4960300
COO,2015-12-07,129.77999877929688,133.67999267578125,129.77999877929688,132.3300018310547,132.089111328125,1453100
COO,2015-12-08,131.60000610351562,136.1999969482422,131.0,134.8800048828125,134.6344757080078,887300
COO,2015-12-09,133.80999755859375,134.89999389648438,130.6300048828125,131.60000610351562,131.36045837402344,674200
COO,2015-12-10,131.66000366210938,136.13999938964844,131.49000549316406,134.94000244140625,134.6943817138672,791600
COO,2015-12-11,134.22999572753906,135.52000427246094,133.9499969482422,135.1999969482422,134.95387268066406,632100
COO,2015-12-14,135.0,135.25,132.5800018310547,134.82000732421875,134.57460021972656,628400
COO,2015-12-15,136.0500030517578,137.25,135.77999877929688,136.50999450683594,136.26153564453125,740900
COO,2015-12-16,136.8800048828125,138.5399932861328,136.5,138.25999450683594,138.00833129882812,458400
COO,2015-12-17,137.74000549316406,138.1999969482422,135.91000366210938,136.44000244140625,136.191650390625,768900
COO,2015-12-18,136.0,136.75,134.22999572753906,135.69000244140625,135.4430389404297,1007300
COO,2015-12-21,135.83999633789062,137.05999755859375,132.99000549316406,133.6999969482422,133.4566192626953,733100
COO,2015-12-22,134.3699951171875,135.10000610351562,132.63999938964844,134.35000610351562,134.10546875,294400
COO,2015-12-23,135.13999938964844,136.9499969482422,134.22000122070312,136.25,136.00198364257812,288700
COO,2015-12-24,135.6300048828125,137.16000366210938,135.08999633789062,136.33999633789062,136.09176635742188,122900
COO,2015-12-28,135.64999389648438,136.88999938964844,135.41000366210938,136.07000732421875,135.82232666015625,220800
COO,2015-12-29,136.52000427246094,137.44000244140625,135.74000549316406,136.36000061035156,136.1117706298828,210500
COO,2015-12-30,136.52000427246094,137.22000122070312,135.42999267578125,135.47999572753906,135.2333984375,205200
COO,2015-12-31,135.0800018310547,135.86000061035156,134.11000061035156,134.1999969482422,133.95571899414062,403700
COO,2016-01-04,132.4600067138672,132.4600067138672,130.94000244140625,131.86000061035156,131.6199493408203,412000
COO,2016-01-05,131.86000061035156,133.3000030517578,130.75,131.5800018310547,131.34046936035156,390100
COO,2016-01-06,129.9499969482422,132.3699951171875,129.3000030517578,131.58999633789062,131.35044860839844,624300
COO,2016-01-07,129.88999938964844,130.75999450683594,127.8499984741211,127.95999908447266,127.72708129882812,378900
COO,2016-01-08,128.63999938964844,129.97999572753906,128.41000366210938,128.7100067138672,128.47573852539062,444500
COO,2016-01-11,129.1199951171875,129.47999572753906,126.43000030517578,127.66000366210938,127.42762756347656,414400
COO,2016-01-12,128.47999572753906,129.97000122070312,126.31999969482422,127.5999984741211,127.36775207519533,385500
COO,2016-01-13,128.02999877929688,128.6999969482422,125.29000091552734,125.4499969482422,125.2216339111328,415700
COO,2016-01-14,125.55999755859376,126.08999633789062,123.19000244140624,124.04000091552734,123.81422424316406,555000
COO,2016-01-15,121.58000183105467,123.44000244140624,119.7699966430664,121.86000061035156,121.63818359375,930000
COO,2016-01-19,123.0,123.5,119.66999816894533,121.01000213623048,120.78974151611328,558900
COO,2016-01-20,119.5999984741211,124.7300033569336,119.27999877929688,124.13999938964844,123.94474029541016,540300
COO,2016-01-21,124.33000183105467,125.63999938964844,122.4499969482422,123.8499984741211,123.6552276611328,520900
COO,2016-01-22,125.06999969482422,128.2100067138672,124.88999938964844,127.8499984741211,127.64891815185548,490600
COO,2016-01-25,127.22000122070312,127.66999816894533,125.4499969482422,125.51000213623048,125.31259155273438,572100
COO,2016-01-26,126.12999725341795,129.75,124.5,128.91000366210938,128.70724487304688,479900
COO,2016-01-27,128.32000732421875,129.1300048828125,124.88999938964844,128.60000610351562,128.3977508544922,431400
COO,2016-01-28,129.4199981689453,130.97000122070312,125.4499969482422,126.83000183105467,126.63053131103516,564500
COO,2016-01-29,127.18000030517578,131.3300018310547,127.18000030517578,131.14999389648438,130.94371032714844,713600
COO,2016-02-01,129.0,132.61000061035156,127.97000122070312,132.0500030517578,131.8423309326172,591500
COO,2016-02-02,131.07000732421875,134.39999389648438,130.35000610351562,131.99000549316406,131.78240966796875,589900
COO,2016-02-03,132.99000549316406,134.39999389648438,131.02000427246094,133.47000122070312,133.26007080078125,559200
COO,2016-02-04,132.85000610351562,133.97999572753906,131.2899932861328,131.8699951171875,131.66259765625,295600
COO,2016-02-05,131.1699981689453,131.1699981689453,127.0,127.11000061035156,126.91009521484376,391200
COO,2016-02-08,126.0500030517578,127.51000213623048,123.8000030517578,125.41999816894533,125.22273254394533,441700
COO,2016-02-09,124.44000244140624,129.02999877929688,124.4000015258789,128.0,127.7986831665039,463200
COO,2016-02-10,128.72999572753906,133.36000061035156,128.25,132.2899932861328,132.0819091796875,519200
COO,2016-02-11,130.52999877929688,135.27000427246094,130.5,134.27000427246094,134.058837890625,833200
COO,2016-02-12,134.6199951171875,134.97999572753906,133.25,133.5800018310547,133.36990356445312,513900
COO,2016-02-16,135.0,137.94000244140625,135.0,137.88999938964844,137.6731414794922,586600
COO,2016-02-17,138.89999389648438,139.72000122070312,138.02999877929688,139.3300018310547,139.11085510253906,429700
COO,2016-02-18,139.32000732421875,141.66000366210938,138.1699981689453,139.55999755859375,139.34048461914062,398500
COO,2016-02-19,139.27999877929688,140.8699951171875,138.27000427246094,140.83999633789062,140.6185302734375,330800
COO,2016-02-22,141.8300018310547,142.9499969482422,141.02999877929688,142.50999450683594,142.28587341308594,241900
COO,2016-02-23,141.5800018310547,141.7899932861328,139.14999389648438,141.05999755859375,140.83815002441406,535000
COO,2016-02-24,140.35000610351562,142.49000549316406,139.35000610351562,141.44000244140625,141.21755981445312,407300
COO,2016-02-25,142.19000244140625,144.97999572753906,141.3800048828125,144.9600067138672,144.73204040527344,447900
COO,2016-02-26,145.4600067138672,145.5,143.61000061035156,144.80999755859375,144.5822296142578,487300
COO,2016-02-29,144.47999572753906,145.41000366210938,142.83999633789062,142.9600067138672,142.7351837158203,450500
COO,2016-03-01,143.9600067138672,145.6699981689453,142.32000732421875,145.4600067138672,145.23123168945312,525000
COO,2016-03-02,144.94000244140625,145.44000244140625,141.50999450683594,143.41000366210938,143.18446350097656,519200
COO,2016-03-03,143.19000244140625,145.00999450683594,141.85000610351562,145.00999450683594,144.78195190429688,834700
COO,2016-03-04,151.0,156.30999755859375,149.6699981689453,152.63999938964844,152.39990234375,1834800
COO,2016-03-07,152.55999755859375,153.5399932861328,150.4499969482422,152.14999389648438,151.91070556640625,607500
COO,2016-03-08,151.3300018310547,151.7899932861328,148.72000122070312,148.9199981689453,148.68577575683594,444300
COO,2016-03-09,149.17999267578125,149.24000549316406,144.1699981689453,147.92999267578125,147.6973114013672,616300
COO,2016-03-10,147.99000549316406,149.44000244140625,146.97000122070312,149.02000427246094,148.78565979003906,387400
COO,2016-03-11,148.13999938964844,150.92999267578125,147.8800048828125,150.47000122070312,150.2333526611328,309800
COO,2016-03-14,149.67999267578125,150.69000244140625,148.3800048828125,148.8699951171875,148.6358642578125,297300
COO,2016-03-15,147.9600067138672,148.99000549316406,145.67999267578125,145.9600067138672,145.73043823242188,404600
COO,2016-03-16,145.9499969482422,148.05999755859375,145.16000366210938,145.88999938964844,145.66055297851562,469200
COO,2016-03-17,145.75,146.38999938964844,142.99000549316406,144.50999450683594,144.28274536132812,486800
COO,2016-03-18,145.1999969482422,151.67999267578125,141.6699981689453,150.0,149.7640838623047,656200
COO,2016-03-21,149.3300018310547,151.69000244140625,148.97000122070312,150.55999755859375,150.32318115234375,392700
COO,2016-03-22,149.8300018310547,150.61000061035156,149.08999633789062,149.86000061035156,149.6243133544922,323600
COO,2016-03-23,149.8300018310547,149.8300018310547,148.02999877929688,148.61000061035156,148.3762664794922,202600
COO,2016-03-24,147.69000244140625,148.91000366210938,146.88999938964844,148.8000030517578,148.56600952148438,267100
COO,2016-03-28,149.0,150.02999877929688,147.77000427246094,149.44000244140625,149.20498657226562,182700
COO,2016-03-29,148.7899932861328,155.63999938964844,148.75999450683594,154.64999389648438,154.40676879882812,528300
COO,2016-03-30,155.10000610351562,156.30999755859375,154.3000030517578,156.0500030517578,155.8045654296875,499900
COO,2016-03-31,155.6999969482422,156.25,153.7899932861328,153.97000122070312,153.72787475585938,511800
COO,2016-04-01,153.57000732421875,158.64999389648438,152.5,157.60000610351562,157.35215759277344,606600
COO,2016-04-04,158.72999572753906,159.1199951171875,156.0800018310547,156.6699981689453,156.42361450195312,357100
COO,2016-04-05,155.4600067138672,157.0800018310547,154.00999450683594,155.4199981689453,155.17555236816406,305400
COO,2016-04-06,155.6300048828125,159.60000610351562,155.6300048828125,159.50999450683594,159.25912475585938,316500
COO,2016-04-07,158.6999969482422,159.22000122070312,154.92999267578125,156.25999450683594,156.01422119140625,434300
COO,2016-04-08,157.11000061035156,157.33999633789062,154.64999389648438,155.2100067138672,154.9658966064453,235700
COO,2016-04-11,155.39999389648438,155.88999938964844,153.5500030517578,154.9499969482422,154.706298828125,281700
COO,2016-04-12,155.17999267578125,156.02000427246094,154.42999267578125,155.4499969482422,155.20550537109375,207600
COO,2016-04-13,156.19000244140625,156.60000610351562,153.69000244140625,154.8000030517578,154.55654907226562,391200
COO,2016-04-14,154.50999450683594,155.25999450683594,153.75999450683594,153.77000427246094,153.52818298339844,261800
COO,2016-04-15,155.0,156.6999969482422,154.67999267578125,156.22999572753906,155.98428344726562,476000
COO,2016-04-18,155.2100067138672,157.8000030517578,154.91000366210938,157.19000244140625,156.94276428222656,230500
COO,2016-04-19,157.49000549316406,158.2100067138672,156.57000732421875,157.4499969482422,157.20237731933594,380300
COO,2016-04-20,157.72999572753906,159.58999633789062,156.6699981689453,158.74000549316406,158.4903564453125,201500
COO,2016-04-21,158.57000732421875,161.1699981689453,158.17999267578125,158.6300048828125,158.38052368164062,310800
COO,2016-04-22,158.32000732421875,159.69000244140625,156.4600067138672,157.86000061035156,157.61170959472656,285900
COO,2016-04-25,157.97999572753906,158.6699981689453,156.57000732421875,157.36000061035156,157.1125030517578,277100
COO,2016-04-26,157.61000061035156,159.27000427246094,156.9199981689453,159.0800018310547,158.82981872558594,242900
COO,2016-04-27,159.36000061035156,159.4600067138672,156.6199951171875,158.0399932861328,157.79141235351562,294600
COO,2016-04-28,156.6699981689453,158.30999755859375,155.47000122070312,155.8000030517578,155.554931640625,254200
COO,2016-04-29,154.97000122070312,156.1999969482422,152.7100067138672,153.0800018310547,152.8392333984375,389700
COO,2016-05-02,152.77000427246094,155.02000427246094,152.6199951171875,154.61000061035156,154.36683654785156,361200
COO,2016-05-03,154.02999877929688,155.02000427246094,153.10000610351562,154.30999755859375,154.06732177734375,249800
COO,2016-05-04,153.49000549316406,154.0,152.4499969482422,153.25999450683594,153.01893615722656,241800
COO,2016-05-05,153.41000366210938,154.4600067138672,152.82000732421875,153.69000244140625,153.44830322265625,215000
COO,2016-05-06,152.3800048828125,154.14999389648438,152.08999633789062,153.30999755859375,153.0688934326172,227800
COO,2016-05-09,153.2899932861328,156.60000610351562,152.5800018310547,155.1300048828125,154.88601684570312,282900
COO,2016-05-10,155.1199951171875,156.7899932861328,154.1199951171875,156.05999755859375,155.8145294189453,259400
COO,2016-05-11,156.1300048828125,157.52999877929688,155.0,155.02000427246094,154.7761688232422,227400
COO,2016-05-12,155.75999450683594,157.83999633789062,153.8300018310547,155.41000366210938,155.1655731201172,507700
COO,2016-05-13,155.69000244140625,157.89999389648438,155.2899932861328,155.97000122070312,155.7246856689453,240500
COO,2016-05-16,158.36000061035156,161.72999572753906,157.2100067138672,160.3300018310547,160.0778045654297,459100
COO,2016-05-17,160.02999877929688,161.1699981689453,157.50999450683594,158.1999969482422,157.95118713378906,431600
COO,2016-05-18,158.0,160.4199981689453,156.60000610351562,158.27999877929688,158.0310516357422,367200
COO,2016-05-19,157.49000549316406,159.75999450683594,156.85000610351562,159.2899932861328,159.03944396972656,296400
COO,2016-05-20,159.4499969482422,161.0399932861328,156.6999969482422,160.35000610351562,160.09780883789062,300500
COO,2016-05-23,160.85000610351562,161.99000549316406,159.97999572753906,161.10000610351562,160.8466339111328,287200
COO,2016-05-24,161.83999633789062,163.35000610351562,160.8800048828125,163.00999450683594,162.7536163330078,341000
COO,2016-05-25,163.92999267578125,164.8300018310547,162.4600067138672,164.6199951171875,164.36109924316406,399800
COO,2016-05-26,164.7100067138672,164.7100067138672,161.13999938964844,161.92999267578125,161.67530822753906,474700
COO,2016-05-27,162.0,163.13999938964844,161.11000061035156,162.5,162.24441528320312,599600
COO,2016-05-31,163.33999633789062,164.13999938964844,162.3300018310547,162.80999755859375,162.553955078125,661600
COO,2016-06-01,162.91000366210938,166.07000732421875,161.6199951171875,165.6300048828125,165.3695068359375,605600
COO,2016-06-02,166.0,167.4199981689453,164.41000366210938,167.4199981689453,167.15667724609375,798600
COO,2016-06-03,171.0500030517578,173.5,164.00999450683594,165.39999389648438,165.13986206054688,1376300
COO,2016-06-06,165.39999389648438,166.10000610351562,162.8800048828125,163.07000732421875,162.8135223388672,755600
COO,2016-06-07,163.07000732421875,166.47999572753906,162.2100067138672,165.02000427246094,164.76048278808594,794900
COO,2016-06-08,164.5399932861328,165.41000366210938,164.0,164.9199981689453,164.66061401367188,301600
COO,2016-06-09,164.4199981689453,165.99000549316406,163.9199981689453,165.1999969482422,164.94017028808594,272600
COO,2016-06-10,164.9499969482422,164.9499969482422,162.52000427246094,163.24000549316406,162.98329162597656,355500
COO,2016-06-13,163.0500030517578,164.5,162.02000427246094,162.32000732421875,162.06471252441406,314800
COO,2016-06-14,163.8800048828125,163.8800048828125,161.4600067138672,162.99000549316406,162.7336883544922,269500
COO,2016-06-15,163.2100067138672,163.83999633789062,161.44000244140625,162.5399932861328,162.2843780517578,290500
COO,2016-06-16,161.91000366210938,163.30999755859375,161.17999267578125,162.92999267578125,162.6737518310547,228000
COO,2016-06-17,162.52000427246094,162.75,159.80999755859375,161.88999938964844,161.63539123535156,474500
COO,2016-06-20,163.35000610351562,164.88999938964844,163.11000061035156,164.27999877929688,164.02162170410156,333100
COO,2016-06-21,165.0,166.64999389648438,164.77000427246094,165.55999755859375,165.2996063232422,422500
COO,2016-06-22,165.7100067138672,166.67999267578125,164.2100067138672,164.5500030517578,164.29119873046875,291500
COO,2016-06-23,166.24000549316406,166.6699981689453,163.80999755859375,166.58999633789062,166.32798767089844,241500
COO,2016-06-24,164.7100067138672,168.08999633789062,161.50999450683594,166.8000030517578,166.53765869140625,1079700
COO,2016-06-27,165.77000427246094,165.7899932861328,162.3800048828125,162.99000549316406,162.7336883544922,1039700
COO,2016-06-28,164.07000732421875,168.6999969482422,164.0,168.5,168.2349853515625,386000
COO,2016-06-29,169.02999877929688,171.44000244140625,168.13999938964844,169.85000610351562,169.58287048339844,332100
COO,2016-06-30,170.77999877929688,172.24000549316406,170.14999389648438,171.57000732421875,171.3001708984375,547300
COO,2016-07-01,172.72999572753906,177.61000061035156,172.5,177.33999633789062,177.06106567382812,657700
COO,2016-07-05,176.3000030517578,177.72999572753906,175.19000244140625,177.4199981689453,177.1409912109375,579700
COO,2016-07-06,176.3300018310547,179.97000122070312,176.02999877929688,177.6699981689453,177.3905792236328,675500
COO,2016-07-07,178.3800048828125,180.07000732421875,177.80999755859375,178.5,178.21925354003906,331700
COO,2016-07-08,178.94000244140625,182.2100067138672,178.5500030517578,181.8300018310547,181.54405212402344,374100
COO,2016-07-11,181.9199981689453,183.07000732421875,181.5399932861328,182.1000061035156,181.8136138916016,220100
COO,2016-07-12,182.38999938964844,182.8000030517578,178.47999572753906,178.5399932861328,178.25918579101562,539400
COO,2016-07-13,179.3000030517578,179.99000549316406,178.33999633789062,178.8300018310547,178.54876708984375,228600
COO,2016-07-14,179.9199981689453,180.42999267578125,177.97000122070312,178.9600067138672,178.67852783203125,223100
COO,2016-07-15,179.47999572753906,180.11000061035156,177.52000427246094,178.4199981689453,178.139404296875,242700
COO,2016-07-18,178.8699951171875,179.52999877929688,176.4199981689453,177.5800018310547,177.3007049560547,230100
COO,2016-07-19,178.10000610351562,178.2100067138672,176.6699981689453,177.13999938964844,176.86143493652344,154000
COO,2016-07-20,178.1199951171875,178.6999969482422,177.32000732421875,178.27999877929688,178.02972412109375,143900
COO,2016-07-21,177.99000549316406,179.25,175.52000427246094,176.38999938964844,176.14242553710938,200600
COO,2016-07-22,175.88999938964844,177.97999572753906,175.32000732421875,177.55999755859375,177.31076049804688,222100
COO,2016-07-25,177.8000030517578,177.8000030517578,175.47999572753906,176.02000427246094,175.77293395996094,269700
COO,2016-07-26,176.10000610351562,179.24000549316406,175.58999633789062,179.1300048828125,178.87857055664062,274400
COO,2016-07-27,178.94000244140625,180.0,178.0800018310547,179.35000610351562,179.09825134277344,248000
COO,2016-07-28,179.5500030517578,181.58999633789065,179.35000610351562,180.94000244140625,180.68605041503903,202300
COO,2016-07-29,181.0500030517578,183.4900054931641,181.0500030517578,182.47000122070312,182.2138671875,287800
COO,2016-08-01,182.3999938964844,183.0,181.3999938964844,182.6100006103516,182.35366821289065,272200
COO,2016-08-02,182.72999572753903,183.259994506836,181.52999877929688,181.97000122070312,181.714584350586,199500
COO,2016-08-03,181.7700042724609,181.8699951171875,180.42999267578125,181.3000030517578,181.04551696777344,242100
COO,2016-08-04,181.7100067138672,182.6499938964844,180.13999938964844,181.7700042724609,181.5148468017578,108800
COO,2016-08-05,182.4900054931641,183.8600006103516,181.27999877929688,182.8699951171875,182.61329650878903,156200
COO,2016-08-08,182.4199981689453,182.72000122070312,180.77999877929688,181.2899932861328,181.03550720214844,117200
COO,2016-08-09,181.9600067138672,182.42999267578125,181.13999938964844,182.1499938964844,181.89431762695312,142500
COO,2016-08-10,182.5800018310547,184.1699981689453,180.6699981689453,181.22000122070312,180.9656219482422,251800
COO,2016-08-11,181.4900054931641,183.1199951171875,180.97999572753903,182.2400054931641,181.98419189453125,111800
COO,2016-08-12,181.6699981689453,182.4600067138672,179.89999389648438,180.8099975585937,180.55615234375,214800
COO,2016-08-15,180.9499969482422,182.57000732421875,180.88999938964844,181.97999572753903,181.7245635986328,129100
COO,2016-08-16,180.8600006103516,182.19000244140625,180.0800018310547,181.32000732421875,181.0655212402344,193100
COO,2016-08-17,181.58999633789065,181.58999633789065,179.50999450683594,179.82000732421875,179.567626953125,234100
COO,2016-08-18,180.5599975585937,181.7100067138672,179.8000030517578,181.3699951171875,181.11541748046875,373500
COO,2016-08-19,181.22000122070312,183.8699951171875,180.17999267578125,183.8600006103516,183.60194396972656,398100
COO,2016-08-22,183.72999572753903,184.6999969482422,182.6600036621093,184.19000244140625,183.9314727783203,207100
COO,2016-08-23,185.13999938964844,186.9499969482422,184.97000122070312,185.7899932861328,185.52919006347656,337200
COO,2016-08-24,189.47999572753903,189.759994506836,184.5800018310547,185.0200042724609,184.7602996826172,328800
COO,2016-08-25,184.58999633789065,185.1600036621093,183.2899932861328,183.8099975585937,183.551986694336,269800
COO,2016-08-26,184.3300018310547,184.6499938964844,182.2899932861328,183.9199981689453,183.6618194580078,282500
COO,2016-08-29,184.2899932861328,186.83999633789065,183.7100067138672,186.5599975585937,186.2981109619141,371800
COO,2016-08-30,186.3099975585937,187.7700042724609,185.19000244140625,186.3800048828125,186.118408203125,283200
COO,2016-08-31,187.259994506836,189.97999572753903,185.5399932861328,185.9199981689453,185.6590118408203,306900
COO,2016-09-01,185.38999938964844,186.6499938964844,184.3699951171875,185.3699951171875,185.1097869873047,396000
COO,2016-09-02,185.3500061035156,189.3500061035156,182.2700042724609,185.9199981689453,185.6590118408203,646700
COO,2016-09-06,186.69000244140625,188.57000732421875,185.02999877929688,188.3000030517578,188.03565979003903,611500
COO,2016-09-07,188.0800018310547,189.69000244140625,187.0500030517578,188.5599975585937,188.2953338623047,376300
COO,2016-09-08,188.6600036621093,189.6699981689453,186.63999938964844,186.7400054931641,186.47789001464844,398600
COO,2016-09-09,185.9600067138672,186.58999633789065,184.75,184.8300018310547,184.570541381836,541100
COO,2016-09-12,184.6000061035156,186.8999938964844,184.1999969482422,186.7400054931641,186.47789001464844,319800
COO,2016-09-13,186.0,186.75,184.8999938964844,185.8099975585937,185.54917907714844,365600
COO,2016-09-14,186.22000122070312,187.1000061035156,184.3099975585937,185.52999877929688,185.2695770263672,398100
COO,2016-09-15,186.17999267578125,190.75,185.25,189.8999938964844,189.6334686279297,420400
COO,2016-09-16,189.4199981689453,190.6000061035156,188.0800018310547,188.509994506836,188.245361328125,344000
COO,2016-09-19,188.6600036621093,190.38999938964844,187.9499969482422,188.47000122070312,188.20545959472656,287100
COO,2016-09-20,189.2400054931641,190.9900054931641,186.3500061035156,186.4100036621093,186.14833068847656,342300
COO,2016-09-21,188.259994506836,188.9900054931641,184.47000122070312,186.17999267578125,185.9186553955078,1207900
COO,2016-09-22,186.75,187.08999633789065,183.63999938964844,184.5,184.24102783203125,10840200
COO,2016-09-23,184.0,184.4600067138672,180.8999938964844,180.97000122070312,180.7159881591797,1178200
COO,2016-09-26,180.8699951171875,180.8699951171875,177.72999572753906,178.19000244140625,177.93991088867188,722600
COO,2016-09-27,178.52000427246094,179.3300018310547,177.41000366210938,178.3000030517578,178.0497283935547,583300
COO,2016-09-28,178.07000732421875,179.25999450683594,177.3000030517578,178.8800048828125,178.62892150878906,463900
COO,2016-09-29,178.39999389648438,178.82000732421875,175.02000427246094,176.0399932861328,175.79287719726562,845700
COO,2016-09-30,177.38999938964844,180.32000732421875,177.0399932861328,179.25999450683594,179.00836181640625,936800
COO,2016-10-03,177.6300048828125,179.11000061035156,176.66000366210938,177.75,177.50050354003906,343300
COO,2016-10-04,177.85000610351562,178.6300048828125,175.99000549316406,176.8800048828125,176.6317138671875,361500
COO,2016-10-05,176.75999450683594,177.75999450683594,175.97000122070312,177.1699981689453,176.92129516601562,325300
COO,2016-10-06,177.13999938964844,179.22000122070312,176.58999633789062,178.69000244140625,178.43917846679688,421200
COO,2016-10-07,179.1199951171875,181.1699981689453,178.38999938964844,180.8800048828125,180.6260986328125,746200
COO,2016-10-10,180.9199981689453,182.42999267578125,180.33999633789065,181.97999572753903,181.7245635986328,300400
COO,2016-10-11,181.3699951171875,181.5200042724609,178.44000244140625,179.6199951171875,179.36785888671875,608900
COO,2016-10-12,180.07000732421875,180.07000732421875,178.91000366210938,179.27999877929688,179.0283660888672,317700
COO,2016-10-13,178.72999572753906,179.30999755859375,176.63999938964844,178.58999633789062,178.33929443359375,327200
COO,2016-10-14,178.72000122070312,179.63999938964844,177.27999877929688,177.58999633789062,177.34072875976562,328700
COO,2016-10-17,178.80999755859375,178.80999755859375,176.52999877929688,178.33999633789062,178.08966064453125,472400
COO,2016-10-18,179.50999450683594,181.0500030517578,178.55999755859375,180.67999267578125,180.4263610839844,391100
COO,2016-10-19,180.77999877929688,180.77999877929688,178.44000244140625,178.97999572753906,178.72877502441406,339500
COO,2016-10-20,178.74000549316406,179.7899932861328,177.47000122070312,179.5,179.248046875,229200
COO,2016-10-21,178.1300048828125,178.97000122070312,176.27999877929688,178.77999877929688,178.52906799316406,202900
COO,2016-10-24,179.94000244140625,180.38999938964844,178.77999877929688,180.3000030517578,180.0469207763672,336300
COO,2016-10-25,181.0,181.9600067138672,180.0,181.6100006103516,181.3550720214844,440800
COO,2016-10-26,181.259994506836,181.259994506836,175.75999450683594,176.1999969482422,175.95266723632812,529300
COO,2016-10-27,176.41000366210938,176.41000366210938,174.60000610351562,175.27999877929688,175.0339813232422,697500
COO,2016-10-28,175.25,177.00999450683594,175.0,175.36000061035156,175.11386108398438,331900
COO,2016-10-31,175.91000366210938,176.30999755859375,174.50999450683594,176.0399932861328,175.79287719726562,322000
COO,2016-11-01,175.07000732421875,175.4499969482422,172.9199981689453,173.77000427246094,173.526123046875,287200
COO,2016-11-02,174.1300048828125,175.1699981689453,173.2899932861328,173.83999633789062,173.59597778320312,383300
COO,2016-11-03,174.24000549316406,175.5399932861328,173.1199951171875,173.63999938964844,173.3962860107422,293300
COO,2016-11-04,174.22999572753906,177.16000366210938,173.9600067138672,175.82000732421875,175.57321166992188,573900
COO,2016-11-07,176.88999938964844,180.3699951171875,176.88999938964844,180.22000122070312,179.96702575683594,342100
COO,2016-11-08,180.22000122070312,184.5399932861328,177.19000244140625,182.8999938964844,182.6432342529297,485800
COO,2016-11-09,182.0,182.2400054931641,177.9600067138672,181.759994506836,181.5048675537109,446800
COO,2016-11-10,184.0599975585937,184.69000244140625,179.16000366210938,180.2700042724609,180.01695251464844,446100
COO,2016-11-11,179.8300018310547,183.259994506836,176.75,177.27000427246094,177.02117919921875,373000
COO,2016-11-14,177.8699951171875,178.72000122070312,169.86000061035156,170.1300048828125,169.89117431640625,635800
COO,2016-11-15,170.6199951171875,173.3699951171875,167.52999877929688,171.9499969482422,171.70864868164062,1257300
COO,2016-11-16,172.1999969482422,173.3300018310547,170.75,172.0,171.75857543945312,446300
COO,2016-11-17,171.5500030517578,174.52000427246094,170.3699951171875,174.39999389648438,174.15521240234375,399300
COO,2016-11-18,174.27000427246094,175.25999450683594,171.86000061035156,172.0,171.75857543945312,349300
COO,2016-11-21,172.6999969482422,176.27000427246094,172.6999969482422,173.3000030517578,173.05673217773438,681500
COO,2016-11-22,172.69000244140625,173.0399932861328,167.57000732421875,170.0,169.7613525390625,613200
COO,2016-11-23,169.66000366210938,171.30999755859375,166.63999938964844,168.6699981689453,168.4332275390625,842900
COO,2016-11-25,168.80999755859375,170.9199981689453,167.5500030517578,170.6999969482422,170.46041870117188,376600
COO,2016-11-28,170.3300018310547,171.49000549316406,167.92999267578125,168.3300018310547,168.09371948242188,434700
COO,2016-11-29,169.60000610351562,171.80999755859375,168.5,170.14999389648438,169.91114807128906,499200
COO,2016-11-30,169.27999877929688,170.32000732421875,162.6999969482422,164.49000549316406,164.25909423828125,1360300
COO,2016-12-01,164.72999572753906,165.0800018310547,158.72999572753906,159.5,159.276123046875,750900
COO,2016-12-02,159.9199981689453,162.91000366210938,159.22999572753906,162.1199951171875,161.89244079589844,664000
COO,2016-12-05,161.52000427246094,165.02000427246094,161.52000427246094,163.9600067138672,163.72987365722656,809000
COO,2016-12-06,163.61000061035156,165.75,162.94000244140625,165.7100067138672,165.47738647460938,859700
COO,2016-12-07,165.24000549316406,169.64999389648438,164.27000427246094,168.38999938964844,168.15365600585938,808400
COO,2016-12-08,168.27000427246094,169.97999572753906,165.97999572753906,167.8000030517578,167.56446838378906,1083500
COO,2016-12-09,168.0,175.0,168.0,170.6199951171875,170.3804931640625,1200100
COO,2016-12-12,171.05999755859375,174.4199981689453,169.38999938964844,174.1999969482422,173.95547485351562,730300
COO,2016-12-13,174.7899932861328,176.52000427246094,173.86000061035156,175.30999755859375,175.0639190673828,700400
COO,2016-12-14,175.92999267578125,178.49000549316406,174.4600067138672,175.19000244140625,174.94410705566406,676300
COO,2016-12-15,175.0500030517578,176.92999267578125,172.99000549316406,176.05999755859375,175.81285095214844,477400
COO,2016-12-16,176.66000366210938,177.1999969482422,174.63999938964844,175.2100067138672,174.96408081054688,666400
COO,2016-12-19,175.1999969482422,176.2100067138672,174.3800048828125,175.07000732421875,174.8242645263672,375200
COO,2016-12-20,175.1300048828125,175.72999572753906,174.24000549316406,175.38999938964844,175.143798828125,449800
COO,2016-12-21,174.86000061035156,175.72000122070312,173.11000061035156,174.6199951171875,174.37489318847656,297000
COO,2016-12-22,174.60000610351562,175.44000244140625,172.8300018310547,173.10000610351562,172.85704040527344,764900
COO,2016-12-23,173.72999572753906,175.49000549316406,173.72999572753906,175.42999267578125,175.18374633789062,325700
COO,2016-12-27,175.92999267578125,178.11000061035156,175.3300018310547,177.44000244140625,177.19093322753906,376100
COO,2016-12-28,177.30999755859375,177.57000732421875,174.77999877929688,175.33999633789062,175.0938720703125,306700
COO,2016-12-29,175.3000030517578,177.33999633789062,174.6199951171875,175.49000549316406,175.24368286132812,317300
COO,2016-12-30,176.2899932861328,176.35000610351562,174.3800048828125,174.92999267578125,174.6844482421875,419200
COO,2017-01-03,175.67999267578125,176.1999969482422,174.0500030517578,175.14999389648438,174.9041290283203,612200
COO,2017-01-04,175.0,178.57000732421875,174.49000549316406,178.13999938964844,177.88995361328125,377900
COO,2017-01-05,177.99000549316406,177.99000549316406,175.4600067138672,176.3699951171875,176.1224365234375,506200
COO,2017-01-06,176.35000610351562,178.17999267578125,175.3000030517578,177.2100067138672,176.96128845214844,344000
COO,2017-01-09,177.61000061035156,178.72999572753906,176.5500030517578,178.0800018310547,177.8300018310547,527500
COO,2017-01-10,177.14999389648438,182.9100036621093,177.14999389648438,181.8000030517578,181.5448303222656,725500
COO,2017-01-11,181.0800018310547,181.88999938964844,175.99000549316406,177.75999450683594,177.510498046875,668700
COO,2017-01-12,177.17999267578125,178.47000122070312,175.72999572753906,177.39999389648438,177.15101623535156,480700
COO,2017-01-13,177.6300048828125,180.63999938964844,177.05999755859375,179.5399932861328,179.28797912597656,387500
COO,2017-01-17,178.25,182.83999633789065,177.69000244140625,182.0800018310547,181.824447631836,591700
COO,2017-01-18,183.0,184.13999938964844,181.9900054931641,183.009994506836,182.7530975341797,438000
COO,2017-01-19,182.8600006103516,184.75,181.08999633789065,181.9100036621093,181.68443298339844,266400
COO,2017-01-20,182.1499938964844,183.3300018310547,179.9600067138672,181.52999877929688,181.304916381836,328100
COO,2017-01-23,181.02999877929688,181.69000244140625,179.86000061035156,180.6699981689453,180.44595336914065,441800
COO,2017-01-24,180.42999267578125,181.1300048828125,179.6999969482422,180.13999938964844,179.9166259765625,291400
COO,2017-01-25,180.92999267578125,180.92999267578125,179.41000366210938,180.5,180.2761993408203,521500
COO,2017-01-26,180.5,182.17999267578125,180.38999938964844,181.1199951171875,180.8954315185547,512100
COO,2017-01-27,181.009994506836,183.5800018310547,180.7400054931641,183.44000244140625,183.21255493164065,299300
COO,2017-01-30,183.509994506836,183.69000244140625,180.9100036621093,181.759994506836,181.5346069335937,277900
COO,2017-01-31,181.58999633789065,184.72999572753903,180.9100036621093,184.6100006103516,184.381088256836,339400
COO,2017-02-01,184.0,185.82000732421875,183.1699981689453,185.7100067138672,185.479736328125,474600
COO,2017-02-02,185.1199951171875,187.0800018310547,184.63999938964844,187.009994506836,186.77810668945312,672800
COO,2017-02-03,187.77999877929688,188.1600036621093,186.3000030517578,188.1000061035156,187.8667907714844,291800
COO,2017-02-06,188.1000061035156,189.13999938964844,186.5,187.509994506836,187.2774810791016,285600
COO,2017-02-07,188.0399932861328,189.0,186.8300018310547,188.1199951171875,187.88673400878903,452800
COO,2017-02-08,187.77999877929688,189.2899932861328,187.0200042724609,188.9499969482422,188.7156982421875,194200
COO,2017-02-09,189.3699951171875,191.0599975585937,188.75,190.5,190.2637939453125,262100
COO,2017-02-10,191.63999938964844,192.2700042724609,190.07000732421875,191.0,190.76315307617188,262800
COO,2017-02-13,191.1100006103516,191.83999633789065,190.44000244140625,191.2400054931641,191.0028686523437,255400
COO,2017-02-14,189.97999572753903,192.3800048828125,189.97999572753903,191.6499938964844,191.412338256836,299900
COO,2017-02-15,190.8800048828125,192.0399932861328,190.44000244140625,191.3099975585937,191.07278442382807,565400
COO,2017-02-16,191.8800048828125,192.0,189.4100036621093,190.509994506836,190.27378845214844,422100
COO,2017-02-17,190.5800018310547,196.02999877929688,190.17999267578125,195.9100036621093,195.6670684814453,539700
COO,2017-02-21,195.38999938964844,197.3600006103516,195.17999267578125,195.4600067138672,195.21763610839844,394700
COO,2017-02-22,195.42999267578125,197.07000732421875,194.5,194.97000122070312,194.72824096679688,307400
COO,2017-02-23,195.3800048828125,197.47000122070312,194.8300018310547,196.9199981689453,196.67581176757807,532000
COO,2017-02-24,195.8800048828125,200.02999877929688,195.8800048828125,199.72000122070312,199.4723663330078,405800
COO,2017-02-27,199.72000122070312,200.0500030517578,195.9600067138672,198.94000244140625,198.6932983398437,434400
COO,2017-02-28,198.509994506836,199.94000244140625,197.69000244140625,199.13999938964844,198.89308166503903,439900
COO,2017-03-01,200.0,201.0,199.1600036621093,200.759994506836,200.5110626220703,682000
COO,2017-03-02,200.6300048828125,201.8300018310547,199.4900054931641,201.13999938964844,200.89059448242188,697800
COO,2017-03-03,199.27999877929688,200.5,193.9100036621093,194.4600067138672,194.21890258789065,1191700
COO,2017-03-06,193.9499969482422,195.5399932861328,193.0399932861328,194.52999877929688,194.2887725830078,596700
COO,2017-03-07,193.6100006103516,194.52999877929688,191.63999938964844,193.4600067138672,193.2201385498047,449900
COO,2017-03-08,194.1999969482422,195.7100067138672,193.2700042724609,194.0500030517578,193.8093719482422,310800
COO,2017-03-09,194.5200042724609,194.8500061035156,193.1999969482422,194.6100006103516,194.36868286132807,256400
COO,2017-03-10,195.4600067138672,196.25,193.5399932861328,194.32000732421875,194.0790405273437,266300
COO,2017-03-13,194.32000732421875,194.6699981689453,192.2400054931641,194.4499969482422,194.2088928222656,265000
COO,2017-03-14,194.47000122070312,194.5,192.75,193.5,193.26007080078125,187200
COO,2017-03-15,193.8600006103516,194.9900054931641,193.08999633789065,194.69000244140625,194.44859313964844,262900
COO,2017-03-16,194.1699981689453,194.9900054931641,192.8999938964844,193.72999572753903,193.48974609375,327800
COO,2017-03-17,194.1199951171875,196.0,194.1199951171875,195.13999938964844,194.8980407714844,302000
COO,2017-03-20,195.27999877929688,196.2400054931641,194.009994506836,196.2400054931641,195.99668884277344,411300
COO,2017-03-21,196.47999572753903,197.83999633789065,194.77999877929688,195.33999633789065,195.0977783203125,447200
COO,2017-03-22,195.4499969482422,201.69000244140625,195.4499969482422,199.7899932861328,199.5422515869141,621400
COO,2017-03-23,199.5599975585937,202.6999969482422,199.0599975585937,199.6999969482422,199.4524078369141,531100
COO,2017-03-24,199.9499969482422,202.57000732421875,199.1499938964844,199.8000030517578,199.5522308349609,342700
COO,2017-03-27,198.82000732421875,200.72999572753903,197.6100006103516,199.82000732421875,199.5722198486328,301900
COO,2017-03-28,199.4199981689453,199.8000030517578,197.22999572753903,199.0599975585937,198.8131561279297,263600
COO,2017-03-29,198.509994506836,199.9100036621093,198.0599975585937,199.3300018310547,199.0828094482422,396400
COO,2017-03-30,198.5800018310547,199.3600006103516,196.9199981689453,198.13999938964844,197.8943023681641,235900
COO,2017-03-31,198.7100067138672,200.4900054931641,197.8999938964844,199.88999938964844,199.6421661376953,309600
COO,2017-04-03,199.77999877929688,201.22000122070312,198.6499938964844,199.6300048828125,199.38243103027344,455200
COO,2017-04-04,199.3500061035156,200.1100006103516,197.0399932861328,199.8000030517578,199.5522308349609,632000
COO,2017-04-05,199.509994506836,200.0,196.9499969482422,197.33999633789065,197.09532165527344,401100
COO,2017-04-06,197.0,197.1100006103516,194.2899932861328,197.0399932861328,196.79568481445312,272400
COO,2017-04-07,197.13999938964844,198.2899932861328,196.3300018310547,197.0,196.7557373046875,320800
COO,2017-04-10,197.1000061035156,197.72000122070312,196.5,197.0399932861328,196.79568481445312,287100
COO,2017-04-11,196.22000122070312,197.47999572753903,195.72999572753903,197.3999938964844,197.1552124023437,279400
COO,2017-04-12,198.67999267578125,200.1499938964844,196.0500030517578,197.0599975585937,196.81564331054688,202800
COO,2017-04-13,196.3600006103516,197.1300048828125,196.2400054931641,196.2899932861328,196.04660034179688,203700
COO,2017-04-17,196.82000732421875,197.1199951171875,196.25,196.6199951171875,196.37619018554688,261200
COO,2017-04-18,196.02999877929688,196.97999572753903,194.5500030517578,196.88999938964844,196.6458282470703,472000
COO,2017-04-19,197.75,201.3000030517578,196.47000122070312,198.22999572753903,197.98419189453125,344300
COO,2017-04-20,198.47000122070312,200.8099975585937,197.5,200.5,200.2513885498047,233100
COO,2017-04-21,199.9900054931641,201.0,198.72999572753903,199.13999938964844,198.89308166503903,237400
COO,2017-04-24,200.2700042724609,201.9199981689453,199.7899932861328,201.5399932861328,201.29010009765625,327400
COO,2017-04-25,202.25,203.47999572753903,200.97999572753903,201.32000732421875,201.0704040527344,280700
COO,2017-04-26,201.509994506836,202.259994506836,199.6999969482422,199.9900054931641,199.74200439453125,340000
COO,2017-04-27,200.3500061035156,200.88999938964844,198.52999877929688,199.3699951171875,199.122802734375,263400
COO,2017-04-28,199.2400054931641,200.4199981689453,198.32000732421875,200.3300018310547,200.08160400390625,283100
COO,2017-05-01,200.7899932861328,201.3699951171875,199.7700042724609,201.0500030517578,200.8007202148437,332400
COO,2017-05-02,201.259994506836,202.4600067138672,200.2400054931641,202.1199951171875,201.8694000244141,347700
COO,2017-05-03,202.0,202.5200042724609,199.47999572753903,202.22000122070312,201.96925354003903,296700
COO,2017-05-04,202.8300018310547,205.1199951171875,201.6699981689453,204.88999938964844,204.63592529296875,357800
COO,2017-05-05,205.27999877929688,206.6699981689453,204.2700042724609,205.7100067138672,205.4549255371093,326800
COO,2017-05-08,205.7700042724609,207.1999969482422,204.509994506836,206.3999938964844,206.1440887451172,399800
COO,2017-05-09,206.5800018310547,208.13999938964844,205.8999938964844,207.6499938964844,207.3925018310547,636000
COO,2017-05-10,207.33999633789065,208.1000061035156,206.19000244140625,207.33999633789065,207.08287048339844,283300
COO,2017-05-11,206.3300018310547,207.63999938964844,205.6199951171875,207.3999938964844,207.14285278320312,297900
COO,2017-05-12,207.13999938964844,208.3000030517578,207.1000061035156,207.58999633789065,207.33262634277344,264300
COO,2017-05-15,207.5800018310547,210.8600006103516,207.5800018310547,209.8699951171875,209.6097412109375,685800
COO,2017-05-16,210.8600006103516,210.8600006103516,208.8000030517578,210.4600067138672,210.19903564453125,195900
COO,2017-05-17,210.4600067138672,210.4600067138672,208.88999938964844,209.4100036621093,209.1503295898437,319100
COO,2017-05-18,210.0500030517578,211.6100006103516,209.25,210.38999938964844,210.12911987304688,234100
COO,2017-05-19,210.25,213.22999572753903,210.25,212.6199951171875,212.3563537597656,1103900
COO,2017-05-22,212.08999633789065,217.44000244140625,211.6699981689453,217.33999633789065,217.0705108642578,526100
COO,2017-05-23,216.9100036621093,218.1699981689453,216.0599975585937,217.0800018310547,216.8108367919922,333500
COO,2017-05-24,217.7899932861328,218.17999267578125,215.5500030517578,217.6699981689453,217.40011596679688,240700
COO,2017-05-25,217.759994506836,218.67999267578125,216.22999572753903,218.32000732421875,218.04928588867188,380700
COO,2017-05-26,218.3300018310547,218.88999938964844,217.1199951171875,217.4600067138672,217.1903839111328,157100
COO,2017-05-30,216.5200042724609,218.6600036621093,216.02999877929688,218.1999969482422,217.92941284179688,293400
COO,2017-05-31,218.5200042724609,219.8000030517578,216.92999267578125,218.75,218.4787750244141,384000
COO,2017-06-01,219.1999969482422,219.8099975585937,215.2400054931641,219.7899932861328,219.51747131347656,586200
COO,2017-06-02,227.6499938964844,240.4199981689453,226.72000122070312,238.32000732421875,238.0245056152344,1153400
COO,2017-06-05,239.3500061035156,243.3699951171875,238.67999267578125,240.88999938964844,240.59130859375,845300
COO,2017-06-06,240.52999877929688,242.2400054931641,238.8999938964844,241.6199951171875,241.3204040527344,333300
COO,2017-06-07,242.8000030517578,243.88999938964844,241.02999877929688,243.1000061035156,242.79855346679688,454100
COO,2017-06-08,243.1000061035156,243.1000061035156,239.9199981689453,241.759994506836,241.46023559570312,582800
COO,2017-06-09,241.5,242.47999572753903,235.0399932861328,237.42999267578125,237.1355895996093,818000
COO,2017-06-12,237.1300048828125,237.47999572753903,231.2700042724609,236.75,236.4564208984375,537400
COO,2017-06-13,237.3699951171875,242.1000061035156,237.1100006103516,240.8800048828125,240.5813140869141,321100
COO,2017-06-14,241.8800048828125,242.3600006103516,237.7100067138672,238.9900054931641,238.69366455078125,312900
COO,2017-06-15,237.92999267578125,240.3999938964844,236.5200042724609,239.83999633789065,239.5426177978516,377700
COO,2017-06-16,240.0800018310547,241.5,238.8600006103516,238.9499969482422,238.65370178222656,585600
COO,2017-06-19,239.5200042724609,243.4900054931641,237.94000244140625,242.1100006103516,241.8097686767578,440800
COO,2017-06-20,242.8099975585937,245.88999938964844,242.5,242.7899932861328,242.48895263671875,257000
COO,2017-06-21,243.2400054931641,245.2100067138672,242.3699951171875,243.8600006103516,243.5576171875,268900
COO,2017-06-22,244.0399932861328,247.8000030517578,243.3600006103516,245.0599975585937,244.756103515625,499100
COO,2017-06-23,245.6600036621093,246.8000030517578,244.82000732421875,246.19000244140625,245.8847503662109,405500
COO,2017-06-26,246.5500030517578,248.5,245.52999877929688,246.759994506836,246.4540100097656,266300
COO,2017-06-27,245.67999267578125,246.69000244140625,243.22999572753903,243.25,242.9483795166016,396100
COO,2017-06-28,244.9499969482422,245.3000030517578,241.5599975585937,242.3500061035156,242.04946899414065,495100
COO,2017-06-29,241.02999877929688,242.69000244140625,235.75,237.1199951171875,236.8259735107422,949100
COO,2017-06-30,238.2700042724609,241.25,237.0200042724609,239.4199981689453,239.1230926513672,490100
COO,2017-07-03,239.4199981689453,239.9199981689453,236.0200042724609,236.3800048828125,236.0868988037109,189300
COO,2017-07-05,236.47999572753903,238.5500030517578,234.5500030517578,238.02999877929688,237.7348480224609,465300
COO,2017-07-06,237.4499969482422,239.25,235.2899932861328,236.19000244140625,235.8971710205078,293700
COO,2017-07-07,237.17999267578125,243.2700042724609,236.75,242.72999572753903,242.42901611328125,586600
COO,2017-07-10,242.3099975585937,244.6699981689453,240.8999938964844,244.13999938964844,243.8372497558593,710500
COO,2017-07-11,244.33999633789065,245.009994506836,242.5800018310547,244.52999877929688,244.22677612304688,438900
COO,2017-07-12,245.4100036621093,248.8300018310547,244.6499938964844,247.9100036621093,247.6026153564453,511600
COO,2017-07-13,248.4499969482422,248.9499969482422,243.9100036621093,246.4499969482422,246.14442443847656,494000
COO,2017-07-14,246.9600067138672,252.0500030517578,245.4499969482422,250.3600006103516,250.0495758056641,549200
COO,2017-07-17,251.44000244140625,252.8500061035156,250.72000122070312,251.97999572753903,251.6675720214844,518300
COO,2017-07-18,251.83999633789065,253.32000732421875,249.0500030517578,253.1999969482422,252.88604736328125,449800
COO,2017-07-19,254.7100067138672,256.3900146484375,254.2899932861328,254.8999938964844,254.6140899658203,355200
COO,2017-07-20,254.88999938964844,255.8699951171875,253.8000030517578,254.0,253.715087890625,228800
COO,2017-07-21,250.8999938964844,251.7400054931641,246.1999969482422,248.4100036621093,248.1313934326172,370500
COO,2017-07-24,248.3300018310547,250.759994506836,247.4900054931641,250.6199951171875,250.3389129638672,252500
COO,2017-07-25,250.759994506836,251.5599975585937,247.9900054931641,250.8300018310547,250.54869079589844,364700
COO,2017-07-26,250.4900054931641,250.5599975585937,246.1600036621093,247.009994506836,246.73292541503903,287700
COO,2017-07-27,247.3800048828125,247.6199951171875,243.6499938964844,246.63999938964844,246.3633728027344,294700
COO,2017-07-28,246.0399932861328,246.9900054931641,244.42999267578125,246.6000061035156,246.32342529296875,216300
COO,2017-07-31,247.0,247.17999267578125,243.0,243.8699951171875,243.5964508056641,453800
COO,2017-08-01,245.1300048828125,246.22000122070312,243.0500030517578,245.2899932861328,245.01486206054688,332300
COO,2017-08-02,245.44000244140625,246.3500061035156,241.1600036621093,244.2700042724609,243.9960174560547,296300
COO,2017-08-03,244.07000732421875,245.19000244140625,243.1699981689453,244.77999877929688,244.50547790527344,260700
COO,2017-08-04,244.8999938964844,245.6199951171875,242.82000732421875,243.72000122070312,243.44664001464844,140600
COO,2017-08-07,243.9499969482422,245.0399932861328,242.7400054931641,244.6300048828125,244.35562133789065,262300
COO,2017-08-08,244.6300048828125,245.3699951171875,243.0399932861328,243.58999633789065,243.31678771972656,148100
COO,2017-08-09,242.97999572753903,244.509994506836,242.3800048828125,242.7100067138672,242.43780517578125,238000
COO,2017-08-10,241.2899932861328,243.1100006103516,239.17999267578125,239.9900054931641,239.7208404541016,334100
COO,2017-08-11,241.2899932861328,242.1699981689453,239.5,240.9199981689453,240.64976501464844,286200
COO,2017-08-14,243.8699951171875,244.009994506836,242.2700042724609,243.27999877929688,243.00711059570312,430400
COO,2017-08-15,243.72000122070312,244.17999267578125,241.4900054931641,242.9199981689453,242.6475372314453,413000
COO,2017-08-16,243.0800018310547,245.1999969482422,242.509994506836,244.57000732421875,244.2957000732422,303600
COO,2017-08-17,244.3099975585937,246.6499938964844,243.2700042724609,245.17999267578125,244.90499877929688,360900
COO,2017-08-18,245.75,246.9199981689453,244.5,245.0500030517578,244.775131225586,896500
COO,2017-08-21,245.19000244140625,247.8999938964844,244.8600006103516,247.6999969482422,247.42218017578125,298800
COO,2017-08-22,247.3500061035156,250.3699951171875,246.97999572753903,249.1199951171875,248.8405914306641,513600
COO,2017-08-23,248.1600036621093,250.1499938964844,246.1000061035156,246.3600006103516,246.0836944580078,233300
COO,2017-08-24,247.02999877929688,247.5800018310547,245.4199981689453,245.6600036621093,245.38446044921875,158300
COO,2017-08-25,246.6100006103516,248.7899932861328,246.1300048828125,246.3300018310547,246.0537109375,259800
COO,2017-08-28,247.25,248.22000122070312,246.009994506836,247.6300048828125,247.35226440429688,287700
COO,2017-08-29,247.1499938964844,247.88999938964844,244.17999267578125,246.1499938964844,245.8739013671875,567400
COO,2017-08-30,246.5500030517578,248.3099975585937,245.47000122070312,246.1100006103516,245.8339691162109,443600
COO,2017-08-31,245.9100036621093,251.47000122070312,245.9100036621093,250.8300018310547,250.54869079589844,594500
COO,2017-09-01,245.0,245.0,234.6199951171875,236.17999267578125,235.91510009765625,1026700
COO,2017-09-05,236.25,240.02999877929688,235.6999969482422,239.9100036621093,239.6408843994141,650200
COO,2017-09-06,240.47000122070312,241.82000732421875,237.6199951171875,241.13999938964844,240.86952209472656,544700
COO,2017-09-07,241.5,245.0500030517578,240.3800048828125,244.8099975585937,244.535400390625,487700
COO,2017-09-08,244.82000732421875,252.0500030517578,244.33999633789065,251.47999572753903,251.1979522705078,577300
COO,2017-09-11,252.8099975585937,253.9900054931641,251.4100036621093,253.38999938964844,253.10577392578125,418800
COO,2017-09-12,253.38999938964844,254.47999572753903,246.5599975585937,250.02999877929688,249.74957275390625,992300
COO,2017-09-13,249.6499938964844,249.6499938964844,246.3699951171875,246.6000061035156,246.32342529296875,319200
COO,2017-09-14,246.259994506836,247.0500030517578,244.259994506836,247.0399932861328,246.762924194336,423900
COO,2017-09-15,247.7700042724609,248.009994506836,244.759994506836,245.2100067138672,244.9349670410156,862700
COO,2017-09-18,245.67999267578125,249.75,243.69000244140625,249.1100006103516,248.8306121826172,501200
COO,2017-09-19,248.8300018310547,248.8300018310547,235.67999267578125,235.9900054931641,235.72531127929688,1168300
COO,2017-09-20,236.5,239.3999938964844,232.8000030517578,236.1100006103516,235.8451690673828,736200
COO,2017-09-21,236.0,236.0,231.509994506836,232.4100036621093,232.1493530273437,636800
COO,2017-09-22,232.9600067138672,240.67999267578125,230.69000244140625,239.7700042724609,239.50108337402344,1196300
COO,2017-09-25,238.97999572753903,241.1600036621093,237.33999633789065,239.8500061035156,239.58102416992188,519600
COO,2017-09-26,239.19000244140625,240.6300048828125,235.3500061035156,235.8500061035156,235.58546447753903,380200
COO,2017-09-27,235.8500061035156,236.6199951171875,233.6600036621093,235.4199981689453,235.1559295654297,413500
COO,2017-09-28,235.6499938964844,235.8600006103516,231.2899932861328,231.6000061035156,231.3402557373047,436500
COO,2017-09-29,231.1600036621093,237.3000030517578,230.7700042724609,237.1100006103516,236.8440704345703,483500
COO,2017-10-02,237.8999938964844,240.63999938964844,236.2400054931641,240.5599975585937,240.2901611328125,434600
COO,2017-10-03,240.0200042724609,242.009994506836,238.3300018310547,240.1199951171875,239.8506622314453,423100
COO,2017-10-04,239.8099975585937,242.25,239.8099975585937,241.02999877929688,240.75965881347656,433400
COO,2017-10-05,241.3500061035156,242.1000061035156,239.2400054931641,241.6699981689453,241.39892578125,241900
COO,2017-10-06,241.3099975585937,242.6199951171875,240.0500030517578,241.3300018310547,241.059326171875,305300
COO,2017-10-09,240.6199951171875,241.0,235.509994506836,236.6199951171875,236.3545837402344,399900
COO,2017-10-10,236.5800018310547,236.5800018310547,233.5,233.97000122070312,233.70758056640625,344700
COO,2017-10-11,233.3699951171875,237.58999633789065,233.3699951171875,237.5200042724609,237.2536163330078,357100
COO,2017-10-12,237.3800048828125,238.8699951171875,236.77999877929688,237.6699981689453,237.4034576416016,482000
COO,2017-10-13,236.8500061035156,236.8500061035156,235.1000061035156,236.0,235.7353057861328,310800
COO,2017-10-16,235.8800048828125,237.75,235.8800048828125,236.9499969482422,236.68426513671875,399600
COO,2017-10-17,237.8000030517578,238.19000244140625,235.5200042724609,235.97999572753903,235.71533203125,551500
COO,2017-10-18,236.5500030517578,237.32000732421875,235.08999633789065,235.77999877929688,235.5155487060547,723500
COO,2017-10-19,236.5500030517578,236.6999969482422,234.6199951171875,236.0800018310547,235.8152008056641,861600
COO,2017-10-20,236.97000122070312,238.3300018310547,234.47999572753903,235.3500061035156,235.0860595703125,722300
COO,2017-10-23,236.1199951171875,238.8500061035156,234.8999938964844,237.3099975585937,237.04383850097656,496200
COO,2017-10-24,238.13999938964844,239.5500030517578,236.0599975585937,239.5500030517578,239.2812957763672,233700
COO,2017-10-25,237.8500061035156,239.2700042724609,235.3800048828125,237.8999938964844,237.6331787109375,342600
COO,2017-10-26,237.6300048828125,243.0399932861328,237.6300048828125,240.4100036621093,240.14035034179688,454800
COO,2017-10-27,240.7100067138672,245.38999938964844,239.77999877929688,244.42999267578125,244.1558380126953,328700
COO,2017-10-30,244.2700042724609,244.4600067138672,240.75,242.75,242.4777374267578,282100
COO,2017-10-31,242.509994506836,243.0500030517578,239.72000122070312,240.259994506836,239.9904937744141,346400
COO,2017-11-01,240.5399932861328,240.57000732421875,233.4499969482422,233.97000122070312,233.70758056640625,506700
COO,2017-11-02,233.0599975585937,234.02999877929688,225.97999572753903,226.8999938964844,226.6455078125,637700
COO,2017-11-03,226.22000122070312,229.509994506836,225.7100067138672,229.2700042724609,229.01284790039065,426500
COO,2017-11-06,228.42999267578125,230.5800018310547,227.22999572753903,227.63999938964844,227.3846893310547,292300
COO,2017-11-07,227.6999969482422,229.6100006103516,226.259994506836,229.3300018310547,229.07278442382807,349300
COO,2017-11-08,229.6699981689453,231.2899932861328,228.4600067138672,230.47999572753903,230.22146606445312,318600
COO,2017-11-09,230.5800018310547,232.4900054931641,229.6600036621093,231.9499969482422,231.6898193359375,286700
COO,2017-11-10,230.97000122070312,231.4100036621093,227.1100006103516,229.0599975585937,228.8031005859375,341900
COO,2017-11-13,229.1499938964844,237.67999267578125,227.6600036621093,237.07000732421875,236.8041229248047,372600
COO,2017-11-14,236.22000122070312,238.1699981689453,234.5800018310547,236.77999877929688,236.5144195556641,251200
COO,2017-11-15,236.8000030517578,237.8099975585937,234.47000122070312,234.6600036621093,234.39678955078125,343700
COO,2017-11-16,235.8800048828125,239.7400054931641,235.8800048828125,239.4499969482422,239.18142700195312,189900
COO,2017-11-17,238.32000732421875,240.1699981689453,236.4100036621093,238.6499938964844,238.3823089599609,216100
COO,2017-11-20,239.44000244140625,240.3800048828125,237.72999572753903,239.94000244140625,239.6708831787109,184600
COO,2017-11-21,241.22000122070312,242.2700042724609,239.2899932861328,240.1100006103516,239.84068298339844,240600
COO,2017-11-22,240.8500061035156,241.08999633789065,237.63999938964844,238.8999938964844,238.632064819336,306500
COO,2017-11-24,239.1600036621093,242.6199951171875,239.1600036621093,242.2899932861328,242.0182342529297,96200
COO,2017-11-27,243.4100036621093,244.07000732421875,242.009994506836,243.2899932861328,243.01710510253903,206200
COO,2017-11-28,244.27999877929688,246.5800018310547,243.0399932861328,243.25,242.9771728515625,285500
COO,2017-11-29,242.97000122070312,244.5200042724609,238.8099975585937,242.58999633789065,242.3179168701172,429500
COO,2017-11-30,243.42999267578125,243.72000122070312,239.9499969482422,241.17999267578125,240.90948486328125,464100
COO,2017-12-01,241.6000061035156,241.9499969482422,236.0,238.1000061035156,237.8329620361328,413500
COO,2017-12-04,238.63999938964844,239.1499938964844,229.6000061035156,229.7400054931641,229.4823303222656,494000
COO,2017-12-05,231.1000061035156,235.2400054931641,229.83999633789065,231.88999938964844,231.62989807128903,574000
COO,2017-12-06,231.4199981689453,234.3300018310547,230.97000122070312,234.07000732421875,233.8074645996093,497200
COO,2017-12-07,234.9499969482422,241.08999633789065,234.9499969482422,238.8000030517578,238.5321350097656,660800
COO,2017-12-08,227.4900054931641,230.8800048828125,221.1999969482422,226.5599975585937,226.305892944336,1375500
COO,2017-12-11,226.94000244140625,228.97000122070312,226.0599975585937,228.4499969482422,228.1937713623047,774300
COO,2017-12-12,228.8099975585937,230.1699981689453,227.8000030517578,229.6600036621093,229.4024200439453,735200
COO,2017-12-13,228.8800048828125,230.3800048828125,223.9199981689453,224.19000244140625,223.9385681152344,637100
COO,2017-12-14,223.88999938964844,226.13999938964844,221.9100036621093,224.8600006103516,224.6077880859375,651900
COO,2017-12-15,226.69000244140625,229.8300018310547,225.75,229.3000030517578,229.0428161621093,696300
COO,2017-12-18,229.75,230.72999572753903,223.63999938964844,224.0599975585937,223.8086700439453,629200
COO,2017-12-19,224.47999572753903,228.3999938964844,223.3800048828125,223.8800048828125,223.6288909912109,546200
COO,2017-12-20,223.92999267578125,225.67999267578125,223.02999877929688,224.6100006103516,224.35806274414065,420400
COO,2017-12-21,224.44000244140625,225.6699981689453,221.6999969482422,221.7700042724609,221.5212860107422,343300
COO,2017-12-22,221.25,222.5800018310547,218.9499969482422,219.8000030517578,219.5534820556641,219500
COO,2017-12-26,219.3600006103516,221.1600036621093,218.3000030517578,220.44000244140625,220.19273376464844,215100
COO,2017-12-27,220.9600067138672,222.2100067138672,220.33999633789065,221.19000244140625,220.94192504882807,198800
COO,2017-12-28,221.5399932861328,222.009994506836,218.8699951171875,220.17999267578125,219.9330444335937,228200
COO,2017-12-29,220.4100036621093,221.4100036621093,217.8699951171875,217.8800048828125,217.6356201171875,286300
COO,2018-01-02,217.9199981689453,222.97000122070312,217.1199951171875,220.6199951171875,220.37255859375,368400
COO,2018-01-03,220.8300018310547,227.009994506836,220.8300018310547,226.7400054931641,226.4857177734375,589500
COO,2018-01-04,227.63999938964844,228.6300048828125,223.1699981689453,223.5500030517578,223.2992706298828,561200
COO,2018-01-05,226.25,230.8099975585937,226.19000244140625,230.5,230.241455078125,799000
COO,2018-01-08,230.3000030517578,232.07000732421875,229.3800048828125,231.6499938964844,231.39019775390625,390500
COO,2018-01-09,232.0200042724609,235.759994506836,231.25,234.25,233.98727416992188,481500
COO,2018-01-10,233.08999633789065,234.8600006103516,228.27999877929688,230.9900054931641,230.73092651367188,564500
COO,2018-01-11,230.27999877929688,231.22999572753903,227.67999267578125,228.63999938964844,228.3835601806641,660200
COO,2018-01-12,228.8800048828125,231.3099975585937,225.9199981689453,230.83999633789065,230.5811004638672,352600
COO,2018-01-16,231.75,234.07000732421875,229.1499938964844,230.9600067138672,230.70095825195312,488500
COO,2018-01-17,232.3500061035156,235.4499969482422,231.1199951171875,235.19000244140625,234.9262237548828,735500
COO,2018-01-18,235.63999938964844,236.22000122070312,234.009994506836,235.5200042724609,235.25582885742188,578300
COO,2018-01-19,235.82000732421875,241.5399932861328,235.82000732421875,240.6499938964844,240.3800811767578,447700
COO,2018-01-22,240.72999572753903,243.97999572753903,240.63999938964844,241.3099975585937,241.06939697265625,491000
COO,2018-01-23,241.6999969482422,242.19000244140625,237.7700042724609,238.6999969482422,238.4619903564453,431200
COO,2018-01-24,239.0,242.6000061035156,238.259994506836,239.3300018310547,239.09136962890625,365400
COO,2018-01-25,240.2100067138672,243.8699951171875,240.2100067138672,243.7899932861328,243.54689025878903,339200
COO,2018-01-26,244.19000244140625,245.72000122070312,242.1600036621093,245.5800018310547,245.3351287841797,221400
COO,2018-01-29,246.0599975585937,247.7100067138672,243.22000122070312,243.6000061035156,243.35711669921875,313400
COO,2018-01-30,240.7899932861328,245.009994506836,240.1600036621093,242.8600006103516,242.61785888671875,380600
COO,2018-01-31,242.72000122070312,245.1000061035156,241.2100067138672,244.6699981689453,244.4260406494141,524200
COO,2018-02-01,243.3500061035156,245.3699951171875,240.97000122070312,243.6100006103516,243.3671112060547,443700
COO,2018-02-02,241.17999267578125,243.92999267578125,240.0599975585937,241.32000732421875,241.0793914794922,1079400
COO,2018-02-05,241.1600036621093,242.5,230.9900054931641,230.9900054931641,230.7597045898437,593600
COO,2018-02-06,227.47999572753903,231.3999938964844,223.82000732421875,229.27999877929688,229.0513916015625,462100
COO,2018-02-07,228.3500061035156,233.259994506836,227.0500030517578,230.47000122070312,230.2401885986328,393000
COO,2018-02-08,230.0399932861328,231.25,222.82000732421875,223.1699981689453,222.9474639892578,617800
COO,2018-02-09,222.2700042724609,228.72999572753903,219.0800018310547,226.759994506836,226.5338592529297,555700
COO,2018-02-12,227.77999877929688,229.8300018310547,224.67999267578125,226.759994506836,226.5338592529297,450700
COO,2018-02-13,226.6300048828125,227.0200042724609,224.5800018310547,225.82000732421875,225.5948486328125,363200
COO,2018-02-14,224.8000030517578,229.97999572753903,224.0,229.7899932861328,229.5608673095703,323400
COO,2018-02-15,230.5500030517578,232.5599975585937,229.0500030517578,232.52999877929688,232.29812622070312,263500
COO,2018-02-16,232.8999938964844,235.22000122070312,231.47999572753903,232.47000122070312,232.2382049560547,418700
COO,2018-02-20,231.509994506836,233.42999267578125,229.5599975585937,230.3699951171875,230.1403350830078,306000
COO,2018-02-21,230.94000244140625,232.82000732421875,229.0399932861328,229.13999938964844,228.9114990234375,389700
COO,2018-02-22,230.6600036621093,232.4199981689453,227.5500030517578,227.97000122070312,227.7427215576172,390400
COO,2018-02-23,229.38999938964844,230.7899932861328,227.5,230.5399932861328,230.3101501464844,243300
COO,2018-02-26,230.509994506836,233.33999633789065,228.0599975585937,232.83999633789065,232.6078338623047,305300
COO,2018-02-27,233.0599975585937,234.1999969482422,231.77999877929688,232.17999267578125,231.9485015869141,242000
COO,2018-02-28,233.0,234.8999938964844,230.4900054931641,230.5200042724609,230.2901611328125,361200
COO,2018-03-01,230.2899932861328,230.5599975585937,224.6999969482422,226.8699951171875,226.643783569336,443500
COO,2018-03-02,226.6999969482422,234.77999877929688,226.6999969482422,234.3800048828125,234.1463165283203,428500
COO,2018-03-05,232.94000244140625,237.33999633789065,230.2400054931641,236.5,236.2642059326172,406600
COO,2018-03-06,236.5800018310547,241.58999633789065,234.58999633789065,240.3999938964844,240.1602783203125,535500
COO,2018-03-07,238.4199981689453,246.5,237.92999267578125,246.22999572753903,245.9844970703125,690100
COO,2018-03-08,247.7100067138672,250.5500030517578,245.2700042724609,248.5800018310547,248.33213806152344,658300
COO,2018-03-09,251.52999877929688,260.260009765625,247.17999267578125,251.42999267578125,251.17930603027344,1196700
COO,2018-03-12,252.0,252.5599975585937,240.4600067138672,240.9499969482422,240.7097625732422,940600
COO,2018-03-13,241.3500061035156,242.58999633789065,234.6100006103516,236.8600006103516,236.62380981445312,691300
COO,2018-03-14,236.8500061035156,238.6699981689453,232.8999938964844,233.88999938964844,233.6568145751953,574900
COO,2018-03-15,234.3600006103516,234.3600006103516,229.6499938964844,234.009994506836,233.7766571044922,464400
COO,2018-03-16,233.8800048828125,236.8500061035156,231.5800018310547,235.69000244140625,235.4549865722656,565300
COO,2018-03-19,235.509994506836,236.63999938964844,229.47999572753903,232.8500061035156,232.6178436279297,534300
COO,2018-03-20,233.7100067138672,235.0399932861328,230.38999938964844,232.0200042724609,231.7886657714844,374600
COO,2018-03-21,232.5800018310547,232.9199981689453,228.1999969482422,228.33999633789065,228.11231994628903,526000
COO,2018-03-22,227.0599975585937,228.4499969482422,224.47999572753903,224.77999877929688,224.555892944336,419000
COO,2018-03-23,225.72999572753903,226.0399932861328,218.1199951171875,218.7400054931641,218.5218963623047,528000
COO,2018-03-26,220.1000061035156,227.0,219.72999572753903,226.83999633789065,226.61383056640625,862600
COO,2018-03-27,226.92999267578125,228.9100036621093,223.5,225.08999633789065,224.8655700683593,543100
COO,2018-03-28,225.5500030517578,226.6199951171875,221.4100036621093,225.1499938964844,224.92550659179688,574400
COO,2018-03-29,226.1199951171875,231.5,225.3699951171875,228.8099975585937,228.58184814453125,383500
COO,2018-04-02,228.009994506836,228.69000244140625,220.5,221.6699981689453,221.448959350586,633100
COO,2018-04-03,221.92999267578125,222.0599975585937,218.97000122070312,221.3099975585937,221.0893096923828,406800
COO,2018-04-04,221.009994506836,221.9600067138672,216.47000122070312,221.2100067138672,220.9894256591797,381900
COO,2018-04-05,222.25,224.9499969482422,221.3600006103516,223.5500030517578,223.3271026611328,434800
COO,2018-04-06,222.75,223.9499969482422,216.94000244140625,217.97999572753903,217.7626495361328,298100
COO,2018-04-09,218.6600036621093,223.1600036621093,217.1499938964844,219.8300018310547,219.6107940673828,294800
COO,2018-04-10,222.13999938964844,224.52999877929688,220.6199951171875,223.33999633789065,223.1173095703125,402200
COO,2018-04-11,221.6600036621093,223.0599975585937,219.8999938964844,220.6100006103516,220.3900451660156,347300
COO,2018-04-12,220.4199981689453,222.97999572753903,220.0,221.0200042724609,220.79962158203125,411700
COO,2018-04-13,221.5200042724609,222.6199951171875,219.5399932861328,221.3699951171875,221.14927673339844,580000
COO,2018-04-16,224.1300048828125,228.47000122070312,221.6600036621093,228.0,227.77267456054688,485400
COO,2018-04-17,229.1100006103516,229.8800048828125,226.1999969482422,227.33999633789065,227.1133270263672,415300
COO,2018-04-18,227.58999633789065,229.009994506836,225.0500030517578,226.9900054931641,226.76368713378903,358200
COO,2018-04-19,226.5800018310547,228.07000732421875,224.1199951171875,225.22000122070312,224.99542236328125,262000
COO,2018-04-20,225.25,226.57000732421875,222.72000122070312,225.1199951171875,224.89552307128903,468600
COO,2018-04-23,226.5500030517578,226.67999267578125,224.32000732421875,225.5599975585937,225.3350982666016,300900
COO,2018-04-24,226.72999572753903,227.8000030517578,221.72000122070312,223.22999572753903,223.0074157714844,403700
COO,2018-04-25,222.3500061035156,227.72999572753903,220.8999938964844,227.58999633789065,227.3630828857422,437900
COO,2018-04-26,227.72999572753903,230.9199981689453,227.27999877929688,229.6000061035156,229.37109375,302200
COO,2018-04-27,229.3500061035156,231.759994506836,228.3999938964844,230.7400054931641,230.5099334716797,250600
COO,2018-04-30,231.9499969482422,232.42999267578125,228.5399932861328,228.7100067138672,228.48196411132807,333700
COO,2018-05-01,228.82000732421875,230.8099975585937,227.8699951171875,230.08999633789065,229.8605499267578,285100
COO,2018-05-02,229.4100036621093,230.1300048828125,226.4600067138672,226.8500061035156,226.6238250732422,269200
COO,2018-05-03,224.72999572753903,226.8500061035156,222.6600036621093,225.27999877929688,225.0553741455078,379800
COO,2018-05-04,224.4199981689453,227.8300018310547,222.13999938964844,226.5599975585937,226.3341217041016,216400
COO,2018-05-07,227.4600067138672,228.57000732421875,225.0399932861328,225.57000732421875,225.34510803222656,294800
COO,2018-05-08,226.0399932861328,228.8500061035156,225.0200042724609,226.8000030517578,226.5738677978516,288100
COO,2018-05-09,226.6300048828125,227.7100067138672,224.07000732421875,226.4900054931641,226.26417541503903,324600
COO,2018-05-10,227.5200042724609,231.57000732421875,226.47000122070312,231.4199981689453,231.18923950195312,221800
COO,2018-05-11,231.1000061035156,234.44000244140625,231.1000061035156,234.32000732421875,234.0863647460937,293200
COO,2018-05-14,234.27999877929688,236.6000061035156,234.27999877929688,235.1699981689453,234.93551635742188,474600
COO,2018-05-15,233.6300048828125,234.2700042724609,231.22999572753903,232.2400054931641,232.0084381103516,237100
COO,2018-05-16,232.6300048828125,232.92999267578125,230.5500030517578,231.5399932861328,231.30911254882807,299100
COO,2018-05-17,231.97000122070312,231.97000122070312,229.8099975585937,230.8099975585937,230.57986450195312,447600
COO,2018-05-18,230.63999938964844,234.22000122070312,230.5,233.3099975585937,233.07733154296875,270500
COO,2018-05-21,234.08999633789065,236.8300018310547,233.509994506836,236.4900054931641,236.25421142578125,267900
COO,2018-05-22,236.13999938964844,236.9100036621093,231.7400054931641,232.0399932861328,231.8086395263672,274200
COO,2018-05-23,231.5,233.3000030517578,230.4900054931641,231.9199981689453,231.68875122070312,248300
COO,2018-05-24,232.6499938964844,233.38999938964844,229.3500061035156,229.58999633789065,229.361083984375,309200
COO,2018-05-25,229.5399932861328,232.1100006103516,226.94000244140625,227.75,227.5229034423828,394300
COO,2018-05-29,225.3999938964844,226.17999267578125,222.7400054931641,224.5,224.2761383056641,537500
COO,2018-05-30,225.42999267578125,231.25,225.42999267578125,229.72999572753903,229.5009307861328,398500
COO,2018-05-31,228.8600006103516,231.0399932861328,226.0,226.3099975585937,226.0843505859375,482900
COO,2018-06-01,227.6199951171875,230.02999877929688,227.1300048828125,228.1100006103516,227.882553100586,371600
COO,2018-06-04,227.9900054931641,229.7400054931641,226.08999633789065,226.3000030517578,226.0743560791016,497800
COO,2018-06-05,226.19000244140625,227.1100006103516,223.1199951171875,224.88999938964844,224.665771484375,487800
COO,2018-06-06,225.4600067138672,229.69000244140625,224.3999938964844,228.92999267578125,228.7017059326172,298800
COO,2018-06-07,228.8600006103516,230.6000061035156,224.8699951171875,226.5,226.274154663086,526100
COO,2018-06-08,237.0500030517578,245.0,222.42999267578125,232.2100067138672,231.9784545898437,1209300
COO,2018-06-11,231.19000244140625,232.2899932861328,221.5,221.97000122070312,221.7486724853516,756100
COO,2018-06-12,221.72999572753903,228.0200042724609,221.6499938964844,228.0,227.77267456054688,503900
COO,2018-06-13,228.25,229.0599975585937,225.6199951171875,226.8300018310547,226.6038360595703,439300
COO,2018-06-14,227.5,237.6600036621093,227.07000732421875,235.1499938964844,234.91552734375,927800
COO,2018-06-15,235.1300048828125,237.58999633789065,233.4600067138672,237.02999877929688,236.79367065429688,1026700
COO,2018-06-18,235.259994506836,235.27999877929688,231.33999633789065,234.6000061035156,234.3660583496093,526800
COO,2018-06-19,233.5399932861328,233.6199951171875,230.47000122070312,233.5399932861328,233.30714416503903,532300
COO,2018-06-20,233.3699951171875,234.2400054931641,231.1499938964844,231.83999633789065,231.6088409423828,315900
COO,2018-06-21,232.0800018310547,234.77999877929688,231.22000122070312,233.97999572753903,233.74668884277344,457400
COO,2018-06-22,234.6300048828125,238.3699951171875,233.4100036621093,237.22999572753903,236.99346923828125,824900
COO,2018-06-25,237.5800018310547,237.5800018310547,232.0599975585937,234.0,233.7666778564453,525500
COO,2018-06-26,234.0,235.7700042724609,232.92999267578125,234.8099975585937,234.57583618164065,280700
COO,2018-06-27,234.509994506836,236.47999572753903,231.6999969482422,232.5,232.26817321777344,416400
COO,2018-06-28,232.5,235.2899932861328,230.82000732421875,234.7899932861328,234.5558319091797,621500
COO,2018-06-29,234.5500030517578,237.4900054931641,234.3500061035156,235.4499969482422,235.2152557373047,424700
COO,2018-07-02,233.57000732421875,236.3300018310547,232.13999938964844,236.3000030517578,236.06442260742188,445000
COO,2018-07-03,235.97999572753903,240.7100067138672,234.5200042724609,238.1600036621093,237.92254638671875,281600
COO,2018-07-05,239.0800018310547,239.3500061035156,236.1999969482422,239.1199951171875,238.881591796875,278400
COO,2018-07-06,240.08999633789065,243.57000732421875,239.5200042724609,242.6999969482422,242.4580078125,379100
COO,2018-07-09,242.9499969482422,245.5,242.7100067138672,244.97999572753903,244.7357177734375,443300
COO,2018-07-10,245.5399932861328,245.97000122070312,243.58999633789065,245.2899932861328,245.0453948974609,380300
COO,2018-07-11,244.7700042724609,248.69000244140625,244.1699981689453,247.0599975585937,246.81365966796875,384300
COO,2018-07-12,247.1000061035156,247.7700042724609,243.7100067138672,245.83999633789065,245.59487915039065,452100
COO,2018-07-13,246.44000244140625,248.2100067138672,244.72999572753903,247.1199951171875,246.87359619140625,276300
COO,2018-07-16,247.0,247.22000122070312,242.22999572753903,242.6999969482422,242.4580078125,402800
COO,2018-07-17,242.6000061035156,246.3300018310547,242.6000061035156,246.07000732421875,245.8246459960937,405100
COO,2018-07-18,246.58999633789065,247.9900054931641,243.8600006103516,246.7899932861328,246.54391479492188,335200
COO,2018-07-19,247.0800018310547,248.27999877929688,244.5800018310547,247.9900054931641,247.7427215576172,347500
COO,2018-07-20,246.7100067138672,251.6699981689453,246.7100067138672,248.5800018310547,248.3622131347656,483700
COO,2018-07-23,247.6999969482422,251.0399932861328,246.3699951171875,250.259994506836,250.04071044921875,352900
COO,2018-07-24,250.3500061035156,254.13999938964844,249.94000244140625,250.9199981689453,250.7001495361328,378900
COO,2018-07-25,250.47999572753903,255.2400054931641,250.1499938964844,254.9900054931641,254.76657104492188,282100
COO,2018-07-26,255.8999938964844,257.6499938964844,253.4100036621093,255.5200042724609,255.296127319336,237500
COO,2018-07-27,256.1000061035156,257.0,253.3500061035156,253.9900054931641,253.7674560546875,233400
COO,2018-07-30,257.239990234375,258.44000244140625,253.75,255.9600067138672,255.7357177734375,351100
COO,2018-07-31,257.5400085449219,261.7099914550781,256.8099975585937,260.5,260.271728515625,395300
COO,2018-08-01,259.1400146484375,259.92999267578125,257.2900085449219,259.0299987792969,258.8030700683594,275100
COO,2018-08-02,259.3399963378906,261.57000732421875,258.04998779296875,260.3599853515625,260.1318664550781,231600
COO,2018-08-03,260.989990234375,260.989990234375,258.7699890136719,260.3099975585937,260.0819396972656,262900
COO,2018-08-06,259.5299987792969,260.4200134277344,258.0,258.44000244140625,258.2135314941406,281600
COO,2018-08-07,257.8800048828125,258.0799865722656,255.3300018310547,257.489990234375,257.26434326171875,328600
COO,2018-08-08,257.8999938964844,259.0299987792969,255.4499969482422,257.95001220703125,257.7240295410156,265300
COO,2018-08-09,258.6700134277344,260.8299865722656,256.67999267578125,256.8399963378906,256.614990234375,227800
COO,2018-08-10,256.1499938964844,256.1499938964844,252.3500061035156,253.259994506836,253.0380859375,367100
COO,2018-08-13,253.1600036621093,256.92999267578125,251.6199951171875,253.19000244140625,252.96815490722656,219800
COO,2018-08-14,252.72000122070312,256.5400085449219,250.0,254.97000122070312,254.74659729003903,254700
COO,2018-08-15,254.82000732421875,254.82000732421875,250.8999938964844,253.1499938964844,252.92819213867188,301100
COO,2018-08-16,253.97000122070312,256.95001220703125,252.47999572753903,255.6199951171875,255.39601135253903,219900
COO,2018-08-17,256.2099914550781,258.75,254.8099975585937,257.6300048828125,257.4042663574219,223800
COO,2018-08-20,257.739990234375,258.2799987792969,255.67999267578125,256.0599975585937,255.8356475830078,320300
COO,2018-08-21,257.1000061035156,257.8299865722656,255.1300048828125,256.760009765625,256.5350341796875,272100
COO,2018-08-22,255.3600006103516,260.29998779296875,254.7400054931641,259.5299987792969,259.3025817871094,249300
COO,2018-08-23,259.5299987792969,261.17999267578125,258.5,259.2099914550781,258.9828491210937,177000
COO,2018-08-24,258.7900085449219,260.2699890136719,258.3900146484375,259.9800109863281,259.752197265625,192800
COO,2018-08-27,261.010009765625,261.989990234375,259.1400146484375,261.8299865722656,261.6005554199219,264300
COO,2018-08-28,262.7699890136719,265.3299865722656,261.0299987792969,263.57000732421875,263.3390808105469,273400
COO,2018-08-29,263.6000061035156,266.989990234375,262.75,265.6099853515625,265.37725830078125,293900
COO,2018-08-30,264.4100036621094,265.9200134277344,262.7900085449219,263.69000244140625,263.4589233398437,277300
COO,2018-08-31,254.5,260.3299865722656,246.3000030517578,255.77999877929688,255.5558624267578,1150800
COO,2018-09-04,255.77999877929688,259.0599975585937,255.0200042724609,256.67999267578125,256.4550170898437,514400
COO,2018-09-05,255.7400054931641,257.5599975585937,251.9499969482422,255.33999633789065,255.11627197265625,390500
COO,2018-09-06,255.2400054931641,261.6199951171875,254.69000244140625,259.8099975585937,259.5823974609375,355000
COO,2018-09-07,259.79998779296875,261.04998779296875,257.5799865722656,259.42999267578125,259.20269775390625,298200
COO,2018-09-10,260.510009765625,267.9800109863281,258.2699890136719,259.9800109863281,259.752197265625,388800
COO,2018-09-11,259.4800109863281,264.6499938964844,259.4800109863281,263.7200012207031,263.4888610839844,353900
COO,2018-09-12,263.0,265.79998779296875,263.0,265.19000244140625,264.9576721191406,255300
COO,2018-09-13,265.3699951171875,267.239990234375,262.79998779296875,265.32000732421875,265.08746337890625,290300
COO,2018-09-14,265.1300048828125,265.1300048828125,261.8900146484375,262.9200134277344,262.6896057128906,237200
COO,2018-09-17,263.1000061035156,263.32000732421875,258.3800048828125,259.6600036621094,259.4324645996094,297400
COO,2018-09-18,259.92999267578125,265.04998779296875,258.7200012207031,264.760009765625,264.5280456542969,267400
COO,2018-09-19,265.0,267.3299865722656,264.1000061035156,265.3399963378906,265.1074523925781,375400
COO,2018-09-20,266.5,269.3099975585937,264.7300109863281,267.5599975585937,267.3255615234375,511600
COO,2018-09-21,268.1300048828125,270.6400146484375,266.57000732421875,268.92999267578125,268.6943664550781,398300
COO,2018-09-24,269.1600036621094,270.3699951171875,267.69000244140625,269.44000244140625,269.2038879394531,220500
COO,2018-09-25,270.0,273.44000244140625,269.07000732421875,272.8399963378906,272.6009521484375,258000
COO,2018-09-26,273.8299865722656,276.3099975585937,272.2099914550781,274.5,274.25946044921875,243800
COO,2018-09-27,274.7300109863281,276.6300048828125,273.9700012207031,275.3299865722656,275.0887451171875,209300
COO,2018-09-28,275.3500061035156,277.9200134277344,274.1199951171875,277.1499938964844,276.9071655273437,276500
COO,2018-10-01,277.3099975585937,280.1000061035156,276.8500061035156,278.739990234375,278.4957580566406,218900
COO,2018-10-02,278.7099914550781,279.4200134277344,277.239990234375,279.2300109863281,278.9853210449219,209900
COO,2018-10-03,279.9800109863281,280.1000061035156,274.7699890136719,276.0299987792969,275.7881774902344,394100
COO,2018-10-04,275.1099853515625,275.1099853515625,266.2300109863281,267.8299865722656,267.5953063964844,396500
COO,2018-10-05,268.3800048828125,270.6000061035156,263.5400085449219,266.8900146484375,266.6561584472656,336400
COO,2018-10-08,266.6600036621094,266.6600036621094,260.0799865722656,262.2699890136719,262.04022216796875,296600
COO,2018-10-09,262.3500061035156,263.4800109863281,258.1099853515625,259.69000244140625,259.46246337890625,375100
COO,2018-10-10,258.82000732421875,260.7900085449219,252.3500061035156,252.57000732421875,252.3487243652344,263900
COO,2018-10-11,252.72999572753903,255.67999267578125,249.19000244140625,250.58999633789065,250.3704528808593,315800
COO,2018-10-12,254.08999633789065,256.8599853515625,252.1999969482422,256.2200012207031,255.9955139160156,302300
COO,2018-10-15,255.7700042724609,256.70001220703125,252.3099975585937,253.0,252.77828979492188,219800
COO,2018-10-16,254.02999877929688,262.79998779296875,254.02999877929688,262.07000732421875,261.8403625488281,248200
COO,2018-10-17,260.94000244140625,264.75,259.6099853515625,264.2799987792969,264.0484619140625,161900
COO,2018-10-18,264.3599853515625,264.6700134277344,256.5,258.1199951171875,257.8938293457031,200500
COO,2018-10-19,258.3999938964844,259.1000061035156,253.9900054931641,254.2100067138672,253.9872589111328,209100
COO,2018-10-22,255.0500030517578,255.3600006103516,252.8699951171875,254.27999877929688,254.0572052001953,158100
COO,2018-10-23,251.1199951171875,255.83999633789065,248.1000061035156,253.77999877929688,253.55763244628903,221100
COO,2018-10-24,253.88999938964844,256.42999267578125,248.1000061035156,248.57000732421875,248.3522186279297,195400
COO,2018-10-25,249.4199981689453,252.6499938964844,245.7700042724609,250.5500030517578,250.3304748535156,181400
COO,2018-10-26,247.8300018310547,250.7700042724609,243.8500061035156,247.8500061035156,247.6328582763672,217500
COO,2018-10-29,249.7899932861328,252.42999267578125,244.82000732421875,247.6999969482422,247.4829559326172,252000
COO,2018-10-30,249.13999938964844,254.6000061035156,248.7100067138672,254.2899932861328,254.0671844482422,231100
COO,2018-10-31,255.5200042724609,262.57000732421875,254.2899932861328,258.3099975585937,258.0836486816406,355800
COO,2018-11-01,259.67999267578125,263.5400085449219,258.3099975585937,263.0799865722656,262.8495178222656,235100
COO,2018-11-02,264.4599914550781,265.989990234375,261.79998779296875,263.42999267578125,263.1991577148437,190500
COO,2018-11-05,264.0,265.5599975585937,254.7400054931641,258.25,258.0237121582031,315100
COO,2018-11-06,256.8999938964844,260.44000244140625,256.8999938964844,259.6400146484375,259.4125061035156,244900
COO,2018-11-07,261.0,268.3999938964844,261.0,265.8500061035156,265.6170959472656,244500
COO,2018-11-08,265.9800109863281,268.2699890136719,264.8500061035156,267.6300048828125,267.3954772949219,225400
COO,2018-11-09,267.5,270.3399963378906,265.2200012207031,267.79998779296875,267.5653686523437,204600
COO,2018-11-12,267.8299865722656,267.8299865722656,260.54998779296875,261.75,261.5206604003906,356700
COO,2018-11-13,261.6000061035156,263.4599914550781,254.1600036621093,255.0,254.77655029296875,338200
COO,2018-11-14,257.04998779296875,262.1000061035156,251.75,254.0599975585937,253.83740234375,251200
COO,2018-11-15,252.47999572753903,258.0599975585937,250.4600067138672,257.2099914550781,256.9846496582031,284900
COO,2018-11-16,256.3299865722656,265.7099914550781,253.3699951171875,265.0299987792969,264.7977905273437,270000
COO,2018-11-19,265.57000732421875,265.57000732421875,255.1000061035156,256.79998779296875,256.57501220703125,291400
COO,2018-11-20,253.75,261.2300109863281,252.3600006103516,260.8999938964844,260.6714172363281,311300
COO,2018-11-21,261.239990234375,267.8099975585937,261.239990234375,265.9200134277344,265.68701171875,300400
COO,2018-11-23,264.6099853515625,270.3500061035156,264.6099853515625,270.0799865722656,269.84332275390625,154600
COO,2018-11-26,273.0,274.989990234375,270.9599914550781,272.5199890136719,272.2812194824219,380500
COO,2018-11-27,272.07000732421875,274.29998779296875,269.5,273.6400146484375,273.4002990722656,291800
COO,2018-11-28,273.3299865722656,273.9200134277344,269.1000061035156,273.3800048828125,273.14044189453125,609600
COO,2018-11-29,272.260009765625,278.6099853515625,272.260009765625,277.4200134277344,277.1768798828125,355900
COO,2018-11-30,279.2200012207031,281.75,275.9200134277344,278.8299865722656,278.5857238769531,511000
COO,2018-12-03,279.92999267578125,283.17999267578125,279.7900085449219,281.6600036621094,281.4132080078125,585400
COO,2018-12-04,282.3800048828125,282.8599853515625,273.94000244140625,274.8999938964844,274.6591491699219,530500
COO,2018-12-06,273.1099853515625,277.8900146484375,264.7799987792969,277.0299987792969,276.7872314453125,635300
COO,2018-12-07,263.489990234375,272.0,242.6499938964844,243.009994506836,242.79705810546875,1253700
COO,2018-12-10,242.6499938964844,254.6999969482422,241.1499938964844,253.0800018310547,252.85826110839844,784600
COO,2018-12-11,256.0899963378906,260.7699890136719,249.1999969482422,254.7700042724609,254.5467529296875,476400
COO,2018-12-12,257.95001220703125,260.8999938964844,254.4199981689453,254.72999572753903,254.5068359375,328300
COO,2018-12-13,257.7200012207031,259.5799865722656,254.4499969482422,256.8800048828125,256.65496826171875,335100
COO,2018-12-14,255.0800018310547,255.0800018310547,248.6499938964844,249.97000122070312,249.7509765625,326700
COO,2018-12-17,247.47000122070312,249.8500061035156,241.8099975585937,244.4600067138672,244.2458038330078,416300
COO,2018-12-18,246.44000244140625,249.0500030517578,245.6000061035156,247.22000122070312,247.0034027099609,546400
COO,2018-12-19,247.9600067138672,249.6699981689453,241.9499969482422,243.58999633789065,243.3765869140625,435900
COO,2018-12-20,242.69000244140625,244.1499938964844,234.47000122070312,236.77999877929688,236.5725250244141,543700
COO,2018-12-21,234.42999267578125,239.3699951171875,234.42999267578125,236.5800018310547,236.3727264404297,721000
COO,2018-12-24,235.92999267578125,235.92999267578125,228.6499938964844,232.6999969482422,232.49610900878903,357000
COO,2018-12-26,233.9600067138672,244.67999267578125,231.8600006103516,244.58999633789065,244.3756866455078,454400
COO,2018-12-27,241.83999633789065,252.7400054931641,239.97999572753903,252.17999267578125,251.9590301513672,878800
COO,2018-12-28,252.9499969482422,252.9499969482422,246.3300018310547,249.6499938964844,249.4312744140625,452600
COO,2018-12-31,251.7899932861328,255.6199951171875,249.3600006103516,254.5,254.27700805664065,290900
COO,2019-01-02,251.5399932861328,252.8800048828125,247.0399932861328,250.6300048828125,250.410400390625,293500
COO,2019-01-03,249.22000122070312,250.3699951171875,242.4499969482422,246.17999267578125,245.9643096923828,468300
COO,2019-01-04,242.0,249.2899932861328,241.72000122070312,246.19000244140625,245.97430419921875,870700
COO,2019-01-07,247.1999969482422,250.52999877929688,246.0,246.7700042724609,246.55377197265625,483600
COO,2019-01-08,247.8300018310547,254.3000030517578,247.8300018310547,253.8300018310547,253.6075897216797,418000
COO,2019-01-09,255.0,263.1499938964844,255.0,258.260009765625,258.0337219238281,452300
COO,2019-01-10,257.17999267578125,260.29998779296875,256.07000732421875,259.6400146484375,259.4125061035156,291900
COO,2019-01-11,258.6600036621094,261.6400146484375,255.8300018310547,261.489990234375,261.2608947753906,185500
COO,2019-01-14,260.0199890136719,263.5799865722656,259.3099975585937,260.5799865722656,260.3516540527344,344900
COO,2019-01-15,259.7300109863281,269.70001220703125,259.2099914550781,268.67999267578125,268.444580078125,318200
COO,2019-01-16,269.0,272.989990234375,266.8500061035156,272.1499938964844,271.9115295410156,435800
COO,2019-01-17,272.2300109863281,274.45001220703125,267.2099914550781,267.5,267.2655944824219,542600
COO,2019-01-18,269.1099853515625,270.0799865722656,263.760009765625,269.6300048828125,269.42401123046875,552200
COO,2019-01-22,268.3599853515625,269.3099975585937,264.3900146484375,267.510009765625,267.3056030273437,310800
COO,2019-01-23,268.44000244140625,272.5899963378906,264.8399963378906,268.8099975585937,268.60455322265625,242600
COO,2019-01-24,269.0799865722656,272.5299987792969,268.9800109863281,271.9700012207031,271.76220703125,239300
COO,2019-01-25,272.94000244140625,275.8099975585937,272.0799865722656,275.6099853515625,275.3993835449219,267700
COO,2019-01-28,274.07000732421875,275.25,271.94000244140625,273.6400146484375,273.43096923828125,184200
COO,2019-01-29,273.6700134277344,275.5599975585937,271.0799865722656,273.760009765625,273.5508117675781,202600
COO,2019-01-30,273.79998779296875,279.1499938964844,272.5599975585937,276.75,276.53857421875,296600
COO,2019-01-31,275.6400146484375,279.7799987792969,273.8299865722656,278.760009765625,278.5470275878906,474100
COO,2019-02-01,281.9200134277344,288.510009765625,277.010009765625,277.7200012207031,277.5078125,373400
COO,2019-02-04,277.739990234375,278.70001220703125,273.6000061035156,277.239990234375,277.0281677246094,336200
COO,2019-02-05,278.2200012207031,281.29998779296875,276.7300109863281,277.8500061035156,277.6376953125,225300
COO,2019-02-06,277.6700134277344,278.6499938964844,275.7099914550781,276.4599914550781,276.2488098144531,244800
COO,2019-02-07,274.44000244140625,275.8800048828125,270.5400085449219,272.82000732421875,272.611572265625,310600
COO,2019-02-08,271.7699890136719,276.1600036621094,271.239990234375,276.07000732421875,275.859130859375,214500
COO,2019-02-11,277.5,279.489990234375,274.67999267578125,275.2300109863281,275.01971435546875,222300
COO,2019-02-12,276.9800109863281,278.6700134277344,274.5,278.0899963378906,277.87750244140625,225300
COO,2019-02-13,279.010009765625,279.3900146484375,274.6700134277344,278.0,277.78759765625,252300
COO,2019-02-14,277.5799865722656,277.9700012207031,275.5199890136719,276.010009765625,275.79913330078125,267300
COO,2019-02-15,278.3500061035156,280.19000244140625,274.7699890136719,279.07000732421875,278.8567810058594,724600
COO,2019-02-19,279.1300048828125,283.6700134277344,278.8800048828125,283.4200134277344,283.2034606933594,308800
COO,2019-02-20,282.79998779296875,285.0899963378906,282.45001220703125,284.6199951171875,284.40252685546875,236700
COO,2019-02-21,284.1199951171875,287.9800109863281,283.5400085449219,286.3299865722656,286.1111755371094,289700
COO,2019-02-22,286.6700134277344,293.0,284.69000244140625,292.5899963378906,292.366455078125,339300
COO,2019-02-25,293.42999267578125,295.1000061035156,292.54998779296875,294.6000061035156,294.3748474121094,265500
COO,2019-02-26,294.3999938964844,295.3599853515625,288.2799987792969,288.75,288.529296875,324600
COO,2019-02-27,287.739990234375,289.17999267578125,286.3299865722656,287.0199890136719,286.8006591796875,588300
COO,2019-02-28,287.2699890136719,288.45001220703125,285.6300048828125,285.989990234375,285.7714233398437,813500
COO,2019-03-01,287.17999267578125,292.20001220703125,285.5400085449219,290.6700134277344,290.44793701171875,884200
COO,2019-03-04,291.3500061035156,291.6700134277344,283.8999938964844,287.8500061035156,287.630126953125,474300
COO,2019-03-05,289.0199890136719,291.1400146484375,285.3699951171875,290.2200012207031,289.9982604980469,514600
COO,2019-03-06,299.0,299.0,278.8500061035156,282.760009765625,282.5439758300781,1027000
COO,2019-03-07,283.989990234375,292.4599914550781,283.0899963378906,288.3900146484375,288.1695861816406,490300
COO,2019-03-08,286.489990234375,290.8999938964844,282.92999267578125,288.1000061035156,287.8798522949219,392500
COO,2019-03-11,288.42999267578125,290.5199890136719,287.67999267578125,288.8099975585937,288.5892944335937,374900
COO,2019-03-12,289.9100036621094,293.69000244140625,288.010009765625,292.989990234375,292.7661437988281,331300
COO,2019-03-13,293.6700134277344,294.3900146484375,290.2699890136719,292.1099853515625,291.88677978515625,236200
COO,2019-03-14,291.4700012207031,295.3599853515625,289.9599914550781,294.8099975585937,294.5847473144531,429200
COO,2019-03-15,294.7200012207031,296.760009765625,293.7699890136719,295.2300109863281,295.0044250488281,440200
COO,2019-03-18,294.75,296.32000732421875,289.2300109863281,293.17999267578125,292.9559631347656,381600
COO,2019-03-19,292.7799987792969,294.94000244140625,289.8099975585937,294.5799865722656,294.3548889160156,375300
COO,2019-03-20,294.5,294.5,290.760009765625,291.2099914550781,290.9874267578125,318300
COO,2019-03-21,290.739990234375,297.8800048828125,290.739990234375,297.25,297.0228881835937,243800
COO,2019-03-22,296.6300048828125,297.6199951171875,291.6000061035156,291.760009765625,291.537109375,271600
COO,2019-03-25,292.3999938964844,293.8399963378906,289.9700012207031,292.3099975585937,292.0866394042969,240200
COO,2019-03-26,294.3099975585937,297.0899963378906,293.7900085449219,294.1099853515625,293.88525390625,364600
COO,2019-03-27,294.1099853515625,294.8099975585937,290.94000244140625,292.8500061035156,292.626220703125,237100
COO,2019-03-28,294.2200012207031,295.69000244140625,291.510009765625,294.9700012207031,294.7445983886719,256000
COO,2019-03-29,295.32000732421875,297.94000244140625,292.8699951171875,296.1700134277344,295.9436950683594,356500
COO,2019-04-01,298.0,302.3599853515625,294.4700012207031,295.82000732421875,295.59393310546875,366200
COO,2019-04-02,296.45001220703125,298.5,292.17999267578125,297.5899963378906,297.36260986328125,288100
COO,2019-04-03,298.3699951171875,299.3900146484375,295.54998779296875,297.07000732421875,296.8429870605469,365800
COO,2019-04-04,297.0799865722656,297.0799865722656,289.4599914550781,290.7300109863281,290.5078430175781,421500
COO,2019-04-05,289.5899963378906,291.5199890136719,288.239990234375,289.44000244140625,289.2188720703125,721100
COO,2019-04-08,289.1300048828125,290.0400085449219,284.5799865722656,290.0299987792969,289.8083801269531,295800
COO,2019-04-09,288.95001220703125,292.75,288.4100036621094,289.4599914550781,289.23883056640625,398500
COO,2019-04-10,290.1000061035156,293.17999267578125,288.3299865722656,291.67999267578125,291.4571228027344,196300
COO,2019-04-11,293.1099853515625,293.1099853515625,289.07000732421875,291.8800048828125,291.656982421875,299900
COO,2019-04-12,292.0,297.2200012207031,291.5799865722656,292.94000244140625,292.7161865234375,281000
COO,2019-04-15,294.3800048828125,295.94000244140625,292.8699951171875,295.6199951171875,295.39410400390625,222500
COO,2019-04-16,296.6099853515625,297.45001220703125,287.25,288.9800109863281,288.7592468261719,280500
COO,2019-04-17,290.2699890136719,290.2699890136719,278.5,279.2900085449219,279.0765991210937,417400
COO,2019-04-18,280.44000244140625,284.6300048828125,278.760009765625,281.2200012207031,281.0051574707031,495500
COO,2019-04-22,279.95001220703125,286.8399963378906,279.95001220703125,284.3099975585937,284.0927429199219,318300
COO,2019-04-23,285.5599975585937,288.5899963378906,284.0400085449219,286.739990234375,286.5208740234375,304000
COO,2019-04-24,287.8299865722656,288.3699951171875,281.75,282.4599914550781,282.2441101074219,363800
COO,2019-04-25,281.0400085449219,282.6499938964844,279.4200134277344,281.5,281.2849426269531,547900
COO,2019-04-26,283.45001220703125,288.3999938964844,280.42999267578125,288.29998779296875,288.0796813964844,352300
COO,2019-04-29,288.1499938964844,289.989990234375,285.3299865722656,285.8900146484375,285.67156982421875,272300
COO,2019-04-30,286.94000244140625,290.7099914550781,285.1199951171875,289.9200134277344,289.6984558105469,312900
COO,2019-05-01,289.760009765625,290.9200134277344,286.45001220703125,287.3999938964844,287.180419921875,206400
COO,2019-05-02,287.9100036621094,291.0,284.4800109863281,290.8099975585937,290.5877685546875,277500
COO,2019-05-03,290.8099975585937,294.5799865722656,290.5400085449219,293.9100036621094,293.6854248046875,266500
COO,2019-05-06,290.8999938964844,296.3099975585937,288.32000732421875,294.760009765625,294.5347595214844,313600
COO,2019-05-07,292.4200134277344,293.7699890136719,286.7900085449219,289.2300109863281,289.009033203125,232800
COO,2019-05-08,289.0400085449219,292.44000244140625,287.5599975585937,290.92999267578125,290.70770263671875,172900
COO,2019-05-09,289.1099853515625,292.3800048828125,285.69000244140625,291.4200134277344,291.1973571777344,202000
COO,2019-05-10,290.5299987792969,292.79998779296875,284.1199951171875,291.7900085449219,291.56707763671875,149000
COO,2019-05-13,287.1199951171875,289.0899963378906,284.6000061035156,286.7900085449219,286.57086181640625,180600
COO,2019-05-14,286.8099975585937,290.17999267578125,286.8099975585937,287.79998779296875,287.5801086425781,157700
COO,2019-05-15,287.5299987792969,291.6499938964844,285.5,290.760009765625,290.5378112792969,183800
COO,2019-05-16,291.0400085449219,295.4599914550781,290.7200012207031,291.6600036621094,291.4371337890625,312000
COO,2019-05-17,289.3599853515625,294.6700134277344,289.3500061035156,292.7300109863281,292.5063171386719,210200
COO,2019-05-20,291.45001220703125,293.17999267578125,288.95001220703125,289.4800109863281,289.25885009765625,201000
COO,2019-05-21,291.1600036621094,293.5599975585937,290.9599914550781,292.510009765625,292.2864685058594,213300
COO,2019-05-22,292.8800048828125,294.3800048828125,292.2699890136719,293.5400085449219,293.315673828125,200000
COO,2019-05-23,292.04998779296875,293.07000732421875,290.8299865722656,291.92999267578125,291.7068786621094,281700
COO,2019-05-24,292.79998779296875,294.2699890136719,290.260009765625,291.2200012207031,290.9974365234375,235100
COO,2019-05-28,292.1099853515625,296.5799865722656,286.3999938964844,286.5799865722656,286.36102294921875,427900
COO,2019-05-29,286.6000061035156,286.6000061035156,281.0299987792969,284.9599914550781,284.74224853515625,345900
COO,2019-05-30,285.2099914550781,289.9700012207031,285.2099914550781,286.44000244140625,286.2211303710937,328400
COO,2019-05-31,287.0400085449219,297.9599914550781,279.0299987792969,297.7900085449219,297.5624389648437,477800
COO,2019-06-03,298.6099853515625,303.8900146484375,296.82000732421875,301.760009765625,301.5294189453125,358800
COO,2019-06-04,304.7799987792969,311.17999267578125,302.8900146484375,310.6099853515625,310.37261962890625,381300
COO,2019-06-05,313.4200134277344,315.67999267578125,311.7699890136719,312.2699890136719,312.0313720703125,361500
COO,2019-06-06,313.3599853515625,320.5799865722656,312.5,319.94000244140625,319.695556640625,401100
COO,2019-06-07,320.7200012207031,324.1199951171875,320.25,321.95001220703125,321.7040100097656,357100
COO,2019-06-10,325.2300109863281,325.8800048828125,321.92999267578125,322.6099853515625,322.36346435546875,374300
COO,2019-06-11,322.9700012207031,325.25,320.8800048828125,324.0899963378906,323.84234619140625,288800
COO,2019-06-12,324.5799865722656,329.1099853515625,323.8299865722656,328.1199951171875,327.8692932128906,255400
COO,2019-06-13,329.8800048828125,329.8800048828125,322.8800048828125,324.5599975585937,324.3119812011719,394300
COO,2019-06-14,324.8099975585937,325.3900146484375,321.75,323.1000061035156,322.8531188964844,261000
COO,2019-06-17,324.0,325.44000244140625,322.2699890136719,324.489990234375,324.2420349121094,171200
COO,2019-06-18,327.8699951171875,329.20001220703125,323.75,324.19000244140625,323.9422912597656,209600
COO,2019-06-19,324.4700012207031,332.3399963378906,324.3099975585937,331.510009765625,331.2567138671875,213200
COO,2019-06-20,331.1600036621094,334.3299865722656,325.0599975585937,327.44000244140625,327.1898498535156,331000
COO,2019-06-21,328.2099914550781,329.6099853515625,323.07000732421875,328.8699951171875,328.61865234375,429500
COO,2019-06-24,328.9800109863281,329.3500061035156,324.7900085449219,328.94000244140625,328.68865966796875,229900
COO,2019-06-25,329.7900085449219,334.0,329.1099853515625,329.9800109863281,329.7278747558594,258100
COO,2019-06-26,329.7799987792969,331.0400085449219,326.1700134277344,328.42999267578125,328.1789855957031,266500
COO,2019-06-27,329.6400146484375,331.75,327.20001220703125,331.57000732421875,331.316650390625,191500
COO,2019-06-28,331.5299987792969,336.8900146484375,330.260009765625,336.8900146484375,336.6325988769531,588500
COO,2019-07-01,339.3800048828125,340.8599853515625,337.29998779296875,340.0,339.7402038574219,342200
COO,2019-07-02,343.3299865722656,343.3299865722656,332.2900085449219,332.7900085449219,332.5357360839844,534900
COO,2019-07-03,334.2699890136719,338.6000061035156,331.20001220703125,335.260009765625,335.0038452148437,235300
COO,2019-07-05,333.8699951171875,334.989990234375,329.29998779296875,332.7300109863281,332.47576904296875,278600
COO,2019-07-08,330.8599853515625,332.9700012207031,328.0799865722656,330.489990234375,330.2374572753906,489300
COO,2019-07-09,328.4800109863281,333.2799987792969,328.4800109863281,332.9200134277344,332.6656188964844,227700
COO,2019-07-10,334.6000061035156,335.79998779296875,330.4700012207031,330.9700012207031,330.71710205078125,165600
COO,2019-07-11,331.92999267578125,334.79998779296875,329.8500061035156,334.04998779296875,333.7947692871094,351700
COO,2019-07-12,334.29998779296875,334.29998779296875,327.6300048828125,330.94000244140625,330.6871337890625,197900
COO,2019-07-15,330.45001220703125,332.5899963378906,328.8900146484375,331.94000244140625,331.6863708496094,321800
COO,2019-07-16,331.9800109863281,333.739990234375,327.8900146484375,328.19000244140625,327.9392395019531,249500
COO,2019-07-17,326.8999938964844,333.94000244140625,326.8999938964844,331.3599853515625,331.1068115234375,275000
COO,2019-07-18,331.3599853515625,334.1000061035156,330.6099853515625,331.9100036621094,331.6563720703125,192100
COO,2019-07-19,333.239990234375,333.2799987792969,330.0799865722656,331.5199890136719,331.2666320800781,176300
COO,2019-07-22,331.3599853515625,334.489990234375,330.2099914550781,332.9599914550781,332.73565673828125,207500
COO,2019-07-23,333.3800048828125,335.1300048828125,329.5199890136719,335.0,334.7742919921875,141500
COO,2019-07-24,334.5299987792969,336.7200012207031,332.0599975585937,336.6199951171875,336.3932189941406,169800
COO,2019-07-25,336.3599853515625,338.92999267578125,335.9100036621094,337.70001220703125,337.4725341796875,181800
COO,2019-07-26,338.92999267578125,338.92999267578125,335.8500061035156,337.9800109863281,337.7523193359375,165900
COO,2019-07-29,338.4599914550781,341.54998779296875,336.510009765625,341.489990234375,341.25994873046875,202300
COO,2019-07-30,340.3599853515625,342.2099914550781,337.5799865722656,341.0899963378906,340.8602294921875,179100
COO,2019-07-31,340.5799865722656,341.8500061035156,336.9100036621094,337.3999938964844,337.1726989746094,210900
COO,2019-08-01,336.8099975585937,342.7900085449219,335.7699890136719,337.989990234375,337.7622985839844,235000
COO,2019-08-02,338.42999267578125,338.42999267578125,331.6199951171875,334.8599853515625,334.63446044921875,198200
COO,2019-08-05,331.5599975585937,334.0400085449219,324.04998779296875,325.67999267578125,325.4605712890625,278300
COO,2019-08-06,326.7699890136719,329.6300048828125,322.2200012207031,328.75,328.52850341796875,618800
COO,2019-08-07,326.07000732421875,331.1199951171875,322.94000244140625,330.6199951171875,330.3972473144531,332300
COO,2019-08-08,330.44000244140625,334.8900146484375,329.4200134277344,334.1400146484375,333.9149169921875,255700
COO,2019-08-09,333.5799865722656,338.5799865722656,333.5799865722656,336.8699951171875,336.6430358886719,260700
COO,2019-08-12,335.4200134277344,337.2699890136719,332.2699890136719,333.04998779296875,332.8256225585937,155800
COO,2019-08-13,334.8800048828125,344.32000732421875,334.8800048828125,340.17999267578125,339.9508056640625,230000
COO,2019-08-14,338.2200012207031,343.6000061035156,332.6000061035156,332.739990234375,332.5158386230469,176600
COO,2019-08-15,334.1199951171875,337.5899963378906,332.45001220703125,335.9599914550781,335.7336730957031,174200
COO,2019-08-16,338.0299987792969,341.8500061035156,332.1700134277344,335.3800048828125,335.154052734375,221500
COO,2019-08-19,337.9200134277344,339.1700134277344,334.5899963378906,335.3800048828125,335.154052734375,228200
COO,2019-08-20,335.75,338.67999267578125,332.0899963378906,332.3299865722656,332.1060791015625,249200
COO,2019-08-21,333.0,335.1499938964844,327.2200012207031,332.6099853515625,332.3858947753906,389200
COO,2019-08-22,333.1199951171875,334.5599975585937,329.4599914550781,329.82000732421875,329.5978088378906,270200
COO,2019-08-23,330.0299987792969,332.1199951171875,320.3099975585937,321.6700134277344,321.45330810546875,306500
COO,2019-08-26,323.3999938964844,325.0,322.17999267578125,324.239990234375,324.02154541015625,206500
COO,2019-08-27,325.20001220703125,327.9599914550781,323.239990234375,326.3900146484375,326.1700744628906,190700
COO,2019-08-28,324.0,325.69000244140625,318.20001220703125,320.9700012207031,320.7537536621094,343300
COO,2019-08-29,322.8999938964844,332.70001220703125,322.8999938964844,328.5899963378906,328.36865234375,430400
COO,2019-08-30,303.8099975585937,309.8999938964844,295.25,309.75,309.54132080078125,771800
COO,2019-09-03,308.7799987792969,309.69000244140625,296.010009765625,299.5400085449219,299.3382263183594,523800
COO,2019-09-04,300.7200012207031,302.3999938964844,298.4800109863281,301.2300109863281,301.027099609375,368400
COO,2019-09-05,304.7699890136719,307.9800109863281,303.2099914550781,307.7300109863281,307.5226745605469,457800
COO,2019-09-06,307.79998779296875,309.8699951171875,302.54998779296875,302.8399963378906,302.6360168457031,300500
COO,2019-09-09,302.3500061035156,302.3500061035156,296.6000061035156,297.67999267578125,297.4794921875,401100
COO,2019-09-10,296.739990234375,299.5199890136719,290.8599853515625,296.8900146484375,296.6900329589844,404800
COO,2019-09-11,297.0,300.1499938964844,297.0,299.1700134277344,298.9684753417969,313200
COO,2019-09-12,302.0199890136719,305.32000732421875,300.739990234375,305.0,304.7945251464844,512200
COO,2019-09-13,304.0299987792969,306.7200012207031,299.8500061035156,301.510009765625,301.3069152832031,408500
COO,2019-09-16,300.010009765625,305.1000061035156,298.5199890136719,303.0899963378906,302.8858337402344,266300
COO,2019-09-17,302.6499938964844,307.0,302.20001220703125,305.54998779296875,305.3441162109375,349700
COO,2019-09-18,306.3800048828125,307.3900146484375,300.6000061035156,303.1000061035156,302.8958435058594,412300
COO,2019-09-19,302.9200134277344,304.70001220703125,301.0400085449219,301.25,301.0469970703125,186100
COO,2019-09-20,301.7099914550781,306.3699951171875,301.3500061035156,302.32000732421875,302.1163330078125,373900
COO,2019-09-23,301.3900146484375,303.69000244140625,299.29998779296875,302.19000244140625,301.9864196777344,251600
COO,2019-09-24,302.9800109863281,305.8800048828125,297.5599975585937,298.94000244140625,298.73858642578125,391300
COO,2019-09-25,299.9800109863281,299.9800109863281,294.7300109863281,297.2799987792969,297.0797424316406,355300
COO,2019-09-26,298.5899963378906,301.9200134277344,297.2699890136719,298.8800048828125,298.6786193847656,279900
COO,2019-09-27,300.82000732421875,301.7300109863281,292.67999267578125,294.25,294.0517578125,254300
COO,2019-09-30,294.32000732421875,299.1700134277344,294.25,297.0,296.7999267578125,272800
COO,2019-10-01,297.5400085449219,298.989990234375,292.5599975585937,292.8399963378906,292.6426696777344,288000
COO,2019-10-02,291.2200012207031,292.8099975585937,286.9599914550781,288.92999267578125,288.7353515625,319500
COO,2019-10-03,289.3900146484375,294.1499938964844,285.04998779296875,293.75,293.5520935058594,523500
COO,2019-10-04,294.8699951171875,297.8800048828125,294.0,296.8699951171875,296.6700134277344,420300
COO,2019-10-07,294.8800048828125,296.7200012207031,293.3800048828125,293.94000244140625,293.74200439453125,423700
COO,2019-10-08,292.0299987792969,292.0299987792969,285.9700012207031,286.07000732421875,285.8772888183594,440600
COO,2019-10-09,287.32000732421875,290.3099975585937,286.5199890136719,288.9800109863281,288.7853698730469,388700
COO,2019-10-10,287.82000732421875,292.989990234375,287.79998779296875,290.8099975585937,290.6140441894531,344000
COO,2019-10-11,293.4700012207031,298.2699890136719,289.7200012207031,293.8900146484375,293.6920166015625,327100
COO,2019-10-14,294.0599975585937,294.3099975585937,291.44000244140625,292.510009765625,292.3129272460937,139600
COO,2019-10-15,295.239990234375,297.2099914550781,291.7799987792969,295.1499938964844,294.951171875,262000
COO,2019-10-16,294.44000244140625,295.0199890136719,290.75,291.5299987792969,291.3335876464844,322700
COO,2019-10-17,292.6199951171875,295.0,291.32000732421875,292.25,292.0531005859375,213100
COO,2019-10-18,292.19000244140625,293.3900146484375,287.6000061035156,287.8099975585937,287.6161499023437,308300
COO,2019-10-21,289.2799987792969,289.739990234375,286.4800109863281,287.3399963378906,287.1464233398437,305200
COO,2019-10-22,288.9599914550781,290.5,280.260009765625,281.17999267578125,280.9906005859375,322100
COO,2019-10-23,281.1099853515625,284.32000732421875,280.7699890136719,282.20001220703125,282.0098571777344,218300
COO,2019-10-24,283.5400085449219,283.5599975585937,280.239990234375,282.7200012207031,282.5295715332031,232100
COO,2019-10-25,282.260009765625,286.4200134277344,281.010009765625,281.75,281.5601806640625,239000
COO,2019-10-28,283.1099853515625,286.1600036621094,282.8599853515625,284.0199890136719,283.8286437988281,249500
COO,2019-10-29,284.20001220703125,291.4100036621094,283.510009765625,290.70001220703125,290.5041809082031,309400
COO,2019-10-30,290.8399963378906,292.4599914550781,289.5,292.1000061035156,291.9032287597656,193500
COO,2019-10-31,292.0799865722656,294.8800048828125,287.6199951171875,291.0,290.8039855957031,188900
COO,2019-11-01,292.3800048828125,295.45001220703125,291.4599914550781,291.8299865722656,291.6333923339844,189300
COO,2019-11-04,293.010009765625,294.5299987792969,289.6600036621094,290.1400146484375,289.9445495605469,204000
COO,2019-11-05,288.8900146484375,292.2300109863281,288.8900146484375,290.94000244140625,290.7440185546875,197600
COO,2019-11-06,291.32000732421875,293.6700134277344,289.6099853515625,291.489990234375,291.2936096191406,204000
COO,2019-11-07,292.92999267578125,295.69000244140625,292.92999267578125,294.75,294.55145263671875,164800
COO,2019-11-08,294.8299865722656,294.8299865722656,289.75,291.3999938964844,291.2037353515625,224300
COO,2019-11-11,290.5,293.0299987792969,288.70001220703125,292.92999267578125,292.732666015625,243200
COO,2019-11-12,292.989990234375,296.8800048828125,292.989990234375,294.5299987792969,294.33160400390625,231400
COO,2019-11-13,293.8900146484375,297.7300109863281,292.57000732421875,296.7699890136719,296.570068359375,302800
COO,2019-11-14,296.7699890136719,299.6300048828125,295.6199951171875,299.6000061035156,299.398193359375,195900
COO,2019-11-15,299.6600036621094,302.2099914550781,297.5,301.9800109863281,301.776611328125,219000
COO,2019-11-18,303.0599975585937,307.0199890136719,302.6300048828125,305.69000244140625,305.4841003417969,395700
COO,2019-11-19,306.260009765625,310.7300109863281,305.0,309.07000732421875,308.8617858886719,384900
COO,2019-11-20,306.5899963378906,309.3800048828125,300.1099853515625,304.4700012207031,304.264892578125,329100
COO,2019-11-21,303.8299865722656,306.8599853515625,301.2099914550781,306.489990234375,306.28350830078125,234200
COO,2019-11-22,306.8099975585937,308.67999267578125,304.5599975585937,307.8099975585937,307.6026611328125,140200
COO,2019-11-25,308.760009765625,313.4599914550781,306.25,312.4200134277344,312.20953369140625,312300
COO,2019-11-26,312.19000244140625,314.3999938964844,312.19000244140625,313.17999267578125,312.968994140625,364500
COO,2019-11-27,314.7099914550781,318.25,313.260009765625,316.9700012207031,316.7564697265625,243300
COO,2019-11-29,314.4800109863281,315.7300109863281,312.489990234375,313.0899963378906,312.8790283203125,161200
COO,2019-12-02,313.5299987792969,314.20001220703125,309.5299987792969,311.7799987792969,311.5699462890625,305300
COO,2019-12-03,309.0199890136719,312.4700012207031,308.8299865722656,311.4200134277344,311.210205078125,304200
COO,2019-12-04,311.17999267578125,314.8800048828125,310.7300109863281,312.0899963378906,311.8797302246094,362100
COO,2019-12-05,312.8299865722656,314.94000244140625,311.1099853515625,312.8599853515625,312.64923095703125,328900
COO,2019-12-06,308.1000061035156,312.6099853515625,301.1600036621094,307.19000244140625,306.9830322265625,738900
COO,2019-12-09,306.1700134277344,306.8599853515625,302.0,302.260009765625,302.056396484375,452000
COO,2019-12-10,303.75,306.3900146484375,303.1000061035156,304.5400085449219,304.3348083496094,263700
COO,2019-12-11,304.5799865722656,307.0400085449219,303.42999267578125,306.67999267578125,306.4734191894531,315000
COO,2019-12-12,306.8599853515625,315.489990234375,305.739990234375,314.54998779296875,314.3380432128906,457800
COO,2019-12-13,313.8900146484375,318.4700012207031,313.6400146484375,316.9200134277344,316.7065124511719,278700
COO,2019-12-16,320.9800109863281,321.5799865722656,317.32000732421875,318.9700012207031,318.75506591796875,326800
COO,2019-12-17,319.1499938964844,319.1499938964844,316.510009765625,318.2699890136719,318.0555725097656,296100
COO,2019-12-18,318.75,320.3999938964844,317.8999938964844,319.8399963378906,319.6245422363281,313700
COO,2019-12-19,320.0,320.6099853515625,316.9599914550781,319.6700134277344,319.4546203613281,208300
COO,2019-12-20,321.1099853515625,322.70001220703125,316.8999938964844,319.0899963378906,318.8750305175781,388000
COO,2019-12-23,319.54998779296875,322.4599914550781,316.0799865722656,320.6700134277344,320.4540405273437,286200
COO,2019-12-24,320.7799987792969,322.3500061035156,318.75,322.04998779296875,321.83306884765625,62600
COO,2019-12-26,321.7300109863281,321.7300109863281,317.82000732421875,320.010009765625,319.79443359375,171500
COO,2019-12-27,320.5,322.2200012207031,318.739990234375,321.1099853515625,320.8936462402344,183100
COO,2019-12-30,320.3999938964844,321.6700134277344,318.260009765625,319.45001220703125,319.2348327636719,137400
COO,2019-12-31,318.4800109863281,321.5599975585937,318.0199890136719,321.2900085449219,321.0735168457031,242100
COO,2020-01-02,323.2200012207031,323.8500061035156,318.7699890136719,323.32000732421875,323.1021728515625,317000
COO,2020-01-03,318.4800109863281,322.9599914550781,318.260009765625,322.29998779296875,322.0828857421875,197300
COO,2020-01-06,321.4700012207031,323.760009765625,319.8299865722656,323.1700134277344,322.9522705078125,185100
COO,2020-01-07,322.9599914550781,324.67999267578125,320.3099975585937,324.04998779296875,323.8316345214844,212400
COO,2020-01-08,324.989990234375,328.239990234375,324.3399963378906,327.6499938964844,327.42926025390625,335800
COO,2020-01-09,328.8599853515625,333.5199890136719,327.739990234375,333.25,333.0255126953125,372200
COO,2020-01-10,333.8999938964844,334.3299865722656,330.3699951171875,333.6499938964844,333.4252014160156,218900
COO,2020-01-13,333.6400146484375,334.989990234375,332.9200134277344,333.54998779296875,333.3252868652344,235900
COO,2020-01-14,332.6700134277344,336.3900146484375,331.19000244140625,336.07000732421875,335.8436279296875,289400
COO,2020-01-15,336.4599914550781,344.2900085449219,336.4599914550781,343.8500061035156,343.6183166503906,364900
COO,2020-01-16,345.8800048828125,349.7900085449219,343.7699890136719,349.0599975585937,348.8248291015625,350600
COO,2020-01-17,350.0,355.4100036621094,348.260009765625,355.3099975585937,355.0706481933594,397900
COO,2020-01-21,354.4100036621094,359.7699890136719,352.6700134277344,358.5599975585937,358.3184509277344,597500
COO,2020-01-22,361.8800048828125,365.6799926757813,359.0400085449219,359.9800109863281,359.7676086425781,432300
COO,2020-01-23,358.6600036621094,358.82000732421875,353.1499938964844,357.0,356.78936767578125,304400
COO,2020-01-24,356.70001220703125,356.9200134277344,351.0299987792969,352.3599853515625,352.152099609375,342800
COO,2020-01-27,347.45001220703125,357.0,347.19000244140625,354.2099914550781,354.0009765625,232600
COO,2020-01-28,354.92999267578125,357.8599853515625,352.9200134277344,355.0400085449219,354.8305358886719,338500
COO,2020-01-29,355.0,358.3099975585937,354.1199951171875,354.32000732421875,354.1109313964844,244400
COO,2020-01-30,351.6400146484375,353.739990234375,349.04998779296875,353.3999938964844,353.19146728515625,268900
COO,2020-01-31,351.989990234375,353.4100036621094,345.0400085449219,346.8900146484375,346.6853332519531,400500
COO,2020-02-03,348.8699951171875,349.9700012207031,345.2699890136719,346.239990234375,346.0356750488281,299400
COO,2020-02-04,350.29998779296875,353.1499938964844,348.67999267578125,350.1499938964844,349.9433898925781,313000
COO,2020-02-05,353.1099853515625,357.0899963378906,352.7900085449219,353.57000732421875,353.36138916015625,251200
COO,2020-02-06,354.07000732421875,354.8599853515625,351.9100036621094,353.0199890136719,352.81170654296875,208100
COO,2020-02-07,351.7900085449219,353.8299865722656,347.7200012207031,348.20001220703125,347.9945983886719,170200
COO,2020-02-10,346.489990234375,350.1099853515625,345.7200012207031,349.3900146484375,349.1838684082031,150600
COO,2020-02-11,351.0400085449219,354.9100036621094,349.69000244140625,351.3900146484375,351.18267822265625,250600
COO,2020-02-12,351.75,355.7200012207031,351.010009765625,353.0899963378906,352.881591796875,190100
COO,2020-02-13,350.9100036621094,354.75,349.9599914550781,352.9700012207031,352.7617492675781,171400
COO,2020-02-14,353.32000732421875,356.239990234375,352.3999938964844,353.3099975585937,353.1015319824219,199300
COO,2020-02-18,352.260009765625,356.92999267578125,350.70001220703125,356.3500061035156,356.13970947265625,168800
COO,2020-02-19,357.489990234375,360.0,355.32000732421875,356.5599975585937,356.3496398925781,137900
COO,2020-02-20,355.5299987792969,357.0599975585937,351.5400085449219,354.8299865722656,354.62060546875,134300
COO,2020-02-21,353.9800109863281,357.5799865722656,353.8999938964844,355.6700134277344,355.4601135253906,159900
COO,2020-02-24,349.19000244140625,351.2300109863281,343.2200012207031,347.1199951171875,346.9151611328125,348400
COO,2020-02-25,348.3399963378906,349.95001220703125,334.69000244140625,336.45001220703125,336.25146484375,316600
COO,2020-02-26,338.6600036621094,344.5299987792969,335.2699890136719,335.32000732421875,335.12213134765625,288300
COO,2020-02-27,331.54998779296875,338.8999938964844,328.0,328.2699890136719,328.0763244628906,321700
COO,2020-02-28,321.0599975585937,325.6000061035156,311.0,324.57000732421875,324.37847900390625,567900
COO,2020-03-02,328.0299987792969,335.5199890136719,324.1499938964844,335.45001220703125,335.2520751953125,282100
COO,2020-03-03,335.2099914550781,345.0599975585937,325.04998779296875,329.9800109863281,329.7852783203125,422700
COO,2020-03-04,335.0899963378906,339.44000244140625,331.2900085449219,338.1400146484375,337.94049072265625,308000
COO,2020-03-05,329.8500061035156,335.2200012207031,321.4700012207031,325.2699890136719,325.0780334472656,466700
COO,2020-03-06,328.7200012207031,338.4200134277344,313.5400085449219,333.8099975585937,333.613037109375,551900
COO,2020-03-09,330.0,330.0,312.4800109863281,317.5,317.3126525878906,472200
COO,2020-03-10,323.79998779296875,335.1000061035156,313.4100036621094,334.95001220703125,334.7523803710937,446100
COO,2020-03-11,326.6400146484375,335.8900146484375,319.739990234375,323.8900146484375,323.6989440917969,674700
COO,2020-03-12,303.8299865722656,309.989990234375,279.9700012207031,280.04998779296875,279.8847351074219,827400
COO,2020-03-13,291.8299865722656,292.4800109863281,272.7799987792969,291.0400085449219,290.8682861328125,601900
COO,2020-03-16,256.6000061035156,280.7099914550781,251.5,259.42999267578125,259.27691650390625,496300
COO,2020-03-17,263.1099853515625,275.8699951171875,251.07000732421875,275.1700134277344,275.0076599121094,478200
COO,2020-03-18,259.42999267578125,265.4599914550781,236.67999267578125,251.1100006103516,250.9618225097656,488600
COO,2020-03-19,249.75,286.92999267578125,239.22000122070312,273.1499938964844,272.9888610839844,413300
COO,2020-03-20,278.17999267578125,279.9100036621094,246.7100067138672,250.6499938964844,250.5020904541016,516600
COO,2020-03-23,252.6600036621093,259.260009765625,237.7100067138672,243.44000244140625,243.2963409423828,425600
COO,2020-03-24,255.0399932861328,262.6700134277344,243.22000122070312,255.88999938964844,255.739013671875,323100
COO,2020-03-25,253.92999267578125,265.69000244140625,246.9600067138672,256.8900146484375,256.73846435546875,443100
COO,2020-03-26,261.3399963378906,282.04998779296875,256.0899963378906,282.04998779296875,281.883544921875,513700
COO,2020-03-27,273.0400085449219,280.3099975585937,260.8500061035156,273.2300109863281,273.0687866210937,325500
COO,2020-03-30,274.9599914550781,282.6600036621094,274.8299865722656,280.1499938964844,279.98468017578125,272300
COO,2020-03-31,280.9599914550781,286.07000732421875,275.0599975585937,275.6700134277344,275.50738525390625,356000
COO,2020-04-01,268.79998779296875,279.6300048828125,264.010009765625,273.04998779296875,272.88885498046875,425000
COO,2020-04-02,270.6099853515625,284.3399963378906,269.79998779296875,283.8299865722656,283.6625061035156,309000
COO,2020-04-03,282.260009765625,288.0,278.5,279.67999267578125,279.5149841308594,314200
COO,2020-04-06,289.0299987792969,298.6000061035156,287.8399963378906,296.67999267578125,296.5049133300781,240200
COO,2020-04-07,305.2200012207031,306.75,292.04998779296875,292.6400146484375,292.46734619140625,302500
COO,2020-04-08,293.5599975585937,299.29998779296875,285.8599853515625,297.42999267578125,297.2544860839844,347400
COO,2020-04-09,295.20001220703125,300.25,289.2900085449219,296.57000732421875,296.39501953125,429900
COO,2020-04-13,296.6199951171875,299.5,292.1400146484375,299.0299987792969,298.85357666015625,475500
COO,2020-04-14,304.1000061035156,312.2300109863281,298.5299987792969,300.489990234375,300.3126220703125,342200
COO,2020-04-15,293.2699890136719,301.25,292.6600036621094,298.70001220703125,298.5237731933594,436900
COO,2020-04-16,300.260009765625,300.260009765625,292.7900085449219,296.95001220703125,296.7747802734375,242100
COO,2020-04-17,302.4700012207031,307.7099914550781,299.25,306.2799987792969,306.09930419921875,288300
COO,2020-04-20,303.6000061035156,307.2300109863281,300.5599975585937,304.70001220703125,304.5202331542969,163900
COO,2020-04-21,299.8399963378906,300.8399963378906,287.5400085449219,288.5299987792969,288.3598022460937,248200
COO,2020-04-22,293.1300048828125,295.69000244140625,286.1700134277344,294.1000061035156,293.9264831542969,185300
COO,2020-04-23,296.010009765625,297.5400085449219,289.1000061035156,290.2699890136719,290.0987243652344,300100
COO,2020-04-24,291.0599975585937,294.25,285.260009765625,293.2099914550781,293.0369873046875,351200
COO,2020-04-27,295.0,298.0799865722656,289.32000732421875,293.6499938964844,293.4767150878906,297200
COO,2020-04-28,297.04998779296875,297.04998779296875,288.6199951171875,291.1000061035156,290.9281921386719,330600
COO,2020-04-29,294.3699951171875,299.5,290.739990234375,291.82000732421875,291.6477966308594,305500
COO,2020-04-30,289.989990234375,291.760009765625,285.7300109863281,286.70001220703125,286.53082275390625,318900
COO,2020-05-01,283.7900085449219,285.1400146484375,279.4200134277344,280.3099975585937,280.1445617675781,188000
COO,2020-05-04,280.9599914550781,288.260009765625,278.6099853515625,287.0899963378906,286.92059326171875,261000
COO,2020-05-05,290.6099853515625,294.82000732421875,288.0199890136719,290.8800048828125,290.7083740234375,221400
COO,2020-05-06,293.239990234375,299.8099975585937,290.0299987792969,294.9599914550781,294.785888671875,261200
COO,2020-05-07,298.6000061035156,304.9200134277344,297.0,303.8999938964844,303.720703125,279300
COO,2020-05-08,307.6400146484375,308.92999267578125,302.3099975585937,304.5199890136719,304.3402709960937,253300
COO,2020-05-11,301.8099975585937,309.79998779296875,301.8099975585937,307.82000732421875,307.6383972167969,250300
COO,2020-05-12,308.6099853515625,313.8399963378906,303.489990234375,303.5199890136719,303.3409423828125,235800
COO,2020-05-13,302.8500061035156,303.7300109863281,292.8800048828125,296.4200134277344,296.2451171875,300000
COO,2020-05-14,293.45001220703125,297.3299865722656,290.82000732421875,296.5400085449219,296.3650207519531,255800
COO,2020-05-15,294.7799987792969,303.260009765625,294.25,296.5199890136719,296.34503173828125,679200
COO,2020-05-18,302.07000732421875,307.0199890136719,301.4100036621094,302.1700134277344,301.9917297363281,304200
COO,2020-05-19,301.7200012207031,305.489990234375,297.9100036621094,298.3599853515625,298.1839904785156,206100
COO,2020-05-20,301.3699951171875,301.3699951171875,293.7200012207031,296.3099975585937,296.1351623535156,361600
COO,2020-05-21,295.0,295.0,283.70001220703125,287.79998779296875,287.6302185058594,416200
COO,2020-05-22,287.6400146484375,288.3399963378906,285.239990234375,287.4200134277344,287.2504272460937,298400
COO,2020-05-26,292.5899963378906,300.4599914550781,292.1300048828125,297.8999938964844,297.7242126464844,329500
COO,2020-05-27,302.5899963378906,308.9599914550781,300.3500061035156,308.5400085449219,308.3579406738281,339300
COO,2020-05-28,311.75,322.3900146484375,311.1099853515625,316.6300048828125,316.4431457519531,409400
COO,2020-05-29,317.260009765625,320.45001220703125,310.4599914550781,316.9800109863281,316.79296875,501800
COO,2020-06-01,317.2799987792969,319.57000732421875,312.9599914550781,315.17999267578125,314.9940185546875,242100
COO,2020-06-02,314.1199951171875,317.6400146484375,310.8399963378906,316.3500061035156,316.163330078125,256700
COO,2020-06-03,319.989990234375,322.07000732421875,317.7099914550781,319.2200012207031,319.0316162109375,284600
COO,2020-06-04,318.1400146484375,320.4200134277344,311.7200012207031,313.8599853515625,313.6747436523437,352600
COO,2020-06-05,313.6499938964844,324.4100036621094,303.45001220703125,318.5400085449219,318.3520812988281,811000
COO,2020-06-08,318.44000244140625,324.239990234375,317.3800048828125,320.29998779296875,320.11102294921875,445200
COO,2020-06-09,318.3299865722656,320.5,302.510009765625,303.2300109863281,303.0511169433594,330800
COO,2020-06-10,303.2300109863281,308.4800109863281,297.7099914550781,298.6300048828125,298.4538269042969,418800
COO,2020-06-11,294.239990234375,294.3999938964844,278.4200134277344,278.54998779296875,278.3855895996094,419900
COO,2020-06-12,284.3800048828125,289.20001220703125,276.8800048828125,288.3999938964844,288.22979736328125,476000
COO,2020-06-15,283.5899963378906,292.0199890136719,275.7300109863281,290.3500061035156,290.1786804199219,575600
COO,2020-06-16,299.489990234375,306.8599853515625,296.94000244140625,300.1000061035156,299.92291259765625,453200
COO,2020-06-17,301.9800109863281,304.9599914550781,298.0599975585937,302.5299987792969,302.3515014648437,293500
COO,2020-06-18,300.95001220703125,304.4100036621094,300.29998779296875,301.8999938964844,301.7218933105469,320900
COO,2020-06-19,306.6400146484375,309.010009765625,297.94000244140625,299.1199951171875,298.9434814453125,629500
COO,2020-06-22,298.57000732421875,299.0400085449219,292.739990234375,296.4700012207031,296.29510498046875,337900
COO,2020-06-23,297.0,304.6400146484375,296.5,299.9800109863281,299.80303955078125,268400
COO,2020-06-24,297.760009765625,298.7300109863281,279.5,281.3900146484375,281.2239685058594,651600
COO,2020-06-25,281.0199890136719,281.0199890136719,271.57000732421875,276.6099853515625,276.4467468261719,564500
COO,2020-06-26,276.1700134277344,277.989990234375,269.6300048828125,272.9800109863281,272.81890869140625,533100
COO,2020-06-29,273.8599853515625,276.07000732421875,268.9200134277344,270.92999267578125,270.7701416015625,414200
COO,2020-06-30,272.19000244140625,286.32000732421875,269.67999267578125,283.6400146484375,283.4726257324219,841500
COO,2020-07-01,282.9200134277344,289.1199951171875,282.82000732421875,287.510009765625,287.3403625488281,382000
COO,2020-07-02,291.5299987792969,293.70001220703125,285.70001220703125,290.07000732421875,289.8988647460937,392400
COO,2020-07-06,289.5599975585937,293.29998779296875,283.260009765625,285.20001220703125,285.0317077636719,750300
COO,2020-07-07,283.5799865722656,286.8399963378906,281.7900085449219,282.260009765625,282.0934753417969,469300
COO,2020-07-08,282.9100036621094,283.8099975585937,277.6000061035156,280.0799865722656,279.9147033691406,462300
COO,2020-07-09,280.92999267578125,292.989990234375,278.1000061035156,289.7300109863281,289.55908203125,541200
COO,2020-07-10,288.7799987792969,292.989990234375,285.2300109863281,289.3999938964844,289.2292785644531,320900
COO,2020-07-13,291.2099914550781,291.2099914550781,285.2099914550781,285.6400146484375,285.4714660644531,320200
COO,2020-07-14,285.8599853515625,288.32000732421875,281.8800048828125,287.8999938964844,287.7301330566406,378700
COO,2020-07-15,291.3999938964844,299.0,290.7200012207031,296.8399963378906,296.6648864746094,466600
COO,2020-07-16,295.1300048828125,295.5899963378906,287.9800109863281,288.92999267578125,288.759521484375,421700
COO,2020-07-17,290.2900085449219,293.07000732421875,287.0899963378906,291.3699951171875,291.1981201171875,302200
COO,2020-07-20,291.9700012207031,292.0199890136719,284.9599914550781,289.3099975585937,289.1393127441406,273400
COO,2020-07-21,290.32000732421875,293.3699951171875,289.1400146484375,291.57000732421875,291.3979187011719,235500
COO,2020-07-22,292.9100036621094,294.7900085449219,287.2300109863281,289.760009765625,289.6188659667969,232500
COO,2020-07-23,290.07000732421875,292.1499938964844,283.45001220703125,284.67999267578125,284.54132080078125,289700
COO,2020-07-24,284.1000061035156,285.7099914550781,280.1199951171875,283.5799865722656,283.4418334960937,292200
COO,2020-07-27,283.82000732421875,288.8599853515625,283.82000732421875,286.3800048828125,286.2404479980469,175200
COO,2020-07-28,285.69000244140625,285.79998779296875,281.3900146484375,281.510009765625,281.37286376953125,194700
COO,2020-07-29,281.5899963378906,289.04998779296875,281.5899963378906,286.9200134277344,286.7802124023437,260000
COO,2020-07-30,282.94000244140625,284.3099975585937,277.8299865722656,282.70001220703125,282.56231689453125,247000
COO,2020-07-31,282.69000244140625,284.1300048828125,278.57000732421875,282.92999267578125,282.7921447753906,286300
COO,2020-08-03,284.3399963378906,296.0,282.7099914550781,295.3599853515625,295.2160339355469,400600
COO,2020-08-04,293.7900085449219,299.3800048828125,291.20001220703125,296.9100036621094,296.76531982421875,406100
COO,2020-08-05,298.57000732421875,301.75,296.79998779296875,299.1499938964844,299.0042419433594,270700
COO,2020-08-06,298.45001220703125,300.5299987792969,292.8900146484375,300.3800048828125,300.2336730957031,246000
COO,2020-08-07,300.6600036621094,304.0,300.1199951171875,303.9200134277344,303.77197265625,269300
COO,2020-08-10,304.67999267578125,308.04998779296875,302.5199890136719,306.8299865722656,306.68048095703125,346800
COO,2020-08-11,308.3299865722656,308.57000732421875,299.17999267578125,300.3099975585937,300.1637268066406,320500
COO,2020-08-12,302.2300109863281,309.5299987792969,302.2300109863281,305.32000732421875,305.1712646484375,243300
COO,2020-08-13,305.0299987792969,306.25,303.3999938964844,304.8999938964844,304.7514343261719,234500
COO,2020-08-14,304.25,306.239990234375,301.6000061035156,303.82000732421875,303.6719970703125,206900
COO,2020-08-17,304.5299987792969,306.4599914550781,302.5899963378906,305.0,304.8514099121094,381400
COO,2020-08-18,305.8699951171875,308.44000244140625,301.4100036621094,307.239990234375,307.0903015136719,321500
COO,2020-08-19,307.0,308.6099853515625,302.6499938964844,305.5,305.3511657714844,271900
COO,2020-08-20,301.44000244140625,304.17999267578125,298.3900146484375,299.260009765625,299.1141662597656,275100
COO,2020-08-21,299.5899963378906,301.82000732421875,294.94000244140625,301.6000061035156,301.4530944824219,370000
COO,2020-08-24,303.4200134277344,303.4200134277344,299.7799987792969,301.9100036621094,301.762939453125,232200
COO,2020-08-25,303.42999267578125,305.1000061035156,301.6499938964844,305.0299987792969,304.8813781738281,248900
COO,2020-08-26,303.5,307.8999938964844,301.8500061035156,305.45001220703125,305.3011779785156,196500
COO,2020-08-27,305.0,314.5,302.5,312.42999267578125,312.2778015136719,292300
COO,2020-08-28,312.75,316.510009765625,309.3699951171875,315.8900146484375,315.736083984375,253900
COO,2020-08-31,315.2699890136719,317.7099914550781,313.42999267578125,314.3800048828125,314.2268371582031,413800
COO,2020-09-01,314.9800109863281,315.0199890136719,307.9599914550781,309.3999938964844,309.249267578125,355500
COO,2020-09-02,310.0199890136719,317.67999267578125,309.3800048828125,317.2099914550781,317.0554504394531,312600
COO,2020-09-03,316.2300109863281,316.489990234375,304.9200134277344,306.8099975585937,306.6604919433594,362700
COO,2020-09-04,320.0,336.0,313.4800109863281,323.489990234375,323.3323974609375,918100
COO,2020-09-08,320.6700134277344,323.07000732421875,311.94000244140625,318.20001220703125,318.0450134277344,426600
COO,2020-09-09,320.0899963378906,323.7200012207031,317.07000732421875,319.20001220703125,319.04449462890625,269400
COO,2020-09-10,321.4700012207031,326.010009765625,319.0799865722656,324.5199890136719,324.36187744140625,307300
COO,2020-09-11,325.3500061035156,332.3800048828125,323.6600036621094,326.8299865722656,326.6707458496094,400400
COO,2020-09-14,328.3599853515625,337.8500061035156,327.8999938964844,334.54998779296875,334.3869934082031,315700
COO,2020-09-15,335.7200012207031,340.1700134277344,334.75,336.0599975585937,335.896240234375,233900
COO,2020-09-16,336.5599975585937,344.510009765625,336.5599975585937,342.3099975585937,342.1432189941406,343500
COO,2020-09-17,340.0799865722656,348.8699951171875,335.70001220703125,347.7799987792969,347.610595703125,376200
COO,2020-09-18,345.6700134277344,352.3999938964844,343.95001220703125,346.42999267578125,346.2611999511719,508400
COO,2020-09-21,341.57000732421875,343.57000732421875,335.9800109863281,341.8599853515625,341.69342041015625,309300
COO,2020-09-22,343.6600036621094,343.6600036621094,334.489990234375,339.25,339.084716796875,250400
COO,2020-09-23,338.69000244140625,340.32000732421875,332.8500061035156,333.6300048828125,333.4674377441406,213500
COO,2020-09-24,331.0400085449219,332.5,326.7900085449219,329.0299987792969,328.8697204589844,182500
COO,2020-09-25,327.2200012207031,334.4200134277344,326.75,333.239990234375,333.0776062011719,198700
COO,2020-09-28,337.6099853515625,340.67999267578125,333.7099914550781,334.1199951171875,333.95721435546875,182800
COO,2020-09-29,335.489990234375,339.92999267578125,333.260009765625,333.5899963378906,333.4274597167969,185800
COO,2020-09-30,334.8699951171875,340.5400085449219,334.5,337.1199951171875,336.9557189941406,265700
COO,2020-10-01,339.9700012207031,341.6099853515625,336.6700134277344,338.7699890136719,338.6049499511719,211800
COO,2020-10-02,335.2699890136719,337.989990234375,329.29998779296875,335.42999267578125,335.2665405273437,180300
COO,2020-10-05,338.0,343.7200012207031,338.0,342.82000732421875,342.6529846191406,206300
COO,2020-10-06,341.75,349.8299865722656,340.8099975585937,342.0199890136719,341.8533630371094,221100
COO,2020-10-07,343.1000061035156,351.739990234375,343.1000061035156,350.8699951171875,350.69903564453125,189400
COO,2020-10-08,350.0,356.6099853515625,349.1600036621094,354.75,354.5771484375,142700
COO,2020-10-09,356.8500061035156,359.3999938964844,354.7799987792969,357.8500061035156,357.6756591796875,136300
COO,2020-10-12,359.1300048828125,364.0499877929688,356.9700012207031,360.6300048828125,360.4543151855469,174100
COO,2020-10-13,360.07000732421875,361.9700012207031,354.2300109863281,356.239990234375,356.06640625,157100
COO,2020-10-14,356.0,358.8599853515625,351.6600036621094,353.8699951171875,353.69757080078125,173500
COO,2020-10-15,350.0,354.92999267578125,348.760009765625,353.4200134277344,353.2478332519531,163500
COO,2020-10-16,355.760009765625,358.29998779296875,351.8299865722656,353.70001220703125,353.5276794433594,145100
COO,2020-10-19,353.5799865722656,357.32000732421875,347.5,348.4200134277344,348.250244140625,154200
COO,2020-10-20,351.2799987792969,353.7099914550781,346.4700012207031,347.4599914550781,347.29071044921875,160400
COO,2020-10-21,348.45001220703125,352.2900085449219,346.32000732421875,348.7900085449219,348.6200561523437,149000
COO,2020-10-22,349.2799987792969,354.760009765625,348.8500061035156,353.17999267578125,353.0079040527344,112500
COO,2020-10-23,354.0299987792969,356.8800048828125,351.4200134277344,356.45001220703125,356.2763366699219,144100
COO,2020-10-26,352.1199951171875,352.2200012207031,345.2799987792969,348.1700134277344,348.0004272460937,193000
COO,2020-10-27,349.0799865722656,351.8999938964844,345.19000244140625,346.3500061035156,346.1812438964844,154600
COO,2020-10-28,340.9599914550781,340.9599914550781,332.8099975585937,333.57000732421875,333.4075012207031,203600
COO,2020-10-29,332.3900146484375,332.3900146484375,324.010009765625,324.1400146484375,323.9820861816406,278100
COO,2020-10-30,323.9700012207031,327.3599853515625,314.2900085449219,319.04998779296875,318.89453125,353000
COO,2020-11-02,323.8299865722656,329.07000732421875,319.510009765625,320.5199890136719,320.3638000488281,263000
COO,2020-11-03,325.3999938964844,332.0599975585937,323.8299865722656,323.9599914550781,323.8021240234375,158400
COO,2020-11-04,328.7099914550781,336.0400085449219,325.2900085449219,331.4200134277344,331.258544921875,204600
COO,2020-11-05,335.0400085449219,337.6600036621094,331.67999267578125,332.0,331.8382568359375,180200
COO,2020-11-06,333.4700012207031,336.8800048828125,333.3900146484375,333.9100036621094,333.747314453125,113800
COO,2020-11-09,344.7099914550781,371.5899963378906,344.7099914550781,351.739990234375,351.5685729980469,410100
COO,2020-11-10,351.17999267578125,352.5599975585937,341.42999267578125,346.3900146484375,346.22125244140625,261500
COO,2020-11-11,348.3599853515625,349.4700012207031,340.6400146484375,343.29998779296875,343.1327514648437,246700
COO,2020-11-12,342.2799987792969,343.29998779296875,332.6199951171875,336.989990234375,336.8258056640625,252300
COO,2020-11-13,338.6400146484375,342.4200134277344,338.6400146484375,341.3500061035156,341.18365478515625,206500
COO,2020-11-16,345.6300048828125,347.489990234375,338.67999267578125,340.70001220703125,340.5340270996094,186400
COO,2020-11-17,338.25,338.25,331.7200012207031,332.45001220703125,332.2880554199219,226900
COO,2020-11-18,332.7099914550781,334.3900146484375,327.8299865722656,329.5899963378906,329.42938232421875,344900
COO,2020-11-19,329.0299987792969,333.0400085449219,328.8299865722656,332.2300109863281,332.0681457519531,425400
COO,2020-11-20,332.92999267578125,339.4200134277344,331.1700134277344,331.3699951171875,331.2085266113281,450800
COO,2020-11-23,334.0599975585937,337.7799987792969,327.6700134277344,329.8900146484375,329.72930908203125,274900
COO,2020-11-24,331.32000732421875,333.6700134277344,324.7099914550781,325.4599914550781,325.30145263671875,305500
COO,2020-11-25,325.6300048828125,333.0899963378906,324.3399963378906,329.010009765625,328.8497314453125,252900
COO,2020-11-27,331.4700012207031,340.7200012207031,330.260009765625,340.7099914550781,340.54400634765625,182500
COO,2020-11-30,339.6199951171875,339.7200012207031,329.3099975585937,335.2200012207031,335.05670166015625,566400
COO,2020-12-01,338.3699951171875,339.32000732421875,333.7900085449219,334.0400085449219,333.87725830078125,223700
COO,2020-12-02,332.739990234375,335.7900085449219,331.1199951171875,334.6099853515625,334.44696044921875,206600
COO,2020-12-03,336.3800048828125,344.3999938964844,332.2300109863281,337.9800109863281,337.8153686523437,308200
COO,2020-12-04,335.0,346.67999267578125,327.44000244140625,345.7099914550781,345.54156494140625,454700
COO,2020-12-07,345.7099914550781,348.0,340.9700012207031,342.0599975585937,341.89337158203125,215000
COO,2020-12-08,341.82000732421875,346.1099853515625,340.760009765625,345.739990234375,345.5715637207031,228300
COO,2020-12-09,344.8599853515625,348.1099853515625,341.6000061035156,342.5799865722656,342.4130554199219,256800
COO,2020-12-10,342.3099975585937,348.6099853515625,341.5,347.79998779296875,347.63055419921875,289200
COO,2020-12-11,347.2099914550781,347.2099914550781,338.5199890136719,339.1600036621094,338.9947509765625,214300
COO,2020-12-14,342.2799987792969,349.19000244140625,341.0599975585937,342.8500061035156,342.6829833984375,245600
COO,2020-12-15,343.4800109863281,346.3099975585937,341.75,342.45001220703125,342.283203125,223700
COO,2020-12-16,341.4100036621094,344.8699951171875,339.4599914550781,343.94000244140625,343.7724304199219,177500
COO,2020-12-17,344.760009765625,352.5299987792969,343.44000244140625,351.5199890136719,351.34869384765625,305600
COO,2020-12-18,352.8399963378906,354.0899963378906,346.6099853515625,349.6300048828125,349.4596252441406,496100
COO,2020-12-21,345.6000061035156,349.239990234375,337.3999938964844,348.5599975585937,348.3901672363281,185500
COO,2020-12-22,350.20001220703125,356.3399963378906,346.760009765625,352.69000244140625,352.5181884765625,248400
COO,2020-12-23,354.95001220703125,357.7200012207031,353.4599914550781,356.0,355.8265380859375,159300
COO,2020-12-24,358.6099853515625,360.4299926757813,356.2099914550781,358.3699951171875,358.1953430175781,77100
COO,2020-12-28,360.7999877929688,363.3999938964844,358.3399963378906,359.9599914550781,359.7846069335937,122000
COO,2020-12-29,361.260009765625,361.4500122070313,355.6000061035156,357.2699890136719,357.09588623046875,105100
COO,2020-12-30,357.2099914550781,360.6400146484375,355.4100036621094,356.45001220703125,356.2763366699219,113100
COO,2020-12-31,357.2699890136719,363.5,354.4700012207031,363.3200073242188,363.1429748535156,158500
COO,2021-01-04,365.0,367.0299987792969,353.0199890136719,357.260009765625,357.0859375,283100
COO,2021-01-05,357.7300109863281,363.6499938964844,356.57000732421875,361.4700012207031,361.29388427734375,170400
COO,2021-01-06,361.5499877929688,367.3900146484375,361.2000122070313,366.30999755859375,366.1315307617188,207900
COO,2021-01-07,366.8299865722656,371.2900085449219,362.9299926757813,365.05999755859375,364.8821105957031,218100
COO,2021-01-08,364.8800048828125,369.2099914550781,359.4100036621094,363.2300109863281,363.0530395507813,349400
COO,2021-01-11,361.7300109863281,362.6799926757813,358.5299987792969,359.6499938964844,359.4747619628906,321700
COO,2021-01-12,358.3599853515625,360.7000122070313,354.07000732421875,358.010009765625,357.8355407714844,367200
COO,2021-01-13,360.7300109863281,382.5400085449219,360.010009765625,381.760009765625,381.5740051269531,485600
COO,2021-01-14,381.5299987792969,381.7000122070313,374.1499938964844,375.1499938964844,374.9671936035156,222000
COO,2021-01-15,375.4800109863281,378.6099853515625,371.3299865722656,376.8900146484375,376.7063903808594,248800
COO,2021-01-19,381.4500122070313,389.2699890136719,378.55999755859375,387.4200134277344,387.2312622070313,477200
COO,2021-01-20,387.0,389.4400024414063,381.05999755859375,384.760009765625,384.5725402832031,255100
COO,2021-01-21,383.0700073242188,383.3999938964844,372.4700012207031,376.8900146484375,376.73577880859375,225900
COO,2021-01-22,377.4100036621094,387.0799865722656,377.4100036621094,380.0,379.844482421875,282500
COO,2021-01-25,380.6799926757813,383.9599914550781,377.5299987792969,383.6499938964844,383.4929809570313,192700
COO,2021-01-26,385.0,385.6600036621094,376.9800109863281,377.4200134277344,377.2655334472656,239600
COO,2021-01-27,368.5,372.3200073242188,359.8399963378906,360.7099914550781,360.5623779296875,395500
COO,2021-01-28,362.239990234375,369.2099914550781,360.4200134277344,364.7000122070313,364.5507507324219,236100
COO,2021-01-29,363.0899963378906,368.0899963378906,361.3299865722656,364.0400085449219,363.8910217285156,258000
COO,2021-02-01,367.4500122070313,368.1400146484375,360.8800048828125,365.1099853515625,364.9605712890625,210700
COO,2021-02-02,366.1700134277344,379.7300109863281,366.1700134277344,375.1199951171875,374.9664306640625,355100
COO,2021-02-03,376.2300109863281,377.760009765625,373.2200012207031,375.4400024414063,375.2863159179688,160800
COO,2021-02-04,378.4299926757813,386.1900024414063,376.6799926757813,384.1099853515625,383.9527587890625,304600
COO,2021-02-05,386.8999938964844,391.9599914550781,384.5799865722656,386.9700012207031,386.8116149902344,293500
COO,2021-02-08,386.1600036621094,388.5700073242188,383.5499877929688,384.9200134277344,384.762451171875,140400
COO,2021-02-09,383.8900146484375,385.2999877929688,379.0799865722656,380.7300109863281,380.5741882324219,226000
COO,2021-02-10,382.2300109863281,385.489990234375,377.9599914550781,378.989990234375,378.8348693847656,198200
COO,2021-02-11,381.9500122070313,385.4800109863281,381.1199951171875,385.0,384.8424377441406,192500
COO,2021-02-12,382.1099853515625,386.5,380.6499938964844,385.3999938964844,385.2422790527344,142100
COO,2021-02-16,388.3299865722656,391.8599853515625,385.4100036621094,386.4599914550781,386.30181884765625,258500
COO,2021-02-17,384.5299987792969,387.3299865722656,380.25,384.6499938964844,384.4925231933594,153700
COO,2021-02-18,383.8200073242188,389.6099853515625,381.1099853515625,388.75,388.5909118652344,259600
COO,2021-02-19,389.8599853515625,393.4299926757813,383.0400085449219,388.510009765625,388.3509826660156,337000
COO,2021-02-22,387.6499938964844,391.6600036621094,385.6199951171875,390.6700134277344,390.5101318359375,216500
COO,2021-02-23,391.6700134277344,394.4100036621094,388.75,391.4400024414063,391.27978515625,307100
COO,2021-02-24,391.5899963378906,396.8599853515625,391.30999755859375,392.5700073242188,392.4093322753906,230500
COO,2021-02-25,392.9100036621094,394.8599853515625,387.7099914550781,392.1300048828125,391.969482421875,319300
COO,2021-02-26,393.8900146484375,393.8900146484375,385.7099914550781,386.1300048828125,385.9719848632813,297200
COO,2021-03-01,387.760009765625,396.0499877929688,386.5,390.8500061035156,390.6900329589844,311500
COO,2021-03-02,389.7900085449219,389.7900085449219,384.5299987792969,387.9200134277344,387.76123046875,188900
COO,2021-03-03,386.1300048828125,387.5199890136719,380.2200012207031,381.1099853515625,380.9539794921875,255800
COO,2021-03-04,384.80999755859375,384.80999755859375,368.0499877929688,371.55999755859375,371.4078979492188,461600
COO,2021-03-05,393.8599853515625,401.9200134277344,376.5499877929688,388.1700134277344,388.0111389160156,699600
COO,2021-03-08,386.0,394.489990234375,383.7999877929688,385.4800109863281,385.32220458984375,569100
COO,2021-03-09,386.0,391.6900024414063,382.1199951171875,382.3800048828125,382.2234802246094,314900
COO,2021-03-10,383.7099914550781,386.75,381.4400024414063,382.9500122070313,382.7932739257813,236000
COO,2021-03-11,383.5,390.989990234375,378.7999877929688,379.6199951171875,379.464599609375,232500
COO,2021-03-12,379.5499877929688,381.1600036621094,374.0899963378906,376.3900146484375,376.2359619140625,261300
COO,2021-03-15,376.2999877929688,387.5400085449219,376.2999877929688,387.0299987792969,386.8716125488281,309300
COO,2021-03-16,386.55999755859375,393.3299865722656,380.8900146484375,382.1900024414063,382.0335693359375,244500
COO,2021-03-17,379.1400146484375,381.5400085449219,374.489990234375,375.7200012207031,375.5662231445313,308300
COO,2021-03-18,375.5899963378906,385.4400024414063,375.5899963378906,378.7799987792969,378.6249694824219,368100
COO,2021-03-19,377.6799926757813,386.2900085449219,377.6799926757813,384.0199890136719,383.8628234863281,476100
COO,2021-03-22,384.0199890136719,388.2300109863281,380.1099853515625,386.3699951171875,386.21185302734375,355200
COO,2021-03-23,387.260009765625,389.8399963378906,382.1300048828125,383.3399963378906,383.18310546875,303400
COO,2021-03-24,383.3399963378906,385.4299926757813,378.0700073242188,380.30999755859375,380.1543273925781,295200
COO,2021-03-25,378.6300048828125,383.0499877929688,375.6799926757813,382.4200134277344,382.2634887695313,207700
COO,2021-03-26,382.9800109863281,383.8900146484375,379.4800109863281,383.8500061035156,383.69287109375,247400
COO,2021-03-29,381.2799987792969,386.4500122070313,379.5,384.6199951171875,384.4625549316406,233100
COO,2021-03-30,382.489990234375,386.0499877929688,382.2300109863281,384.8900146484375,384.73248291015625,182100
COO,2021-03-31,386.0899963378906,390.1400146484375,381.0199890136719,384.0899963378906,383.9328002929688,274300
COO,2021-04-01,383.5799865722656,387.4100036621094,381.0,385.489990234375,385.3321838378906,251800
COO,2021-04-05,388.7300109863281,389.3200073242188,386.1900024414063,387.739990234375,387.581298828125,241400
COO,2021-04-06,388.9200134277344,390.8500061035156,387.2099914550781,389.2900085449219,389.1306457519531,368400
COO,2021-04-07,386.4400024414063,388.9599914550781,381.0700073242188,382.6900024414063,382.5333251953125,354700
COO,2021-04-08,384.0899963378906,387.8999938964844,380.4599914550781,381.0199890136719,380.864013671875,324900
COO,2021-04-09,382.8800048828125,386.0499877929688,380.1099853515625,386.0499877929688,385.8919982910156,277300
COO,2021-04-12,386.05999755859375,388.7900085449219,385.6700134277344,388.0199890136719,387.8611755371094,228000
COO,2021-04-13,387.1099853515625,392.0,385.6400146484375,390.8900146484375,390.7300109863281,177200
COO,2021-04-14,390.5499877929688,393.8900146484375,387.75,391.0499877929688,390.8899230957031,188700
COO,2021-04-15,391.8999938964844,400.6499938964844,391.3900146484375,400.0,399.8363037109375,345800
COO,2021-04-16,400.7300109863281,403.1900024414063,396.75,399.5199890136719,399.3564758300781,321300
COO,2021-04-19,398.5,401.4800109863281,397.2000122070313,399.3299865722656,399.1665344238281,287400
COO,2021-04-20,399.0400085449219,403.4500122070313,396.9299926757813,400.4800109863281,400.3160705566406,316800
COO,2021-04-21,402.1900024414063,405.4500122070313,399.2300109863281,404.0199890136719,403.8546447753906,320400
COO,2021-04-22,405.5899963378906,410.760009765625,403.6199951171875,405.2799987792969,405.1141662597656,328300
COO,2021-04-23,407.6900024414063,414.3699951171875,406.1000061035156,411.30999755859375,411.14166259765625,220700
COO,2021-04-26,411.1900024414063,414.0899963378906,408.260009765625,409.6499938964844,409.4823303222656,207500
COO,2021-04-27,408.0,412.4400024414063,404.760009765625,407.4200134277344,407.2532348632813,182400
COO,2021-04-28,407.989990234375,410.7300109863281,403.510009765625,407.05999755859375,406.8933715820313,205900
COO,2021-04-29,409.1900024414063,410.1300048828125,405.010009765625,407.5899963378906,407.4231567382813,147200
COO,2021-04-30,407.6099853515625,413.80999755859375,407.1099853515625,410.8900146484375,410.7218322753906,227300
COO,2021-05-03,412.7799987792969,415.9599914550781,408.2200012207031,412.0700073242188,411.9013366699219,226100
COO,2021-05-04,411.4800109863281,413.7000122070313,408.3699951171875,411.6000061035156,411.4315490722656,267800
COO,2021-05-05,411.8200073242188,412.3699951171875,398.0,400.8800048828125,400.7159423828125,353700
COO,2021-05-06,399.2000122070313,405.8200073242188,397.0799865722656,405.5,405.3340148925781,219200
COO,2021-05-07,404.8999938964844,411.760009765625,404.2999877929688,404.3399963378906,404.1744995117188,201200
COO,2021-05-10,404.3399963378906,407.7900085449219,401.8200073242188,401.8200073242188,401.6555480957031,168700
COO,2021-05-11,397.6600036621094,399.9100036621094,387.7900085449219,388.30999755859375,388.1510620117188,309400
COO,2021-05-12,388.6000061035156,390.1099853515625,384.5199890136719,384.7200012207031,384.5625305175781,253800
COO,2021-05-13,384.9599914550781,391.3999938964844,384.4400024414063,387.8800048828125,387.7212524414063,249900
COO,2021-05-14,390.0799865722656,391.4700012207031,387.8599853515625,389.1900024414063,389.0307312011719,242200
COO,2021-05-17,388.9299926757813,389.9200134277344,385.6300048828125,388.2200012207031,388.0611267089844,135700
COO,2021-05-18,388.5,391.9299926757813,384.9400024414063,385.0700073242188,384.9123840332031,279600
COO,2021-05-19,382.2999877929688,382.7099914550781,378.9400024414063,381.9700012207031,381.8136596679688,266300
COO,2021-05-20,381.7999877929688,390.1700134277344,380.2699890136719,389.1099853515625,388.9507141113281,180300
COO,2021-05-21,390.6900024414063,396.55999755859375,386.7300109863281,388.4299926757813,388.27099609375,616100
COO,2021-05-24,392.3699951171875,396.0799865722656,389.2999877929688,394.5,394.3385314941406,265900
COO,2021-05-25,394.3500061035156,397.3699951171875,392.8500061035156,394.489990234375,394.32855224609375,295600
COO,2021-05-26,393.8800048828125,394.4700012207031,389.7999877929688,392.1099853515625,391.9494934082031,302100
COO,2021-05-27,394.4599914550781,396.2200012207031,391.0,395.0700073242188,394.9083251953125,513100
COO,2021-05-28,397.8800048828125,398.9500122070313,393.1199951171875,393.4500122070313,393.28900146484375,180600
COO,2021-06-01,395.5400085449219,397.0700073242188,389.5400085449219,390.3900146484375,390.2301940917969,211600
COO,2021-06-02,390.6400146484375,393.260009765625,383.9200134277344,384.6900024414063,384.5325317382813,331300
COO,2021-06-03,381.5400085449219,385.3800048828125,378.1900024414063,384.0899963378906,383.9328002929688,310700
COO,2021-06-04,385.1300048828125,390.6900024414063,380.6300048828125,381.9599914550781,381.8036804199219,413700
COO,2021-06-07,382.30999755859375,384.6499938964844,373.80999755859375,374.3999938964844,374.2467346191406,349200
COO,2021-06-08,375.9800109863281,375.9800109863281,369.239990234375,372.3599853515625,372.2075805664063,308900
COO,2021-06-09,372.8399963378906,375.260009765625,370.4200134277344,372.4100036621094,372.2575988769531,237300
COO,2021-06-10,373.4500122070313,377.2300109863281,371.5,374.1199951171875,373.96685791015625,275700
COO,2021-06-11,373.7799987792969,376.9500122070313,371.510009765625,375.1900024414063,375.0364379882813,280700
COO,2021-06-14,377.1600036621094,377.1600036621094,374.6300048828125,376.5400085449219,376.3858947753906,191200
COO,2021-06-15,377.3800048828125,379.5899963378906,376.0700073242188,376.8699951171875,376.71575927734375,216700
COO,2021-06-16,378.9299926757813,383.989990234375,377.0,381.5299987792969,381.3738403320313,367400
COO,2021-06-17,379.2799987792969,386.2999877929688,379.2799987792969,381.8800048828125,381.72369384765625,270300
COO,2021-06-18,381.9100036621094,385.5,378.6600036621094,383.9599914550781,383.8028564453125,735600
COO,2021-06-21,385.9299926757813,393.9700012207031,384.55999755859375,389.4400024414063,389.2806091308594,260700
COO,2021-06-22,390.5799865722656,394.7000122070313,389.3699951171875,390.739990234375,390.5800476074219,431100
COO,2021-06-23,388.3800048828125,390.0,386.0199890136719,387.6900024414063,387.53131103515625,189200
COO,2021-06-24,389.8299865722656,393.1000061035156,389.2000122070313,390.6099853515625,390.45013427734375,221300
COO,2021-06-25,391.1000061035156,397.0,390.8800048828125,396.4299926757813,396.2677001953125,503000
COO,2021-06-28,397.3800048828125,397.4500122070313,392.05999755859375,395.5,395.3381042480469,200900
COO,2021-06-29,395.739990234375,397.9700012207031,394.1799926757813,397.1199951171875,396.95745849609375,188700
COO,2021-06-30,396.3599853515625,397.6600036621094,393.6600036621094,396.2699890136719,396.1078186035156,232900
COO,2021-07-01,396.7200012207031,404.7999877929688,396.7200012207031,403.0,402.83502197265625,263700
COO,2021-07-02,403.2200012207031,408.1099853515625,403.0499877929688,407.75,407.58306884765625,209500
COO,2021-07-06,406.8299865722656,409.9400024414063,403.5700073242188,409.5499877929688,409.3823547363281,169000
COO,2021-07-07,410.2200012207031,415.0,408.2300109863281,413.8200073242188,413.650634765625,249800
COO,2021-07-08,410.0799865722656,411.7900085449219,406.1000061035156,410.6499938964844,410.4819030761719,213900
COO,2021-07-09,410.7200012207031,412.8399963378906,409.010009765625,411.2300109863281,411.0617065429688,184700
COO,2021-07-12,412.8900146484375,413.5700073242188,410.7999877929688,410.8500061035156,410.6818542480469,391600
COO,2021-07-13,409.4800109863281,410.7699890136719,406.4599914550781,409.0799865722656,408.9125671386719,257800
COO,2021-07-14,408.6600036621094,409.1900024414063,404.1499938964844,405.510009765625,405.3440246582031,183500
COO,2021-07-15,403.3900146484375,405.4800109863281,399.8999938964844,402.760009765625,402.5951843261719,166200
COO,2021-07-16,404.1700134277344,407.0,402.6400146484375,403.8900146484375,403.7247009277344,159500
COO,2021-07-19,400.6400146484375,402.5700073242188,393.0499877929688,396.760009765625,396.59759521484375,272300
COO,2021-07-20,397.8699951171875,407.1199951171875,397.4599914550781,402.3200073242188,402.15533447265625,191900
COO,2021-07-21,403.760009765625,403.760009765625,397.0799865722656,401.5,401.3356628417969,220000
COO,2021-07-22,402.4400024414063,404.0799865722656,400.4100036621094,404.0799865722656,403.9146118164063,159800
COO,2021-07-23,405.4299926757813,410.3500061035156,404.7200012207031,410.0700073242188,409.9021911621094,127600
COO,2021-07-26,408.1799926757813,408.8599853515625,405.2000122070313,405.6099853515625,405.4736633300781,144800
COO,2021-07-27,403.8699951171875,410.1300048828125,401.25,410.0,409.8621826171875,233500
COO,2021-07-28,411.1000061035156,415.7699890136719,411.1000061035156,413.6400146484375,413.5009460449219,177100
COO,2021-07-29,415.7099914550781,418.8500061035156,414.9599914550781,416.8999938964844,416.75982666015625,246200
COO,2021-07-30,418.6099853515625,424.5299987792969,417.1600036621094,421.7699890136719,421.6282043457031,178300
COO,2021-08-02,422.8200073242188,425.0499877929688,419.9800109863281,423.6099853515625,423.4675598144531,211600
COO,2021-08-03,425.0199890136719,425.0400085449219,420.7000122070313,423.9800109863281,423.8374633789063,168500
COO,2021-08-04,422.8900146484375,423.0899963378906,413.4299926757813,414.1300048828125,413.9907836914063,251000
COO,2021-08-05,415.1300048828125,415.7900085449219,408.1099853515625,411.7000122070313,411.5616149902344,205400
COO,2021-08-06,414.0700073242188,414.260009765625,409.6499938964844,413.0,412.8611145019531,222300
COO,2021-08-09,414.2699890136719,414.2699890136719,406.260009765625,407.2799987792969,407.1430969238281,258500
COO,2021-08-10,406.5700073242188,407.760009765625,401.989990234375,406.5499877929688,406.4132995605469,146100
COO,2021-08-11,407.6099853515625,410.6199951171875,405.8900146484375,408.2000122070313,408.062744140625,166900
COO,2021-08-12,411.8999938964844,440.3699951171875,411.8999938964844,440.1199951171875,439.9720764160156,719600
COO,2021-08-13,439.010009765625,442.6700134277344,434.9500122070313,436.989990234375,436.8430786132813,246800
COO,2021-08-16,437.2000122070313,439.5700073242188,432.5799865722656,439.5400085449219,439.3922119140625,252600
COO,2021-08-17,439.3599853515625,444.260009765625,437.010009765625,438.5899963378906,438.4425354003906,296300
COO,2021-08-18,439.1799926757813,442.6199951171875,432.2799987792969,432.6099853515625,432.4645385742188,310100
COO,2021-08-19,430.5,445.3599853515625,430.5,442.0400085449219,441.8914184570313,279900
COO,2021-08-20,440.8900146484375,445.80999755859375,439.8699951171875,444.1799926757813,444.03070068359375,540200
COO,2021-08-23,446.0,446.55999755859375,442.3500061035156,444.8399963378906,444.6904602050781,225000
COO,2021-08-24,444.2000122070313,450.0,444.2000122070313,447.7900085449219,447.6394653320313,197300
COO,2021-08-25,446.510009765625,449.989990234375,443.80999755859375,446.739990234375,446.5898132324219,151000
COO,2021-08-26,445.3999938964844,446.7000122070313,443.4200134277344,446.0700073242188,445.9200439453125,193100
COO,2021-08-27,447.9800109863281,449.7699890136719,444.9200134277344,446.5799865722656,446.4298400878906,161000
COO,2021-08-30,448.0700073242188,455.0299987792969,447.1099853515625,449.3800048828125,449.22894287109375,194300
COO,2021-08-31,448.4599914550781,451.510009765625,444.6099853515625,450.7099914550781,450.5584411621094,351200
COO,2021-09-01,448.55999755859375,451.8599853515625,446.1700134277344,450.9700012207031,450.8183898925781,256700
COO,2021-09-02,452.8599853515625,455.80999755859375,447.7200012207031,450.3699951171875,450.2185668945313,258700
COO,2021-09-03,455.2000122070313,463.5899963378906,451.0,455.9200134277344,455.7667541503906,344000
COO,2021-09-07,454.6799926757813,455.760009765625,447.2000122070313,447.8299865722656,447.6794128417969,395800
COO,2021-09-08,447.5499877929688,456.0,444.5199890136719,454.0199890136719,453.8673706054688,313400
COO,2021-09-09,454.989990234375,455.9200134277344,447.989990234375,448.1400146484375,447.9893798828125,161400
COO,2021-09-10,449.6300048828125,451.9200134277344,444.5400085449219,451.3599853515625,451.2082214355469,281000
COO,2021-09-13,453.7699890136719,453.7699890136719,436.0700073242188,440.5700073242188,440.421875,259900
COO,2021-09-14,443.8800048828125,444.5700073242188,438.25,441.4700012207031,441.3215637207031,210100
COO,2021-09-15,440.5499877929688,446.6099853515625,439.30999755859375,445.0299987792969,444.8803405761719,187300
COO,2021-09-16,445.5400085449219,445.5400085449219,439.6400146484375,442.75,442.6011352539063,168000
COO,2021-09-17,441.55999755859375,441.7200012207031,435.3900146484375,436.6000061035156,436.4532470703125,481500
COO,2021-09-20,432.239990234375,434.3999938964844,426.260009765625,429.8999938964844,429.7554931640625,343700
COO,2021-09-21,433.7200012207031,435.8599853515625,426.7099914550781,426.75,426.6065368652344,219400
COO,2021-09-22,428.4100036621094,436.2300109863281,425.010009765625,433.760009765625,433.6141662597656,393800
COO,2021-09-23,434.7799987792969,444.2200012207031,433.8399963378906,439.3399963378906,439.1922912597656,538900
COO,2021-09-24,439.1700134277344,441.8200073242188,436.4800109863281,439.3800048828125,439.2322998046875,305100
COO,2021-09-27,437.4500122070313,438.3299865722656,428.9800109863281,431.4800109863281,431.3349609375,362400
COO,2021-09-28,429.8500061035156,431.260009765625,419.0799865722656,424.0,423.8574523925781,308200
COO,2021-09-29,424.9400024414063,425.3299865722656,419.2799987792969,422.2999877929688,422.1580200195313,201200
COO,2021-09-30,422.7000122070313,428.1499938964844,413.1799926757813,413.30999755859375,413.1710510253906,234800
COO,2021-10-01,413.8699951171875,418.4400024414063,408.6799926757813,416.8800048828125,416.7398376464844,182800
COO,2021-10-04,414.8599853515625,414.8599853515625,404.8500061035156,408.5799865722656,408.4425964355469,195000
COO,2021-10-05,411.5499877929688,419.989990234375,411.2699890136719,414.9599914550781,414.8204956054688,368200
COO,2021-10-06,412.2999877929688,414.6600036621094,405.9400024414063,414.6400146484375,414.5006103515625,233000
COO,2021-10-07,419.4400024414063,424.5899963378906,414.3699951171875,414.8800048828125,414.7405395507813,229300
COO,2021-10-08,414.5899963378906,416.9400024414063,410.0,410.5899963378906,410.4519348144531,155900
COO,2021-10-11,409.3500061035156,412.30999755859375,403.7900085449219,404.0,403.86419677734375,214100
COO,2021-10-12,406.2799987792969,408.1900024414063,400.8500061035156,401.8399963378906,401.7048645019531,191000
COO,2021-10-13,402.1799926757813,405.5899963378906,398.4599914550781,401.1000061035156,400.9651794433594,243600
COO,2021-10-14,403.25,406.510009765625,399.5,401.2999877929688,401.1650695800781,220200
COO,2021-10-15,402.9500122070313,404.760009765625,397.55999755859375,398.30999755859375,398.1760864257813,213300
COO,2021-10-18,396.3999938964844,397.3900146484375,392.1000061035156,396.7000122070313,396.566650390625,299600
COO,2021-10-19,399.0700073242188,407.010009765625,399.0,402.2000122070313,402.0647583007813,195100
COO,2021-10-20,404.2699890136719,412.6000061035156,402.8200073242188,410.6000061035156,410.4619445800781,268300
COO,2021-10-21,411.5,416.2200012207031,410.1199951171875,411.55999755859375,411.4216613769531,135400
COO,2021-10-22,411.0,417.4299926757813,410.0,417.0199890136719,416.87982177734375,192300
COO,2021-10-25,418.5199890136719,418.5199890136719,412.5400085449219,414.9500122070313,414.8105163574219,263500
COO,2021-10-26,419.5899963378906,419.5899963378906,410.9299926757813,416.5400085449219,416.3999633789063,163900
COO,2021-10-27,415.9400024414063,415.9400024414063,409.4700012207031,411.9500122070313,411.8115234375,176800
COO,2021-10-28,413.5400085449219,418.8399963378906,411.8399963378906,416.739990234375,416.5998840332031,162100
COO,2021-10-29,416.4299926757813,419.8699951171875,413.2200012207031,416.9200134277344,416.7798461914063,217800
COO,2021-11-01,417.1900024414063,424.5,416.2099914550781,421.9400024414063,421.7981262207031,263100
COO,2021-11-02,421.989990234375,423.3500061035156,418.7799987792969,420.6400146484375,420.4986267089844,181900
COO,2021-11-03,420.7900085449219,423.5899963378906,416.260009765625,422.5199890136719,422.3779602050781,153100
COO,2021-11-04,421.6499938964844,423.6000061035156,418.489990234375,420.6600036621094,420.5185546875,153000
COO,2021-11-05,419.489990234375,426.0,419.489990234375,424.2200012207031,424.0773620605469,165300
COO,2021-11-08,427.2699890136719,432.1600036621094,424.1099853515625,431.6099853515625,431.46490478515625,154900
COO,2021-11-09,431.8900146484375,434.8999938964844,429.7999877929688,433.6300048828125,433.4842224121094,107900
COO,2021-11-10,433.1000061035156,435.7900085449219,431.0799865722656,434.1199951171875,433.9740295410156,194000
COO,2021-11-11,429.25,429.25,409.0899963378906,410.8399963378906,410.7018737792969,353700
COO,2021-11-12,410.8399963378906,418.8399963378906,408.6799926757813,417.7200012207031,417.57958984375,227600
COO,2021-11-15,420.4200134277344,422.8800048828125,415.3500061035156,416.4400024414063,416.3000183105469,192800
COO,2021-11-16,418.489990234375,420.489990234375,415.1700134277344,415.7099914550781,415.57025146484375,207500
COO,2021-11-17,416.6099853515625,418.3599853515625,407.8200073242188,408.5799865722656,408.4425964355469,233100
COO,2021-11-18,408.510009765625,408.510009765625,397.3200073242188,404.8900146484375,404.7539367675781,395600
COO,2021-11-19,406.3599853515625,407.6499938964844,402.9500122070313,405.0700073242188,404.9338073730469,587100
COO,2021-11-22,403.8999938964844,405.6300048828125,401.0799865722656,402.8699951171875,402.7345275878906,212700
COO,2021-11-23,402.0799865722656,404.5299987792969,395.6199951171875,398.4400024414063,398.3060302734375,248100
COO,2021-11-24,395.8900146484375,397.6300048828125,389.4200134277344,390.8399963378906,390.7085876464844,327100
COO,2021-11-26,387.0299987792969,388.0299987792969,378.8599853515625,379.9400024414063,379.812255859375,278200
COO,2021-11-29,384.1600036621094,389.6700134277344,380.9800109863281,381.1900024414063,381.0618591308594,454400
COO,2021-11-30,378.8699951171875,383.0700073242188,372.989990234375,376.4700012207031,376.3434448242188,569600
COO,2021-12-01,381.7000122070313,385.2999877929688,373.4299926757813,373.5299987792969,373.4044189453125,280200
COO,2021-12-02,373.2099914550781,379.4500122070313,368.7799987792969,377.9500122070313,377.8229370117188,502700
COO,2021-12-03,378.3500061035156,394.8999938964844,374.0299987792969,391.55999755859375,391.4283752441406,931400
COO,2021-12-06,392.6600036621094,402.260009765625,389.3599853515625,399.9700012207031,399.8355407714844,338900
COO,2021-12-07,402.2000122070313,409.2300109863281,401.3900146484375,406.1700134277344,406.033447265625,296000
COO,2021-12-08,406.1499938964844,415.8299865722656,406.1499938964844,414.9299926757813,414.7904968261719,397200
COO,2021-12-09,412.4200134277344,416.3599853515625,408.4299926757813,408.4299926757813,408.292724609375,193200
COO,2021-12-10,410.9700012207031,410.9700012207031,396.9200134277344,399.5799865722656,399.4456481933594,379400
COO,2021-12-13,398.7200012207031,400.1400146484375,393.4500122070313,394.3500061035156,394.2174377441406,608100
COO,2021-12-14,392.9700012207031,403.55999755859375,391.2200012207031,392.3299865722656,392.1981201171875,428500
COO,2021-12-15,392.6000061035156,402.6700134277344,388.2300109863281,400.5499877929688,400.4153137207031,326100
COO,2021-12-16,402.0400085449219,408.4599914550781,392.4500122070313,394.8699951171875,394.7372131347656,505000
COO,2021-12-17,393.3999938964844,400.0199890136719,388.55999755859375,393.4700012207031,393.3377380371094,549400
COO,2021-12-20,389.9200134277344,391.1499938964844,384.55999755859375,389.7300109863281,389.5989685058594,405100
COO,2021-12-21,390.2300109863281,397.4299926757813,390.05999755859375,395.7900085449219,395.6569519042969,579300
COO,2021-12-22,396.1799926757813,404.7699890136719,396.1799926757813,404.6199951171875,404.4839477539063,259300
COO,2021-12-23,407.5,413.4200134277344,404.1600036621094,411.2099914550781,411.07177734375,211400
COO,2021-12-27,412.30999755859375,420.3999938964844,412.30999755859375,420.0299987792969,419.8887634277344,195800
COO,2021-12-28,420.3800048828125,422.4400024414063,419.05999755859375,420.4100036621094,420.2686462402344,149800
COO,2021-12-29,421.1600036621094,423.5,418.8599853515625,420.6799926757813,420.5385437011719,159400
COO,2021-12-30,421.25,427.7900085449219,420.4100036621094,424.0199890136719,423.87744140625,162500
COO,2021-12-31,422.1700134277344,424.5,418.6199951171875,418.9400024414063,418.7991638183594,152200
COO,2022-01-03,428.1600036621094,429.6300048828125,418.4500122070313,421.6000061035156,421.4582824707031,347500
COO,2022-01-04,422.5499877929688,424.9400024414063,416.8200073242188,417.0,416.8598327636719,198700
COO,2022-01-05,417.5199890136719,422.6300048828125,410.0400085449219,410.4800109863281,410.3420104980469,182000
COO,2022-01-06,408.2799987792969,414.7799987792969,404.2799987792969,410.7300109863281,410.5919494628906,301600
COO,2022-01-07,409.0299987792969,414.6099853515625,406.4500122070313,408.6400146484375,408.5026245117188,308100
COO,2022-01-10,407.3599853515625,416.489990234375,403.2200012207031,416.0899963378906,415.95013427734375,602000
COO,2022-01-11,414.9299926757813,422.4400024414063,411.8399963378906,422.2900085449219,422.1480407714844,397800
COO,2022-01-12,422.75,423.8699951171875,414.5899963378906,420.7000122070313,420.55853271484375,346900
COO,2022-01-13,421.4100036621094,425.1499938964844,415.6199951171875,416.1300048828125,415.9901123046875,578700
COO,2022-01-14,414.8500061035156,416.3999938964844,404.6300048828125,410.5199890136719,410.3819885253906,760200
COO,2022-01-18,405.7000122070313,406.7300109863281,396.5,399.8699951171875,399.7355651855469,458500
COO,2022-01-19,400.0700073242188,403.0199890136719,397.1400146484375,398.1499938964844,398.0161437988281,597500
COO,2022-01-20,399.6099853515625,404.0,392.5,393.5400085449219,393.4373168945313,298000
COO,2022-01-21,392.9500122070313,395.6499938964844,387.9100036621094,388.2999877929688,388.1986999511719,241400
COO,2022-01-24,381.0,394.5799865722656,371.4500122070313,393.30999755859375,393.2073974609375,610100
COO,2022-01-25,388.5499877929688,395.510009765625,384.6199951171875,389.5899963378906,389.4884033203125,376000
COO,2022-01-26,392.239990234375,397.7699890136719,378.4800109863281,382.3599853515625,382.2602233886719,352100
COO,2022-01-27,384.989990234375,388.0700073242188,376.4599914550781,379.4599914550781,379.3609924316406,272900
COO,2022-01-28,379.6000061035156,385.4200134277344,374.3800048828125,385.2000122070313,385.0995178222656,315000
COO,2022-01-31,383.6300048828125,398.8900146484375,383.6300048828125,398.2999877929688,398.1960754394531,404600
COO,2022-02-01,396.9299926757813,399.2999877929688,392.6499938964844,396.6700134277344,396.5665588378906,249500
COO,2022-02-02,395.8200073242188,398.8800048828125,392.2900085449219,397.5899963378906,397.4862976074219,248300
COO,2022-02-03,392.7799987792969,396.489990234375,389.010009765625,390.8299865722656,390.72802734375,242800
COO,2022-02-04,388.6400146484375,391.9700012207031,383.3200073242188,388.6600036621094,388.5586242675781,223700
COO,2022-02-07,388.239990234375,391.25,386.4599914550781,386.8999938964844,386.7990417480469,176700
COO,2022-02-08,393.3200073242188,405.8900146484375,389.239990234375,405.0700073242188,404.9643249511719,415200
COO,2022-02-09,407.1600036621094,410.8500061035156,405.489990234375,406.8299865722656,406.723876953125,324600
COO,2022-02-10,402.4599914550781,407.9299926757813,400.6499938964844,402.6900024414063,402.5849609375,156000
COO,2022-02-11,400.2200012207031,404.7099914550781,393.7000122070313,394.0,393.897216796875,202000
COO,2022-02-14,393.4500122070313,396.2900085449219,389.2699890136719,391.3500061035156,391.2478942871094,165300
COO,2022-02-15,399.739990234375,402.3900146484375,394.6799926757813,397.9500122070313,397.8462219238281,229200
COO,2022-02-16,395.3500061035156,403.0199890136719,393.5899963378906,401.2900085449219,401.1853332519531,271900
COO,2022-02-17,399.239990234375,399.239990234375,388.0700073242188,388.9500122070313,388.8485412597656,234700
COO,2022-02-18,387.8299865722656,394.8200073242188,387.1099853515625,388.9800109863281,388.8785400390625,260000
COO,2022-02-22,388.4500122070313,397.0199890136719,386.760009765625,394.6600036621094,394.55706787109375,325800
COO,2022-02-23,397.0,402.9500122070313,394.2999877929688,395.4500122070313,395.3468627929688,335400
COO,2022-02-24,386.8999938964844,401.1099853515625,380.6199951171875,399.6600036621094,399.5557556152344,387700
COO,2022-02-25,400.6799926757813,411.30999755859375,396.989990234375,410.8900146484375,410.7828063964844,261800
COO,2022-02-28,407.0799865722656,411.3900146484375,403.9400024414063,409.0199890136719,408.9132995605469,324800
COO,2022-03-01,408.0199890136719,413.7900085449219,404.2200012207031,411.2999877929688,411.1926879882813,396700
COO,2022-03-02,413.8599853515625,418.7000122070313,409.6199951171875,415.7300109863281,415.6215515136719,410200
COO,2022-03-03,415.7300109863281,419.25,412.5,417.1400146484375,417.0311584472656,318000
COO,2022-03-04,412.7900085449219,430.6700134277344,410.0199890136719,424.5400085449219,424.4292602539063,638200
COO,2022-03-07,419.7799987792969,420.4400024414063,397.6799926757813,401.2099914550781,401.1053161621094,572800
COO,2022-03-08,399.55999755859375,401.4100036621094,380.30999755859375,380.3900146484375,380.2908020019531,492600
COO,2022-03-09,386.1199951171875,389.3699951171875,381.6799926757813,386.7300109863281,386.629150390625,408500
COO,2022-03-10,380.3399963378906,387.55999755859375,380.1799926757813,385.2999877929688,385.199462890625,253600
COO,2022-03-11,389.4200134277344,390.1600036621094,379.6499938964844,379.9599914550781,379.8608703613281,360000
COO,2022-03-14,384.3599853515625,385.05999755859375,376.8699951171875,381.80999755859375,381.71038818359375,274900
COO,2022-03-15,387.5499877929688,390.6700134277344,382.4700012207031,390.4700012207031,390.3681335449219,238100
COO,2022-03-16,393.75,407.9599914550781,393.75,407.1199951171875,407.0137939453125,312700
COO,2022-03-17,404.760009765625,421.5799865722656,404.760009765625,417.8200073242188,417.71099853515625,326800
COO,2022-03-18,418.7000122070313,422.5499877929688,415.4299926757813,421.30999755859375,421.2000732421875,472100
COO,2022-03-21,418.7999877929688,421.4700012207031,415.3999938964844,418.0700073242188,417.9609375,324900
COO,2022-03-22,418.1499938964844,420.0,416.1099853515625,418.6099853515625,418.5007934570313,237800
COO,2022-03-23,416.3900146484375,416.3900146484375,406.1499938964844,407.1199951171875,407.0137939453125,284700
COO,2022-03-24,408.4299926757813,412.489990234375,405.3500061035156,411.9400024414063,411.8325500488281,327200
COO,2022-03-25,412.5299987792969,412.8999938964844,405.5899963378906,408.4100036621094,408.3034973144531,180300
COO,2022-03-28,408.9400024414063,413.0199890136719,404.6600036621094,412.75,412.642333984375,185600
COO,2022-03-29,417.4200134277344,421.260009765625,413.0299987792969,417.6099853515625,417.50103759765625,326900
COO,2022-03-30,416.0499877929688,422.2300109863281,416.0499877929688,421.3999938964844,421.2900695800781,159900
COO,2022-03-31,420.0,425.6199951171875,417.5899963378906,417.5899963378906,417.4810485839844,272500
COO,2022-04-01,418.4400024414063,428.4299926757813,417.010009765625,428.4200134277344,428.3082580566406,412600
COO,2022-04-04,428.989990234375,429.8900146484375,416.239990234375,417.3200073242188,417.2111511230469,200400
COO,2022-04-05,416.05999755859375,422.5799865722656,416.05999755859375,420.5199890136719,420.4103088378906,280600
COO,2022-04-06,419.4700012207031,421.75,413.3699951171875,419.6199951171875,419.5105285644531,209100
COO,2022-04-07,418.2699890136719,424.3599853515625,414.2000122070313,415.9800109863281,415.8714904785156,468900
COO,2022-04-08,413.739990234375,416.989990234375,403.75,411.4500122070313,411.3426818847656,370800
COO,2022-04-11,409.5700073242188,413.05999755859375,406.2999877929688,406.9599914550781,406.8538208007813,234400
COO,2022-04-12,406.1799926757813,411.75,401.760009765625,402.8500061035156,402.7449035644531,219900
COO,2022-04-13,401.8699951171875,405.3800048828125,400.4200134277344,404.6099853515625,404.5044250488281,201300
COO,2022-04-14,405.7000122070313,407.1300048828125,398.1000061035156,399.6199951171875,399.5157470703125,217700
COO,2022-04-18,398.1400146484375,399.1799926757813,392.2699890136719,395.2200012207031,395.1168823242188,155700
COO,2022-04-19,396.05999755859375,412.2200012207031,396.05999755859375,410.7699890136719,410.662841796875,216700
COO,2022-04-20,413.6199951171875,420.25,412.6600036621094,418.5799865722656,418.4707946777344,230800
COO,2022-04-21,421.2699890136719,421.2699890136719,408.6799926757813,409.4500122070313,409.34320068359375,172200
COO,2022-04-22,406.6700134277344,406.6700134277344,390.1900024414063,390.9100036621094,390.80804443359375,375300
COO,2022-04-25,389.9500122070313,395.8500061035156,384.9599914550781,394.05999755859375,393.9572143554688,308500
COO,2022-04-26,390.5299987792969,392.7099914550781,382.5299987792969,382.6799926757813,382.58013916015625,215600
COO,2022-04-27,383.7000122070313,386.7900085449219,376.6900024414063,377.3800048828125,377.2815856933594,201800
COO,2022-04-28,379.260009765625,379.260009765625,367.6199951171875,373.1600036621094,373.0626525878906,256400
COO,2022-04-29,371.6799926757813,373.010009765625,360.17999267578125,361.0400085449219,360.9458312988281,341200
COO,2022-05-02,362.1799926757813,363.75,348.94000244140625,357.0400085449219,356.9468688964844,334400
COO,2022-05-03,358.739990234375,359.7699890136719,353.6199951171875,354.0899963378906,353.99761962890625,237400
COO,2022-05-04,353.17999267578125,363.6799926757813,348.4200134277344,362.4800109863281,362.3854675292969,289100
COO,2022-05-05,360.7900085449219,360.7900085449219,344.0299987792969,347.8900146484375,347.7992553710937,259400
COO,2022-05-06,345.0,345.94000244140625,334.92999267578125,337.54998779296875,337.4619445800781,374400
COO,2022-05-09,333.3099975585937,333.4700012207031,310.5299987792969,311.6099853515625,311.5286865234375,518100
COO,2022-05-10,314.8599853515625,320.69000244140625,309.42999267578125,317.0299987792969,316.9472961425781,463600
COO,2022-05-11,315.6300048828125,327.8999938964844,315.5599975585937,316.0799865722656,315.99755859375,462500
COO,2022-05-12,315.1700134277344,320.82000732421875,310.9800109863281,317.6600036621094,317.5771484375,346400
COO,2022-05-13,319.760009765625,328.8699951171875,319.760009765625,327.7900085449219,327.7044982910156,337300
COO,2022-05-16,326.0,329.1700134277344,324.6600036621094,327.9100036621094,327.824462890625,295600
COO,2022-05-17,334.2699890136719,340.6700134277344,333.8800048828125,340.25,340.1612243652344,450300
COO,2022-05-18,335.6499938964844,338.79998779296875,332.9200134277344,333.760009765625,333.6729736328125,506800
COO,2022-05-19,331.57000732421875,339.69000244140625,331.57000732421875,338.67999267578125,338.5916442871094,425600
COO,2022-05-20,340.3099975585937,342.67999267578125,334.510009765625,341.2099914550781,341.1209716796875,363900
COO,2022-05-23,343.6499938964844,345.3399963378906,334.3599853515625,338.7200012207031,338.63165283203125,376700
COO,2022-05-24,337.3699951171875,342.5599975585937,332.9599914550781,341.04998779296875,340.9610290527344,352600
COO,2022-05-25,338.8699951171875,342.9100036621094,336.9700012207031,339.8399963378906,339.7513427734375,349300
COO,2022-05-26,341.2300109863281,347.4200134277344,339.4100036621094,343.7099914550781,343.62030029296875,470100
COO,2022-05-27,352.6600036621094,353.3699951171875,344.0899963378906,352.1700134277344,352.0781555175781,451600
COO,2022-05-31,350.2900085449219,351.989990234375,345.8099975585937,350.739990234375,350.6484680175781,1094900
COO,2022-06-01,352.3399963378906,354.04998779296875,339.8399963378906,343.2099914550781,343.1204833984375,386600
COO,2022-06-02,343.6300048828125,352.8900146484375,338.94000244140625,352.8099975585937,352.71795654296875,379100
COO,2022-06-03,347.2799987792969,354.0199890136719,341.3500061035156,342.2699890136719,342.1806945800781,481600
COO,2022-06-06,346.5,348.1000061035156,343.5199890136719,344.6099853515625,344.5201110839844,234700
COO,2022-06-07,341.8099975585937,348.57000732421875,341.3699951171875,347.510009765625,347.4193420410156,253300
COO,2022-06-08,345.6000061035156,348.1000061035156,343.8699951171875,344.0599975585937,343.97021484375,191700
COO,2022-06-09,340.2200012207031,343.1400146484375,336.79998779296875,337.07000732421875,336.9820556640625,255700
COO,2022-06-10,331.3800048828125,335.3399963378906,328.1199951171875,332.3500061035156,332.2633056640625,290800
COO,2022-06-13,325.7799987792969,325.8500061035156,318.9100036621094,320.1499938964844,320.06646728515625,273500
COO,2022-06-14,318.8299865722656,320.1400146484375,313.75,314.9200134277344,314.837890625,363600
COO,2022-06-15,318.25,321.7200012207031,311.5799865722656,315.3399963378906,315.2577209472656,284600
COO,2022-06-16,304.3099975585937,306.70001220703125,297.3399963378906,305.1600036621094,305.08038330078125,568000
COO,2022-06-17,306.8999938964844,312.989990234375,304.94000244140625,304.94000244140625,304.8604736328125,490900
COO,2022-06-21,309.0199890136719,309.0199890136719,302.0199890136719,303.9700012207031,303.89068603515625,289400
COO,2022-06-22,299.29998779296875,305.3500061035156,298.4200134277344,301.3999938964844,301.3213806152344,516900
COO,2022-06-23,301.7200012207031,308.2699890136719,301.7200012207031,307.7099914550781,307.6297302246094,458400
COO,2022-06-24,311.32000732421875,323.8099975585937,308.7099914550781,323.489990234375,323.4056091308594,539300
COO,2022-06-27,323.6300048828125,324.8599853515625,319.07000732421875,322.07000732421875,321.9859619140625,359900
COO,2022-06-28,323.42999267578125,325.5599975585937,313.4200134277344,314.0799865722656,313.998046875,334700
COO,2022-06-29,315.0,318.0899963378906,311.44000244140625,317.7099914550781,317.6271057128906,236000
COO,2022-06-30,313.42999267578125,316.989990234375,310.67999267578125,313.1199951171875,313.0382995605469,407200
COO,2022-07-01,313.42999267578125,320.69000244140625,312.4599914550781,318.510009765625,318.4269104003906,280200
COO,2022-07-05,315.260009765625,317.0199890136719,308.04998779296875,315.8900146484375,315.8076171875,284300
COO,2022-07-06,315.42999267578125,317.7799987792969,310.989990234375,312.6000061035156,312.5184631347656,274100
COO,2022-07-07,312.92999267578125,317.2900085449219,310.4200134277344,317.04998779296875,316.96728515625,421200
COO,2022-07-08,312.67999267578125,315.8900146484375,310.0799865722656,311.57000732421875,311.4887390136719,348000
COO,2022-07-11,309.92999267578125,310.8900146484375,302.8699951171875,304.5599975585937,304.4805603027344,287700
COO,2022-07-12,303.4200134277344,306.42999267578125,296.9200134277344,297.17999267578125,297.1024780273437,386600
COO,2022-07-13,292.1700134277344,293.5799865722656,286.989990234375,292.1700134277344,292.0937805175781,319300
COO,2022-07-14,289.3699951171875,289.79998779296875,284.010009765625,288.5,288.4247436523437,262800
COO,2022-07-15,290.0,294.2099914550781,287.70001220703125,293.510009765625,293.4334411621094,314500
COO,2022-07-18,294.95001220703125,297.2200012207031,291.5299987792969,294.1400146484375,294.06329345703125,394300
COO,2022-07-19,299.04998779296875,304.0400085449219,297.0599975585937,303.1000061035156,303.0209655761719,289700
COO,2022-07-20,302.989990234375,308.70001220703125,302.989990234375,307.1099853515625,307.02984619140625,262100
COO,2022-07-21,308.6199951171875,316.239990234375,307.4800109863281,315.8800048828125,315.797607421875,219900
COO,2022-07-22,315.989990234375,319.0299987792969,311.510009765625,313.44000244140625,313.35821533203125,193700
COO,2022-07-25,314.4100036621094,315.2900085449219,311.79998779296875,313.7099914550781,313.6281433105469,173100
COO,2022-07-26,314.29998779296875,314.29998779296875,310.0799865722656,310.8500061035156,310.79864501953125,243600
COO,2022-07-27,312.69000244140625,319.3599853515625,312.69000244140625,318.5599975585937,318.50732421875,252500
COO,2022-07-28,321.5199890136719,329.1099853515625,316.1300048828125,326.42999267578125,326.37603759765625,232100
COO,2022-07-29,326.2900085449219,329.4100036621094,323.7799987792969,327.0,326.9459533691406,292700
COO,2022-08-01,324.8800048828125,329.19000244140625,323.7799987792969,325.3900146484375,325.33624267578125,291300
COO,2022-08-02,323.9700012207031,329.7300109863281,321.6099853515625,324.8099975585937,324.7563171386719,193600
COO,2022-08-03,326.6199951171875,332.3900146484375,325.0,329.1400146484375,329.0856018066406,204000
COO,2022-08-04,328.9599914550781,330.3699951171875,325.2799987792969,327.4700012207031,327.4158935546875,180700
COO,2022-08-05,325.2300109863281,331.0199890136719,325.2300109863281,330.9100036621094,330.8553161621094,147700
COO,2022-08-08,333.7699890136719,334.6600036621094,331.5199890136719,333.6700134277344,333.6148681640625,161300
COO,2022-08-09,333.4100036621094,333.9800109863281,325.0199890136719,325.6300048828125,325.576171875,197400
COO,2022-08-10,331.25,332.4700012207031,327.739990234375,332.239990234375,332.18505859375,300500
COO,2022-08-11,335.0299987792969,337.1600036621094,328.19000244140625,328.739990234375,328.6856384277344,270100
COO,2022-08-12,331.0199890136719,334.17999267578125,328.5400085449219,334.07000732421875,334.0148010253906,147400
COO,2022-08-15,332.3800048828125,337.57000732421875,331.4700012207031,333.3399963378906,333.284912109375,145300
COO,2022-08-16,331.0599975585937,337.44000244140625,329.1199951171875,337.2699890136719,337.2142639160156,222100
COO,2022-08-17,334.760009765625,337.25,328.7300109863281,329.07000732421875,329.015625,271800
COO,2022-08-18,329.07000732421875,331.07000732421875,324.2300109863281,326.9700012207031,326.9159545898437,197300
COO,2022-08-19,325.3699951171875,326.2699890136719,320.6000061035156,322.69000244140625,322.6366882324219,288300
COO,2022-08-22,319.010009765625,320.5299987792969,313.17999267578125,314.4200134277344,314.3680419921875,237500
COO,2022-08-23,313.0,313.0,308.8399963378906,311.32000732421875,311.2685546875,182400
COO,2022-08-24,309.92999267578125,312.260009765625,306.489990234375,309.8099975585937,309.7588195800781,457700
COO,2022-08-25,312.6499938964844,314.3699951171875,308.8599853515625,314.0299987792969,313.97808837890625,330200
COO,2022-08-26,314.0,314.8299865722656,296.54998779296875,296.57000732421875,296.52099609375,312300
COO,2022-08-29,292.2200012207031,294.1199951171875,288.5400085449219,291.29998779296875,291.2518615722656,377600
COO,2022-08-30,291.32000732421875,293.5400085449219,287.70001220703125,288.260009765625,288.2123413085937,433400
COO,2022-08-31,291.3099975585937,293.3099975585937,285.6099853515625,287.44000244140625,287.3924865722656,546100
COO,2022-09-01,286.0299987792969,301.0899963378906,283.0299987792969,300.1199951171875,300.07037353515625,864600
COO,2022-09-02,302.2200012207031,303.3999938964844,294.3699951171875,295.5299987792969,295.4811706542969,437200
COO,2022-09-06,296.8599853515625,299.92999267578125,294.3599853515625,296.17999267578125,296.13104248046875,265100
COO,2022-09-07,297.44000244140625,308.1099853515625,297.3900146484375,306.1099853515625,306.05938720703125,400200
COO,2022-09-08,302.95001220703125,310.54998779296875,300.2099914550781,307.8999938964844,307.8490905761719,317500
COO,2022-09-09,308.6499938964844,314.9800109863281,306.5799865722656,314.70001220703125,314.64801025390625,230900
COO,2022-09-12,315.25,318.9100036621094,315.25,318.7799987792969,318.7273254394531,191800
COO,2022-09-13,310.3099975585937,312.0,305.1499938964844,305.57000732421875,305.5195007324219,274000
COO,2022-09-14,304.9200134277344,306.3699951171875,301.04998779296875,302.8999938964844,302.84991455078125,263200
COO,2022-09-15,303.1300048828125,308.8299865722656,298.75,299.9599914550781,299.9104309082031,250500
COO,2022-09-16,297.4200134277344,297.4200134277344,290.8599853515625,291.45001220703125,291.4018249511719,327800
COO,2022-09-19,289.3500061035156,291.260009765625,284.1700134277344,290.3500061035156,290.302001953125,344600
COO,2022-09-20,287.1300048828125,289.6099853515625,281.8699951171875,283.5299987792969,283.4831237792969,295200
COO,2022-09-21,283.8999938964844,286.010009765625,276.3500061035156,276.3699951171875,276.3243408203125,202900
COO,2022-09-22,273.8299865722656,275.3500061035156,271.5400085449219,274.19000244140625,274.1446838378906,338400
COO,2022-09-23,271.8500061035156,276.4800109863281,270.0400085449219,275.67999267578125,275.6344299316406,397800
COO,2022-09-26,274.0299987792969,275.82000732421875,265.3500061035156,269.0,268.9555358886719,394100
COO,2022-09-27,271.6300048828125,271.989990234375,263.0899963378906,263.8099975585937,263.76641845703125,354500
COO,2022-09-28,265.3399963378906,270.9700012207031,262.9100036621094,269.1099853515625,269.06549072265625,422400
COO,2022-09-29,266.4200134277344,271.2300109863281,263.6499938964844,269.3999938964844,269.35546875,256400
COO,2022-09-30,270.1600036621094,274.5400085449219,263.67999267578125,263.8999938964844,263.8563537597656,400400
COO,2022-10-03,268.3099975585937,275.260009765625,265.67999267578125,273.260009765625,273.2148742675781,338500
COO,2022-10-04,275.54998779296875,279.57000732421875,274.82000732421875,279.57000732421875,279.5238037109375,401600
COO,2022-10-05,276.6199951171875,279.239990234375,274.4599914550781,277.4599914550781,277.41412353515625,239100
COO,2022-10-06,276.9800109863281,278.9200134277344,268.54998779296875,269.5299987792969,269.4854431152344,283600
COO,2022-10-07,266.3299865722656,266.6199951171875,260.04998779296875,262.3900146484375,262.3466491699219,278700
COO,2022-10-10,263.6499938964844,263.6499938964844,257.239990234375,257.6499938964844,257.6073913574219,236000
COO,2022-10-11,257.5400085449219,261.8999938964844,254.27999877929688,256.32000732421875,256.27764892578125,353000
COO,2022-10-12,249.9199981689453,253.8699951171875,247.22999572753903,252.8000030517578,252.7582092285156,437700
COO,2022-10-13,246.2899932861328,259.0400085449219,244.22000122070312,255.2400054931641,255.19781494140625,484300
COO,2022-10-14,258.4200134277344,260.5299987792969,248.1000061035156,248.6699981689453,248.6288909912109,393100
COO,2022-10-17,252.8600006103516,263.1000061035156,250.3300018310547,260.1099853515625,260.0669860839844,358500
COO,2022-10-18,267.6400146484375,269.8299865722656,257.7699890136719,258.4700012207031,258.4272766113281,296400
COO,2022-10-19,257.94000244140625,259.7099914550781,254.6699981689453,256.4800109863281,256.4376220703125,315800
COO,2022-10-20,256.9200134277344,259.3999938964844,254.25,255.6999969482422,255.65774536132807,300400
COO,2022-10-21,256.0199890136719,260.5199890136719,250.5800018310547,259.989990234375,259.947021484375,239400
COO,2022-10-24,262.3800048828125,262.6199951171875,257.0199890136719,258.5799865722656,258.5372619628906,250800
COO,2022-10-25,258.7099914550781,266.45001220703125,258.7099914550781,265.260009765625,265.2161560058594,270600
COO,2022-10-26,267.260009765625,275.5,266.17999267578125,274.2699890136719,274.22467041015625,401500
COO,2022-10-27,274.8599853515625,274.8599853515625,268.70001220703125,269.2300109863281,269.1855163574219,219100
COO,2022-10-28,268.94000244140625,275.92999267578125,268.1199951171875,275.4200134277344,275.3744812011719,231500
COO,2022-10-31,271.9200134277344,276.44000244140625,271.9200134277344,273.3900146484375,273.3448181152344,214200
COO,2022-11-01,276.3500061035156,280.0400085449219,275.6700134277344,279.0,278.9538879394531,294100
COO,2022-11-02,278.0400085449219,282.3099975585937,270.42999267578125,270.42999267578125,270.38531494140625,502300
COO,2022-11-03,267.3800048828125,267.3800048828125,257.2799987792969,265.5599975585937,265.51611328125,264900
COO,2022-11-04,270.19000244140625,272.1199951171875,265.82000732421875,270.6199951171875,270.57525634765625,295900
COO,2022-11-07,272.9100036621094,272.9100036621094,267.1700134277344,270.57000732421875,270.5252685546875,213600
COO,2022-11-08,271.4700012207031,276.45001220703125,267.4800109863281,273.510009765625,273.4648132324219,229800
COO,2022-11-09,272.6300048828125,274.760009765625,270.6199951171875,273.57000732421875,273.5248107910156,341700
COO,2022-11-10,286.1700134277344,302.5199890136719,284.57000732421875,302.0299987792969,301.9800720214844,462300
COO,2022-11-11,304.4200134277344,327.8699951171875,302.7900085449219,324.32000732421875,324.26641845703125,1019500
COO,2022-11-14,321.8999938964844,324.04998779296875,314.3299865722656,314.5,314.4480285644531,410600
COO,2022-11-15,315.0799865722656,319.4599914550781,312.6199951171875,315.7799987792969,315.727783203125,316400
COO,2022-11-16,316.6400146484375,318.7099914550781,309.7300109863281,310.3500061035156,310.2987060546875,313500
COO,2022-11-17,303.760009765625,306.8699951171875,301.45001220703125,303.0,302.9499206542969,279100
COO,2022-11-18,309.07000732421875,309.0799865722656,303.260009765625,307.3999938964844,307.34918212890625,221700
COO,2022-11-21,304.7300109863281,310.2300109863281,303.7200012207031,307.1600036621094,307.1092224121094,260700
COO,2022-11-22,307.2900085449219,310.3599853515625,302.8800048828125,309.2300109863281,309.17889404296875,207800
COO,2022-11-23,310.010009765625,314.0799865722656,309.32000732421875,313.1000061035156,313.0482482910156,169600
COO,2022-11-25,315.010009765625,315.70001220703125,309.260009765625,314.3800048828125,314.3280334472656,119400
COO,2022-11-28,312.9700012207031,317.07000732421875,307.45001220703125,308.3299865722656,308.2790222167969,234000
COO,2022-11-29,307.8599853515625,311.79998779296875,306.6700134277344,307.44000244140625,307.3891906738281,304700
COO,2022-11-30,317.8500061035156,317.8500061035156,305.8900146484375,316.3500061035156,316.2977294921875,1194000
COO,2022-12-01,320.92999267578125,328.8599853515625,319.75,326.6199951171875,326.5660095214844,317600
COO,2022-12-02,321.19000244140625,326.1000061035156,321.19000244140625,322.32000732421875,322.2667541503906,288500
COO,2022-12-05,318.20001220703125,322.0400085449219,314.4700012207031,321.5599975585937,321.5068664550781,309400
COO,2022-12-06,320.739990234375,323.25,310.0899963378906,313.1000061035156,313.0482482910156,333900
COO,2022-12-07,314.010009765625,319.7300109863281,312.489990234375,314.5799865722656,314.5279846191406,268600
COO,2022-12-08,314.5400085449219,321.45001220703125,311.7900085449219,319.42999267578125,319.377197265625,343300
COO,2022-12-09,312.5599975585937,327.6300048828125,305.010009765625,309.4700012207031,309.4188537597656,816600
COO,2022-12-12,311.0199890136719,316.8699951171875,308.7099914550781,314.1199951171875,314.0680847167969,498000
COO,2022-12-13,324.45001220703125,331.8800048828125,320.2900085449219,329.8299865722656,329.7754821777344,502300
COO,2022-12-14,324.67999267578125,334.7900085449219,321.7300109863281,324.8599853515625,324.8062744140625,664600
COO,2022-12-15,322.0400085449219,327.3500061035156,319.8999938964844,324.1000061035156,324.04644775390625,501900
COO,2022-12-16,319.8599853515625,321.7099914550781,315.510009765625,317.8599853515625,317.80743408203125,495800
COO,2022-12-19,316.7200012207031,318.1000061035156,314.8399963378906,316.260009765625,316.2077331542969,212900
COO,2022-12-20,315.44000244140625,320.32000732421875,312.8900146484375,319.8900146484375,319.837158203125,246900
COO,2022-12-21,322.8099975585937,331.4800109863281,322.6199951171875,328.69000244140625,328.6356811523437,316700
COO,2022-12-22,328.2200012207031,331.2300109863281,322.6300048828125,330.8299865722656,330.7752990722656,288500
COO,2022-12-23,329.5799865722656,333.0899963378906,328.0299987792969,332.7300109863281,332.6750183105469,234200
COO,2022-12-27,333.6400146484375,336.20001220703125,330.2900085449219,333.44000244140625,333.3848876953125,224200
COO,2022-12-28,333.4800109863281,336.0899963378906,328.2799987792969,328.3900146484375,328.3357238769531,153100
COO,2022-12-29,331.3099975585937,337.92999267578125,329.8999938964844,334.3800048828125,334.3247375488281,140100
COO,2022-12-30,332.0,334.3299865722656,327.1400146484375,330.6700134277344,330.6153564453125,256900
COO,2023-01-03,333.9100036621094,338.7699890136719,328.45001220703125,332.67999267578125,332.625,269600
COO,2023-01-04,338.239990234375,341.989990234375,335.67999267578125,341.57000732421875,341.5135498046875,294100
COO,2023-01-05,338.29998779296875,341.010009765625,336.6199951171875,339.3599853515625,339.30389404296875,261200
COO,2023-01-06,342.9800109863281,347.8999938964844,333.8800048828125,345.1700134277344,345.11297607421875,271600
COO,2023-01-09,347.5400085449219,348.0400085449219,340.9800109863281,344.25,344.193115234375,371700
COO,2023-01-10,344.19000244140625,347.9700012207031,343.6099853515625,343.8500061035156,343.7931823730469,318200
COO,2023-01-11,347.7099914550781,352.5599975585937,346.1000061035156,350.3099975585937,350.2520751953125,359200
COO,2023-01-12,353.0,353.92999267578125,346.3800048828125,349.45001220703125,349.39227294921875,227200
COO,2023-01-13,348.1499938964844,352.1099853515625,347.6300048828125,350.3900146484375,350.33209228515625,206100
COO,2023-01-17,349.2300109863281,351.45001220703125,343.1099853515625,345.3299865722656,345.2729187011719,399900
COO,2023-01-18,345.94000244140625,350.7200012207031,337.5299987792969,339.4200134277344,339.3639221191406,445100
COO,2023-01-19,336.3500061035156,344.8599853515625,336.3500061035156,342.3900146484375,342.3334350585937,193100
COO,2023-01-20,342.7099914550781,345.7699890136719,339.9100036621094,343.7300109863281,343.70330810546875,254800
COO,2023-01-23,343.7099914550781,346.1600036621094,341.6600036621094,346.1400146484375,346.1131286621094,314400
COO,2023-01-24,348.0199890136719,349.260009765625,340.2099914550781,343.1499938964844,343.12335205078125,218900
COO,2023-01-25,339.1400146484375,344.010009765625,337.7900085449219,343.5799865722656,343.5533142089844,177300
COO,2023-01-26,345.67999267578125,349.4599914550781,342.67999267578125,349.1099853515625,349.0828857421875,194000
COO,2023-01-27,346.7900085449219,349.1600036621094,344.04998779296875,344.4800109863281,344.4532470703125,155000
COO,2023-01-30,340.44000244140625,343.1499938964844,338.6199951171875,340.8500061035156,340.82354736328125,238400
COO,2023-01-31,342.6099853515625,349.3599853515625,339.1700134277344,348.92999267578125,348.90289306640625,271100
COO,2023-02-01,349.8399963378906,357.4700012207031,347.4200134277344,356.5799865722656,356.55230712890625,302300
COO,2023-02-02,360.1000061035156,371.760009765625,358.2300109863281,362.5299987792969,362.5018310546875,519800
COO,2023-02-03,356.94000244140625,362.1799926757813,354.1499938964844,354.489990234375,354.46246337890625,261400
COO,2023-02-06,349.9800109863281,353.6000061035156,345.04998779296875,346.44000244140625,346.4130859375,250400
COO,2023-02-07,344.57000732421875,350.8399963378906,340.32000732421875,348.94000244140625,348.91290283203125,215400
COO,2023-02-08,345.7799987792969,350.3800048828125,344.239990234375,344.4599914550781,344.4332275390625,189000
COO,2023-02-09,346.4800109863281,346.4800109863281,334.2200012207031,335.6199951171875,335.59393310546875,234500
COO,2023-02-10,334.7300109863281,337.1300048828125,331.3599853515625,335.1400146484375,335.1139831542969,279700
COO,2023-02-13,336.3999938964844,339.8099975585937,335.1199951171875,338.3900146484375,338.3637390136719,240600
COO,2023-02-14,337.6700134277344,343.8099975585937,335.8900146484375,337.5799865722656,337.55377197265625,181700
COO,2023-02-15,335.94000244140625,346.6099853515625,335.6600036621094,346.0799865722656,346.0531005859375,366200
COO,2023-02-16,340.79998779296875,347.6499938964844,337.9599914550781,343.7300109863281,343.70330810546875,205500
COO,2023-02-17,342.260009765625,346.510009765625,339.6099853515625,345.1199951171875,345.0932006835937,171100
COO,2023-02-21,342.1499938964844,342.1499938964844,335.29998779296875,337.239990234375,337.2138061523437,194700
COO,2023-02-22,336.7900085449219,339.5599975585937,332.7900085449219,338.45001220703125,338.4237365722656,302600
COO,2023-02-23,340.0299987792969,342.67999267578125,334.79998779296875,340.0599975585937,340.0335998535156,270100
COO,2023-02-24,335.6000061035156,337.54998779296875,328.2099914550781,330.510009765625,330.4843444824219,289300
COO,2023-02-27,333.0,336.19000244140625,330.42999267578125,332.29998779296875,332.274169921875,223400
COO,2023-02-28,331.7900085449219,331.7900085449219,322.5899963378906,326.9700012207031,326.9446105957031,1324500
COO,2023-03-01,325.2900085449219,329.0400085449219,321.6499938964844,323.5599975585937,323.5348815917969,438200
COO,2023-03-02,321.010009765625,328.6400146484375,320.0400085449219,327.8599853515625,327.83453369140625,391000
COO,2023-03-03,345.0,355.67999267578125,342.1499938964844,351.8099975585937,351.7826843261719,616600
COO,2023-03-06,351.0,352.0400085449219,345.989990234375,345.989990234375,345.9631042480469,360500
COO,2023-03-07,345.92999267578125,346.32000732421875,335.0799865722656,336.3399963378906,336.3138732910156,360500
COO,2023-03-08,333.79998779296875,337.7300109863281,330.67999267578125,335.29998779296875,335.2739562988281,220400
COO,2023-03-09,337.57000732421875,343.0400085449219,334.1000061035156,334.8399963378906,334.8139953613281,218900
COO,2023-03-10,334.8399963378906,334.8399963378906,322.6199951171875,324.7799987792969,324.7547607421875,300000
COO,2023-03-13,323.7799987792969,335.4200134277344,321.92999267578125,333.9599914550781,333.9340515136719,277400
COO,2023-03-14,339.82000732421875,341.5199890136719,334.0400085449219,339.1400146484375,339.1136779785156,269700
COO,2023-03-15,332.739990234375,338.8900146484375,331.1400146484375,338.6300048828125,338.60369873046875,343300
COO,2023-03-16,335.3500061035156,346.8900146484375,331.2900085449219,345.2900085449219,345.26318359375,321400
COO,2023-03-17,345.1300048828125,348.94000244140625,337.0400085449219,341.5,341.4734802246094,547200
COO,2023-03-20,341.19000244140625,346.6400146484375,341.19000244140625,344.510009765625,344.4832458496094,183600
COO,2023-03-21,346.5799865722656,351.17999267578125,345.0199890136719,350.8299865722656,350.802734375,257500
COO,2023-03-22,349.989990234375,354.260009765625,344.1300048828125,344.5299987792969,344.50323486328125,288700
COO,2023-03-23,345.9599914550781,352.7799987792969,344.3500061035156,344.9599914550781,344.9331970214844,248700
COO,2023-03-24,345.0400085449219,358.0899963378906,343.8699951171875,355.0199890136719,354.992431640625,373200
COO,2023-03-27,357.4200134277344,361.6799926757813,355.25,356.5899963378906,356.56231689453125,371000
COO,2023-03-28,355.0,359.5299987792969,353.82000732421875,354.79998779296875,354.7724304199219,258800
COO,2023-03-29,357.5799865722656,363.4400024414063,356.6300048828125,361.8200073242188,361.7919006347656,311300
COO,2023-03-30,365.0,369.2699890136719,363.6199951171875,367.4700012207031,367.44146728515625,367100
COO,2023-03-31,369.5899963378906,373.9100036621094,368.760009765625,373.3599853515625,373.33099365234375,374600
COO,2023-04-03,371.6000061035156,372.2799987792969,366.2799987792969,368.3800048828125,368.3514099121094,353900
COO,2023-04-04,368.8399963378906,371.5,367.260009765625,370.05999755859375,370.03125,261300
COO,2023-04-05,368.7200012207031,374.1900024414063,365.4400024414063,373.6000061035156,373.5709838867188,217900
COO,2023-04-06,373.2699890136719,373.9700012207031,366.010009765625,372.2999877929688,372.2710876464844,286400
COO,2023-04-10,369.7900085449219,370.1300048828125,366.1300048828125,370.1199951171875,370.09124755859375,148400
COO,2023-04-11,371.4200134277344,375.1300048828125,371.0499877929688,371.9400024414063,371.9111022949219,153700
COO,2023-04-12,375.0199890136719,378.9299926757813,371.489990234375,372.8800048828125,372.8510437011719,240600
COO,2023-04-13,374.5,378.6099853515625,372.7999877929688,377.5400085449219,377.51068115234375,156300
COO,2023-04-14,375.7099914550781,378.7799987792969,371.8399963378906,373.7099914550781,373.6809692382813,190500
COO,2023-04-17,373.1099853515625,374.989990234375,369.5400085449219,371.4800109863281,371.451171875,175700
COO,2023-04-18,374.760009765625,378.7099914550781,371.5299987792969,378.0499877929688,378.0206298828125,224400
COO,2023-04-19,377.3399963378906,385.9200134277344,377.3399963378906,385.5400085449219,385.5100708007813,200800
COO,2023-04-20,383.5199890136719,386.4599914550781,381.80999755859375,385.2799987792969,385.25006103515625,312200
COO,2023-04-21,388.2000122070313,388.2000122070313,382.9700012207031,385.3999938964844,385.37005615234375,212300
COO,2023-04-24,387.2000122070313,388.2900085449219,383.3800048828125,385.489990234375,385.4600524902344,179300
COO,2023-04-25,384.0,385.0199890136719,378.0299987792969,379.010009765625,378.9805603027344,167000
COO,2023-04-26,377.0799865722656,380.2300109863281,373.1499938964844,375.9500122070313,375.9208068847656,246900
COO,2023-04-27,375.3200073242188,379.1600036621094,372.6300048828125,378.1600036621094,378.1306457519531,191900
COO,2023-04-28,378.2000122070313,382.6700134277344,376.6900024414063,381.4500122070313,381.4203796386719,174300
COO,2023-05-01,380.2699890136719,385.4500122070313,380.2699890136719,383.7699890136719,383.74017333984375,105300
COO,2023-05-02,382.0700073242188,385.8599853515625,378.5400085449219,382.25,382.2203063964844,178500
COO,2023-05-03,386.1000061035156,386.80999755859375,378.739990234375,380.9299926757813,380.9004211425781,225400
COO,2023-05-04,378.9800109863281,382.4200134277344,376.80999755859375,379.2699890136719,379.2405395507813,132100
COO,2023-05-05,381.1499938964844,386.6000061035156,380.7900085449219,385.9400024414063,385.9100341796875,131500
COO,2023-05-08,384.4100036621094,388.010009765625,382.1099853515625,386.1099853515625,386.0799865722656,183400
COO,2023-05-09,385.55999755859375,387.4200134277344,384.510009765625,385.2900085449219,385.2600708007813,121500
COO,2023-05-10,386.75,395.2000122070313,386.75,390.8999938964844,390.86962890625,260800
COO,2023-05-11,390.0,393.6900024414063,389.2699890136719,392.0899963378906,392.0595397949219,262500
COO,2023-05-12,391.3299865722656,393.6799926757813,387.05999755859375,390.1600036621094,390.1296997070313,434200
COO,2023-05-15,390.6700134277344,390.9800109863281,387.1700134277344,389.3500061035156,389.31976318359375,248000
COO,2023-05-16,388.3999938964844,388.3999938964844,385.2200012207031,387.7099914550781,387.6798706054688,280300
COO,2023-05-17,388.05999755859375,388.05999755859375,377.6000061035156,385.7200012207031,385.6900329589844,374900
COO,2023-05-18,386.1099853515625,390.0700073242188,385.8399963378906,387.8999938964844,387.869873046875,264000
COO,2023-05-19,388.6300048828125,389.3399963378906,385.8200073242188,386.1000061035156,386.0700073242188,575200
COO,2023-05-22,386.2200012207031,394.8699951171875,386.2200012207031,390.1400146484375,390.1097106933594,316900
COO,2023-05-23,386.8900146484375,387.7200012207031,377.8699951171875,380.0400085449219,380.010498046875,436000
COO,2023-05-24,378.6499938964844,379.2699890136719,374.6700134277344,377.9700012207031,377.9406433105469,346500
COO,2023-05-25,377.8500061035156,379.2200012207031,368.6600036621094,371.4400024414063,371.4111633300781,423100
COO,2023-05-26,371.010009765625,372.3900146484375,366.7699890136719,369.3900146484375,369.361328125,425900
COO,2023-05-30,367.6799926757813,369.8500061035156,365.8500061035156,368.2000122070313,368.1714172363281,425000
COO,2023-05-31,366.8800048828125,371.8900146484375,364.5899963378906,371.5299987792969,371.5011291503906,1348500
COO,2023-06-01,371.0,375.55999755859375,367.239990234375,374.1900024414063,374.1609497070313,362700
COO,2023-06-02,360.1300048828125,364.5,356.04998779296875,356.4700012207031,356.4423217773437,701600
COO,2023-06-05,359.3900146484375,359.8399963378906,353.010009765625,353.54998779296875,353.52252197265625,296300
COO,2023-06-06,353.3500061035156,356.9200134277344,350.2300109863281,352.6300048828125,352.6026306152344,253600
COO,2023-06-07,350.6499938964844,351.510009765625,346.54998779296875,350.7900085449219,350.76275634765625,246500
COO,2023-06-08,350.3800048828125,350.6000061035156,345.4100036621094,349.7900085449219,349.7628479003906,279500
COO,2023-06-09,349.7099914550781,349.7200012207031,344.3800048828125,346.1499938964844,346.12310791015625,295700
COO,2023-06-12,348.29998779296875,356.6600036621094,348.1199951171875,355.9800109863281,355.9523620605469,343100
COO,2023-06-13,356.010009765625,360.3999938964844,356.010009765625,359.17999267578125,359.152099609375,259500
COO,2023-06-14,364.0199890136719,368.5199890136719,360.7699890136719,362.739990234375,362.7118225097656,383900
COO,2023-06-15,363.7300109863281,370.010009765625,362.0199890136719,367.5700073242188,367.5414733886719,302400
COO,2023-06-16,371.9599914550781,375.80999755859375,366.6799926757813,367.4100036621094,367.3814697265625,628500
COO,2023-06-20,363.2300109863281,369.7799987792969,363.1799926757813,369.1300048828125,369.1013488769531,246400
COO,2023-06-21,367.8200073242188,371.1199951171875,365.5899963378906,370.7099914550781,370.6812133789063,197700
COO,2023-06-22,371.6300048828125,374.9700012207031,370.3399963378906,373.05999755859375,373.0310363769531,280100
COO,2023-06-23,371.8200073242188,375.8299865722656,370.0899963378906,372.7799987792969,372.75103759765625,311700
COO,2023-06-26,373.0,375.75,369.3800048828125,373.6799926757813,373.6509704589844,226900
COO,2023-06-27,374.260009765625,378.9100036621094,371.1400146484375,378.6099853515625,378.58056640625,229200
COO,2023-06-28,378.6700134277344,381.4500122070313,377.1499938964844,380.5,380.470458984375,218300
COO,2023-06-29,379.1799926757813,383.0400085449219,379.1799926757813,379.9800109863281,379.9505004882813,249800
COO,2023-06-30,383.9800109863281,385.6199951171875,379.9800109863281,383.4299926757813,383.4002075195313,209800
COO,2023-07-03,380.6499938964844,380.6499938964844,375.2799987792969,377.4200134277344,377.39068603515625,136100
COO,2023-07-05,378.1300048828125,378.6199951171875,373.2000122070313,377.2999877929688,377.2706909179688,307000
COO,2023-07-06,374.1600036621094,379.0400085449219,373.010009765625,375.7900085449219,375.7608337402344,346400
COO,2023-07-07,374.5700073242188,379.8200073242188,374.3500061035156,378.3800048828125,378.3506164550781,200500
COO,2023-07-10,379.2999877929688,384.0799865722656,379.1199951171875,383.4400024414063,383.41021728515625,158200
COO,2023-07-11,384.30999755859375,386.2000122070313,380.6099853515625,382.489990234375,382.4602966308594,168900
COO,2023-07-12,385.2699890136719,388.7300109863281,383.4100036621094,387.3599853515625,387.3298950195313,198900
COO,2023-07-13,387.8999938964844,390.7799987792969,386.010009765625,390.0899963378906,390.0596923828125,182200
COO,2023-07-14,390.3299865722656,397.7799987792969,390.3299865722656,397.3599853515625,397.3291320800781,290000
COO,2023-07-17,397.05999755859375,399.6199951171875,393.75,393.9700012207031,393.93939208984375,249900
COO,2023-07-18,392.1600036621094,395.1700134277344,389.0199890136719,393.25,393.2194519042969,226700
COO,2023-07-19,392.4200134277344,397.0299987792969,388.9400024414063,394.8399963378906,394.809326171875,307000
COO,2023-07-20,395.3900146484375,397.8399963378906,391.25,391.8500061035156,391.819580078125,198100
COO,2023-07-21,391.8599853515625,392.6099853515625,387.5,387.6099853515625,387.5798950195313,285200
COO,2023-07-24,387.9299926757813,388.1199951171875,383.6400146484375,386.9599914550781,386.929931640625,197700
COO,2023-07-25,386.75,389.25,384.3699951171875,386.3200073242188,386.2900085449219,254100
COO,2023-07-26,385.6199951171875,389.510009765625,382.9100036621094,389.4700012207031,389.4700012207031,161100
COO,2023-07-27,391.760009765625,391.760009765625,387.9400024414063,388.6499938964844,388.6499938964844,261700
COO,2023-07-28,392.9400024414063,395.5700073242188,388.6400146484375,393.4500122070313,393.4500122070313,232000
COO,2023-07-31,394.55999755859375,394.55999755859375,388.8999938964844,391.260009765625,391.260009765625,215700
COO,2023-08-01,387.760009765625,390.9100036621094,386.989990234375,390.010009765625,390.010009765625,297500
COO,2023-08-02,387.8999938964844,390.1600036621094,385.1000061035156,387.8599853515625,387.8599853515625,462800
COO,2023-08-03,383.3900146484375,389.9500122070313,383.9599914550781,388.8900146484375,388.8900146484375,157031
