Ticker,Date,Open,High,Low,Close,Adj Close,Volume
FIS,2001-06-20,24.0,24.5,23.89999961853028,23.89999961853028,9.51492977142334,11000
FIS,2001-06-21,24.5,25.5,24.5,25.5,10.151912689208984,39300
FIS,2001-06-22,25.5,25.64999961853028,25.5,25.600000381469727,10.191720008850098,33800
FIS,2001-06-25,25.89999961853028,26.5,25.89999961853028,26.5,10.55002212524414,9100
FIS,2001-06-26,26.5,26.5,26.14999961853028,26.450000762939453,10.530120849609377,109800
FIS,2001-06-27,26.450000762939453,26.600000381469727,26.440000534057617,26.600000381469727,10.589834213256836,185300
FIS,2001-06-28,26.799999237060547,27.5,26.799999237060547,27.5,10.94813632965088,66000
FIS,2001-06-29,27.549999237060547,28.100000381469727,27.549999237060547,28.0,11.147196769714355,71300
FIS,2001-07-02,28.0,28.39999961853028,28.0,28.0,11.147196769714355,69700
FIS,2001-07-03,28.01000022888184,28.15999984741211,28.01000022888184,28.049999237060547,11.167097091674805,56200
FIS,2001-07-05,28.049999237060547,28.049999237060547,27.940000534057617,27.950000762939453,11.127288818359377,61900
FIS,2001-07-06,27.950000762939453,30.0,26.89999961853028,30.0,11.943421363830566,3337400
FIS,2001-07-09,30.0,31.299999237060547,29.799999237060547,29.90999984741211,11.907591819763184,1674700
FIS,2001-07-10,29.90999984741211,30.01000022888184,28.549999237060547,28.549999237060547,11.366156578063965,1210400
FIS,2001-07-11,28.450000762939453,29.01000022888184,28.3799991607666,28.5,11.346253395080566,2426400
FIS,2001-07-12,28.51000022888184,30.200000762939453,28.51000022888184,29.450000762939453,11.724465370178224,1294600
FIS,2001-07-13,29.350000381469727,30.020000457763672,28.989999771118164,29.0,11.545310020446776,709500
FIS,2001-07-16,29.0,29.61000061035156,28.520000457763672,28.75,11.445781707763672,593900
FIS,2001-07-17,28.75,29.75,28.709999084472656,29.59000015258789,11.780197143554688,837100
FIS,2001-07-18,29.520000457763672,30.0,29.43000030517578,29.489999771118164,11.74038314819336,396600
FIS,2001-07-19,29.440000534057617,29.5,28.809999465942383,28.89999961853028,11.505496978759766,303600
FIS,2001-07-20,28.799999237060547,29.14999961853028,28.799999237060547,28.959999084472656,11.529383659362791,519000
FIS,2001-07-23,28.959999084472656,29.01000022888184,28.600000381469727,29.01000022888184,11.549290657043455,206100
FIS,2001-07-24,28.950000762939453,29.299999237060547,28.739999771118164,28.979999542236328,11.537345886230469,268600
FIS,2001-07-25,28.96999931335449,29.790000915527344,28.75,29.549999237060547,11.764273643493652,385200
FIS,2001-07-26,29.39999961853028,29.950000762939453,29.18000030517578,29.93000030517578,11.915552139282228,208500
FIS,2001-07-27,29.920000076293945,30.549999237060547,29.89999961853028,30.530000686645508,12.154423713684082,274600
FIS,2001-07-30,30.540000915527344,32.150001525878906,30.540000915527344,31.6200008392334,12.588363647460938,289200
FIS,2001-07-31,31.600000381469727,33.5,31.600000381469727,33.02000045776367,13.14573097229004,357300
FIS,2001-08-01,33.099998474121094,34.279998779296875,33.099998474121094,34.0,13.53587818145752,759800
FIS,2001-08-02,33.95000076293945,34.20000076293945,33.65999984741211,33.709999084472656,13.420427322387695,365500
FIS,2001-08-03,33.5,33.54999923706055,32.599998474121094,32.650001525878906,12.998427391052246,139800
FIS,2001-08-06,32.79999923706055,32.900001525878906,32.08000183105469,32.13999938964844,12.795390129089355,161700
FIS,2001-08-07,32.13999938964844,32.70000076293945,32.099998474121094,32.45000076293945,12.918801307678224,186400
FIS,2001-08-08,32.5,32.599998474121094,32.0,32.4900016784668,12.934731483459473,322400
FIS,2001-08-09,32.5,32.599998474121094,32.349998474121094,32.5099983215332,12.942693710327148,169400
FIS,2001-08-10,32.5099983215332,32.75,32.099998474121094,32.150001525878906,12.799370765686035,328500
FIS,2001-08-13,32.13999938964844,32.13999938964844,31.989999771118164,32.0,12.73965549468994,396200
FIS,2001-08-14,33.0,33.0,32.47999954223633,32.790000915527344,13.054160118103027,269000
FIS,2001-08-15,32.79999923706055,33.099998474121094,32.0,32.0,12.73965549468994,307000
FIS,2001-08-16,32.0,32.150001525878906,31.799999237060547,32.0,12.73965549468994,280600
FIS,2001-08-17,31.950000762939453,32.25,31.790000915527344,32.2400016784668,12.835199356079102,211200
FIS,2001-08-20,32.290000915527344,32.290000915527344,32.0,32.02000045776367,12.747618675231934,150900
FIS,2001-08-21,32.0,32.45000076293945,32.0,32.29999923706055,12.85908317565918,321800
FIS,2001-08-22,32.20000076293945,32.630001068115234,32.150001525878906,32.5,12.938711166381836,234300
FIS,2001-08-23,32.25,32.5,32.20000076293945,32.400001525878906,12.898897171020508,72300
FIS,2001-08-24,32.349998474121094,32.400001525878906,32.20000076293945,32.349998474121094,12.878988265991213,69600
FIS,2001-08-27,32.349998474121094,32.72999954223633,32.349998474121094,32.650001525878906,12.998427391052246,80900
FIS,2001-08-28,32.720001220703125,32.720001220703125,32.310001373291016,32.380001068115234,12.890935897827148,241000
FIS,2001-08-29,32.380001068115234,32.7400016784668,32.29999923706055,32.72999954223633,13.0302734375,261600
FIS,2001-08-30,32.68000030517578,33.119998931884766,32.68000030517578,33.0099983215332,13.14174747467041,182300
FIS,2001-08-31,33.25,34.36000061035156,33.25,34.36000061035156,13.679204940795898,277600
FIS,2001-09-04,34.349998474121094,35.099998474121094,34.33000183105469,34.900001525878906,13.894187927246094,760800
FIS,2001-09-05,34.900001525878906,34.900001525878906,33.709999084472656,33.720001220703125,13.42440700531006,296900
FIS,2001-09-06,33.70000076293945,33.70000076293945,32.83000183105469,33.0,13.1377592086792,333900
FIS,2001-09-07,33.0,33.04999923706055,32.5,32.63999938964844,12.994443893432615,186200
FIS,2001-09-10,32.5,32.86000061035156,32.5,32.75,13.038230895996094,179400
FIS,2001-09-17,32.0,32.04999923706055,29.989999771118164,30.09000015258789,11.979255676269531,279800
FIS,2001-09-18,30.09000015258789,30.780000686645508,29.979999542236328,30.75,12.242010116577148,389000
FIS,2001-09-19,30.850000381469727,31.200000762939453,30.34000015258789,30.81999969482422,12.269875526428224,222200
FIS,2001-09-20,30.700000762939453,30.850000381469727,29.299999237060547,29.8700008392334,11.891666412353516,653700
FIS,2001-09-21,28.39999961853028,29.89999961853028,27.75,29.63999938964844,11.800101280212402,685900
FIS,2001-09-24,29.540000915527344,30.0,28.75,29.43000030517578,11.716497421264648,364400
FIS,2001-09-25,29.43000030517578,29.43000030517578,28.299999237060547,28.729999542236328,11.437819480895996,245300
FIS,2001-09-26,28.71999931335449,28.71999931335449,25.600000381469727,25.600000381469727,10.191720008850098,619500
FIS,2001-09-27,25.600000381469727,25.950000762939453,24.809999465942383,24.979999542236328,9.944890975952148,597300
FIS,2001-09-28,25.0,26.25,25.0,25.959999084472656,10.335041046142578,1213300
FIS,2001-10-01,26.049999237060547,28.239999771118164,26.0,28.229999542236328,11.23875904083252,208600
FIS,2001-10-02,28.25,28.450000762939453,27.790000915527344,28.0,11.147196769714355,179100
FIS,2001-10-03,28.01000022888184,29.25,27.81999969482422,29.21999931335449,11.632890701293944,235300
FIS,2001-10-04,29.200000762939453,31.89999961853028,29.200000762939453,31.0,12.341537475585938,274100
FIS,2001-10-05,30.950000762939453,30.950000762939453,29.39999961853028,30.190000534057617,12.019065856933594,176000
FIS,2001-10-08,30.239999771118164,30.75,28.51000022888184,28.51000022888184,11.350228309631348,246600
FIS,2001-10-09,28.520000457763672,30.200000762939453,26.75,29.88999938964844,11.899628639221191,397600
FIS,2001-10-10,29.89999961853028,30.299999237060547,29.5,29.739999771118164,11.839911460876465,347100
FIS,2001-10-11,29.739999771118164,29.739999771118164,28.549999237060547,28.790000915527344,11.461709022521973,339700
FIS,2001-10-12,28.799999237060547,28.89999961853028,27.799999237060547,27.809999465942383,11.071556091308594,468100
FIS,2001-10-15,27.790000915527344,30.0,27.299999237060547,29.0,11.545310020446776,453100
FIS,2001-10-16,29.100000381469727,29.100000381469727,28.600000381469727,28.700000762939453,11.425877571105955,94600
FIS,2001-10-17,28.76000022888184,29.540000915527344,28.64999961853028,28.65999984741211,11.409951210021973,342800
FIS,2001-10-18,28.65999984741211,30.200000762939453,28.65999984741211,29.459999084472656,11.72844409942627,850100
FIS,2001-10-19,29.5,29.700000762939453,29.299999237060547,29.39999961853028,11.704549789428713,366800
FIS,2001-10-22,29.459999084472656,29.68000030517578,29.299999237060547,29.51000022888184,11.748350143432615,365200
FIS,2001-10-23,29.559999465942383,29.940000534057617,29.559999465942383,29.850000381469727,11.883705139160156,248500
FIS,2001-10-24,29.86000061035156,30.100000381469727,29.700000762939453,30.020000457763672,11.95138454437256,162900
FIS,2001-10-25,30.030000686645508,30.07999992370605,29.950000762939453,30.0,11.943421363830566,287200
FIS,2001-10-26,30.0,30.0,29.75,29.950000762939453,11.9235200881958,74100
FIS,2001-10-29,29.64999961853028,30.0,29.479999542236328,29.489999771118164,11.74038314819336,113500
FIS,2001-10-30,29.290000915527344,29.299999237060547,27.5,27.780000686645508,11.059612274169922,214600
FIS,2001-10-31,27.8799991607666,28.600000381469727,27.600000381469727,28.5,11.346253395080566,390900
FIS,2001-11-01,28.5,28.5,27.850000381469727,27.8799991607666,11.099420547485352,207100
FIS,2001-11-02,27.88999938964844,27.90999984741211,27.68000030517578,27.780000686645508,11.059612274169922,377600
FIS,2001-11-05,27.89999961853028,28.299999237060547,27.89999961853028,28.030000686645508,11.159140586853027,628800
FIS,2001-11-06,28.049999237060547,28.049999237060547,27.93000030517578,27.940000534057617,11.123311042785645,289900
FIS,2001-11-07,27.89999961853028,28.049999237060547,27.739999771118164,27.989999771118164,11.14321517944336,303000
FIS,2001-11-08,28.049999237060547,28.81999969482422,27.93000030517578,28.57999992370605,11.37809944152832,151500
FIS,2001-11-09,28.68000030517578,28.690000534057617,27.989999771118164,28.14999961853028,11.206915855407717,147600
FIS,2001-11-12,28.600000381469727,28.739999771118164,27.989999771118164,28.739999771118164,11.44179916381836,102100
FIS,2001-11-13,28.739999771118164,29.020000457763672,28.309999465942383,29.020000457763672,11.55327320098877,96700
FIS,2001-11-14,29.1200008392334,29.5,29.0,29.39999961853028,11.704549789428713,79100
FIS,2001-11-15,29.39999961853028,30.26000022888184,29.0,29.89999961853028,11.90361213684082,127800
FIS,2001-11-16,30.0,30.350000381469727,29.700000762939453,30.040000915527344,11.9593505859375,151600
FIS,2001-11-19,30.14999961853028,30.88999938964844,30.01000022888184,30.809999465942383,12.265892028808594,113400
FIS,2001-11-20,30.799999237060547,30.89999961853028,30.299999237060547,30.36000061035156,12.086746215820312,204200
FIS,2001-11-21,30.350000381469727,30.5,30.049999237060547,30.5,12.142478942871094,125000
FIS,2001-11-23,30.450000762939453,30.5,30.3700008392334,30.489999771118164,12.138503074645996,92900
FIS,2001-11-26,30.450000762939453,30.600000381469727,30.100000381469727,30.489999771118164,12.138503074645996,110100
FIS,2001-11-27,30.440000534057617,30.739999771118164,30.299999237060547,30.5,12.142478942871094,113100
FIS,2001-11-28,30.450000762939453,30.479999542236328,30.209999084472656,30.209999084472656,12.027026176452637,148900
FIS,2001-11-29,30.200000762939453,30.39999961853028,29.75,29.989999771118164,11.939444541931152,182200
FIS,2001-11-30,29.989999771118164,29.989999771118164,29.06999969482422,29.420000076293945,11.712518692016602,175800
FIS,2001-12-03,29.420000076293945,29.700000762939453,29.0,29.11000061035156,11.589098930358888,603000
FIS,2001-12-04,29.100000381469727,29.36000061035156,28.950000762939453,29.209999084472656,11.628914833068848,133000
FIS,2001-12-05,29.309999465942383,30.850000381469727,29.309999465942383,30.68000030517578,12.214138984680176,470300
FIS,2001-12-06,30.68000030517578,30.68000030517578,30.43000030517578,30.5,12.142478942871094,139300
FIS,2001-12-07,30.38999938964844,31.0,30.3700008392334,30.71999931335449,12.230064392089844,119200
FIS,2001-12-10,30.489999771118164,31.25,30.36000061035156,30.940000534057617,12.31765079498291,290100
FIS,2001-12-11,30.93000030517578,31.88999938964844,30.93000030517578,31.46999931335449,12.52865505218506,142000
FIS,2001-12-12,31.5,31.950000762939453,31.5,31.950000762939453,12.719749450683594,87300
FIS,2001-12-13,31.89999961853028,32.779998779296875,31.600000381469727,32.209999084472656,12.823253631591797,275200
FIS,2001-12-14,32.220001220703125,33.040000915527344,32.130001068115234,33.0,13.1377592086792,300000
FIS,2001-12-17,32.970001220703125,33.29999923706055,32.849998474121094,33.18000030517578,13.20942497253418,97800
FIS,2001-12-18,33.150001525878906,34.33000183105469,33.04999923706055,34.130001068115234,13.58763599395752,320900
FIS,2001-12-19,34.0099983215332,34.0099983215332,33.099998474121094,33.11000061035156,13.181557655334473,223800
FIS,2001-12-20,33.04999923706055,33.849998474121094,33.0,33.63999938964844,13.392556190490724,195600
FIS,2001-12-21,33.38999938964844,34.849998474121094,33.349998474121094,34.849998474121094,13.874273300170898,316500
FIS,2001-12-24,34.75,35.45000076293945,34.75,35.45000076293945,14.113143920898438,65900
FIS,2001-12-26,35.45000076293945,35.45000076293945,35.0,35.06999969482422,13.96186065673828,63900
FIS,2001-12-27,35.04999923706055,35.150001525878906,34.43000030517578,34.43000030517578,13.707073211669922,147200
FIS,2001-12-28,34.43000030517578,34.75,34.0,34.70000076293945,13.814563751220703,124400
FIS,2001-12-31,34.650001525878906,34.790000915527344,33.959999084472656,34.220001220703125,13.623465538024902,92000
FIS,2002-01-02,34.099998474121094,35.20000076293945,33.2599983215332,35.20000076293945,14.013615608215332,197400
FIS,2002-01-03,35.29999923706055,35.599998474121094,35.04999923706055,35.34000015258789,14.069354057312012,350700
FIS,2002-01-04,35.290000915527344,35.5,34.91999816894531,35.0,13.93399143218994,80900
FIS,2002-01-07,34.95000076293945,34.97999954223633,33.900001525878906,33.93000030517578,13.508018493652344,114300
FIS,2002-01-08,33.900001525878906,33.90999984741211,33.20000076293945,33.7400016784668,13.432372093200684,189400
FIS,2002-01-09,33.7599983215332,34.54999923706055,33.709999084472656,34.47999954223633,13.72697639465332,79300
FIS,2002-01-10,34.349998474121094,34.349998474121094,33.779998779296875,33.84000015258789,13.472185134887695,103600
FIS,2002-01-11,33.849998474121094,34.20000076293945,33.650001525878906,34.060001373291016,13.559769630432127,88900
FIS,2002-01-14,34.0,35.0,34.0,34.959999084472656,13.918068885803224,107800
FIS,2002-01-15,34.849998474121094,34.939998626708984,33.5,34.79999923706055,13.85437297821045,146100
FIS,2002-01-16,34.810001373291016,34.84000015258789,34.150001525878906,34.54999923706055,13.754840850830078,88600
FIS,2002-01-17,34.5,35.150001525878906,34.25,35.130001068115234,13.985745429992676,122800
FIS,2002-01-18,35.0,35.0,34.77000045776367,34.849998474121094,13.874273300170898,67000
FIS,2002-01-22,34.900001525878906,35.0,34.04999923706055,34.099998474121094,13.575689315795898,184600
FIS,2002-01-23,34.119998931884766,34.599998474121094,33.61000061035156,33.970001220703125,13.523941040039062,416600
FIS,2002-01-24,33.970001220703125,34.54999923706055,33.90999984741211,34.439998626708984,13.711053848266602,262400
FIS,2002-01-25,34.439998626708984,34.439998626708984,34.029998779296875,34.099998474121094,13.575689315795898,77800
FIS,2002-01-28,34.099998474121094,34.400001525878906,34.040000915527344,34.31999969482422,13.6632719039917,80600
FIS,2002-01-29,34.33000183105469,34.599998474121094,34.04999923706055,34.099998474121094,13.575689315795898,131000
FIS,2002-01-30,34.099998474121094,34.54999923706055,34.0,34.45000076293945,13.7150297164917,183300
FIS,2002-01-31,34.41999816894531,34.849998474121094,34.29999923706055,34.689998626708984,13.810576438903809,151500
FIS,2002-02-01,34.689998626708984,35.599998474121094,34.54999923706055,35.560001373291016,14.156929969787598,157200
FIS,2002-02-04,35.5,35.5,35.099998474121094,35.20000076293945,14.013615608215332,111400
FIS,2002-02-05,35.20000076293945,35.47999954223633,35.0,35.29999923706055,14.053426742553713,174400
FIS,2002-02-06,35.25,35.349998474121094,34.9900016784668,35.2400016784668,14.029548645019531,750300
FIS,2002-02-07,35.25,35.439998626708984,35.119998931884766,35.22999954223633,14.025561332702637,102800
FIS,2002-02-08,35.220001220703125,35.25,34.849998474121094,35.2400016784668,14.029548645019531,323400
FIS,2002-02-11,35.20000076293945,35.650001525878906,34.95000076293945,35.099998474121094,13.97380542755127,195900
FIS,2002-02-12,35.150001525878906,35.29999923706055,34.849998474121094,34.959999084472656,13.918068885803224,256700
FIS,2002-02-13,35.04999923706055,35.459999084472656,35.02000045776367,35.459999084472656,14.117122650146484,300100
FIS,2002-02-14,35.310001373291016,35.459999084472656,34.95000076293945,35.119998931884766,13.981769561767578,88400
FIS,2002-02-15,35.18000030517578,35.439998626708984,34.83000183105469,35.25,14.03351879119873,172100
FIS,2002-02-19,35.20000076293945,35.4900016784668,35.099998474121094,35.470001220703125,14.121103286743164,79900
FIS,2002-02-20,35.4900016784668,35.560001373291016,35.36000061035156,35.52000045776367,14.141014099121094,146400
FIS,2002-02-21,35.5099983215332,35.52000045776367,34.54999923706055,34.619998931884766,13.782707214355469,196100
FIS,2002-02-22,34.599998474121094,34.970001220703125,34.45000076293945,34.869998931884766,13.882235527038574,238800
FIS,2002-02-25,34.86000061035156,35.0,34.72999954223633,34.849998474121094,13.874273300170898,256000
FIS,2002-02-26,34.650001525878906,35.0,34.31999969482422,34.75,13.834467887878418,138400
FIS,2002-02-27,34.72999954223633,35.130001068115234,34.72999954223633,35.11000061035156,13.977784156799316,616000
FIS,2002-02-28,35.0099983215332,37.33000183105469,34.869998931884766,37.150001525878906,14.789941787719728,1136500
FIS,2002-03-01,37.04999923706055,39.09999847412109,37.04999923706055,38.93999862670898,15.502570152282717,773000
FIS,2002-03-04,38.79999923706055,40.25,38.79999923706055,39.869998931884766,15.872809410095217,337700
FIS,2002-03-05,39.619998931884766,40.20000076293945,39.619998931884766,39.93999862670898,15.900679588317873,537800
FIS,2002-03-06,39.84000015258789,40.290000915527344,39.66999816894531,40.220001220703125,16.012147903442383,259700
FIS,2002-03-07,40.70000076293945,40.720001220703125,40.25,40.45000076293945,16.103715896606445,195800
FIS,2002-03-08,40.43999862670898,40.79999923706055,40.43999862670898,40.59999847412109,16.163429260253906,265200
FIS,2002-03-11,40.540000915527344,41.5,40.540000915527344,41.09999847412109,16.362491607666016,128800
FIS,2002-03-12,41.0,41.29999923706055,40.86000061035156,41.2599983215332,16.426189422607422,317600
FIS,2002-03-13,41.25,41.27000045776367,40.65999984741211,40.91999816894531,16.29082679748535,676500
FIS,2002-03-14,40.91999816894531,41.15999984741211,40.91999816894531,41.040000915527344,16.338600158691406,116800
FIS,2002-03-15,41.040000915527344,41.09999847412109,40.43999862670898,40.43999862670898,16.09972381591797,201300
FIS,2002-03-18,40.25,40.5,39.27999877929688,39.31999969482422,15.653852462768556,269700
FIS,2002-03-19,39.29999923706055,39.29999923706055,38.400001525878906,38.5099983215332,15.331376075744627,221200
FIS,2002-03-20,38.400001525878906,38.84999847412109,37.75,38.709999084472656,15.41099739074707,230400
FIS,2002-03-21,38.709999084472656,39.5099983215332,38.709999084472656,39.5,15.725508689880373,180900
FIS,2002-03-22,39.5,40.130001068115234,39.45000076293945,39.93000030517578,15.89669704437256,166900
FIS,2002-03-25,39.93000030517578,39.970001220703125,39.619998931884766,39.81999969482422,15.852900505065918,79800
FIS,2002-03-26,39.83000183105469,39.83000183105469,39.02999877929688,39.70000076293945,15.805130958557127,138100
FIS,2002-03-27,39.79999923706055,40.0,39.38999938964844,39.77000045776367,15.832996368408203,417800
FIS,2002-03-28,39.72999954223633,39.84000015258789,39.54999923706055,39.70000076293945,15.805130958557127,93900
FIS,2002-04-01,39.5,40.790000915527344,39.29999923706055,40.790000915527344,16.239076614379883,678400
FIS,2002-04-02,40.650001525878906,41.70000076293945,40.459999084472656,41.43000030517578,16.493873596191406,167600
FIS,2002-04-03,41.22999954223633,41.400001525878906,40.09999847412109,40.7400016784668,16.21916389465332,124000
FIS,2002-04-04,40.59000015258789,40.93999862670898,40.400001525878906,40.880001068115234,16.2749080657959,213100
FIS,2002-04-05,41.20000076293945,41.900001525878906,41.11000061035156,41.5,16.521739959716797,222100
FIS,2002-04-08,41.400001525878906,42.04999923706055,41.20000076293945,41.970001220703125,16.708847045898438,200400
FIS,2002-04-09,41.95000076293945,42.84000015258789,41.93999862670898,42.560001373291016,16.943729400634766,143600
FIS,2002-04-10,42.59999847412109,42.65999984741211,42.20000076293945,42.65999984741211,16.98354148864746,111700
FIS,2002-04-11,42.5,42.650001525878906,41.83000183105469,41.86000061035156,16.665056228637695,96500
FIS,2002-04-12,41.880001068115234,42.09999847412109,41.43999862670898,41.72999954223633,16.613300323486328,77300
FIS,2002-04-15,41.68999862670898,42.150001525878906,41.619998931884766,41.90999984741211,16.68495750427246,86300
FIS,2002-04-16,42.0,42.25,41.59999847412109,42.25,16.82032012939453,98000
FIS,2002-04-17,42.25,42.25,41.33000183105469,41.34000015258789,16.458030700683594,115500
FIS,2002-04-18,41.41999816894531,41.72999954223633,41.130001068115234,41.25,16.422208786010742,71300
FIS,2002-04-19,41.34999847412109,42.119998931884766,41.34999847412109,42.119998931884766,16.768566131591797,104000
FIS,2002-04-22,42.150001525878906,42.9900016784668,41.650001525878906,42.7599983215332,17.023359298706055,151100
FIS,2002-04-23,43.0,44.400001525878906,42.79999923706055,42.79999923706055,17.039281845092773,321400
FIS,2002-04-24,42.79999923706055,43.34999847412109,41.400001525878906,41.45000076293945,16.501829147338867,278500
FIS,2002-04-25,41.45000076293945,41.45000076293945,40.150001525878906,40.66999816894531,16.191303253173828,226800
FIS,2002-04-26,40.68000030517578,40.68000030517578,39.70000076293945,39.84000015258789,15.860868453979492,173200
FIS,2002-04-29,39.70000076293945,39.709999084472656,37.95000076293945,38.959999084472656,15.510523796081545,463600
FIS,2002-04-30,39.0,39.25,38.68999862670898,38.79999923706055,15.446828842163086,281600
FIS,2002-05-01,38.79999923706055,39.0,38.45000076293945,39.0,15.526449203491213,307300
FIS,2002-05-02,38.97999954223633,39.0,38.66999816894531,38.790000915527344,15.44283962249756,283800
FIS,2002-05-03,38.790000915527344,38.84999847412109,38.619998931884766,38.7599983215332,15.430902481079102,129000
FIS,2002-05-06,38.7599983215332,39.09999847412109,38.43999862670898,38.77000045776367,15.434886932373049,119800
FIS,2002-05-07,38.79999923706055,41.06999969482422,38.79999923706055,40.65999984741211,16.187307357788086,277600
FIS,2002-05-08,40.90999984741211,40.90999984741211,40.060001373291016,40.25,16.024097442626953,192800
FIS,2002-05-09,40.20000076293945,40.650001525878906,40.0,40.5,16.123619079589844,113400
FIS,2002-05-10,40.5,40.619998931884766,40.150001525878906,40.619998931884766,16.171398162841797,135700
FIS,2002-05-13,40.619998931884766,41.869998931884766,40.52999877929688,41.810001373291016,16.645153045654297,121500
FIS,2002-05-14,41.900001525878906,43.560001373291016,41.709999084472656,43.560001373291016,17.341842651367188,302400
FIS,2002-05-15,43.36000061035156,43.79999923706055,43.34999847412109,43.650001525878906,17.377685546875,172300
FIS,2002-05-16,43.59999847412109,43.720001220703125,43.5099983215332,43.70000076293945,17.397586822509766,98000
FIS,2002-05-17,43.400001525878906,43.83000183105469,43.130001068115234,43.5,17.317962646484375,109500
FIS,2002-05-20,43.5,44.09999847412109,43.09999847412109,43.75,17.4174861907959,145700
FIS,2002-05-21,43.54999923706055,43.650001525878906,42.77000045776367,42.77000045776367,17.027341842651367,67900
FIS,2002-05-22,42.75,43.18000030517578,42.22999954223633,42.86000061035156,17.06317138671875,182100
FIS,2002-05-23,42.86000061035156,42.86000061035156,42.09999847412109,42.560001373291016,16.943729400634766,156000
FIS,2002-05-24,42.34999847412109,43.16999816894531,42.31999969482422,42.93000030517578,17.09104347229004,76900
FIS,2002-05-28,42.900001525878906,42.9900016784668,41.79999923706055,42.34999847412109,16.860139846801758,82300
FIS,2002-05-29,42.29999923706055,42.5,42.15999984741211,42.369998931884766,16.86808967590332,79000
FIS,2002-05-30,42.29999923706055,42.65999984741211,42.06999969482422,42.400001525878906,16.880033493041992,91800
FIS,2002-05-31,42.34999847412109,43.20000076293945,42.09000015258789,43.0,17.118898391723633,178000
FIS,2002-06-03,43.0,44.4900016784668,42.900001525878906,44.119998931884766,17.56479835510254,347500
FIS,2002-06-04,44.0,44.29999923706055,43.52999877929688,44.130001068115234,17.568769454956055,372500
FIS,2002-06-05,44.09999847412109,44.09999847412109,43.70000076293945,44.0,17.517017364501953,222700
FIS,2002-06-06,44.0,44.0,42.75,42.84999847412109,17.059186935424805,141100
FIS,2002-06-07,42.84999847412109,43.77999877929688,42.34999847412109,43.16999816894531,17.186588287353516,164000
FIS,2002-06-10,42.75,44.29999923706055,42.75,43.880001068115234,17.46924591064453,173300
FIS,2002-06-11,43.880001068115234,44.09999847412109,42.959999084472656,43.04999923706055,17.138809204101562,113900
FIS,2002-06-12,43.040000915527344,43.04999923706055,42.2400016784668,42.380001068115234,16.872079849243164,116800
FIS,2002-06-13,42.380001068115234,42.61000061035156,41.34000015258789,41.59000015258789,16.557567596435547,106100
FIS,2002-06-14,41.0,42.45000076293945,40.2599983215332,42.220001220703125,16.808378219604492,133400
FIS,2002-06-17,42.22999954223633,43.70000076293945,42.22999954223633,42.75,17.01938247680664,144000
FIS,2002-06-18,42.75,43.650001525878906,42.75,43.369998931884766,17.26620864868164,117000
FIS,2002-06-19,43.369998931884766,44.2599983215332,43.0099983215332,43.18000030517578,17.190567016601562,302000
FIS,2002-06-20,43.150001525878906,43.70000076293945,42.4900016784668,42.540000915527344,16.935779571533203,136600
FIS,2002-06-21,41.59999847412109,41.7400016784668,39.88999938964844,40.25,16.024097442626953,288800
FIS,2002-06-24,40.20000076293945,41.0,39.70000076293945,40.369998931884766,16.07186508178711,275500
FIS,2002-06-25,40.369998931884766,40.369998931884766,38.88999938964844,38.88999938964844,15.482654571533203,368500
FIS,2002-06-26,38.0,38.0099983215332,36.119998931884766,37.400001525878906,14.889472007751465,678100
FIS,2002-06-27,37.470001220703125,38.04999923706055,35.7599983215332,36.22999954223633,14.423677444458008,468700
FIS,2002-06-28,36.22999954223633,37.20000076293945,36.22999954223633,37.11000061035156,14.77401065826416,430300
FIS,2002-07-01,37.04999923706055,37.130001068115234,36.5,36.83000183105469,14.662543296813965,229000
FIS,2002-07-02,36.83000183105469,36.90999984741211,36.0,36.09999847412109,14.37191390991211,295700
FIS,2002-07-03,36.02999877929688,36.75,36.0099983215332,36.36000061035156,14.475431442260742,200600
FIS,2002-07-05,36.36000061035156,37.33000183105469,36.36000061035156,36.95000076293945,14.710311889648438,88000
FIS,2002-07-08,37.0,38.119998931884766,37.0,37.88999938964844,15.084542274475098,326200
FIS,2002-07-09,37.88999938964844,38.0,37.31999969482422,37.31999969482422,14.857622146606444,174500
FIS,2002-07-10,37.31999969482422,37.84999847412109,35.75,35.75,14.232576370239258,220300
FIS,2002-07-11,35.150001525878906,35.20000076293945,31.350000381469727,34.790000915527344,13.85039234161377,653100
FIS,2002-07-12,34.689998626708984,35.0,33.43000030517578,33.560001373291016,13.36071491241455,260400
FIS,2002-07-15,33.310001373291016,33.5,32.209999084472656,32.90999984741211,13.101930618286133,260500
FIS,2002-07-16,32.5099983215332,32.95000076293945,32.099998474121094,32.689998626708984,13.014348983764648,427700
FIS,2002-07-17,32.439998626708984,33.0,32.02000045776367,32.810001373291016,13.062126159667969,265400
FIS,2002-07-18,32.5,32.72999954223633,31.39999961853028,31.559999465942383,12.564482688903809,291800
FIS,2002-07-19,31.059999465942383,31.059999465942383,30.65999984741211,30.780000686645508,12.253952026367188,386500
FIS,2002-07-22,30.3799991607666,31.26000022888184,30.14999961853028,30.6299991607666,12.19423770904541,481100
FIS,2002-07-23,30.200000762939453,31.100000381469727,29.3700008392334,29.5,11.74436855316162,526800
FIS,2002-07-24,29.25,30.96999931335449,27.61000061035156,30.39999961853028,12.102666854858398,417800
FIS,2002-07-25,30.51000022888184,31.65999984741211,30.26000022888184,31.229999542236328,12.43310260772705,422300
FIS,2002-07-26,31.229999542236328,31.799999237060547,31.190000534057617,31.6299991607666,12.5923490524292,233300
FIS,2002-07-29,32.0,33.75,32.0,33.5099983215332,13.340802192687988,204200
FIS,2002-07-30,33.310001373291016,34.5,33.09000015258789,34.2400016784668,13.631424903869627,212300
FIS,2002-07-31,34.20000076293945,34.209999084472656,32.20000076293945,32.720001220703125,13.026294708251951,309000
FIS,2002-08-01,32.75,32.75,31.600000381469727,32.15999984741211,12.803349494934082,257500
FIS,2002-08-02,31.799999237060547,32.20000076293945,30.670000076293945,30.950000762939453,12.32163143157959,138300
FIS,2002-08-05,30.959999084472656,31.39999961853028,29.799999237060547,29.920000076293945,11.911575317382812,189900
FIS,2002-08-06,29.920000076293945,30.489999771118164,29.799999237060547,30.200000762939453,12.023049354553224,303000
FIS,2002-08-07,30.549999237060547,30.75,30.020000457763672,30.39999961853028,12.102666854858398,271300
FIS,2002-08-08,30.049999237060547,30.64999961853028,29.86000061035156,30.0,11.943421363830566,455000
FIS,2002-08-09,30.0,31.270000457763672,29.64999961853028,30.920000076293945,12.309691429138184,266700
FIS,2002-08-12,30.8799991607666,32.22999954223633,30.690000534057617,31.959999084472656,12.723724365234377,175700
FIS,2002-08-13,31.86000061035156,32.08000183105469,30.6200008392334,30.6200008392334,12.190253257751465,166100
FIS,2002-08-14,30.670000076293945,30.8799991607666,30.13999938964844,30.8799991607666,12.293768882751465,243500
FIS,2002-08-15,30.8799991607666,32.38999938964844,30.729999542236328,32.369998931884766,12.886958122253418,240700
FIS,2002-08-16,32.29999923706055,32.779998779296875,31.5,32.20000076293945,12.819271087646484,171100
FIS,2002-08-19,32.29999923706055,33.4900016784668,32.29999923706055,33.43000030517578,13.308952331542969,170500
FIS,2002-08-20,33.279998779296875,33.279998779296875,31.979999542236328,32.79999923706055,13.05814266204834,261300
FIS,2002-08-21,32.84000015258789,33.099998474121094,32.29999923706055,33.099998474121094,13.17757511138916,246200
FIS,2002-08-22,33.099998474121094,33.779998779296875,32.900001525878906,33.689998626708984,13.412460327148438,132000
FIS,2002-08-23,33.5,33.5,32.790000915527344,32.849998474121094,13.078045845031738,129700
FIS,2002-08-26,32.93000030517578,33.5,32.54999923706055,33.5,13.336822509765623,124700
FIS,2002-08-27,33.5,33.52000045776367,32.439998626708984,32.9900016784668,13.133785247802734,212400
FIS,2002-08-28,32.70000076293945,33.099998474121094,32.400001525878906,32.75,13.038230895996094,181800
FIS,2002-08-29,32.720001220703125,33.119998931884766,32.54999923706055,32.939998626708984,13.113880157470703,209500
FIS,2002-08-30,32.91999816894531,33.4900016784668,32.75,32.86000061035156,13.082026481628418,93900
FIS,2002-09-03,32.61000061035156,32.72999954223633,31.450000762939453,31.559999465942383,12.564482688903809,158300
FIS,2002-09-04,31.61000061035156,33.54999923706055,31.61000061035156,33.45000076293945,13.31691551208496,174200
FIS,2002-09-05,33.0,33.0099983215332,30.25,30.489999771118164,12.138503074645996,386500
FIS,2002-09-06,30.61000061035156,31.200000762939453,29.59000015258789,30.36000061035156,12.086746215820312,391600
FIS,2002-09-09,30.36000061035156,30.36000061035156,29.309999465942383,29.5,11.74436855316162,528800
FIS,2002-09-10,29.5,29.57999992370605,28.780000686645508,28.809999465942383,11.469666481018066,344200
FIS,2002-09-11,29.0,29.459999084472656,28.93000030517578,29.0,11.545310020446776,343600
FIS,2002-09-12,28.90999984741211,29.0,28.36000061035156,28.780000686645508,11.457722663879396,310700
FIS,2002-09-13,28.530000686645508,28.799999237060547,28.190000534057617,28.350000381469727,11.28653335571289,151600
FIS,2002-09-16,28.350000381469727,29.21999931335449,27.46999931335449,28.959999084472656,11.529383659362791,266800
FIS,2002-09-17,29.299999237060547,30.0,28.989999771118164,29.13999938964844,11.601044654846191,386400
FIS,2002-09-18,28.84000015258789,29.43000030517578,28.84000015258789,28.89999961853028,11.505496978759766,261900
FIS,2002-09-19,28.76000022888184,29.14999961853028,28.39999961853028,28.39999961853028,11.306440353393556,336500
FIS,2002-09-20,28.40999984741211,28.40999984741211,17.190000534057617,19.100000381469727,7.603979587554932,4337900
FIS,2002-09-23,19.100000381469727,19.440000534057617,18.450000762939453,18.96999931335449,7.552227973937988,1234300
FIS,2002-09-24,18.770000457763672,18.770000457763672,16.700000762939453,18.07999992370605,7.197902679443359,1743700
FIS,2002-09-25,18.600000381469727,20.459999084472656,18.549999237060547,20.309999465942383,8.085699081420898,879700
FIS,2002-09-26,20.309999465942383,21.39999961853028,20.200000762939453,21.39999961853028,8.519640922546387,1190200
FIS,2002-09-27,21.39999961853028,21.39999961853028,20.420000076293945,20.549999237060547,8.181245803833008,841200
FIS,2002-09-30,20.25,20.26000022888184,19.770000457763672,20.100000381469727,8.002095222473145,475000
FIS,2002-10-01,20.299999237060547,21.3799991607666,20.14999961853028,21.020000457763672,8.368365287780762,1046300
FIS,2002-10-02,21.100000381469727,21.299999237060547,20.89999961853028,20.979999542236328,8.352435111999512,789700
FIS,2002-10-03,20.89999961853028,21.26000022888184,20.790000915527344,20.799999237060547,8.280774116516113,1045800
FIS,2002-10-04,20.82999992370605,21.01000022888184,20.549999237060547,20.86000061035156,8.304658889770508,554100
FIS,2002-10-07,20.76000022888184,20.8700008392334,20.489999771118164,20.5,8.161338806152344,384900
FIS,2002-10-08,20.5,22.0,20.5,21.82999992370605,8.690832138061523,594900
FIS,2002-10-09,21.850000381469727,21.96999931335449,21.450000762939453,21.68000030517578,8.63111400604248,440100
FIS,2002-10-10,21.43000030517578,22.309999465942383,20.729999542236328,21.8700008392334,8.706757545471191,487500
FIS,2002-10-11,22.31999969482422,23.100000381469727,21.979999542236328,22.229999542236328,8.850076675415039,428900
FIS,2002-10-14,22.229999542236328,22.950000762939453,22.170000076293945,22.57999992370605,8.989419937133789,288600
FIS,2002-10-15,22.82999992370605,23.299999237060547,22.82999992370605,23.100000381469727,9.19643497467041,443600
FIS,2002-10-16,23.040000915527344,23.040000915527344,21.709999084472656,22.14999961853028,8.818230628967285,365000
FIS,2002-10-17,22.549999237060547,23.36000061035156,22.549999237060547,23.11000061035156,9.200417518615724,230600
FIS,2002-10-18,23.13999938964844,23.190000534057617,22.8700008392334,22.8700008392334,9.104870796203612,212700
FIS,2002-10-21,22.780000686645508,24.670000076293945,22.6299991607666,24.540000915527344,9.769720077514648,493500
FIS,2002-10-22,24.34000015258789,24.75,22.5,23.420000076293945,9.323833465576172,483900
FIS,2002-10-23,22.0,23.25,20.64999961853028,23.11000061035156,9.200417518615724,768800
FIS,2002-10-24,22.959999084472656,22.959999084472656,21.780000686645508,22.450000762939453,8.937664985656738,757800
FIS,2002-10-25,21.89999961853028,22.75,21.89999961853028,22.700000762939453,9.037193298339844,461100
FIS,2002-10-28,22.600000381469727,22.700000762939453,21.5,22.229999542236328,8.850076675415039,868400
FIS,2002-10-29,22.229999542236328,22.299999237060547,20.59000015258789,20.89999961853028,8.320585250854492,424000
FIS,2002-10-30,20.90999984741211,21.299999237060547,20.489999771118164,21.14999961853028,8.420114517211914,523400
FIS,2002-10-31,21.39999961853028,21.520000457763672,20.489999771118164,21.0,8.360395431518555,373800
FIS,2002-11-01,20.600000381469727,22.09000015258789,20.459999084472656,21.8700008392334,8.706757545471191,388200
FIS,2002-11-04,22.0,23.0,21.799999237060547,21.950000762939453,8.738606452941895,409400
FIS,2002-11-05,21.600000381469727,22.18000030517578,21.5,22.06999969482422,8.78637409210205,219200
FIS,2002-11-06,22.25,22.40999984741211,21.81999969482422,22.350000381469727,8.897852897644043,178400
FIS,2002-11-07,22.350000381469727,22.350000381469727,21.71999931335449,21.89999961853028,8.71869945526123,282600
FIS,2002-11-08,21.96999931335449,22.01000022888184,21.600000381469727,21.739999771118164,8.655003547668457,225000
FIS,2002-11-11,21.540000915527344,21.540000915527344,20.559999465942383,21.100000381469727,8.40020751953125,121400
FIS,2002-11-12,20.89999961853028,21.049999237060547,20.5,21.0,8.360395431518555,498700
FIS,2002-11-13,20.89999961853028,21.1200008392334,20.479999542236328,21.059999465942383,8.384283065795898,256100
FIS,2002-11-14,21.209999084472656,22.09000015258789,21.209999084472656,22.07999992370605,8.790356636047363,149600
FIS,2002-11-15,22.06999969482422,22.559999465942383,21.700000762939453,22.5,8.957568168640137,503200
FIS,2002-11-18,22.5,22.71999931335449,22.309999465942383,22.61000061035156,9.001359939575195,462200
FIS,2002-11-19,22.51000022888184,22.51000022888184,22.0,22.26000022888184,8.862020492553711,235500
FIS,2002-11-20,22.14999961853028,22.61000061035156,22.14999961853028,22.5,8.957568168640137,661900
FIS,2002-11-21,22.56999969482422,23.31999969482422,22.56999969482422,23.26000022888184,9.260133743286133,334000
FIS,2002-11-22,23.15999984741211,24.0,23.1200008392334,23.790000915527344,9.471137046813965,210000
FIS,2002-11-25,23.739999771118164,23.950000762939453,23.39999961853028,23.950000762939453,9.534832954406738,123200
FIS,2002-11-26,23.700000762939453,24.31999969482422,23.64999961853028,24.21999931335449,9.642321586608888,493000
FIS,2002-11-27,24.21999931335449,24.450000762939453,23.950000762939453,24.39999961853028,9.71398639678955,301600
FIS,2002-11-29,24.64999961853028,24.64999961853028,24.14999961853028,24.14999961853028,9.614455223083496,39900
FIS,2002-12-02,24.39999961853028,25.059999465942383,24.39999961853028,24.88999938964844,9.909061431884766,175600
FIS,2002-12-03,24.799999237060547,25.450000762939453,24.670000076293945,25.239999771118164,10.048399925231934,241500
FIS,2002-12-04,25.21999931335449,25.38999938964844,25.0,25.1200008392334,10.00062656402588,201900
FIS,2002-12-05,25.040000915527344,25.61000061035156,25.0,25.5,10.151912689208984,251600
FIS,2002-12-06,25.299999237060547,25.81999969482422,24.90999984741211,25.299999237060547,10.072283744812012,260400
FIS,2002-12-09,25.14999961853028,25.280000686645508,24.770000457763672,24.96999931335449,9.940908432006836,226500
FIS,2002-12-10,24.96999931335449,25.850000381469727,24.51000022888184,25.700000762939453,10.231534004211426,249000
FIS,2002-12-11,25.64999961853028,26.18000030517578,25.299999237060547,26.18000030517578,10.422624588012695,281500
FIS,2002-12-12,26.100000381469727,26.5,25.89999961853028,26.39999961853028,10.510214805603027,282600
FIS,2002-12-13,26.3700008392334,26.3700008392334,25.229999542236328,25.5,10.151912689208984,255700
FIS,2002-12-16,25.290000915527344,26.170000076293945,25.200000762939453,26.170000076293945,10.418645858764648,167000
FIS,2002-12-17,25.950000762939453,25.950000762939453,25.290000915527344,25.350000381469727,10.092193603515623,302900
FIS,2002-12-18,25.450000762939453,25.450000762939453,24.57999992370605,24.700000762939453,9.833415985107422,169800
FIS,2002-12-19,24.39999961853028,24.89999961853028,24.020000457763672,24.280000686645508,9.666213989257812,276300
FIS,2002-12-20,24.299999237060547,24.39999961853028,24.0,24.13999938964844,9.61047649383545,432600
FIS,2002-12-23,24.09000015258789,24.36000061035156,24.0,24.170000076293945,9.62241554260254,289900
FIS,2002-12-24,24.170000076293945,24.31999969482422,23.850000381469727,23.979999542236328,9.54677677154541,111000
FIS,2002-12-26,23.979999542236328,24.790000915527344,23.64999961853028,24.59000015258789,9.789623260498049,284100
FIS,2002-12-27,24.5,25.0,24.40999984741211,24.600000381469727,9.793603897094728,197700
FIS,2002-12-30,24.450000762939453,24.520000457763672,23.850000381469727,23.93000030517578,9.526872634887695,144100
FIS,2002-12-31,23.940000534057617,25.0,23.700000762939453,24.549999237060547,9.773699760437012,158300
FIS,2003-01-02,24.59000015258789,25.5,24.040000915527344,25.270000457763672,10.060344696044922,270600
FIS,2003-01-03,25.270000457763672,25.270000457763672,24.670000076293945,24.950000762939453,9.93294906616211,98700
FIS,2003-01-06,24.950000762939453,26.0,24.950000762939453,25.780000686645508,10.26338005065918,145900
FIS,2003-01-07,25.530000686645508,26.0,25.270000457763672,25.489999771118164,10.14792823791504,150700
FIS,2003-01-08,25.39999961853028,25.6200008392334,25.1200008392334,25.25,10.05238151550293,106700
FIS,2003-01-09,25.350000381469727,26.040000915527344,25.31999969482422,26.040000915527344,10.366888046264648,131000
FIS,2003-01-10,25.89999961853028,26.1299991607666,25.799999237060547,26.040000915527344,10.366888046264648,355500
FIS,2003-01-13,26.21999931335449,26.81999969482422,26.14999961853028,26.489999771118164,10.546039581298828,226500
FIS,2003-01-14,26.38999938964844,26.440000534057617,25.93000030517578,25.950000762939453,10.331063270568848,302800
FIS,2003-01-15,25.950000762939453,26.040000915527344,25.420000076293945,25.420000076293945,10.120059967041016,145400
FIS,2003-01-16,25.43000030517578,25.75,25.14999961853028,25.299999237060547,10.072283744812012,167000
FIS,2003-01-17,25.209999084472656,25.209999084472656,24.670000076293945,24.670000076293945,9.821477890014648,175800
FIS,2003-01-21,24.700000762939453,25.18000030517578,24.670000076293945,24.729999542236328,9.84536075592041,217900
FIS,2003-01-22,24.690000534057617,24.690000534057617,23.739999771118164,23.799999237060547,9.475114822387695,155800
FIS,2003-01-23,24.0,24.07999992370605,23.63999938964844,24.0,9.55473518371582,241600
FIS,2003-01-24,24.01000022888184,24.200000762939453,23.420000076293945,24.049999237060547,9.574642181396484,357300
FIS,2003-01-27,24.0,24.39999961853028,23.799999237060547,24.299999237060547,9.67417049407959,469300
FIS,2003-01-28,24.39999961853028,25.0,24.299999237060547,24.979999542236328,9.944890975952148,200500
FIS,2003-01-29,24.82999992370605,25.36000061035156,24.6200008392334,25.14999961853028,10.01257038116455,447400
FIS,2003-01-30,25.14999961853028,25.450000762939453,24.850000381469727,24.940000534057617,9.92896842956543,301900
FIS,2003-01-31,24.950000762939453,25.670000076293945,24.950000762939453,25.57999992370605,10.183760643005373,145300
FIS,2003-02-03,25.68000030517578,25.68000030517578,25.18000030517578,25.520000457763672,10.159876823425291,139200
FIS,2003-02-04,25.51000022888184,25.51000022888184,25.0,25.350000381469727,10.092193603515623,155900
FIS,2003-02-05,25.39999961853028,25.600000381469727,25.049999237060547,25.11000061035156,9.996644020080566,77900
FIS,2003-02-06,25.049999237060547,25.100000381469727,24.76000022888184,24.959999084472656,9.936927795410156,233000
FIS,2003-02-07,25.020000457763672,25.07999992370605,24.5,24.540000915527344,9.769720077514648,235000
FIS,2003-02-10,24.549999237060547,24.75,24.31999969482422,24.5,9.753795623779297,180500
FIS,2003-02-11,24.600000381469727,24.670000076293945,24.1200008392334,24.239999771118164,9.650286674499512,124900
FIS,2003-02-12,24.25,24.459999084472656,23.89999961853028,24.100000381469727,9.594550132751465,218400
FIS,2003-02-13,24.0,24.0,22.75,23.100000381469727,9.19643497467041,203800
FIS,2003-02-14,23.200000762939453,23.309999465942383,22.5,23.07999992370605,9.188471794128418,270700
FIS,2003-02-18,22.950000762939453,23.61000061035156,22.950000762939453,23.559999465942383,9.379570960998535,123200
FIS,2003-02-19,23.65999984741211,23.75,23.31999969482422,23.530000686645508,9.367626190185549,105100
FIS,2003-02-20,23.64999961853028,23.979999542236328,23.56999969482422,23.850000381469727,9.495017051696776,164900
FIS,2003-02-21,23.799999237060547,24.239999771118164,23.780000686645508,24.06999969482422,9.582608222961426,152100
FIS,2003-02-24,24.0,24.0,23.5,23.5,9.355682373046877,134500
FIS,2003-02-25,23.450000762939453,24.01000022888184,23.299999237060547,23.920000076293945,9.522889137268066,110600
FIS,2003-02-26,23.950000762939453,24.1299991607666,23.690000534057617,23.690000534057617,9.431325912475586,141400
FIS,2003-02-27,23.84000015258789,24.239999771118164,23.84000015258789,24.229999542236328,9.646302223205566,138100
FIS,2003-02-28,24.25,24.479999542236328,24.0,24.059999465942383,9.578627586364746,151800
FIS,2003-03-03,24.0,24.229999542236328,23.979999542236328,24.059999465942383,9.578627586364746,108400
FIS,2003-03-04,24.1200008392334,24.1299991607666,23.700000762939453,23.700000762939453,9.43530559539795,126600
FIS,2003-03-05,23.729999542236328,24.100000381469727,23.71999931335449,23.8700008392334,9.502986907958984,113600
FIS,2003-03-06,23.81999969482422,24.1200008392334,23.75,23.93000030517578,9.526872634887695,148900
FIS,2003-03-07,23.729999542236328,24.020000457763672,23.729999542236328,23.90999984741211,9.518908500671388,138400
FIS,2003-03-10,23.75,23.86000061035156,22.84000015258789,22.88999938964844,9.112833023071287,257100
FIS,2003-03-11,22.809999465942383,22.88999938964844,21.39999961853028,21.64999961853028,8.61916732788086,485100
FIS,2003-03-12,21.89999961853028,22.020000457763672,21.100000381469727,21.68000030517578,8.63111400604248,268700
FIS,2003-03-13,21.64999961853028,22.81999969482422,21.64999961853028,22.71999931335449,9.04515266418457,232700
FIS,2003-03-14,22.770000457763672,23.0,22.520000457763672,22.88999938964844,9.112833023071287,97400
FIS,2003-03-17,22.88999938964844,23.82999992370605,22.540000915527344,23.700000762939453,9.43530559539795,124300
FIS,2003-03-18,23.64999961853028,23.86000061035156,23.5,23.850000381469727,9.495017051696776,150500
FIS,2003-03-19,23.89999961853028,24.15999984741211,23.5,24.020000457763672,9.562697410583496,171100
FIS,2003-03-20,23.920000076293945,24.209999084472656,23.200000762939453,24.14999961853028,9.614455223083496,126000
FIS,2003-03-21,24.549999237060547,25.3700008392334,24.25,25.270000457763672,10.060344696044922,282900
FIS,2003-03-24,25.0,25.0,24.61000061035156,24.8700008392334,9.901098251342772,194200
FIS,2003-03-25,24.799999237060547,25.450000762939453,24.56999969482422,25.209999084472656,10.036458969116213,163300
FIS,2003-03-26,25.299999237060547,25.6200008392334,24.93000030517578,25.39999961853028,10.112099647521973,271000
FIS,2003-03-27,25.350000381469727,25.350000381469727,24.6200008392334,25.01000022888184,9.95683479309082,328600
FIS,2003-03-28,25.01000022888184,25.1200008392334,24.959999084472656,25.100000381469727,9.99266242980957,171400
FIS,2003-03-31,24.950000762939453,25.38999938964844,24.600000381469727,25.200000762939453,10.032477378845217,176400
FIS,2003-04-01,25.13999938964844,25.13999938964844,24.63999938964844,24.71999931335449,9.841381072998049,213400
FIS,2003-04-02,25.1200008392334,25.39999961853028,24.5,24.799999237060547,9.873228073120115,466300
FIS,2003-04-03,24.940000534057617,25.25,24.5,25.100000381469727,9.99266242980957,231600
FIS,2003-04-04,25.14999961853028,25.25,24.88999938964844,24.989999771118164,9.948870658874512,92900
FIS,2003-04-07,25.200000762939453,25.63999938964844,24.700000762939453,24.959999084472656,9.936927795410156,190300
FIS,2003-04-08,25.15999984741211,25.26000022888184,24.790000915527344,25.020000457763672,9.960813522338867,165500
FIS,2003-04-09,24.989999771118164,25.1200008392334,24.549999237060547,25.0,9.952848434448242,259600
FIS,2003-04-10,25.049999237060547,25.09000015258789,24.790000915527344,25.020000457763672,9.960813522338867,202100
FIS,2003-04-11,25.030000686645508,25.100000381469727,24.21999931335449,24.3700008392334,9.70203971862793,172900
FIS,2003-04-14,24.520000457763672,25.239999771118164,24.3799991607666,25.239999771118164,10.048399925231934,122100
FIS,2003-04-15,25.200000762939453,25.63999938964844,25.020000457763672,25.530000686645508,10.16385555267334,110800
FIS,2003-04-16,25.739999771118164,25.8700008392334,25.11000061035156,25.13999938964844,10.008587837219238,150800
FIS,2003-04-17,25.239999771118164,25.32999992370605,25.1200008392334,25.25,10.05238151550293,156700
FIS,2003-04-21,25.36000061035156,25.520000457763672,25.030000686645508,25.520000457763672,10.159876823425291,174300
FIS,2003-04-22,25.51000022888184,26.170000076293945,25.1299991607666,26.030000686645508,10.36291217803955,134900
FIS,2003-04-23,26.0,26.690000534057617,25.850000381469727,26.64999961853028,10.60974407196045,103600
FIS,2003-04-24,26.89999961853028,27.200000762939453,25.450000762939453,25.600000381469727,10.191720008850098,335300
FIS,2003-04-25,25.850000381469727,25.89999961853028,25.0,25.190000534057617,10.028494834899902,392900
FIS,2003-04-28,25.229999542236328,25.850000381469727,25.229999542236328,25.600000381469727,10.191720008850098,256000
FIS,2003-04-29,25.600000381469727,25.600000381469727,24.6299991607666,24.989999771118164,9.948870658874512,205300
FIS,2003-04-30,25.06999969482422,25.14999961853028,24.89999961853028,24.989999771118164,9.948870658874512,342600
FIS,2003-05-01,24.90999984741211,24.979999542236328,24.540000915527344,24.8799991607666,9.905076026916504,143800
FIS,2003-05-02,24.8799991607666,25.450000762939453,24.8799991607666,25.3700008392334,10.100160598754885,106100
FIS,2003-05-05,25.299999237060547,25.6200008392334,24.950000762939453,25.549999237060547,10.171815872192385,149000
FIS,2003-05-06,25.450000762939453,26.200000762939453,25.200000762939453,26.06999969482422,10.378832817077637,172300
FIS,2003-05-07,26.0,26.25,25.459999084472656,26.0,10.350963592529297,242300
FIS,2003-05-08,25.89999961853028,25.90999984741211,25.280000686645508,25.5,10.151912689208984,133300
FIS,2003-05-09,25.5,25.64999961853028,25.14999961853028,25.15999984741211,10.016551971435549,250400
FIS,2003-05-12,25.100000381469727,25.100000381469727,24.950000762939453,25.0,9.952848434448242,184000
FIS,2003-05-13,24.89999961853028,24.950000762939453,24.549999237060547,24.799999237060547,9.873228073120115,373800
FIS,2003-05-14,24.950000762939453,25.040000915527344,24.6299991607666,24.82999992370605,9.885175704956056,89700
FIS,2003-05-15,24.799999237060547,24.989999771118164,24.43000030517578,24.450000762939453,9.73388957977295,346200
FIS,2003-05-16,24.459999084472656,24.739999771118164,24.350000381469727,24.549999237060547,9.773699760437012,166700
FIS,2003-05-19,24.46999931335449,24.64999961853028,24.25,24.46999931335449,9.741850852966309,163700
FIS,2003-05-20,26.0,26.14999961853028,25.100000381469727,25.13999938964844,10.008587837219238,518600
FIS,2003-05-21,25.1200008392334,25.25,24.75,24.979999542236328,9.944890975952148,310600
FIS,2003-05-22,25.07999992370605,25.440000534057617,25.07999992370605,25.11000061035156,9.996644020080566,248000
FIS,2003-05-23,25.200000762939453,25.65999984741211,25.190000534057617,25.56999969482422,10.17977809906006,167900
FIS,2003-05-27,25.520000457763672,25.950000762939453,25.5,25.780000686645508,10.26338005065918,150600
FIS,2003-05-28,25.780000686645508,26.450000762939453,25.780000686645508,26.450000762939453,10.530120849609377,243700
FIS,2003-05-29,26.3700008392334,27.15999984741211,26.3700008392334,27.0,10.749079704284668,292400
FIS,2003-05-30,26.920000076293945,27.729999542236328,26.799999237060547,27.709999084472656,11.031742095947266,271200
FIS,2003-06-02,27.709999084472656,28.299999237060547,27.61000061035156,28.209999084472656,11.230799674987791,277800
FIS,2003-06-03,28.1299991607666,28.229999542236328,27.780000686645508,27.850000381469727,11.087474822998049,162800
FIS,2003-06-04,27.799999237060547,28.39999961853028,27.780000686645508,28.190000534057617,11.222834587097168,114500
FIS,2003-06-05,29.799999237060547,29.799999237060547,29.059999465942383,29.709999084472656,11.827966690063477,454700
FIS,2003-06-06,29.90999984741211,30.8799991607666,29.89999961853028,30.299999237060547,12.062858581542969,548500
FIS,2003-06-09,30.299999237060547,30.299999237060547,28.8799991607666,28.979999542236328,11.537345886230469,311000
FIS,2003-06-10,28.940000534057617,29.13999938964844,28.809999465942383,29.030000686645508,11.557254791259766,227900
FIS,2003-06-11,29.030000686645508,29.290000915527344,28.88999938964844,29.209999084472656,11.628914833068848,333200
FIS,2003-06-12,29.190000534057617,29.39999961853028,28.799999237060547,29.18000030517578,11.616971969604492,245500
FIS,2003-06-13,29.0,29.01000022888184,28.39999961853028,28.76000022888184,11.449763298034668,148400
FIS,2003-06-16,28.600000381469727,29.459999084472656,28.600000381469727,29.459999084472656,11.72844409942627,172000
FIS,2003-06-17,29.39999961853028,29.59000015258789,29.01000022888184,29.46999931335449,11.732427597045898,175500
FIS,2003-06-18,29.38999938964844,29.38999938964844,29.020000457763672,29.170000076293945,11.612990379333496,151900
FIS,2003-06-19,29.170000076293945,29.229999542236328,28.670000076293945,28.75,11.445781707763672,224400
FIS,2003-06-20,29.0,29.0,28.26000022888184,28.479999542236328,11.338284492492676,129100
FIS,2003-06-23,28.489999771118164,28.489999771118164,27.989999771118164,28.14999961853028,11.206915855407717,226100
FIS,2003-06-24,28.14999961853028,28.459999084472656,28.0,28.13999938964844,11.202929496765137,166100
FIS,2003-06-25,28.15999984741211,28.600000381469727,27.89999961853028,28.059999465942383,11.171083450317385,180200
FIS,2003-06-26,28.059999465942383,28.25,28.01000022888184,28.1200008392334,11.194965362548828,199300
FIS,2003-06-27,28.0,28.5,27.75,27.799999237060547,11.067572593688965,269500
FIS,2003-06-30,27.799999237060547,28.07999992370605,27.709999084472656,27.75,11.0476655960083,351200
FIS,2003-07-01,27.64999961853028,27.65999984741211,27.100000381469727,27.479999542236328,10.940176963806152,209400
FIS,2003-07-02,27.3799991607666,28.209999084472656,27.3799991607666,28.0,11.147196769714355,332100
FIS,2003-07-03,27.89999961853028,28.209999084472656,27.89999961853028,28.07999992370605,11.179044723510742,146200
FIS,2003-07-07,28.14999961853028,28.780000686645508,28.049999237060547,28.549999237060547,11.366156578063965,184700
FIS,2003-07-08,28.549999237060547,28.809999465942383,28.26000022888184,28.5,11.346253395080566,159600
FIS,2003-07-09,28.450000762939453,29.1299991607666,28.450000762939453,28.82999992370605,11.477630615234377,220000
FIS,2003-07-10,28.799999237060547,28.93000030517578,27.84000015258789,28.059999465942383,11.171083450317385,155700
FIS,2003-07-11,28.26000022888184,28.8700008392334,28.26000022888184,28.71999931335449,11.433837890625,93300
FIS,2003-07-14,28.81999969482422,29.479999542236328,28.76000022888184,29.299999237060547,11.66474437713623,129800
FIS,2003-07-15,29.450000762939453,29.5,29.040000915527344,29.25,11.644838333129885,119500
FIS,2003-07-16,29.100000381469727,29.450000762939453,28.90999984741211,29.36000061035156,11.688631057739258,178100
FIS,2003-07-17,28.809999465942383,28.89999961853028,28.0,28.049999237060547,11.167097091674805,225600
FIS,2003-07-18,28.25,28.43000030517578,27.920000076293945,28.26000022888184,11.250702857971191,141800
FIS,2003-07-21,28.209999084472656,28.26000022888184,27.75,27.88999938964844,11.10340404510498,75300
FIS,2003-07-22,27.88999938964844,27.93000030517578,27.270000457763672,27.63999938964844,11.003877639770508,272600
FIS,2003-07-23,27.600000381469727,27.75,27.059999465942383,27.51000022888184,10.95212173461914,156200
FIS,2003-07-24,27.51000022888184,27.65999984741211,26.489999771118164,26.56999969482422,10.577892303466797,431000
FIS,2003-07-25,26.56999969482422,26.57999992370605,25.549999237060547,26.420000076293945,10.518176078796388,383800
FIS,2003-07-28,26.25,26.96999931335449,26.14999961853028,26.950000762939453,10.729174613952637,218900
FIS,2003-07-29,26.959999084472656,27.34000015258789,26.38999938964844,26.979999542236328,10.741117477416992,240800
FIS,2003-07-30,26.979999542236328,27.350000381469727,26.65999984741211,27.26000022888184,10.85259246826172,258500
FIS,2003-07-31,27.26000022888184,27.790000915527344,27.15999984741211,27.229999542236328,10.84064769744873,231100
FIS,2003-08-01,27.200000762939453,27.39999961853028,26.96999931335449,27.020000457763672,10.757040977478027,163900
FIS,2003-08-04,27.11000061035156,27.600000381469727,27.049999237060547,27.43000030517578,10.92027187347412,238200
FIS,2003-08-05,27.440000534057617,27.530000686645508,27.13999938964844,27.14999961853028,10.808794021606444,189900
FIS,2003-08-06,27.030000686645508,27.6299991607666,27.0,27.26000022888184,10.85259246826172,144500
FIS,2003-08-07,27.3799991607666,27.540000915527344,27.11000061035156,27.3799991607666,10.900364875793455,108700
FIS,2003-08-08,27.290000915527344,27.420000076293945,27.15999984741211,27.299999237060547,10.86851692199707,110100
FIS,2003-08-11,27.21999931335449,27.700000762939453,26.96999931335449,27.14999961853028,10.808794021606444,157000
FIS,2003-08-12,27.020000457763672,27.43000030517578,26.989999771118164,27.40999984741211,10.912308692932127,124100
FIS,2003-08-13,27.309999465942383,28.0,27.309999465942383,28.0,11.147196769714355,128500
FIS,2003-08-14,28.5,29.190000534057617,28.38999938964844,28.88999938964844,11.501521110534668,303100
FIS,2003-08-15,28.84000015258789,28.88999938964844,28.350000381469727,28.84000015258789,11.481613159179688,56800
FIS,2003-08-18,28.89999961853028,28.950000762939453,28.690000534057617,28.950000762939453,11.525400161743164,106500
FIS,2003-08-19,29.100000381469727,29.31999969482422,28.950000762939453,29.309999465942383,11.668728828430176,169900
FIS,2003-08-20,29.36000061035156,29.6299991607666,29.100000381469727,29.6299991607666,11.79612159729004,149600
FIS,2003-08-21,29.6299991607666,30.0,29.600000381469727,29.959999084472656,11.927497863769531,122400
FIS,2003-08-22,30.059999465942383,30.25,29.75,29.920000076293945,11.911575317382812,139400
FIS,2003-08-25,30.0,30.07999992370605,29.86000061035156,29.8799991607666,11.895648956298828,169300
FIS,2003-08-26,29.89999961853028,29.93000030517578,29.43000030517578,29.6299991607666,11.79612159729004,199300
FIS,2003-08-27,29.700000762939453,29.950000762939453,29.549999237060547,29.950000762939453,11.9235200881958,110700
FIS,2003-08-28,29.920000076293945,30.15999984741211,29.799999237060547,29.940000534057617,11.919538497924805,125900
FIS,2003-08-29,29.989999771118164,30.299999237060547,29.989999771118164,30.25,12.04295253753662,100500
FIS,2003-09-02,30.25,31.700000762939453,30.25,31.549999237060547,12.560498237609863,264000
FIS,2003-09-03,31.549999237060547,32.540000915527344,31.549999237060547,32.52000045776367,12.94666862487793,278500
FIS,2003-09-04,32.400001525878906,32.400001525878906,32.040000915527344,32.04999923706055,12.759559631347656,203500
FIS,2003-09-05,32.0,32.25,31.93000030517578,32.130001068115234,12.791404724121094,216700
FIS,2003-09-08,32.130001068115234,32.560001373291016,32.11000061035156,32.5099983215332,12.942693710327148,121600
FIS,2003-09-09,32.4900016784668,32.56999969482422,32.04999923706055,32.04999923706055,12.759559631347656,237300
FIS,2003-09-10,32.08000183105469,32.08000183105469,31.270000457763672,31.43000030517578,12.512727737426758,152100
FIS,2003-09-11,31.3799991607666,31.450000762939453,31.0,31.25,12.44106674194336,149400
FIS,2003-09-12,31.209999084472656,31.5,30.93000030517578,31.5,12.54059600830078,162500
FIS,2003-09-15,31.5,31.5,30.89999961853028,31.040000915527344,12.357466697692873,171900
FIS,2003-09-16,31.239999771118164,31.850000381469727,31.049999237060547,31.850000381469727,12.679936408996582,100400
FIS,2003-09-17,31.600000381469727,32.369998931884766,31.530000686645508,32.310001373291016,12.86306381225586,177700
FIS,2003-09-18,31.89999961853028,32.709999084472656,31.799999237060547,32.599998474121094,12.978516578674316,183500
FIS,2003-09-19,32.75,32.91999816894531,32.599998474121094,32.91999816894531,13.105915069580078,166300
FIS,2003-09-22,32.66999816894531,32.86000061035156,32.599998474121094,32.790000915527344,13.054160118103027,195400
FIS,2003-09-23,32.75,32.97999954223633,32.68000030517578,32.900001525878906,13.097954750061035,135600
FIS,2003-09-24,32.45000076293945,32.66999816894531,32.27000045776367,32.400001525878906,12.898897171020508,398700
FIS,2003-09-25,32.5,32.5099983215332,31.64999961853028,31.64999961853028,12.600311279296877,257000
FIS,2003-09-26,31.600000381469727,32.16999816894531,31.209999084472656,31.950000762939453,12.719749450683594,642300
FIS,2003-09-29,31.90999984741211,32.81999969482422,31.81999969482422,32.81999969482422,13.086583137512209,335900
FIS,2003-09-30,32.77000045776367,32.77000045776367,32.11000061035156,32.11000061035156,12.80347728729248,208400
FIS,2003-10-01,32.099998474121094,33.06999969482422,32.099998474121094,33.060001373291016,13.182284355163574,143000
FIS,2003-10-02,32.959999084472656,33.150001525878906,32.599998474121094,32.709999084472656,13.042725563049316,153700
FIS,2003-10-03,32.900001525878906,33.20000076293945,32.88999938964844,33.0,13.158353805541992,177100
FIS,2003-10-06,32.70000076293945,33.02000045776367,32.70000076293945,32.939998626708984,13.134428977966309,191500
FIS,2003-10-07,32.95000076293945,32.95000076293945,32.470001220703125,32.79999923706055,13.078612327575684,229200
FIS,2003-10-08,32.880001068115234,33.08000183105469,32.650001525878906,32.70000076293945,13.038735389709473,91500
FIS,2003-10-09,32.54999923706055,32.959999084472656,32.54999923706055,32.75,13.058670043945312,181000
FIS,2003-10-10,32.45000076293945,32.97999954223633,32.45000076293945,32.869998931884766,13.106522560119627,76500
FIS,2003-10-13,32.400001525878906,33.0,32.400001525878906,32.709999084472656,13.042725563049316,123800
FIS,2003-10-14,32.45000076293945,33.09000015258789,32.45000076293945,32.650001525878906,13.018798828125,115300
FIS,2003-10-15,32.45000076293945,32.7400016784668,32.04999923706055,32.47999954223633,12.951013565063477,168700
FIS,2003-10-16,32.58000183105469,32.939998626708984,32.540000915527344,32.91999816894531,13.126456260681152,98200
FIS,2003-10-17,32.95000076293945,32.97999954223633,32.2599983215332,32.27000045776367,12.867280006408691,105100
FIS,2003-10-20,32.27000045776367,32.56999969482422,32.029998779296875,32.47999954223633,12.951013565063477,122100
FIS,2003-10-21,31.950000762939453,32.130001068115234,31.670000076293945,31.86000061035156,12.703797340393066,146400
FIS,2003-10-22,31.799999237060547,31.8799991607666,31.25,31.39999961853028,12.520377159118652,160300
FIS,2003-10-23,31.40999984741211,32.66999816894531,31.34000015258789,31.850000381469727,12.69980812072754,229700
FIS,2003-10-24,31.14999961853028,32.16999816894531,31.14999961853028,31.8799991607666,12.71176815032959,240800
FIS,2003-10-27,31.8799991607666,32.099998474121094,31.65999984741211,31.979999542236328,12.751644134521484,211500
FIS,2003-10-28,32.08000183105469,32.20000076293945,31.68000030517578,31.89999961853028,12.719749450683594,170900
FIS,2003-10-29,31.850000381469727,32.34000015258789,31.780000686645508,32.099998474121094,12.799497604370115,326000
FIS,2003-10-30,32.25,33.209999084472656,32.150001525878906,33.02000045776367,13.166326522827148,328300
FIS,2003-10-31,33.04999923706055,33.65999984741211,33.04999923706055,33.65999984741211,13.42152214050293,208400
FIS,2003-11-03,33.70000076293945,33.79999923706055,33.040000915527344,33.40999984741211,13.3218412399292,360400
FIS,2003-11-04,33.40999984741211,33.72999954223633,33.060001373291016,33.540000915527344,13.373680114746094,204500
FIS,2003-11-05,33.47999954223633,33.61000061035156,33.18000030517578,33.29999923706055,13.27797794342041,174800
FIS,2003-11-06,33.29999923706055,33.29999923706055,33.0,33.02000045776367,13.166326522827148,164800
FIS,2003-11-07,33.16999816894531,33.70000076293945,33.150001525878906,33.540000915527344,13.373680114746094,302800
FIS,2003-11-10,33.59000015258789,33.93000030517578,33.349998474121094,33.79999923706055,13.477349281311035,250400
FIS,2003-11-11,33.70000076293945,33.75,32.95000076293945,32.970001220703125,13.146394729614258,99200
FIS,2003-11-12,32.970001220703125,33.650001525878906,32.970001220703125,33.630001068115234,13.409563064575195,127000
FIS,2003-11-13,33.599998474121094,33.95000076293945,33.5099983215332,33.810001373291016,13.48133659362793,72500
FIS,2003-11-14,33.900001525878906,34.09000015258789,33.529998779296875,33.540000915527344,13.373680114746094,122200
FIS,2003-11-17,33.349998474121094,33.380001068115234,32.900001525878906,33.13999938964844,13.214183807373049,190100
FIS,2003-11-18,33.09000015258789,33.29999923706055,32.75,32.95000076293945,13.138420104980469,130600
FIS,2003-11-19,32.97999954223633,33.09000015258789,32.70000076293945,33.09000015258789,13.194249153137209,155500
FIS,2003-11-20,33.0,33.099998474121094,32.68000030517578,32.810001373291016,13.082595825195312,198900
FIS,2003-11-21,32.90999984741211,33.06999969482422,32.459999084472656,32.619998931884766,13.00683307647705,135300
FIS,2003-11-24,32.599998474121094,33.0,32.45000076293945,33.0,13.158353805541992,142100
FIS,2003-11-25,33.0,33.5,32.79999923706055,33.45000076293945,13.337790489196776,190500
FIS,2003-11-26,33.5,33.95000076293945,33.5,33.95000076293945,13.537155151367188,129100
FIS,2003-11-28,33.880001068115234,34.650001525878906,33.880001068115234,34.599998474121094,13.79633331298828,90100
FIS,2003-12-01,34.599998474121094,35.099998474121094,34.599998474121094,35.029998779296875,13.967798233032228,194800
FIS,2003-12-02,34.95000076293945,35.2400016784668,34.7599983215332,34.97999954223633,13.947857856750488,142100
FIS,2003-12-03,34.95000076293945,34.97999954223633,33.5,33.650001525878906,13.417534828186035,482800
FIS,2003-12-04,33.75,34.13999938964844,33.75,33.959999084472656,13.541147232055664,183800
FIS,2003-12-05,33.91999816894531,33.91999816894531,33.20000076293945,33.27000045776367,13.266014099121094,149500
FIS,2003-12-08,33.369998931884766,33.58000183105469,33.08000183105469,33.13999938964844,13.214183807373049,159500
FIS,2003-12-09,33.2400016784668,33.33000183105469,32.779998779296875,33.099998474121094,13.198229789733888,215500
FIS,2003-12-10,33.099998474121094,33.209999084472656,32.970001220703125,33.02000045776367,13.166326522827148,131100
FIS,2003-12-11,33.02000045776367,33.7400016784668,33.0099983215332,33.66999816894531,13.42551040649414,118400
FIS,2003-12-12,33.70000076293945,33.75,33.18000030517578,33.560001373291016,13.38165283203125,144200
FIS,2003-12-15,33.630001068115234,33.70000076293945,32.810001373291016,32.93000030517578,13.130448341369627,138700
FIS,2003-12-16,32.970001220703125,33.09000015258789,32.70000076293945,32.81999969482422,13.086583137512209,188900
FIS,2003-12-17,32.849998474121094,32.849998474121094,31.989999771118164,31.989999771118164,12.75562858581543,164700
FIS,2003-12-18,31.950000762939453,32.58000183105469,31.700000762939453,32.58000183105469,12.990889549255373,238900
FIS,2003-12-19,32.33000183105469,32.689998626708984,32.27000045776367,32.439998626708984,12.935066223144531,334500
FIS,2003-12-22,32.29999923706055,32.93000030517578,32.18000030517578,32.93000030517578,13.130448341369627,220700
FIS,2003-12-23,32.7599983215332,33.13999938964844,32.7599983215332,32.91999816894531,13.126456260681152,158500
FIS,2003-12-24,32.970001220703125,33.04999923706055,32.529998779296875,32.54999923706055,12.978926658630373,68600
FIS,2003-12-26,32.650001525878906,32.91999816894531,32.54999923706055,32.599998474121094,12.998856544494627,65300
FIS,2003-12-29,32.45000076293945,33.08000183105469,32.45000076293945,33.040000915527344,13.19454574584961,210600
FIS,2003-12-30,32.9900016784668,33.08000183105469,32.72999954223633,32.900001525878906,13.138632774353027,103900
FIS,2003-12-31,33.04999923706055,33.130001068115234,32.599998474121094,32.79999923706055,13.0986967086792,128700
FIS,2004-01-02,32.869998931884766,33.0,32.59000015258789,32.939998626708984,13.154607772827148,123900
FIS,2004-01-05,32.900001525878906,33.9900016784668,32.900001525878906,33.939998626708984,13.553956031799316,189800
FIS,2004-01-06,33.86000061035156,33.86000061035156,33.540000915527344,33.599998474121094,13.418177604675291,195700
FIS,2004-01-07,33.47999954223633,33.560001373291016,33.349998474121094,33.54999923706055,13.398212432861328,118200
FIS,2004-01-08,33.599998474121094,33.70000076293945,32.869998931884766,32.91999816894531,13.146620750427246,216100
FIS,2004-01-09,32.81999969482422,33.25,32.81999969482422,33.02000045776367,13.18655776977539,243400
FIS,2004-01-12,32.869998931884766,33.5,32.869998931884766,33.47999954223633,13.370259284973145,131700
FIS,2004-01-13,33.400001525878906,33.4900016784668,33.04999923706055,33.349998474121094,13.318345069885254,117400
FIS,2004-01-14,32.900001525878906,33.5,32.900001525878906,33.5,13.378247261047363,158000
FIS,2004-01-15,33.45000076293945,33.5,33.119998931884766,33.400001525878906,13.338309288024902,121900
FIS,2004-01-16,33.400001525878906,33.54999923706055,32.75,33.09000015258789,13.214510917663574,195100
FIS,2004-01-20,33.06999969482422,33.5,32.90999984741211,33.5,13.378247261047363,158900
FIS,2004-01-21,33.400001525878906,33.59000015258789,33.119998931884766,33.560001373291016,13.402209281921388,186400
FIS,2004-01-22,33.560001373291016,33.75,33.5,33.5,13.378247261047363,160100
FIS,2004-01-23,33.54999923706055,33.63999938964844,33.220001220703125,33.290000915527344,13.294382095336914,87300
FIS,2004-01-26,33.20000076293945,33.470001220703125,32.959999084472656,33.470001220703125,13.366263389587402,128500
FIS,2004-01-27,33.220001220703125,33.38999938964844,32.81999969482422,33.130001068115234,13.230493545532228,122800
FIS,2004-01-28,33.099998474121094,33.52000045776367,32.0099983215332,32.0099983215332,12.783207893371582,344000
FIS,2004-01-29,31.850000381469727,32.15999984741211,31.39999961853028,31.440000534057617,12.555581092834473,356900
FIS,2004-01-30,31.5,32.2599983215332,31.31999969482422,32.06999969482422,12.807170867919922,261700
FIS,2004-02-02,32.0,33.290000915527344,31.6299991607666,33.15999984741211,13.242467880249023,744400
FIS,2004-02-03,32.90999984741211,33.220001220703125,32.709999084472656,32.95000076293945,13.15860366821289,163800
FIS,2004-02-04,32.75,32.790000915527344,32.41999816894531,32.54999923706055,12.998856544494627,470100
FIS,2004-02-05,32.5,33.189998626708984,32.38999938964844,32.84000015258789,13.11467742919922,264900
FIS,2004-02-06,32.689998626708984,33.220001220703125,32.650001525878906,33.189998626708984,13.25444507598877,490800
FIS,2004-02-09,33.11000061035156,33.81999969482422,33.11000061035156,33.52000045776367,13.386232376098633,170300
FIS,2004-02-10,33.689998626708984,33.75,33.400001525878906,33.68000030517578,13.450129508972168,177200
FIS,2004-02-11,33.599998474121094,34.29999923706055,33.56999969482422,34.13999938964844,13.633834838867188,204100
FIS,2004-02-12,34.0,34.08000183105469,33.79999923706055,34.0,13.577919960021973,124300
FIS,2004-02-13,34.0099983215332,34.29999923706055,33.709999084472656,34.0,13.577919960021973,136400
FIS,2004-02-17,33.959999084472656,33.9900016784668,33.56999969482422,33.70000076293945,13.45811653137207,142600
FIS,2004-02-18,33.47999954223633,33.630001068115234,32.7599983215332,32.970001220703125,13.166589736938477,197100
FIS,2004-02-19,33.20000076293945,33.470001220703125,32.47999954223633,32.5099983215332,12.982888221740724,139300
FIS,2004-02-20,32.56999969482422,32.900001525878906,32.20000076293945,32.880001068115234,13.13064956665039,156700
FIS,2004-02-23,33.08000183105469,33.45000076293945,32.9900016784668,33.29999923706055,13.29837703704834,384100
FIS,2004-02-24,33.099998474121094,33.54999923706055,33.0,33.36000061035156,13.32234001159668,140800
FIS,2004-02-25,33.279998779296875,33.54999923706055,32.9900016784668,33.45000076293945,13.358283042907717,132800
FIS,2004-02-26,33.45000076293945,33.91999816894531,33.369998931884766,33.91999816894531,13.545970916748049,199800
FIS,2004-02-27,33.81999969482422,34.45000076293945,33.599998474121094,34.16999816894531,13.645808219909668,185100
FIS,2004-03-01,34.099998474121094,34.5099983215332,34.040000915527344,34.5,13.777599334716797,122500
FIS,2004-03-02,34.400001525878906,34.599998474121094,34.02000045776367,34.029998779296875,13.589900970458984,346800
FIS,2004-03-03,34.029998779296875,34.400001525878906,33.900001525878906,34.0,13.577919960021973,203200
FIS,2004-03-04,33.75,34.04999923706055,33.599998474121094,34.02000045776367,13.585909843444824,324400
FIS,2004-03-05,34.0,34.5,33.869998931884766,34.5,13.777599334716797,122300
FIS,2004-03-08,34.400001525878906,34.880001068115234,34.400001525878906,34.630001068115234,13.829520225524902,274100
FIS,2004-03-09,34.68000030517578,34.720001220703125,34.33000183105469,34.439998626708984,13.753636360168455,241800
FIS,2004-03-10,34.45000076293945,34.4900016784668,33.970001220703125,33.97999954223633,13.569931983947754,192500
FIS,2004-03-11,34.02000045776367,34.04999923706055,33.33000183105469,33.349998474121094,13.318345069885254,212000
FIS,2004-03-12,33.400001525878906,33.970001220703125,33.400001525878906,33.849998474121094,13.518019676208496,223600
FIS,2004-03-15,33.86000061035156,33.86000061035156,32.63999938964844,33.40999984741211,13.34230136871338,176200
FIS,2004-03-16,33.47999954223633,33.58000183105469,33.20000076293945,33.47999954223633,13.370259284973145,116900
FIS,2004-03-17,33.4900016784668,33.95000076293945,33.310001373291016,33.5,13.378247261047363,241200
FIS,2004-03-18,33.5,33.849998474121094,33.20000076293945,33.689998626708984,13.454119682312012,166700
FIS,2004-03-19,33.5,34.0,33.400001525878906,33.439998626708984,13.354286193847656,187100
FIS,2004-03-22,33.400001525878906,33.47999954223633,32.939998626708984,33.0,13.178570747375488,123400
FIS,2004-03-23,33.099998474121094,33.380001068115234,33.029998779296875,33.029998779296875,13.190546035766602,103000
FIS,2004-03-24,33.130001068115234,33.40999984741211,32.880001068115234,33.04999923706055,13.198542594909668,163400
FIS,2004-03-25,33.060001373291016,33.88999938964844,32.97999954223633,33.83000183105469,13.510035514831545,127500
FIS,2004-03-26,33.83000183105469,33.83000183105469,33.27000045776367,33.27000045776367,13.286392211914062,127600
FIS,2004-03-29,33.25,33.9900016784668,33.25,33.959999084472656,13.561948776245115,95200
FIS,2004-03-30,33.959999084472656,34.36000061035156,33.810001373291016,34.349998474121094,13.737916946411133,171500
FIS,2004-03-31,34.279998779296875,35.040000915527344,34.029998779296875,35.02000045776367,14.005878448486328,228400
FIS,2004-04-01,35.0,35.70000076293945,35.0,35.70000076293945,14.277844429016112,278700
FIS,2004-04-02,35.650001525878906,36.09000015258789,35.43000030517578,35.900001525878906,14.357829093933104,275800
FIS,2004-04-05,35.9900016784668,36.220001220703125,35.77000045776367,36.209999084472656,14.481801986694336,137400
FIS,2004-04-06,36.11000061035156,36.220001220703125,35.650001525878906,35.779998779296875,14.30982780456543,180000
FIS,2004-04-07,35.70000076293945,36.09999847412109,35.2599983215332,35.75,14.297831535339355,118000
FIS,2004-04-08,35.75,35.95000076293945,35.41999816894531,35.5099983215332,14.201852798461914,82700
FIS,2004-04-12,35.45000076293945,36.08000183105469,35.22999954223633,35.560001373291016,14.221840858459473,144200
FIS,2004-04-13,35.459999084472656,35.5,34.900001525878906,35.0099983215332,14.001872062683104,110200
FIS,2004-04-14,34.84000015258789,35.529998779296875,34.84000015258789,35.18000030517578,14.069870948791504,110200
FIS,2004-04-15,35.099998474121094,35.349998474121094,34.68000030517578,35.279998779296875,14.109865188598633,115800
FIS,2004-04-16,35.13999938964844,35.56999969482422,35.060001373291016,35.09000015258789,14.033875465393066,144100
FIS,2004-04-19,35.130001068115234,35.20000076293945,34.779998779296875,34.95000076293945,13.97787857055664,120800
FIS,2004-04-20,34.900001525878906,35.130001068115234,34.5099983215332,34.52000045776367,13.805910110473633,150600
FIS,2004-04-21,34.77000045776367,34.91999816894531,34.459999084472656,34.880001068115234,13.949886322021484,148600
FIS,2004-04-22,34.099998474121094,35.47999954223633,34.099998474121094,35.18000030517578,14.069870948791504,196100
FIS,2004-04-23,35.0,35.0,34.560001373291016,34.77000045776367,13.90588665008545,272400
FIS,2004-04-26,34.90999984741211,35.0,34.63999938964844,34.72999954223633,13.889896392822266,163600
FIS,2004-04-27,34.959999084472656,35.540000915527344,34.70000076293945,35.2400016784668,14.09386920928955,221700
FIS,2004-04-28,35.06999969482422,35.470001220703125,34.900001525878906,35.27000045776367,14.105867385864258,194300
FIS,2004-04-29,35.27000045776367,35.900001525878906,35.18000030517578,35.72999954223633,14.28982639312744,437700
FIS,2004-04-30,35.88999938964844,36.04999923706055,35.4900016784668,35.779998779296875,14.30982780456543,155500
FIS,2004-05-03,35.72999954223633,36.68000030517578,35.38999938964844,36.58000183105469,14.629782676696776,274600
FIS,2004-05-04,36.5,36.7400016784668,36.0,36.459999084472656,14.58178997039795,156100
FIS,2004-05-05,36.29999923706055,36.470001220703125,35.939998626708984,36.2599983215332,14.501806259155272,136700
FIS,2004-05-06,36.18000030517578,36.33000183105469,35.939998626708984,35.970001220703125,14.385821342468262,168200
FIS,2004-05-07,35.88999938964844,36.41999816894531,35.20000076293945,35.29999923706055,14.117868423461914,143800
FIS,2004-05-10,35.40999984741211,36.040000915527344,35.40999984741211,35.869998931884766,14.345833778381348,227100
FIS,2004-05-11,35.79999923706055,35.81999969482422,35.2400016784668,35.2599983215332,14.1018648147583,206800
FIS,2004-05-12,35.5,35.689998626708984,35.04999923706055,35.560001373291016,14.221840858459473,295600
FIS,2004-05-13,35.56999969482422,36.060001373291016,35.400001525878906,35.790000915527344,14.313831329345703,131500
FIS,2004-05-14,35.66999816894531,36.58000183105469,35.599998474121094,36.36000061035156,14.541799545288086,256400
FIS,2004-05-17,36.31999969482422,36.31999969482422,35.81999969482422,35.900001525878906,14.357829093933104,134200
FIS,2004-05-18,35.779998779296875,36.540000915527344,35.779998779296875,36.52000045776367,14.605785369873049,121300
FIS,2004-05-19,36.619998931884766,37.060001373291016,36.5,36.77000045776367,14.70577335357666,393600
FIS,2004-05-20,36.70000076293945,37.13999938964844,36.56999969482422,37.02999877929688,14.809752464294434,176900
FIS,2004-05-21,37.02999877929688,37.29999923706055,36.630001068115234,36.93000030517578,14.769761085510254,274100
FIS,2004-05-24,37.09999847412109,37.150001525878906,36.709999084472656,36.91999816894531,14.76575756072998,86000
FIS,2004-05-25,36.81999969482422,37.52000045776367,36.540000915527344,37.45000076293945,14.977737426757812,130200
FIS,2004-05-26,37.400001525878906,37.5,37.220001220703125,37.45000076293945,14.977737426757812,75500
FIS,2004-05-27,37.70000076293945,38.29999923706055,37.31999969482422,37.70000076293945,15.077718734741213,228200
FIS,2004-05-28,37.43000030517578,38.0,37.43000030517578,37.72999954223633,15.089719772338867,158500
FIS,2004-06-01,37.59999847412109,37.88999938964844,37.52000045776367,37.720001220703125,15.08572483062744,138500
FIS,2004-06-02,37.84999847412109,37.91999816894531,37.58000183105469,37.650001525878906,15.05772304534912,118600
FIS,2004-06-03,37.650001525878906,37.650001525878906,37.08000183105469,37.08000183105469,14.829751968383787,118400
FIS,2004-06-04,37.29999923706055,38.20000076293945,37.29999923706055,38.0,15.197694778442385,218600
FIS,2004-06-07,38.13999938964844,38.95000076293945,37.79999923706055,38.86000061035156,15.54163932800293,280700
FIS,2004-06-08,38.720001220703125,38.880001068115234,38.5,38.81999969482422,15.525646209716797,125000
FIS,2004-06-09,38.77000045776367,38.84000015258789,37.959999084472656,38.0099983215332,15.201696395874023,178100
FIS,2004-06-10,38.09999847412109,38.29999923706055,37.95000076293945,38.040000915527344,15.213696479797363,184600
FIS,2004-06-14,37.900001525878906,38.36000061035156,37.900001525878906,38.0,15.197694778442385,212500
FIS,2004-06-15,38.04999923706055,38.970001220703125,38.04999923706055,38.81999969482422,15.525646209716797,213500
FIS,2004-06-16,38.720001220703125,38.90999984741211,38.459999084472656,38.70000076293945,15.47766399383545,281800
FIS,2004-06-17,38.459999084472656,38.810001373291016,38.290000915527344,38.70000076293945,15.47766399383545,147600
FIS,2004-06-18,38.400001525878906,38.7400016784668,37.77999877929688,37.77999877929688,15.109718322753906,189600
FIS,2004-06-21,37.790000915527344,38.02999877929688,37.61000061035156,37.7400016784668,15.093711853027344,142100
FIS,2004-06-22,37.84000015258789,38.59000015258789,37.56999969482422,38.27000045776367,15.30568790435791,345400
FIS,2004-06-23,38.369998931884766,38.619998931884766,37.91999816894531,38.470001220703125,15.385662078857422,134400
FIS,2004-06-24,38.619998931884766,39.0,38.5099983215332,38.61000061035156,15.441665649414062,133800
FIS,2004-06-25,38.72999954223633,39.5099983215332,38.5099983215332,39.47999954223633,15.789608001708984,271000
FIS,2004-06-28,39.40999984741211,39.61000061035156,38.5,38.58000183105469,15.429670333862305,203800
FIS,2004-06-29,38.34999847412109,39.060001373291016,38.34000015258789,38.79999923706055,15.537781715393066,183400
FIS,2004-06-30,38.93000030517578,39.02000045776367,38.560001373291016,38.79999923706055,15.537781715393066,200700
FIS,2004-07-01,38.79999923706055,38.93000030517578,37.790000915527344,37.79999923706055,15.1373291015625,201900
FIS,2004-07-02,37.45000076293945,39.54999923706055,37.45000076293945,39.36000061035156,15.762044906616213,286300
FIS,2004-07-06,39.29999923706055,39.29999923706055,38.29999923706055,38.29999923706055,15.337559700012209,212400
FIS,2004-07-07,38.33000183105469,38.9900016784668,38.33000183105469,38.43000030517578,15.38961696624756,130500
FIS,2004-07-08,38.45000076293945,38.91999816894531,38.02000045776367,38.02000045776367,15.225431442260742,188200
FIS,2004-07-09,38.119998931884766,38.56999969482422,37.95000076293945,38.41999816894531,15.385616302490234,140100
FIS,2004-07-12,38.41999816894531,38.709999084472656,38.220001220703125,38.68999862670898,15.493736267089844,204900
FIS,2004-07-13,38.59999847412109,38.59999847412109,38.25,38.2599983215332,15.321538925170898,191100
FIS,2004-07-14,38.25,38.52000045776367,38.02999877929688,38.11000061035156,15.261473655700684,225800
FIS,2004-07-15,38.11000061035156,38.40999984741211,38.0099983215332,38.29999923706055,15.337559700012209,136300
FIS,2004-07-16,38.54999923706055,38.54999923706055,37.75,37.90999984741211,15.18136978149414,227200
FIS,2004-07-19,37.90999984741211,38.20000076293945,37.68000030517578,37.68000030517578,15.089271545410156,117200
FIS,2004-07-20,37.81999969482422,38.400001525878906,37.77000045776367,38.34000015258789,15.353574752807615,81500
FIS,2004-07-21,38.290000915527344,38.4900016784668,37.130001068115234,37.130001068115234,14.869017601013184,123300
FIS,2004-07-22,36.93000030517578,37.369998931884766,36.68000030517578,37.04999923706055,14.836981773376465,135700
FIS,2004-07-23,37.0,37.08000183105469,36.40999984741211,37.08000183105469,14.84899616241455,198800
FIS,2004-07-26,37.27999877929688,38.04999923706055,37.209999084472656,37.91999816894531,15.185380935668944,289600
FIS,2004-07-27,38.0,38.119998931884766,37.7400016784668,37.97999954223633,15.20940113067627,138700
FIS,2004-07-28,37.900001525878906,37.900001525878906,37.5,37.52000045776367,15.025200843811035,143900
FIS,2004-07-29,37.65999984741211,38.59999847412109,37.61000061035156,38.220001220703125,15.305520057678224,234200
FIS,2004-07-30,38.0,38.13999938964844,37.83000183105469,37.90999984741211,15.18136978149414,227100
FIS,2004-08-02,37.7599983215332,37.880001068115234,37.119998931884766,37.79999923706055,15.1373291015625,289400
FIS,2004-08-03,37.59999847412109,37.880001068115234,37.38999938964844,37.400001525878906,14.977143287658691,87900
FIS,2004-08-04,37.20000076293945,37.7599983215332,37.20000076293945,37.560001373291016,15.041213035583496,87800
FIS,2004-08-05,37.5,37.5,36.84000015258789,36.959999084472656,14.80094051361084,140900
FIS,2004-08-06,36.79999923706055,36.79999923706055,36.34999847412109,36.34999847412109,14.556660652160645,118100
FIS,2004-08-09,36.47999954223633,36.70000076293945,36.20000076293945,36.34999847412109,14.556660652160645,104800
FIS,2004-08-10,36.54999923706055,37.220001220703125,36.20000076293945,37.220001220703125,14.90506649017334,135300
FIS,2004-08-11,36.970001220703125,37.150001525878906,36.27999877929688,36.970001220703125,14.804944038391112,149000
FIS,2004-08-12,36.720001220703125,36.900001525878906,36.34999847412109,36.56999969482422,14.644758224487305,87200
FIS,2004-08-13,36.58000183105469,36.86000061035156,36.560001373291016,36.75,14.716854095458984,82600
FIS,2004-08-16,36.43000030517578,37.15999984741211,36.400001525878906,36.84000015258789,14.752883911132812,196400
FIS,2004-08-17,36.84000015258789,37.2599983215332,36.84000015258789,37.09999847412109,14.857001304626465,68700
FIS,2004-08-18,37.0,37.61000061035156,36.93999862670898,37.61000061035156,15.061240196228027,93800
FIS,2004-08-19,37.52999877929688,38.13999938964844,37.43000030517578,38.02000045776367,15.225431442260742,209700
FIS,2004-08-20,37.959999084472656,38.36000061035156,37.959999084472656,38.27999877929688,15.329546928405762,139500
FIS,2004-08-23,38.02999877929688,38.119998931884766,37.43999862670898,37.59999847412109,15.05723476409912,243600
FIS,2004-08-24,37.79999923706055,38.02999877929688,37.540000915527344,37.75,15.117310523986816,164600
FIS,2004-08-25,37.880001068115234,38.5,37.400001525878906,38.400001525878906,15.37761116027832,172800
FIS,2004-08-26,38.290000915527344,38.33000183105469,38.0,38.2599983215332,15.321538925170898,72300
FIS,2004-08-27,38.209999084472656,38.43999862670898,38.11000061035156,38.36000061035156,15.361586570739746,48800
FIS,2004-08-30,38.29999923706055,38.29999923706055,37.72999954223633,37.79999923706055,15.1373291015625,72900
FIS,2004-08-31,37.79999923706055,38.38999938964844,37.79999923706055,38.380001068115234,15.369600296020508,79200
FIS,2004-09-01,38.45000076293945,38.9900016784668,38.45000076293945,38.9900016784668,15.613876342773438,135300
FIS,2004-09-02,38.9900016784668,39.650001525878906,38.84000015258789,39.650001525878906,15.878182411193848,112000
FIS,2004-09-03,39.54999923706055,39.72999954223633,38.97999954223633,38.9900016784668,15.613876342773438,140800
FIS,2004-09-07,39.0,39.4900016784668,39.0,39.119998931884766,15.665931701660156,1100200
FIS,2004-09-08,39.119998931884766,39.27000045776367,39.02999877929688,39.060001373291016,15.641910552978516,170600
FIS,2004-09-09,38.959999084472656,39.25,38.810001373291016,38.93999862670898,15.593850135803224,133100
FIS,2004-09-10,38.93999862670898,39.15999984741211,38.77999877929688,38.97999954223633,15.609870910644531,115000
FIS,2004-09-13,38.77999877929688,39.310001373291016,38.77999877929688,39.15999984741211,15.68195629119873,127200
FIS,2004-09-14,39.13999938964844,39.150001525878906,38.959999084472656,38.9900016784668,15.613876342773438,170400
FIS,2004-09-15,39.0,39.0,38.7400016784668,38.77000045776367,15.525763511657717,87200
FIS,2004-09-16,38.83000183105469,39.0,38.70000076293945,38.900001525878906,15.577826499938965,119000
FIS,2004-09-17,38.9900016784668,39.0099983215332,38.77999877929688,38.86000061035156,15.56181526184082,94800
FIS,2004-09-20,38.79999923706055,38.84000015258789,38.400001525878906,38.400001525878906,15.37761116027832,69000
FIS,2004-09-21,38.54999923706055,38.93999862670898,38.54999923706055,38.75,15.517765998840332,120900
FIS,2004-09-22,38.54999923706055,38.54999923706055,37.810001373291016,37.84000015258789,15.153349876403809,155800
FIS,2004-09-23,38.09999847412109,38.77999877929688,38.0,38.7599983215332,15.521764755249023,317600
FIS,2004-09-24,38.5099983215332,38.650001525878906,38.41999816894531,38.43999862670898,15.393614768981934,158100
FIS,2004-09-27,38.0,38.18999862670898,37.79999923706055,37.79999923706055,15.1373291015625,120800
FIS,2004-09-28,37.650001525878906,37.84999847412109,37.47999954223633,37.59000015258789,15.053231239318848,300300
FIS,2004-09-29,37.540000915527344,37.650001525878906,37.15999984741211,37.220001220703125,14.924918174743652,385000
FIS,2004-09-30,37.31999969482422,37.52999877929688,37.130001068115234,37.209999084472656,14.920900344848633,391100
FIS,2004-10-01,37.34999847412109,38.34999847412109,37.31999969482422,38.02999877929688,15.24972152709961,258400
FIS,2004-10-04,38.150001525878906,38.18000030517578,37.66999816894531,37.93000030517578,15.20961856842041,309800
FIS,2004-10-05,37.900001525878906,38.29999923706055,37.83000183105469,38.29999923706055,15.357988357543944,148900
FIS,2004-10-06,38.20000076293945,38.27999877929688,37.84000015258789,38.27999877929688,15.34996509552002,145700
FIS,2004-10-07,38.08000183105469,38.08000183105469,37.18000030517578,37.18000030517578,14.908870697021484,202700
FIS,2004-10-08,37.18999862670898,37.20000076293945,36.59999847412109,36.59999847412109,14.676300048828123,193400
FIS,2004-10-11,36.790000915527344,37.060001373291016,36.66999816894531,37.0099983215332,14.840707778930664,194700
FIS,2004-10-12,36.79999923706055,36.970001220703125,36.38999938964844,36.38999938964844,14.592097282409668,202100
FIS,2004-10-13,36.52000045776367,36.790000915527344,36.150001525878906,36.27999877929688,14.547983169555664,176400
FIS,2004-10-14,36.380001068115234,36.43000030517578,35.619998931884766,35.619998931884766,14.283321380615234,250500
FIS,2004-10-15,35.70000076293945,36.400001525878906,35.63999938964844,36.18000030517578,14.50788402557373,150700
FIS,2004-10-18,36.18000030517578,36.5,36.119998931884766,36.310001373291016,14.560018539428713,136100
FIS,2004-10-19,36.2599983215332,36.45000076293945,35.959999084472656,35.9900016784668,14.431695938110352,204700
FIS,2004-10-20,36.209999084472656,36.61000061035156,35.869998931884766,36.29999923706055,14.556001663208008,269200
FIS,2004-10-21,36.09999847412109,36.720001220703125,35.97999954223633,36.54999923706055,14.656256675720217,267400
FIS,2004-10-22,36.5,36.5,34.90999984741211,35.0099983215332,14.038711547851562,251100
FIS,2004-10-25,34.790000915527344,35.18000030517578,34.45000076293945,34.90999984741211,13.998623847961426,372900
FIS,2004-10-26,34.70000076293945,34.86000061035156,34.13999938964844,34.81999969482422,13.962532997131348,448900
FIS,2004-10-27,34.81999969482422,35.27000045776367,34.5,35.25,14.134960174560549,164700
FIS,2004-10-28,35.20000076293945,35.349998474121094,34.91999816894531,35.290000915527344,14.150997161865234,127900
FIS,2004-10-29,35.13999938964844,35.459999084472656,35.060001373291016,35.349998474121094,14.175058364868164,124300
FIS,2004-11-01,35.349998474121094,35.380001068115234,34.90999984741211,35.16999816894531,14.102882385253906,249800
FIS,2004-11-02,34.95000076293945,35.400001525878906,34.84000015258789,34.95000076293945,14.014657974243164,175400
FIS,2004-11-03,35.0,35.099998474121094,34.84000015258789,35.099998474121094,14.074810028076172,312600
FIS,2004-11-04,34.970001220703125,35.290000915527344,34.68000030517578,35.279998779296875,14.146986961364746,309400
FIS,2004-11-05,35.220001220703125,35.650001525878906,35.150001525878906,35.56999969482422,14.263278007507324,195600
FIS,2004-11-08,35.529998779296875,35.58000183105469,35.02000045776367,35.4900016784668,14.231196403503418,180300
FIS,2004-11-09,35.310001373291016,35.630001068115234,35.150001525878906,35.56999969482422,14.263278007507324,151500
FIS,2004-11-10,35.439998626708984,35.79999923706055,35.34000015258789,35.79999923706055,14.355507850646973,326600
FIS,2004-11-11,35.709999084472656,36.08000183105469,35.54999923706055,36.08000183105469,14.467781066894531,101200
FIS,2004-11-12,35.83000183105469,35.84000015258789,34.400001525878906,34.66999816894531,13.902381896972656,591700
FIS,2004-11-15,34.880001068115234,35.29999923706055,34.47999954223633,35.29999923706055,14.15501308441162,212900
FIS,2004-11-16,35.20000076293945,35.40999984741211,35.060001373291016,35.33000183105469,14.167046546936035,266800
FIS,2004-11-17,35.33000183105469,35.599998474121094,35.20000076293945,35.29999923706055,14.15501308441162,251900
FIS,2004-11-18,35.29999923706055,35.4900016784668,34.75,35.41999816894531,14.203130722045898,204100
FIS,2004-11-19,35.34000015258789,35.45000076293945,34.97999954223633,35.2599983215332,14.13896942138672,185100
FIS,2004-11-22,35.15999984741211,35.220001220703125,34.790000915527344,34.880001068115234,13.986591339111328,213200
FIS,2004-11-23,34.93000030517578,35.029998779296875,34.540000915527344,34.9900016784668,14.030698776245115,207500
FIS,2004-11-24,35.15999984741211,35.38999938964844,34.959999084472656,35.13999938964844,14.09084701538086,142300
FIS,2004-11-26,35.0,35.119998931884766,34.849998474121094,34.880001068115234,13.986591339111328,34700
FIS,2004-11-29,34.869998931884766,35.2400016784668,34.81999969482422,35.0,14.034711837768556,397800
FIS,2004-11-30,34.779998779296875,34.959999084472656,34.400001525878906,34.400001525878906,13.794118881225586,254500
FIS,2004-12-01,34.650001525878906,34.939998626708984,34.43000030517578,34.470001220703125,13.822185516357422,267900
FIS,2004-12-02,34.439998626708984,34.58000183105469,34.189998626708984,34.2599983215332,13.73797607421875,296400
FIS,2004-12-03,34.18000030517578,34.25,33.5,33.75,13.533469200134276,422600
FIS,2004-12-06,33.70000076293945,33.900001525878906,33.400001525878906,33.5,13.43322467803955,672400
FIS,2004-12-07,33.619998931884766,33.79999923706055,33.310001373291016,33.400001525878906,13.393122673034668,227600
FIS,2004-12-08,33.5,33.560001373291016,33.0,33.25,13.332979202270508,259100
FIS,2004-12-09,33.0,33.119998931884766,32.79999923706055,33.09000015258789,13.268817901611328,612800
FIS,2004-12-10,33.33000183105469,33.33000183105469,32.70000076293945,33.0,13.232726097106934,649000
FIS,2004-12-13,33.0,33.189998626708984,32.810001373291016,32.95000076293945,13.212676048278809,350000
FIS,2004-12-14,32.849998474121094,33.43000030517578,32.849998474121094,33.43000030517578,13.4051513671875,425600
FIS,2004-12-15,33.45000076293945,33.70000076293945,33.31999969482422,33.70000076293945,13.513422966003418,380600
FIS,2004-12-16,33.650001525878906,33.90999984741211,33.54999923706055,33.90999984741211,13.597633361816406,446000
FIS,2004-12-17,34.0,34.849998474121094,33.97999954223633,34.79999923706055,13.954510688781738,808600
FIS,2004-12-20,34.79999923706055,34.849998474121094,34.61000061035156,34.75,13.934470176696776,357000
FIS,2004-12-21,34.75,35.04999923706055,34.599998474121094,34.939998626708984,14.010656356811523,369800
FIS,2004-12-22,34.9900016784668,35.540000915527344,34.9900016784668,35.5,14.235203742980955,336400
FIS,2004-12-23,35.58000183105469,35.58000183105469,35.27000045776367,35.5,14.235203742980955,177200
FIS,2004-12-27,35.56999969482422,35.56999969482422,34.86000061035156,35.04999923706055,14.054764747619627,125700
FIS,2004-12-28,35.150001525878906,35.70000076293945,35.150001525878906,35.5,14.235203742980955,137000
FIS,2004-12-29,35.34000015258789,35.4900016784668,35.04999923706055,35.40999984741211,14.219145774841309,107900
FIS,2004-12-30,35.29999923706055,35.63999938964844,35.20000076293945,35.45000076293945,14.235206604003906,101300
FIS,2004-12-31,35.45000076293945,35.900001525878906,35.29999923706055,35.529998779296875,14.267332077026367,221200
FIS,2005-01-03,35.43000030517578,35.560001373291016,35.06999969482422,35.2400016784668,14.150883674621582,224800
FIS,2005-01-04,35.220001220703125,35.45000076293945,34.7599983215332,34.95000076293945,14.034424781799316,254000
FIS,2005-01-05,34.95000076293945,35.15999984741211,34.650001525878906,34.79999923706055,13.974191665649414,206500
FIS,2005-01-06,34.79999923706055,35.290000915527344,34.79999923706055,35.040000915527344,14.07057285308838,258200
FIS,2005-01-07,35.040000915527344,35.380001068115234,34.880001068115234,35.11000061035156,14.098684310913086,188500
FIS,2005-01-10,34.95000076293945,35.310001373291016,34.79999923706055,35.11000061035156,14.098684310913086,253000
FIS,2005-01-11,35.11000061035156,35.11000061035156,34.5,34.52000045776367,13.861760139465332,247300
FIS,2005-01-12,34.650001525878906,35.04999923706055,34.20000076293945,35.04999923706055,14.074589729309082,185000
FIS,2005-01-13,35.04999923706055,35.130001068115234,34.68000030517578,34.83000183105469,13.986244201660156,225300
FIS,2005-01-14,34.900001525878906,35.060001373291016,34.75,35.060001373291016,14.078608512878418,125400
FIS,2005-01-18,35.09000015258789,35.790000915527344,34.84000015258789,35.66999816894531,14.3235502243042,164600
FIS,2005-01-19,35.66999816894531,35.75,34.959999084472656,35.18000030517578,14.126786231994627,150900
FIS,2005-01-20,34.93000030517578,35.27000045776367,34.689998626708984,35.099998474121094,14.094664573669434,176300
FIS,2005-01-21,35.04999923706055,35.16999816894531,34.75,34.90999984741211,14.018364906311035,108700
FIS,2005-01-24,34.86000061035156,34.959999084472656,34.400001525878906,34.59000015258789,13.889869689941406,205900
FIS,2005-01-25,34.59000015258789,35.16999816894531,34.36000061035156,35.0,14.054510116577148,277300
FIS,2005-01-26,34.900001525878906,35.779998779296875,34.54999923706055,35.59000015258789,14.291431427001951,300300
FIS,2005-01-27,35.4900016784668,35.4900016784668,34.33000183105469,34.630001068115234,13.905933380126951,540500
FIS,2005-01-28,34.689998626708984,34.689998626708984,33.95000076293945,34.25,13.753340721130373,283800
FIS,2005-01-31,34.75,35.0,34.599998474121094,35.0,14.054510116577148,299200
FIS,2005-02-01,34.75,35.130001068115234,34.2400016784668,35.08000183105469,14.08663272857666,248600
FIS,2005-02-02,34.880001068115234,35.29999923706055,34.650001525878906,35.2400016784668,14.150883674621582,161400
FIS,2005-02-03,35.290000915527344,35.290000915527344,34.54999923706055,35.08000183105469,14.08663272857666,142200
FIS,2005-02-04,35.08000183105469,35.40999984741211,35.06999969482422,35.2400016784668,14.150883674621582,104300
FIS,2005-02-07,35.2400016784668,35.43000030517578,35.0,35.08000183105469,14.08663272857666,100000
FIS,2005-02-08,35.099998474121094,35.27000045776367,34.63999938964844,34.880001068115234,14.006319999694824,175800
FIS,2005-02-09,34.83000183105469,35.130001068115234,34.650001525878906,34.75,13.95412254333496,190300
FIS,2005-02-10,34.97999954223633,34.97999954223633,34.5099983215332,34.61000061035156,13.89790153503418,109800
FIS,2005-02-11,34.689998626708984,35.22999954223633,34.5,35.13999938964844,14.110715866088867,92000
FIS,2005-02-14,35.13999938964844,35.5,34.959999084472656,35.31999969482422,14.183009147644045,119800
FIS,2005-02-15,35.25,35.5,35.150001525878906,35.40999984741211,14.219145774841309,104000
FIS,2005-02-16,35.310001373291016,35.58000183105469,35.130001068115234,35.38999938964844,14.21111297607422,202400
FIS,2005-02-17,35.349998474121094,35.4900016784668,34.939998626708984,34.9900016784668,14.050491333007812,168100
FIS,2005-02-18,35.0,35.02000045776367,34.540000915527344,34.58000183105469,13.885854721069336,132100
FIS,2005-02-22,34.43000030517578,34.47999954223633,34.0099983215332,34.099998474121094,13.69310474395752,173600
FIS,2005-02-23,34.099998474121094,34.150001525878906,33.72999954223633,34.150001525878906,13.713184356689451,221400
FIS,2005-02-24,34.099998474121094,34.970001220703125,33.95000076293945,34.88999938964844,14.010332107543944,179000
FIS,2005-02-25,34.9900016784668,35.31999969482422,34.86000061035156,35.31999969482422,14.183009147644045,136400
FIS,2005-02-28,35.150001525878906,35.65999984741211,34.95000076293945,35.630001068115234,14.307488441467283,293800
FIS,2005-03-01,35.630001068115234,35.689998626708984,35.16999816894531,35.36000061035156,14.199069023132324,186400
FIS,2005-03-02,35.20000076293945,35.4900016784668,35.04999923706055,35.310001373291016,14.178990364074709,174900
FIS,2005-03-03,35.099998474121094,35.31999969482422,34.63999938964844,35.220001220703125,14.14284610748291,394900
FIS,2005-03-04,35.220001220703125,35.790000915527344,34.81999969482422,35.70000076293945,14.335603713989258,160200
FIS,2005-03-07,35.5,36.09999847412109,35.400001525878906,36.09999847412109,14.496212005615234,120000
FIS,2005-03-08,36.04999923706055,36.34000015258789,35.95000076293945,36.09999847412109,14.496212005615234,179300
FIS,2005-03-09,36.11000061035156,36.34999847412109,35.68000030517578,35.779998779296875,14.367728233337402,95500
FIS,2005-03-10,35.880001068115234,36.29999923706055,35.880001068115234,36.290000915527344,14.572514533996582,134500
FIS,2005-03-11,36.38999938964844,36.720001220703125,35.900001525878906,36.150001525878906,14.516297340393066,247100
FIS,2005-03-14,36.25,36.70000076293945,36.22999954223633,36.400001525878906,14.61668872833252,187400
FIS,2005-03-15,36.650001525878906,37.0,36.16999816894531,36.38999938964844,14.612676620483398,154700
FIS,2005-03-16,36.13999938964844,36.400001525878906,35.220001220703125,35.36000061035156,14.199069023132324,222000
FIS,2005-03-17,35.2400016784668,35.68000030517578,35.20000076293945,35.5,14.255277633666992,156000
FIS,2005-03-18,35.54999923706055,35.54999923706055,34.9900016784668,35.2400016784668,14.150883674621582,174900
FIS,2005-03-21,35.150001525878906,35.40999984741211,34.83000183105469,35.04999923706055,14.074589729309082,281800
FIS,2005-03-22,35.060001373291016,35.29999923706055,34.619998931884766,34.81999969482422,13.982226371765137,244100
FIS,2005-03-23,34.7599983215332,35.369998931884766,34.7400016784668,35.11000061035156,14.098684310913086,227400
FIS,2005-03-24,35.11000061035156,35.31999969482422,35.0,35.0099983215332,14.058518409729004,174600
FIS,2005-03-28,34.900001525878906,35.650001525878906,34.900001525878906,35.349998474121094,14.195048332214355,209900
FIS,2005-03-29,35.369998931884766,35.52000045776367,34.33000183105469,34.33000183105469,13.785466194152832,277400
FIS,2005-03-30,34.380001068115234,35.20000076293945,34.380001068115234,35.02000045776367,14.083049774169922,272300
FIS,2005-03-31,35.0,35.11000061035156,34.61000061035156,34.619998931884766,13.922195434570312,219200
FIS,2005-04-01,34.70000076293945,35.099998474121094,33.939998626708984,34.189998626708984,13.749269485473633,286700
FIS,2005-04-04,34.189998626708984,34.189998626708984,33.650001525878906,34.0,13.67286777496338,163600
FIS,2005-04-05,34.0099983215332,34.08000183105469,33.59000015258789,33.66999816894531,13.54015827178955,254000
FIS,2005-04-06,33.68000030517578,34.099998474121094,33.59000015258789,33.68000030517578,13.544180870056152,159100
FIS,2005-04-07,33.599998474121094,33.77000045776367,33.4900016784668,33.59000015258789,13.50798797607422,176200
FIS,2005-04-08,33.560001373291016,33.650001525878906,33.20000076293945,33.400001525878906,13.431577682495115,186000
FIS,2005-04-11,33.400001525878906,33.45000076293945,33.06999969482422,33.2599983215332,13.375277519226074,99900
FIS,2005-04-12,32.95000076293945,33.43000030517578,32.880001068115234,33.119998931884766,13.318982124328612,240700
FIS,2005-04-13,33.040000915527344,33.56999969482422,33.02000045776367,33.459999084472656,13.455717086791992,221500
FIS,2005-04-14,33.47999954223633,33.66999816894531,33.310001373291016,33.33000183105469,13.403430938720703,273300
FIS,2005-04-15,33.189998626708984,33.349998474121094,32.720001220703125,32.779998779296875,13.1822509765625,132800
FIS,2005-04-18,32.689998626708984,33.029998779296875,32.349998474121094,32.959999084472656,13.254637718200684,136600
FIS,2005-04-19,32.810001373291016,33.38999938964844,32.66999816894531,33.38999938964844,13.427559852600098,545700
FIS,2005-04-20,33.34000015258789,33.45000076293945,32.70000076293945,32.81999969482422,13.198335647583008,206000
FIS,2005-04-21,32.81999969482422,34.20000076293945,32.650001525878906,34.0,13.67286777496338,389200
FIS,2005-04-22,34.0,34.400001525878906,33.93000030517578,34.150001525878906,13.733184814453123,383800
FIS,2005-04-25,34.25,36.22999954223633,34.25,36.060001373291016,14.5012788772583,408300
FIS,2005-04-26,36.04999923706055,36.459999084472656,35.880001068115234,35.91999816894531,14.44498062133789,231300
FIS,2005-04-27,35.88999938964844,36.38999938964844,35.790000915527344,35.90999984741211,14.440957069396973,902300
FIS,2005-04-28,35.849998474121094,36.18000030517578,35.650001525878906,35.900001525878906,14.43694019317627,408400
FIS,2005-04-29,36.25,36.45000076293945,35.77000045776367,36.43000030517578,14.650070190429688,229900
FIS,2005-05-02,36.5,36.970001220703125,36.11000061035156,36.380001068115234,14.629966735839844,341900
FIS,2005-05-03,36.27999877929688,36.5099983215332,35.79999923706055,36.0,14.477154731750488,243000
FIS,2005-05-04,36.20000076293945,36.650001525878906,35.939998626708984,36.33000183105469,14.60986042022705,257600
FIS,2005-05-05,36.130001068115234,36.2599983215332,35.59000015258789,35.84000015258789,14.412809371948242,254300
FIS,2005-05-06,35.84000015258789,36.18999862670898,35.58000183105469,35.790000915527344,14.39271068572998,252200
FIS,2005-05-09,35.65999984741211,36.09000015258789,35.540000915527344,36.09000015258789,14.513349533081056,286100
FIS,2005-05-10,35.84000015258789,35.880001068115234,35.22999954223633,35.4900016784668,14.272054672241213,237700
FIS,2005-05-11,35.56999969482422,36.04999923706055,35.34000015258789,35.810001373291016,14.400741577148438,97500
FIS,2005-05-12,35.95000076293945,36.08000183105469,35.43000030517578,35.56999969482422,14.30423069000244,448200
FIS,2005-05-13,35.66999816894531,36.04999923706055,35.529998779296875,35.939998626708984,14.453024864196776,220300
FIS,2005-05-16,36.09999847412109,36.25,36.0,36.06999969482422,14.505301475524902,200500
FIS,2005-05-17,36.0,36.15999984741211,35.630001068115234,36.040000915527344,14.493231773376465,173800
FIS,2005-05-18,36.040000915527344,36.540000915527344,35.93000030517578,36.540000915527344,14.694310188293455,219400
FIS,2005-05-19,36.5,36.84000015258789,36.400001525878906,36.720001220703125,14.766693115234377,229100
FIS,2005-05-20,36.84999847412109,37.41999816894531,36.79999923706055,37.09999847412109,14.919503211975098,378300
FIS,2005-05-23,37.0,37.84000015258789,36.97999954223633,37.7599983215332,15.184921264648438,294600
FIS,2005-05-24,37.81999969482422,37.869998931884766,37.27000045776367,37.84000015258789,15.217097282409668,145900
FIS,2005-05-25,37.68999862670898,37.869998931884766,37.400001525878906,37.70000076293945,15.160791397094728,237100
FIS,2005-05-26,37.810001373291016,38.0,37.5,37.72999954223633,15.172863960266112,241000
FIS,2005-05-27,37.72999954223633,37.75,37.470001220703125,37.59999847412109,15.120576858520508,151900
FIS,2005-05-31,37.47999954223633,37.84999847412109,37.31999969482422,37.54999923706055,15.10047721862793,117800
FIS,2005-06-01,37.61000061035156,38.0099983215332,37.27999877929688,37.540000915527344,15.09644889831543,104100
FIS,2005-06-02,37.4900016784668,37.880001068115234,37.34999847412109,37.709999084472656,15.164812088012695,110700
FIS,2005-06-03,37.52000045776367,37.619998931884766,36.790000915527344,36.83000183105469,14.810925483703612,222300
FIS,2005-06-06,36.75,37.09999847412109,36.5,37.040000915527344,14.895366668701172,192900
FIS,2005-06-07,36.84999847412109,37.34000015258789,36.68000030517578,36.95000076293945,14.859186172485352,169200
FIS,2005-06-08,37.150001525878906,37.33000183105469,36.88999938964844,37.13999938964844,14.935590744018556,125500
FIS,2005-06-09,37.2400016784668,37.4900016784668,36.79999923706055,37.43999862670898,15.056239128112791,144200
FIS,2005-06-10,37.63999938964844,38.2599983215332,37.4900016784668,38.08000183105469,15.313608169555664,244400
FIS,2005-06-13,38.150001525878906,38.709999084472656,38.150001525878906,38.560001373291016,15.50664234161377,222900
FIS,2005-06-14,38.650001525878906,38.7400016784668,38.2599983215332,38.5,15.482504844665527,140700
FIS,2005-06-15,38.59000015258789,38.65999984741211,38.27000045776367,38.52999877929688,15.494577407836914,139400
FIS,2005-06-16,38.5,38.83000183105469,38.27000045776367,38.7599983215332,15.587068557739258,163700
FIS,2005-06-17,38.95000076293945,39.02000045776367,38.77999877929688,38.77999877929688,15.59510898590088,242600
FIS,2005-06-20,38.619998931884766,38.95000076293945,38.45000076293945,38.59000015258789,15.51870059967041,92800
FIS,2005-06-21,38.61000061035156,38.900001525878906,38.52999877929688,38.61000061035156,15.526744842529297,93700
FIS,2005-06-22,38.75,38.790000915527344,38.130001068115234,38.20000076293945,15.361871719360352,107300
FIS,2005-06-23,38.11000061035156,38.38999938964844,37.5,37.54999923706055,15.10047721862793,117700
FIS,2005-06-24,37.52000045776367,37.7400016784668,37.15999984741211,37.459999084472656,15.064270973205566,269600
FIS,2005-06-27,37.59999847412109,37.869998931884766,37.20000076293945,37.869998931884766,15.22915744781494,121000
FIS,2005-06-28,37.970001220703125,38.18000030517578,37.81999969482422,38.13999938964844,15.337738037109377,111100
FIS,2005-06-29,38.040000915527344,38.40999984741211,38.0,38.29999923706055,15.422289848327637,205000
FIS,2005-06-30,38.36000061035156,38.91999816894531,38.220001220703125,38.220001220703125,15.390085220336914,135800
FIS,2005-07-01,38.310001373291016,38.79999923706055,38.310001373291016,38.59000015258789,15.539068222045898,98000
FIS,2005-07-05,38.4900016784668,38.66999816894531,37.84000015258789,38.65999984741211,15.56726360321045,83500
FIS,2005-07-06,38.630001068115234,38.86000061035156,38.34000015258789,38.59000015258789,15.539068222045898,112700
FIS,2005-07-07,38.29999923706055,38.7400016784668,38.040000915527344,38.47999954223633,15.494775772094728,112900
FIS,2005-07-08,38.52999877929688,38.75,38.459999084472656,38.56999969482422,15.531018257141112,149800
FIS,2005-07-11,38.75,38.95000076293945,38.40999984741211,38.5,15.502830505371094,151200
FIS,2005-07-12,38.29999923706055,38.52999877929688,38.2599983215332,38.290000915527344,15.418272972106934,139900
FIS,2005-07-13,38.29999923706055,38.43999862670898,38.08000183105469,38.310001373291016,15.426321029663086,156000
FIS,2005-07-14,38.290000915527344,38.58000183105469,38.290000915527344,38.45000076293945,15.48270034790039,149300
FIS,2005-07-15,38.400001525878906,38.459999084472656,37.86000061035156,38.0,15.30149745941162,166500
FIS,2005-07-18,37.91999816894531,37.9900016784668,37.58000183105469,37.84999847412109,15.241097450256348,129200
FIS,2005-07-19,37.70000076293945,38.34999847412109,37.70000076293945,37.93999862670898,15.277334213256836,108600
FIS,2005-07-20,37.790000915527344,38.29999923706055,37.540000915527344,38.15999984741211,15.365921974182127,94900
FIS,2005-07-21,37.75,37.75,36.54999923706055,37.09000015258789,14.935060501098633,203500
FIS,2005-07-22,37.16999816894531,37.16999816894531,36.2599983215332,36.5099983215332,14.701518058776855,341900
FIS,2005-07-25,36.5099983215332,36.56999969482422,35.150001525878906,35.22999954223633,14.186095237731934,360900
FIS,2005-07-26,35.25,35.54999923706055,35.119998931884766,35.400001525878906,14.254549980163574,263800
FIS,2005-07-27,35.47999954223633,35.529998779296875,34.79999923706055,34.79999923706055,14.012950897216797,287400
FIS,2005-07-28,34.900001525878906,35.13999938964844,34.72999954223633,34.939998626708984,14.069320678710938,227200
FIS,2005-07-29,34.869998931884766,34.97999954223633,34.220001220703125,34.619998931884766,13.940475463867188,222100
FIS,2005-08-01,34.599998474121094,34.70000076293945,34.310001373291016,34.369998931884766,13.839801788330078,175900
FIS,2005-08-02,34.369998931884766,34.52000045776367,34.0,34.0,13.690811157226562,347800
FIS,2005-08-03,34.0,34.4900016784668,33.650001525878906,34.119998931884766,13.739134788513184,315700
FIS,2005-08-04,34.040000915527344,34.349998474121094,33.83000183105469,33.91999816894531,13.658596992492676,200900
FIS,2005-08-05,33.97999954223633,34.04999923706055,33.68000030517578,33.79999923706055,13.61028289794922,246100
FIS,2005-08-08,33.95000076293945,34.54999923706055,33.869998931884766,34.06999969482422,13.718998908996582,363000
FIS,2005-08-09,34.09000015258789,34.09000015258789,33.61000061035156,33.70000076293945,13.570011138916016,165700
FIS,2005-08-10,33.70000076293945,34.11000061035156,33.36000061035156,33.529998779296875,13.501558303833008,156300
FIS,2005-08-11,33.459999084472656,33.90999984741211,33.459999084472656,33.880001068115234,13.642486572265623,118600
FIS,2005-08-12,33.65999984741211,33.900001525878906,33.439998626708984,33.77000045776367,13.598198890686035,118800
FIS,2005-08-15,33.779998779296875,33.79999923706055,33.47999954223633,33.630001068115234,13.54182243347168,134600
FIS,2005-08-16,33.470001220703125,33.630001068115234,33.36000061035156,33.54999923706055,13.509607315063477,240500
FIS,2005-08-17,33.52000045776367,33.709999084472656,33.5,33.540000915527344,13.505589485168455,131700
FIS,2005-08-18,33.439998626708984,33.68000030517578,33.04999923706055,33.4900016784668,13.485455513000488,139000
FIS,2005-08-19,33.4900016784668,33.4900016784668,33.099998474121094,33.279998779296875,13.400891304016112,123600
FIS,2005-08-22,33.36000061035156,34.0099983215332,33.279998779296875,34.0,13.690811157226562,200300
FIS,2005-08-23,34.0099983215332,34.189998626708984,33.75,33.900001525878906,13.650543212890623,179100
FIS,2005-08-24,33.93000030517578,34.349998474121094,33.93000030517578,34.0,13.690811157226562,176000
FIS,2005-08-25,36.0,36.27999877929688,35.04999923706055,35.540000915527344,14.310924530029297,675000
FIS,2005-08-26,35.47999954223633,35.47999954223633,34.779998779296875,34.970001220703125,14.081402778625488,198600
FIS,2005-08-29,34.70000076293945,35.099998474121094,34.66999816894531,34.970001220703125,14.081402778625488,227800
FIS,2005-08-30,34.93000030517578,35.0,34.58000183105469,34.779998779296875,14.004888534545898,302000
FIS,2005-08-31,34.790000915527344,34.939998626708984,34.04999923706055,34.380001068115234,13.843819618225098,308300
FIS,2005-09-01,34.380001068115234,34.380001068115234,33.58000183105469,33.97999954223633,13.68276023864746,370900
FIS,2005-09-02,33.97999954223633,34.150001525878906,33.779998779296875,33.91999816894531,13.658596992492676,205900
FIS,2005-09-06,34.08000183105469,34.369998931884766,33.81999969482422,33.84000015258789,13.626382827758787,183500
FIS,2005-09-07,33.84000015258789,33.970001220703125,33.619998931884766,33.86000061035156,13.634440422058104,173700
FIS,2005-09-08,33.75,34.16999816894531,33.47999954223633,33.58000183105469,13.521689414978027,126700
FIS,2005-09-09,33.630001068115234,33.88999938964844,33.5,33.79999923706055,13.61028289794922,195900
FIS,2005-09-12,33.720001220703125,34.0099983215332,33.650001525878906,33.849998474121094,13.630412101745604,189000
FIS,2005-09-13,33.880001068115234,33.970001220703125,33.40999984741211,33.86000061035156,13.634440422058104,270700
FIS,2005-09-14,33.72999954223633,33.86000061035156,33.470001220703125,33.599998474121094,13.529743194580078,292900
FIS,2005-09-15,38.9900016784668,41.0099983215332,38.5,38.79999923706055,15.62363338470459,5030400
FIS,2005-09-16,38.79999923706055,40.060001373291016,38.79999923706055,39.93000030517578,16.07865333557129,3046300
FIS,2005-09-19,39.72999954223633,39.84999847412109,39.16999816894531,39.47999954223633,15.89744758605957,2462700
FIS,2005-09-20,39.47999954223633,40.11000061035156,39.45000076293945,39.97999954223633,16.098785400390625,1634800
FIS,2005-09-21,39.880001068115234,39.880001068115234,38.709999084472656,38.79999923706055,15.62363338470459,877600
FIS,2005-09-22,38.79999923706055,39.40999984741211,38.310001373291016,39.40999984741211,15.869261741638184,958500
FIS,2005-09-23,39.310001373291016,40.20000076293945,39.09000015258789,40.119998931884766,16.15515899658203,1473200
FIS,2005-09-26,40.119998931884766,40.20000076293945,39.59999847412109,40.0,16.106836318969727,1851000
FIS,2005-09-27,40.0,40.06999969482422,39.77999877929688,39.95000076293945,16.086702346801758,869400
FIS,2005-09-28,40.0,40.20000076293945,39.7400016784668,40.02999877929688,16.139122009277344,845400
FIS,2005-09-29,40.060001373291016,40.400001525878906,39.47999954223633,40.04999923706055,16.147184371948242,779900
FIS,2005-09-30,40.150001525878906,40.15999984741211,39.56999969482422,40.02000045776367,16.135086059570312,923700
FIS,2005-10-03,40.02999877929688,40.29999923706055,39.86000061035156,40.0,16.12702178955078,543500
FIS,2005-10-04,40.02999877929688,40.08000183105469,39.79999923706055,39.900001525878906,16.086700439453125,715100
FIS,2005-10-05,39.810001373291016,40.08000183105469,39.59999847412109,39.59999847412109,15.965754508972168,864400
FIS,2005-10-06,39.68000030517578,39.720001220703125,38.369998931884766,39.0,15.723844528198242,813900
FIS,2005-10-07,39.119998931884766,39.27999877929688,38.650001525878906,39.09999847412109,15.76417350769043,352800
FIS,2005-10-10,39.06999969482422,39.13999938964844,38.29999923706055,38.33000183105469,15.453721046447754,381200
FIS,2005-10-11,38.45000076293945,38.63999938964844,37.79999923706055,38.0,15.320672988891602,662100
FIS,2005-10-12,38.0,38.31999969482422,36.86000061035156,37.900001525878906,15.280350685119627,734100
FIS,2005-10-13,37.70000076293945,37.86000061035156,37.36000061035156,37.7599983215332,15.223912239074709,900100
FIS,2005-10-14,37.650001525878906,38.20000076293945,37.209999084472656,37.970001220703125,15.308581352233888,581200
FIS,2005-10-17,37.970001220703125,38.02000045776367,37.09999847412109,37.900001525878906,15.280350685119627,309600
FIS,2005-10-18,37.91999816894531,38.09999847412109,37.18999862670898,37.369998931884766,15.066670417785645,360500
FIS,2005-10-19,37.220001220703125,38.02000045776367,36.77999877929688,37.95000076293945,15.300512313842772,381500
FIS,2005-10-20,37.90999984741211,37.9900016784668,37.11000061035156,37.209999084472656,15.002161979675291,315900
FIS,2005-10-21,37.45000076293945,37.540000915527344,37.16999816894531,37.38999938964844,15.074729919433594,316500
FIS,2005-10-24,37.369998931884766,37.54999923706055,36.84999847412109,37.400001525878906,15.07875919342041,537600
FIS,2005-10-25,37.25,38.29999923706055,37.119998931884766,37.59999847412109,15.159405708312988,978400
FIS,2005-10-26,38.5,38.5,37.34999847412109,37.34999847412109,15.058600425720217,852700
FIS,2005-10-27,37.400001525878906,37.400001525878906,36.41999816894531,36.709999084472656,14.800578117370604,454200
FIS,2005-10-28,36.810001373291016,37.400001525878906,36.560001373291016,36.900001525878906,14.877179145812988,791100
FIS,2005-10-31,36.9900016784668,38.150001525878906,36.970001220703125,37.459999084472656,15.102961540222168,1705200
FIS,2005-11-01,37.5,37.59999847412109,37.09999847412109,37.52000045776367,15.127153396606444,332300
FIS,2005-11-02,37.45000076293945,38.060001373291016,37.29999923706055,38.02000045776367,15.328737258911133,560900
FIS,2005-11-03,38.119998931884766,38.27999877929688,37.970001220703125,38.2599983215332,15.425495147705078,294500
FIS,2005-11-04,38.34999847412109,38.77999877929688,37.880001068115234,38.369998931884766,15.469842910766602,628900
FIS,2005-11-07,38.45000076293945,39.72999954223633,38.369998931884766,39.040000915527344,15.73997402191162,1068500
FIS,2005-11-08,39.13999938964844,39.18999862670898,38.45000076293945,38.4900016784668,15.51822566986084,637800
FIS,2005-11-09,38.58000183105469,39.060001373291016,38.13999938964844,38.4900016784668,15.51822566986084,565500
FIS,2005-11-10,38.58000183105469,38.59000015258789,38.18000030517578,38.470001220703125,15.510167121887209,886500
FIS,2005-11-11,38.400001525878906,39.29999923706055,38.38999938964844,39.0,15.723844528198242,519400
FIS,2005-11-14,39.09999847412109,39.31999969482422,38.900001525878906,39.310001373291016,15.848831176757812,321600
FIS,2005-11-15,39.400001525878906,40.20000076293945,39.25,39.84999847412109,16.06653594970703,794800
FIS,2005-11-16,39.79999923706055,39.93999862670898,39.20000076293945,39.68999862670898,16.00203514099121,437700
FIS,2005-11-17,39.79999923706055,41.09999847412109,39.79999923706055,40.880001068115234,16.481815338134766,666500
FIS,2005-11-18,40.959999084472656,41.290000915527344,40.75,41.290000915527344,16.647113800048828,598800
FIS,2005-11-21,40.95000076293945,41.20000076293945,40.75,41.16999816894531,16.598731994628906,456200
FIS,2005-11-22,41.18999862670898,41.18999862670898,40.68000030517578,41.02000045776367,16.538259506225586,476600
FIS,2005-11-23,40.970001220703125,41.060001373291016,40.75,40.97999954223633,16.52213478088379,216500
FIS,2005-11-25,40.97999954223633,40.97999954223633,40.27000045776367,40.470001220703125,16.31651496887207,153300
FIS,2005-11-28,40.52999877929688,40.58000183105469,40.04999923706055,40.27000045776367,16.235872268676758,229900
FIS,2005-11-29,40.45000076293945,41.209999084472656,40.369998931884766,40.77000045776367,16.437463760375977,638400
FIS,2005-11-30,40.66999816894531,40.7599983215332,40.060001373291016,40.209999084472656,16.21169090270996,386000
FIS,2005-12-01,40.380001068115234,40.52000045776367,40.16999816894531,40.47999954223633,16.320545196533203,425300
FIS,2005-12-02,40.41999816894531,40.79999923706055,40.400001525878906,40.77000045776367,16.437463760375977,342800
FIS,2005-12-05,40.72999954223633,40.84999847412109,40.209999084472656,40.7599983215332,16.43343734741211,285400
FIS,2005-12-06,40.86000061035156,41.22999954223633,40.77999877929688,40.970001220703125,16.518102645874023,572700
FIS,2005-12-07,40.88999938964844,41.0,40.130001068115234,40.16999816894531,16.195560455322266,313800
FIS,2005-12-08,40.25,40.29999923706055,39.4900016784668,39.790000915527344,16.042348861694336,367800
FIS,2005-12-09,39.77000045776367,40.20000076293945,39.4900016784668,40.02000045776367,16.135086059570312,478400
FIS,2005-12-12,40.09999847412109,40.40999984741211,39.880001068115234,40.02999877929688,16.139122009277344,342400
FIS,2005-12-13,39.970001220703125,40.27000045776367,39.90999984741211,40.060001373291016,16.151208877563477,197600
FIS,2005-12-14,40.130001068115234,40.5,40.0,40.43999862670898,16.304424285888672,430200
FIS,2005-12-15,40.470001220703125,40.54999923706055,40.150001525878906,40.400001525878906,16.288299560546875,421800
FIS,2005-12-16,40.34000015258789,40.43000030517578,39.5099983215332,39.93999862670898,16.10283660888672,883500
FIS,2005-12-19,39.79999923706055,39.79999923706055,39.34000015258789,39.54999923706055,15.945590019226074,482700
FIS,2005-12-20,39.650001525878906,40.40999984741211,39.31999969482422,40.2400016784668,16.223785400390625,992700
FIS,2005-12-21,40.33000183105469,40.709999084472656,40.060001373291016,40.130001068115234,16.179431915283203,330300
FIS,2005-12-22,40.119998931884766,40.65999984741211,40.11000061035156,40.52999877929688,16.340709686279297,141300
FIS,2005-12-23,40.52000045776367,40.7400016784668,40.25,40.68000030517578,16.401187896728516,97600
FIS,2005-12-27,40.880001068115234,41.0,40.040000915527344,40.060001373291016,16.151208877563477,209500
FIS,2005-12-28,39.97999954223633,40.41999816894531,39.900001525878906,40.310001373291016,16.272314071655273,231500
FIS,2005-12-29,40.369998931884766,40.720001220703125,40.27000045776367,40.36000061035156,16.292499542236328,74900
FIS,2005-12-30,40.20000076293945,40.560001373291016,40.04999923706055,40.560001373291016,16.37323570251465,157800
FIS,2006-01-03,40.7400016784668,41.040000915527344,40.15999984741211,41.040000915527344,16.567005157470703,493500
FIS,2006-01-04,40.97999954223633,41.540000915527344,40.790000915527344,41.04999923706055,16.57103729248047,1010100
FIS,2006-01-05,41.0,43.130001068115234,40.79999923706055,42.81999969482422,17.28555679321289,883400
FIS,2006-01-06,42.81999969482422,42.84000015258789,42.09000015258789,42.470001220703125,17.14426040649414,559900
FIS,2006-01-09,42.400001525878906,43.27999877929688,42.400001525878906,42.84999847412109,17.29766082763672,754900
FIS,2006-01-10,42.75,43.5,42.75,43.400001525878906,17.51968765258789,489500
FIS,2006-01-11,43.5,43.630001068115234,43.220001220703125,43.45000076293945,17.53986167907715,473000
FIS,2006-01-12,43.25,43.5,42.81999969482422,43.04999923706055,17.37839126586914,665600
FIS,2006-01-13,43.150001525878906,44.040000915527344,42.77999877929688,43.27000045776367,17.467199325561523,874600
FIS,2006-01-17,43.02000045776367,43.27000045776367,42.810001373291016,43.09999847412109,17.39857292175293,283000
FIS,2006-01-18,42.59999847412109,43.060001373291016,42.459999084472656,43.0,17.358217239379883,1799800
FIS,2006-01-19,43.0,43.900001525878906,42.95000076293945,43.720001220703125,17.64887046813965,718000
FIS,2006-01-20,43.5,43.59000015258789,42.88999938964844,43.150001525878906,17.41876983642578,2225600
FIS,2006-01-23,43.119998931884766,43.560001373291016,43.02999877929688,43.5,17.56005859375,685200
FIS,2006-01-24,43.540000915527344,43.9900016784668,43.540000915527344,43.83000183105469,17.693262100219727,614000
FIS,2006-01-25,43.68999862670898,43.970001220703125,43.5099983215332,43.93000030517578,17.73363494873047,382900
FIS,2006-01-26,43.83000183105469,44.560001373291016,43.540000915527344,44.15999984741211,17.82648277282715,1511000
FIS,2006-01-27,44.02000045776367,44.45000076293945,43.709999084472656,43.77000045776367,17.66904640197754,520700
FIS,2006-01-30,43.790000915527344,44.02000045776367,42.84999847412109,43.36000061035156,17.503530502319336,1651100
FIS,2006-01-31,43.38999938964844,43.59000015258789,42.93999862670898,43.45000076293945,17.53986167907715,5585800
FIS,2006-02-01,41.5,41.5,39.2599983215332,39.47999954223633,17.442670822143555,1376800
FIS,2006-02-02,39.47999954223633,39.47999954223633,39.060001373291016,39.16999816894531,17.30571937561035,400500
FIS,2006-02-03,38.31999969482422,39.38999938964844,38.31999969482422,38.95000076293945,17.208511352539062,1227000
FIS,2006-02-06,38.5,39.02999877929688,38.38999938964844,38.66999816894531,17.08480453491211,745500
FIS,2006-02-07,38.09999847412109,38.540000915527344,37.72999954223633,37.88999938964844,16.740188598632812,792200
FIS,2006-02-08,37.88999938964844,38.150001525878906,37.150001525878906,37.56999969482422,16.598817825317383,3088000
FIS,2006-02-09,37.34999847412109,38.13999938964844,37.0,37.09999847412109,16.39116859436035,988200
FIS,2006-02-10,37.5,37.58000183105469,37.15999984741211,37.220001220703125,16.44417953491211,421900
FIS,2006-02-13,38.25,38.25,37.150001525878906,37.25,16.457439422607422,1051200
FIS,2006-02-14,37.31999969482422,37.470001220703125,36.95000076293945,37.27000045776367,16.466272354125977,662400
FIS,2006-02-15,37.400001525878906,37.41999816894531,36.25,36.56999969482422,16.156997680664062,1133000
FIS,2006-02-16,37.75,39.97999954223633,37.75,39.43000030517578,17.420570373535156,2825000
FIS,2006-02-17,39.45000076293945,39.77000045776367,39.18999862670898,39.22999954223633,17.332216262817383,1017400
FIS,2006-02-21,39.43000030517578,39.4900016784668,38.61000061035156,38.7400016784668,17.1157283782959,779500
FIS,2006-02-22,38.7400016784668,39.040000915527344,38.59999847412109,38.900001525878906,17.186424255371094,366500
FIS,2006-02-23,38.77999877929688,38.93999862670898,38.70000076293945,38.75,17.12015151977539,342600
FIS,2006-02-24,38.58000183105469,38.7400016784668,38.540000915527344,38.59999847412109,17.053884506225586,312500
FIS,2006-02-27,38.59000015258789,39.29999923706055,38.59000015258789,39.09999847412109,17.274791717529297,1134500
FIS,2006-02-28,39.20000076293945,39.95000076293945,39.20000076293945,39.650001525878906,17.517776489257812,2565300
FIS,2006-03-01,39.70000076293945,40.02000045776367,39.560001373291016,40.0,17.672412872314453,572800
FIS,2006-03-02,39.84999847412109,40.47999954223633,39.68999862670898,40.33000183105469,17.818212509155273,637000
FIS,2006-03-03,40.20000076293945,40.52999877929688,40.09999847412109,40.15999984741211,17.743106842041016,385300
FIS,2006-03-06,40.09999847412109,40.34999847412109,39.650001525878906,40.34999847412109,17.827037811279297,536000
FIS,2006-03-07,40.20000076293945,40.34999847412109,39.869998931884766,39.9900016784668,17.668001174926758,552500
FIS,2006-03-08,39.970001220703125,39.9900016784668,39.40999984741211,39.68999862670898,17.535449981689453,772800
FIS,2006-03-09,39.7400016784668,39.88999938964844,39.459999084472656,39.720001220703125,17.548709869384766,785900
FIS,2006-03-10,39.7599983215332,39.79999923706055,39.400001525878906,39.79999923706055,17.58405113220215,471800
FIS,2006-03-13,39.84999847412109,40.41999816894531,39.83000183105469,39.95000076293945,17.65032196044922,436900
FIS,2006-03-14,39.84999847412109,39.970001220703125,39.33000183105469,39.79999923706055,17.58405113220215,299800
FIS,2006-03-15,39.75,39.97999954223633,39.54999923706055,39.95000076293945,17.65032196044922,515500
FIS,2006-03-16,39.900001525878906,39.900001525878906,39.65999984741211,39.75,17.583967208862305,598800
FIS,2006-03-17,39.95000076293945,40.40999984741211,39.59999847412109,40.11000061035156,17.743227005004883,626600
FIS,2006-03-20,40.06999969482422,40.29999923706055,39.70000076293945,40.18999862670898,17.778610229492188,428900
FIS,2006-03-21,40.29999923706055,40.45000076293945,39.54999923706055,40.0099983215332,17.698976516723633,641000
FIS,2006-03-22,39.90999984741211,40.33000183105469,39.84000015258789,40.09000015258789,17.734375,408400
FIS,2006-03-23,40.15999984741211,40.15999984741211,39.79999923706055,39.95000076293945,17.672443389892578,454900
FIS,2006-03-24,40.0,40.119998931884766,39.84000015258789,40.060001373291016,17.721105575561523,520400
FIS,2006-03-27,39.93999862670898,40.02000045776367,39.5099983215332,40.0,17.694555282592773,672500
FIS,2006-03-28,40.150001525878906,40.84000015258789,40.060001373291016,40.59999847412109,17.959976196289062,2241800
FIS,2006-03-29,40.540000915527344,40.540000915527344,39.900001525878906,40.2599983215332,17.8095760345459,860500
FIS,2006-03-30,40.16999816894531,40.29999923706055,39.810001373291016,40.16999816894531,17.769758224487305,670800
FIS,2006-03-31,40.31999969482422,40.68000030517578,39.720001220703125,40.54999923706055,17.93785858154297,795300
FIS,2006-04-03,40.54999923706055,40.54999923706055,39.68000030517578,39.93000030517578,17.66359519958496,472800
FIS,2006-04-04,39.93000030517578,40.06999969482422,39.0,40.040000915527344,17.71225929260254,544400
FIS,2006-04-05,40.0,40.22999954223633,39.75,40.15999984741211,17.765336990356445,348100
FIS,2006-04-06,40.0,40.02999877929688,39.25,39.619998931884766,17.526464462280273,356300
FIS,2006-04-07,39.0,39.2599983215332,38.84999847412109,39.09999847412109,17.296432495117188,760000
FIS,2006-04-10,39.0,39.04999923706055,38.43000030517578,38.56999969482422,17.061981201171875,592200
FIS,2006-04-11,38.56999969482422,38.72999954223633,38.15999984741211,38.369998931884766,16.973501205444336,409000
FIS,2006-04-12,38.31999969482422,38.54999923706055,37.83000183105469,38.13999938964844,16.871761322021484,377700
FIS,2006-04-13,38.13999938964844,38.2599983215332,37.0,38.16999816894531,16.885026931762695,483600
FIS,2006-04-17,38.06999969482422,38.369998931884766,37.970001220703125,38.369998931884766,16.973501205444336,347300
FIS,2006-04-18,38.36000061035156,39.15999984741211,38.31999969482422,38.869998931884766,17.194679260253906,628600
FIS,2006-04-19,38.630001068115234,38.869998931884766,38.369998931884766,38.77999877929688,17.15487289428711,410600
FIS,2006-04-20,38.75,39.38999938964844,38.560001373291016,39.04999923706055,17.274316787719727,375900
FIS,2006-04-21,39.09999847412109,39.220001220703125,38.75,39.06999969482422,17.283153533935547,288600
FIS,2006-04-24,38.880001068115234,39.09999847412109,38.560001373291016,39.09999847412109,17.296432495117188,425400
FIS,2006-04-25,39.09000015258789,39.09000015258789,38.54999923706055,38.709999084472656,17.1239070892334,396600
FIS,2006-04-26,38.75,39.02000045776367,38.5099983215332,38.790000915527344,17.159297943115234,758700
FIS,2006-04-27,36.79999923706055,39.20000076293945,36.79999923706055,37.97999954223633,16.800975799560547,3119600
FIS,2006-04-28,38.09999847412109,38.790000915527344,37.79999923706055,38.0,16.809839248657227,1050800
FIS,2006-05-01,38.0,38.040000915527344,37.7400016784668,37.95000076293945,16.787708282470703,1365900
FIS,2006-05-02,37.95000076293945,38.2599983215332,37.810001373291016,38.2599983215332,16.924846649169922,578600
FIS,2006-05-03,38.2599983215332,38.75,38.25,38.59999847412109,17.07525062561035,555500
FIS,2006-05-04,38.59999847412109,38.75,38.459999084472656,38.5,17.031017303466797,494300
FIS,2006-05-05,38.56999969482422,38.970001220703125,38.470001220703125,38.79999923706055,17.163719177246094,699100
FIS,2006-05-08,38.400001525878906,38.630001068115234,38.18000030517578,38.36000061035156,16.969074249267578,453800
FIS,2006-05-09,38.27000045776367,38.36000061035156,37.33000183105469,37.47999954223633,16.579801559448242,753600
FIS,2006-05-10,37.380001068115234,37.72999954223633,36.7400016784668,37.470001220703125,16.575380325317383,1224100
FIS,2006-05-11,37.470001220703125,37.5,37.150001525878906,37.29999923706055,16.500186920166016,837400
FIS,2006-05-12,37.27999877929688,37.43999862670898,37.09999847412109,37.16999816894531,16.44266128540039,422700
FIS,2006-05-15,37.150001525878906,37.59000015258789,36.83000183105469,37.310001373291016,16.50460433959961,1105700
FIS,2006-05-16,37.209999084472656,37.72999954223633,37.15999984741211,37.650001525878906,16.655004501342773,1358300
FIS,2006-05-17,37.54999923706055,37.65999984741211,37.20000076293945,37.34999847412109,16.52228546142578,1030500
FIS,2006-05-18,37.400001525878906,37.70000076293945,36.9900016784668,37.09000015258789,16.407283782958984,1158900
FIS,2006-05-19,37.27999877929688,37.459999084472656,36.72999954223633,37.13999938964844,16.42939567565918,602200
FIS,2006-05-22,37.02000045776367,37.11000061035156,36.2400016784668,36.470001220703125,16.133020401000977,1103600
FIS,2006-05-23,36.59999847412109,36.68999862670898,36.09999847412109,36.650001525878906,16.21263885498047,1101600
FIS,2006-05-24,36.58000183105469,36.95000076293945,36.11000061035156,36.77000045776367,16.265724182128906,501000
FIS,2006-05-25,36.86000061035156,37.09999847412109,36.58000183105469,36.9900016784668,16.3630428314209,738700
FIS,2006-05-26,37.0099983215332,37.52999877929688,36.970001220703125,37.459999084472656,16.57095718383789,497700
FIS,2006-05-30,37.2599983215332,37.369998931884766,36.0,36.130001068115234,15.98261547088623,699200
FIS,2006-05-31,36.29999923706055,36.95000076293945,36.220001220703125,36.7400016784668,16.252456665039062,490200
FIS,2006-06-01,36.7400016784668,37.45000076293945,36.709999084472656,37.2400016784668,16.473634719848633,494700
FIS,2006-06-02,37.70000076293945,37.83000183105469,37.18000030517578,37.70000076293945,16.6771183013916,512300
FIS,2006-06-05,37.650001525878906,37.72999954223633,36.900001525878906,37.0099983215332,16.371889114379883,278700
FIS,2006-06-06,37.11000061035156,37.16999816894531,36.290000915527344,36.86000061035156,16.305543899536133,450700
FIS,2006-06-07,36.90999984741211,37.09999847412109,36.58000183105469,36.59000015258789,16.186098098754883,576800
FIS,2006-06-08,36.380001068115234,36.61000061035156,35.72999954223633,36.61000061035156,16.194942474365234,631300
FIS,2006-06-09,36.59999847412109,36.7400016784668,36.16999816894531,36.5,16.146289825439453,425800
FIS,2006-06-12,36.5,36.5,35.40999984741211,35.4900016784668,15.699491500854492,412900
FIS,2006-06-13,35.439998626708984,35.66999816894531,34.81999969482422,35.150001525878906,15.571037292480469,568600
FIS,2006-06-14,35.150001525878906,35.5099983215332,34.81999969482422,35.22999954223633,15.606463432312012,543000
FIS,2006-06-15,35.5,36.720001220703125,35.43000030517578,36.58000183105469,16.204500198364258,487300
FIS,2006-06-16,37.150001525878906,37.77000045776367,36.79999923706055,37.34999847412109,16.54559326171875,686700
FIS,2006-06-19,37.290000915527344,37.34000015258789,36.20000076293945,36.45000076293945,16.14691162109375,859200
FIS,2006-06-20,36.400001525878906,36.45000076293945,35.560001373291016,35.630001068115234,15.783660888671877,585100
FIS,2006-06-21,35.56999969482422,36.09999847412109,35.5,35.959999084472656,15.929858207702637,383200
FIS,2006-06-22,35.959999084472656,36.52999877929688,35.2400016784668,35.540000915527344,15.743791580200195,475800
FIS,2006-06-23,35.41999816894531,36.060001373291016,35.150001525878906,35.95000076293945,15.925429344177246,556400
FIS,2006-06-26,35.91999816894531,36.4900016784668,35.83000183105469,36.119998931884766,16.000730514526367,859700
FIS,2006-06-27,36.09000015258789,36.13999938964844,35.400001525878906,35.470001220703125,15.712791442871094,692500
FIS,2006-06-28,35.41999816894531,35.790000915527344,35.02000045776367,35.18000030517578,15.584324836730955,512200
FIS,2006-06-29,35.279998779296875,36.25,35.04999923706055,36.20000076293945,16.036165237426758,1023200
FIS,2006-06-30,36.18999862670898,36.20000076293945,35.349998474121094,35.400001525878906,15.681777000427246,3851100
FIS,2006-07-03,35.369998931884766,35.90999984741211,35.279998779296875,35.790000915527344,15.854547500610352,795000
FIS,2006-07-05,35.79999923706055,35.900001525878906,34.93000030517578,35.13999938964844,15.566603660583496,1013500
FIS,2006-07-06,35.2599983215332,35.4900016784668,34.970001220703125,35.34000015258789,15.655202865600586,548200
FIS,2006-07-07,35.279998779296875,35.56999969482422,35.11000061035156,35.25,15.615327835083008,524400
FIS,2006-07-10,35.25,35.45000076293945,34.54999923706055,34.689998626708984,15.367255210876465,900900
FIS,2006-07-11,34.75,35.20000076293945,34.560001373291016,35.119998931884766,15.557740211486816,433400
FIS,2006-07-12,35.0,35.47999954223633,34.279998779296875,34.54999923706055,15.305235862731934,715900
FIS,2006-07-13,34.5,34.54999923706055,33.779998779296875,34.0,15.061600685119627,529300
FIS,2006-07-14,34.04999923706055,34.04999923706055,33.5,33.7400016784668,14.946417808532717,255000
FIS,2006-07-17,33.70000076293945,34.5,33.70000076293945,34.349998474121094,15.21664047241211,628800
FIS,2006-07-18,34.369998931884766,34.650001525878906,34.20000076293945,34.599998474121094,15.327387809753418,681700
FIS,2006-07-19,34.59000015258789,35.36000061035156,34.5099983215332,35.36000061035156,15.6640625,533200
FIS,2006-07-20,35.400001525878906,35.70000076293945,34.90999984741211,35.0,15.504582405090332,432900
FIS,2006-07-21,34.88999938964844,35.130001068115234,34.27000045776367,34.54999923706055,15.305235862731934,553700
FIS,2006-07-24,34.619998931884766,35.04999923706055,34.43000030517578,34.97999954223633,15.495721817016602,649100
FIS,2006-07-25,34.88999938964844,35.130001068115234,34.52000045776367,34.95000076293945,15.48243236541748,726600
FIS,2006-07-26,34.95000076293945,37.11000061035156,34.95000076293945,36.52000045776367,16.177921295166016,984700
FIS,2006-07-27,36.52000045776367,36.95000076293945,35.5,35.709999084472656,15.819108963012695,471300
FIS,2006-07-28,36.5,36.5,35.93000030517578,36.18000030517578,16.02730941772461,511000
FIS,2006-07-31,36.16999816894531,36.16999816894531,35.619998931884766,35.7400016784668,15.832399368286133,362200
FIS,2006-08-01,35.560001373291016,35.70000076293945,34.9900016784668,35.20000076293945,15.59317684173584,377500
FIS,2006-08-02,35.25,36.709999084472656,35.20000076293945,36.16999816894531,16.022886276245117,486300
FIS,2006-08-03,36.119998931884766,36.38999938964844,35.79999923706055,36.310001373291016,16.08489418029785,251600
FIS,2006-08-04,36.61000061035156,36.83000183105469,35.599998474121094,35.84000015258789,15.876694679260254,538600
FIS,2006-08-07,35.720001220703125,35.7400016784668,35.369998931884766,35.4900016784668,15.72164821624756,323600
FIS,2006-08-08,35.52000045776367,35.70000076293945,35.150001525878906,35.33000183105469,15.650772094726562,236600
FIS,2006-08-09,35.56999969482422,35.68000030517578,35.20000076293945,35.220001220703125,15.602039337158203,254000
FIS,2006-08-10,35.130001068115234,35.68000030517578,35.029998779296875,35.630001068115234,15.783660888671877,245400
FIS,2006-08-11,35.599998474121094,35.65999984741211,35.20000076293945,35.33000183105469,15.650772094726562,182300
FIS,2006-08-14,35.40999984741211,35.93000030517578,35.34000015258789,35.45000076293945,15.70393180847168,144600
FIS,2006-08-15,35.689998626708984,36.0099983215332,35.61000061035156,35.810001373291016,15.863398551940918,177800
FIS,2006-08-16,36.0,36.209999084472656,35.720001220703125,36.15999984741211,16.018451690673828,257200
FIS,2006-08-17,36.15999984741211,36.72999954223633,35.83000183105469,36.650001525878906,16.23551368713379,732300
FIS,2006-08-18,36.560001373291016,36.7400016784668,36.5,36.7400016784668,16.27538299560547,306100
FIS,2006-08-21,36.59999847412109,36.709999084472656,36.0099983215332,36.09999847412109,15.991865158081056,166400
FIS,2006-08-22,36.11000061035156,36.29999923706055,35.779998779296875,35.93000030517578,15.916563034057615,377100
FIS,2006-08-23,35.93000030517578,36.130001068115234,35.439998626708984,35.810001373291016,15.863398551940918,630700
FIS,2006-08-24,35.70000076293945,35.75,35.2400016784668,35.470001220703125,15.712791442871094,186600
FIS,2006-08-25,35.400001525878906,35.52000045776367,35.29999923706055,35.349998474121094,15.659632682800291,178200
FIS,2006-08-28,35.41999816894531,35.97999954223633,35.33000183105469,35.970001220703125,15.934280395507812,386500
FIS,2006-08-29,36.06999969482422,36.20000076293945,35.68000030517578,35.970001220703125,15.934280395507812,211700
FIS,2006-08-30,36.02999877929688,36.45000076293945,35.93000030517578,35.93000030517578,15.916563034057615,396700
FIS,2006-08-31,35.869998931884766,36.79999923706055,35.869998931884766,36.63999938964844,16.231082916259766,371800
FIS,2006-09-01,36.84000015258789,37.13999938964844,36.630001068115234,37.13999938964844,16.45257568359375,361000
FIS,2006-09-05,37.209999084472656,37.209999084472656,36.630001068115234,37.02999877929688,16.403852462768555,421100
FIS,2006-09-06,36.97999954223633,37.150001525878906,36.84000015258789,37.08000183105469,16.426000595092773,523800
FIS,2006-09-07,37.04999923706055,37.09999847412109,36.59999847412109,36.720001220703125,16.26651382446289,477500
FIS,2006-09-08,36.709999084472656,37.619998931884766,36.709999084472656,37.5,16.612056732177734,514600
FIS,2006-09-11,37.45000076293945,37.58000183105469,36.5,36.81999969482422,16.310821533203125,807100
FIS,2006-09-12,36.84999847412109,36.84999847412109,36.5,36.68999862670898,16.275331497192383,559800
FIS,2006-09-13,36.7400016784668,37.209999084472656,36.68999862670898,37.13999938964844,16.47494888305664,535000
FIS,2006-09-14,37.13999938964844,37.20000076293945,36.56999969482422,36.77000045776367,16.31081771850586,591000
FIS,2006-09-15,36.81999969482422,37.27999877929688,36.20000076293945,36.59999847412109,16.235416412353516,2363600
FIS,2006-09-18,36.41999816894531,36.93000030517578,36.34999847412109,36.470001220703125,16.17774772644043,733500
FIS,2006-09-19,36.70000076293945,36.77999877929688,36.380001068115234,36.56999969482422,16.222103118896484,622400
FIS,2006-09-20,36.79999923706055,37.22999954223633,36.52000045776367,37.13999938964844,16.47494888305664,784700
FIS,2006-09-21,37.13999938964844,37.31999969482422,36.959999084472656,37.04999923706055,16.435029983520508,542100
FIS,2006-09-22,37.0,37.150001525878906,36.470001220703125,36.70000076293945,16.279769897460938,308700
FIS,2006-09-25,36.68000030517578,37.13999938964844,36.619998931884766,36.83000183105469,16.337430953979492,585700
FIS,2006-09-26,36.83000183105469,37.43000030517578,36.75,37.40999984741211,16.594715118408203,446600
FIS,2006-09-27,37.34999847412109,37.77000045776367,37.29999923706055,37.58000183105469,16.670127868652344,423800
FIS,2006-09-28,37.58000183105469,37.70000076293945,37.18000030517578,37.40999984741211,16.594715118408203,451100
FIS,2006-09-29,37.5,37.540000915527344,36.84999847412109,37.0,16.412839889526367,473100
FIS,2006-10-02,37.04999923706055,37.11000061035156,36.59999847412109,36.65999984741211,16.26202392578125,270000
FIS,2006-10-03,36.59999847412109,36.97999954223633,36.52000045776367,36.79999923706055,16.324127197265625,416600
FIS,2006-10-04,36.65999984741211,38.04999923706055,36.52999877929688,38.04999923706055,16.878616333007812,1152700
FIS,2006-10-05,37.900001525878906,38.380001068115234,37.900001525878906,38.34000015258789,17.007261276245117,414400
FIS,2006-10-06,38.27999877929688,38.4900016784668,37.810001373291016,37.86000061035156,16.794334411621094,487300
FIS,2006-10-09,38.040000915527344,39.02999877929688,37.52999877929688,39.0,17.30002212524414,1488000
FIS,2006-10-10,38.95000076293945,39.29999923706055,38.459999084472656,38.54999923706055,17.100414276123047,1186400
FIS,2006-10-11,38.29999923706055,38.459999084472656,37.93000030517578,38.34000015258789,17.007261276245117,501000
FIS,2006-10-12,38.97999954223633,39.75,38.90999984741211,39.27999877929688,17.424232482910156,1514600
FIS,2006-10-13,39.25,39.540000915527344,39.18999862670898,39.209999084472656,17.393178939819336,757800
FIS,2006-10-16,39.22999954223633,39.400001525878906,39.08000183105469,39.34999847412109,17.45528221130371,689000
FIS,2006-10-17,39.25,39.33000183105469,38.869998931884766,39.22999954223633,17.402053833007812,477900
FIS,2006-10-18,39.25,39.38999938964844,38.9900016784668,39.20000076293945,17.38875389099121,505500
FIS,2006-10-19,39.16999816894531,39.43000030517578,39.08000183105469,39.25,17.41092300415039,353000
FIS,2006-10-20,39.25,39.4900016784668,39.06999969482422,39.400001525878906,17.47747230529785,328600
FIS,2006-10-23,39.400001525878906,39.900001525878906,39.29999923706055,39.88999938964844,17.69482421875,424400
FIS,2006-10-24,39.84999847412109,39.84999847412109,39.290000915527344,39.369998931884766,17.46415901184082,685600
FIS,2006-10-25,39.40999984741211,39.75,39.27000045776367,39.68999862670898,17.606107711791992,998700
FIS,2006-10-26,40.900001525878906,41.650001525878906,40.29999923706055,41.40999984741211,18.369081497192383,2216400
FIS,2006-10-27,41.47999954223633,41.58000183105469,40.810001373291016,40.83000183105469,18.111797332763672,1360800
FIS,2006-10-30,40.86000061035156,41.88999938964844,40.790000915527344,41.84000015258789,18.55982780456543,816500
FIS,2006-10-31,41.900001525878906,42.02999877929688,41.5099983215332,41.56999969482422,18.440052032470703,403900
FIS,2006-11-01,41.810001373291016,41.93000030517578,41.43000030517578,41.43999862670898,18.38238525390625,361200
FIS,2006-11-02,41.459999084472656,41.459999084472656,40.97999954223633,41.25,18.2981071472168,568800
FIS,2006-11-03,42.20000076293945,42.25,41.34999847412109,41.59000015258789,18.44892692565918,1421200
FIS,2006-11-06,41.52999877929688,41.7599983215332,41.470001220703125,41.58000183105469,18.44449234008789,1120600
FIS,2006-11-07,41.58000183105469,41.81999969482422,41.54999923706055,41.619998931884766,18.46223258972168,962400
FIS,2006-11-08,41.540000915527344,42.459999084472656,41.5,42.459999084472656,18.834856033325195,1434800
FIS,2006-11-09,42.41999816894531,42.619998931884766,41.22999954223633,41.34999847412109,18.34246826171875,11615100
FIS,2006-11-10,41.130001068115234,41.77000045776367,40.68000030517578,41.31999969482422,18.32915687561035,3509100
FIS,2006-11-13,41.150001525878906,41.75,41.040000915527344,41.650001525878906,18.475542068481445,1803600
FIS,2006-11-14,41.650001525878906,41.77999877929688,41.34000015258789,41.77999877929688,18.533212661743164,1342900
FIS,2006-11-15,41.84000015258789,41.900001525878906,41.59000015258789,41.75,18.51991081237793,1298100
FIS,2006-11-16,41.91999816894531,41.97999954223633,41.470001220703125,41.7400016784668,18.51546859741211,1193200
FIS,2006-11-17,41.58000183105469,41.880001068115234,41.38999938964844,41.880001068115234,18.57756423950196,1247900
FIS,2006-11-20,41.7599983215332,41.7599983215332,40.83000183105469,41.060001373291016,18.21382141113281,1484200
FIS,2006-11-21,41.060001373291016,41.45000076293945,40.93999862670898,41.040000915527344,18.2049560546875,1240300
FIS,2006-11-22,41.040000915527344,41.40999984741211,40.7599983215332,41.33000183105469,18.33359909057617,1469400
FIS,2006-11-24,41.09999847412109,41.45000076293945,40.959999084472656,41.220001220703125,18.28480339050293,427900
FIS,2006-11-27,41.09999847412109,41.16999816894531,39.45000076293945,40.0,17.743614196777344,2348800
FIS,2006-11-28,40.0,40.0,39.59000015258789,39.91999816894531,17.708127975463867,1240200
FIS,2006-11-29,39.79999923706055,40.2599983215332,39.33000183105469,40.0,17.743614196777344,2157800
FIS,2006-11-30,40.0,40.45000076293945,39.900001525878906,39.900001525878906,17.699264526367188,1446800
FIS,2006-12-01,39.900001525878906,39.93999862670898,39.34999847412109,39.7400016784668,17.62828254699707,1378400
FIS,2006-12-04,39.70000076293945,39.93999862670898,39.59000015258789,39.790000915527344,17.65045738220215,1122700
FIS,2006-12-05,39.75,39.84000015258789,39.5,39.560001373291016,17.548442840576172,853200
FIS,2006-12-06,39.58000183105469,39.93000030517578,39.400001525878906,39.90999984741211,17.703691482543945,1150200
FIS,2006-12-07,40.0,40.119998931884766,39.79999923706055,39.93000030517578,17.712570190429688,872400
FIS,2006-12-08,39.93000030517578,40.380001068115234,39.90999984741211,40.34999847412109,17.898868560791016,1653700
FIS,2006-12-11,40.38999938964844,40.72999954223633,40.29999923706055,40.56999969482422,17.996463775634766,903600
FIS,2006-12-12,41.709999084472656,41.869998931884766,40.790000915527344,40.93000030517578,18.178560256958008,1343600
FIS,2006-12-13,40.900001525878906,41.25,40.81999969482422,41.040000915527344,18.227415084838867,1128400
FIS,2006-12-14,40.880001068115234,41.459999084472656,40.84000015258789,40.90999984741211,18.16967391967773,593100
FIS,2006-12-15,40.93000030517578,41.060001373291016,40.65999984741211,40.84999847412109,18.143037796020508,1148500
FIS,2006-12-18,40.7599983215332,40.88999938964844,40.119998931884766,40.27000045776367,17.885427474975586,567000
FIS,2006-12-19,40.09999847412109,40.68000030517578,40.02000045776367,40.52999877929688,18.000905990600586,893500
FIS,2006-12-20,40.45000076293945,40.650001525878906,40.34000015258789,40.459999084472656,17.969816207885742,242900
FIS,2006-12-21,40.43000030517578,40.709999084472656,40.310001373291016,40.70000076293945,18.07641792297364,826300
FIS,2006-12-22,40.59999847412109,40.66999816894531,40.040000915527344,40.25,17.876550674438477,473500
FIS,2006-12-26,40.20000076293945,40.31999969482422,39.93999862670898,40.31999969482422,17.907629013061523,484200
FIS,2006-12-27,40.52999877929688,40.68999862670898,40.15999984741211,40.220001220703125,17.86322593688965,567300
FIS,2006-12-28,40.18000030517578,40.18000030517578,39.93999862670898,40.02999877929688,17.778841018676758,887200
FIS,2006-12-29,40.02999877929688,40.11000061035156,39.959999084472656,40.09000015258789,17.805484771728516,566100
FIS,2007-01-03,40.11000061035156,40.83000183105469,40.11000061035156,40.61000061035156,18.03644752502441,1377400
FIS,2007-01-04,40.5,40.59999847412109,40.2599983215332,40.47999954223633,17.97869873046875,943100
FIS,2007-01-05,40.45000076293945,40.54999923706055,39.9900016784668,40.34000015258789,17.916513442993164,1005000
FIS,2007-01-08,40.27999877929688,40.7599983215332,40.130001068115234,40.68000030517578,18.067533493041992,753000
FIS,2007-01-09,40.720001220703125,41.02999877929688,40.59000015258789,40.97999954223633,18.20076942443848,715200
FIS,2007-01-10,40.84999847412109,41.34999847412109,40.56999969482422,41.31999969482422,18.351776123046875,752400
FIS,2007-01-11,41.33000183105469,41.47999954223633,41.20000076293945,41.41999816894531,18.39618873596192,860300
FIS,2007-01-12,41.369998931884766,41.4900016784668,41.130001068115234,41.290000915527344,18.33845329284668,560900
FIS,2007-01-16,41.16999816894531,41.36000061035156,41.060001373291016,41.310001373291016,18.34733772277832,791700
FIS,2007-01-17,41.29999923706055,41.54999923706055,41.18999862670898,41.54999923706055,18.453935623168945,1033500
FIS,2007-01-18,41.72999954223633,41.75,41.33000183105469,41.5099983215332,18.43616104125977,642600
FIS,2007-01-19,41.52999877929688,41.63999938964844,41.38999938964844,41.59999847412109,18.47612953186035,569500
FIS,2007-01-22,41.5,41.59999847412109,41.27000045776367,41.5099983215332,18.43616104125977,651400
FIS,2007-01-23,41.47999954223633,41.560001373291016,41.33000183105469,41.54999923706055,18.453935623168945,808000
FIS,2007-01-24,41.650001525878906,42.58000183105469,41.619998931884766,42.56999969482422,18.90694808959961,1143000
FIS,2007-01-25,42.45000076293945,42.56999969482422,41.88999938964844,42.0,18.653797149658203,1306300
FIS,2007-01-26,42.0,42.09999847412109,41.810001373291016,42.0,18.653797149658203,882900
FIS,2007-01-29,42.0,42.0,41.58000183105469,41.70000076293945,18.52054786682129,1181200
FIS,2007-01-30,41.93000030517578,42.36000061035156,41.68000030517578,42.15999984741211,18.724851608276367,1679100
FIS,2007-01-31,42.09999847412109,42.59999847412109,41.95000076293945,42.52000045776367,18.88474464416504,676500
FIS,2007-02-01,42.52999877929688,42.68999862670898,42.41999816894531,42.540000915527344,18.89362335205078,674200
FIS,2007-02-02,42.560001373291016,43.150001525878906,42.41999816894531,43.02999877929688,19.111251831054688,994900
FIS,2007-02-05,42.900001525878906,43.15999984741211,42.72999954223633,43.150001525878906,19.16454696655273,1060900
FIS,2007-02-06,43.25,43.290000915527344,42.720001220703125,43.22999954223633,19.2000789642334,641700
FIS,2007-02-07,43.79999923706055,45.79999923706055,43.09999847412109,45.20000076293945,20.07503128051757,2380800
FIS,2007-02-08,45.04999923706055,45.290000915527344,44.79999923706055,45.02000045776367,19.995086669921875,1249200
FIS,2007-02-09,45.02000045776367,45.75,44.97999954223633,45.400001525878906,20.163854598999023,1661000
FIS,2007-02-12,45.5,45.68000030517578,44.91999816894531,45.13999938964844,20.048385620117188,1521000
FIS,2007-02-13,45.29999923706055,45.400001525878906,44.9900016784668,45.220001220703125,20.08391189575196,822500
FIS,2007-02-14,45.400001525878906,47.0,45.34999847412109,46.75,20.763446807861328,2522100
FIS,2007-02-15,46.72999954223633,47.25,46.45000076293945,47.0,20.87447738647461,1142700
FIS,2007-02-16,47.0,47.630001068115234,46.88999938964844,47.54999923706055,21.118757247924805,1864000
FIS,2007-02-20,47.59999847412109,47.75,47.27000045776367,47.54999923706055,21.118757247924805,1186200
FIS,2007-02-21,47.31999969482422,47.380001068115234,46.869998931884766,46.970001220703125,20.861156463623047,1021700
FIS,2007-02-22,47.150001525878906,47.29999923706055,46.650001525878906,47.0,20.87447738647461,659300
FIS,2007-02-23,46.97999954223633,47.18000030517578,46.81999969482422,47.040000915527344,20.892240524291992,472800
FIS,2007-02-26,47.290000915527344,47.31999969482422,46.52999877929688,46.790000915527344,20.781213760375977,505800
FIS,2007-02-27,46.54999923706055,46.61000061035156,45.08000183105469,45.290000915527344,20.11500358581543,1132500
FIS,2007-02-28,45.290000915527344,45.9900016784668,45.2400016784668,45.91999816894531,20.394805908203125,1970200
FIS,2007-03-01,45.5,46.630001068115234,44.7599983215332,46.290000915527344,20.55913352966309,1828100
FIS,2007-03-02,46.04999923706055,46.22999954223633,45.2599983215332,45.36000061035156,20.14609146118164,1151600
FIS,2007-03-05,44.54999923706055,45.33000183105469,44.290000915527344,44.5099983215332,19.76857566833496,1023200
FIS,2007-03-06,44.70000076293945,45.959999084472656,44.630001068115234,45.93999862670898,20.4036808013916,1472100
FIS,2007-03-07,45.900001525878906,45.900001525878906,45.25,45.5,20.2082748413086,1059600
FIS,2007-03-08,45.93000030517578,46.0,45.40999984741211,45.54999923706055,20.23047637939453,743000
FIS,2007-03-09,45.75,45.880001068115234,44.95000076293945,45.29999923706055,20.11944961547852,749100
FIS,2007-03-12,45.25,45.70000076293945,44.93000030517578,45.540000915527344,20.248380661010746,486500
FIS,2007-03-13,45.290000915527344,45.290000915527344,44.27999877929688,44.31999969482422,19.7059383392334,1624500
FIS,2007-03-14,44.56999969482422,44.56999969482422,43.310001373291016,44.130001068115234,19.6214542388916,1687000
FIS,2007-03-15,44.02000045776367,44.380001068115234,43.970001220703125,44.08000183105469,19.59923553466797,994400
FIS,2007-03-16,44.0,44.18000030517578,43.54999923706055,43.58000183105469,19.37691307067871,1210000
FIS,2007-03-19,43.83000183105469,44.11000061035156,43.61000061035156,43.810001373291016,19.47918128967285,1570300
FIS,2007-03-20,43.84999847412109,44.06999969482422,43.7400016784668,43.79999923706055,19.474733352661133,832500
FIS,2007-03-21,43.95000076293945,44.29999923706055,43.77999877929688,44.18000030517578,19.643693923950195,1173200
FIS,2007-03-22,44.20000076293945,44.400001525878906,43.84999847412109,44.040000915527344,19.581445693969727,1253700
FIS,2007-03-23,43.959999084472656,44.25,43.84999847412109,43.88999938964844,19.51474380493164,627600
FIS,2007-03-26,43.97999954223633,44.54999923706055,43.5099983215332,44.54999923706055,19.808198928833008,918400
FIS,2007-03-27,44.34000015258789,46.59999847412109,44.34000015258789,45.810001373291016,20.36844253540039,2760600
FIS,2007-03-28,45.810001373291016,46.59999847412109,45.130001068115234,45.630001068115234,20.28840065002441,1606300
FIS,2007-03-29,44.79999923706055,45.880001068115234,44.79999923706055,45.5,20.23060607910156,884700
FIS,2007-03-30,45.400001525878906,45.59999847412109,44.84999847412109,45.459999084472656,20.21281623840332,1033200
FIS,2007-04-02,46.5,47.56999969482422,45.63999938964844,47.34999847412109,21.053163528442383,1859900
FIS,2007-04-03,47.400001525878906,47.95000076293945,47.25,47.459999084472656,21.1020736694336,1030500
FIS,2007-04-04,47.459999084472656,47.72999954223633,47.400001525878906,47.650001525878906,21.186559677124023,819500
FIS,2007-04-05,47.59999847412109,47.93999862670898,47.52999877929688,47.880001068115234,21.288818359375,717400
FIS,2007-04-09,47.869998931884766,47.970001220703125,47.369998931884766,47.709999084472656,21.21323204040528,572400
FIS,2007-04-10,47.52000045776367,48.0,47.470001220703125,48.0,21.342174530029297,511600
FIS,2007-04-11,47.900001525878906,48.36000061035156,47.7599983215332,47.84000015258789,21.27103042602539,1657200
FIS,2007-04-12,47.56999969482422,47.77000045776367,47.060001373291016,47.650001525878906,21.186559677124023,1232300
FIS,2007-04-13,47.52000045776367,47.91999816894531,47.4900016784668,47.810001373291016,21.257692337036133,827300
FIS,2007-04-16,47.86000061035156,48.20000076293945,47.83000183105469,48.040000915527344,21.35995483398437,560400
FIS,2007-04-17,47.959999084472656,48.709999084472656,47.86000061035156,48.5099983215332,21.56893348693848,527400
FIS,2007-04-18,48.41999816894531,48.93000030517578,48.310001373291016,48.900001525878906,21.742340087890625,595900
FIS,2007-04-19,49.7599983215332,49.7599983215332,48.54999923706055,48.70000076293945,21.653413772583008,593800
FIS,2007-04-20,49.20000076293945,49.34000015258789,48.61000061035156,48.84999847412109,21.720104217529297,926000
FIS,2007-04-23,48.75,49.34000015258789,48.68000030517578,48.93999862670898,21.7601318359375,619600
FIS,2007-04-24,48.93000030517578,48.97999954223633,48.27000045776367,48.52999877929688,21.57782554626465,714100
FIS,2007-04-25,48.72999954223633,48.88999938964844,47.81999969482422,48.56999969482422,21.595617294311523,1286300
FIS,2007-04-26,49.56999969482422,51.900001525878906,49.380001068115234,50.790000915527344,22.582683563232425,3184700
FIS,2007-04-27,51.65999984741211,51.65999984741211,50.5,51.130001068115234,22.733863830566406,1353600
FIS,2007-04-30,51.150001525878906,51.209999084472656,50.4900016784668,50.52999877929688,22.46708297729492,2219000
FIS,2007-05-01,50.70000076293945,51.0099983215332,50.29999923706055,50.61000061035156,22.50265121459961,704500
FIS,2007-05-02,50.560001373291016,50.84999847412109,50.220001220703125,50.27000045776367,22.351482391357425,641900
FIS,2007-05-03,50.5,50.95000076293945,50.060001373291016,50.83000183105469,22.60046768188477,959600
FIS,2007-05-04,50.86000061035156,51.02000045776367,50.11000061035156,50.88999938964844,22.627159118652344,2097300
FIS,2007-05-07,50.86000061035156,51.18999862670898,50.54999923706055,50.63999938964844,22.515993118286133,526200
FIS,2007-05-08,50.43999862670898,50.58000183105469,49.77999877929688,50.220001220703125,22.32924461364746,913000
FIS,2007-05-09,50.220001220703125,50.58000183105469,50.02999877929688,50.47999954223633,22.4448471069336,795900
FIS,2007-05-10,50.47999954223633,50.65999984741211,50.09999847412109,50.2400016784668,22.3381462097168,999400
FIS,2007-05-11,50.310001373291016,50.90999984741211,50.27000045776367,50.59999847412109,22.49820327758789,1340400
FIS,2007-05-14,50.70000076293945,50.93999862670898,49.93999862670898,50.18000030517578,22.31146049499512,715800
FIS,2007-05-15,50.20000076293945,50.630001068115234,50.060001373291016,50.290000915527344,22.36037254333496,1520700
FIS,2007-05-16,50.290000915527344,50.290000915527344,49.84000015258789,50.119998931884766,22.2847843170166,594400
FIS,2007-05-17,50.310001373291016,50.63999938964844,50.2400016784668,50.2599983215332,22.347036361694336,785900
FIS,2007-05-18,50.36000061035156,50.90999984741211,50.15999984741211,50.880001068115234,22.622699737548828,961700
FIS,2007-05-21,50.77999877929688,51.02000045776367,50.720001220703125,51.02000045776367,22.68494987487793,1124100
FIS,2007-05-22,50.810001373291016,50.959999084472656,50.02999877929688,50.79999923706055,22.58713150024414,1354600
FIS,2007-05-23,50.459999084472656,50.52999877929688,49.97999954223633,50.220001220703125,22.32924461364746,1818000
FIS,2007-05-24,50.22999954223633,50.59999847412109,49.86000061035156,50.09999847412109,22.2759017944336,1291600
FIS,2007-05-25,50.04999923706055,50.36000061035156,49.88999938964844,50.130001068115234,22.289226531982425,563900
FIS,2007-05-29,50.16999816894531,50.34000015258789,49.900001525878906,50.27000045776367,22.351482391357425,788600
FIS,2007-05-30,50.16999816894531,52.13999938964844,49.88999938964844,52.13999938964844,23.18293571472168,1826800
FIS,2007-05-31,52.209999084472656,54.29999923706055,52.13999938964844,53.91999816894531,23.97437286376953,2694300
FIS,2007-06-01,53.959999084472656,54.09999847412109,53.75,53.90999984741211,23.969932556152344,1366500
FIS,2007-06-04,53.68000030517578,53.95000076293945,53.2599983215332,53.4900016784668,23.78318214416504,1209800
FIS,2007-06-05,53.09000015258789,53.41999816894531,52.83000183105469,53.369998931884766,23.729825973510746,602500
FIS,2007-06-06,53.369998931884766,53.369998931884766,52.95000076293945,53.16999816894531,23.64090347290039,1057300
FIS,2007-06-07,53.08000183105469,53.22999954223633,52.66999816894531,52.68000030517578,23.423038482666016,1170800
FIS,2007-06-08,51.459999084472656,52.29999923706055,51.45000076293945,52.2400016784668,23.227399826049805,2254000
FIS,2007-06-11,52.2400016784668,52.81999969482422,51.79999923706055,52.540000915527344,23.36079406738281,714300
FIS,2007-06-12,52.41999816894531,53.56999969482422,52.130001068115234,52.91999816894531,23.55216217041016,1525600
FIS,2007-06-13,53.29999923706055,54.4900016784668,53.290000915527344,54.4900016784668,24.250885009765625,1378000
FIS,2007-06-14,54.400001525878906,54.45000076293945,53.88999938964844,54.27999877929688,24.15742301940918,1356300
FIS,2007-06-15,54.54999923706055,54.880001068115234,53.97999954223633,54.0099983215332,24.03726959228516,1228800
FIS,2007-06-18,54.5,54.560001373291016,53.97999954223633,54.18000030517578,24.112926483154297,893300
FIS,2007-06-19,54.15999984741211,55.369998931884766,53.93999862670898,55.09000015258789,24.51793098449707,1506500
FIS,2007-06-20,55.09000015258789,55.29999923706055,54.7400016784668,54.93000030517578,24.446712493896484,963300
FIS,2007-06-21,54.91999816894531,55.11000061035156,54.4900016784668,54.83000183105469,24.402210235595703,798000
FIS,2007-06-22,54.72999954223633,54.81999969482422,53.61000061035156,53.79999923706055,23.94380760192871,1511700
FIS,2007-06-25,53.84999847412109,53.900001525878906,53.33000183105469,53.560001373291016,23.83700180053711,1053100
FIS,2007-06-26,53.56999969482422,53.66999816894531,52.77000045776367,53.09999847412109,23.63227272033692,1238500
FIS,2007-06-27,53.0,54.650001525878906,52.59000015258789,54.40999984741211,24.21528434753418,1619800
FIS,2007-06-28,54.18000030517578,54.970001220703125,54.06999969482422,54.630001068115234,24.31319999694824,777300
FIS,2007-06-29,54.43000030517578,54.70000076293945,53.77000045776367,54.27999877929688,24.15742301940918,873400
FIS,2007-07-02,54.29999923706055,55.08000183105469,54.29999923706055,54.77999877929688,24.37995338439941,802400
FIS,2007-07-03,54.81999969482422,55.04999923706055,54.56999969482422,54.70000076293945,24.344348907470703,244700
FIS,2007-07-05,54.88999938964844,56.52999877929688,54.380001068115234,56.369998931884766,25.08758544921875,1666300
FIS,2007-07-06,56.22999954223633,56.52999877929688,55.65999984741211,56.29999923706055,25.05643081665039,677700
FIS,2007-07-09,56.25,56.540000915527344,55.4900016784668,55.77000045776367,24.82055854797364,695600
FIS,2007-07-10,55.70000076293945,55.79999923706055,55.130001068115234,55.16999816894531,24.553525924682617,497000
FIS,2007-07-11,55.16999816894531,56.18999862670898,55.09000015258789,55.91999816894531,24.887317657470703,720700
FIS,2007-07-12,56.18999862670898,56.619998931884766,55.790000915527344,56.619998931884766,25.1988468170166,761300
FIS,2007-07-13,56.630001068115234,57.20000076293945,56.59000015258789,56.93999862670898,25.34126853942871,448800
FIS,2007-07-16,56.09999847412109,57.79999923706055,56.09999847412109,57.66999816894531,25.666156768798828,1059200
FIS,2007-07-17,57.380001068115234,57.41999816894531,56.650001525878906,56.70000076293945,25.23445510864257,1087000
FIS,2007-07-18,56.810001373291016,57.09000015258789,56.150001525878906,56.70000076293945,25.23445510864257,756200
FIS,2007-07-19,56.900001525878906,57.45000076293945,56.869998931884766,57.38999938964844,25.54155158996582,587400
FIS,2007-07-20,57.400001525878906,57.400001525878906,56.04999923706055,56.2400016784668,25.02972412109375,891700
FIS,2007-07-23,56.150001525878906,56.66999816894531,56.09000015258789,56.27999877929688,25.04753303527832,731400
FIS,2007-07-24,56.06999969482422,56.56999969482422,55.560001373291016,55.84000015258789,24.851707458496094,870700
FIS,2007-07-25,54.0,55.84999847412109,53.220001220703125,54.79999923706055,24.388856887817383,2037900
FIS,2007-07-26,54.29999923706055,54.29999923706055,51.52999877929688,52.43000030517578,23.33407592773437,2379000
FIS,2007-07-27,52.11000061035156,52.13999938964844,50.470001220703125,50.5099983215332,22.479581832885746,2596300
FIS,2007-07-30,50.900001525878906,51.09999847412109,49.72999954223633,50.83000183105469,22.622005462646484,2646700
FIS,2007-07-31,51.18000030517578,51.540000915527344,49.619998931884766,49.630001068115234,22.08794212341309,2550300
FIS,2007-08-01,50.400001525878906,51.41999816894531,49.29999923706055,49.709999084472656,22.123544692993164,3642600
FIS,2007-08-02,50.0099983215332,50.790000915527344,49.619998931884766,50.52999877929688,22.48849105834961,1491000
FIS,2007-08-03,50.25,50.86000061035156,49.33000183105469,49.380001068115234,21.976675033569336,1695300
FIS,2007-08-06,49.709999084472656,50.34999847412109,48.59000015258789,49.88999938964844,22.203649520874023,2134000
FIS,2007-08-07,49.02000045776367,50.5099983215332,48.56999969482422,49.810001373291016,22.16805076599121,2575400
FIS,2007-08-08,50.22999954223633,53.2400016784668,49.959999084472656,50.79999923706055,22.608642578125,2337400
FIS,2007-08-09,50.0,51.400001525878906,49.709999084472656,49.709999084472656,22.123544692993164,2076700
FIS,2007-08-10,49.59000015258789,50.22999954223633,47.61000061035156,49.54999923706055,22.052335739135746,1199100
FIS,2007-08-13,49.79999923706055,50.900001525878906,49.27000045776367,49.45000076293945,22.00782966613769,1112400
FIS,2007-08-14,49.5,49.720001220703125,48.15999984741211,48.22999954223633,21.4648666381836,845100
FIS,2007-08-15,48.27999877929688,49.18000030517578,46.7599983215332,46.97999954223633,20.908557891845703,1200900
FIS,2007-08-16,46.22999954223633,47.34000015258789,43.59999847412109,47.04999923706055,20.939701080322266,2565400
FIS,2007-08-17,47.0,48.66999816894531,45.880001068115234,48.060001373291016,21.38920783996582,2044300
FIS,2007-08-20,48.060001373291016,48.630001068115234,47.310001373291016,48.06999969482422,21.393659591674805,806500
FIS,2007-08-21,48.0,48.810001373291016,47.9900016784668,48.34999847412109,21.518266677856445,1405000
FIS,2007-08-22,49.0,49.2400016784668,47.93999862670898,48.060001373291016,21.38920783996582,1108000
FIS,2007-08-23,48.25,48.54999923706055,47.650001525878906,47.75,21.251235961914062,1302800
FIS,2007-08-24,47.63999938964844,48.209999084472656,47.5,48.209999084472656,21.45596504211425,851600
FIS,2007-08-27,48.09999847412109,48.34000015258789,47.619998931884766,47.7400016784668,21.24678421020508,327100
FIS,2007-08-28,47.54999923706055,47.68000030517578,46.38999938964844,46.4900016784668,20.69047164916992,584400
FIS,2007-08-29,46.81999969482422,47.380001068115234,46.58000183105469,47.20000076293945,21.0064640045166,616800
FIS,2007-08-30,46.84999847412109,47.5,46.63999938964844,46.959999084472656,20.89965057373047,510600
FIS,2007-08-31,47.5,47.59000015258789,46.810001373291016,47.400001525878906,21.09547996520996,613000
FIS,2007-09-04,47.81999969482422,48.5099983215332,47.560001373291016,48.16999816894531,21.43815422058105,1354500
FIS,2007-09-05,47.68999862670898,48.150001525878906,47.43999862670898,48.0,21.36250877380371,7912700
FIS,2007-09-06,47.29999923706055,47.29999923706055,46.18999862670898,47.02000045776367,20.926353454589844,1786100
FIS,2007-09-07,46.02000045776367,46.66999816894531,44.880001068115234,44.91999816894531,19.99174118041992,1997400
FIS,2007-09-10,44.400001525878906,45.310001373291016,44.369998931884766,44.68999862670898,19.889381408691406,2371300
FIS,2007-09-11,44.47999954223633,44.97999954223633,43.52999877929688,44.97999954223633,20.04086685180664,1990300
FIS,2007-09-12,44.93999862670898,46.209999084472656,44.93999862670898,45.650001525878906,20.339385986328125,1362300
FIS,2007-09-13,46.04999923706055,46.04999923706055,45.52999877929688,45.77000045776367,20.39285087585449,951700
FIS,2007-09-14,45.40999984741211,46.380001068115234,45.22999954223633,46.290000915527344,20.624536514282227,1220400
FIS,2007-09-17,45.93000030517578,45.93000030517578,44.34000015258789,44.459999084472656,19.80917930603028,2733000
FIS,2007-09-18,44.70000076293945,45.09999847412109,44.0099983215332,45.06999969482422,20.08097076416016,2109000
FIS,2007-09-19,45.2599983215332,46.29999923706055,44.970001220703125,46.09999847412109,20.53988647460937,2837800
FIS,2007-09-20,46.0099983215332,46.20000076293945,45.72999954223633,45.9900016784668,20.490873336791992,1307000
FIS,2007-09-21,46.08000183105469,46.20000076293945,45.119998931884766,45.119998931884766,20.103242874145508,2271500
FIS,2007-09-24,44.900001525878906,45.08000183105469,44.15999984741211,44.27999877929688,19.728984832763672,1510800
FIS,2007-09-25,44.0099983215332,44.66999816894531,44.0,44.61000061035156,19.876012802124023,2148000
FIS,2007-09-26,44.959999084472656,45.220001220703125,44.65999984741211,44.84999847412109,19.982948303222656,1869800
FIS,2007-09-27,45.11000061035156,45.25,44.720001220703125,44.84000015258789,19.97848892211914,915900
FIS,2007-09-28,44.650001525878906,44.84000015258789,44.02999877929688,44.369998931884766,19.769086837768555,2014900
FIS,2007-10-01,44.709999084472656,44.790000915527344,44.06999969482422,44.290000915527344,19.733442306518555,2715000
FIS,2007-10-02,44.290000915527344,44.5099983215332,44.11000061035156,44.41999816894531,19.79135131835937,1275000
FIS,2007-10-03,44.0,44.54999923706055,43.709999084472656,44.2400016784668,19.711164474487305,3741200
FIS,2007-10-04,44.400001525878906,44.65999984741211,44.22999954223633,44.65999984741211,19.898292541503903,2023400
FIS,2007-10-05,44.97999954223633,46.560001373291016,44.90999984741211,46.18999862670898,20.579980850219727,3420700
FIS,2007-10-08,46.04999923706055,46.209999084472656,45.93000030517578,46.15999984741211,20.56662368774414,979800
FIS,2007-10-09,46.380001068115234,47.810001373291016,46.20000076293945,47.56999969482422,21.1948471069336,1632000
FIS,2007-10-10,47.52999877929688,47.52999877929688,46.81999969482422,47.04999923706055,20.96315574645996,3460400
FIS,2007-10-11,47.09000015258789,48.290000915527344,46.93000030517578,47.13999938964844,21.00325393676757,2131100
FIS,2007-10-12,47.459999084472656,48.29999923706055,47.36000061035156,47.86000061035156,21.32404899597168,1148900
FIS,2007-10-15,48.0,48.060001373291016,46.880001068115234,47.20000076293945,21.029993057250977,2216100
FIS,2007-10-16,47.119998931884766,47.209999084472656,46.75,47.130001068115234,20.998804092407227,1715000
FIS,2007-10-17,47.66999816894531,47.66999816894531,46.52000045776367,47.18999862670898,21.025529861450195,2800800
FIS,2007-10-18,47.18000030517578,47.52999877929688,46.95000076293945,47.13999938964844,21.00325393676757,891800
FIS,2007-10-19,47.0,47.27000045776367,46.560001373291016,46.75,20.829484939575195,1313700
FIS,2007-10-22,46.369998931884766,47.4900016784668,46.16999816894531,47.08000183105469,20.97652816772461,2162700
FIS,2007-10-23,47.54999923706055,47.54999923706055,46.810001373291016,47.09999847412109,20.98543739318848,1410800
FIS,2007-10-24,47.0,47.11000061035156,46.630001068115234,46.650001525878906,20.78494071960449,3050900
FIS,2007-10-25,48.06999969482422,48.4900016784668,46.209999084472656,46.220001220703125,20.59335327148437,4190500
FIS,2007-10-26,46.720001220703125,46.720001220703125,44.869998931884766,45.54999923706055,20.294824600219727,2045400
FIS,2007-10-29,45.63999938964844,45.75,45.38999938964844,45.5099983215332,20.27701187133789,1080600
FIS,2007-10-30,45.400001525878906,45.84000015258789,45.29999923706055,45.36000061035156,20.210174560546875,813600
FIS,2007-10-31,45.52999877929688,46.15999984741211,44.4900016784668,46.08000183105469,20.53098487854004,1276200
FIS,2007-11-01,45.869998931884766,46.02999877929688,44.880001068115234,44.970001220703125,20.03640937805176,949500
FIS,2007-11-02,45.15999984741211,45.15999984741211,43.220001220703125,43.68000030517578,19.46165657043457,2627700
FIS,2007-11-05,42.93000030517578,43.970001220703125,42.93000030517578,43.63999938964844,19.443830490112305,1541200
FIS,2007-11-06,43.58000183105469,43.93000030517578,42.970001220703125,43.77999877929688,19.506208419799805,905000
FIS,2007-11-07,43.22999954223633,43.560001373291016,42.20000076293945,42.22999954223633,18.81560707092285,1464300
FIS,2007-11-08,42.27000045776367,42.5099983215332,40.43999862670898,41.5,18.4903564453125,1867900
FIS,2007-11-09,41.0,42.27000045776367,40.93000030517578,41.77999877929688,18.6151065826416,1914100
FIS,2007-11-12,43.79999923706055,43.79999923706055,42.650001525878906,42.900001525878906,19.11412239074707,1650500
FIS,2007-11-13,43.16999816894531,43.75,42.720001220703125,43.72999954223633,19.483924865722656,1927800
FIS,2007-11-14,43.75,43.88999938964844,43.18999862670898,43.36000061035156,19.319080352783203,982700
FIS,2007-11-15,43.09999847412109,43.77999877929688,42.97999954223633,43.2400016784668,19.265605926513672,1213600
FIS,2007-11-16,43.43999862670898,43.68999862670898,42.61000061035156,42.970001220703125,19.14531517028809,2231300
FIS,2007-11-19,43.0,44.11000061035156,42.45000076293945,42.790000915527344,19.06511116027832,1784700
FIS,2007-11-20,42.77000045776367,43.18999862670898,41.75,42.5,18.93590545654297,1162700
FIS,2007-11-21,42.38999938964844,42.93999862670898,41.81999969482422,42.47999954223633,18.926986694335938,1107800
FIS,2007-11-23,42.68000030517578,42.93000030517578,42.2400016784668,42.88999938964844,19.10966682434082,295900
FIS,2007-11-26,42.810001373291016,43.619998931884766,42.4900016784668,42.52000045776367,18.944812774658203,1484100
FIS,2007-11-27,42.65999984741211,43.2599983215332,42.369998931884766,42.959999084472656,19.140853881835938,1552800
FIS,2007-11-28,43.060001373291016,43.72999954223633,43.04999923706055,43.720001220703125,19.479473114013672,956500
FIS,2007-11-29,43.52000045776367,43.869998931884766,43.34999847412109,43.720001220703125,19.479473114013672,625600
FIS,2007-11-30,44.0,44.209999084472656,42.79999923706055,43.220001220703125,19.25670051574707,1504200
FIS,2007-12-03,43.400001525878906,43.41999816894531,42.88999938964844,43.06999969482422,19.18986892700196,706300
FIS,2007-12-04,42.72999954223633,43.02999877929688,42.61000061035156,42.68999862670898,19.02055549621582,1175100
FIS,2007-12-05,43.15999984741211,44.18999862670898,42.93000030517578,44.18999862670898,19.68888664245605,5418100
FIS,2007-12-06,44.16999816894531,44.4900016784668,43.91999816894531,44.22999954223633,19.706707000732425,3025800
FIS,2007-12-07,44.31999969482422,44.970001220703125,44.22999954223633,44.900001525878906,20.00522232055664,2053100
FIS,2007-12-10,45.0,45.56999969482422,44.61000061035156,45.29999923706055,20.18344497680664,636000
FIS,2007-12-11,45.459999084472656,45.47999954223633,43.59999847412109,43.70000076293945,19.49208068847656,1011400
FIS,2007-12-12,44.77000045776367,44.900001525878906,42.90999984741211,43.630001068115234,19.46084785461425,1127700
FIS,2007-12-13,43.33000183105469,43.86000061035156,42.84999847412109,43.34999847412109,19.3359603881836,522900
FIS,2007-12-14,43.040000915527344,43.7400016784668,42.95000076293945,43.5099983215332,19.40732765197754,701900
FIS,2007-12-17,43.52000045776367,43.52000045776367,42.790000915527344,42.9900016784668,19.175386428833008,854400
FIS,2007-12-18,43.47999954223633,43.560001373291016,42.41999816894531,42.59000015258789,18.996965408325195,860700
FIS,2007-12-19,42.66999816894531,42.77000045776367,42.119998931884766,42.13999938964844,18.796255111694336,1400200
FIS,2007-12-20,42.45000076293945,42.709999084472656,42.15999984741211,42.560001373291016,18.98359107971192,685200
FIS,2007-12-21,42.79999923706055,43.09999847412109,42.130001068115234,42.27000045776367,18.8542423248291,2491400
FIS,2007-12-24,42.31999969482422,43.02000045776367,42.31999969482422,42.790000915527344,19.08617782592773,270300
FIS,2007-12-26,42.66999816894531,42.72999954223633,41.88999938964844,42.380001068115234,18.903301239013672,931000
FIS,2007-12-27,42.290000915527344,42.33000183105469,41.52000045776367,41.52000045776367,18.51970291137696,856800
FIS,2007-12-28,42.0099983215332,42.060001373291016,41.41999816894531,42.0099983215332,18.738265991210938,869600
FIS,2007-12-31,41.79999923706055,41.900001525878906,41.4900016784668,41.59000015258789,18.55092430114746,884100
FIS,2008-01-02,41.40999984741211,42.040000915527344,40.27000045776367,40.31999969482422,17.984447479248047,1966400
FIS,2008-01-03,40.369998931884766,40.709999084472656,40.15999984741211,40.540000915527344,18.08258438110352,1290100
FIS,2008-01-04,40.38999938964844,40.68000030517578,39.63999938964844,39.869998931884766,17.78373146057129,2180000
FIS,2008-01-07,40.04999923706055,40.119998931884766,38.40999984741211,38.61000061035156,17.22171401977539,3180200
FIS,2008-01-08,38.720001220703125,39.369998931884766,37.970001220703125,38.060001373291016,16.976398468017578,2333300
FIS,2008-01-09,37.84999847412109,38.54999923706055,37.709999084472656,38.400001525878906,17.128053665161133,1430500
FIS,2008-01-10,38.2599983215332,38.84000015258789,37.59000015258789,37.7599983215332,16.84258270263672,1990400
FIS,2008-01-11,37.380001068115234,37.97999954223633,36.91999816894531,37.209999084472656,16.59725570678711,2281800
FIS,2008-01-14,37.52999877929688,38.65999984741211,36.619998931884766,38.4900016784668,17.16819190979004,3199500
FIS,2008-01-15,37.88999938964844,38.060001373291016,36.93000030517578,36.9900016784668,16.49912452697754,2296000
FIS,2008-01-16,37.09000015258789,37.97999954223633,36.81999969482422,37.45000076293945,16.70430564880371,2544100
FIS,2008-01-17,37.5,38.08000183105469,37.41999816894531,37.93000030517578,16.918415069580078,3140800
FIS,2008-01-18,38.13999938964844,38.97999954223633,37.7599983215332,38.45000076293945,17.150344848632812,2852800
FIS,2008-01-22,37.040000915527344,38.61000061035156,37.040000915527344,38.119998931884766,17.003156661987305,1498000
FIS,2008-01-23,37.34000015258789,39.06999969482422,36.38999938964844,39.0099983215332,17.40013313293457,4196100
FIS,2008-01-24,39.36000061035156,40.400001525878906,38.90999984741211,40.310001373291016,17.979990005493164,2248400
FIS,2008-01-25,40.400001525878906,41.15999984741211,39.79999923706055,40.16999816894531,17.91754150390625,2169800
FIS,2008-01-28,39.65999984741211,41.43000030517578,39.65999984741211,41.36000061035156,18.44833374023437,2036800
FIS,2008-01-29,41.47999954223633,42.630001068115234,41.27000045776367,42.150001525878906,18.80071258544922,2410400
FIS,2008-01-30,42.18000030517578,42.25,41.43000030517578,41.59999847412109,18.555389404296875,2138100
FIS,2008-01-31,40.86000061035156,42.709999084472656,40.86000061035156,42.41999816894531,18.921142578125,1705100
FIS,2008-02-01,42.33000183105469,43.83000183105469,42.08000183105469,43.47999954223633,19.393945693969727,2316700
FIS,2008-02-04,43.52999877929688,43.54999923706055,42.97999954223633,43.5,19.402868270874023,1905400
FIS,2008-02-05,42.81999969482422,43.11000061035156,41.810001373291016,42.33000183105469,18.88099479675293,1324600
FIS,2008-02-06,42.540000915527344,43.560001373291016,41.959999084472656,41.9900016784668,18.729341506958008,1856200
FIS,2008-02-07,41.93999862670898,42.18999862670898,41.400001525878906,41.95000076293945,18.711509704589844,1519000
FIS,2008-02-08,41.869998931884766,42.34000015258789,41.310001373291016,41.59000015258789,18.55092430114746,1522600
FIS,2008-02-11,41.560001373291016,42.40999984741211,41.47999954223633,42.11000061035156,18.78286361694336,1120100
FIS,2008-02-12,42.09000015258789,42.81999969482422,41.810001373291016,42.58000183105469,18.992507934570312,1257400
FIS,2008-02-13,43.0099983215332,43.119998931884766,42.459999084472656,42.70000076293945,19.04603385925293,1600100
FIS,2008-02-14,40.63999938964844,41.060001373291016,39.75,40.59999847412109,18.10934066772461,4963600
FIS,2008-02-15,40.52000045776367,42.04999923706055,40.34999847412109,42.040000915527344,18.75165557861328,1540500
FIS,2008-02-19,41.84999847412109,42.119998931884766,40.45000076293945,40.650001525878906,18.13164520263672,1883700
FIS,2008-02-20,40.45000076293945,41.5099983215332,40.09000015258789,41.40999984741211,18.47064971923828,1248600
FIS,2008-02-21,41.7400016784668,42.06999969482422,41.310001373291016,41.560001373291016,18.53755187988281,986100
FIS,2008-02-22,41.79999923706055,41.79999923706055,40.7599983215332,41.52000045776367,18.51970291137696,837600
FIS,2008-02-25,41.68999862670898,42.36000061035156,41.33000183105469,42.29999923706055,18.86760902404785,815000
FIS,2008-02-26,42.209999084472656,42.869998931884766,41.77999877929688,42.45000076293945,18.93451690673828,1051600
FIS,2008-02-27,42.08000183105469,42.86000061035156,42.08000183105469,42.59999847412109,19.00143241882324,979500
FIS,2008-02-28,42.0,42.33000183105469,41.619998931884766,42.25,18.845319747924805,1127100
FIS,2008-02-29,41.9900016784668,42.18999862670898,41.27999877929688,41.4900016784668,18.506324768066406,1373700
FIS,2008-03-03,41.36000061035156,41.5,40.630001068115234,41.0099983215332,18.292221069335938,927700
FIS,2008-03-04,40.61000061035156,41.0,40.310001373291016,40.79999923706055,18.198549270629883,859600
FIS,2008-03-05,40.970001220703125,41.83000183105469,40.900001525878906,41.11000061035156,18.33682441711425,1596500
FIS,2008-03-06,41.11000061035156,41.15999984741211,40.06999969482422,40.09000015258789,17.881868362426758,1151300
FIS,2008-03-07,39.84999847412109,39.900001525878906,38.56999969482422,39.0,17.395671844482422,1851700
FIS,2008-03-10,39.02999877929688,39.33000183105469,38.150001525878906,38.290000915527344,17.07898712158203,1424700
FIS,2008-03-11,39.18000030517578,39.40999984741211,38.54999923706055,39.40999984741211,17.60154151916504,1530000
FIS,2008-03-12,39.54999923706055,39.72999954223633,38.970001220703125,39.08000183105469,17.454147338867188,1029000
FIS,2008-03-13,38.560001373291016,39.13999938964844,38.02999877929688,38.88999938964844,17.36928939819336,1746700
FIS,2008-03-14,38.959999084472656,39.0,37.290000915527344,37.66999816894531,16.82440948486328,1967900
FIS,2008-03-17,37.0099983215332,37.41999816894531,35.72999954223633,36.310001373291016,16.21700096130371,2401600
FIS,2008-03-18,36.970001220703125,37.27000045776367,36.47999954223633,37.25,16.636821746826172,2746200
FIS,2008-03-19,37.25,38.84000015258789,36.470001220703125,37.95000076293945,16.949464797973633,4001300
FIS,2008-03-20,37.9900016784668,38.75,37.630001068115234,38.75,17.306760787963867,1887700
FIS,2008-03-24,38.9900016784668,40.369998931884766,38.84999847412109,40.20000076293945,17.954374313354492,1548900
FIS,2008-03-25,40.40999984741211,40.72999954223633,39.9900016784668,40.13999938964844,17.92757797241211,6168400
FIS,2008-03-26,39.83000183105469,39.83000183105469,38.7400016784668,39.0,17.41841697692871,1926200
FIS,2008-03-27,39.2400016784668,39.459999084472656,38.209999084472656,38.43999862670898,17.168310165405273,2110400
FIS,2008-03-28,38.68999862670898,38.68999862670898,37.72999954223633,37.84999847412109,16.904800415039062,800500
FIS,2008-03-31,37.470001220703125,38.16999816894531,37.470001220703125,38.13999938964844,17.03432273864746,1959200
FIS,2008-04-01,38.45000076293945,38.45000076293945,37.54999923706055,38.0,16.97179412841797,2469400
FIS,2008-04-02,38.13999938964844,38.84999847412109,37.709999084472656,37.84000015258789,16.900327682495117,2141200
FIS,2008-04-03,37.77999877929688,38.16999816894531,37.43999862670898,37.72999954223633,16.851207733154297,1540200
FIS,2008-04-04,37.90999984741211,38.27000045776367,37.68000030517578,38.150001525878906,17.03879165649414,1535500
FIS,2008-04-07,38.27999877929688,38.27999877929688,37.63999938964844,37.70000076293945,16.837810516357422,1021600
FIS,2008-04-08,37.810001373291016,37.869998931884766,37.06999969482422,37.130001068115234,16.583232879638672,1928800
FIS,2008-04-09,37.09000015258789,37.400001525878906,36.31999969482422,36.52999877929688,16.31524658203125,1383000
FIS,2008-04-10,36.459999084472656,36.650001525878906,35.84000015258789,36.119998931884766,16.13214111328125,1727800
FIS,2008-04-11,35.7400016784668,35.970001220703125,35.220001220703125,35.22999954223633,15.734639167785645,1391400
FIS,2008-04-14,35.150001525878906,35.150001525878906,34.11000061035156,34.90999984741211,15.591716766357422,2994400
FIS,2008-04-15,35.060001373291016,35.310001373291016,34.47999954223633,34.900001525878906,15.587249755859377,2109300
FIS,2008-04-16,35.119998931884766,36.290000915527344,34.900001525878906,35.93000030517578,16.047283172607422,1701200
FIS,2008-04-17,35.88999938964844,36.220001220703125,35.79999923706055,35.91999816894531,16.042814254760742,1301100
FIS,2008-04-18,36.33000183105469,38.400001525878906,36.310001373291016,38.06999969482422,17.003055572509766,2800800
FIS,2008-04-21,38.06999969482422,38.06999969482422,37.5099983215332,37.97999954223633,16.96286392211914,1473400
FIS,2008-04-22,37.75,38.040000915527344,36.959999084472656,37.27000045776367,16.645767211914062,1114200
FIS,2008-04-23,37.66999816894531,38.06999969482422,37.31999969482422,37.97999954223633,16.96286392211914,1679500
FIS,2008-04-24,38.09999847412109,38.5099983215332,37.84000015258789,38.43000030517578,17.163841247558594,1783600
FIS,2008-04-25,36.93000030517578,37.310001373291016,35.599998474121094,36.380001068115234,16.248268127441406,6759100
FIS,2008-04-28,36.58000183105469,37.47999954223633,36.33000183105469,37.0099983215332,16.529630661010742,2778000
FIS,2008-04-29,37.040000915527344,37.040000915527344,36.02000045776367,36.33000183105469,16.22593879699707,3063900
FIS,2008-04-30,36.2400016784668,36.43999862670898,35.790000915527344,36.060001373291016,16.10533905029297,2862400
FIS,2008-05-01,36.09999847412109,37.130001068115234,36.0099983215332,37.040000915527344,16.543033599853516,3656200
FIS,2008-05-02,37.52000045776367,37.7400016784668,37.2400016784668,37.4900016784668,16.7440185546875,1250200
FIS,2008-05-05,37.09000015258789,37.66999816894531,37.02999877929688,37.220001220703125,16.62342643737793,1042100
FIS,2008-05-06,36.93000030517578,38.09999847412109,36.88999938964844,37.959999084472656,16.953927993774414,1884600
FIS,2008-05-07,38.02000045776367,38.2599983215332,37.18999862670898,37.29999923706055,16.659156799316406,1158300
FIS,2008-05-08,37.27999877929688,37.61000061035156,37.16999816894531,37.34000015258789,16.67702293395996,1073400
FIS,2008-05-09,36.79999923706055,37.27999877929688,36.75,37.0,16.525169372558594,892800
FIS,2008-05-12,36.97999954223633,37.63999938964844,36.97999954223633,37.52999877929688,16.76188087463379,985200
FIS,2008-05-13,37.25,38.27000045776367,37.25,38.16999816894531,17.047712326049805,1964400
FIS,2008-05-14,38.459999084472656,39.40999984741211,38.16999816894531,39.11000061035156,17.467546463012695,2539000
FIS,2008-05-15,39.09999847412109,39.79999923706055,38.79999923706055,39.709999084472656,17.735523223876953,1344200
FIS,2008-05-16,39.630001068115234,39.79999923706055,38.70000076293945,39.220001220703125,17.51667594909668,1519400
FIS,2008-05-19,39.31999969482422,40.0,39.09999847412109,39.380001068115234,17.58814239501953,993900
FIS,2008-05-20,39.27000045776367,39.27000045776367,38.540000915527344,38.79999923706055,17.3291015625,888800
FIS,2008-05-21,38.900001525878906,39.290000915527344,38.7599983215332,38.869998931884766,17.3603572845459,1508000
FIS,2008-05-22,38.880001068115234,39.150001525878906,38.61000061035156,38.880001068115234,17.364824295043945,1077300
FIS,2008-05-23,38.66999816894531,38.959999084472656,38.040000915527344,38.119998931884766,17.025388717651367,851700
FIS,2008-05-27,38.27999877929688,39.02000045776367,38.27999877929688,38.95000076293945,17.39609146118164,757600
FIS,2008-05-28,39.34999847412109,40.52999877929688,39.209999084472656,40.18000030517578,17.94544219970703,2724200
FIS,2008-05-29,40.29999923706055,41.95000076293945,40.29999923706055,40.5,18.088363647460938,4951700
FIS,2008-05-30,40.77999877929688,41.0099983215332,40.22999954223633,40.27999877929688,17.990110397338867,3151000
FIS,2008-06-02,40.400001525878906,40.70000076293945,40.11000061035156,40.34000015258789,18.01689910888672,2234700
FIS,2008-06-03,40.31999969482422,40.54999923706055,39.970001220703125,40.25,17.97670555114746,1577500
FIS,2008-06-04,40.25,41.2599983215332,40.16999816894531,41.150001525878906,18.378671646118164,2854900
FIS,2008-06-05,41.36000061035156,42.15999984741211,41.08000183105469,42.15999984741211,18.82975578308105,2100800
FIS,2008-06-06,41.52999877929688,41.869998931884766,39.90999984741211,40.11000061035156,17.91417694091797,3245000
FIS,2008-06-09,39.58000183105469,40.0,38.27999877929688,38.63999938964844,17.25762939453125,3148900
FIS,2008-06-10,38.29999923706055,39.709999084472656,38.130001068115234,39.06999969482422,17.44968032836914,1915100
FIS,2008-06-11,38.81999969482422,39.56999969482422,38.400001525878906,38.400001525878906,17.17242431640625,2207500
FIS,2008-06-12,38.540000915527344,39.5,38.540000915527344,39.130001068115234,17.49887466430664,1537700
FIS,2008-06-13,39.36000061035156,40.04999923706055,39.34000015258789,39.9900016784668,17.88346290588379,1316400
FIS,2008-06-16,39.650001525878906,40.02999877929688,39.34000015258789,39.810001373291016,17.802978515625,686900
FIS,2008-06-17,40.06999969482422,40.06999969482422,39.310001373291016,39.36000061035156,17.601734161376953,781200
FIS,2008-06-18,39.38999938964844,39.43999862670898,38.650001525878906,38.79999923706055,17.351303100585938,762400
FIS,2008-06-19,38.81999969482422,39.41999816894531,38.630001068115234,39.34999847412109,17.59725570678711,1139100
FIS,2008-06-20,40.20000076293945,40.20000076293945,38.36000061035156,38.5,17.217140197753906,1425600
FIS,2008-06-23,38.54999923706055,38.619998931884766,37.81999969482422,37.93000030517578,16.962242126464844,840100
FIS,2008-06-24,37.619998931884766,38.04999923706055,37.38999938964844,37.650001525878906,16.837020874023438,951400
FIS,2008-06-25,37.68000030517578,38.66999816894531,37.68000030517578,38.27999877929688,17.118755340576172,1454200
FIS,2008-06-26,37.77000045776367,37.95000076293945,36.970001220703125,37.13999938964844,16.60895538330078,1030100
FIS,2008-06-27,37.310001373291016,37.52000045776367,36.630001068115234,36.970001220703125,16.532934188842773,1812700
FIS,2008-06-30,37.15999984741211,37.59999847412109,36.52000045776367,36.90999984741211,16.50609016418457,1344900
FIS,2008-07-01,36.5099983215332,37.13999938964844,36.38999938964844,37.11000061035156,16.595535278320312,1510100
FIS,2008-07-02,37.0,37.5,36.95000076293945,37.25,16.658140182495117,2317800
FIS,2008-07-03,20.36000061035156,20.84000015258789,19.959999084472656,20.13999938964844,16.168441772460938,2640800
FIS,2008-07-07,20.239999771118164,20.540000915527344,19.63999938964844,19.739999771118164,15.847315788269045,3991400
FIS,2008-07-08,19.780000686645508,21.1200008392334,19.729999542236328,21.049999237060547,16.898983001708984,3718000
FIS,2008-07-09,21.06999969482422,22.13999938964844,21.06999969482422,21.76000022888184,17.468971252441406,4075900
FIS,2008-07-10,21.799999237060547,21.850000381469727,20.690000534057617,21.0,16.858844757080078,3222200
FIS,2008-07-11,20.89999961853028,21.15999984741211,20.540000915527344,20.799999237060547,16.69827651977539,1906500
FIS,2008-07-14,21.01000022888184,21.020000457763672,20.299999237060547,20.3700008392334,16.353078842163086,2741900
FIS,2008-07-15,20.170000076293945,20.690000534057617,18.799999237060547,19.770000457763672,15.871394157409668,3756000
FIS,2008-07-16,19.76000022888184,20.059999465942383,19.21999931335449,20.0,16.05604362487793,3500800
FIS,2008-07-17,19.89999961853028,20.93000030517578,19.86000061035156,20.559999465942383,16.50560760498047,2959400
FIS,2008-07-18,20.57999992370605,20.84000015258789,19.700000762939453,20.84000015258789,16.73039436340332,2062400
FIS,2008-07-21,20.31999969482422,20.530000686645508,18.43000030517578,19.84000015258789,15.92758560180664,3293800
FIS,2008-07-22,20.489999771118164,20.489999771118164,19.63999938964844,20.39999961853028,16.377164840698242,2034900
FIS,2008-07-23,20.920000076293945,21.200000762939453,20.309999465942383,20.51000022888184,16.46546745300293,1732200
FIS,2008-07-24,20.670000076293945,20.670000076293945,20.049999237060547,20.1200008392334,16.152379989624023,1196900
FIS,2008-07-25,20.26000022888184,20.270000457763672,19.40999984741211,19.559999465942383,15.702810287475586,2006800
FIS,2008-07-28,19.549999237060547,19.76000022888184,19.3799991607666,19.43000030517578,15.598444938659668,1408300
FIS,2008-07-29,19.36000061035156,20.11000061035156,19.36000061035156,20.11000061035156,16.144350051879883,2091600
FIS,2008-07-30,20.1200008392334,20.25,19.3700008392334,19.700000762939453,15.815205574035645,2091300
FIS,2008-07-31,19.520000457763672,19.700000762939453,18.809999465942383,18.950000762939453,15.21309757232666,3341500
FIS,2008-08-01,18.88999938964844,19.25,18.709999084472656,19.1299991607666,15.35760498046875,1894300
FIS,2008-08-04,18.950000762939453,19.170000076293945,18.790000915527344,18.96999931335449,15.229156494140623,2108800
FIS,2008-08-05,18.90999984741211,19.13999938964844,18.63999938964844,18.96999931335449,15.229156494140623,3211300
FIS,2008-08-06,20.709999084472656,22.75,19.96999931335449,22.5,18.06304359436035,7141400
FIS,2008-08-07,21.709999084472656,23.11000061035156,21.600000381469727,22.39999961853028,17.982769012451172,4135000
FIS,2008-08-08,22.25,23.46999931335449,22.25,23.209999084472656,18.633037567138672,2836400
FIS,2008-08-11,23.1200008392334,23.64999961853028,22.799999237060547,23.309999465942383,18.71332550048828,2041500
FIS,2008-08-12,23.1299991607666,23.51000022888184,22.76000022888184,22.940000534057617,18.416269302368164,2827100
FIS,2008-08-13,22.88999938964844,23.01000022888184,22.32999992370605,22.790000915527344,18.295854568481445,1479700
FIS,2008-08-14,22.690000534057617,23.059999465942383,22.229999542236328,22.940000534057617,18.416269302368164,1214000
FIS,2008-08-15,23.0,23.39999961853028,22.93000030517578,23.09000015258789,18.536699295043945,1080300
FIS,2008-08-18,23.059999465942383,23.09000015258789,22.59000015258789,22.709999084472656,18.231632232666016,959500
FIS,2008-08-19,22.489999771118164,22.64999961853028,22.170000076293945,22.40999984741211,17.99079132080078,1115200
FIS,2008-08-20,22.5,22.51000022888184,22.030000686645508,22.229999542236328,17.846288681030273,1075000
FIS,2008-08-21,21.920000076293945,22.26000022888184,21.64999961853028,22.15999984741211,17.790096282958984,939100
FIS,2008-08-22,22.440000534057617,22.64999961853028,22.01000022888184,22.32999992370605,17.92656898498535,1062100
FIS,2008-08-25,22.15999984741211,22.32999992370605,21.84000015258789,21.96999931335449,17.637563705444336,920600
FIS,2008-08-26,21.93000030517578,21.93000030517578,21.46999931335449,21.790000915527344,17.49305534362793,994600
FIS,2008-08-27,21.770000457763672,22.040000915527344,21.61000061035156,21.979999542236328,17.64558982849121,591900
FIS,2008-08-28,22.09000015258789,22.64999961853028,21.8700008392334,22.46999931335449,18.03896141052246,1393000
FIS,2008-08-29,22.299999237060547,22.299999237060547,21.71999931335449,21.850000381469727,17.541223526000977,1316500
FIS,2008-09-02,22.1200008392334,22.6200008392334,21.950000762939453,22.059999465942383,17.70980453491211,900000
FIS,2008-09-03,22.059999465942383,22.190000534057617,21.6299991607666,21.700000762939453,17.42081069946289,1298600
FIS,2008-09-04,21.739999771118164,21.75,21.059999465942383,21.07999992370605,16.92306137084961,1438200
FIS,2008-09-05,21.030000686645508,21.34000015258789,20.39999961853028,20.86000061035156,16.746450424194336,1968700
FIS,2008-09-08,21.13999938964844,22.32999992370605,21.09000015258789,21.420000076293945,17.196022033691406,2740200
FIS,2008-09-09,21.39999961853028,21.6299991607666,21.1299991607666,21.13999938964844,16.97123146057129,1914100
FIS,2008-09-10,21.25,21.82999992370605,21.07999992370605,21.57999992370605,17.324466705322266,2372200
FIS,2008-09-11,21.21999931335449,21.64999961853028,21.14999961853028,21.59000015258789,17.372753143310547,1633200
FIS,2008-09-12,21.25,21.86000061035156,21.25,21.82999992370605,17.565868377685547,1742000
FIS,2008-09-15,21.170000076293945,21.479999542236328,20.690000534057617,20.8799991607666,16.801437377929688,1418200
FIS,2008-09-16,20.530000686645508,21.18000030517578,20.18000030517578,21.1200008392334,16.99456214904785,2037400
FIS,2008-09-17,20.84000015258789,21.030000686645508,19.75,19.76000022888184,15.900205612182615,2460400
FIS,2008-09-18,20.049999237060547,20.200000762939453,19.0,20.200000762939453,16.25425910949707,2712400
FIS,2008-09-19,19.229999542236328,23.40999984741211,19.229999542236328,20.36000061035156,16.383014678955078,6132300
FIS,2008-09-22,20.14999961853028,20.200000762939453,18.959999084472656,19.040000915527344,15.320847511291504,1862200
FIS,2008-09-23,19.170000076293945,19.71999931335449,18.96999931335449,19.39999961853028,15.61052703857422,1680800
FIS,2008-09-24,19.39999961853028,19.59000015258789,19.14999961853028,19.479999542236328,15.674899101257324,1392500
FIS,2008-09-25,19.809999465942383,20.030000686645508,19.56999969482422,19.90999984741211,16.020904541015625,1312700
FIS,2008-09-26,19.530000686645508,19.90999984741211,19.26000022888184,19.739999771118164,15.884114265441896,1787600
FIS,2008-09-29,19.440000534057617,19.700000762939453,17.209999084472656,18.09000015258789,14.556415557861328,2580900
FIS,2008-09-30,18.6200008392334,18.6200008392334,17.940000534057617,18.459999084472656,14.854143142700195,2066800
FIS,2008-10-01,18.299999237060547,18.450000762939453,18.030000686645508,18.18000030517578,14.628833770751951,1982900
FIS,2008-10-02,18.11000061035156,18.209999084472656,17.450000762939453,17.5,14.081665992736816,1975600
FIS,2008-10-03,17.780000686645508,18.040000915527344,17.0,17.040000915527344,13.711515426635742,2953000
FIS,2008-10-06,16.670000076293945,16.790000915527344,15.34000015258789,16.149999618530273,12.99536418914795,3970600
FIS,2008-10-07,16.399999618530273,16.579999923706055,15.270000457763672,15.270000457763672,12.287257194519045,2825100
FIS,2008-10-08,15.029999732971191,16.059999465942383,14.859999656677246,15.300000190734863,12.31139850616455,3235300
FIS,2008-10-09,15.699999809265137,15.93000030517578,14.68000030517578,14.68000030517578,11.81250286102295,2397700
FIS,2008-10-10,14.100000381469728,15.989999771118164,13.510000228881836,15.140000343322754,12.182652473449709,4395000
FIS,2008-10-13,15.300000190734863,17.43000030517578,15.239999771118164,16.739999771118164,13.470114707946776,2773500
FIS,2008-10-14,17.700000762939453,17.700000762939453,16.540000915527344,16.989999771118164,13.67128562927246,2118600
FIS,2008-10-15,16.739999771118164,16.950000762939453,15.18000030517578,15.199999809265137,12.230924606323242,2198700
FIS,2008-10-16,15.149999618530272,15.489999771118164,14.0,15.220000267028809,12.247024536132812,2856700
FIS,2008-10-17,14.789999961853027,16.020000457763672,14.720000267028809,15.5600004196167,12.520609855651855,1956700
FIS,2008-10-20,15.729999542236328,16.239999771118164,15.40999984741211,16.190000534057617,13.02755069732666,1697500
FIS,2008-10-21,15.989999771118164,16.079999923706055,15.15999984741211,15.210000038146973,12.23897647857666,1108300
FIS,2008-10-22,14.609999656677246,15.220000267028809,13.859999656677246,13.989999771118164,11.25728702545166,1928600
FIS,2008-10-23,14.06999969482422,14.09000015258789,12.949999809265137,13.68000030517578,11.007834434509276,2238000
FIS,2008-10-24,12.850000381469728,13.609999656677246,12.5600004196167,13.369999885559082,10.75839138031006,1705200
FIS,2008-10-27,13.0600004196167,13.170000076293944,12.350000381469728,12.470000267028809,10.034189224243164,1659000
FIS,2008-10-28,13.630000114440918,15.899999618530272,13.25,15.869999885559082,12.770058631896973,4479100
FIS,2008-10-29,15.8100004196167,15.920000076293944,14.25,14.350000381469728,11.54696559906006,3677600
FIS,2008-10-30,14.859999656677246,15.4399995803833,14.279999732971191,14.81999969482422,11.92515468597412,2674900
FIS,2008-10-31,14.68000030517578,15.270000457763672,14.460000038146973,15.09000015258789,12.142416954040527,1992700
FIS,2008-11-03,15.140000343322754,15.600000381469728,14.770000457763672,15.460000038146973,12.440143585205078,1372900
FIS,2008-11-04,15.899999618530272,16.829999923706055,15.899999618530272,16.760000228881836,13.486209869384766,1712300
FIS,2008-11-05,16.5,17.219999313354492,16.110000610351562,16.18000030517578,13.019502639770508,1590900
FIS,2008-11-06,16.0,16.25,15.380000114440918,15.5600004196167,12.520609855651855,1987100
FIS,2008-11-07,15.75,16.549999237060547,15.710000038146973,16.15999984741211,13.003409385681152,1139400
FIS,2008-11-10,16.5,16.690000534057617,15.84000015258789,16.06999969482422,12.930987358093262,1122500
FIS,2008-11-11,15.90999984741211,16.020000457763672,15.06999969482422,15.25,12.271162986755373,937500
FIS,2008-11-12,14.93000030517578,15.18000030517578,14.739999771118164,15.100000381469728,12.150464057922363,1784000
FIS,2008-11-13,15.359999656677246,16.81999969482422,14.75,16.81999969482422,13.534488677978516,2199500
FIS,2008-11-14,16.450000762939453,16.799999237060547,15.800000190734863,15.850000381469728,12.753963470458984,1482200
FIS,2008-11-17,15.630000114440918,16.0,15.359999656677246,15.460000038146973,12.440143585205078,1396700
FIS,2008-11-18,15.289999961853027,15.720000267028809,14.6899995803833,15.359999656677246,12.359675407409668,2046900
FIS,2008-11-19,15.420000076293944,15.899999618530272,14.399999618530272,14.4399995803833,11.619382858276367,1593800
FIS,2008-11-20,14.210000038146973,14.800000190734863,13.270000457763672,13.399999618530272,10.782529830932615,2404600
FIS,2008-11-21,13.529999732971191,13.9399995803833,11.149999618530272,13.800000190734863,11.10439682006836,7934600
FIS,2008-11-24,14.079999923706056,15.65999984741211,13.81999969482422,15.350000381469728,12.351628303527832,2818200
FIS,2008-11-25,15.729999542236328,15.770000457763672,15.15999984741211,15.6899995803833,12.625218391418455,2247200
FIS,2008-11-26,15.489999771118164,16.90999984741211,15.25,16.8700008392334,13.57472324371338,1315400
FIS,2008-11-28,16.780000686645508,17.239999771118164,16.780000686645508,17.18000030517578,13.824173927307127,828900
FIS,2008-12-01,16.6299991607666,16.649999618530273,15.960000038146973,15.960000038146973,12.842477798461914,1778700
FIS,2008-12-02,16.299999237060547,17.200000762939453,15.970000267028809,16.579999923706055,13.341370582580566,2760700
FIS,2008-12-03,16.200000762939453,17.100000381469727,16.110000610351562,16.950000762939453,13.639095306396484,1681200
FIS,2008-12-04,16.68000030517578,16.93000030517578,15.81999969482422,16.1200008392334,12.97122573852539,2792500
FIS,2008-12-05,16.030000686645508,17.1200008392334,15.539999961853027,17.049999237060547,13.719563484191896,2318100
FIS,2008-12-08,17.139999389648438,17.200000762939453,16.739999771118164,17.0,13.679327964782717,2088800
FIS,2008-12-09,17.149999618530273,17.149999618530273,16.389999389648438,16.6299991607666,13.381600379943848,1708000
FIS,2008-12-10,16.790000915527344,16.84000015258789,16.280000686645508,16.579999923706055,13.341370582580566,2340300
FIS,2008-12-11,16.25,16.729999542236328,15.890000343322754,15.979999542236328,12.89745807647705,1205200
FIS,2008-12-12,15.489999771118164,16.479999542236328,15.489999771118164,16.479999542236328,13.301015853881836,1104800
FIS,2008-12-15,16.3700008392334,16.579999923706055,15.229999542236328,15.5,12.510058403015137,1804000
FIS,2008-12-16,15.890000343322754,16.200000762939453,15.75,16.110000610351562,13.002389907836914,2915500
FIS,2008-12-17,15.789999961853027,16.90999984741211,15.770000457763672,16.719999313354492,13.49471950531006,2726200
FIS,2008-12-18,16.739999771118164,16.940000534057617,16.360000610351562,16.559999465942383,13.36558437347412,1779100
FIS,2008-12-19,16.690000534057617,17.239999771118164,16.610000610351562,16.950000762939453,13.680352210998535,2110100
FIS,2008-12-22,17.0,17.0,15.979999542236328,16.329999923706055,13.179945945739746,1811100
FIS,2008-12-23,16.75,16.75,15.869999885559082,16.059999465942383,12.962032318115234,906000
FIS,2008-12-24,16.059999465942383,16.1200008392334,15.760000228881836,16.049999237060547,12.953961372375488,281500
FIS,2008-12-26,16.079999923706055,16.239999771118164,15.880000114440918,16.09000015258789,12.986246109008787,365900
FIS,2008-12-29,16.049999237060547,16.1200008392334,15.489999771118164,15.720000267028809,12.687615394592283,945500
FIS,2008-12-30,15.789999961853027,15.970000267028809,15.59000015258789,15.859999656677246,12.800609588623049,1087000
FIS,2008-12-31,15.93000030517578,16.360000610351562,15.68000030517578,16.270000457763672,13.131524085998535,1531400
FIS,2009-01-02,16.360000610351562,17.1200008392334,16.219999313354492,17.049999237060547,13.761066436767578,1374700
FIS,2009-01-05,16.920000076293945,17.200000762939453,16.690000534057617,17.149999618530273,13.84177303314209,1564900
FIS,2009-01-06,17.3700008392334,17.549999237060547,17.139999389648438,17.420000076293945,14.059688568115234,2500300
FIS,2009-01-07,16.8700008392334,17.299999237060547,16.31999969482422,17.010000228881836,13.728784561157228,2757200
FIS,2009-01-08,16.649999618530273,17.25,16.649999618530273,17.15999984741211,13.849845886230469,1579700
FIS,2009-01-09,17.059999465942383,17.1200008392334,16.709999084472656,16.81999969482422,13.575428009033203,1436400
FIS,2009-01-12,16.729999542236328,16.8799991607666,16.139999389648438,16.270000457763672,13.131524085998535,1032200
FIS,2009-01-13,16.229999542236328,17.020000457763672,16.190000534057617,16.850000381469727,13.599639892578123,2048200
FIS,2009-01-14,16.579999923706055,16.860000610351562,16.049999237060547,16.299999237060547,13.155734062194824,2073600
FIS,2009-01-15,16.040000915527344,16.719999313354492,15.949999809265137,16.440000534057617,13.268732070922852,2590000
FIS,2009-01-16,16.799999237060547,16.90999984741211,16.219999313354492,16.440000534057617,13.268732070922852,2918700
FIS,2009-01-20,16.260000228881836,16.56999969482422,15.890000343322754,15.90999984741211,12.84096336364746,2314400
FIS,2009-01-21,16.100000381469727,16.219999313354492,15.6899995803833,16.18000030517578,13.05888557434082,2024200
FIS,2009-01-22,15.619999885559082,16.020000457763672,15.619999885559082,15.859999656677246,12.800609588623049,2293000
FIS,2009-01-23,15.539999961853027,15.93000030517578,15.199999809265137,15.789999961853027,12.744114875793455,1918800
FIS,2009-01-26,15.850000381469728,16.290000915527344,15.720000267028809,16.030000686645508,12.937823295593262,1778800
FIS,2009-01-27,16.030000686645508,16.15999984741211,15.890000343322754,16.100000381469727,12.994318962097168,1804200
FIS,2009-01-28,16.489999771118164,16.81999969482422,16.239999771118164,16.739999771118164,13.510860443115234,1523700
FIS,2009-01-29,16.68000030517578,16.690000534057617,16.170000076293945,16.219999313354492,13.091169357299805,1229600
FIS,2009-01-30,16.329999923706055,16.3799991607666,15.800000190734863,15.90999984741211,12.84096336364746,2078800
FIS,2009-02-02,15.81999969482422,16.209999084472656,15.65999984741211,16.149999618530273,13.034671783447266,1822100
FIS,2009-02-03,16.15999984741211,16.5,15.949999809265137,16.40999984741211,13.244521141052246,1500800
FIS,2009-02-04,16.440000534057617,16.920000076293945,16.399999618530273,16.68000030517578,13.462437629699709,2239400
FIS,2009-02-05,16.469999313354492,17.229999542236328,16.469999313354492,17.059999465942383,13.769136428833008,2117000
FIS,2009-02-06,17.0,17.649999618530273,17.0,17.549999237060547,14.1646146774292,2244000
FIS,2009-02-09,17.549999237060547,17.760000228881836,17.290000915527344,17.65999984741211,14.253393173217772,1314400
FIS,2009-02-10,17.540000915527344,17.760000228881836,16.43000030517578,16.540000915527344,13.349440574645996,2713600
FIS,2009-02-11,17.709999084472656,18.8700008392334,17.25,18.26000022888184,14.737653732299805,4392300
FIS,2009-02-12,16.829999923706055,18.489999771118164,16.829999923706055,18.43000030517578,14.874860763549805,2412800
FIS,2009-02-13,18.32999992370605,18.86000061035156,18.239999771118164,18.290000915527344,14.761868476867676,2079800
FIS,2009-02-17,17.559999465942383,18.030000686645508,17.0,17.700000762939453,14.285682678222656,2425600
FIS,2009-02-18,17.860000610351562,17.860000610351562,17.3799991607666,17.579999923706055,14.18882656097412,1463400
FIS,2009-02-19,17.68000030517578,18.09000015258789,17.479999542236328,17.559999465942383,14.172688484191896,1969300
FIS,2009-02-20,17.239999771118164,17.799999237060547,15.859999656677246,17.6299991607666,14.229183197021484,2761000
FIS,2009-02-23,17.799999237060547,17.90999984741211,17.170000076293945,17.219999313354492,13.898268699645996,2039000
FIS,2009-02-24,17.360000610351562,17.68000030517578,17.100000381469727,17.600000381469727,14.204968452453612,2733100
FIS,2009-02-25,17.690000534057617,17.84000015258789,17.190000534057617,17.520000457763672,14.140398025512695,3568000
FIS,2009-02-26,17.770000457763672,17.889999389648438,17.31999969482422,17.469999313354492,14.100042343139648,2189900
FIS,2009-02-27,17.1200008392334,17.6200008392334,17.1200008392334,17.5,14.124258995056152,3428400
FIS,2009-03-02,17.270000457763672,17.6299991607666,16.850000381469727,16.8799991607666,13.623856544494627,3719200
FIS,2009-03-03,17.100000381469727,17.100000381469727,16.450000762939453,16.690000534057617,13.47050952911377,2424100
FIS,2009-03-04,16.920000076293945,17.329999923706055,16.75,16.979999542236328,13.704565048217772,3813800
FIS,2009-03-05,16.420000076293945,16.969999313354492,16.270000457763672,16.420000076293945,13.25259017944336,2755400
FIS,2009-03-06,16.540000915527344,16.549999237060547,15.850000381469728,16.389999389648438,13.228378295898438,2762900
FIS,2009-03-09,16.389999389648438,16.43000030517578,15.420000076293944,15.520000457763672,12.526198387145996,2834800
FIS,2009-03-10,15.880000114440918,16.459999084472656,15.550000190734863,16.420000076293945,13.25259017944336,2638200
FIS,2009-03-11,16.510000228881836,16.709999084472656,16.309999465942383,16.530000686645508,13.341368675231934,1709200
FIS,2009-03-12,16.290000915527344,17.020000457763672,16.040000915527344,16.979999542236328,13.74614429473877,2295700
FIS,2009-03-13,16.829999923706055,17.479999542236328,16.829999923706055,17.110000610351562,13.851387977600098,2548300
FIS,2009-03-16,17.1200008392334,17.389999389648438,16.969999313354492,17.030000686645508,13.786620140075684,2456200
FIS,2009-03-17,17.100000381469727,17.489999771118164,16.940000534057617,17.479999542236328,14.150922775268556,1994500
FIS,2009-03-18,17.549999237060547,17.989999771118164,17.15999984741211,17.8799991607666,14.474737167358398,2211900
FIS,2009-03-19,17.959999084472656,17.959999084472656,17.610000610351562,17.6299991607666,14.272353172302246,1789700
FIS,2009-03-20,17.649999618530273,18.07999992370605,17.469999313354492,17.549999237060547,14.20759105682373,2482400
FIS,2009-03-23,17.940000534057617,18.559999465942383,17.90999984741211,18.549999237060547,15.01713752746582,2733400
FIS,2009-03-24,18.280000686645508,18.43000030517578,17.770000457763672,17.770000457763672,14.38568878173828,2175200
FIS,2009-03-25,18.06999969482422,18.31999969482422,17.579999923706055,18.030000686645508,14.59616756439209,2365100
FIS,2009-03-26,18.11000061035156,18.57999992370605,18.06999969482422,18.420000076293945,14.91189956665039,2019400
FIS,2009-03-27,18.18000030517578,18.3700008392334,17.719999313354492,17.799999237060547,14.409978866577148,1832200
FIS,2009-03-30,17.520000457763672,17.8799991607666,17.34000015258789,17.81999969482422,14.426164627075195,2223800
FIS,2009-03-31,18.0,18.459999084472656,17.84000015258789,18.200000762939453,14.73379135131836,2617700
FIS,2009-04-01,16.950000762939453,17.739999771118164,16.600000381469727,16.8799991607666,13.665191650390623,22641300
FIS,2009-04-02,17.290000915527344,17.790000915527344,16.989999771118164,17.700000762939453,14.329025268554688,9758100
FIS,2009-04-03,17.639999389648438,17.860000610351562,17.399999618530273,17.84000015258789,14.442360877990724,6856800
FIS,2009-04-06,17.6200008392334,18.64999961853028,17.6200008392334,18.57999992370605,15.041420936584473,8056900
FIS,2009-04-07,18.09000015258789,19.26000022888184,18.09000015258789,19.049999237060547,15.421916961669922,8039600
FIS,2009-04-08,19.18000030517578,19.280000686645508,18.90999984741211,19.059999465942383,15.43000602722168,6880100
FIS,2009-04-09,19.299999237060547,19.600000381469727,19.1299991607666,19.559999465942383,15.834782600402832,7270500
FIS,2009-04-13,19.21999931335449,19.61000061035156,19.21999931335449,19.5,15.78620433807373,5846600
FIS,2009-04-14,19.3799991607666,20.0,19.3700008392334,19.799999237060547,16.029075622558594,3973400
FIS,2009-04-15,19.530000686645508,19.559999465942383,19.21999931335449,19.459999084472656,15.75382137298584,4753400
FIS,2009-04-16,19.56999969482422,20.0,19.38999938964844,19.920000076293945,16.126216888427734,3897200
FIS,2009-04-17,20.040000915527344,20.100000381469727,17.3700008392334,19.71999931335449,15.964313507080078,16569400
FIS,2009-04-20,19.38999938964844,19.46999931335449,18.959999084472656,18.979999542236328,15.365239143371582,3817600
FIS,2009-04-21,18.84000015258789,19.280000686645508,18.75,19.170000076293945,15.519049644470217,3740000
FIS,2009-04-22,18.950000762939453,19.64999961853028,18.89999961853028,19.09000015258789,15.45429229736328,5089600
FIS,2009-04-23,19.09000015258789,19.3799991607666,18.86000061035156,19.209999084472656,15.551437377929688,3663600
FIS,2009-04-24,19.43000030517578,19.43000030517578,18.88999938964844,19.049999237060547,15.421916961669922,3858500
FIS,2009-04-27,18.790000915527344,19.350000381469727,18.459999084472656,18.850000381469727,15.260005950927734,4163100
FIS,2009-04-28,18.489999771118164,19.020000457763672,18.350000381469727,18.71999931335449,15.15475845336914,3219500
FIS,2009-04-29,18.799999237060547,18.89999961853028,18.100000381469727,18.350000381469727,14.855228424072266,5690300
FIS,2009-04-30,18.420000076293945,18.56999969482422,17.84000015258789,17.850000381469727,14.450444221496582,3857400
FIS,2009-05-01,17.84000015258789,17.84000015258789,17.579999923706055,17.760000228881836,14.377593040466309,3961200
FIS,2009-05-04,17.989999771118164,18.030000686645508,17.520000457763672,17.950000762939453,14.531410217285156,4430000
FIS,2009-05-05,18.06999969482422,18.489999771118164,17.829999923706055,18.450000762939453,14.936175346374512,7195700
FIS,2009-05-06,18.6200008392334,18.690000534057617,18.229999542236328,18.39999961853028,14.895706176757812,5006500
FIS,2009-05-07,18.690000534057617,18.739999771118164,18.39999961853028,18.56999969482422,15.033327102661133,4403800
FIS,2009-05-08,18.81999969482422,19.309999465942383,18.559999465942383,18.86000061035156,15.268094062805176,5104500
FIS,2009-05-11,18.5,18.799999237060547,18.39999961853028,18.68000030517578,15.122374534606934,2989700
FIS,2009-05-12,18.82999992370605,18.82999992370605,17.940000534057617,18.39999961853028,14.895706176757812,4309700
FIS,2009-05-13,18.1200008392334,18.350000381469727,17.950000762939453,18.020000457763672,14.588079452514648,2210700
FIS,2009-05-14,18.06999969482422,18.299999237060547,17.950000762939453,18.239999771118164,14.76617431640625,2295400
FIS,2009-05-15,18.21999931335449,18.479999542236328,18.059999465942383,18.32999992370605,14.839037895202637,2105700
FIS,2009-05-18,18.46999931335449,18.799999237060547,18.25,18.76000022888184,15.187131881713867,2966500
FIS,2009-05-19,18.729999542236328,18.979999542236328,18.56999969482422,18.809999465942383,15.227622985839844,2185600
FIS,2009-05-20,18.93000030517578,19.11000061035156,18.709999084472656,18.729999542236328,15.16285228729248,1789800
FIS,2009-05-21,18.479999542236328,18.68000030517578,18.36000061035156,18.549999237060547,15.01713752746582,2648500
FIS,2009-05-22,18.68000030517578,18.84000015258789,18.549999237060547,18.61000061035156,15.065710067749023,1360000
FIS,2009-05-26,18.489999771118164,19.34000015258789,18.479999542236328,19.299999237060547,15.624300003051758,2564800
FIS,2009-05-27,19.25,19.600000381469727,19.09000015258789,19.09000015258789,15.45429229736328,2235700
FIS,2009-05-28,19.25,19.38999938964844,18.790000915527344,19.1299991607666,15.48667812347412,2845300
FIS,2009-05-29,19.09000015258789,19.280000686645508,18.81999969482422,19.26000022888184,15.591917991638184,2722100
FIS,2009-06-01,19.530000686645508,20.06999969482422,19.43000030517578,20.01000022888184,16.199079513549805,3403100
FIS,2009-06-02,19.940000534057617,20.26000022888184,19.90999984741211,20.09000015258789,16.26384735107422,1986600
FIS,2009-06-03,20.040000915527344,20.31999969482422,19.96999931335449,20.21999931335449,16.369077682495117,2544500
FIS,2009-06-04,20.190000534057617,20.420000076293945,19.8799991607666,20.25,16.393373489379883,2244400
FIS,2009-06-05,20.26000022888184,20.420000076293945,20.14999961853028,20.200000762939453,16.352893829345703,2224600
FIS,2009-06-08,19.979999542236328,20.26000022888184,19.86000061035156,20.13999938964844,16.304325103759766,2249200
FIS,2009-06-09,20.32999992370605,20.350000381469727,20.1299991607666,20.26000022888184,16.401470184326172,1920300
FIS,2009-06-10,20.3799991607666,20.51000022888184,20.21999931335449,20.489999771118164,16.58765983581543,2771000
FIS,2009-06-11,20.459999084472656,20.690000534057617,20.25,20.299999237060547,16.43385124206543,2185300
FIS,2009-06-12,20.1299991607666,20.13999938964844,19.809999465942383,20.100000381469727,16.31212043762207,1136600
FIS,2009-06-15,19.89999961853028,20.21999931335449,19.89999961853028,20.030000686645508,16.255308151245117,2208400
FIS,2009-06-16,20.170000076293945,20.25,19.780000686645508,19.790000915527344,16.060535430908203,1521800
FIS,2009-06-17,19.82999992370605,20.049999237060547,19.780000686645508,19.8799991607666,16.133569717407227,1490700
FIS,2009-06-18,19.96999931335449,19.96999931335449,19.63999938964844,19.88999938964844,16.141693115234375,1795800
FIS,2009-06-19,20.1200008392334,20.14999961853028,19.739999771118164,19.76000022888184,16.03618812561035,2785000
FIS,2009-06-22,19.75,19.799999237060547,19.3700008392334,19.56999969482422,15.881994247436523,3838700
FIS,2009-06-23,19.51000022888184,19.739999771118164,19.15999984741211,19.40999984741211,15.752142906188965,3112600
FIS,2009-06-24,19.549999237060547,19.729999542236328,19.39999961853028,19.64999961853028,15.946916580200195,2371600
FIS,2009-06-25,19.61000061035156,20.030000686645508,19.549999237060547,20.030000686645508,16.255308151245117,2455000
FIS,2009-06-26,19.96999931335449,20.059999465942383,19.8700008392334,19.959999084472656,16.198501586914062,1966400
FIS,2009-06-29,19.989999771118164,20.09000015258789,19.770000457763672,20.020000457763672,16.2471923828125,1575900
FIS,2009-06-30,20.040000915527344,20.290000915527344,19.920000076293945,19.959999084472656,16.198501586914062,2576200
FIS,2009-07-01,20.059999465942383,20.520000457763672,19.8799991607666,20.350000381469727,16.51500701904297,2965300
FIS,2009-07-02,20.15999984741211,20.21999931335449,19.979999542236328,20.01000022888184,16.239076614379883,2058800
FIS,2009-07-06,19.940000534057617,20.18000030517578,19.8700008392334,20.14999961853028,16.352693557739258,2853700
FIS,2009-07-07,20.209999084472656,20.209999084472656,19.530000686645508,19.540000915527344,15.857648849487305,1953400
FIS,2009-07-08,19.57999992370605,19.59000015258789,19.350000381469727,19.43000030517578,15.768380165100098,3390800
FIS,2009-07-09,19.559999465942383,19.56999969482422,19.31999969482422,19.440000534057617,15.776495933532717,1499500
FIS,2009-07-10,19.51000022888184,21.0,19.3700008392334,19.479999542236328,15.808956146240234,2088500
FIS,2009-07-13,19.5,19.89999961853028,19.170000076293945,19.89999961853028,16.149805068969727,2229700
FIS,2009-07-14,19.96999931335449,19.96999931335449,19.709999084472656,19.84000015258789,16.101112365722656,1832900
FIS,2009-07-15,19.959999084472656,20.15999984741211,19.68000030517578,20.049999237060547,16.271535873413086,3434700
FIS,2009-07-16,19.96999931335449,20.6200008392334,19.88999938964844,20.559999465942383,16.685420989990234,2172300
FIS,2009-07-17,20.540000915527344,20.71999931335449,20.43000030517578,20.6200008392334,16.734121322631836,2016500
FIS,2009-07-20,20.709999084472656,21.07999992370605,20.68000030517578,21.0,17.042512893676758,3033700
FIS,2009-07-21,21.059999465942383,21.059999465942383,20.63999938964844,20.690000534057617,16.790925979614258,2517900
FIS,2009-07-22,20.64999961853028,20.729999542236328,20.36000061035156,20.38999938964844,16.547462463378906,1957400
FIS,2009-07-23,20.43000030517578,21.309999465942383,20.32999992370605,21.200000762939453,17.204814910888672,5106700
FIS,2009-07-24,20.96999931335449,21.420000076293945,20.96999931335449,21.40999984741211,17.3752498626709,1706200
FIS,2009-07-27,21.40999984741211,21.549999237060547,21.200000762939453,21.549999237060547,17.488862991333008,1844800
FIS,2009-07-28,21.440000534057617,21.6299991607666,21.34000015258789,21.39999961853028,17.367122650146484,2005100
FIS,2009-07-29,22.479999542236328,23.71999931335449,21.90999984741211,23.31999969482422,18.925302505493164,7676200
FIS,2009-07-30,23.489999771118164,23.75,23.280000686645508,23.520000457763672,19.08761405944824,2738000
FIS,2009-07-31,23.46999931335449,23.690000534057617,23.290000915527344,23.420000076293945,19.006452560424805,1875900
FIS,2009-08-03,23.600000381469727,23.600000381469727,23.36000061035156,23.56999969482422,19.128189086914062,4501000
FIS,2009-08-04,23.14999961853028,24.350000381469727,23.14999961853028,24.350000381469727,19.76119613647461,3736400
FIS,2009-08-05,24.36000061035156,24.51000022888184,24.1299991607666,24.39999961853028,19.801773071289062,2891700
FIS,2009-08-06,24.440000534057617,24.6299991607666,24.209999084472656,24.309999465942383,19.72873306274414,2715100
FIS,2009-08-07,24.61000061035156,24.6299991607666,24.21999931335449,24.450000762939453,19.84235000610352,1757400
FIS,2009-08-10,24.309999465942383,24.43000030517578,24.07999992370605,24.18000030517578,19.62323570251465,1598900
FIS,2009-08-11,24.09000015258789,24.290000915527344,23.920000076293945,24.049999237060547,19.51772689819336,1760400
FIS,2009-08-12,23.989999771118164,24.68000030517578,23.89999961853028,24.450000762939453,19.84235000610352,2156400
FIS,2009-08-13,24.46999931335449,24.64999961853028,23.86000061035156,24.3799991607666,19.785539627075195,6688500
FIS,2009-08-14,24.46999931335449,24.520000457763672,24.049999237060547,24.239999771118164,19.67191505432129,2879700
FIS,2009-08-17,24.06999969482422,24.459999084472656,23.86000061035156,24.280000686645508,19.704383850097656,3901300
FIS,2009-08-18,24.36000061035156,24.459999084472656,24.1299991607666,24.38999938964844,19.793657302856445,2281500
FIS,2009-08-19,24.11000061035156,25.020000457763672,24.11000061035156,24.770000457763672,20.1020450592041,4194200
FIS,2009-08-20,24.799999237060547,24.8799991607666,24.26000022888184,24.43000030517578,19.826114654541016,3024600
FIS,2009-08-21,24.670000076293945,24.8700008392334,24.420000076293945,24.850000381469727,20.16696548461914,2848200
FIS,2009-08-24,24.940000534057617,25.170000076293945,24.850000381469727,25.01000022888184,20.29681205749512,2546300
FIS,2009-08-25,25.07999992370605,25.31999969482422,24.89999961853028,24.979999542236328,20.272470474243164,2419100
FIS,2009-08-26,24.959999084472656,25.09000015258789,24.8799991607666,25.059999465942383,20.337390899658203,2274500
FIS,2009-08-27,25.0,25.049999237060547,24.46999931335449,24.82999992370605,20.150733947753903,2169100
FIS,2009-08-28,25.049999237060547,25.049999237060547,24.6299991607666,24.71999931335449,20.061473846435547,1382100
FIS,2009-08-31,24.520000457763672,24.75,24.36000061035156,24.559999465942383,19.931621551513672,1374800
FIS,2009-09-01,24.420000076293945,24.84000015258789,24.040000915527344,24.059999465942383,19.52584457397461,1600400
FIS,2009-09-02,23.96999931335449,24.100000381469727,23.81999969482422,23.920000076293945,19.412227630615234,1748100
FIS,2009-09-03,23.979999542236328,24.350000381469727,23.6200008392334,24.32999992370605,19.74496078491211,6339400
FIS,2009-09-04,24.200000762939453,24.39999961853028,23.770000457763672,24.18000030517578,19.62323570251465,4012700
FIS,2009-09-08,24.26000022888184,24.26000022888184,23.799999237060547,23.979999542236328,19.46092414855957,1779000
FIS,2009-09-09,24.0,24.520000457763672,23.940000534057617,24.479999542236328,19.8666934967041,2439200
FIS,2009-09-10,24.479999542236328,24.549999237060547,24.280000686645508,24.350000381469727,19.76119613647461,2614400
FIS,2009-09-11,24.34000015258789,25.01000022888184,24.280000686645508,24.81999969482422,20.14262008666992,3423400
FIS,2009-09-14,24.709999084472656,24.96999931335449,24.46999931335449,24.850000381469727,20.20767593383789,2068800
FIS,2009-09-15,24.88999938964844,24.920000076293945,24.63999938964844,24.84000015258789,20.199541091918945,1809400
FIS,2009-09-16,24.82999992370605,25.1200008392334,24.670000076293945,25.1200008392334,20.42723655700684,1700700
FIS,2009-09-17,25.06999969482422,25.229999542236328,24.989999771118164,25.049999237060547,20.370304107666016,1610700
FIS,2009-09-18,25.1200008392334,25.21999931335449,24.729999542236328,24.93000030517578,20.272729873657227,2084700
FIS,2009-09-21,24.81999969482422,25.049999237060547,24.59000015258789,24.93000030517578,20.272729873657227,1880600
FIS,2009-09-22,24.96999931335449,24.989999771118164,24.68000030517578,24.729999542236328,20.11009788513184,1548500
FIS,2009-09-23,24.709999084472656,25.3700008392334,24.6299991607666,25.15999984741211,20.459762573242188,4817800
FIS,2009-09-24,25.229999542236328,25.309999465942383,24.989999771118164,25.299999237060547,20.573606491088867,2401700
FIS,2009-09-25,25.299999237060547,26.0,25.21999931335449,25.39999961853028,20.65493392944336,4631800
FIS,2009-09-28,25.5,25.88999938964844,25.440000534057617,25.700000762939453,20.89888000488281,1955900
FIS,2009-09-29,25.63999938964844,25.729999542236328,25.36000061035156,25.39999961853028,20.65493392944336,2336200
FIS,2009-09-30,25.170000076293945,25.559999465942383,24.940000534057617,25.51000022888184,20.74437522888184,3607800
FIS,2009-10-01,25.39999961853028,25.65999984741211,24.850000381469727,24.850000381469727,20.20767593383789,29103100
FIS,2009-10-02,24.549999237060547,24.739999771118164,23.959999084472656,23.989999771118164,19.508331298828125,5707300
FIS,2009-10-05,24.06999969482422,24.3700008392334,23.88999938964844,23.90999984741211,19.443283081054688,5585400
FIS,2009-10-06,24.01000022888184,24.489999771118164,23.93000030517578,24.280000686645508,19.74416160583496,4529000
FIS,2009-10-07,24.229999542236328,24.479999542236328,23.93000030517578,24.1299991607666,19.62218475341797,3788200
FIS,2009-10-08,24.36000061035156,24.479999542236328,24.1200008392334,24.299999237060547,19.76042556762696,2816700
FIS,2009-10-09,24.209999084472656,24.40999984741211,24.059999465942383,24.350000381469727,19.801084518432617,2351300
FIS,2009-10-12,24.190000534057617,24.46999931335449,24.1299991607666,24.299999237060547,19.76042556762696,2001300
FIS,2009-10-13,24.209999084472656,24.3700008392334,23.989999771118164,24.13999938964844,19.63031578063965,2635300
FIS,2009-10-14,24.239999771118164,24.459999084472656,24.21999931335449,24.440000534057617,19.874271392822266,2144900
FIS,2009-10-15,24.280000686645508,24.559999465942383,24.21999931335449,24.530000686645508,19.94746208190918,2097200
FIS,2009-10-16,24.3799991607666,24.979999542236328,24.13999938964844,24.43000030517578,19.866134643554688,3108800
FIS,2009-10-19,24.459999084472656,24.81999969482422,24.440000534057617,24.600000381469727,20.004379272460938,2475300
FIS,2009-10-20,24.549999237060547,24.549999237060547,24.270000457763672,24.51000022888184,19.93120002746582,2068600
FIS,2009-10-21,24.3799991607666,25.1200008392334,24.32999992370605,24.82999992370605,20.19140243530273,5085100
FIS,2009-10-22,22.920000076293945,23.950000762939453,22.3799991607666,23.63999938964844,19.223722457885746,11662500
FIS,2009-10-23,23.790000915527344,23.790000915527344,22.690000534057617,22.81999969482422,18.55690574645996,3542500
FIS,2009-10-26,22.799999237060547,22.940000534057617,22.440000534057617,22.61000061035156,18.38613510131836,3603600
FIS,2009-10-27,22.6299991607666,22.76000022888184,22.46999931335449,22.57999992370605,18.361740112304688,3356100
FIS,2009-10-28,22.459999084472656,22.459999084472656,21.75,21.780000686645508,17.71119499206543,4364400
FIS,2009-10-29,21.989999771118164,22.39999961853028,21.729999542236328,22.280000686645508,18.117788314819336,3536100
FIS,2009-10-30,22.1200008392334,22.299999237060547,21.76000022888184,21.76000022888184,17.69493293762207,3974400
FIS,2009-11-02,21.770000457763672,22.100000381469727,21.6200008392334,22.020000457763672,17.90636444091797,3356200
FIS,2009-11-03,22.0,22.09000015258789,21.729999542236328,22.020000457763672,17.90636444091797,3087200
FIS,2009-11-04,22.1200008392334,22.26000022888184,21.850000381469727,21.89999961853028,17.808778762817383,2776600
FIS,2009-11-05,22.1200008392334,22.549999237060547,21.950000762939453,22.549999237060547,18.337345123291016,2778800
FIS,2009-11-06,22.530000686645508,22.65999984741211,22.13999938964844,22.459999084472656,18.264163970947266,2978200
FIS,2009-11-09,22.5,22.950000762939453,22.38999938964844,22.940000534057617,18.654483795166016,2649100
FIS,2009-11-10,22.81999969482422,22.940000534057617,22.64999961853028,22.89999961853028,18.621957778930664,2548400
FIS,2009-11-11,23.030000686645508,23.06999969482422,22.700000762939453,22.940000534057617,18.654483795166016,2114200
FIS,2009-11-12,22.89999961853028,23.0,22.61000061035156,22.65999984741211,18.426801681518555,2338900
FIS,2009-11-13,22.59000015258789,22.799999237060547,22.3799991607666,22.59000015258789,18.369876861572266,2026200
FIS,2009-11-16,22.57999992370605,22.770000457763672,22.51000022888184,22.6299991607666,18.402402877807617,3818000
FIS,2009-11-17,22.64999961853028,22.809999465942383,22.350000381469727,22.57999992370605,18.361740112304688,2846700
FIS,2009-11-18,23.38999938964844,23.89999961853028,22.989999771118164,23.46999931335449,19.08548164367676,4619300
FIS,2009-11-19,23.270000457763672,23.5,22.90999984741211,23.11000061035156,18.792734146118164,3582700
FIS,2009-11-20,22.88999938964844,23.0,22.63999938964844,22.729999542236328,18.483718872070312,2917900
FIS,2009-11-23,23.059999465942383,23.06999969482422,22.739999771118164,22.96999931335449,18.678890228271484,2740800
FIS,2009-11-24,23.040000915527344,23.040000915527344,22.690000534057617,22.770000457763672,18.51624870300293,2131700
FIS,2009-11-25,23.0,23.200000762939453,22.89999961853028,22.979999542236328,18.687015533447266,4612100
FIS,2009-11-27,22.530000686645508,22.709999084472656,22.39999961853028,22.530000686645508,18.321083068847656,1483400
FIS,2009-11-30,22.459999084472656,22.64999961853028,22.34000015258789,22.600000381469727,18.37801170349121,2539100
FIS,2009-12-01,22.729999542236328,23.479999542236328,22.690000534057617,23.420000076293945,19.04482078552246,3221400
FIS,2009-12-02,23.229999542236328,23.59000015258789,23.200000762939453,23.31999969482422,18.9635066986084,2256400
FIS,2009-12-03,23.34000015258789,23.5,23.01000022888184,23.170000076293945,18.84152603149414,2216800
FIS,2009-12-04,23.3799991607666,23.600000381469727,23.030000686645508,23.459999084472656,19.077348709106445,2504200
FIS,2009-12-07,23.309999465942383,23.729999542236328,23.11000061035156,23.479999542236328,19.093616485595703,4679000
FIS,2009-12-08,23.3700008392334,23.420000076293945,23.049999237060547,23.170000076293945,18.84152603149414,3486600
FIS,2009-12-09,23.030000686645508,23.39999961853028,22.8700008392334,23.31999969482422,18.9635066986084,3069000
FIS,2009-12-10,23.450000762939453,23.739999771118164,23.3700008392334,23.670000076293945,19.24811744689941,2548900
FIS,2009-12-11,23.71999931335449,23.770000457763672,23.56999969482422,23.729999542236328,19.296905517578125,2098800
FIS,2009-12-14,23.770000457763672,23.959999084472656,23.700000762939453,23.959999084472656,19.525081634521484,2296500
FIS,2009-12-15,23.76000022888184,23.8799991607666,23.65999984741211,23.76000022888184,19.362098693847656,3198700
FIS,2009-12-16,23.82999992370605,23.89999961853028,23.3799991607666,23.520000457763672,19.1665267944336,2944300
FIS,2009-12-17,23.420000076293945,23.479999542236328,23.15999984741211,23.170000076293945,18.88130760192871,1801000
FIS,2009-12-18,23.46999931335449,24.049999237060547,23.309999465942383,23.530000686645508,19.17467498779297,2789600
FIS,2009-12-21,23.489999771118164,23.700000762939453,23.25,23.299999237060547,18.987245559692383,2301300
FIS,2009-12-22,23.350000381469727,23.64999961853028,23.31999969482422,23.59000015258789,19.22356605529785,1401500
FIS,2009-12-23,23.549999237060547,23.790000915527344,23.520000457763672,23.75,19.35395050048828,1160800
FIS,2009-12-24,23.790000915527344,24.0,23.75,23.979999542236328,19.5413761138916,471500
FIS,2009-12-28,23.93000030517578,23.959999084472656,23.690000534057617,23.71999931335449,19.32950210571289,1566800
FIS,2009-12-29,23.75,23.940000534057617,23.6299991607666,23.6299991607666,19.256166458129883,803900
FIS,2009-12-30,23.6200008392334,23.76000022888184,23.489999771118164,23.61000061035156,19.239870071411133,1819200
FIS,2009-12-31,23.670000076293945,23.700000762939453,23.440000534057617,23.440000534057617,19.101337432861328,963500
FIS,2010-01-04,23.6299991607666,23.959999084472656,23.440000534057617,23.81999969482422,19.41098976135254,4623700
FIS,2010-01-05,23.989999771118164,24.8799991607666,23.93000030517578,24.84000015258789,20.24219512939453,4868800
FIS,2010-01-06,24.93000030517578,24.93000030517578,24.540000915527344,24.700000762939453,20.12810134887696,2481200
FIS,2010-01-07,24.690000534057617,24.690000534057617,24.40999984741211,24.559999465942383,20.01402282714844,3384900
FIS,2010-01-08,24.0,24.299999237060547,23.86000061035156,24.049999237060547,19.59842109680176,2460000
FIS,2010-01-11,24.200000762939453,24.25,23.739999771118164,23.93000030517578,19.500640869140625,3010100
FIS,2010-01-12,23.799999237060547,23.8700008392334,23.64999961853028,23.850000381469727,19.435449600219727,2038700
FIS,2010-01-13,23.530000686645508,24.350000381469727,23.530000686645508,24.25,19.761404037475582,3467000
FIS,2010-01-14,24.239999771118164,24.39999961853028,24.09000015258789,24.350000381469727,19.842897415161133,1171000
FIS,2010-01-15,24.34000015258789,24.39999961853028,23.89999961853028,23.989999771118164,19.549524307250977,2062000
FIS,2010-01-19,23.8799991607666,24.43000030517578,23.86000061035156,24.40999984741211,19.891786575317383,1818400
FIS,2010-01-20,24.209999084472656,24.450000762939453,23.920000076293945,24.25,19.761404037475582,2168400
FIS,2010-01-21,24.25,24.940000534057617,24.100000381469727,24.34000015258789,19.834741592407227,4964700
FIS,2010-01-22,24.229999542236328,24.479999542236328,23.950000762939453,23.959999084472656,19.525081634521484,3800400
FIS,2010-01-25,24.14999961853028,24.38999938964844,23.950000762939453,24.06999969482422,19.614721298217773,3397900
FIS,2010-01-26,24.020000457763672,24.239999771118164,23.950000762939453,24.01000022888184,19.56583023071289,2174000
FIS,2010-01-27,24.01000022888184,24.229999542236328,23.8700008392334,24.21999931335449,19.736957550048828,2454900
FIS,2010-01-28,24.209999084472656,24.21999931335449,23.6299991607666,23.75,19.35395050048828,3817900
FIS,2010-01-29,23.82999992370605,23.959999084472656,23.520000457763672,23.559999465942383,19.199119567871094,2714000
FIS,2010-02-01,23.850000381469727,23.850000381469727,23.479999542236328,23.76000022888184,19.362098693847656,2323400
FIS,2010-02-02,23.790000915527344,23.950000762939453,23.559999465942383,23.950000762939453,19.51693344116211,2325200
FIS,2010-02-03,23.82999992370605,24.01000022888184,23.6200008392334,23.989999771118164,19.549524307250977,2518200
FIS,2010-02-04,24.01000022888184,24.14999961853028,23.520000457763672,23.540000915527344,19.182825088500977,4253000
FIS,2010-02-05,23.6200008392334,23.6200008392334,22.739999771118164,23.040000915527344,18.77537727355957,4777000
FIS,2010-02-08,23.0,23.1200008392334,22.799999237060547,22.920000076293945,18.677583694458008,2876500
FIS,2010-02-09,23.170000076293945,23.440000534057617,22.739999771118164,22.780000686645508,18.563491821289062,4555400
FIS,2010-02-10,22.729999542236328,22.780000686645508,22.270000457763672,22.280000686645508,18.156042098999023,5301300
FIS,2010-02-11,22.280000686645508,22.520000457763672,22.25,22.46999931335449,18.31087875366211,3877500
FIS,2010-02-12,22.299999237060547,22.5,22.1299991607666,22.36000061035156,18.221229553222656,4152000
FIS,2010-02-16,22.479999542236328,22.63999938964844,22.36000061035156,22.520000457763672,18.351621627807617,1954000
FIS,2010-02-17,22.61000061035156,22.61000061035156,22.31999969482422,22.61000061035156,18.42496490478516,2880100
FIS,2010-02-18,22.559999465942383,22.780000686645508,22.40999984741211,22.61000061035156,18.42496490478516,3703000
FIS,2010-02-19,22.479999542236328,22.790000915527344,22.420000076293945,22.68000030517578,18.48200225830078,2890100
FIS,2010-02-22,22.709999084472656,22.84000015258789,22.600000381469727,22.64999961853028,18.457557678222656,1834700
FIS,2010-02-23,22.64999961853028,22.809999465942383,22.450000762939453,22.600000381469727,18.416810989379883,2652000
FIS,2010-02-24,22.68000030517578,22.920000076293945,22.450000762939453,22.8799991607666,18.64497947692871,3328300
FIS,2010-02-25,22.61000061035156,22.82999992370605,22.520000457763672,22.799999237060547,18.57978820800781,4253500
FIS,2010-02-26,22.780000686645508,22.780000686645508,22.5,22.540000915527344,18.367919921875,4975700
FIS,2010-03-01,22.559999465942383,23.06999969482422,22.540000915527344,23.06999969482422,18.79981231689453,1969800
FIS,2010-03-02,23.0,23.200000762939453,22.93000030517578,22.979999542236328,18.726470947265625,1784200
FIS,2010-03-03,22.979999542236328,23.18000030517578,22.86000061035156,22.93000030517578,18.685731887817383,1811300
FIS,2010-03-04,22.989999771118164,23.049999237060547,22.84000015258789,23.030000686645508,18.767229080200195,1463600
FIS,2010-03-05,23.11000061035156,23.5,22.979999542236328,23.479999542236328,19.13392448425293,1796200
FIS,2010-03-08,23.450000762939453,23.51000022888184,23.31999969482422,23.39999961853028,19.0687313079834,1490700
FIS,2010-03-09,23.25,23.34000015258789,23.07999992370605,23.13999938964844,18.856863021850582,4013400
FIS,2010-03-10,23.100000381469727,23.18000030517578,22.950000762939453,23.18000030517578,18.88945770263672,2785700
FIS,2010-03-11,23.209999084472656,23.299999237060547,23.09000015258789,23.200000762939453,18.90574836730957,2348800
FIS,2010-03-12,23.15999984741211,23.200000762939453,23.020000457763672,23.190000534057617,18.93841552734375,1558200
FIS,2010-03-15,23.14999961853028,23.38999938964844,23.040000915527344,23.350000381469727,19.06909942626953,1727700
FIS,2010-03-16,23.32999992370605,23.530000686645508,23.280000686645508,23.520000457763672,19.20792579650879,1851600
FIS,2010-03-17,23.51000022888184,23.989999771118164,23.479999542236328,23.82999992370605,19.461084365844727,2908400
FIS,2010-03-18,23.739999771118164,23.82999992370605,23.5,23.56999969482422,19.248756408691406,2086300
FIS,2010-03-19,23.6299991607666,23.75,23.479999542236328,23.6299991607666,19.29775619506836,3431900
FIS,2010-03-22,23.56999969482422,23.850000381469727,23.489999771118164,23.709999084472656,19.36308479309082,1487700
FIS,2010-03-23,23.780000686645508,23.82999992370605,23.59000015258789,23.770000457763672,19.41208839416504,1074500
FIS,2010-03-24,23.75,23.75,23.559999465942383,23.59000015258789,19.26508331298828,1219900
FIS,2010-03-25,23.670000076293945,23.780000686645508,23.3799991607666,23.38999938964844,19.10175514221192,1805200
FIS,2010-03-26,23.3799991607666,23.76000022888184,23.309999465942383,23.65999984741211,19.32225608825684,2087200
FIS,2010-03-29,23.790000915527344,23.81999969482422,23.459999084472656,23.56999969482422,19.248756408691406,2057200
FIS,2010-03-30,23.57999992370605,23.6299991607666,23.309999465942383,23.43000030517578,19.13442039489746,1812500
FIS,2010-03-31,23.32999992370605,23.46999931335449,23.25,23.440000534057617,19.14259147644043,1941300
FIS,2010-04-01,23.5,23.780000686645508,23.479999542236328,23.690000534057617,19.346752166748047,2220100
FIS,2010-04-05,23.71999931335449,23.86000061035156,23.65999984741211,23.81999969482422,19.452919006347656,1165500
FIS,2010-04-06,23.729999542236328,23.979999542236328,23.65999984741211,23.89999961853028,19.518251419067383,1786000
FIS,2010-04-07,23.81999969482422,24.270000457763672,23.75,24.209999084472656,19.77141571044922,4675800
FIS,2010-04-08,24.11000061035156,24.39999961853028,23.940000534057617,24.31999969482422,19.861248016357425,3238500
FIS,2010-04-09,24.299999237060547,24.549999237060547,24.21999931335449,24.520000457763672,20.02457618713379,1685800
FIS,2010-04-12,24.64999961853028,24.90999984741211,24.64999961853028,24.790000915527344,20.24508476257324,1711600
FIS,2010-04-13,24.790000915527344,24.920000076293945,24.530000686645508,24.670000076293945,20.14708137512207,1913500
FIS,2010-04-14,24.59000015258789,24.940000534057617,24.59000015258789,24.86000061035156,20.3022575378418,3064000
FIS,2010-04-15,24.770000457763672,25.3799991607666,24.700000762939453,25.350000381469727,20.70241355895996,2334800
FIS,2010-04-16,25.239999771118164,25.549999237060547,25.1299991607666,25.190000534057617,20.571748733520508,3126700
FIS,2010-04-19,25.100000381469727,25.190000534057617,24.89999961853028,25.15999984741211,20.5472469329834,1886800
FIS,2010-04-20,25.36000061035156,25.71999931335449,25.21999931335449,25.6299991607666,20.93108367919922,2686100
FIS,2010-04-21,25.520000457763672,25.81999969482422,25.39999961853028,25.56999969482422,20.8820858001709,2001200
FIS,2010-04-22,25.34000015258789,25.799999237060547,25.209999084472656,25.75,21.02907371520996,1721100
FIS,2010-04-23,25.790000915527344,25.8799991607666,25.26000022888184,25.76000022888184,21.03724670410156,2972600
FIS,2010-04-26,25.709999084472656,25.89999961853028,25.6200008392334,25.64999961853028,20.94741439819336,2339300
FIS,2010-04-27,25.540000915527344,25.780000686645508,25.030000686645508,25.040000915527344,20.44924736022949,2763200
FIS,2010-04-28,25.34000015258789,26.600000381469727,25.239999771118164,26.34000015258789,21.510910034179688,5852300
FIS,2010-04-29,26.46999931335449,26.739999771118164,26.26000022888184,26.729999542236328,21.829402923583984,3812400
FIS,2010-04-30,26.700000762939453,26.75,26.18000030517578,26.290000915527344,21.470075607299805,3573100
FIS,2010-05-03,26.350000381469727,26.520000457763672,26.190000534057617,26.299999237060547,21.478242874145508,2852800
FIS,2010-05-04,26.040000915527344,26.190000534057617,25.799999237060547,25.959999084472656,21.200578689575195,4422600
FIS,2010-05-05,25.86000061035156,26.11000061035156,25.84000015258789,26.0,21.233243942260746,2837500
FIS,2010-05-06,25.89999961853028,30.780000686645508,25.75,28.68000030517578,23.42189598083496,35975000
FIS,2010-05-07,28.530000686645508,29.21999931335449,28.280000686645508,28.76000022888184,23.48723602294922,15614900
FIS,2010-05-10,29.51000022888184,29.790000915527344,29.200000762939453,29.6299991607666,24.197731018066406,8916100
FIS,2010-05-11,29.01000022888184,29.520000457763672,28.82999992370605,28.86000061035156,23.568906784057617,5544200
FIS,2010-05-12,30.1299991607666,30.32999992370605,29.6299991607666,29.700000762939453,24.254901885986328,14793700
FIS,2010-05-13,29.8700008392334,30.270000457763672,29.76000022888184,29.89999961853028,24.41823005676269,8656900
FIS,2010-05-14,29.82999992370605,29.989999771118164,28.350000381469727,29.690000534057617,24.246732711791992,8065900
FIS,2010-05-17,29.729999542236328,29.799999237060547,28.700000762939453,28.8799991607666,23.5852279663086,6607500
FIS,2010-05-18,27.11000061035156,27.780000686645508,26.799999237060547,27.14999961853028,22.172407150268555,17960300
FIS,2010-05-19,27.059999465942383,27.559999465942383,26.940000534057617,27.01000022888184,22.05807304382324,7998800
FIS,2010-05-20,26.75,26.799999237060547,25.5,25.809999465942383,21.07807731628418,12483700
FIS,2010-05-21,25.51000022888184,26.270000457763672,25.440000534057617,26.170000076293945,21.37207794189453,8552900
FIS,2010-05-24,26.11000061035156,26.36000061035156,25.6200008392334,26.1200008392334,21.33124732971192,5337400
FIS,2010-05-25,25.770000457763672,26.559999465942383,25.280000686645508,26.559999465942383,21.690574645996094,9783900
FIS,2010-05-26,28.13999938964844,28.229999542236328,27.36000061035156,27.46999931335449,22.433738708496094,15375000
FIS,2010-05-27,27.8700008392334,27.979999542236328,27.670000076293945,27.950000762939453,22.82573890686035,6276100
FIS,2010-05-28,27.89999961853028,27.920000076293945,27.5,27.520000457763672,22.474573135375977,3748100
FIS,2010-06-01,27.39999961853028,27.600000381469727,27.26000022888184,27.299999237060547,22.294906616210938,4681200
FIS,2010-06-02,27.420000076293945,27.57999992370605,27.15999984741211,27.559999465942383,22.50723648071289,3816600
FIS,2010-06-03,27.46999931335449,27.739999771118164,27.420000076293945,27.479999542236328,22.441904067993164,2994200
FIS,2010-06-04,27.559999465942383,27.559999465942383,27.049999237060547,27.13999938964844,22.16424369812012,6175500
FIS,2010-06-07,27.14999961853028,27.280000686645508,26.709999084472656,26.75,21.845746994018555,5049600
FIS,2010-06-08,26.739999771118164,26.979999542236328,26.479999542236328,26.8799991607666,21.95190620422364,4382300
FIS,2010-06-09,27.030000686645508,27.280000686645508,26.6299991607666,26.739999771118164,21.83757781982422,5521800
FIS,2010-06-10,26.959999084472656,27.39999961853028,26.959999084472656,27.299999237060547,22.294906616210938,3311600
FIS,2010-06-11,27.170000076293945,27.26000022888184,26.989999771118164,27.209999084472656,22.221410751342773,2631100
FIS,2010-06-14,27.40999984741211,27.459999084472656,26.96999931335449,27.040000915527344,22.12322235107422,3128900
FIS,2010-06-15,27.170000076293945,27.38999938964844,27.030000686645508,27.270000457763672,22.311403274536133,4174200
FIS,2010-06-16,27.14999961853028,27.84000015258789,27.1200008392334,27.63999938964844,22.61412811279297,6031500
FIS,2010-06-17,27.729999542236328,27.799999237060547,27.540000915527344,27.790000915527344,22.736852645874023,3234000
FIS,2010-06-18,27.84000015258789,27.850000381469727,27.46999931335449,27.479999542236328,22.48322296142578,3945200
FIS,2010-06-21,27.700000762939453,27.93000030517578,27.520000457763672,27.63999938964844,22.61412811279297,4412000
FIS,2010-06-22,27.82999992370605,28.040000915527344,27.25,27.270000457763672,22.311403274536133,3186700
FIS,2010-06-23,27.270000457763672,27.479999542236328,27.100000381469727,27.26000022888184,22.303226470947266,3039400
FIS,2010-06-24,27.170000076293945,27.43000030517578,26.979999542236328,27.13999938964844,22.20503807067871,2359900
FIS,2010-06-25,27.700000762939453,27.799999237060547,27.309999465942383,27.540000915527344,22.53231430053711,5756200
FIS,2010-06-28,27.51000022888184,27.75,27.26000022888184,27.39999961853028,22.417760848999023,1808100
FIS,2010-06-29,27.18000030517578,27.290000915527344,26.90999984741211,27.049999237060547,22.13141250610352,4523200
FIS,2010-06-30,27.01000022888184,27.350000381469727,26.780000686645508,26.81999969482422,21.943233489990234,3476100
FIS,2010-07-01,27.01000022888184,27.049999237060547,26.450000762939453,26.530000686645508,21.705968856811523,5968000
FIS,2010-07-02,26.51000022888184,26.770000457763672,26.350000381469727,26.40999984741211,21.6077823638916,2530400
FIS,2010-07-06,27.489999771118164,27.489999771118164,26.6200008392334,27.170000076293945,22.22958755493164,7014900
FIS,2010-07-07,27.06999969482422,27.600000381469727,27.06999969482422,27.549999237060547,22.540489196777344,5806000
FIS,2010-07-08,27.670000076293945,27.770000457763672,27.489999771118164,27.64999961853028,22.62231063842773,4372300
FIS,2010-07-09,27.709999084472656,27.76000022888184,27.59000015258789,27.700000762939453,22.663217544555664,3755800
FIS,2010-07-12,27.700000762939453,27.8700008392334,27.540000915527344,27.75,22.70413017272949,6664700
FIS,2010-07-13,27.8700008392334,27.940000534057617,27.65999984741211,27.770000457763672,22.72049331665039,7704300
FIS,2010-07-14,27.739999771118164,28.14999961853028,27.700000762939453,27.93000030517578,22.851390838623047,7228200
FIS,2010-07-15,27.82999992370605,28.059999465942383,27.71999931335449,27.96999931335449,22.88412475585937,3805700
FIS,2010-07-16,27.809999465942383,27.8799991607666,27.5,27.520000457763672,22.51594924926757,6031500
FIS,2010-07-19,27.6200008392334,27.729999542236328,27.450000762939453,27.6299991607666,22.605939865112305,3213300
FIS,2010-07-20,27.559999465942383,27.96999931335449,27.440000534057617,27.89999961853028,22.82684135437012,7445100
FIS,2010-07-21,28.0,28.0,27.63999938964844,27.709999084472656,22.6713981628418,5427100
FIS,2010-07-22,27.84000015258789,28.14999961853028,27.799999237060547,28.030000686645508,22.93320655822754,6985900
FIS,2010-07-23,28.049999237060547,28.239999771118164,27.790000915527344,28.100000381469727,22.990488052368164,4555000
FIS,2010-07-26,28.1200008392334,28.270000457763672,27.8700008392334,28.200000762939453,23.07230567932129,5137400
FIS,2010-07-27,28.239999771118164,28.51000022888184,28.15999984741211,28.36000061035156,23.20320701599121,7627100
FIS,2010-07-28,28.34000015258789,28.6200008392334,28.31999969482422,28.5,23.31775283813477,9829900
FIS,2010-07-29,28.540000915527344,28.780000686645508,28.479999542236328,28.64999961853028,23.440473556518555,9766100
FIS,2010-07-30,28.440000534057617,28.729999542236328,28.440000534057617,28.670000076293945,23.456836700439453,8863600
FIS,2010-08-02,28.850000381469727,28.90999984741211,28.709999084472656,28.71999931335449,23.49774742126465,18693900
FIS,2010-08-03,28.75,29.0,28.700000762939453,28.790000915527344,23.55501747131348,22080400
FIS,2010-08-04,28.0,28.0,27.26000022888184,27.5,22.49958610534668,30390600
FIS,2010-08-05,27.459999084472656,27.81999969482422,27.270000457763672,27.65999984741211,22.630495071411133,7640400
FIS,2010-08-06,27.61000061035156,27.739999771118164,27.46999931335449,27.700000762939453,22.663217544555664,6251300
FIS,2010-08-09,27.809999465942383,28.01000022888184,27.56999969482422,27.8799991607666,22.810487747192383,4921200
FIS,2010-08-10,27.690000534057617,27.84000015258789,27.100000381469727,27.100000381469727,22.17231178283692,9113800
FIS,2010-08-11,26.75,26.809999465942383,26.36000061035156,26.36000061035156,21.56687355041504,6843600
FIS,2010-08-12,26.18000030517578,26.540000915527344,25.809999465942383,26.3700008392334,21.575056076049805,9038300
FIS,2010-08-13,26.350000381469727,26.600000381469727,26.229999542236328,26.5,21.681421279907227,11572700
FIS,2010-08-16,26.38999938964844,26.63999938964844,26.25,26.34000015258789,21.55051612854004,11175500
FIS,2010-08-17,26.51000022888184,26.959999084472656,26.440000534057617,26.84000015258789,21.959592819213867,4876700
FIS,2010-08-18,26.780000686645508,26.920000076293945,26.61000061035156,26.81999969482422,21.943233489990234,3905600
FIS,2010-08-19,26.809999465942383,26.809999465942383,26.25,26.43000030517578,21.6241455078125,3051600
FIS,2010-08-20,26.36000061035156,26.559999465942383,26.280000686645508,26.489999771118164,21.673240661621094,2157100
FIS,2010-08-23,26.5,26.68000030517578,26.11000061035156,26.25,21.47687339782715,2311800
FIS,2010-08-24,26.049999237060547,26.059999465942383,25.670000076293945,25.82999992370605,21.133241653442383,6451300
FIS,2010-08-25,25.68000030517578,25.790000915527344,25.549999237060547,25.65999984741211,20.994155883789062,5897100
FIS,2010-08-26,25.82999992370605,25.920000076293945,25.530000686645508,25.65999984741211,20.994155883789062,3005200
FIS,2010-08-27,25.71999931335449,26.6200008392334,25.65999984741211,26.59000015258789,21.75505447387696,4314300
FIS,2010-08-30,26.46999931335449,26.489999771118164,26.059999465942383,26.1299991607666,21.37869644165039,4060600
FIS,2010-08-31,26.01000022888184,26.38999938964844,25.56999969482422,25.850000381469727,21.14961242675781,6488300
FIS,2010-09-01,26.82999992370605,26.82999992370605,26.290000915527344,26.440000534057617,21.63232612609864,2913400
FIS,2010-09-02,26.38999938964844,27.26000022888184,26.3700008392334,27.25,22.295045852661133,3014300
FIS,2010-09-03,27.350000381469727,27.59000015258789,27.280000686645508,27.5,22.49958610534668,2089200
FIS,2010-09-07,27.59000015258789,27.6299991607666,27.229999542236328,27.229999542236328,22.278676986694336,1533600
FIS,2010-09-08,27.1200008392334,27.549999237060547,27.11000061035156,27.36000061035156,22.385040283203125,2155400
FIS,2010-09-09,27.51000022888184,27.6200008392334,27.26000022888184,27.40999984741211,22.42595100402832,2515800
FIS,2010-09-10,27.450000762939453,27.5,27.309999465942383,27.3700008392334,22.393230438232425,2059200
FIS,2010-09-13,27.56999969482422,27.809999465942383,27.46999931335449,27.670000076293945,22.638669967651367,3150400
FIS,2010-09-14,27.61000061035156,27.790000915527344,27.479999542236328,27.5,22.54031562805176,1837400
FIS,2010-09-15,27.39999961853028,27.68000030517578,27.39999961853028,27.489999771118164,22.532115936279297,2071400
FIS,2010-09-16,27.479999542236328,27.68000030517578,27.270000457763672,27.489999771118164,22.532115936279297,1460100
FIS,2010-09-17,27.6200008392334,27.6299991607666,27.39999961853028,27.39999961853028,22.45834350585937,2669700
FIS,2010-09-20,27.420000076293945,27.709999084472656,27.39999961853028,27.63999938964844,22.655067443847656,2442800
FIS,2010-09-21,27.64999961853028,27.709999084472656,27.26000022888184,27.38999938964844,22.45015525817871,2175400
FIS,2010-09-22,27.450000762939453,27.530000686645508,27.239999771118164,27.31999969482422,22.39278030395508,1786300
FIS,2010-09-23,27.170000076293945,27.46999931335449,27.059999465942383,27.07999992370605,22.1960678100586,1419000
FIS,2010-09-24,27.239999771118164,27.540000915527344,27.170000076293945,27.540000915527344,22.57310485839844,2038600
FIS,2010-09-27,27.59000015258789,27.600000381469727,27.3700008392334,27.39999961853028,22.45834350585937,1211800
FIS,2010-09-28,27.40999984741211,27.559999465942383,27.09000015258789,27.520000457763672,22.55671119689941,1366000
FIS,2010-09-29,27.40999984741211,27.530000686645508,27.280000686645508,27.3700008392334,22.43376922607422,1352700
FIS,2010-09-30,27.420000076293945,27.700000762939453,27.100000381469727,27.1299991607666,22.23703956604004,2158100
FIS,2010-10-01,27.200000762939453,27.3799991607666,26.920000076293945,26.989999771118164,22.12229347229004,1732700
FIS,2010-10-04,26.729999542236328,27.020000457763672,26.489999771118164,26.56999969482422,21.77803611755371,2624200
FIS,2010-10-05,26.75,26.959999084472656,26.64999961853028,26.850000381469727,22.00754165649414,3377800
FIS,2010-10-06,26.81999969482422,26.89999961853028,26.59000015258789,26.809999465942383,21.97475814819336,1976800
FIS,2010-10-07,26.81999969482422,26.89999961853028,26.450000762939453,26.68000030517578,21.86820411682129,1633200
FIS,2010-10-08,26.709999084472656,26.850000381469727,26.530000686645508,26.799999237060547,21.96656036376953,2353300
FIS,2010-10-11,26.770000457763672,27.1200008392334,26.63999938964844,27.07999992370605,22.1960678100586,2715500
FIS,2010-10-12,27.09000015258789,27.6200008392334,27.01000022888184,27.559999465942383,22.58949279785156,3067100
FIS,2010-10-13,27.64999961853028,28.0,27.61000061035156,27.88999938964844,22.859981536865234,2188000
FIS,2010-10-14,27.89999961853028,28.0,27.770000457763672,27.8799991607666,22.85177993774414,1491200
FIS,2010-10-15,28.0,28.13999938964844,27.86000061035156,28.06999969482422,23.007511138916016,2393200
FIS,2010-10-18,28.06999969482422,28.440000534057617,28.040000915527344,28.440000534057617,23.31078147888184,1788700
FIS,2010-10-19,28.18000030517578,28.46999931335449,28.059999465942383,28.21999931335449,23.13045883178711,1889300
FIS,2010-10-20,28.31999969482422,28.76000022888184,28.26000022888184,28.71999931335449,23.540283203125,1435300
FIS,2010-10-21,28.56999969482422,28.89999961853028,28.25,28.46999931335449,23.335372924804688,2715600
FIS,2010-10-22,28.520000457763672,28.75,28.450000762939453,28.600000381469727,23.44192314147949,923400
FIS,2010-10-25,28.739999771118164,28.989999771118164,28.6200008392334,28.81999969482422,23.62225151062012,2047000
FIS,2010-10-26,28.68000030517578,28.799999237060547,27.93000030517578,28.21999931335449,23.13045883178711,3356400
FIS,2010-10-27,27.989999771118164,28.01000022888184,27.07999992370605,27.40999984741211,22.46654891967773,3976600
FIS,2010-10-28,27.46999931335449,27.61000061035156,26.700000762939453,27.01000022888184,22.138687133789062,2854500
FIS,2010-10-29,26.989999771118164,27.239999771118164,26.8799991607666,27.100000381469727,22.21245002746582,2264300
FIS,2010-11-01,27.18000030517578,27.64999961853028,27.18000030517578,27.43000030517578,22.482946395874023,2217000
FIS,2010-11-02,27.57999992370605,27.700000762939453,27.21999931335449,27.459999084472656,22.50752830505371,1466200
FIS,2010-11-03,27.51000022888184,27.709999084472656,27.479999542236328,27.59000015258789,22.614086151123047,1587600
FIS,2010-11-04,27.809999465942383,27.90999984741211,27.6299991607666,27.809999465942383,22.794410705566406,1402000
FIS,2010-11-05,27.86000061035156,28.100000381469727,27.68000030517578,27.950000762939453,22.90915870666504,1628200
FIS,2010-11-08,27.81999969482422,27.90999984741211,27.56999969482422,27.76000022888184,22.7534294128418,708300
FIS,2010-11-09,27.75,27.89999961853028,27.59000015258789,27.64999961853028,22.663265228271484,947200
FIS,2010-11-10,27.559999465942383,27.88999938964844,27.459999084472656,27.86000061035156,22.835390090942383,1234900
FIS,2010-11-11,27.670000076293945,27.75,27.3700008392334,27.59000015258789,22.614086151123047,760700
FIS,2010-11-12,27.43000030517578,27.530000686645508,27.06999969482422,27.200000762939453,22.294422149658203,766900
FIS,2010-11-15,27.229999542236328,27.440000534057617,27.209999084472656,27.31999969482422,22.39278030395508,1284000
FIS,2010-11-16,27.13999938964844,27.15999984741211,26.63999938964844,27.059999465942383,22.179668426513672,1941400
FIS,2010-11-17,27.030000686645508,27.1299991607666,26.670000076293945,26.75,21.925575256347656,1227200
FIS,2010-11-18,26.8700008392334,27.299999237060547,26.86000061035156,27.1200008392334,22.228853225708008,1348700
FIS,2010-11-19,27.14999961853028,27.540000915527344,27.07999992370605,27.3799991607666,22.441957473754883,1544000
FIS,2010-11-22,27.3700008392334,27.600000381469727,27.26000022888184,27.549999237060547,22.5812931060791,1178200
FIS,2010-11-23,27.290000915527344,27.309999465942383,26.979999542236328,27.040000915527344,22.16327476501465,930100
FIS,2010-11-24,27.25,27.479999542236328,27.200000762939453,27.459999084472656,22.50752830505371,701400
FIS,2010-11-26,27.190000534057617,27.350000381469727,27.1200008392334,27.290000915527344,22.36819648742676,245900
FIS,2010-11-29,27.11000061035156,27.200000762939453,26.729999542236328,27.1299991607666,22.23703956604004,1010700
FIS,2010-11-30,26.88999938964844,27.059999465942383,26.709999084472656,26.89999961853028,22.048524856567383,1362200
FIS,2010-12-01,27.170000076293945,27.76000022888184,27.170000076293945,27.76000022888184,22.7534294128418,1147200
FIS,2010-12-02,27.729999542236328,28.14999961853028,27.670000076293945,28.14999961853028,23.07308578491211,1108800
FIS,2010-12-03,28.020000457763672,28.479999542236328,27.940000534057617,28.479999542236328,23.34357452392578,1437000
FIS,2010-12-06,27.89999961853028,28.200000762939453,27.780000686645508,28.020000457763672,22.966529846191406,2234400
FIS,2010-12-07,28.1200008392334,28.3799991607666,28.059999465942383,28.209999084472656,23.12226676940918,1741500
FIS,2010-12-08,28.280000686645508,28.420000076293945,28.0,28.38999938964844,23.269800186157227,1821200
FIS,2010-12-09,28.43000030517578,28.450000762939453,27.920000076293945,28.14999961853028,23.07308578491211,1929000
FIS,2010-12-10,28.15999984741211,28.270000457763672,28.100000381469727,28.25,23.15506172180176,816000
FIS,2010-12-13,28.290000915527344,28.36000061035156,27.89999961853028,27.90999984741211,22.876373291015625,7034700
FIS,2010-12-14,27.93000030517578,28.049999237060547,27.690000534057617,27.799999237060547,22.786211013793945,1910500
FIS,2010-12-15,27.6299991607666,27.89999961853028,27.479999542236328,27.520000457763672,22.59734535217285,933500
FIS,2010-12-16,27.559999465942383,27.940000534057617,27.520000457763672,27.84000015258789,22.8601131439209,1207000
FIS,2010-12-17,27.770000457763672,27.809999465942383,27.440000534057617,27.440000534057617,22.531661987304688,2399500
FIS,2010-12-20,27.3799991607666,27.479999542236328,27.13999938964844,27.190000534057617,22.32638359069824,1837100
FIS,2010-12-21,27.190000534057617,27.350000381469727,26.90999984741211,27.1299991607666,22.27711296081543,2612900
FIS,2010-12-22,27.200000762939453,27.32999992370605,27.13999938964844,27.21999931335449,22.35101890563965,1415000
FIS,2010-12-23,27.15999984741211,27.3799991607666,27.15999984741211,27.31999969482422,22.433130264282227,1084400
FIS,2010-12-27,27.229999542236328,27.450000762939453,27.11000061035156,27.420000076293945,22.515241622924805,812500
FIS,2010-12-28,27.43000030517578,27.56999969482422,27.36000061035156,27.520000457763672,22.59734535217285,722800
FIS,2010-12-29,27.57999992370605,27.850000381469727,27.520000457763672,27.76000022888184,22.7944278717041,1155400
FIS,2010-12-30,27.700000762939453,27.75,27.540000915527344,27.670000076293945,22.720521926879883,565700
FIS,2010-12-31,27.600000381469727,27.709999084472656,27.190000534057617,27.38999938964844,22.490612030029297,1641500
FIS,2011-01-03,27.549999237060547,28.1299991607666,27.489999771118164,28.1299991607666,23.09823989868164,2414500
FIS,2011-01-04,28.1200008392334,28.200000762939453,27.84000015258789,27.950000762939453,22.950437545776367,1756500
FIS,2011-01-05,27.90999984741211,28.440000534057617,27.86000061035156,28.440000534057617,23.352787017822266,1391000
FIS,2011-01-06,28.350000381469727,28.5,28.229999542236328,28.3799991607666,23.30352210998535,1125200
FIS,2011-01-07,28.39999961853028,28.5,28.290000915527344,28.489999771118164,23.393844604492188,1271200
FIS,2011-01-10,28.32999992370605,28.559999465942383,28.21999931335449,28.530000686645508,23.426687240600582,1201400
FIS,2011-01-11,28.600000381469727,28.71999931335449,28.3799991607666,28.68000030517578,23.54985237121582,896000
FIS,2011-01-12,28.700000762939453,29.549999237060547,28.65999984741211,29.530000686645508,24.247817993164062,2224100
FIS,2011-01-13,29.940000534057617,30.0,29.559999465942383,29.63999938964844,24.338134765625,2323900
FIS,2011-01-14,29.670000076293945,30.13999938964844,29.559999465942383,30.1200008392334,24.73227500915528,1670500
FIS,2011-01-18,30.13999938964844,30.309999465942383,29.3799991607666,30.200000762939453,24.797971725463867,1873200
FIS,2011-01-19,30.21999931335449,30.270000457763672,29.75,29.82999992370605,24.4941520690918,1161600
FIS,2011-01-20,29.739999771118164,30.040000915527344,29.600000381469727,29.920000076293945,24.568056106567383,1464000
FIS,2011-01-21,30.030000686645508,30.200000762939453,29.88999938964844,30.01000022888184,24.64194869995117,992300
FIS,2011-01-24,30.059999465942383,30.61000061035156,30.0,30.61000061035156,25.13462448120117,1160100
FIS,2011-01-25,30.540000915527344,30.690000534057617,30.200000762939453,30.68000030517578,25.19210433959961,1166700
FIS,2011-01-26,30.670000076293945,30.959999084472656,30.57999992370605,30.790000915527344,25.28242874145508,1034400
FIS,2011-01-27,30.809999465942383,30.920000076293945,30.64999961853028,30.809999465942383,25.29884910583496,905500
FIS,2011-01-28,30.8700008392334,30.93000030517578,30.270000457763672,30.280000686645508,24.863656997680664,986200
FIS,2011-01-31,30.299999237060547,30.57999992370605,30.200000762939453,30.43000030517578,24.98682403564453,1019600
FIS,2011-02-01,30.57999992370605,31.07999992370605,30.56999969482422,31.06999969482422,25.512346267700195,1391500
FIS,2011-02-02,31.040000915527344,31.290000915527344,30.940000534057617,31.030000686645508,25.4795036315918,1423700
FIS,2011-02-03,30.940000534057617,30.979999542236328,30.700000762939453,30.8700008392334,25.348115921020508,943900
FIS,2011-02-04,30.82999992370605,31.11000061035156,30.68000030517578,30.959999084472656,25.422021865844727,954800
FIS,2011-02-07,30.950000762939453,31.170000076293945,30.850000381469727,30.959999084472656,25.422021865844727,1576700
FIS,2011-02-08,31.100000381469727,32.04999923706055,30.940000534057617,31.8700008392334,26.16924476623535,2171600
FIS,2011-02-09,31.75,31.950000762939453,31.39999961853028,31.68000030517578,26.01323127746582,1623800
FIS,2011-02-10,31.549999237060547,31.8799991607666,31.350000381469727,31.799999237060547,26.11177062988281,1136800
FIS,2011-02-11,31.75,32.0,31.600000381469727,31.88999938964844,26.185667037963867,1042000
FIS,2011-02-14,31.86000061035156,31.8799991607666,31.549999237060547,31.739999771118164,26.062488555908203,695100
FIS,2011-02-15,31.700000762939453,31.89999961853028,31.530000686645508,31.75,26.07071113586425,762800
FIS,2011-02-16,31.809999465942383,31.96999931335449,31.420000076293945,31.51000022888184,25.87364196777344,1568600
FIS,2011-02-17,31.39999961853028,31.770000457763672,31.21999931335449,31.770000457763672,26.08713150024414,1157500
FIS,2011-02-18,31.75,32.22999954223633,31.68000030517578,32.13999938964844,26.390945434570312,1536600
FIS,2011-02-22,31.76000022888184,31.96999931335449,31.38999938964844,31.459999084472656,25.832576751708984,1153100
FIS,2011-02-23,31.51000022888184,31.51000022888184,30.739999771118164,30.90999984741211,25.380964279174805,991100
FIS,2011-02-24,30.88999938964844,31.3700008392334,30.549999237060547,31.21999931335449,25.6355094909668,1421500
FIS,2011-02-25,31.25,32.040000915527344,31.25,32.029998779296875,26.30062484741211,1083400
FIS,2011-02-28,32.029998779296875,32.400001525878906,31.81999969482422,32.38999938964844,26.59622383117676,1818800
FIS,2011-03-01,32.38999938964844,32.529998779296875,32.150001525878906,32.38999938964844,26.59622383117676,2872100
FIS,2011-03-02,32.279998779296875,32.34000015258789,31.540000915527344,31.709999084472656,26.037860870361328,1694700
FIS,2011-03-03,31.88999938964844,31.989999771118164,31.670000076293945,31.780000686645508,26.095338821411133,1673700
FIS,2011-03-04,31.76000022888184,31.790000915527344,31.31999969482422,31.530000686645508,25.89006423950196,1029000
FIS,2011-03-07,31.64999961853028,31.76000022888184,30.450000762939453,30.86000061035156,25.33990859985352,1658300
FIS,2011-03-08,30.780000686645508,31.670000076293945,30.780000686645508,31.63999938964844,25.98038673400879,1391900
FIS,2011-03-09,31.56999969482422,31.700000762939453,31.200000762939453,31.600000381469727,25.94754409790039,943700
FIS,2011-03-10,31.32999992370605,31.32999992370605,30.81999969482422,30.989999771118164,25.446657180786133,1980200
FIS,2011-03-11,30.88999938964844,31.280000686645508,30.86000061035156,31.229999542236328,25.643728256225582,623500
FIS,2011-03-14,31.07999992370605,31.239999771118164,30.739999771118164,30.989999771118164,25.446657180786133,713300
FIS,2011-03-15,30.290000915527344,30.670000076293945,30.07999992370605,30.489999771118164,25.076549530029297,1596900
FIS,2011-03-16,30.38999938964844,30.729999542236328,30.190000534057617,30.229999542236328,24.86270904541016,2201800
FIS,2011-03-17,30.6200008392334,30.799999237060547,30.290000915527344,30.40999984741211,25.01075553894043,1444600
FIS,2011-03-18,30.82999992370605,31.14999961853028,30.770000457763672,30.89999961853028,25.41375541687012,1631000
FIS,2011-03-21,31.190000534057617,31.5,31.170000076293945,31.3700008392334,25.800308227539062,778200
FIS,2011-03-22,31.450000762939453,31.71999931335449,31.40999984741211,31.65999984741211,26.03882026672364,1271000
FIS,2011-03-23,31.56999969482422,31.63999938964844,31.3799991607666,31.489999771118164,25.899003982543945,1082000
FIS,2011-03-24,31.64999961853028,32.150001525878906,31.56999969482422,32.099998474121094,26.40069961547852,1305100
FIS,2011-03-25,32.20000076293945,32.43000030517578,31.989999771118164,32.040000915527344,26.351356506347656,847500
FIS,2011-03-28,32.060001373291016,32.099998474121094,31.790000915527344,31.81999969482422,26.1704216003418,990500
FIS,2011-03-29,31.76000022888184,32.45000076293945,31.709999084472656,32.36000061035156,26.61454391479492,899600
FIS,2011-03-30,32.400001525878906,32.79999923706055,32.380001068115234,32.790000915527344,26.968191146850582,983900
FIS,2011-03-31,32.72999954223633,32.9900016784668,32.459999084472656,32.689998626708984,26.885942459106445,1474300
FIS,2011-04-01,32.779998779296875,33.380001068115234,32.7599983215332,33.22999954223633,27.330053329467773,1783300
FIS,2011-04-04,33.16999816894531,33.2400016784668,32.869998931884766,33.11000061035156,27.23136711120605,1197600
FIS,2011-04-05,33.029998779296875,33.18000030517578,32.79999923706055,32.97999954223633,27.124454498291016,924900
FIS,2011-04-06,33.060001373291016,33.25,32.869998931884766,33.20000076293945,27.30539894104004,835400
FIS,2011-04-07,33.11000061035156,33.47999954223633,33.02000045776367,33.189998626708984,27.297168731689453,1531800
FIS,2011-04-08,33.380001068115234,33.400001525878906,32.650001525878906,32.81999969482422,26.99286460876465,1531300
FIS,2011-04-11,32.84000015258789,33.459999084472656,32.84000015258789,33.029998779296875,27.16558074951172,1342400
FIS,2011-04-12,32.86000061035156,33.220001220703125,32.66999816894531,33.0,27.14090347290039,1741100
FIS,2011-04-13,33.08000183105469,33.27000045776367,33.0,33.209999084472656,27.31361198425293,782400
FIS,2011-04-14,33.029998779296875,33.20000076293945,32.81999969482422,33.13999938964844,27.25604820251465,707000
FIS,2011-04-15,33.27000045776367,33.31999969482422,32.91999816894531,33.2599983215332,27.354736328125,859300
FIS,2011-04-18,32.91999816894531,32.95000076293945,32.56999969482422,32.77000045776367,26.95174026489257,1157000
FIS,2011-04-19,32.779998779296875,32.869998931884766,32.58000183105469,32.849998474121094,27.01753044128418,1146800
FIS,2011-04-20,33.16999816894531,33.720001220703125,33.16999816894531,33.41999816894531,27.486326217651367,946800
FIS,2011-04-21,33.310001373291016,33.470001220703125,33.119998931884766,33.15999984741211,27.27250099182129,911700
FIS,2011-04-25,33.150001525878906,33.310001373291016,33.119998931884766,33.22999954223633,27.330053329467773,628900
FIS,2011-04-26,33.41999816894531,33.41999816894531,33.15999984741211,33.20000076293945,27.30539894104004,1000000
FIS,2011-04-27,33.189998626708984,33.400001525878906,33.04999923706055,33.36000061035156,27.437000274658203,606300
FIS,2011-04-28,33.290000915527344,33.36000061035156,32.65999984741211,32.689998626708984,26.885942459106445,1385100
FIS,2011-04-29,32.75,33.130001068115234,32.599998474121094,33.11000061035156,27.23136711120605,1100000
FIS,2011-05-02,33.20000076293945,33.400001525878906,32.939998626708984,32.939998626708984,27.091552734375,1198100
FIS,2011-05-03,32.75,33.7599983215332,32.59000015258789,33.540000915527344,27.58502960205078,2781300
FIS,2011-05-04,33.5,33.52000045776367,32.65999984741211,33.040000915527344,27.173805236816406,1947800
FIS,2011-05-05,32.93000030517578,33.040000915527344,32.66999816894531,32.790000915527344,26.968191146850582,1683000
FIS,2011-05-06,33.06999969482422,33.22999954223633,32.38999938964844,32.4900016784668,26.721454620361328,966600
FIS,2011-05-09,32.43000030517578,32.630001068115234,32.29999923706055,32.470001220703125,26.705001831054688,645900
FIS,2011-05-10,32.540000915527344,32.77000045776367,32.400001525878906,32.54999923706055,26.770801544189453,1201100
FIS,2011-05-11,32.5,32.75,32.040000915527344,32.34000015258789,26.598087310791016,1249500
FIS,2011-05-12,32.27000045776367,32.529998779296875,32.02000045776367,32.5,26.729679107666016,1273900
FIS,2011-05-13,32.5,32.58000183105469,32.16999816894531,32.22999954223633,26.507617950439453,839300
FIS,2011-05-16,32.04999923706055,32.220001220703125,31.8799991607666,31.93000030517578,26.26087760925293,1214800
FIS,2011-05-17,31.86000061035156,32.040000915527344,31.68000030517578,31.81999969482422,26.1704216003418,1505600
FIS,2011-05-18,31.84000015258789,32.15999984741211,31.75,32.06999969482422,26.376022338867188,901700
FIS,2011-05-19,32.31999969482422,32.400001525878906,32.04999923706055,32.2400016784668,26.515846252441406,794500
FIS,2011-05-20,32.209999084472656,32.33000183105469,31.920000076293945,31.959999084472656,26.28555679321289,1211600
FIS,2011-05-23,31.6200008392334,31.68000030517578,31.459999084472656,31.489999771118164,25.899003982543945,653300
FIS,2011-05-24,31.51000022888184,31.600000381469727,31.15999984741211,31.15999984741211,25.627599716186523,1078300
FIS,2011-05-25,31.07999992370605,31.479999542236328,31.030000686645508,31.39999961853028,25.824987411499023,755500
FIS,2011-05-26,31.280000686645508,31.5,31.100000381469727,31.43000030517578,25.84965705871582,1018800
FIS,2011-05-27,31.459999084472656,31.8799991607666,31.43000030517578,31.86000061035156,26.20330810546875,1125400
FIS,2011-05-31,32.029998779296875,32.31999969482422,31.979999542236328,32.18000030517578,26.466493606567383,2941400
FIS,2011-06-01,32.130001068115234,32.2599983215332,31.61000061035156,31.61000061035156,25.99770164489746,2148800
FIS,2011-06-02,31.68000030517578,31.8700008392334,31.520000457763672,31.61000061035156,25.99770164489746,887300
FIS,2011-06-03,31.209999084472656,31.540000915527344,31.13999938964844,31.209999084472656,25.668716430664062,1031700
FIS,2011-06-06,31.11000061035156,31.5,31.09000015258789,31.1299991607666,25.602914810180664,1216900
FIS,2011-06-07,31.229999542236328,31.75,31.11000061035156,31.59000015258789,25.981245040893555,2298500
FIS,2011-06-08,31.489999771118164,31.489999771118164,31.07999992370605,31.170000076293945,25.63582229614257,1362300
FIS,2011-06-09,31.209999084472656,31.809999465942383,31.100000381469727,31.799999237060547,26.15396499633789,1385400
FIS,2011-06-10,31.6200008392334,31.86000061035156,31.43000030517578,31.56999969482422,25.96479797363281,2102300
FIS,2011-06-13,31.600000381469727,31.600000381469727,31.25,31.38999938964844,25.816755294799805,1077600
FIS,2011-06-14,31.59000015258789,31.690000534057617,31.43000030517578,31.56999969482422,26.006221771240234,1132100
FIS,2011-06-15,31.38999938964844,31.440000534057617,30.57999992370605,30.799999237060547,25.37192153930664,1706800
FIS,2011-06-16,30.82999992370605,30.90999984741211,30.6200008392334,30.84000015258789,25.40487098693848,1375100
FIS,2011-06-17,31.09000015258789,31.36000061035156,30.959999084472656,30.989999771118164,25.5284366607666,2304200
FIS,2011-06-20,30.959999084472656,31.3799991607666,30.8700008392334,31.21999931335449,25.7179012298584,651100
FIS,2011-06-21,31.43000030517578,31.450000762939453,31.15999984741211,31.280000686645508,25.76733589172364,1227900
FIS,2011-06-22,31.25,31.39999961853028,31.07999992370605,31.100000381469727,25.61905288696289,809800
FIS,2011-06-23,30.76000022888184,30.790000915527344,30.21999931335449,30.34000015258789,24.99299049377441,2225600
FIS,2011-06-24,30.31999969482422,30.479999542236328,30.020000457763672,30.06999969482422,24.77057838439941,1601800
FIS,2011-06-27,30.209999084472656,30.31999969482422,29.90999984741211,30.209999084472656,24.88589859008789,869400
FIS,2011-06-28,30.25,30.34000015258789,30.18000030517578,30.26000022888184,24.92708969116211,1423600
FIS,2011-06-29,30.34000015258789,30.690000534057617,30.34000015258789,30.600000381469727,25.207172393798828,1419700
FIS,2011-06-30,30.670000076293945,30.90999984741211,30.57999992370605,30.790000915527344,25.363689422607425,1046900
FIS,2011-07-01,30.8799991607666,31.1299991607666,30.729999542236328,31.020000457763672,25.55314826965332,1450100
FIS,2011-07-05,31.020000457763672,31.020000457763672,30.57999992370605,30.770000457763672,25.34721565246582,1131500
FIS,2011-07-06,30.790000915527344,31.06999969482422,30.670000076293945,30.940000534057617,25.48725700378418,1540000
FIS,2011-07-07,31.229999542236328,31.3700008392334,31.15999984741211,31.31999969482422,25.80028343200684,1114100
FIS,2011-07-08,31.06999969482422,31.14999961853028,30.8700008392334,30.959999084472656,25.503725051879883,812800
FIS,2011-07-11,30.64999961853028,30.729999542236328,30.209999084472656,30.239999771118164,24.91061782836914,986700
FIS,2011-07-12,30.14999961853028,30.299999237060547,30.020000457763672,30.030000686645508,24.737625122070312,1134700
FIS,2011-07-13,30.13999938964844,30.280000686645508,29.89999961853028,29.989999771118164,24.704673767089844,699300
FIS,2011-07-14,29.940000534057617,30.100000381469727,29.540000915527344,29.600000381469727,24.383411407470703,938000
FIS,2011-07-15,29.68000030517578,29.700000762939453,29.299999237060547,29.6299991607666,24.408123016357425,1110100
FIS,2011-07-18,29.440000534057617,29.559999465942383,28.950000762939453,29.01000022888184,23.89738845825196,1423200
FIS,2011-07-19,29.100000381469727,29.950000762939453,29.100000381469727,29.780000686645508,24.53168678283692,1978300
FIS,2011-07-20,30.239999771118164,30.600000381469727,29.75,30.46999931335449,25.10008811950684,2365400
FIS,2011-07-21,30.559999465942383,30.8700008392334,30.479999542236328,30.71999931335449,25.306020736694336,1688600
FIS,2011-07-22,30.700000762939453,30.71999931335449,30.36000061035156,30.479999542236328,25.108322143554688,829100
FIS,2011-07-25,30.13999938964844,30.540000915527344,30.11000061035156,30.309999465942383,24.968276977539062,788100
FIS,2011-07-26,30.26000022888184,30.51000022888184,30.1200008392334,30.34000015258789,24.99299049377441,1270900
FIS,2011-07-27,30.15999984741211,30.21999931335449,29.979999542236328,29.989999771118164,24.704673767089844,1484800
FIS,2011-07-28,29.89999961853028,30.68000030517578,29.86000061035156,30.64999961853028,25.24835777282715,2055700
FIS,2011-07-29,30.420000076293945,30.6299991607666,29.989999771118164,30.020000457763672,24.729389190673828,1504900
FIS,2011-08-01,30.270000457763672,30.450000762939453,29.14999961853028,29.350000381469727,24.17746353149414,1479600
FIS,2011-08-02,29.06999969482422,29.299999237060547,28.239999771118164,28.25,23.27132606506348,1189300
FIS,2011-08-03,28.229999542236328,29.030000686645508,28.06999969482422,28.989999771118164,23.880908966064453,1800000
FIS,2011-08-04,28.670000076293945,29.09000015258789,28.15999984741211,28.170000076293945,23.205427169799805,3725500
FIS,2011-08-05,28.479999542236328,29.3700008392334,28.31999969482422,28.940000534057617,23.83972930908203,4792300
FIS,2011-08-08,28.200000762939453,28.71999931335449,26.700000762939453,26.700000762939453,21.994489669799805,5245200
FIS,2011-08-09,27.190000534057617,27.979999542236328,26.14999961853028,27.93000030517578,23.007720947265625,5152500
FIS,2011-08-10,27.3799991607666,27.770000457763672,26.64999961853028,26.729999542236328,22.01920509338379,4227700
FIS,2011-08-11,26.93000030517578,28.1200008392334,26.84000015258789,27.86000061035156,22.950063705444336,3514700
FIS,2011-08-12,28.049999237060547,28.209999084472656,27.739999771118164,28.07999992370605,23.131282806396484,1965500
FIS,2011-08-15,27.920000076293945,28.270000457763672,27.6299991607666,28.25,23.27132606506348,2087700
FIS,2011-08-16,27.90999984741211,28.280000686645508,27.690000534057617,28.06999969482422,23.123046875,1753300
FIS,2011-08-17,28.200000762939453,28.309999465942383,27.670000076293945,27.8700008392334,22.958301544189453,1353300
FIS,2011-08-18,27.09000015258789,27.309999465942383,26.68000030517578,26.920000076293945,22.17572593688965,2585100
FIS,2011-08-19,26.739999771118164,27.64999961853028,26.63999938964844,26.65999984741211,21.9615421295166,3086300
FIS,2011-08-22,27.209999084472656,27.280000686645508,26.8700008392334,27.0,22.24162483215332,1253300
FIS,2011-08-23,27.1200008392334,28.0,27.0,28.0,23.06538391113281,1656200
FIS,2011-08-24,27.38999938964844,27.809999465942383,27.239999771118164,27.56999969482422,22.71116828918457,2042800
FIS,2011-08-25,27.709999084472656,27.940000534057617,26.89999961853028,26.96999931335449,22.216909408569336,2560100
FIS,2011-08-26,26.809999465942383,27.459999084472656,26.39999961853028,27.3700008392334,22.546417236328125,1656600
FIS,2011-08-29,27.75,28.059999465942383,27.59000015258789,28.059999465942383,23.11481285095215,1474800
FIS,2011-08-30,27.86000061035156,28.31999969482422,27.75,28.100000381469727,23.14775848388672,1405200
FIS,2011-08-31,28.290000915527344,28.31999969482422,27.850000381469727,28.18000030517578,23.21366310119629,1529400
FIS,2011-09-01,28.209999084472656,28.38999938964844,27.780000686645508,27.850000381469727,22.941823959350582,1134200
FIS,2011-09-02,27.34000015258789,27.489999771118164,26.81999969482422,26.81999969482422,22.09334373474121,1481900
FIS,2011-09-06,25.93000030517578,26.09000015258789,25.57999992370605,25.739999771118164,21.20368003845215,3534000
FIS,2011-09-07,26.09000015258789,26.82999992370605,25.89999961853028,26.81999969482422,22.09334373474121,2108300
FIS,2011-09-08,26.68000030517578,26.850000381469727,26.40999984741211,26.46999931335449,21.805030822753903,1376200
FIS,2011-09-09,26.1299991607666,26.239999771118164,25.31999969482422,25.3700008392334,20.898881912231445,1521100
FIS,2011-09-12,25.1299991607666,25.540000915527344,24.920000076293945,25.51000022888184,21.01421546936035,1420200
FIS,2011-09-13,25.520000457763672,25.71999931335449,25.280000686645508,25.549999237060547,21.04716682434082,1353800
FIS,2011-09-14,25.63999938964844,26.06999969482422,25.14999961853028,25.75,21.25351524353028,1860700
FIS,2011-09-15,26.11000061035156,26.18000030517578,25.690000534057617,26.18000030517578,21.60842514038086,1647100
FIS,2011-09-16,26.239999771118164,26.600000381469727,26.09000015258789,26.51000022888184,21.880800247192383,4729800
FIS,2011-09-19,26.0,26.14999961853028,25.770000457763672,26.020000457763672,21.47636032104492,1173300
FIS,2011-09-20,26.09000015258789,26.5,25.979999542236328,26.020000457763672,21.47636032104492,1316100
FIS,2011-09-21,26.020000457763672,26.1200008392334,24.8700008392334,24.8799991607666,20.535430908203125,2130800
FIS,2011-09-22,24.39999961853028,24.39999961853028,23.670000076293945,24.15999984741211,19.94115829467773,3387000
FIS,2011-09-23,24.07999992370605,24.299999237060547,23.920000076293945,24.100000381469727,19.89163398742676,1662700
FIS,2011-09-26,24.25,24.56999969482422,23.86000061035156,24.549999237060547,20.26305389404297,1592300
FIS,2011-09-27,25.020000457763672,25.520000457763672,24.8700008392334,25.049999237060547,20.67574882507324,1515800
FIS,2011-09-28,25.049999237060547,25.229999542236328,24.6200008392334,24.670000076293945,20.36210823059082,1784700
FIS,2011-09-29,25.1200008392334,25.26000022888184,24.26000022888184,24.790000915527344,20.461143493652344,1443800
FIS,2011-09-30,24.420000076293945,24.709999084472656,24.31999969482422,24.31999969482422,20.073225021362305,1620300
FIS,2011-10-03,24.15999984741211,24.56999969482422,23.43000030517578,23.450000762939453,19.355138778686523,1919500
FIS,2011-10-04,23.09000015258789,24.530000686645508,23.059999465942383,24.46999931335449,20.197031021118164,2600000
FIS,2011-10-05,24.520000457763672,24.65999984741211,23.989999771118164,24.32999992370605,20.081472396850582,2711400
FIS,2011-10-06,24.34000015258789,25.200000762939453,24.21999931335449,25.190000534057617,20.791303634643555,1913200
FIS,2011-10-07,25.190000534057617,25.270000457763672,24.75,24.790000915527344,20.461143493652344,1793300
FIS,2011-10-10,25.25,25.479999542236328,25.13999938964844,25.479999542236328,21.030658721923828,1084600
FIS,2011-10-11,25.209999084472656,25.770000457763672,25.14999961853028,25.540000915527344,21.08017539978028,895000
FIS,2011-10-12,25.76000022888184,25.989999771118164,25.5,25.84000015258789,21.327787399291992,1552900
FIS,2011-10-13,25.700000762939453,25.84000015258789,25.34000015258789,25.739999771118164,21.245256423950195,998200
FIS,2011-10-14,26.049999237060547,26.200000762939453,25.88999938964844,26.100000381469727,21.54239273071289,1112400
FIS,2011-10-17,25.940000534057617,26.01000022888184,25.549999237060547,25.61000061035156,21.137958526611328,1644400
FIS,2011-10-18,25.549999237060547,26.420000076293945,25.280000686645508,26.31999969482422,21.72397422790528,2039900
FIS,2011-10-19,26.31999969482422,26.31999969482422,25.5,25.56999969482422,21.10493850708008,1363700
FIS,2011-10-20,25.61000061035156,25.86000061035156,25.11000061035156,25.450000762939453,21.00589942932129,1796900
FIS,2011-10-21,25.729999542236328,25.90999984741211,25.51000022888184,25.780000686645508,21.27827835083008,1513200
FIS,2011-10-24,25.850000381469727,26.5,25.76000022888184,26.43000030517578,21.81477165222168,884100
FIS,2011-10-25,26.25,26.450000762939453,25.84000015258789,25.90999984741211,21.38556671142578,1498400
FIS,2011-10-26,26.26000022888184,26.38999938964844,25.51000022888184,26.309999465942383,21.715721130371094,1862100
FIS,2011-10-27,27.13999938964844,27.46999931335449,26.86000061035156,27.309999465942383,22.54110145568848,2633200
FIS,2011-10-28,27.020000457763672,27.170000076293945,26.850000381469727,27.07999992370605,22.35126495361328,1767800
FIS,2011-10-31,26.690000534057617,27.01000022888184,26.14999961853028,26.18000030517578,21.60842514038086,3499600
FIS,2011-11-01,24.38999938964844,25.520000457763672,24.059999465942383,24.799999237060547,20.46939468383789,5622200
FIS,2011-11-02,25.1299991607666,25.299999237060547,24.450000762939453,24.59000015258789,20.29606437683105,3240200
FIS,2011-11-03,24.809999465942383,25.540000915527344,24.51000022888184,25.51000022888184,21.055418014526367,1998200
FIS,2011-11-04,25.280000686645508,25.39999961853028,24.920000076293945,25.229999542236328,20.82431411743164,1724500
FIS,2011-11-07,25.21999931335449,25.670000076293945,25.09000015258789,25.65999984741211,21.17922592163086,1529600
FIS,2011-11-08,25.76000022888184,26.0,25.459999084472656,25.989999771118164,21.45159912109375,1120600
FIS,2011-11-09,25.280000686645508,25.450000762939453,24.850000381469727,24.8700008392334,20.52718162536621,2021000
FIS,2011-11-10,25.18000030517578,25.280000686645508,24.780000686645508,25.09000015258789,20.708755493164062,1571700
FIS,2011-11-11,25.51000022888184,25.82999992370605,25.46999931335449,25.780000686645508,21.27827835083008,947800
FIS,2011-11-14,25.600000381469727,25.6200008392334,24.89999961853028,25.0,20.63447380065918,1806600
FIS,2011-11-15,24.96999931335449,25.15999984741211,24.739999771118164,24.88999938964844,20.543682098388672,3826700
FIS,2011-11-16,24.700000762939453,25.09000015258789,24.440000534057617,24.46999931335449,20.197031021118164,1833600
FIS,2011-11-17,24.38999938964844,24.5,23.57999992370605,23.6299991607666,19.50370216369629,2607800
FIS,2011-11-18,23.63999938964844,23.799999237060547,23.43000030517578,23.68000030517578,19.54497337341309,3220200
FIS,2011-11-21,23.299999237060547,23.51000022888184,23.11000061035156,23.3700008392334,19.28911018371582,1970800
FIS,2011-11-22,23.32999992370605,23.420000076293945,22.76000022888184,22.82999992370605,18.843400955200195,2134400
FIS,2011-11-23,22.6200008392334,23.01000022888184,22.540000915527344,22.780000686645508,18.80213737487793,2400300
FIS,2011-11-25,22.690000534057617,22.88999938964844,22.530000686645508,22.57999992370605,18.63705825805664,876400
FIS,2011-11-28,23.15999984741211,23.270000457763672,23.020000457763672,23.21999931335449,19.16530036926269,1113400
FIS,2011-11-29,23.1299991607666,23.170000076293945,22.76000022888184,22.790000915527344,18.810392379760746,2055300
FIS,2011-11-30,23.57999992370605,24.100000381469727,23.39999961853028,24.09000015258789,19.883377075195312,3655600
FIS,2011-12-01,23.989999771118164,24.809999465942383,23.93000030517578,24.61000061035156,20.31258010864257,2590900
FIS,2011-12-02,24.88999938964844,24.96999931335449,24.76000022888184,24.90999984741211,20.560190200805664,2441300
FIS,2011-12-05,25.299999237060547,25.76000022888184,25.200000762939453,25.59000015258789,21.12144660949707,2285200
FIS,2011-12-06,25.59000015258789,25.59000015258789,25.25,25.25,20.84081649780273,2093100
FIS,2011-12-07,25.15999984741211,25.989999771118164,24.940000534057617,25.959999084472656,21.426841735839844,2555700
FIS,2011-12-08,25.81999969482422,25.93000030517578,25.13999938964844,25.190000534057617,20.791303634643555,2908100
FIS,2011-12-09,25.280000686645508,25.88999938964844,25.229999542236328,25.71999931335449,21.22874641418457,2434700
FIS,2011-12-12,25.540000915527344,25.65999984741211,25.350000381469727,25.40999984741211,20.972885131835938,1803700
FIS,2011-12-13,25.57999992370605,25.780000686645508,25.07999992370605,25.229999542236328,20.82431411743164,1777800
FIS,2011-12-14,25.18000030517578,25.64999961853028,25.1200008392334,25.38999938964844,20.997987747192383,2523800
FIS,2011-12-15,25.61000061035156,25.790000915527344,25.18000030517578,25.229999542236328,20.865665435791016,1870200
FIS,2011-12-16,25.43000030517578,25.739999771118164,25.26000022888184,25.420000076293945,21.02279090881348,2504100
FIS,2011-12-19,25.540000915527344,25.59000015258789,24.979999542236328,25.020000457763672,20.69198608398437,1606300
FIS,2011-12-20,25.520000457763672,26.040000915527344,25.520000457763672,25.8700008392334,21.39495086669922,2807300
FIS,2011-12-21,25.729999542236328,26.07999992370605,25.64999961853028,26.059999465942383,21.55208778381348,1592500
FIS,2011-12-22,26.1200008392334,26.549999237060547,26.020000457763672,26.440000534057617,21.866355895996094,1665900
FIS,2011-12-23,26.5,26.75,26.479999542236328,26.600000381469727,21.998682022094727,1057400
FIS,2011-12-27,26.489999771118164,26.84000015258789,26.479999542236328,26.65999984741211,22.048301696777344,1050600
FIS,2011-12-28,26.68000030517578,26.75,26.26000022888184,26.34000015258789,21.78365707397461,1544000
FIS,2011-12-29,26.450000762939453,26.57999992370605,26.36000061035156,26.530000686645508,21.940786361694336,1305800
FIS,2011-12-30,26.479999542236328,26.709999084472656,26.450000762939453,26.59000015258789,21.990413665771484,956200
FIS,2012-01-03,27.059999465942383,27.11000061035156,26.65999984741211,26.690000534057617,22.07311248779297,1721700
FIS,2012-01-04,26.6200008392334,26.780000686645508,26.309999465942383,26.700000762939453,22.08137321472168,1707000
FIS,2012-01-05,26.559999465942383,27.200000762939453,26.559999465942383,26.89999961853028,22.24677848815918,1876000
FIS,2012-01-06,26.82999992370605,26.979999542236328,26.39999961853028,26.43000030517578,21.858089447021484,1823700
FIS,2012-01-09,26.5,27.059999465942383,26.46999931335449,26.989999771118164,22.32121467590332,1464700
FIS,2012-01-10,27.31999969482422,27.549999237060547,26.780000686645508,27.170000076293945,22.470081329345703,1622000
FIS,2012-01-11,27.07999992370605,27.32999992370605,27.040000915527344,27.229999542236328,22.519695281982425,1061900
FIS,2012-01-12,27.39999961853028,27.440000534057617,26.979999542236328,27.100000381469727,22.412187576293945,2034600
FIS,2012-01-13,26.940000534057617,27.030000686645508,26.709999084472656,26.940000534057617,22.279863357543945,1434300
FIS,2012-01-17,27.100000381469727,27.290000915527344,26.979999542236328,27.030000686645508,22.354305267333984,1362800
FIS,2012-01-18,27.030000686645508,27.440000534057617,26.86000061035156,27.38999938964844,22.65202713012696,877700
FIS,2012-01-19,27.5,27.770000457763672,27.46999931335449,27.600000381469727,22.825702667236328,1312800
FIS,2012-01-20,27.600000381469727,27.8799991607666,27.489999771118164,27.84000015258789,23.024179458618164,1399200
FIS,2012-01-23,27.799999237060547,28.0,27.670000076293945,27.959999084472656,23.12342834472656,1066100
FIS,2012-01-24,27.64999961853028,28.1200008392334,27.600000381469727,28.049999237060547,23.19786071777344,947900
FIS,2012-01-25,27.979999542236328,28.39999961853028,27.809999465942383,28.32999992370605,23.42942237854004,1022600
FIS,2012-01-26,28.40999984741211,28.489999771118164,28.200000762939453,28.40999984741211,23.49558448791504,959900
FIS,2012-01-27,28.270000457763672,28.6200008392334,28.229999542236328,28.549999237060547,23.61136054992676,1271500
FIS,2012-01-30,28.21999931335449,28.57999992370605,28.07999992370605,28.559999465942383,23.61964225769043,980700
FIS,2012-01-31,28.559999465942383,28.670000076293945,28.3799991607666,28.559999465942383,23.61964225769043,1972000
FIS,2012-02-01,28.530000686645508,28.780000686645508,28.46999931335449,28.700000762939453,23.73541641235352,2081600
FIS,2012-02-02,28.81999969482422,28.82999992370605,28.65999984741211,28.75,23.77677154541016,1842900
FIS,2012-02-03,29.0,29.39999961853028,28.959999084472656,29.39999961853028,24.3143253326416,2422500
FIS,2012-02-06,29.14999961853028,29.31999969482422,29.059999465942383,29.26000022888184,24.19855117797852,1169500
FIS,2012-02-07,29.059999465942383,29.059999465942383,28.86000061035156,28.89999961853028,23.90082550048828,1679100
FIS,2012-02-08,28.940000534057617,29.020000457763672,28.690000534057617,28.81999969482422,23.834659576416016,2356300
FIS,2012-02-09,28.950000762939453,28.96999931335449,28.65999984741211,28.770000457763672,23.79331016540528,1996200
FIS,2012-02-10,28.600000381469727,28.68000030517578,28.520000457763672,28.64999961853028,23.694067001342773,1593100
FIS,2012-02-13,28.81999969482422,29.07999992370605,28.63999938964844,29.0,23.983516693115234,2430300
FIS,2012-02-14,29.65999984741211,31.299999237060547,29.65999984741211,31.040000915527344,25.670637130737305,4460500
FIS,2012-02-15,31.420000076293945,31.96999931335449,31.290000915527344,31.440000534057617,26.001449584960938,3122800
FIS,2012-02-16,31.440000534057617,31.51000022888184,31.14999961853028,31.15999984741211,25.76987838745117,1777200
FIS,2012-02-17,31.290000915527344,31.299999237060547,30.5,30.700000762939453,25.389448165893555,3428100
FIS,2012-02-21,30.799999237060547,30.88999938964844,30.56999969482422,30.770000457763672,25.44735145568848,2023000
FIS,2012-02-22,30.59000015258789,30.959999084472656,30.59000015258789,30.729999542236328,25.414262771606445,2328700
FIS,2012-02-23,30.71999931335449,31.18000030517578,30.64999961853028,31.11000061035156,25.72852897644043,3070000
FIS,2012-02-24,31.07999992370605,31.21999931335449,30.979999542236328,31.06999969482422,25.69544792175293,1531300
FIS,2012-02-27,30.8700008392334,31.40999984741211,30.700000762939453,31.21999931335449,25.81950569152832,1552200
FIS,2012-02-28,31.26000022888184,31.6299991607666,31.049999237060547,31.479999542236328,26.03453063964844,2001500
FIS,2012-02-29,31.46999931335449,31.790000915527344,31.299999237060547,31.729999542236328,26.24128532409668,2407000
FIS,2012-03-01,31.799999237060547,31.979999542236328,31.729999542236328,31.93000030517578,26.406688690185547,2382000
FIS,2012-03-02,31.8700008392334,31.8700008392334,31.170000076293945,31.190000534057617,25.79469490051269,1180000
FIS,2012-03-05,31.25,31.5,31.200000762939453,31.440000534057617,26.001449584960938,1382100
FIS,2012-03-06,31.200000762939453,31.459999084472656,30.96999931335449,31.07999992370605,25.703725814819336,1218400
FIS,2012-03-07,31.190000534057617,31.520000457763672,31.059999465942383,31.420000076293945,25.984909057617188,1323500
FIS,2012-03-08,31.71999931335449,31.809999465942383,31.479999542236328,31.700000762939453,26.216466903686523,1211500
FIS,2012-03-09,31.82999992370605,31.89999961853028,31.59000015258789,31.68000030517578,26.199932098388672,1038700
FIS,2012-03-12,31.68000030517578,31.93000030517578,31.549999237060547,31.780000686645508,26.282629013061523,1183800
FIS,2012-03-13,31.96999931335449,32.06999969482422,31.770000457763672,32.06999969482422,26.5224666595459,2062000
FIS,2012-03-14,31.979999542236328,32.290000915527344,31.84000015258789,32.220001220703125,26.81373786926269,1249800
FIS,2012-03-15,32.220001220703125,33.0,32.13999938964844,32.83000183105469,27.321388244628903,2401200
FIS,2012-03-16,32.939998626708984,33.060001373291016,32.72999954223633,33.0,27.46286392211914,3807400
FIS,2012-03-19,32.880001068115234,32.970001220703125,32.75,32.880001068115234,27.362998962402344,1343300
FIS,2012-03-20,32.63999938964844,32.970001220703125,32.45000076293945,32.880001068115234,27.362998962402344,1789700
FIS,2012-03-21,32.75,33.029998779296875,32.66999816894531,32.880001068115234,27.362998962402344,1488000
FIS,2012-03-22,32.630001068115234,33.040000915527344,32.540000915527344,32.939998626708984,27.41293334960937,1226800
FIS,2012-03-23,32.90999984741211,33.040000915527344,32.650001525878906,32.959999084472656,27.429584503173828,1093200
FIS,2012-03-26,33.16999816894531,33.36000061035156,33.040000915527344,33.349998474121094,27.754133224487305,1623100
FIS,2012-03-27,33.43000030517578,33.43000030517578,33.08000183105469,33.150001525878906,27.58769798278809,1018200
FIS,2012-03-28,33.150001525878906,33.189998626708984,32.7599983215332,33.04999923706055,27.50447654724121,1433700
FIS,2012-03-29,32.779998779296875,33.2400016784668,32.779998779296875,33.04999923706055,27.50447654724121,1617700
FIS,2012-03-30,33.400001525878906,33.439998626708984,32.93000030517578,33.119998931884766,27.56273078918457,1987800
FIS,2012-04-02,32.97999954223633,33.91999816894531,32.849998474121094,33.56999969482422,27.93722152709961,2570000
FIS,2012-04-03,33.56999969482422,33.66999816894531,33.0099983215332,33.22999954223633,27.65426445007324,1369300
FIS,2012-04-04,33.029998779296875,33.06999969482422,32.52000045776367,32.540000915527344,27.08004570007324,1693000
FIS,2012-04-05,32.43000030517578,32.66999816894531,32.41999816894531,32.58000183105469,27.113338470458984,1924900
FIS,2012-04-09,32.18000030517578,32.36000061035156,32.040000915527344,32.209999084472656,26.805418014526367,1504600
FIS,2012-04-10,32.20000076293945,32.540000915527344,32.130001068115234,32.220001220703125,26.81373786926269,3033800
FIS,2012-04-11,32.459999084472656,32.86000061035156,32.369998931884766,32.779998779296875,27.27977180480957,2128100
FIS,2012-04-12,32.79999923706055,33.08000183105469,32.779998779296875,32.88999938964844,27.371322631835938,1641800
FIS,2012-04-13,32.779998779296875,32.91999816894531,32.47999954223633,32.47999954223633,27.030118942260746,1197000
FIS,2012-04-16,32.45000076293945,33.02000045776367,32.439998626708984,32.849998474121094,27.338031768798828,1156100
FIS,2012-04-17,32.599998474121094,33.45000076293945,32.349998474121094,33.29999923706055,27.712526321411133,2269300
FIS,2012-04-18,33.119998931884766,33.52000045776367,33.0099983215332,33.40999984741211,27.804067611694336,1756500
FIS,2012-04-19,33.310001373291016,33.720001220703125,32.91999816894531,33.099998474121094,27.54607963562012,1628000
FIS,2012-04-20,33.189998626708984,33.31999969482422,33.06999969482422,33.06999969482422,27.521116256713867,1855900
FIS,2012-04-23,32.7599983215332,32.90999984741211,32.47999954223633,32.869998931884766,27.35467338562012,1442000
FIS,2012-04-24,32.81999969482422,32.88999938964844,32.529998779296875,32.630001068115234,27.15494537353516,1347800
FIS,2012-04-25,32.900001525878906,33.220001220703125,32.59000015258789,33.06999969482422,27.521116256713867,1719800
FIS,2012-04-26,32.970001220703125,34.0,32.91999816894531,33.630001068115234,27.987159729003903,2431300
FIS,2012-04-27,33.84000015258789,34.0,33.650001525878906,33.88999938964844,28.20353126525879,2202000
FIS,2012-04-30,33.75,33.83000183105469,33.41999816894531,33.66999816894531,28.02044105529785,1152200
FIS,2012-05-01,33.689998626708984,34.150001525878906,33.66999816894531,34.029998779296875,28.320032119750977,1744200
FIS,2012-05-02,33.900001525878906,34.0,33.68000030517578,33.86000061035156,28.178560256958008,1895700
FIS,2012-05-03,33.810001373291016,33.810001373291016,33.310001373291016,33.33000183105469,27.73748779296875,768100
FIS,2012-05-04,33.189998626708984,33.34000015258789,32.869998931884766,32.93000030517578,27.404603958129883,1205400
FIS,2012-05-07,32.83000183105469,32.97999954223633,32.599998474121094,32.650001525878906,27.17159652709961,979000
FIS,2012-05-08,32.40999984741211,32.5099983215332,31.940000534057617,32.2400016784668,26.83038902282715,1522100
FIS,2012-05-09,31.86000061035156,32.4900016784668,31.84000015258789,32.2400016784668,26.83038902282715,1470100
FIS,2012-05-10,32.45000076293945,32.63999938964844,32.369998931884766,32.560001373291016,27.0966911315918,1450100
FIS,2012-05-11,32.43000030517578,32.90999984741211,32.34000015258789,32.7400016784668,27.246488571166992,1335100
FIS,2012-05-14,32.5099983215332,32.63999938964844,32.22999954223633,32.4900016784668,27.03843688964844,998600
FIS,2012-05-15,32.459999084472656,32.689998626708984,32.22999954223633,32.45000076293945,27.0051498413086,1159000
FIS,2012-05-16,32.560001373291016,32.84000015258789,32.43000030517578,32.52000045776367,27.06340408325196,1448300
FIS,2012-05-17,32.4900016784668,32.540000915527344,32.029998779296875,32.029998779296875,26.655622482299805,1529900
FIS,2012-05-18,32.09000015258789,32.18000030517578,31.299999237060547,31.3700008392334,26.10636329650879,1639600
FIS,2012-05-21,31.3799991607666,31.96999931335449,31.3700008392334,31.920000076293945,26.564085006713867,1447600
FIS,2012-05-22,32.029998779296875,32.61000061035156,31.84000015258789,32.61000061035156,27.138301849365234,1790900
FIS,2012-05-23,32.40999984741211,32.880001068115234,32.290000915527344,32.84000015258789,27.329702377319336,2049500
FIS,2012-05-24,32.959999084472656,33.09000015258789,32.63999938964844,32.959999084472656,27.429584503173828,1707200
FIS,2012-05-25,33.0,33.060001373291016,32.66999816894531,32.81999969482422,27.313066482543945,992600
FIS,2012-05-29,33.130001068115234,33.38999938964844,32.790000915527344,33.34000015258789,27.745813369750977,1676300
FIS,2012-05-30,33.119998931884766,33.18000030517578,32.880001068115234,32.95000076293945,27.42124366760254,2185500
FIS,2012-05-31,32.91999816894531,33.04999923706055,32.540000915527344,32.779998779296875,27.27977180480957,5747800
FIS,2012-06-01,32.33000183105469,32.38999938964844,31.350000381469727,31.3700008392334,26.10636329650879,2145100
FIS,2012-06-04,31.3700008392334,31.57999992370605,30.959999084472656,31.239999771118164,25.998178482055664,1823200
FIS,2012-06-05,31.18000030517578,31.75,31.06999969482422,31.700000762939453,26.3809871673584,1280800
FIS,2012-06-06,31.96999931335449,32.150001525878906,31.790000915527344,32.13999938964844,26.74716567993164,1497400
FIS,2012-06-07,32.52000045776367,32.540000915527344,32.060001373291016,32.11000061035156,26.72219657897949,1066500
FIS,2012-06-08,31.979999542236328,32.38999938964844,31.90999984741211,32.38999938964844,26.955209732055664,750000
FIS,2012-06-11,32.630001068115234,32.72999954223633,31.940000534057617,31.950000762939453,26.58904457092285,1186900
FIS,2012-06-12,32.02000045776367,32.25,31.81999969482422,32.099998474121094,26.7138729095459,1229900
FIS,2012-06-13,31.920000076293945,32.54999923706055,31.6200008392334,32.38999938964844,27.124210357666016,1937200
FIS,2012-06-14,32.38999938964844,32.709999084472656,32.36000061035156,32.59000015258789,27.29169654846192,1314900
FIS,2012-06-15,32.61000061035156,33.09000015258789,32.529998779296875,33.02000045776367,27.651790618896484,3097900
FIS,2012-06-18,32.939998626708984,33.29999923706055,32.790000915527344,33.2400016784668,27.836027145385746,949600
FIS,2012-06-19,33.29999923706055,33.70000076293945,33.290000915527344,33.41999816894531,27.98675346374512,999700
FIS,2012-06-20,33.380001068115234,33.93000030517578,33.380001068115234,33.869998931884766,28.363601684570312,1789300
FIS,2012-06-21,33.880001068115234,33.90999984741211,32.9900016784668,32.9900016784668,27.62666893005371,1078600
FIS,2012-06-22,33.16999816894531,33.43000030517578,33.02000045776367,33.279998779296875,27.86952781677246,1052200
FIS,2012-06-25,32.95000076293945,32.970001220703125,32.47999954223633,32.4900016784668,27.20795631408692,1082200
FIS,2012-06-26,32.4900016784668,32.83000183105469,32.41999816894531,32.7400016784668,27.417312622070312,1341900
FIS,2012-06-27,32.7400016784668,33.81999969482422,32.7400016784668,33.709999084472656,28.229610443115234,2611800
FIS,2012-06-28,33.56999969482422,33.68000030517578,33.20000076293945,33.459999084472656,28.0202579498291,1947100
FIS,2012-06-29,33.970001220703125,34.08000183105469,33.79999923706055,34.08000183105469,28.539470672607425,2662800
FIS,2012-07-02,34.11000061035156,34.47999954223633,33.869998931884766,34.459999084472656,28.85768318176269,2146700
FIS,2012-07-03,34.43000030517578,34.810001373291016,34.369998931884766,34.79999923706055,29.142412185668945,802200
FIS,2012-07-05,34.599998474121094,34.849998474121094,34.470001220703125,34.470001220703125,28.86606216430664,1188000
FIS,2012-07-06,34.18000030517578,34.38999938964844,34.0099983215332,34.290000915527344,28.715330123901367,1189700
FIS,2012-07-09,34.220001220703125,34.38999938964844,33.93000030517578,34.369998931884766,28.782320022583008,801400
FIS,2012-07-10,34.5099983215332,34.84000015258789,33.81999969482422,33.88999938964844,28.380352020263672,1235400
FIS,2012-07-11,33.959999084472656,34.209999084472656,33.81999969482422,34.119998931884766,28.572959899902344,1235700
FIS,2012-07-12,33.86000061035156,34.040000915527344,33.790000915527344,33.93000030517578,28.413848876953125,1274200
FIS,2012-07-13,33.369998931884766,34.34000015258789,33.33000183105469,34.31999969482422,28.74043846130371,2182500
FIS,2012-07-16,34.119998931884766,34.45000076293945,34.0,34.29999923706055,28.723691940307617,1234200
FIS,2012-07-17,34.31999969482422,34.52000045776367,34.130001068115234,34.22999954223633,28.66507339477539,1177000
FIS,2012-07-18,33.790000915527344,33.970001220703125,32.2599983215332,33.130001068115234,27.743915557861328,4599600
FIS,2012-07-19,33.31999969482422,33.31999969482422,32.529998779296875,32.599998474121094,27.3000717163086,2378100
FIS,2012-07-20,32.5,32.540000915527344,32.099998474121094,32.130001068115234,26.9064884185791,1509000
FIS,2012-07-23,31.89999961853028,32.209999084472656,31.61000061035156,32.0,26.797622680664062,1612100
FIS,2012-07-24,32.08000183105469,32.25,31.84000015258789,32.0099983215332,26.80599021911621,1481700
FIS,2012-07-25,32.0099983215332,32.029998779296875,31.6299991607666,31.670000076293945,26.521265029907227,1236100
FIS,2012-07-26,32.13999938964844,32.33000183105469,31.690000534057617,31.700000762939453,26.546390533447266,2094600
FIS,2012-07-27,31.88999938964844,32.41999816894531,31.71999931335449,32.31999969482422,27.065593719482425,2750500
FIS,2012-07-30,32.0099983215332,32.209999084472656,31.64999961853028,31.64999961853028,26.50452423095703,2777300
FIS,2012-07-31,31.68000030517578,31.68000030517578,31.38999938964844,31.440000534057617,26.328662872314453,2211300
FIS,2012-08-01,31.520000457763672,31.6200008392334,30.57999992370605,30.709999084472656,25.717344284057617,2228700
FIS,2012-08-02,30.549999237060547,30.940000534057617,30.459999084472656,30.86000061035156,25.84295463562012,2400000
FIS,2012-08-03,31.21999931335449,31.559999465942383,31.049999237060547,31.46999931335449,26.3537826538086,3021200
FIS,2012-08-06,31.5,31.6299991607666,31.07999992370605,31.1299991607666,26.06905937194824,1105700
FIS,2012-08-07,31.26000022888184,31.32999992370605,31.040000915527344,31.040000915527344,25.99368667602539,2095100
FIS,2012-08-08,30.950000762939453,31.13999938964844,30.84000015258789,31.0,25.96019554138184,2352500
FIS,2012-08-09,31.0,31.1299991607666,30.93000030517578,31.040000915527344,25.99368667602539,806700
FIS,2012-08-10,30.90999984741211,31.09000015258789,30.90999984741211,31.059999465942383,26.01044273376465,928400
FIS,2012-08-13,30.950000762939453,31.020000457763672,30.790000915527344,30.989999771118164,25.951818466186523,1621300
FIS,2012-08-14,31.06999969482422,31.25,31.0,31.1299991607666,26.06905937194824,1625500
FIS,2012-08-15,31.049999237060547,31.1299991607666,30.86000061035156,30.8799991607666,25.859703063964844,1217900
FIS,2012-08-16,30.950000762939453,31.170000076293945,30.709999084472656,30.89999961853028,25.876447677612305,1480100
FIS,2012-08-17,31.040000915527344,31.200000762939453,30.989999771118164,31.170000076293945,26.10255622863769,5803500
FIS,2012-08-20,31.18000030517578,32.11000061035156,31.18000030517578,32.0,26.797622680664062,2587400
FIS,2012-08-21,31.96999931335449,32.189998626708984,31.82999992370605,31.979999542236328,26.78086471557617,2622100
FIS,2012-08-22,31.700000762939453,31.88999938964844,31.5,31.68000030517578,26.52963638305664,1131900
FIS,2012-08-23,31.6200008392334,31.799999237060547,31.440000534057617,31.71999931335449,26.56313705444336,1024600
FIS,2012-08-24,31.57999992370605,32.029998779296875,31.479999542236328,31.959999084472656,26.764123916625977,1016200
FIS,2012-08-27,32.099998474121094,32.099998474121094,31.81999969482422,31.920000076293945,26.73062515258789,614600
FIS,2012-08-28,31.82999992370605,31.90999984741211,31.6200008392334,31.670000076293945,26.521265029907227,773200
FIS,2012-08-29,31.71999931335449,31.799999237060547,31.5,31.71999931335449,26.56313705444336,784600
FIS,2012-08-30,31.57999992370605,31.65999984741211,31.450000762939453,31.479999542236328,26.36216163635254,1151800
FIS,2012-08-31,31.65999984741211,31.700000762939453,31.309999465942383,31.5,26.3789005279541,1333700
FIS,2012-09-04,31.520000457763672,31.709999084472656,31.299999237060547,31.57999992370605,26.445899963378903,1162100
FIS,2012-09-05,31.65999984741211,32.150001525878906,31.61000061035156,31.88999938964844,26.705501556396484,1857500
FIS,2012-09-06,32.08000183105469,32.65999984741211,32.060001373291016,32.63999938964844,27.333568572998047,1424800
FIS,2012-09-07,32.619998931884766,32.81999969482422,32.58000183105469,32.68000030517578,27.36707305908203,1178700
FIS,2012-09-10,32.45000076293945,32.689998626708984,32.43000030517578,32.459999084472656,27.18283462524414,1046600
FIS,2012-09-11,32.4900016784668,32.4900016784668,31.950000762939453,31.959999084472656,26.764123916625977,1405100
FIS,2012-09-12,31.88999938964844,31.88999938964844,31.46999931335449,31.51000022888184,26.55344581604004,1334600
FIS,2012-09-13,31.520000457763672,32.040000915527344,31.450000762939453,31.920000076293945,26.89895248413086,1979300
FIS,2012-09-14,31.940000534057617,31.989999771118164,31.64999961853028,31.700000762939453,26.713558197021484,2430800
FIS,2012-09-17,31.709999084472656,32.290000915527344,31.549999237060547,32.220001220703125,27.151762008666992,4669100
FIS,2012-09-18,32.2400016784668,32.45000076293945,32.08000183105469,32.439998626708984,27.3371524810791,1157900
FIS,2012-09-19,32.439998626708984,32.58000183105469,32.33000183105469,32.34000015258789,27.25288772583008,1923700
FIS,2012-09-20,32.290000915527344,32.650001525878906,32.13999938964844,32.560001373291016,27.43828010559082,1570300
FIS,2012-09-21,32.65999984741211,32.79999923706055,32.470001220703125,32.63999938964844,27.50569534301757,3841600
FIS,2012-09-24,32.27000045776367,32.689998626708984,32.18000030517578,32.459999084472656,27.354007720947266,2025500
FIS,2012-09-25,32.599998474121094,32.83000183105469,32.2599983215332,32.2599983215332,27.185470581054688,1653400
FIS,2012-09-26,32.279998779296875,32.369998931884766,31.739999771118164,31.809999465942383,26.806257247924805,1878300
FIS,2012-09-27,31.89999961853028,31.96999931335449,31.65999984741211,31.68000030517578,26.69670486450196,1584200
FIS,2012-09-28,31.61000061035156,31.709999084472656,31.200000762939453,31.21999931335449,26.309062957763672,2303900
FIS,2012-10-01,31.32999992370605,31.40999984741211,30.88999938964844,30.88999938964844,26.03097152709961,1900000
FIS,2012-10-02,30.780000686645508,31.1299991607666,30.76000022888184,30.979999542236328,26.1068172454834,2061800
FIS,2012-10-03,30.979999542236328,31.13999938964844,30.81999969482422,31.0,26.123668670654297,1798500
FIS,2012-10-04,31.07999992370605,31.32999992370605,30.959999084472656,31.13999938964844,26.24164772033692,2176100
FIS,2012-10-05,32.220001220703125,32.38999938964844,31.489999771118164,31.5,26.545021057128903,2937200
FIS,2012-10-08,31.38999938964844,31.46999931335449,31.190000534057617,31.350000381469727,26.41861915588379,1087900
FIS,2012-10-09,31.25,31.32999992370605,30.989999771118164,30.989999771118164,26.1152400970459,1339100
FIS,2012-10-10,30.89999961853028,31.21999931335449,30.89999961853028,31.13999938964844,26.24164772033692,2296800
FIS,2012-10-11,31.3799991607666,31.6299991607666,31.26000022888184,31.46999931335449,26.51974105834961,1426500
FIS,2012-10-12,31.5,32.02000045776367,31.479999542236328,31.8799991607666,26.8652400970459,1634500
FIS,2012-10-15,31.950000762939453,32.43000030517578,31.75,32.349998474121094,27.26131057739257,1511100
FIS,2012-10-16,32.40999984741211,32.59000015258789,32.369998931884766,32.529998779296875,27.413000106811523,808600
FIS,2012-10-17,32.529998779296875,32.65999984741211,32.47999954223633,32.619998931884766,27.48884391784668,541600
FIS,2012-10-18,32.540000915527344,32.70000076293945,32.41999816894531,32.5,27.38772392272949,778800
FIS,2012-10-19,32.58000183105469,32.58000183105469,32.2400016784668,32.40999984741211,27.311872482299805,1460400
FIS,2012-10-22,32.2400016784668,32.66999816894531,32.2400016784668,32.619998931884766,27.48884391784668,1359500
FIS,2012-10-23,32.380001068115234,32.650001525878906,32.08000183105469,32.58000183105469,27.455135345458984,1242000
FIS,2012-10-24,32.630001068115234,32.72999954223633,32.29999923706055,32.72999954223633,27.58153533935547,1841900
FIS,2012-10-25,32.93000030517578,33.0,32.45000076293945,32.540000915527344,27.42142677307129,2759500
FIS,2012-10-26,32.560001373291016,32.77000045776367,32.36000061035156,32.619998931884766,27.48884391784668,1012800
FIS,2012-10-31,32.63999938964844,33.06999969482422,32.630001068115234,32.869998931884766,27.69951629638672,2114500
FIS,2012-11-01,32.86000061035156,33.29999923706055,32.68000030517578,33.13999938964844,27.92705345153809,2057100
FIS,2012-11-02,33.29999923706055,33.72999954223633,33.150001525878906,33.52000045776367,28.247278213500977,1886300
FIS,2012-11-05,33.439998626708984,33.52000045776367,32.79999923706055,33.279998779296875,28.04502487182617,1748400
FIS,2012-11-06,34.189998626708984,35.439998626708984,34.02000045776367,34.72999954223633,29.266935348510746,4462900
FIS,2012-11-07,34.34000015258789,34.90999984741211,34.25,34.54999923706055,29.11524772644043,2399700
FIS,2012-11-08,34.5,34.560001373291016,34.119998931884766,34.33000183105469,28.92985343933105,2293400
FIS,2012-11-09,34.220001220703125,34.709999084472656,34.11000061035156,34.52000045776367,29.089975357055664,1370200
FIS,2012-11-12,34.540000915527344,35.060001373291016,34.369998931884766,34.88999938964844,29.40177726745605,1780000
FIS,2012-11-13,34.68000030517578,35.08000183105469,34.43000030517578,34.939998626708984,29.44391250610352,1462500
FIS,2012-11-14,34.08000183105469,35.220001220703125,33.619998931884766,34.380001068115234,28.97199440002441,1265700
FIS,2012-11-15,34.459999084472656,34.7400016784668,34.06999969482422,34.33000183105469,28.92985343933105,1388400
FIS,2012-11-16,34.369998931884766,35.20000076293945,34.369998931884766,35.0,29.49447059631348,2499400
FIS,2012-11-19,35.2400016784668,35.27000045776367,34.91999816894531,35.15999984741211,29.629297256469727,1628900
FIS,2012-11-20,35.18000030517578,35.7400016784668,35.06999969482422,35.52000045776367,29.93267250061035,2365500
FIS,2012-11-21,35.529998779296875,35.720001220703125,35.41999816894531,35.59000015258789,29.991662979125977,616800
FIS,2012-11-23,35.63999938964844,35.84000015258789,35.540000915527344,35.779998779296875,30.151763916015625,385200
FIS,2012-11-26,35.68000030517578,35.900001525878906,35.47999954223633,35.81999969482422,30.185487747192383,1290900
FIS,2012-11-27,35.7599983215332,35.900001525878906,35.5099983215332,35.689998626708984,30.07591819763184,1687800
FIS,2012-11-28,35.459999084472656,36.130001068115234,35.45000076293945,36.09999847412109,30.42144012451172,2161900
FIS,2012-11-29,36.11000061035156,36.43000030517578,36.0,36.119998931884766,30.438289642333984,1612700
FIS,2012-11-30,36.119998931884766,36.38999938964844,36.09999847412109,36.09999847412109,30.42144012451172,2186400
FIS,2012-12-03,36.13999938964844,36.43999862670898,35.7599983215332,35.810001373291016,30.177045822143555,2893900
FIS,2012-12-04,35.880001068115234,36.34999847412109,35.880001068115234,36.220001220703125,30.52255821228028,2420500
FIS,2012-12-05,36.36000061035156,36.90999984741211,35.95000076293945,36.70000076293945,30.927061080932617,3505700
FIS,2012-12-06,36.72999954223633,37.0099983215332,36.459999084472656,36.970001220703125,31.15458869934082,3427000
FIS,2012-12-07,36.93000030517578,37.13999938964844,35.91999816894531,36.15999984741211,30.47200393676757,3589300
FIS,2012-12-10,36.15999984741211,36.650001525878906,36.060001373291016,36.43999862670898,30.707958221435547,3234700
FIS,2012-12-11,36.470001220703125,36.72999954223633,36.18000030517578,36.36000061035156,30.640525817871094,3098400
FIS,2012-12-12,36.31999969482422,36.61000061035156,36.04999923706055,36.11000061035156,30.598169326782227,3152600
FIS,2012-12-13,35.9900016784668,36.09999847412109,35.20000076293945,35.540000915527344,30.11517333984375,4108800
FIS,2012-12-14,35.599998474121094,35.70000076293945,35.400001525878906,35.47999954223633,30.0643367767334,3195900
FIS,2012-12-17,35.689998626708984,35.77000045776367,34.91999816894531,35.0,29.657602310180664,6765600
FIS,2012-12-18,34.95000076293945,35.2599983215332,34.90999984741211,35.16999816894531,29.80165672302246,6847600
FIS,2012-12-19,35.13999938964844,35.16999816894531,34.689998626708984,35.06999969482422,29.716915130615234,5290100
FIS,2012-12-20,35.0,35.709999084472656,34.7400016784668,35.459999084472656,30.047382354736328,5024400
FIS,2012-12-21,35.380001068115234,35.75,34.7400016784668,34.88999938964844,29.564395904541016,3078800
FIS,2012-12-24,34.939998626708984,35.11000061035156,34.709999084472656,34.95000076293945,29.61523628234864,627800
FIS,2012-12-26,34.93000030517578,34.97999954223633,34.310001373291016,34.349998474121094,29.1068172454834,1158600
FIS,2012-12-27,34.27000045776367,34.689998626708984,34.02000045776367,34.58000183105469,29.301713943481445,2009700
FIS,2012-12-28,34.31999969482422,34.689998626708984,34.2599983215332,34.2599983215332,29.03055000305176,1250500
FIS,2012-12-31,34.20000076293945,34.83000183105469,33.9900016784668,34.810001373291016,29.496606826782227,2132800
FIS,2013-01-02,35.16999816894531,35.84000015258789,35.130001068115234,35.81999969482422,30.35244369506836,2879900
FIS,2013-01-03,35.86000061035156,35.91999816894531,35.52000045776367,35.56999969482422,30.140594482421875,1634300
FIS,2013-01-04,35.66999816894531,36.02000045776367,35.5099983215332,35.97999954223633,30.488012313842773,1519700
FIS,2013-01-07,35.75,35.95000076293945,35.47999954223633,35.79999923706055,30.33548927307129,1510200
FIS,2013-01-08,35.68000030517578,35.77000045776367,35.5099983215332,35.68000030517578,30.23381233215332,1156100
FIS,2013-01-09,35.81999969482422,36.04999923706055,35.66999816894531,36.02000045776367,30.52190971374512,1275400
FIS,2013-01-10,36.11000061035156,36.540000915527344,35.84000015258789,36.540000915527344,30.96253204345703,2171800
FIS,2013-01-11,36.630001068115234,37.36000061035156,36.560001373291016,37.0,31.352319717407227,2055400
FIS,2013-01-14,36.880001068115234,37.290000915527344,36.77999877929688,37.18999862670898,31.513307571411133,1832100
FIS,2013-01-15,36.880001068115234,36.90999984741211,36.18000030517578,36.7599983215332,31.14894676208496,2906600
FIS,2013-01-16,36.630001068115234,37.02999877929688,36.540000915527344,37.0,31.352319717407227,2182100
FIS,2013-01-17,37.09000015258789,37.25,36.95000076293945,37.04999923706055,31.39468574523925,2086500
FIS,2013-01-18,37.18000030517578,37.2400016784668,36.81999969482422,37.060001373291016,31.40316772460937,1935800
FIS,2013-01-22,37.0,37.77000045776367,36.93999862670898,37.68000030517578,31.92853355407715,2578900
FIS,2013-01-23,37.77999877929688,37.93000030517578,37.540000915527344,37.709999084472656,31.95393943786621,3572300
FIS,2013-01-24,37.720001220703125,37.81999969482422,37.18999862670898,37.22999954223633,31.547212600708008,1352500
FIS,2013-01-25,37.27999877929688,37.38999938964844,37.09000015258789,37.20000076293945,31.521787643432617,1239300
FIS,2013-01-28,37.18999862670898,37.310001373291016,36.77000045776367,36.84000015258789,31.216737747192383,1368900
FIS,2013-01-29,36.79999923706055,36.959999084472656,36.470001220703125,36.900001525878906,31.26758575439453,1267700
FIS,2013-01-30,36.900001525878906,37.220001220703125,36.790000915527344,37.16999816894531,31.49638557434082,1730800
FIS,2013-01-31,37.220001220703125,37.34999847412109,36.790000915527344,37.11000061035156,31.445528030395508,1250600
FIS,2013-02-01,37.310001373291016,37.75,37.27000045776367,37.65999984741211,31.91158103942871,1512300
FIS,2013-02-04,37.41999816894531,37.65999984741211,36.93999862670898,36.959999084472656,31.31842803955078,1547400
FIS,2013-02-05,37.18000030517578,37.4900016784668,37.09000015258789,37.27999877929688,31.58956718444824,1199000
FIS,2013-02-06,37.15999984741211,37.5099983215332,36.970001220703125,37.400001525878906,31.691261291503903,1650800
FIS,2013-02-07,37.310001373291016,37.400001525878906,36.959999084472656,37.08000183105469,31.42010498046875,1560600
FIS,2013-02-08,37.209999084472656,37.619998931884766,37.150001525878906,37.619998931884766,31.8776798248291,1285800
FIS,2013-02-11,37.52999877929688,37.720001220703125,37.34000015258789,37.560001373291016,31.82683753967285,1134700
FIS,2013-02-12,36.040000915527344,37.09999847412109,35.209999084472656,36.5,30.92863655090332,3131100
FIS,2013-02-13,36.630001068115234,37.4900016784668,36.59999847412109,37.20000076293945,31.521787643432617,2232600
FIS,2013-02-14,37.060001373291016,37.06999969482422,36.560001373291016,36.97999954223633,31.33537101745605,2472000
FIS,2013-02-15,36.900001525878906,36.93999862670898,36.400001525878906,36.4900016784668,30.92017936706543,2522400
FIS,2013-02-19,36.5,36.9900016784668,36.36000061035156,36.9900016784668,31.343849182128903,2953600
FIS,2013-02-20,36.970001220703125,37.4900016784668,36.91999816894531,37.2599983215332,31.5726318359375,2389600
FIS,2013-02-21,37.130001068115234,37.2400016784668,36.310001373291016,36.54999923706055,30.971004486083984,2740900
FIS,2013-02-22,36.560001373291016,37.02000045776367,36.0099983215332,37.0,31.352319717407227,2180700
FIS,2013-02-25,37.06999969482422,37.34999847412109,36.720001220703125,36.720001220703125,31.11505126953125,2393800
FIS,2013-02-26,36.83000183105469,37.150001525878906,36.59000015258789,37.040000915527344,31.38622283935547,1937300
FIS,2013-02-27,37.09999847412109,37.869998931884766,36.9900016784668,37.70000076293945,31.945457458496094,2099300
FIS,2013-02-28,37.70000076293945,37.86000061035156,37.459999084472656,37.650001525878906,31.903106689453125,1848100
FIS,2013-03-01,37.459999084472656,37.72999954223633,36.869998931884766,37.65999984741211,31.91158103942871,1426400
FIS,2013-03-04,37.54999923706055,37.77000045776367,37.34000015258789,37.77000045776367,32.0047721862793,1044200
FIS,2013-03-05,37.88999938964844,38.27999877929688,37.81999969482422,38.27999877929688,32.43693542480469,2044200
FIS,2013-03-06,38.38999938964844,38.43999862670898,38.13999938964844,38.40999984741211,32.547096252441406,1231200
FIS,2013-03-07,37.5,37.93000030517578,37.04999923706055,37.52999877929688,31.801422119140625,6178400
FIS,2013-03-08,37.720001220703125,38.15999984741211,37.52000045776367,37.90999984741211,32.123416900634766,4262900
FIS,2013-03-11,37.90999984741211,38.470001220703125,37.68999862670898,38.45000076293945,32.580989837646484,3797500
FIS,2013-03-12,38.290000915527344,38.63999938964844,38.13999938964844,38.47999954223633,32.60641860961914,2050500
FIS,2013-03-13,38.34999847412109,38.58000183105469,38.15999984741211,38.5099983215332,32.81947326660156,1459400
FIS,2013-03-14,38.56999969482422,38.66999816894531,38.43000030517578,38.56999969482422,32.87061309814453,1724500
FIS,2013-03-15,38.4900016784668,38.84000015258789,38.13999938964844,38.29999923706055,32.6405029296875,10380900
FIS,2013-03-18,37.93999862670898,38.2599983215332,37.61000061035156,37.70000076293945,32.1291618347168,2464100
FIS,2013-03-19,37.84999847412109,38.09999847412109,37.61000061035156,38.0,32.384822845458984,2090000
FIS,2013-03-20,38.310001373291016,38.5099983215332,38.09999847412109,38.43999862670898,32.759822845458984,1556100
FIS,2013-03-21,38.16999816894531,38.52000045776367,38.16999816894531,38.43000030517578,32.75129699707031,1930700
FIS,2013-03-22,38.5,38.630001068115234,38.20000076293945,38.56999969482422,32.87061309814453,1016100
FIS,2013-03-25,38.75,39.13999938964844,38.380001068115234,38.4900016784668,32.80242919921875,1119800
FIS,2013-03-26,38.65999984741211,39.02999877929688,38.58000183105469,39.02000045776367,33.254112243652344,1882800
FIS,2013-03-27,38.70000076293945,39.15999984741211,38.70000076293945,39.02000045776367,33.254112243652344,1148500
FIS,2013-03-28,39.09000015258789,39.65999984741211,38.970001220703125,39.619998931884766,33.76545715332031,1972200
FIS,2013-04-01,39.709999084472656,39.880001068115234,39.4900016784668,39.70000076293945,33.83362579345703,4006800
FIS,2013-04-02,39.7599983215332,39.9900016784668,39.70000076293945,39.97999954223633,34.0722541809082,3014700
FIS,2013-04-03,40.04999923706055,40.290000915527344,39.68999862670898,39.900001525878906,34.00407409667969,4949100
FIS,2013-04-04,39.88999938964844,40.0,39.58000183105469,39.72999954223633,33.85919952392578,1895000
FIS,2013-04-05,39.34000015258789,39.43000030517578,38.84999847412109,39.04999923706055,33.2796745300293,2039800
FIS,2013-04-08,38.9900016784668,39.15999984741211,38.880001068115234,39.15999984741211,33.3734245300293,1155400
FIS,2013-04-09,39.27000045776367,39.27000045776367,38.90999984741211,39.09000015258789,33.31377410888672,1520500
FIS,2013-04-10,39.25,40.04999923706055,39.150001525878906,40.040000915527344,34.12338638305664,2642600
FIS,2013-04-11,40.119998931884766,41.02000045776367,39.93999862670898,41.0,34.941532135009766,3823600
FIS,2013-04-12,40.43999862670898,40.77000045776367,40.2599983215332,40.75,34.72846603393555,1944500
FIS,2013-04-15,40.58000183105469,40.59000015258789,40.11000061035156,40.119998931884766,34.19155502319336,2922900
FIS,2013-04-16,40.34999847412109,40.68999862670898,39.959999084472656,40.650001525878906,34.64324951171875,1801200
FIS,2013-04-17,40.43000030517578,40.43000030517578,39.66999816894531,40.11000061035156,34.183048248291016,1465200
FIS,2013-04-18,40.15999984741211,40.27999877929688,39.709999084472656,40.25,34.30234146118164,1558800
FIS,2013-04-19,40.47999954223633,40.93999862670898,40.27000045776367,40.810001373291016,34.77961349487305,1953700
FIS,2013-04-22,40.86000061035156,41.060001373291016,40.31999969482422,40.59999847412109,34.60063171386719,1283000
FIS,2013-04-23,40.77999877929688,41.06999969482422,40.54999923706055,40.959999084472656,34.907447814941406,1467600
FIS,2013-04-24,41.0,41.13999938964844,40.77999877929688,40.93000030517578,34.881874084472656,1398100
FIS,2013-04-25,41.08000183105469,41.25,40.959999084472656,41.060001373291016,34.99265670776367,1232300
FIS,2013-04-26,40.9900016784668,41.060001373291016,40.720001220703125,40.790000915527344,34.7625732421875,2152500
FIS,2013-04-29,40.84000015258789,40.88999938964844,40.470001220703125,40.66999816894531,34.66029357910156,3682700
FIS,2013-04-30,42.0,42.29999923706055,40.560001373291016,42.04999923706055,35.83636474609375,3956500
FIS,2013-05-01,41.93000030517578,42.43999862670898,41.84000015258789,42.09999847412109,35.878990173339844,2415100
FIS,2013-05-02,42.09000015258789,42.45000076293945,42.06999969482422,42.33000183105469,36.07499313354492,1842000
FIS,2013-05-03,42.5,42.95000076293945,42.43000030517578,42.720001220703125,36.40737533569336,1546500
FIS,2013-05-06,42.810001373291016,42.810001373291016,42.41999816894531,42.540000915527344,36.25397491455078,1011000
FIS,2013-05-07,42.54999923706055,42.720001220703125,42.33000183105469,42.630001068115234,36.3306770324707,1149200
FIS,2013-05-08,42.630001068115234,43.68999862670898,42.52000045776367,43.56999969482422,37.13175582885742,2633100
FIS,2013-05-09,43.43000030517578,44.0,43.369998931884766,43.790000915527344,37.31926345825195,1903800
FIS,2013-05-10,43.810001373291016,44.0,43.59000015258789,43.790000915527344,37.31926345825195,1146800
FIS,2013-05-13,43.650001525878906,43.790000915527344,43.56999969482422,43.720001220703125,37.25960540771485,1522500
FIS,2013-05-14,43.7400016784668,44.02000045776367,43.650001525878906,43.970001220703125,37.4726676940918,2316300
FIS,2013-05-15,43.90999984741211,44.36000061035156,43.900001525878906,44.31999969482422,37.77094268798828,1485000
FIS,2013-05-16,44.29999923706055,44.77000045776367,44.290000915527344,44.5099983215332,37.93285369873047,1586300
FIS,2013-05-17,44.540000915527344,45.11000061035156,44.5099983215332,45.08000183105469,38.41864013671875,1475900
FIS,2013-05-20,45.04999923706055,45.29999923706055,44.91999816894531,45.2599983215332,38.57204055786133,1790400
FIS,2013-05-21,45.290000915527344,45.81999969482422,45.20000076293945,45.290000915527344,38.59762191772461,1347000
FIS,2013-05-22,45.34000015258789,45.75,44.97999954223633,45.18000030517578,38.50386428833008,2104600
FIS,2013-05-23,44.90999984741211,45.36000061035156,44.84999847412109,45.2400016784668,38.55501556396485,1642300
FIS,2013-05-24,44.9900016784668,45.25,44.560001373291016,45.15999984741211,38.48682403564453,1090700
FIS,2013-05-28,45.45000076293945,45.95000076293945,45.369998931884766,45.79999923706055,39.03224563598633,1532800
FIS,2013-05-29,45.459999084472656,45.52999877929688,44.93999862670898,45.06999969482422,38.410133361816406,1565100
FIS,2013-05-30,45.130001068115234,45.869998931884766,45.09000015258789,45.77999877929688,39.01520156860352,1109700
FIS,2013-05-31,45.58000183105469,45.66999816894531,44.880001068115234,44.900001525878906,38.26524353027344,3218500
FIS,2013-06-03,44.88999938964844,45.22999954223633,44.40999984741211,44.90999984741211,38.27376556396485,1775900
FIS,2013-06-04,44.900001525878906,44.97999954223633,44.0,44.31999969482422,37.77094268798828,2073000
FIS,2013-06-05,44.22999954223633,44.45000076293945,43.34000015258789,43.369998931884766,36.96132659912109,1791300
FIS,2013-06-06,43.310001373291016,44.13999938964844,43.02999877929688,44.130001068115234,37.6090202331543,1638600
FIS,2013-06-07,44.36000061035156,44.709999084472656,44.2400016784668,44.52999877929688,37.94990539550781,1431900
FIS,2013-06-10,44.58000183105469,44.77000045776367,44.33000183105469,44.709999084472656,38.10332107543945,1323900
FIS,2013-06-11,44.2599983215332,44.95000076293945,44.06999969482422,44.58000183105469,37.99253082275391,1604300
FIS,2013-06-12,44.56999969482422,44.65999984741211,43.810001373291016,43.84999847412109,37.55572509765625,1449000
FIS,2013-06-13,43.84999847412109,44.77000045776367,43.59999847412109,44.709999084472656,38.29228973388672,961400
FIS,2013-06-14,44.290000915527344,44.470001220703125,43.459999084472656,43.63999938964844,37.37586975097656,1586700
FIS,2013-06-17,43.97999954223633,44.470001220703125,43.68999862670898,44.02000045776367,37.70133972167969,1731900
FIS,2013-06-18,44.11000061035156,44.33000183105469,43.95000076293945,44.33000183105469,37.96683883666992,1198700
FIS,2013-06-19,44.380001068115234,44.52000045776367,43.7599983215332,43.77000045776367,37.48720550537109,919900
FIS,2013-06-20,43.43000030517578,43.65999984741211,42.54999923706055,42.619998931884766,36.502288818359375,1497600
FIS,2013-06-21,42.869998931884766,42.900001525878906,42.15999984741211,42.63999938964844,36.51940155029297,1900500
FIS,2013-06-24,42.369998931884766,42.869998931884766,42.09000015258789,42.52999877929688,36.42520904541016,1949400
FIS,2013-06-25,42.90999984741211,43.06999969482422,42.43000030517578,43.0099983215332,36.83629989624024,1538400
FIS,2013-06-26,43.40999984741211,43.40999984741211,42.77000045776367,42.95000076293945,36.784912109375,2113300
FIS,2013-06-27,43.11000061035156,43.150001525878906,42.88999938964844,43.0099983215332,36.83629989624024,2139400
FIS,2013-06-28,42.68000030517578,43.27000045776367,42.68000030517578,42.84000015258789,36.690704345703125,4006700
FIS,2013-07-01,43.13999938964844,43.650001525878906,43.08000183105469,43.40999984741211,37.17888641357422,1378600
FIS,2013-07-02,43.45000076293945,43.54999923706055,42.72999954223633,42.79999923706055,36.65644073486328,1873400
FIS,2013-07-03,42.720001220703125,43.310001373291016,42.61000061035156,43.04999923706055,36.87056350708008,1421000
FIS,2013-07-05,43.41999816894531,43.650001525878906,43.130001068115234,43.630001068115234,37.3673095703125,1156500
FIS,2013-07-08,44.0,44.709999084472656,43.95000076293945,44.630001068115234,38.223758697509766,1547000
FIS,2013-07-09,44.810001373291016,44.93000030517578,44.27999877929688,44.43000030517578,38.0524787902832,998800
FIS,2013-07-10,44.369998931884766,44.91999816894531,44.369998931884766,44.86000061035156,38.420745849609375,1220300
FIS,2013-07-11,45.31999969482422,45.43000030517578,45.0099983215332,45.34999847412109,38.84041595458984,1097900
FIS,2013-07-12,45.33000183105469,45.43000030517578,44.77999877929688,45.060001373291016,38.59204864501953,943500
FIS,2013-07-15,44.9900016784668,45.27999877929688,44.790000915527344,45.04999923706055,38.58348083496094,591500
FIS,2013-07-16,45.0099983215332,45.18999862670898,44.58000183105469,44.70000076293945,38.2837142944336,754600
FIS,2013-07-17,44.790000915527344,44.93999862670898,44.52999877929688,44.72999954223633,38.309417724609375,552300
FIS,2013-07-18,44.7599983215332,45.06999969482422,44.619998931884766,44.709999084472656,38.29228973388672,626000
FIS,2013-07-19,44.869998931884766,44.869998931884766,44.31999969482422,44.369998931884766,38.00108337402344,943200
FIS,2013-07-22,44.34999847412109,44.47999954223633,44.22999954223633,44.290000915527344,37.932579040527344,1227100
FIS,2013-07-23,44.72999954223633,44.7599983215332,44.29999923706055,44.540000915527344,38.14668655395508,1359500
FIS,2013-07-24,44.75,44.83000183105469,44.25,44.31999969482422,37.95825958251953,873500
FIS,2013-07-25,44.34999847412109,44.63999938964844,44.09999847412109,44.54999923706055,38.15524673461914,910700
FIS,2013-07-26,44.18999862670898,44.34999847412109,43.86000061035156,44.34999847412109,37.98396682739258,800000
FIS,2013-07-29,44.20000076293945,44.40999984741211,44.130001068115234,44.27999877929688,37.92400741577149,909800
FIS,2013-07-30,44.5,44.54999923706055,42.81999969482422,43.060001373291016,36.87912368774414,2601200
FIS,2013-07-31,42.95000076293945,43.34999847412109,42.77999877929688,43.15999984741211,36.96478271484375,2495200
FIS,2013-08-01,43.34999847412109,44.900001525878906,43.2599983215332,44.84999847412109,38.41218185424805,2093100
FIS,2013-08-02,44.77000045776367,45.41999816894531,44.4900016784668,45.33000183105469,38.82328414916992,1782500
FIS,2013-08-05,45.209999084472656,45.630001068115234,45.11000061035156,45.52000045776367,38.98602294921875,1929200
FIS,2013-08-06,45.41999816894531,46.2599983215332,45.369998931884766,45.93999862670898,39.345741271972656,1829100
FIS,2013-08-07,45.84000015258789,46.560001373291016,45.65999984741211,46.41999816894531,39.75680923461914,1789400
FIS,2013-08-08,46.68999862670898,46.97999954223633,46.369998931884766,46.52999877929688,39.851036071777344,1796200
FIS,2013-08-09,46.459999084472656,47.16999816894531,46.459999084472656,46.95000076293945,40.210750579833984,1129800
FIS,2013-08-12,46.77000045776367,47.72999954223633,46.68000030517578,47.40999984741211,40.60471725463867,2137200
FIS,2013-08-13,47.2599983215332,47.36000061035156,46.5,46.97999954223633,40.236454010009766,2824800
FIS,2013-08-14,46.869998931884766,47.20000076293945,46.84999847412109,46.959999084472656,40.21930694580078,988000
FIS,2013-08-15,46.560001373291016,46.59999847412109,45.93000030517578,46.02000045776367,39.41424179077149,1565400
FIS,2013-08-16,46.0,46.20000076293945,45.90999984741211,46.11000061035156,39.49132537841797,1612900
FIS,2013-08-19,46.0,46.29999923706055,45.790000915527344,45.83000183105469,39.25151443481445,840700
FIS,2013-08-20,45.810001373291016,46.04999923706055,45.7400016784668,45.81999969482422,39.242958068847656,1005600
FIS,2013-08-21,45.68999862670898,45.95000076293945,45.29999923706055,45.56999969482422,39.02882385253906,1002100
FIS,2013-08-22,45.70000076293945,45.900001525878906,45.560001373291016,45.79999923706055,39.225830078125,649600
FIS,2013-08-23,45.93999862670898,46.15999984741211,45.59999847412109,45.709999084472656,39.14875411987305,1224900
FIS,2013-08-26,45.66999816894531,45.869998931884766,45.380001068115234,45.41999816894531,38.90036392211914,1338500
FIS,2013-08-27,45.02999877929688,45.15999984741211,44.5,44.52000045776367,38.12955474853516,1008500
FIS,2013-08-28,44.54999923706055,44.68000030517578,44.310001373291016,44.310001373291016,37.949703216552734,1085500
FIS,2013-08-29,44.20000076293945,44.77000045776367,44.060001373291016,44.63999938964844,38.232330322265625,694200
FIS,2013-08-30,44.619998931884766,44.83000183105469,44.31999969482422,44.459999084472656,38.07817459106445,1320900
FIS,2013-09-03,44.90999984741211,45.18000030517578,44.29999923706055,44.5099983215332,38.12099075317383,1235500
FIS,2013-09-04,44.4900016784668,44.72999954223633,44.310001373291016,44.52000045776367,38.12955474853516,1195800
FIS,2013-09-05,44.52999877929688,44.77999877929688,44.40999984741211,44.61000061035156,38.20663833618164,1117100
FIS,2013-09-06,44.630001068115234,45.36000061035156,44.18000030517578,45.11000061035156,38.63486099243164,1035800
FIS,2013-09-09,45.40999984741211,45.68000030517578,44.720001220703125,44.93999862670898,38.489253997802734,1606100
FIS,2013-09-10,45.130001068115234,45.91999816894531,45.06999969482422,45.90999984741211,39.32003021240234,1003000
FIS,2013-09-11,45.869998931884766,46.09000015258789,45.77000045776367,45.84000015258789,39.26008987426758,929900
FIS,2013-09-12,45.68000030517578,45.880001068115234,45.36000061035156,45.720001220703125,39.34614181518555,990300
FIS,2013-09-13,45.86000061035156,46.040000915527344,45.66999816894531,45.959999084472656,39.55266952514648,972600
FIS,2013-09-16,46.40999984741211,46.75,46.33000183105469,46.59000015258789,40.094852447509766,714200
FIS,2013-09-17,46.68999862670898,46.95000076293945,46.61000061035156,46.84999847412109,40.3186149597168,750900
FIS,2013-09-18,46.9900016784668,47.150001525878906,46.52000045776367,46.90999984741211,40.37022399902344,948600
FIS,2013-09-19,46.91999816894531,47.29999923706055,46.84000015258789,47.130001068115234,40.5595703125,756800
FIS,2013-09-20,47.15999984741211,47.33000183105469,46.810001373291016,46.84999847412109,40.3186149597168,1323100
FIS,2013-09-23,46.650001525878906,46.90999984741211,46.34999847412109,46.5,40.017391204833984,528200
FIS,2013-09-24,46.54999923706055,47.130001068115234,46.470001220703125,46.83000183105469,40.301395416259766,914000
FIS,2013-09-25,46.81999969482422,47.09999847412109,46.40999984741211,46.70000076293945,40.18951416015625,944500
FIS,2013-09-26,46.709999084472656,47.0,46.43999862670898,46.630001068115234,40.1292839050293,1447900
FIS,2013-09-27,46.36000061035156,46.630001068115234,46.310001373291016,46.540000915527344,40.05182266235352,802600
FIS,2013-09-30,46.2599983215332,46.47999954223633,46.0,46.43999862670898,39.96575164794922,1070100
FIS,2013-10-01,46.470001220703125,47.0,46.38999938964844,46.880001068115234,40.34442138671875,1212700
FIS,2013-10-02,46.68000030517578,47.06999969482422,46.54999923706055,47.04999923706055,40.49072265625,1198700
FIS,2013-10-03,46.88999938964844,46.91999816894531,45.97999954223633,46.06999969482422,39.64736175537109,1789200
FIS,2013-10-04,46.09000015258789,46.56999969482422,46.02000045776367,46.54999923706055,40.06044387817383,1469400
FIS,2013-10-07,46.16999816894531,46.209999084472656,45.900001525878906,45.900001525878906,39.50105285644531,837600
FIS,2013-10-08,45.869998931884766,45.9900016784668,45.22999954223633,45.2400016784668,38.93305969238281,1510900
FIS,2013-10-09,45.290000915527344,45.310001373291016,44.459999084472656,44.900001525878906,38.64045333862305,1699400
FIS,2013-10-10,45.220001220703125,45.93000030517578,45.220001220703125,45.93000030517578,39.52687454223633,1111300
FIS,2013-10-11,45.709999084472656,46.22999954223633,45.70000076293945,46.16999816894531,39.7334098815918,647700
FIS,2013-10-14,46.02000045776367,46.38999938964844,45.91999816894531,46.27999877929688,39.828067779541016,669900
FIS,2013-10-15,46.09000015258789,46.20000076293945,45.619998931884766,45.630001068115234,39.26869201660156,926400
FIS,2013-10-16,46.0099983215332,46.66999816894531,45.90999984741211,46.61000061035156,40.112064361572266,1017300
FIS,2013-10-17,46.45000076293945,46.65999984741211,46.27000045776367,46.65999984741211,40.15509033203125,1211500
FIS,2013-10-18,46.86000061035156,47.630001068115234,46.59999847412109,47.36000061035156,40.757511138916016,1330300
FIS,2013-10-21,47.400001525878906,47.650001525878906,47.22999954223633,47.56999969482422,40.93822860717773,646800
FIS,2013-10-22,47.619998931884766,48.09000015258789,47.59999847412109,47.93999862670898,41.25665283203125,791800
FIS,2013-10-23,47.720001220703125,47.880001068115234,47.38999938964844,47.59999847412109,40.964054107666016,964500
FIS,2013-10-24,47.619998931884766,47.810001373291016,47.400001525878906,47.47999954223633,40.86077499389648,817300
FIS,2013-10-25,47.52000045776367,47.630001068115234,47.310001373291016,47.43999862670898,40.82635498046875,915200
FIS,2013-10-28,47.43999862670898,47.5,46.93000030517578,46.93999862670898,40.39605712890625,1764400
FIS,2013-10-29,47.29999923706055,49.630001068115234,46.9900016784668,49.27000045776367,42.4012336730957,2137000
FIS,2013-10-30,49.27999877929688,49.5,48.72999954223633,48.790000915527344,41.9881591796875,1754000
FIS,2013-10-31,48.709999084472656,49.209999084472656,48.459999084472656,48.75,41.953731536865234,1170800
FIS,2013-11-01,48.95000076293945,49.02000045776367,48.5099983215332,48.54999923706055,41.7816047668457,1019200
FIS,2013-11-04,48.619998931884766,48.720001220703125,48.34999847412109,48.540000915527344,41.77301025390625,828200
FIS,2013-11-05,48.47999954223633,48.61000061035156,48.220001220703125,48.47999954223633,41.721378326416016,825000
FIS,2013-11-06,48.5,48.63999938964844,48.18999862670898,48.5,41.738582611083984,963300
FIS,2013-11-07,48.66999816894531,48.7400016784668,47.59000015258789,47.650001525878906,41.00706481933594,798000
FIS,2013-11-08,47.5,48.5,47.400001525878906,48.31999969482422,41.58367538452149,1740200
FIS,2013-11-11,48.150001525878906,48.4900016784668,48.04999923706055,48.18999862670898,41.47178649902344,1062800
FIS,2013-11-12,48.040000915527344,48.84000015258789,47.91999816894531,48.709999084472656,41.91930389404297,957500
FIS,2013-11-13,48.369998931884766,49.459999084472656,48.34000015258789,49.45000076293945,42.5561408996582,913700
FIS,2013-11-14,49.369998931884766,50.4900016784668,49.2599983215332,50.36000061035156,43.33929061889648,1537600
FIS,2013-11-15,50.15999984741211,50.970001220703125,50.04999923706055,50.93999862670898,43.83842086791992,1759100
FIS,2013-11-18,51.040000915527344,51.11000061035156,50.4900016784668,50.59000015258789,43.53721618652344,996700
FIS,2013-11-19,50.59999847412109,51.4900016784668,50.43999862670898,50.630001068115234,43.57163619995117,1220100
FIS,2013-11-20,51.04999923706055,51.060001373291016,50.54999923706055,50.66999816894531,43.60606002807617,1004500
FIS,2013-11-21,50.77000045776367,51.0099983215332,50.58000183105469,50.97999954223633,43.872833251953125,1174500
FIS,2013-11-22,50.90999984741211,51.0099983215332,50.56999969482422,50.97999954223633,43.872833251953125,1464700
FIS,2013-11-25,51.18000030517578,51.310001373291016,50.52999877929688,50.79999923706055,43.71793746948242,839400
FIS,2013-11-26,50.88999938964844,51.0099983215332,50.2400016784668,50.83000183105469,43.743751525878906,2198200
FIS,2013-11-27,50.91999816894531,51.0,50.56999969482422,50.84000015258789,43.75235366821289,787900
FIS,2013-11-29,50.810001373291016,50.970001220703125,50.61000061035156,50.68000030517578,43.61466598510742,657300
FIS,2013-12-02,50.79999923706055,50.900001525878906,50.540000915527344,50.59999847412109,43.54580307006836,1469200
FIS,2013-12-03,50.4900016784668,51.13999938964844,50.36000061035156,50.68000030517578,43.61466598510742,1967400
FIS,2013-12-04,50.38999938964844,50.7599983215332,50.0099983215332,50.45000076293945,43.41673278808594,1146500
FIS,2013-12-05,50.34000015258789,50.4900016784668,49.7400016784668,49.79999923706055,42.85734176635742,1097200
FIS,2013-12-06,50.22999954223633,51.04999923706055,50.18999862670898,50.880001068115234,43.78678894042969,832900
FIS,2013-12-09,51.0099983215332,51.34999847412109,50.68000030517578,50.86000061035156,43.76956558227539,1021000
FIS,2013-12-10,50.70000076293945,51.27000045776367,50.61000061035156,51.2400016784668,44.09660720825195,1616000
FIS,2013-12-11,51.25,51.33000183105469,50.369998931884766,50.5,43.45975112915039,1267100
FIS,2013-12-12,50.22999954223633,50.65999984741211,50.09999847412109,50.5,43.64990615844727,878800
FIS,2013-12-13,50.63999938964844,51.02000045776367,50.54999923706055,50.77999877929688,43.89194488525391,834000
FIS,2013-12-16,50.9900016784668,51.36000061035156,50.959999084472656,51.27000045776367,44.31546401977539,632700
FIS,2013-12-17,51.369998931884766,51.369998931884766,50.79999923706055,51.04999923706055,44.12530899047852,922600
FIS,2013-12-18,51.27999877929688,52.33000183105469,50.7599983215332,52.29999923706055,45.20574951171875,993800
FIS,2013-12-19,52.310001373291016,52.47999954223633,52.02999877929688,52.18999862670898,45.11066436767578,869400
FIS,2013-12-20,52.47999954223633,52.66999816894531,52.06999969482422,52.65999984741211,45.51693344116211,1555100
FIS,2013-12-23,52.79999923706055,52.869998931884766,52.369998931884766,52.4900016784668,45.36997222900391,903600
FIS,2013-12-24,52.43000030517578,52.59000015258789,52.31999969482422,52.470001220703125,45.35269927978516,766400
FIS,2013-12-26,52.77000045776367,52.77000045776367,52.369998931884766,52.65999984741211,45.51693344116211,1146200
FIS,2013-12-27,52.88999938964844,53.06999969482422,52.650001525878906,52.75,45.59471130371094,518400
FIS,2013-12-30,52.869998931884766,53.380001068115234,52.84999847412109,53.290000915527344,46.06146240234375,795800
FIS,2013-12-31,53.36000061035156,53.72999954223633,53.36000061035156,53.68000030517578,46.3985595703125,713300
FIS,2014-01-02,53.400001525878906,53.54999923706055,52.790000915527344,53.0,45.81080627441406,986800
FIS,2014-01-03,53.0099983215332,53.61000061035156,52.869998931884766,53.150001525878906,45.9404525756836,969300
FIS,2014-01-06,53.22999954223633,53.43000030517578,52.77999877929688,52.84999847412109,45.68115234375,790700
FIS,2014-01-07,52.90999984741211,53.11000061035156,52.77999877929688,52.95000076293945,45.767578125,855700
FIS,2014-01-08,53.02000045776367,53.13999938964844,52.84000015258789,53.0,45.81080627441406,1771800
FIS,2014-01-09,53.09999847412109,53.25,52.90999984741211,53.02000045776367,45.82809066772461,621900
FIS,2014-01-10,53.16999816894531,53.22999954223633,52.70000076293945,53.0,45.81080627441406,697100
FIS,2014-01-13,52.81999969482422,53.08000183105469,51.93000030517578,52.040000915527344,44.98102188110352,1213400
FIS,2014-01-14,52.22999954223633,52.869998931884766,52.040000915527344,52.43999862670898,45.32676315307617,2001100
FIS,2014-01-15,52.540000915527344,52.75,52.27999877929688,52.400001525878906,45.29219055175781,2230100
FIS,2014-01-16,52.36000061035156,52.66999816894531,52.22999954223633,52.540000915527344,45.413204193115234,1403400
FIS,2014-01-17,52.61000061035156,52.81999969482422,52.34999847412109,52.7400016784668,45.5860710144043,1426900
FIS,2014-01-21,53.0,53.310001373291016,52.65999984741211,53.25,46.026885986328125,2048600
FIS,2014-01-22,53.20000076293945,53.54999923706055,53.15999984741211,53.5,46.24298858642578,1780100
FIS,2014-01-23,53.0,53.5,52.75,53.25,46.026885986328125,2692000
FIS,2014-01-24,52.70000076293945,52.84000015258789,50.70000076293945,50.84000015258789,43.94379425048828,2755800
FIS,2014-01-27,51.0,51.0,50.34999847412109,50.380001068115234,43.54618835449219,2005600
FIS,2014-01-28,50.369998931884766,51.02000045776367,50.20000076293945,50.959999084472656,44.04751586914063,863600
FIS,2014-01-29,50.4900016784668,51.619998931884766,50.47999954223633,51.0099983215332,44.09073257446289,2440600
FIS,2014-01-30,51.59000015258789,52.02000045776367,51.43000030517578,51.720001220703125,44.70442581176758,1012300
FIS,2014-01-31,51.040000915527344,51.09000015258789,50.47999954223633,50.70000076293945,43.82278823852539,2405000
FIS,2014-02-03,50.72999954223633,50.84999847412109,48.86000061035156,48.869998931884766,42.241024017333984,1988400
FIS,2014-02-04,49.290000915527344,51.33000183105469,48.16999816894531,50.95000076293945,44.038875579833984,2950600
FIS,2014-02-05,50.95000076293945,51.79999923706055,50.52999877929688,51.380001068115234,44.41054153442383,3040500
FIS,2014-02-06,51.4900016784668,52.47999954223633,51.34999847412109,52.47999954223633,45.36133575439453,2250000
FIS,2014-02-07,52.84000015258789,53.7400016784668,52.709999084472656,53.709999084472656,46.42451095581055,3200700
FIS,2014-02-10,53.58000183105469,53.68000030517578,52.59999847412109,53.02999877929688,45.83673477172852,1619900
FIS,2014-02-11,53.15999984741211,53.400001525878906,52.630001068115234,53.119998931884766,45.91453552246094,1699700
FIS,2014-02-12,53.25,53.59999847412109,53.15999984741211,53.54999923706055,46.28619766235352,1748300
FIS,2014-02-13,53.31999969482422,54.06999969482422,53.31999969482422,54.06999969482422,46.73565673828125,979500
FIS,2014-02-14,53.86000061035156,54.18000030517578,53.58000183105469,53.86000061035156,46.55413436889648,908300
FIS,2014-02-18,53.900001525878906,54.369998931884766,53.68999862670898,54.310001373291016,46.94310760498047,925700
FIS,2014-02-19,54.09999847412109,54.7599983215332,53.88999938964844,53.91999816894531,46.60601043701172,778200
FIS,2014-02-20,54.02000045776367,54.63999938964844,53.90999984741211,54.27000045776367,46.908538818359375,835100
FIS,2014-02-21,54.5099983215332,54.709999084472656,54.34000015258789,54.34000015258789,46.96903610229492,807200
FIS,2014-02-24,54.33000183105469,55.31999969482422,54.33000183105469,54.900001525878906,47.453086853027344,1004200
FIS,2014-02-25,54.84000015258789,55.16999816894531,54.619998931884766,54.95000076293945,47.49629211425781,859000
FIS,2014-02-26,55.08000183105469,55.43000030517578,54.86000061035156,55.15999984741211,47.67781066894531,952700
FIS,2014-02-27,54.959999084472656,56.040000915527344,54.959999084472656,56.02000045776367,48.421165466308594,1341800
FIS,2014-02-28,55.95000076293945,56.20000076293945,55.310001373291016,55.61000061035156,48.066776275634766,1319700
FIS,2014-03-03,55.0,55.5,54.56999969482422,55.22999954223633,47.738319396972656,840700
FIS,2014-03-04,55.97999954223633,56.68000030517578,55.869998931884766,56.54999923706055,48.87925720214844,1201500
FIS,2014-03-05,56.630001068115234,56.630001068115234,55.47999954223633,55.52999877929688,47.99762725830078,1461900
FIS,2014-03-06,55.59999847412109,55.97999954223633,55.41999816894531,55.650001525878906,48.10134506225586,1324100
FIS,2014-03-07,55.90999984741211,55.97999954223633,55.34999847412109,55.470001220703125,47.94575500488281,992500
FIS,2014-03-10,55.41999816894531,55.43999862670898,55.0,55.150001525878906,47.66916275024414,779200
FIS,2014-03-11,55.22999954223633,55.5099983215332,54.84999847412109,54.959999084472656,47.50493621826172,1191000
FIS,2014-03-12,54.7599983215332,54.83000183105469,54.459999084472656,54.75,47.323429107666016,1170400
FIS,2014-03-13,54.79999923706055,54.88999938964844,53.33000183105469,53.33000183105469,46.29899215698242,1600800
FIS,2014-03-14,53.2599983215332,53.470001220703125,52.70000076293945,52.75,45.79545974731445,1787500
FIS,2014-03-17,53.08000183105469,53.58000183105469,53.08000183105469,53.45000076293945,46.40318298339844,1456500
FIS,2014-03-18,53.45000076293945,54.22999954223633,53.43000030517578,54.18000030517578,47.03693389892578,923500
FIS,2014-03-19,54.29999923706055,54.5,53.52999877929688,53.880001068115234,46.7764892578125,902000
FIS,2014-03-20,53.84999847412109,54.41999816894531,53.75,54.290000915527344,47.132423400878906,986400
FIS,2014-03-21,54.81999969482422,55.06999969482422,53.90999984741211,54.16999816894531,47.02824783325195,2529300
FIS,2014-03-24,54.310001373291016,54.52000045776367,53.04999923706055,53.150001525878906,46.14271926879883,911400
FIS,2014-03-25,53.5099983215332,53.58000183105469,52.810001373291016,53.06999969482422,46.073280334472656,1025200
FIS,2014-03-26,53.290000915527344,53.43999862670898,52.470001220703125,52.5099983215332,45.58710479736328,1057700
FIS,2014-03-27,52.290000915527344,52.619998931884766,52.0,52.33000183105469,45.43084716796875,1454600
FIS,2014-03-28,52.45000076293945,53.18000030517578,52.2400016784668,52.88999938964844,45.91699600219727,1124600
FIS,2014-03-31,53.18999862670898,53.84999847412109,53.18000030517578,53.45000076293945,46.40318298339844,1947500
FIS,2014-04-01,53.56999969482422,53.959999084472656,53.36000061035156,53.91999816894531,46.81120300292969,1041600
FIS,2014-04-02,53.90999984741211,54.34000015258789,53.7400016784668,54.15999984741211,47.01957321166992,1206600
FIS,2014-04-03,54.22999954223633,54.34999847412109,54.02000045776367,54.15999984741211,47.01957321166992,1064100
FIS,2014-04-04,54.56999969482422,54.59000015258789,53.060001373291016,53.16999816894531,46.16008758544922,1266000
FIS,2014-04-07,53.02000045776367,53.2599983215332,52.22999954223633,52.90999984741211,45.93437194824219,3280700
FIS,2014-04-08,52.88999938964844,52.93999862670898,52.36000061035156,52.68000030517578,45.73468399047852,1267700
FIS,2014-04-09,52.91999816894531,53.04999923706055,52.369998931884766,53.0099983215332,46.02119445800781,1094200
FIS,2014-04-10,53.09000015258789,53.15999984741211,51.810001373291016,51.810001373291016,44.97939300537109,877600
FIS,2014-04-11,51.43000030517578,51.91999816894531,50.9900016784668,51.27999877929688,44.51927185058594,1474200
FIS,2014-04-14,51.650001525878906,51.79999923706055,51.16999816894531,51.68000030517578,44.86652374267578,1220300
FIS,2014-04-15,51.93000030517578,52.45000076293945,51.59000015258789,52.150001525878906,45.27456665039063,1968700
FIS,2014-04-16,52.59000015258789,52.869998931884766,52.369998931884766,52.5,45.57841873168945,1299200
FIS,2014-04-17,52.209999084472656,52.970001220703125,52.08000183105469,52.68000030517578,45.73468399047852,1408800
FIS,2014-04-21,52.900001525878906,52.97999954223633,52.16999816894531,52.5099983215332,45.58710479736328,702100
FIS,2014-04-22,52.470001220703125,52.70000076293945,52.27000045776367,52.5099983215332,45.58710479736328,1011100
FIS,2014-04-23,52.5099983215332,53.45000076293945,52.5099983215332,53.29999923706055,46.27294921875,2126100
FIS,2014-04-24,53.4900016784668,53.4900016784668,52.400001525878906,52.54999923706055,45.621826171875,1598500
FIS,2014-04-25,52.2599983215332,52.27999877929688,51.7599983215332,51.79999923706055,44.97071838378906,758200
FIS,2014-04-28,52.18000030517578,52.61000061035156,51.369998931884766,51.900001525878906,45.057525634765625,962300
FIS,2014-04-29,52.22999954223633,52.810001373291016,51.97999954223633,52.79999923706055,45.8388786315918,1579000
FIS,2014-04-30,52.90999984741211,53.59999847412109,52.56999969482422,53.43000030517578,46.38581466674805,1904700
FIS,2014-05-01,53.5099983215332,53.790000915527344,52.130001068115234,53.61000061035156,46.54209518432617,1843700
FIS,2014-05-02,53.77999877929688,54.5099983215332,53.68000030517578,54.36000061035156,47.19319915771485,1565700
FIS,2014-05-05,54.130001068115234,54.77000045776367,53.93000030517578,54.4900016784668,47.30606460571289,1192600
FIS,2014-05-06,54.380001068115234,54.38999938964844,53.66999816894531,53.709999084472656,46.62889862060547,1259000
FIS,2014-05-07,53.959999084472656,54.040000915527344,53.38999938964844,53.720001220703125,46.637577056884766,1289200
FIS,2014-05-08,53.58000183105469,54.02000045776367,53.34000015258789,53.47999954223633,46.42922592163086,1254600
FIS,2014-05-09,53.630001068115234,53.81999969482422,53.31999969482422,53.75,46.663612365722656,1405100
FIS,2014-05-12,53.91999816894531,54.970001220703125,53.88999938964844,54.90999984741211,47.6706657409668,2331200
FIS,2014-05-13,54.91999816894531,54.91999816894531,54.63999938964844,54.66999816894531,47.46232986450195,994900
FIS,2014-05-14,54.59999847412109,54.7400016784668,54.25,54.290000915527344,47.132423400878906,766000
FIS,2014-05-15,54.2400016784668,54.2400016784668,53.630001068115234,53.79999923706055,46.70703125,1057700
FIS,2014-05-16,53.720001220703125,53.93000030517578,53.15999984741211,53.400001525878906,46.359771728515625,2583400
FIS,2014-05-19,53.220001220703125,53.86000061035156,53.06999969482422,53.77999877929688,46.68966674804688,2318800
FIS,2014-05-20,53.869998931884766,53.95000076293945,53.20000076293945,53.2400016784668,46.22087478637695,923800
FIS,2014-05-21,53.31999969482422,53.5,53.130001068115234,53.22999954223633,46.21217727661133,829000
FIS,2014-05-22,53.2599983215332,53.27999877929688,53.04999923706055,53.130001068115234,46.12537384033203,761900
FIS,2014-05-23,53.220001220703125,53.52999877929688,53.08000183105469,53.380001068115234,46.3423957824707,663500
FIS,2014-05-27,53.630001068115234,53.93000030517578,53.369998931884766,53.63999938964844,46.5681266784668,830900
FIS,2014-05-28,53.72999954223633,54.18999862670898,53.52999877929688,53.93999862670898,46.82856369018555,1179700
FIS,2014-05-29,54.25,54.25,53.93999862670898,54.060001373291016,46.93275833129883,1162100
FIS,2014-05-30,54.02999877929688,54.209999084472656,53.91999816894531,54.150001525878906,47.01088333129883,824000
FIS,2014-06-02,54.11000061035156,54.34000015258789,53.77000045776367,54.150001525878906,47.01088333129883,846300
FIS,2014-06-03,53.869998931884766,54.18999862670898,53.84999847412109,54.0,46.88066101074219,502900
FIS,2014-06-04,53.93000030517578,54.220001220703125,53.72999954223633,54.18999862670898,47.04561614990234,1029200
FIS,2014-06-05,54.13999938964844,54.560001373291016,53.93999862670898,54.54999923706055,47.35814666748047,842700
FIS,2014-06-06,54.54999923706055,55.13999938964844,54.52000045776367,55.06999969482422,47.8095932006836,891200
FIS,2014-06-09,55.060001373291016,55.43000030517578,54.970001220703125,55.150001525878906,47.879051208496094,683500
FIS,2014-06-10,55.15999984741211,55.2400016784668,54.970001220703125,55.119998931884766,47.853004455566406,660600
FIS,2014-06-11,54.970001220703125,54.970001220703125,54.400001525878906,54.43000030517578,47.25398254394531,594800
FIS,2014-06-12,54.20000076293945,54.20000076293945,53.41999816894531,53.65999984741211,46.79181289672852,685500
FIS,2014-06-13,53.63999938964844,54.0,53.619998931884766,53.84999847412109,46.95748519897461,697600
FIS,2014-06-16,53.709999084472656,53.86000061035156,53.45000076293945,53.65999984741211,46.79181289672852,678800
FIS,2014-06-17,53.61000061035156,54.2599983215332,53.59999847412109,54.08000183105469,47.15804672241211,1090000
FIS,2014-06-18,53.97999954223633,54.130001068115234,53.65999984741211,53.959999084472656,47.05340576171875,935700
FIS,2014-06-19,54.02000045776367,54.33000183105469,53.90999984741211,54.20000076293945,47.26268768310547,1363500
FIS,2014-06-20,54.25,54.810001373291016,54.209999084472656,54.43999862670898,47.471954345703125,2063700
FIS,2014-06-23,54.43000030517578,54.66999816894531,54.220001220703125,54.59999847412109,47.61148452758789,855000
FIS,2014-06-24,54.459999084472656,54.86000061035156,54.43999862670898,54.560001373291016,47.57661437988281,1105300
FIS,2014-06-25,54.400001525878906,55.400001525878906,54.33000183105469,55.290000915527344,48.21317672729492,1682700
FIS,2014-06-26,55.22999954223633,55.25,54.29999923706055,54.66999816894531,47.67254257202149,2085000
FIS,2014-06-27,54.5099983215332,54.900001525878906,54.38999938964844,54.810001373291016,47.794620513916016,1394400
FIS,2014-06-30,54.72999954223633,54.88999938964844,54.2400016784668,54.7400016784668,47.73357009887695,1105000
FIS,2014-07-01,54.88999938964844,55.43000030517578,54.810001373291016,54.91999816894531,47.89054489135742,1169100
FIS,2014-07-02,54.79999923706055,55.150001525878906,54.720001220703125,54.93000030517578,47.89925765991211,730400
FIS,2014-07-03,55.0099983215332,55.5,54.90999984741211,55.43999862670898,48.343971252441406,542500
FIS,2014-07-07,55.18999862670898,55.40999984741211,55.040000915527344,55.220001220703125,48.152137756347656,527600
FIS,2014-07-08,55.2400016784668,55.31999969482422,54.790000915527344,55.09999847412109,48.04750061035156,934800
FIS,2014-07-09,55.2400016784668,55.29999923706055,55.0,55.209999084472656,48.14341354370117,736500
FIS,2014-07-10,54.709999084472656,55.540000915527344,54.65999984741211,55.09999847412109,48.04750061035156,1126400
FIS,2014-07-11,55.16999816894531,55.630001068115234,54.88999938964844,55.59000015258789,48.47478866577149,1091200
FIS,2014-07-14,55.7599983215332,56.16999816894531,55.630001068115234,56.150001525878906,48.96310424804688,1235400
FIS,2014-07-15,56.13999938964844,56.56999969482422,56.04999923706055,56.52000045776367,49.28574752807617,1470400
FIS,2014-07-16,56.650001525878906,56.86000061035156,56.38999938964844,56.77000045776367,49.50374984741211,2122800
FIS,2014-07-17,56.5,56.880001068115234,56.209999084472656,56.220001220703125,49.02414321899414,1542600
FIS,2014-07-18,56.33000183105469,56.95000076293945,56.18000030517578,56.90999984741211,49.625823974609375,1035600
FIS,2014-07-21,56.66999816894531,56.790000915527344,56.43000030517578,56.52999877929688,49.29446029663086,578800
FIS,2014-07-22,56.72999954223633,56.97999954223633,56.630001068115234,56.900001525878906,49.61710739135742,946300
FIS,2014-07-23,56.84000015258789,56.880001068115234,56.52000045776367,56.58000183105469,49.33806991577149,605800
FIS,2014-07-24,56.72999954223633,56.75,56.43999862670898,56.58000183105469,49.33806991577149,1019200
FIS,2014-07-25,56.290000915527344,56.75,56.290000915527344,56.59000015258789,49.34678268432617,1027000
FIS,2014-07-28,56.5,56.70000076293945,56.0099983215332,56.560001373291016,49.32062530517578,1298300
FIS,2014-07-29,56.88999938964844,56.93999862670898,55.560001373291016,56.34999847412109,49.13750076293945,2102800
FIS,2014-07-30,56.470001220703125,57.06999969482422,56.33000183105469,57.02000045776367,49.72174453735352,1742400
FIS,2014-07-31,56.560001373291016,56.77999877929688,56.310001373291016,56.400001525878906,49.18109893798828,1883300
FIS,2014-08-01,56.11000061035156,56.540000915527344,56.08000183105469,56.09999847412109,48.91950988769531,1192400
FIS,2014-08-04,56.220001220703125,56.29999923706055,55.70000076293945,55.93999862670898,48.77998352050781,1274000
FIS,2014-08-05,55.79999923706055,56.18000030517578,55.33000183105469,55.41999816894531,48.3265266418457,1134700
FIS,2014-08-06,55.38999938964844,55.630001068115234,54.970001220703125,55.02000045776367,47.97773742675781,1135200
FIS,2014-08-07,55.16999816894531,55.66999816894531,54.790000915527344,54.86000061035156,47.83823013305664,1418400
FIS,2014-08-08,54.97999954223633,55.27999877929688,54.88999938964844,55.20000076293945,48.13468933105469,1350400
FIS,2014-08-11,55.45000076293945,55.91999816894531,55.34000015258789,55.38999938964844,48.300384521484375,1088900
FIS,2014-08-12,55.27000045776367,55.619998931884766,55.130001068115234,55.25,48.17829895019531,1048100
FIS,2014-08-13,55.540000915527344,55.9900016784668,55.4900016784668,55.900001525878906,48.74510955810547,1282100
FIS,2014-08-14,56.0099983215332,56.15999984741211,55.84999847412109,55.91999816894531,48.76253890991211,1081700
FIS,2014-08-15,56.130001068115234,56.36000061035156,55.43000030517578,55.79999923706055,48.65789031982422,1937400
FIS,2014-08-18,56.11000061035156,56.83000183105469,56.09999847412109,56.68000030517578,49.42526245117188,1649700
FIS,2014-08-19,56.720001220703125,57.310001373291016,56.709999084472656,56.90999984741211,49.625823974609375,1714100
FIS,2014-08-20,56.93999862670898,57.220001220703125,56.7599983215332,57.18999862670898,49.8699836730957,1285000
FIS,2014-08-21,57.20000076293945,57.63999938964844,56.970001220703125,57.31999969482422,49.98335266113281,948100
FIS,2014-08-22,57.18999862670898,57.33000183105469,56.900001525878906,57.13999938964844,49.82638549804688,624300
FIS,2014-08-25,57.34999847412109,57.650001525878906,57.16999816894531,57.4900016784668,50.13158798217773,1446900
FIS,2014-08-26,57.5,57.63999938964844,57.27000045776367,57.29999923706055,49.96590805053711,583700
FIS,2014-08-27,57.25,57.34000015258789,56.83000183105469,56.97999954223633,49.68686294555664,627700
FIS,2014-08-28,56.79999923706055,57.0099983215332,56.68000030517578,56.709999084472656,49.45142364501953,641100
FIS,2014-08-29,56.59999847412109,56.86000061035156,56.41999816894531,56.75,49.48630905151367,654800
FIS,2014-09-02,56.90999984741211,57.29999923706055,56.68999862670898,57.060001373291016,49.756622314453125,884500
FIS,2014-09-03,57.150001525878906,57.36000061035156,57.0,57.27000045776367,49.93974304199219,691800
FIS,2014-09-04,57.5,58.13999938964844,57.36000061035156,57.81999969482422,50.41936111450195,1440900
FIS,2014-09-05,57.7599983215332,58.54999923706055,57.75,58.5099983215332,51.02103042602539,1370800
FIS,2014-09-08,58.5,58.86000061035156,58.22999954223633,58.34999847412109,50.88151550292969,1540100
FIS,2014-09-09,58.2400016784668,58.36000061035156,57.59000015258789,57.65999984741211,50.27982711791992,1536100
FIS,2014-09-10,57.58000183105469,58.15999984741211,57.54999923706055,58.04999923706055,50.61991500854492,1047000
FIS,2014-09-11,57.7599983215332,57.88999938964844,57.36000061035156,57.4900016784668,50.13158798217773,1605300
FIS,2014-09-12,57.43999862670898,57.5,56.7599983215332,57.02000045776367,49.93017959594727,1084400
FIS,2014-09-15,57.060001373291016,57.150001525878906,56.7400016784668,56.900001525878906,49.82511520385742,791600
FIS,2014-09-16,56.7599983215332,57.15999984741211,56.4900016784668,56.9900016784668,49.90391159057617,1078100
FIS,2014-09-17,57.02000045776367,57.27000045776367,56.720001220703125,56.88999938964844,49.81635284423828,1015600
FIS,2014-09-18,56.970001220703125,57.22999954223633,56.93000030517578,56.95000076293945,49.86889266967773,1132700
FIS,2014-09-19,57.22999954223633,57.470001220703125,57.119998931884766,57.2599983215332,50.14035415649414,2767900
FIS,2014-09-22,57.130001068115234,57.310001373291016,56.79999923706055,57.150001525878906,50.04402542114258,1262900
FIS,2014-09-23,57.02000045776367,57.34000015258789,56.900001525878906,56.900001525878906,49.82511520385742,1209200
FIS,2014-09-24,56.869998931884766,57.7599983215332,56.68000030517578,57.630001068115234,50.464351654052734,1183000
FIS,2014-09-25,57.459999084472656,57.560001373291016,56.52000045776367,56.52999877929688,49.501121520996094,1575000
FIS,2014-09-26,56.54999923706055,56.81999969482422,56.369998931884766,56.66999816894531,49.62371444702149,907900
FIS,2014-09-29,55.93999862670898,56.66999816894531,55.72999954223633,56.4900016784668,49.466087341308594,1012400
FIS,2014-09-30,56.459999084472656,56.66999816894531,56.18999862670898,56.29999923706055,49.29970550537109,906100
FIS,2014-10-01,56.11000061035156,56.22999954223633,55.619998931884766,55.70000076293945,48.77431488037109,876300
FIS,2014-10-02,55.810001373291016,56.0,55.2599983215332,55.630001068115234,48.71302795410156,971900
FIS,2014-10-03,55.810001373291016,56.68999862670898,55.810001373291016,56.4900016784668,49.466087341308594,2191500
FIS,2014-10-06,56.65999984741211,56.79999923706055,56.36000061035156,56.47999954223633,49.45732498168945,962400
FIS,2014-10-07,56.02999877929688,56.11000061035156,55.209999084472656,55.220001220703125,48.35400390625,1461000
FIS,2014-10-08,55.16999816894531,56.59000015258789,55.16999816894531,56.5099983215332,49.48358917236328,1834100
FIS,2014-10-09,56.43999862670898,56.470001220703125,55.04999923706055,55.09000015258789,48.24016189575195,950000
FIS,2014-10-10,55.130001068115234,55.5099983215332,54.27999877929688,54.290000915527344,47.53962707519531,1259900
FIS,2014-10-13,54.36000061035156,54.36000061035156,53.18000030517578,53.22999954223633,46.61143112182617,1282500
FIS,2014-10-14,53.470001220703125,53.65999984741211,53.209999084472656,53.310001373291016,46.681488037109375,1658300
FIS,2014-10-15,52.560001373291016,52.810001373291016,51.380001068115234,52.400001525878906,45.88462829589844,1606900
FIS,2014-10-16,51.540000915527344,52.540000915527344,51.43999862670898,52.380001068115234,45.86712646484375,1008800
FIS,2014-10-17,52.970001220703125,53.70000076293945,52.68000030517578,53.40999984741211,46.7690544128418,1566200
FIS,2014-10-20,53.02999877929688,53.77000045776367,53.02999877929688,53.7400016784668,47.05801773071289,1068200
FIS,2014-10-21,53.9900016784668,54.81999969482422,53.869998931884766,54.70000076293945,47.89866256713867,1565000
FIS,2014-10-22,54.70000076293945,55.18999862670898,54.43999862670898,54.459999084472656,47.6884880065918,1208900
FIS,2014-10-23,55.18000030517578,55.43000030517578,54.93999862670898,55.2400016784668,48.37152099609375,1184700
FIS,2014-10-24,55.22999954223633,55.900001525878906,55.09000015258789,55.77000045776367,48.83562088012695,906300
FIS,2014-10-27,55.68999862670898,55.79999923706055,55.2599983215332,55.56999969482422,48.66047286987305,923400
FIS,2014-10-28,55.93000030517578,56.56999969482422,55.68999862670898,56.54999923706055,49.51861572265625,1307600
FIS,2014-10-29,56.66999816894531,56.77999877929688,55.7599983215332,56.20000076293945,49.21214294433594,1653500
FIS,2014-10-30,56.20000076293945,57.86000061035156,56.20000076293945,57.38999938964844,50.254188537597656,1883100
FIS,2014-10-31,58.18999862670898,59.2400016784668,58.15999984741211,58.38999938964844,51.12984085083008,2369200
FIS,2014-11-03,58.619998931884766,58.75,58.13999938964844,58.33000183105469,51.07730484008789,1062400
FIS,2014-11-04,58.18000030517578,58.54999923706055,58.02999877929688,58.22999954223633,50.9897346496582,1169000
FIS,2014-11-05,58.59999847412109,58.869998931884766,58.20000076293945,58.790000915527344,51.480106353759766,1087900
FIS,2014-11-06,58.90999984741211,59.02999877929688,58.65999984741211,58.91999816894531,51.59394073486328,613700
FIS,2014-11-07,58.95000076293945,58.97999954223633,58.27000045776367,58.380001068115234,51.12109756469727,961200
FIS,2014-11-10,58.220001220703125,58.65999984741211,57.18999862670898,58.58000183105469,51.29622268676758,899900
FIS,2014-11-11,58.56999969482422,58.68000030517578,58.29999923706055,58.4900016784668,51.2174186706543,922200
FIS,2014-11-12,58.34000015258789,58.93000030517578,58.34000015258789,58.90999984741211,51.58518981933594,1213800
FIS,2014-11-13,59.04999923706055,59.310001373291016,58.810001373291016,59.29999923706055,51.926700592041016,1154200
FIS,2014-11-14,59.34999847412109,59.56999969482422,58.9900016784668,59.119998931884766,51.76906967163086,3000100
FIS,2014-11-17,59.02000045776367,59.540000915527344,58.810001373291016,59.459999084472656,52.066802978515625,936300
FIS,2014-11-18,59.36000061035156,59.959999084472656,59.25,59.79999923706055,52.36452102661133,1203600
FIS,2014-11-19,59.7599983215332,59.84999847412109,59.34999847412109,59.77999877929688,52.347015380859375,764000
FIS,2014-11-20,59.540000915527344,59.810001373291016,59.36000061035156,59.70000076293945,52.276954650878906,657800
FIS,2014-11-21,60.150001525878906,60.25,59.810001373291016,59.900001525878906,52.452091217041016,957200
FIS,2014-11-24,59.95000076293945,60.220001220703125,59.93000030517578,60.11000061035156,52.63597869873047,682400
FIS,2014-11-25,60.29999923706055,60.68999862670898,60.0099983215332,60.459999084472656,52.94245529174805,999100
FIS,2014-11-26,60.5099983215332,60.90999984741211,60.369998931884766,60.7599983215332,53.205169677734375,835100
FIS,2014-11-28,60.900001525878906,61.65999984741211,60.68000030517578,61.18999862670898,53.58168411254883,599200
FIS,2014-12-01,60.83000183105469,61.68999862670898,60.68000030517578,61.43000030517578,53.7918586730957,963100
FIS,2014-12-02,61.540000915527344,61.65999984741211,61.31999969482422,61.41999816894531,53.78310775756836,834000
FIS,2014-12-03,61.34000015258789,61.83000183105469,61.20000076293945,61.7400016784668,54.06331634521485,702800
FIS,2014-12-04,61.790000915527344,61.959999084472656,61.40999984741211,61.650001525878906,53.9844856262207,635400
FIS,2014-12-05,61.650001525878906,61.88999938964844,61.40999984741211,61.619998931884766,53.95822143554688,624100
FIS,2014-12-08,61.5,61.79999923706055,60.91999816894531,61.27999877929688,53.66049575805664,699400
FIS,2014-12-09,60.619998931884766,61.400001525878906,60.5,61.34999847412109,53.7218017578125,698800
FIS,2014-12-10,61.13999938964844,61.27000045776367,60.58000183105469,60.84000015258789,53.27519989013672,1289300
FIS,2014-12-11,60.93000030517578,61.540000915527344,60.77000045776367,60.9900016784668,53.40655517578125,870500
FIS,2014-12-12,60.290000915527344,60.75,60.22999954223633,60.33000183105469,53.03732681274414,1410100
FIS,2014-12-15,60.380001068115234,60.709999084472656,59.709999084472656,60.45000076293945,53.14283752441406,1450800
FIS,2014-12-16,60.34999847412109,61.13999938964844,59.95000076293945,60.15999984741211,52.887882232666016,1116600
FIS,2014-12-17,60.2599983215332,61.5099983215332,60.040000915527344,61.5,54.06589889526367,1208300
FIS,2014-12-18,62.150001525878906,63.59999847412109,61.970001220703125,63.59000015258789,55.90326690673828,1371600
FIS,2014-12-19,63.7599983215332,64.30000305175781,62.91999816894531,63.06999969482422,55.44612121582031,2939800
FIS,2014-12-22,63.2599983215332,63.7599983215332,63.25,63.54999923706055,55.86809539794922,1143300
FIS,2014-12-23,63.77000045776367,64.1500015258789,63.70000076293945,64.04000091552734,56.29887390136719,583100
FIS,2014-12-24,63.9900016784668,64.1500015258789,63.560001373291016,63.619998931884766,55.92963409423828,470900
FIS,2014-12-26,63.90999984741211,63.91999816894531,63.459999084472656,63.5099983215332,55.83293533325195,366600
FIS,2014-12-29,63.43000030517578,63.68999862670898,63.209999084472656,63.560001373291016,55.87689208984375,611800
FIS,2014-12-30,63.34999847412109,63.45000076293945,63.119998931884766,63.15999984741211,55.52524185180664,424000
FIS,2014-12-31,63.40999984741211,63.459999084472656,62.18000030517578,62.20000076293945,54.6812858581543,661900
FIS,2015-01-02,62.33000183105469,63.02999877929688,61.81999969482422,62.40999984741211,54.86590576171875,666300
FIS,2015-01-05,62.15999984741211,62.2400016784668,60.7400016784668,61.33000183105469,53.91644287109375,952900
FIS,2015-01-06,61.38999938964844,61.72999954223633,60.36000061035156,61.25,53.84612655639648,1190000
FIS,2015-01-07,61.79999923706055,62.29999923706055,61.36000061035156,62.2599983215332,54.73402786254883,925200
FIS,2015-01-08,62.83000183105469,63.18999862670898,62.709999084472656,63.13999938964844,55.507659912109375,907200
FIS,2015-01-09,63.27999877929688,63.40999984741211,62.619998931884766,62.93000030517578,55.32304763793945,569200
FIS,2015-01-12,62.88999938964844,63.16999816894531,62.41999816894531,62.72999954223633,55.14721298217773,666200
FIS,2015-01-13,63.04999923706055,63.97999954223633,62.209999084472656,62.869998931884766,55.270301818847656,944900
FIS,2015-01-14,62.09000015258789,62.34000015258789,61.54999923706055,62.220001220703125,54.69887161254883,585000
FIS,2015-01-15,62.43000030517578,62.63999938964844,61.869998931884766,62.29999923706055,54.76920700073242,749300
FIS,2015-01-16,62.15999984741211,63.34000015258789,62.11000061035156,63.290000915527344,55.639530181884766,846600
FIS,2015-01-20,63.45000076293945,63.790000915527344,62.650001525878906,63.290000915527344,55.639530181884766,654500
FIS,2015-01-21,62.869998931884766,63.18999862670898,62.40999984741211,62.72999954223633,55.14721298217773,753300
FIS,2015-01-22,63.0099983215332,63.959999084472656,62.5,63.84000015258789,56.123046875,644900
FIS,2015-01-23,63.86000061035156,64.41999816894531,63.63999938964844,64.01000213623047,56.27248764038086,773600
FIS,2015-01-26,63.869998931884766,64.20999908447266,63.47999954223633,64.05000305175781,56.30765914916992,640400
FIS,2015-01-27,63.27999877929688,63.43000030517578,62.470001220703125,63.13999938964844,55.507659912109375,1048100
FIS,2015-01-28,63.709999084472656,63.7599983215332,62.36000061035156,62.40999984741211,54.86590576171875,1080200
FIS,2015-01-29,62.400001525878906,63.5,62.20000076293945,63.36000061035156,55.70106887817383,1104100
FIS,2015-01-30,63.040000915527344,63.2400016784668,62.36000061035156,62.43000030517578,54.88349151611328,1439600
FIS,2015-02-02,62.86000061035156,63.0099983215332,61.650001525878906,63.0,55.38457489013672,1123500
FIS,2015-02-03,63.25,64.38999938964844,62.9900016784668,64.33000183105469,56.55381774902344,1101700
FIS,2015-02-04,64.29000091552734,64.86000061035156,63.810001373291016,64.48999786376953,56.69447708129883,1378700
FIS,2015-02-05,64.44999694824219,64.79000091552734,63.08000183105469,64.01000213623047,56.27248764038086,1842100
FIS,2015-02-06,64.05000305175781,64.5999984741211,63.630001068115234,63.93000030517578,56.20216369628906,1493700
FIS,2015-02-09,63.470001220703125,63.880001068115234,63.220001220703125,63.61000061035156,55.92084503173828,1231100
FIS,2015-02-10,63.869998931884766,64.83999633789062,63.75,64.68000030517578,56.86150360107422,688000
FIS,2015-02-11,64.73999786376953,65.36000061035156,64.69000244140625,65.1500015258789,57.27469253540039,969000
FIS,2015-02-12,65.36000061035156,66.19000244140625,65.36000061035156,66.19000244140625,58.18897247314453,762600
FIS,2015-02-13,66.19999694824219,66.56999969482422,66.04000091552734,66.5199966430664,58.47908401489258,701900
FIS,2015-02-17,66.25,66.95999908447266,66.25,66.91000366210938,58.82194900512695,902800
FIS,2015-02-18,66.58000183105469,67.4000015258789,66.56999969482422,67.25,59.120853424072266,1075300
FIS,2015-02-19,67.33000183105469,67.70999908447266,67.08000183105469,67.69000244140625,59.50766754150391,972400
FIS,2015-02-20,67.61000061035156,68.9800033569336,67.43000030517578,68.68000030517578,60.37799072265625,2837000
FIS,2015-02-23,68.68000030517578,68.79000091552734,67.81999969482422,68.20999908447266,59.96479797363281,1208200
FIS,2015-02-24,68.05999755859375,68.4000015258789,67.93000030517578,68.16000366210938,59.920841217041016,865600
FIS,2015-02-25,67.97000122070312,68.44999694824219,67.91000366210938,68.01000213623047,59.78896331787109,998100
FIS,2015-02-26,68.05000305175781,68.30999755859375,67.87000274658203,68.13999938964844,59.903282165527344,751300
FIS,2015-02-27,67.88999938964844,68.02999877929688,67.44000244140625,67.58999633789062,59.41974639892578,1104300
FIS,2015-03-02,67.4800033569336,68.30000305175781,67.3499984741211,68.23999786376953,59.99116134643555,765200
FIS,2015-03-03,67.9000015258789,67.98999786376953,67.27999877929688,67.61000061035156,59.437313079833984,948400
FIS,2015-03-04,67.33000183105469,67.5,66.69999694824219,67.01000213623047,58.90985870361328,788700
FIS,2015-03-05,67.27999877929688,67.37000274658203,66.8499984741211,67.25,59.120853424072266,578600
FIS,2015-03-06,66.9000015258789,67.0199966430664,65.97000122070312,66.0999984741211,58.10986709594727,809000
FIS,2015-03-09,66.0199966430664,66.7699966430664,66.0199966430664,66.62000274658203,58.56698989868164,675200
FIS,2015-03-10,66.26000213623047,66.29000091552734,65.08999633789062,65.0999984741211,57.23073959350586,940100
FIS,2015-03-11,65.02999877929688,65.23999786376953,64.5,64.5999984741211,56.79117202758789,1016400
FIS,2015-03-12,64.73999786376953,66.2699966430664,64.73999786376953,66.25,58.241729736328125,1087400
FIS,2015-03-13,66.0199966430664,66.18000030517578,64.94999694824219,65.30000305175781,57.63275909423828,812100
FIS,2015-03-16,65.69999694824219,66.6500015258789,65.61000061035156,66.63999938964844,58.815406799316406,885100
FIS,2015-03-17,66.19999694824219,66.62000274658203,66.05000305175781,66.3499984741211,58.55945587158203,584800
FIS,2015-03-18,66.13999938964844,67.80000305175781,66.0999984741211,67.48999786376953,59.56558990478516,972400
FIS,2015-03-19,67.5,67.76000213623047,67.19000244140625,67.61000061035156,59.67149353027344,659700
FIS,2015-03-20,68.18000030517578,68.75,67.69999694824219,68.33000183105469,60.30699920654297,1571800
FIS,2015-03-23,68.29000091552734,68.88999938964844,68.05999755859375,68.52999877929688,60.483489990234375,920000
FIS,2015-03-24,68.38999938964844,68.5999984741211,67.9800033569336,68.13999938964844,60.13929748535156,1293300
FIS,2015-03-25,68.12000274658203,68.19000244140625,67.52999877929688,67.54000091552734,59.6097412109375,2031400
FIS,2015-03-26,67.30000305175781,67.72000122070312,66.87999725341797,67.41999816894531,59.50383377075195,947000
FIS,2015-03-27,67.25,67.69000244140625,66.73999786376953,67.06999969482422,59.19491195678711,1150100
FIS,2015-03-30,67.58000183105469,68.58000183105469,67.55000305175781,68.27999877929688,60.26283264160156,760000
FIS,2015-03-31,68.05000305175781,68.58000183105469,67.83000183105469,68.05999755859375,60.06867599487305,736200
FIS,2015-04-01,67.94000244140625,68.04000091552734,67.16999816894531,67.69999694824219,59.750953674316406,1008600
FIS,2015-04-02,67.80999755859375,68.44999694824219,67.54000091552734,68.08000183105469,60.08633041381836,924700
FIS,2015-04-06,67.41000366210938,68.47000122070312,67.33999633789062,68.1500015258789,60.14812469482422,1185900
FIS,2015-04-07,68.08000183105469,68.33000183105469,67.83000183105469,67.88999938964844,59.91865158081055,727100
FIS,2015-04-08,67.83999633789062,68.51000213623047,67.83999633789062,68.51000213623047,60.4658432006836,762500
FIS,2015-04-09,68.52999877929688,68.55000305175781,67.75,68.08000183105469,60.08633041381836,920500
FIS,2015-04-10,65.87000274658203,66.06999969482422,63.27000045776367,65.5,57.80924987792969,6919100
FIS,2015-04-13,65.20999908447266,65.73999786376953,64.55000305175781,64.69000244140625,57.0943603515625,2453000
FIS,2015-04-14,64.62999725341797,65.0,64.20999908447266,64.36000061035156,56.80312347412109,2167800
FIS,2015-04-15,64.56999969482422,64.95999908447266,63.93000030517578,64.30999755859375,56.75898361206055,2473600
FIS,2015-04-16,64.20999908447266,64.62999725341797,63.81999969482422,64.08000183105469,56.55598449707031,1749600
FIS,2015-04-17,63.61000061035156,63.720001220703125,62.93999862670898,63.33000183105469,55.89404678344727,2382200
FIS,2015-04-20,63.630001068115234,64.29000091552734,63.56999969482422,63.93999862670898,56.43243789672852,2001600
FIS,2015-04-21,64.05000305175781,64.8499984741211,64.05000305175781,64.08999633789062,56.5648193359375,1915300
FIS,2015-04-22,64.11000061035156,64.68000030517578,63.75,64.27999877929688,56.73250961303711,1622600
FIS,2015-04-23,64.16000366210938,64.66999816894531,63.9900016784668,64.51000213623047,56.93550491333008,1324800
FIS,2015-04-24,64.5199966430664,64.52999877929688,63.97999954223633,64.11000061035156,56.58246612548828,1146300
FIS,2015-04-27,64.37999725341797,64.37999725341797,63.84000015258789,64.01000213623047,56.49420166015625,1392900
FIS,2015-04-28,63.86000061035156,64.41000366210938,63.52000045776367,64.27999877929688,56.73250961303711,1462700
FIS,2015-04-29,64.11000061035156,64.58999633789062,64.01000213623047,64.1500015258789,56.617774963378906,1636400
FIS,2015-04-30,60.95000076293945,63.790000915527344,60.790000915527344,62.4900016784668,55.152679443359375,4084400
FIS,2015-05-01,62.70000076293945,63.150001525878906,62.18000030517578,63.11000061035156,55.69988632202149,2016400
FIS,2015-05-04,63.34000015258789,63.68000030517578,63.06999969482422,63.25,55.82344436645508,1630000
FIS,2015-05-05,63.02000045776367,63.54999923706055,62.9900016784668,63.369998931884766,55.92936325073242,2109300
FIS,2015-05-06,63.58000183105469,63.959999084472656,63.11000061035156,63.47999954223633,56.02643203735352,1354900
FIS,2015-05-07,63.5,64.31999969482422,63.40999984741211,64.05999755859375,56.538330078125,1372400
FIS,2015-05-08,64.73999786376953,65.69999694824219,64.73999786376953,65.08000183105469,57.438568115234375,1308100
FIS,2015-05-11,64.87000274658203,65.27999877929688,64.54000091552734,64.54000091552734,56.96197891235352,882100
FIS,2015-05-12,64.04000091552734,64.33000183105469,63.65999984741211,64.0,56.485382080078125,1579100
FIS,2015-05-13,64.01000213623047,64.63999938964844,63.7599983215332,63.86000061035156,56.36182022094727,1038300
FIS,2015-05-14,64.16999816894531,64.61000061035156,64.01000213623047,64.55000305175781,56.9708137512207,1345000
FIS,2015-05-15,64.56999969482422,64.8499984741211,64.26000213623047,64.44999694824219,56.882545471191406,1050400
FIS,2015-05-18,64.33999633789062,64.7699966430664,64.19999694824219,64.6500015258789,57.05907440185547,866400
FIS,2015-05-19,64.80999755859375,64.97000122070312,64.55999755859375,64.77999877929688,57.17379760742188,839400
FIS,2015-05-20,64.9800033569336,65.19000244140625,64.62999725341797,64.77999877929688,57.17379760742188,646300
FIS,2015-05-21,64.5999984741211,64.83000183105469,64.4800033569336,64.54000091552734,56.96197891235352,663900
FIS,2015-05-22,64.41000366210938,64.72000122070312,64.27999877929688,64.37000274658203,56.81194305419922,794500
FIS,2015-05-26,64.13999938964844,64.2300033569336,63.13999938964844,63.25,55.82344436645508,1027600
FIS,2015-05-27,63.5099983215332,63.66999816894531,63.18999862670898,63.58000183105469,56.11469268798828,1539000
FIS,2015-05-28,63.459999084472656,63.65999984741211,63.08000183105469,63.400001525878906,55.95583724975586,877700
FIS,2015-05-29,63.29999923706055,63.45000076293945,62.58000183105469,62.70000076293945,55.338016510009766,1548000
FIS,2015-06-01,62.75,63.040000915527344,62.08000183105469,62.619998931884766,55.26742172241211,1606600
FIS,2015-06-02,62.40999984741211,62.59000015258789,62.04999923706055,62.43999862670898,55.10855484008789,1277900
FIS,2015-06-03,62.7400016784668,62.90999984741211,62.38999938964844,62.52000045776367,55.179161071777344,931900
FIS,2015-06-04,62.18999862670898,62.400001525878906,61.720001220703125,61.77999877929688,54.52605056762695,1213700
FIS,2015-06-05,61.68999862670898,62.310001373291016,61.540000915527344,62.20000076293945,54.89672470092773,1599300
FIS,2015-06-08,62.09000015258789,62.470001220703125,61.84000015258789,61.970001220703125,54.6937370300293,1060400
FIS,2015-06-09,62.0099983215332,62.16999816894531,61.630001068115234,61.790000915527344,54.53487777709961,1019500
FIS,2015-06-10,62.0099983215332,62.709999084472656,61.970001220703125,62.52999877929688,55.1879768371582,559200
FIS,2015-06-11,63.29999923706055,64.38999938964844,63.09999847412109,64.16000366210938,56.62660217285156,1744300
FIS,2015-06-12,63.709999084472656,63.86000061035156,63.18999862670898,63.2599983215332,56.05944061279297,879400
FIS,2015-06-15,62.630001068115234,62.959999084472656,62.150001525878906,62.86000061035156,55.70497131347656,1049900
FIS,2015-06-16,62.84000015258789,63.2599983215332,62.630001068115234,63.02999877929688,55.85561752319336,1168600
FIS,2015-06-17,63.2400016784668,63.29999923706055,62.63999938964844,62.93999862670898,55.77587127685547,648100
FIS,2015-06-18,63.08000183105469,63.4900016784668,62.84999847412109,63.400001525878906,56.18351364135742,1451900
FIS,2015-06-19,63.470001220703125,64.05000305175781,63.470001220703125,63.93999862670898,56.66204071044922,1356600
FIS,2015-06-22,64.25,64.93000030517578,64.11000061035156,64.58999633789062,57.23804473876953,959500
FIS,2015-06-23,64.66000366210938,64.70999908447266,64.1500015258789,64.2699966430664,56.954471588134766,882000
FIS,2015-06-24,64.1500015258789,64.19000244140625,63.29999923706055,63.29999923706055,56.09489059448242,691300
FIS,2015-06-25,63.5099983215332,63.59000015258789,63.02999877929688,63.130001068115234,55.94423294067383,780800
FIS,2015-06-26,63.25,63.43000030517578,63.040000915527344,63.369998931884766,56.15691757202149,2518300
FIS,2015-06-29,62.9900016784668,63.18999862670898,62.33000183105469,62.40999984741211,55.30619812011719,1456900
FIS,2015-06-30,62.900001525878906,62.900001525878906,61.68999862670898,61.79999923706055,54.765625,1313800
FIS,2015-07-01,62.150001525878906,62.47999954223633,61.97999954223633,62.31999969482422,55.2264404296875,861300
FIS,2015-07-02,62.5099983215332,62.52000045776367,62.0,62.369998931884766,55.270751953125,697000
FIS,2015-07-06,61.810001373291016,62.58000183105469,61.65999984741211,62.52000045776367,55.40367889404297,943300
FIS,2015-07-07,62.619998931884766,62.77000045776367,61.77000045776367,62.70000076293945,55.56317901611328,728000
FIS,2015-07-08,62.130001068115234,62.459999084472656,61.58000183105469,61.58000183105469,54.57067108154297,832500
FIS,2015-07-09,62.41999816894531,62.7400016784668,62.22999954223633,62.33000183105469,55.235294342041016,884900
FIS,2015-07-10,63.0,63.77999877929688,62.90999984741211,63.56999969482422,56.33415603637695,964100
FIS,2015-07-13,63.95000076293945,64.0999984741211,63.7400016784668,64.0199966430664,56.73292541503906,1244900
FIS,2015-07-14,64.02999877929688,64.27999877929688,63.75,64.16000366210938,56.85700225830078,711700
FIS,2015-07-15,64.23999786376953,64.48999786376953,64.0199966430664,64.1500015258789,56.84813690185547,677500
FIS,2015-07-16,64.4800033569336,64.66999816894531,64.0199966430664,64.5,57.15830612182617,2172500
FIS,2015-07-17,64.6500015258789,64.6500015258789,63.90999984741211,64.08999633789062,56.79496383666992,681800
FIS,2015-07-20,64.19000244140625,64.69000244140625,64.12000274658203,64.26000213623047,56.94561767578125,865200
FIS,2015-07-21,64.1500015258789,64.4800033569336,63.65999984741211,63.79999923706055,56.5379753112793,966300
FIS,2015-07-22,63.790000915527344,64.29000091552734,63.650001525878906,64.12999725341797,56.83040618896485,1111300
FIS,2015-07-23,63.93000030517578,64.3499984741211,62.08000183105469,62.58000183105469,55.456844329833984,2976600
FIS,2015-07-24,62.5099983215332,62.95000076293945,62.15999984741211,62.63999938964844,55.51001739501953,1291800
FIS,2015-07-27,62.31999969482422,62.36000061035156,61.56999969482422,62.130001068115234,55.05806350708008,1531400
FIS,2015-07-28,62.38999938964844,62.5099983215332,61.84000015258789,62.41999816894531,55.31504821777344,1387500
FIS,2015-07-29,62.36000061035156,63.34000015258789,62.29999923706055,63.2400016784668,56.041725158691406,890100
FIS,2015-07-30,63.09999847412109,66.6500015258789,62.59000015258789,65.8499984741211,58.35464477539063,7446600
FIS,2015-07-31,66.16999816894531,66.16999816894531,65.08000183105469,65.43000030517578,57.98243713378906,1691200
FIS,2015-08-03,65.5,65.72000122070312,64.66999816894531,65.48999786376953,58.035621643066406,1005300
FIS,2015-08-04,65.48999786376953,65.8499984741211,65.18000030517578,65.27999877929688,57.84951400756836,756000
FIS,2015-08-05,65.5,65.9800033569336,65.45999908447266,65.73999786376953,58.25715255737305,753100
FIS,2015-08-06,65.76000213623047,65.79000091552734,64.55999755859375,64.68000030517578,57.31780624389648,585900
FIS,2015-08-07,64.58999633789062,64.83999633789062,64.30999755859375,64.7699966430664,57.3975715637207,644200
FIS,2015-08-10,65.16000366210938,65.69000244140625,65.0,65.5199966430664,58.06219482421875,799900
FIS,2015-08-11,64.91000366210938,65.27999877929688,64.58999633789062,65.06999969482422,57.66342926025391,990100
FIS,2015-08-12,68.56999969482422,70.88999938964844,68.06999969482422,70.75,62.6968879699707,6352100
FIS,2015-08-13,70.76000213623047,70.95999908447266,69.94999694824219,70.16000366210938,62.174049377441406,2395700
FIS,2015-08-14,69.9800033569336,70.37000274658203,69.69999694824219,70.2699966430664,62.27153015136719,1274800
FIS,2015-08-17,70.30000305175781,71.62999725341797,70.19999694824219,71.44999694824219,63.31721115112305,1850200
FIS,2015-08-18,71.4800033569336,71.73999786376953,71.2300033569336,71.72000122070312,63.55648040771485,1117100
FIS,2015-08-19,71.61000061035156,72.23999786376953,71.08999633789062,71.86000061035156,63.6805419921875,1862000
FIS,2015-08-20,71.68000030517578,72.30000305175781,71.30999755859375,71.30999755859375,63.19315719604492,1842700
FIS,2015-08-21,70.94999694824219,71.48999786376953,69.25,69.31999969482422,61.42965698242188,2968300
FIS,2015-08-24,66.2699966430664,67.52999877929688,65.19999694824219,65.97000122070312,58.46098709106445,3148900
FIS,2015-08-25,67.77999877929688,67.80999755859375,65.31999969482422,65.37000274658203,57.92927551269531,2468100
FIS,2015-08-26,67.12999725341797,69.55999755859375,66.41000366210938,69.44999694824219,61.54487609863281,2928200
FIS,2015-08-27,70.0199966430664,70.56999969482422,68.98999786376953,70.29000091552734,62.28924560546875,1485500
FIS,2015-08-28,70.23999786376953,70.4800033569336,69.69999694824219,70.27999877929688,62.280399322509766,1833000
FIS,2015-08-31,69.68000030517578,69.91000366210938,68.9000015258789,69.05999755859375,61.199249267578125,1237900
FIS,2015-09-01,67.7300033569336,68.44999694824219,66.54000091552734,67.08000183105469,59.444610595703125,2179700
FIS,2015-09-02,67.9000015258789,68.02999877929688,66.95999908447266,67.83999633789062,60.11812210083008,1837900
FIS,2015-09-03,68.23999786376953,68.66999816894531,67.87999725341797,68.1500015258789,60.392852783203125,1677400
FIS,2015-09-04,67.30000305175781,67.91999816894531,66.79000091552734,67.05999755859375,59.42691421508789,1268300
FIS,2015-09-08,68.0999984741211,69.36000061035156,67.87999725341797,69.36000061035156,61.46511459350586,991600
FIS,2015-09-09,69.66999816894531,70.0,67.83000183105469,67.93000030517578,60.1978759765625,823200
FIS,2015-09-10,67.87999725341797,69.11000061035156,67.86000061035156,68.72000122070312,60.89795303344727,1614900
FIS,2015-09-11,68.66999816894531,69.70999908447266,68.1500015258789,69.62000274658203,61.69552993774414,1232700
FIS,2015-09-14,69.36000061035156,69.4800033569336,68.5199966430664,68.73999786376953,61.14404296875,1147100
FIS,2015-09-15,68.98999786376953,70.1500015258789,68.6500015258789,69.87000274658203,62.14915084838867,803200
FIS,2015-09-16,69.83000183105469,70.2699966430664,69.70999908447266,69.93000030517578,62.20253372192383,918600
FIS,2015-09-17,69.95999908447266,70.4800033569336,69.12999725341797,69.30000305175781,61.64214706420898,1433100
FIS,2015-09-18,68.51000213623047,69.44999694824219,68.04000091552734,68.18000030517578,60.64590072631836,2347800
FIS,2015-09-21,68.5,69.93000030517578,68.44999694824219,69.58000183105469,61.891212463378906,1137800
FIS,2015-09-22,68.86000061035156,68.88999938964844,67.80000305175781,68.20999908447266,60.6725959777832,1439800
FIS,2015-09-23,68.25,69.37999725341797,67.9000015258789,69.25,61.59767150878906,1333300
FIS,2015-09-24,68.58000183105469,68.8499984741211,67.8499984741211,68.30000305175781,60.75265121459961,1146200
FIS,2015-09-25,68.81999969482422,69.04000091552734,67.83000183105469,68.22000122070312,60.68149948120117,1116700
FIS,2015-09-28,68.0,68.22000122070312,65.81999969482422,65.8499984741211,58.573387145996094,1491300
FIS,2015-09-29,65.94999694824219,66.5999984741211,65.75,66.5,59.15156173706055,1514800
FIS,2015-09-30,67.30000305175781,67.73999786376953,66.3499984741211,67.08000183105469,59.66744613647461,1499500
FIS,2015-10-01,67.75,67.75,66.73999786376953,67.58000183105469,60.11223220825195,1424600
FIS,2015-10-02,66.41999816894531,68.41000366210938,66.16000366210938,68.3499984741211,60.797122955322266,882400
FIS,2015-10-05,68.5199966430664,69.52999877929688,68.5199966430664,69.33000183105469,61.66883850097656,1083000
FIS,2015-10-06,69.12999725341797,69.45999908447266,68.66999816894531,69.44000244140625,61.76667785644531,1219300
FIS,2015-10-07,69.81999969482422,70.27999877929688,69.36000061035156,70.13999938964844,62.38932037353516,1338900
FIS,2015-10-08,70.0999984741211,71.37999725341797,69.94999694824219,71.30000305175781,63.421142578125,1584400
FIS,2015-10-09,71.26000213623047,71.6500015258789,70.0999984741211,70.5,62.70955276489258,1507800
FIS,2015-10-12,70.5,71.16000366210938,70.2699966430664,70.81999969482422,62.99418258666992,697500
FIS,2015-10-13,70.44000244140625,70.88999938964844,69.5999984741211,69.83999633789062,62.122501373291016,1242200
FIS,2015-10-14,69.93000030517578,70.33999633789062,69.19999694824219,69.37999725341797,61.71330642700195,1104400
FIS,2015-10-15,69.86000061035156,69.87000274658203,69.12000274658203,69.80999755859375,62.095802307128906,1669700
FIS,2015-10-16,70.05999755859375,70.3499984741211,69.58000183105469,70.3499984741211,62.576114654541016,996300
FIS,2015-10-19,69.98999786376953,70.69000244140625,69.76000213623047,70.61000061035156,62.80739974975586,1026600
FIS,2015-10-20,70.5,70.81999969482422,70.12000274658203,70.63999938964844,62.83406829833984,853900
FIS,2015-10-21,70.80999755859375,71.05999755859375,69.68000030517578,69.7300033569336,62.02463150024414,823500
FIS,2015-10-22,70.13999938964844,71.0,69.83999633789062,70.56999969482422,62.77181625366211,1037200
FIS,2015-10-23,71.19999694824219,71.33999633789062,70.5999984741211,71.2300033569336,63.3588752746582,1017900
FIS,2015-10-26,71.12999725341797,71.38999938964844,70.83000183105469,71.33999633789062,63.45671463012695,944800
FIS,2015-10-27,70.94000244140625,71.37999725341797,70.70999908447266,70.98999786376953,63.14540863037109,1197900
FIS,2015-10-28,71.30999755859375,72.80000305175781,71.01000213623047,72.79000091552734,64.74649047851562,1046900
FIS,2015-10-29,72.66000366210938,72.87000274658203,72.38999938964844,72.73999786376953,64.7020263671875,1155100
FIS,2015-10-30,72.83000183105469,73.01000213623047,72.4000015258789,72.91999816894531,64.86212158203125,2016000
FIS,2015-11-02,72.27999877929688,73.5999984741211,70.58000183105469,73.5,65.37803649902344,2812400
FIS,2015-11-03,66.04000091552734,69.25,64.05999755859375,64.47000122070312,57.34587097167969,9437500
FIS,2015-11-04,64.4800033569336,67.7699966430664,64.44000244140625,65.54000091552734,58.29763412475586,5650500
FIS,2015-11-05,65.72000122070312,66.69999694824219,65.45999908447266,66.18000030517578,58.86691284179688,3622200
FIS,2015-11-06,66.16999816894531,67.43000030517578,66.13999938964844,67.19000244140625,59.76533508300781,2282500
FIS,2015-11-09,66.94000244140625,67.47000122070312,66.05999755859375,66.3499984741211,59.01813888549805,1181300
FIS,2015-11-10,66.12999725341797,66.69000244140625,66.02999877929688,66.51000213623047,59.16044616699219,1807000
FIS,2015-11-11,66.41999816894531,67.37000274658203,66.19000244140625,67.08000183105469,59.66744613647461,1828100
FIS,2015-11-12,66.7699966430664,67.0199966430664,66.22000122070312,66.30999755859375,58.9825553894043,1690900
FIS,2015-11-13,66.20999908447266,66.33000183105469,65.08999633789062,65.0999984741211,57.90625,1084500
FIS,2015-11-16,65.13999938964844,65.61000061035156,64.88999938964844,65.5,58.262054443359375,1466100
FIS,2015-11-17,65.72000122070312,66.11000061035156,65.43000030517578,65.61000061035156,58.35990524291992,999900
FIS,2015-11-18,65.91999816894531,66.26000213623047,65.5,66.12000274658203,58.81356430053711,1303600
FIS,2015-11-19,66.25,66.52999877929688,65.87000274658203,66.08000183105469,58.777976989746094,1308800
FIS,2015-11-20,66.4000015258789,66.61000061035156,66.19000244140625,66.41000366210938,59.07150268554688,2693700
FIS,2015-11-23,66.4800033569336,66.63999938964844,65.37999725341797,65.55000305175781,58.30653762817383,2406700
FIS,2015-11-24,65.1500015258789,65.47000122070312,63.959999084472656,64.77999877929688,57.621620178222656,2116000
FIS,2015-11-25,65.01000213623047,65.01000213623047,64.12000274658203,64.52999877929688,57.39925003051758,2029600
FIS,2015-11-27,64.62999725341797,64.88999938964844,64.4800033569336,64.72000122070312,57.56824493408203,969600
FIS,2015-11-30,64.80999755859375,64.9000015258789,63.58000183105469,63.66999816894531,56.63428115844727,3073700
FIS,2015-12-01,63.970001220703125,64.76000213623047,63.66999816894531,64.48999786376953,57.36367034912109,4092700
FIS,2015-12-02,64.3499984741211,65.95999908447266,64.1500015258789,64.9800033569336,57.79953002929688,8466700
FIS,2015-12-03,65.18000030517578,65.26000213623047,63.61000061035156,64.06999969482422,56.99008560180664,4312200
FIS,2015-12-04,64.33000183105469,65.30000305175781,64.0199966430664,65.04000091552734,57.8528938293457,3141000
FIS,2015-12-07,64.80999755859375,65.0,63.130001068115234,63.5099983215332,56.491966247558594,2117000
FIS,2015-12-08,63.0,63.11000061035156,62.290000915527344,63.04999923706055,56.08278274536133,2538700
FIS,2015-12-09,62.7400016784668,64.0999984741211,62.68000030517578,63.45000076293945,56.4385986328125,2529000
FIS,2015-12-10,63.40999984741211,63.59999847412109,62.77999877929688,62.880001068115234,55.931583404541016,1960200
FIS,2015-12-11,61.52999877929688,62.060001373291016,60.95000076293945,61.20000076293945,54.43722534179688,2256800
FIS,2015-12-14,60.41999816894531,62.09999847412109,60.380001068115234,61.11000061035156,54.58908081054688,2139600
FIS,2015-12-15,61.56999969482422,61.900001525878906,61.06999969482422,61.619998931884766,55.04467010498047,1917900
FIS,2015-12-16,62.09000015258789,62.34000015258789,60.86000061035156,62.02999877929688,55.41091537475586,1380200
FIS,2015-12-17,61.9900016784668,62.4900016784668,59.75,59.880001068115234,53.49032974243164,2062500
FIS,2015-12-18,59.59999847412109,59.650001525878906,58.4900016784668,58.52000045776367,52.27545547485352,2737000
FIS,2015-12-21,58.97999954223633,59.77000045776367,58.77999877929688,59.15999984741211,52.84716796875,1681600
FIS,2015-12-22,59.369998931884766,60.04999923706055,59.18999862670898,59.84999847412109,53.46353530883789,1711600
FIS,2015-12-23,60.040000915527344,61.52000045776367,59.90999984741211,61.18999862670898,54.6605339050293,2187900
FIS,2015-12-24,61.130001068115234,61.41999816894531,60.79999923706055,61.11000061035156,54.58908081054688,411300
FIS,2015-12-28,60.81999969482422,61.0,60.27000045776367,61.0,54.490814208984375,1365600
FIS,2015-12-29,61.36000061035156,62.13999938964844,61.2400016784668,61.59000015258789,55.01786422729492,755100
FIS,2015-12-30,61.33000183105469,61.619998931884766,60.959999084472656,60.9900016784668,54.48188400268555,584800
FIS,2015-12-31,60.77000045776367,61.36000061035156,60.5099983215332,60.59999847412109,54.13349914550781,871100
FIS,2016-01-04,59.52000045776367,59.970001220703125,58.9900016784668,59.90999984741211,53.51713180541992,2164100
FIS,2016-01-05,60.18999862670898,61.09000015258789,59.66999816894531,60.290000915527344,53.8565788269043,2283600
FIS,2016-01-06,59.36000061035156,59.72999954223633,58.900001525878906,59.18000030517578,52.86503982543945,1743700
FIS,2016-01-07,58.5,59.61000061035156,58.08000183105469,59.18999862670898,52.87397003173828,2160600
FIS,2016-01-08,59.52000045776367,59.65999984741211,58.040000915527344,58.130001068115234,51.92707443237305,1960800
FIS,2016-01-11,58.61000061035156,59.27000045776367,58.06999969482422,58.93999862670898,52.65064239501953,1725700
FIS,2016-01-12,59.959999084472656,60.18999862670898,58.93999862670898,59.9900016784668,53.58859634399414,2757500
FIS,2016-01-13,60.209999084472656,60.70000076293945,58.93000030517578,59.119998931884766,52.81143951416016,2533000
FIS,2016-01-14,59.40999984741211,60.619998931884766,58.93000030517578,60.29999923706055,53.865516662597656,3068300
FIS,2016-01-15,58.56999969482422,59.27000045776367,57.619998931884766,58.459999084472656,52.22186279296875,2995300
FIS,2016-01-19,59.150001525878906,59.34000015258789,58.29999923706055,58.709999084472656,52.4451789855957,1383400
FIS,2016-01-20,57.91999816894531,58.34999847412109,56.79999923706055,57.88999938964844,51.71269226074219,2399700
FIS,2016-01-21,58.13999938964844,58.93999862670898,57.66999816894531,58.04999923706055,51.8556022644043,2661900
FIS,2016-01-22,59.060001373291016,59.54999923706055,58.93000030517578,59.45000076293945,53.106224060058594,1972800
FIS,2016-01-25,59.16999816894531,59.650001525878906,58.7599983215332,58.84999847412109,52.57024765014648,1271800
FIS,2016-01-26,59.0099983215332,60.09000015258789,58.720001220703125,60.040000915527344,53.63326644897461,1269100
FIS,2016-01-27,59.869998931884766,60.38999938964844,58.45000076293945,58.810001373291016,52.534515380859375,2111500
FIS,2016-01-28,59.29999923706055,59.459999084472656,58.060001373291016,58.209999084472656,51.99854278564453,1657100
FIS,2016-01-29,58.59999847412109,59.7599983215332,58.310001373291016,59.72999954223633,53.35633087158203,2198800
FIS,2016-02-01,59.380001068115234,61.040000915527344,59.209999084472656,60.66999816894531,54.1960334777832,1809900
FIS,2016-02-02,60.0,60.119998931884766,59.29999923706055,59.52000045776367,53.16875457763672,1614300
FIS,2016-02-03,59.59999847412109,59.95000076293945,58.86000061035156,59.650001525878906,53.28487396240234,1523000
FIS,2016-02-04,59.459999084472656,60.2599983215332,59.459999084472656,60.150001525878906,53.73151779174805,1453600
FIS,2016-02-05,59.84999847412109,60.400001525878906,58.290000915527344,58.540000915527344,52.29331588745117,1919400
FIS,2016-02-08,57.7400016784668,57.7400016784668,55.11000061035156,56.040000915527344,50.060096740722656,4212400
FIS,2016-02-09,57.650001525878906,59.33000183105469,56.380001068115234,57.93000030517578,51.748416900634766,5576200
FIS,2016-02-10,57.88999938964844,58.68000030517578,57.31999969482422,57.400001525878906,51.27497482299805,3098600
FIS,2016-02-11,56.20000076293945,56.880001068115234,55.9900016784668,56.43999862670898,50.41740417480469,1965300
FIS,2016-02-12,57.09999847412109,57.630001068115234,56.83000183105469,57.56999969482422,51.42681884765625,1538500
FIS,2016-02-16,58.5,58.970001220703125,58.220001220703125,58.650001525878906,52.39158248901367,2774700
FIS,2016-02-17,59.11000061035156,59.54999923706055,58.83000183105469,59.540000915527344,53.18661880493164,2644300
FIS,2016-02-18,59.5099983215332,59.7599983215332,58.93000030517578,59.16999816894531,52.85608673095703,1233500
FIS,2016-02-19,59.16999816894531,59.75,58.65999984741211,59.709999084472656,53.338470458984375,1690100
FIS,2016-02-22,59.90999984741211,60.70000076293945,59.65999984741211,59.9900016784668,53.58859634399414,1767500
FIS,2016-02-23,59.65999984741211,59.9900016784668,58.900001525878906,58.97999954223633,52.68637466430664,1753100
FIS,2016-02-24,58.5099983215332,59.22999954223633,57.79999923706055,59.18000030517578,52.86503982543945,1605800
FIS,2016-02-25,59.33000183105469,60.06999969482422,58.93000030517578,60.040000915527344,53.63326644897461,1556000
FIS,2016-02-26,60.18000030517578,60.61000061035156,59.400001525878906,59.4900016784668,53.14194869995117,1806500
FIS,2016-02-29,59.43000030517578,59.68999862670898,58.22999954223633,58.25,52.03426742553711,2735700
FIS,2016-03-01,58.810001373291016,60.0099983215332,58.70000076293945,60.0,53.597537994384766,2165300
FIS,2016-03-02,59.959999084472656,59.9900016784668,59.130001068115234,59.91999816894531,53.52605819702149,1565400
FIS,2016-03-03,59.84999847412109,60.470001220703125,59.43000030517578,60.33000183105469,53.892311096191406,2195500
FIS,2016-03-04,60.33000183105469,60.84000015258789,59.95000076293945,60.810001373291016,54.32109832763672,3087700
FIS,2016-03-07,60.43999862670898,60.65999984741211,59.84000015258789,60.06999969482422,53.66006088256836,1848500
FIS,2016-03-08,59.52999877929688,59.7599983215332,59.130001068115234,59.18000030517578,52.86503982543945,1470800
FIS,2016-03-09,59.52000045776367,60.04999923706055,59.11000061035156,60.02000045776367,53.61538314819336,1873300
FIS,2016-03-10,60.2400016784668,61.75,60.06999969482422,61.560001373291016,54.991058349609375,4338300
FIS,2016-03-11,61.81999969482422,63.0099983215332,61.2599983215332,62.810001373291016,56.1076774597168,3871000
FIS,2016-03-14,62.7400016784668,62.91999816894531,62.16999816894531,62.79999923706055,56.09874725341797,2386500
FIS,2016-03-15,62.040000915527344,62.70000076293945,61.81999969482422,62.43000030517578,56.00008010864258,1397300
FIS,2016-03-16,62.31999969482422,63.0,62.209999084472656,62.7599983215332,56.296085357666016,1528200
FIS,2016-03-17,62.72999954223633,63.369998931884766,62.52999877929688,63.060001373291016,56.565189361572266,2297700
FIS,2016-03-18,61.93000030517578,62.84000015258789,61.25,62.540000915527344,56.09874725341797,9141200
FIS,2016-03-21,62.36000061035156,62.93000030517578,62.18999862670898,62.75,56.28711700439453,2248800
FIS,2016-03-22,62.5,62.75,62.369998931884766,62.45000076293945,56.01802444458008,1448100
FIS,2016-03-23,62.4900016784668,63.02999877929688,62.20000076293945,62.88999938964844,56.4127082824707,2280000
FIS,2016-03-24,62.66999816894531,62.720001220703125,61.95000076293945,62.619998931884766,56.17050552368164,1567700
FIS,2016-03-28,63.0,63.0,62.25,62.41999816894531,55.99110412597656,1045000
FIS,2016-03-29,62.22999954223633,62.95000076293945,62.04999923706055,62.91999816894531,56.43960571289063,1105300
FIS,2016-03-30,63.0,63.40999984741211,62.91999816894531,63.18000030517578,56.672828674316406,1397300
FIS,2016-03-31,63.02999877929688,63.7400016784668,62.84000015258789,63.310001373291016,56.7894401550293,1665500
FIS,2016-04-01,63.63999938964844,65.11000061035156,63.38999938964844,65.01000213623047,58.31435775756836,2804100
FIS,2016-04-04,65.11000061035156,65.3499984741211,64.25,64.33999633789062,57.71335220336914,1468600
FIS,2016-04-05,63.9900016784668,64.18000030517578,63.369998931884766,63.43999862670898,56.90605545043945,1204900
FIS,2016-04-06,63.34000015258789,64.58000183105469,63.29999923706055,64.5,57.85688781738281,1454000
FIS,2016-04-07,64.05000305175781,64.37999725341797,63.47999954223633,63.88999938964844,57.30970764160156,1484000
FIS,2016-04-08,64.4000015258789,64.44000244140625,63.75,63.97999954223633,57.390438079833984,1746200
FIS,2016-04-11,64.2300033569336,64.81999969482422,63.90999984741211,64.11000061035156,57.50704574584961,1737600
FIS,2016-04-12,64.0999984741211,64.38999938964844,63.7400016784668,64.02999877929688,57.435279846191406,1417200
FIS,2016-04-13,64.37000274658203,64.51000213623047,63.77000045776367,64.27999877929688,57.6595344543457,1815400
FIS,2016-04-14,64.18000030517578,64.4800033569336,63.93000030517578,64.19000244140625,57.57880401611328,1176400
FIS,2016-04-15,64.25,64.56999969482422,64.0,64.05999755859375,57.46220016479492,1641700
FIS,2016-04-18,64.04000091552734,65.04000091552734,63.91999816894531,65.01000213623047,58.31435775756836,1086500
FIS,2016-04-19,65.2300033569336,65.83999633789062,65.0,65.48999786376953,58.74491882324219,1658200
FIS,2016-04-20,65.55999755859375,66.79000091552734,65.31999969482422,66.44999694824219,59.60602188110352,2881000
FIS,2016-04-21,66.22000122070312,66.68000030517578,64.98999786376953,65.23999786376953,58.52066040039063,2024400
FIS,2016-04-22,64.91000366210938,65.44000244140625,64.36000061035156,65.23999786376953,58.52066040039063,1436100
FIS,2016-04-25,64.95999908447266,65.86000061035156,64.69000244140625,65.69999694824219,58.93328857421875,1575300
FIS,2016-04-26,65.83000183105469,66.22000122070312,65.12999725341797,66.0,59.20238494873047,1375300
FIS,2016-04-27,65.41000366210938,66.62999725341797,65.41000366210938,66.4000015258789,59.56119537353516,1473000
FIS,2016-04-28,66.0199966430664,66.45999908447266,65.51000213623047,65.66999816894531,58.9063720703125,1617700
FIS,2016-04-29,65.29000091552734,66.11000061035156,64.83999633789062,65.80000305175781,59.022987365722656,2995300
FIS,2016-05-02,66.0,67.36000061035156,65.72000122070312,67.18000030517578,60.260860443115234,4016000
FIS,2016-05-03,69.56999969482422,72.2300033569336,69.5199966430664,71.29000091552734,63.94755554199219,8604500
FIS,2016-05-04,71.05000305175781,71.4000015258789,70.51000213623047,71.05000305175781,63.73228073120117,3866200
FIS,2016-05-05,70.88999938964844,71.5,69.93000030517578,70.38999938964844,63.14023971557617,2920000
FIS,2016-05-06,70.13999938964844,71.2699966430664,70.05000305175781,71.25,63.91166687011719,2242100
FIS,2016-05-09,71.83000183105469,72.9800033569336,71.54000091552734,71.72000122070312,64.33325958251953,2666700
FIS,2016-05-10,71.94999694824219,73.9000015258789,71.94999694824219,73.8499984741211,66.24388122558594,3698500
FIS,2016-05-11,74.12999725341797,74.19000244140625,73.19000244140625,73.43000030517578,65.86714935302734,2757900
FIS,2016-05-12,72.05000305175781,72.9800033569336,71.30000305175781,71.7699966430664,64.37808990478516,4720100
FIS,2016-05-13,71.81999969482422,73.02999877929688,71.80000305175781,72.30999755859375,64.86249542236328,7523700
FIS,2016-05-16,72.27999877929688,72.98999786376953,71.91999816894531,72.79000091552734,65.29304504394531,2619600
FIS,2016-05-17,72.66999816894531,73.0,71.91000366210938,72.12999725341797,64.7010269165039,2094500
FIS,2016-05-18,72.05000305175781,72.86000061035156,71.5999984741211,72.38999938964844,64.93424987792969,2440000
FIS,2016-05-19,72.05000305175781,72.73999786376953,71.7300033569336,72.61000061035156,65.13159942626953,1753400
FIS,2016-05-20,73.0999984741211,73.0999984741211,72.6500015258789,72.9800033569336,65.46348571777344,2399700
FIS,2016-05-23,72.87000274658203,72.9000015258789,72.47000122070312,72.54000091552734,65.06880187988281,1378300
FIS,2016-05-24,72.98999786376953,73.97000122070312,72.81999969482422,73.91000366210938,66.29771423339844,5103300
FIS,2016-05-25,73.97000122070312,74.11000061035156,73.43000030517578,73.68000030517578,66.09138488769531,2136000
FIS,2016-05-26,73.5,74.5,73.26000213623047,74.02999877929688,66.40534210205078,1813900
FIS,2016-05-27,73.9000015258789,74.56999969482422,73.87999725341797,74.41000366210938,66.74618530273438,1476400
FIS,2016-05-31,74.4800033569336,74.58999633789062,73.8499984741211,74.2699966430664,66.6206283569336,3217900
FIS,2016-06-01,74.2699966430664,74.75,73.66000366210938,74.72000122070312,67.02427673339844,1354500
FIS,2016-06-02,74.6500015258789,75.45999908447266,74.26000213623047,75.37999725341797,67.61630249023438,1346800
FIS,2016-06-03,74.97000122070312,75.1500015258789,74.2699966430664,74.98999786376953,67.2664794921875,1256000
FIS,2016-06-06,74.94999694824219,75.80000305175781,74.75,75.27999877929688,67.5265884399414,1800900
FIS,2016-06-07,75.27999877929688,75.75,75.13999938964844,75.44999694824219,67.67909240722656,1589800
FIS,2016-06-08,75.30999755859375,75.70999908447266,75.08000183105469,75.37999725341797,67.61630249023438,1210500
FIS,2016-06-09,75.06999969482422,75.4000015258789,74.91999816894531,75.13999938964844,67.40103149414062,1190100
FIS,2016-06-10,74.55999755859375,74.62999725341797,74.05999755859375,74.33999633789062,66.68342590332031,1794900
FIS,2016-06-13,74.12999725341797,74.6500015258789,73.4000015258789,73.44000244140625,65.87612915039062,1796000
FIS,2016-06-14,73.11000061035156,73.88999938964844,72.9000015258789,73.75,66.38922882080078,1533200
FIS,2016-06-15,73.77999877929688,74.0,73.43000030517578,73.62000274658203,66.2721939086914,1902400
FIS,2016-06-16,73.30999755859375,73.9000015258789,72.93000030517578,73.76000213623047,66.3982162475586,2308500
FIS,2016-06-17,73.63999938964844,73.63999938964844,72.47000122070312,72.79000091552734,65.52501678466797,4453700
FIS,2016-06-20,73.41000366210938,74.01000213623047,72.7699966430664,72.88999938964844,65.61503601074219,2648600
FIS,2016-06-21,73.12000274658203,73.55999755859375,72.73999786376953,73.29000091552734,65.97515106201172,2599600
FIS,2016-06-22,73.41000366210938,73.66999816894531,73.0199966430664,73.12999725341797,65.83109283447266,1203400
FIS,2016-06-23,73.58999633789062,73.91999816894531,73.30999755859375,73.91000366210938,66.53325653076172,1603300
FIS,2016-06-24,71.29000091552734,72.11000061035156,70.62999725341797,70.66999816894531,63.616607666015625,5526700
FIS,2016-06-27,69.94999694824219,69.98999786376953,68.02999877929688,68.36000061035156,61.53718185424805,2762600
FIS,2016-06-28,69.05000305175781,71.04000091552734,69.04000091552734,71.04000091552734,63.94970703125,2322300
FIS,2016-06-29,71.4000015258789,72.55000305175781,71.30999755859375,72.44999694824219,65.21895599365234,2005200
FIS,2016-06-30,72.51000213623047,73.68000030517578,72.2699966430664,73.68000030517578,66.32620239257812,2288300
FIS,2016-07-01,73.80000305175781,74.55999755859375,73.80000305175781,74.5,67.06437683105469,2797200
FIS,2016-07-05,74.06999969482422,74.66999816894531,73.77999877929688,74.61000061035156,67.16338348388672,2904800
FIS,2016-07-06,74.22000122070312,74.63999938964844,73.83999633789062,74.25,66.83932495117188,2066900
FIS,2016-07-07,74.2300033569336,74.83000183105469,74.2300033569336,74.76000213623047,67.29840850830078,1672200
FIS,2016-07-08,75.05999755859375,76.18000030517578,75.0,76.02999877929688,68.44166564941406,2184200
FIS,2016-07-11,76.30000305175781,76.8499984741211,75.94999694824219,76.01000213623047,68.42366027832031,1888000
FIS,2016-07-12,76.36000061035156,77.06999969482422,76.0,76.94999694824219,69.26983642578125,1868600
FIS,2016-07-13,77.27999877929688,77.44000244140625,76.91999816894531,77.13999938964844,69.44087219238281,1371800
FIS,2016-07-14,77.54000091552734,77.75,76.8499984741211,76.88999938964844,69.21582794189453,1964500
FIS,2016-07-15,77.1500015258789,77.25,76.5,76.54000091552734,68.90076446533203,1556900
FIS,2016-07-18,76.63999938964844,76.94000244140625,76.41000366210938,76.87999725341797,69.20680236816406,1286700
FIS,2016-07-19,76.5999984741211,77.19000244140625,76.41000366210938,77.16000366210938,69.45887756347656,1170700
FIS,2016-07-20,77.66000366210938,78.04000091552734,77.37999725341797,78.0,70.21503448486328,1595600
FIS,2016-07-21,78.05000305175781,78.19999694824219,77.37999725341797,77.83000183105469,70.06201171875,1766400
FIS,2016-07-22,77.69000244140625,78.0999984741211,77.69000244140625,77.9800033569336,70.19702911376953,1012000
FIS,2016-07-25,78.05000305175781,78.05000305175781,77.44000244140625,77.9000015258789,70.12501525878906,2230700
FIS,2016-07-26,80.0,81.29000091552734,79.51000213623047,80.83999633789062,72.77159118652344,5673800
FIS,2016-07-27,81.0,81.41000366210938,80.41000366210938,80.79000091552734,72.72657775878906,2700500
FIS,2016-07-28,80.68000030517578,80.72000122070312,79.76000213623047,80.36000061035156,72.3395004272461,1418700
FIS,2016-07-29,80.37999725341797,80.48999786376953,79.33000183105469,79.52999877929688,71.59233093261719,1890500
FIS,2016-08-01,79.7300033569336,79.88999938964844,78.93000030517578,79.19999694824219,71.29528045654297,1389600
FIS,2016-08-02,79.13999938964844,79.2300033569336,78.19000244140625,78.47000122070312,70.63813781738281,1592900
FIS,2016-08-03,78.48999786376953,78.52999877929688,77.7300033569336,78.1500015258789,70.3500747680664,1467900
FIS,2016-08-04,78.26000213623047,78.80999755859375,78.1500015258789,78.22000122070312,70.41309356689453,1549200
FIS,2016-08-05,78.58999633789062,79.37000274658203,78.4800033569336,79.2300033569336,71.32227325439453,1030800
FIS,2016-08-08,79.76000213623047,79.76000213623047,79.13999938964844,79.41000366210938,71.48432159423828,1040700
FIS,2016-08-09,79.5,79.94999694824219,79.2300033569336,79.7300033569336,71.77236938476562,1663800
FIS,2016-08-10,79.80000305175781,79.91999816894531,79.44999694824219,79.8499984741211,71.88040161132812,915400
FIS,2016-08-11,80.1500015258789,80.72000122070312,80.1500015258789,80.5,72.46550750732422,1491900
FIS,2016-08-12,80.2300033569336,80.2699966430664,79.73999786376953,80.04000091552734,72.05144500732422,1334100
FIS,2016-08-15,80.12999725341797,80.37000274658203,79.88999938964844,80.08999633789062,72.09644317626953,1144800
FIS,2016-08-16,79.70999908447266,79.70999908447266,78.88999938964844,78.88999938964844,71.01622009277344,1237100
FIS,2016-08-17,79.08999633789062,79.30000305175781,78.5199966430664,79.1500015258789,71.2502670288086,1166000
FIS,2016-08-18,79.0199966430664,79.45999908447266,78.97000122070312,79.23999786376953,71.3312759399414,1452900
FIS,2016-08-19,79.02999877929688,79.31999969482422,78.69000244140625,79.27999877929688,71.36727905273438,1417100
FIS,2016-08-22,79.20999908447266,79.5199966430664,78.97000122070312,79.51000213623047,71.57433319091797,833000
FIS,2016-08-23,79.77999877929688,80.11000061035156,79.70999908447266,80.06999969482422,72.07843780517578,891200
FIS,2016-08-24,79.94999694824219,80.0999984741211,79.26000213623047,79.55999755859375,71.61933898925781,1144000
FIS,2016-08-25,79.51000213623047,79.75,79.19999694824219,79.61000061035156,71.66435241699219,1031800
FIS,2016-08-26,79.8499984741211,80.3499984741211,79.08999633789062,79.5199966430664,71.58333587646484,789500
FIS,2016-08-29,79.5199966430664,79.98999786376953,79.31999969482422,79.37999725341797,71.45730590820312,1117900
FIS,2016-08-30,79.51000213623047,79.69999694824219,79.22000122070312,79.5199966430664,71.58333587646484,825800
FIS,2016-08-31,79.48999786376953,79.48999786376953,79.0199966430664,79.33000183105469,71.41229248046875,1315000
FIS,2016-09-01,79.41000366210938,79.79000091552734,79.05000305175781,79.63999938964844,71.69135284423828,1407600
FIS,2016-09-02,80.0,80.44999694824219,79.66000366210938,80.44000244140625,72.4115219116211,1615500
FIS,2016-09-06,81.66999816894531,81.66999816894531,79.83000183105469,80.41000366210938,72.38451385498047,1808400
FIS,2016-09-07,80.38999938964844,80.38999938964844,79.66000366210938,80.05000305175781,72.06044006347656,1427400
FIS,2016-09-08,79.66999816894531,80.06999969482422,79.0999984741211,79.26000213623047,71.34928131103516,2070600
FIS,2016-09-09,78.83999633789062,79.30999755859375,77.38999938964844,77.4000015258789,69.67491912841797,2025100
FIS,2016-09-12,77.01000213623047,78.20999908447266,76.72000122070312,78.05000305175781,70.2600326538086,2129700
FIS,2016-09-13,77.33999633789062,77.68000030517578,76.62000274658203,76.69000244140625,69.03577423095703,2027000
FIS,2016-09-14,76.54000091552734,76.83999633789062,75.7699966430664,76.05999755859375,68.70157623291016,2751400
FIS,2016-09-15,75.91000366210938,76.97000122070312,75.5,76.6500015258789,69.2344970703125,2161600
FIS,2016-09-16,76.37999725341797,76.38999938964844,74.87000274658203,75.08999633789062,67.82542419433594,12346500
FIS,2016-09-19,75.91999816894531,76.1500015258789,75.44999694824219,75.9000015258789,68.55706787109375,2786500
FIS,2016-09-20,76.38999938964844,76.93000030517578,76.20999908447266,76.56999969482422,69.16224670410156,1978800
FIS,2016-09-21,76.86000061035156,77.27999877929688,76.08000183105469,77.12000274658203,69.65904235839844,2127300
FIS,2016-09-22,77.7300033569336,77.88999938964844,77.0,77.5199966430664,70.02033233642578,1370900
FIS,2016-09-23,77.0199966430664,77.41000366210938,77.0,77.08000183105469,69.6229019165039,1088200
FIS,2016-09-26,76.76000213623047,77.2699966430664,76.75,76.87000274658203,69.43321228027344,943700
FIS,2016-09-27,76.9800033569336,77.7699966430664,76.86000061035156,77.73999786376953,70.21904754638672,1272600
FIS,2016-09-28,77.87999725341797,77.87999725341797,76.56999969482422,77.2300033569336,69.75838470458984,1702700
FIS,2016-09-29,77.18000030517578,77.88999938964844,76.79000091552734,76.83999633789062,69.40612030029297,1183000
FIS,2016-09-30,76.93000030517578,77.30999755859375,76.27999877929688,77.02999877929688,69.57774353027344,1816000
FIS,2016-10-03,76.80000305175781,77.31999969482422,76.7300033569336,76.91000366210938,69.46936798095703,1059100
FIS,2016-10-04,76.91000366210938,77.16999816894531,75.93000030517578,76.45999908447266,69.0628890991211,1114000
FIS,2016-10-05,76.87999725341797,77.87000274658203,76.33999633789062,76.87000274658203,69.43321228027344,1761600
FIS,2016-10-06,76.91000366210938,78.33000183105469,76.87999725341797,78.27999877929688,70.706787109375,1888400
FIS,2016-10-07,78.45999908447266,78.69000244140625,77.29000091552734,77.62999725341797,70.11968231201172,1691500
FIS,2016-10-10,77.87999725341797,78.1500015258789,77.37000274658203,77.41000366210938,69.92098236083984,1115000
FIS,2016-10-11,77.08000183105469,77.08999633789062,76.0199966430664,76.48999786376953,69.08999633789062,1394700
FIS,2016-10-12,76.58999633789062,77.29000091552734,76.27999877929688,77.19000244140625,69.72225189208984,964800
FIS,2016-10-13,76.68000030517578,76.93000030517578,75.93000030517578,76.33000183105469,68.94547271728516,1508500
FIS,2016-10-14,76.66999816894531,77.44999694824219,76.48999786376953,76.5,69.0989990234375,904800
FIS,2016-10-17,76.68000030517578,76.7300033569336,75.76000213623047,75.80999755859375,68.47579193115234,1156100
FIS,2016-10-18,76.44999694824219,76.61000061035156,75.87999725341797,75.94999694824219,68.60222625732422,1174000
FIS,2016-10-19,76.20999908447266,76.52999877929688,76.0199966430664,76.31999969482422,68.9364242553711,985700
FIS,2016-10-20,76.30999755859375,76.36000061035156,74.8499984741211,75.29000091552734,68.00609588623047,2186100
FIS,2016-10-21,74.81999969482422,75.30999755859375,74.41000366210938,75.01000213623047,67.75318908691406,1086900
FIS,2016-10-24,75.5199966430664,76.04000091552734,75.2300033569336,75.9000015258789,68.55706787109375,1478100
FIS,2016-10-25,75.9000015258789,75.9000015258789,75.44000244140625,75.55999755859375,68.24995422363281,1511500
FIS,2016-10-26,75.37000274658203,75.9000015258789,75.0199966430664,75.1500015258789,67.87960052490234,888400
FIS,2016-10-27,74.95999908447266,75.04000091552734,73.56999969482422,74.08999633789062,66.92217254638672,3173800
FIS,2016-10-28,74.2300033569336,74.98999786376953,74.13999938964844,74.37000274658203,67.17509460449219,1866300
FIS,2016-10-31,74.43000030517578,74.62000274658203,73.25,73.91999816894531,66.76860809326172,1785100
FIS,2016-11-01,73.91000366210938,77.11000061035156,73.88999938964844,76.8499984741211,69.41517639160156,4195900
FIS,2016-11-02,76.61000061035156,76.80999755859375,74.87999725341797,75.05000305175781,67.78929901123047,2216400
FIS,2016-11-03,75.05000305175781,75.37999725341797,74.76000213623047,74.97000122070312,67.71702575683594,1101500
FIS,2016-11-04,74.9000015258789,75.9000015258789,74.86000061035156,75.41999816894531,68.12349700927734,1433400
FIS,2016-11-07,76.37999725341797,76.80999755859375,76.2300033569336,76.5,69.0989990234375,1776100
FIS,2016-11-08,76.5,77.0,76.01000213623047,76.5999984741211,69.1893539428711,967600
FIS,2016-11-09,75.68000030517578,77.1500015258789,74.95999908447266,76.9000015258789,69.46034240722656,1567700
FIS,2016-11-10,77.19999694824219,77.4000015258789,75.86000061035156,77.05000305175781,69.5958023071289,1999300
FIS,2016-11-11,76.66000366210938,77.4000015258789,76.20999908447266,76.31999969482422,68.9364242553711,1732000
FIS,2016-11-14,76.44999694824219,76.97000122070312,74.80999755859375,75.19000244140625,67.91574096679688,2011500
FIS,2016-11-15,75.54000091552734,75.86000061035156,74.62999725341797,74.73999786376953,67.50929260253906,1908900
FIS,2016-11-16,74.75,75.22000122070312,74.44000244140625,75.0999984741211,67.8344497680664,1442300
FIS,2016-11-17,75.33999633789062,75.94999694824219,74.91999816894531,75.87000274658203,68.52996826171875,1800500
FIS,2016-11-18,75.94999694824219,77.55999755859375,75.80000305175781,77.12000274658203,69.65904235839844,2242400
FIS,2016-11-21,77.23999786376953,77.87999725341797,77.16999816894531,77.52999877929688,70.02937316894531,1506700
FIS,2016-11-22,77.45999908447266,77.7699966430664,76.9800033569336,77.63999938964844,70.12872314453125,1484500
FIS,2016-11-23,77.68000030517578,79.0,77.68000030517578,79.0,71.35717010498047,2037600
FIS,2016-11-25,79.05999755859375,79.2300033569336,78.55999755859375,78.76000213623047,71.14036560058594,682600
FIS,2016-11-28,78.79000091552734,79.0,78.33000183105469,78.66999816894531,71.05908203125,1303000
FIS,2016-11-29,78.8499984741211,79.11000061035156,78.55999755859375,78.9000015258789,71.26679992675781,1174500
FIS,2016-11-30,78.83999633789062,79.08999633789062,77.16999816894531,77.19000244140625,69.72225189208984,1867100
FIS,2016-12-01,77.16999816894531,77.19999694824219,75.38999938964844,75.7300033569336,68.40350341796875,1672800
FIS,2016-12-02,75.76000213623047,75.88999938964844,74.94999694824219,75.0,67.74413299560547,1742700
FIS,2016-12-05,75.55000305175781,75.7699966430664,75.11000061035156,75.27999877929688,67.9970474243164,2022400
FIS,2016-12-06,75.5199966430664,75.62999725341797,74.9800033569336,75.51000213623047,68.20478820800781,1812400
FIS,2016-12-07,74.7300033569336,75.66000366210938,73.97000122070312,75.62000274658203,68.30413818359375,2811400
FIS,2016-12-08,75.55000305175781,75.55999755859375,74.70999908447266,75.12000274658203,67.85252380371094,1787300
FIS,2016-12-09,75.12000274658203,75.72000122070312,74.9800033569336,75.55999755859375,68.24995422363281,1455700
FIS,2016-12-12,75.44000244140625,76.0999984741211,75.37000274658203,75.77999877929688,68.44868469238281,1813300
FIS,2016-12-13,76.05999755859375,76.38999938964844,75.30000305175781,75.33999633789062,68.05125427246094,1590700
FIS,2016-12-14,75.2300033569336,76.5999984741211,75.02999877929688,75.91999816894531,68.8125991821289,2777200
FIS,2016-12-15,76.11000061035156,77.77999877929688,75.5999984741211,77.3499984741211,70.10873413085938,2132700
FIS,2016-12-16,77.55000305175781,77.73999786376953,76.2699966430664,76.63999938964844,69.4652099609375,7858300
FIS,2016-12-19,76.70999908447266,76.94999694824219,75.91999816894531,76.08000183105469,68.9576187133789,1740500
FIS,2016-12-20,76.25,76.55999755859375,75.68000030517578,76.45999908447266,69.30204772949219,1692300
FIS,2016-12-21,76.29000091552734,77.22000122070312,76.02999877929688,76.69000244140625,69.51051330566406,960200
FIS,2016-12-22,76.5199966430664,76.5199966430664,75.58999633789062,75.80000305175781,68.7038345336914,2082300
FIS,2016-12-23,76.02999877929688,76.81999969482422,75.77999877929688,76.0199966430664,68.90322875976562,992700
FIS,2016-12-27,76.11000061035156,76.91000366210938,75.86000061035156,76.66999816894531,69.49238586425781,1186100
FIS,2016-12-28,76.5999984741211,76.87000274658203,76.12000274658203,76.58000183105469,69.41082763671875,1561900
FIS,2016-12-29,76.6500015258789,77.12000274658203,76.51000213623047,77.0,69.79149627685547,1472000
FIS,2016-12-30,77.0,77.13999938964844,75.4000015258789,75.63999938964844,68.55882263183594,1610100
FIS,2017-01-03,76.27999877929688,77.05000305175781,75.87999725341797,76.9800033569336,69.77335357666016,1646300
FIS,2017-01-04,76.86000061035156,78.25,76.86000061035156,78.23999786376953,70.91542053222656,1556500
FIS,2017-01-05,78.25,78.79000091552734,77.75,78.05000305175781,70.7431869506836,1150100
FIS,2017-01-06,78.51000213623047,79.0199966430664,77.68000030517578,78.88999938964844,71.50455474853516,973700
FIS,2017-01-09,78.91999816894531,78.94000244140625,78.0199966430664,78.04000091552734,70.73412322998047,963600
FIS,2017-01-10,78.06999969482422,78.33000183105469,77.63999938964844,77.6500015258789,70.38065338134766,796000
FIS,2017-01-11,77.43000030517578,77.72000122070312,77.0,77.38999938964844,70.1449966430664,1201300
FIS,2017-01-12,76.9800033569336,77.2300033569336,76.08999633789062,77.05000305175781,69.83680725097656,2217300
FIS,2017-01-13,76.94999694824219,77.44999694824219,76.69999694824219,77.37000274658203,70.12684631347656,1227900
FIS,2017-01-17,77.26000213623047,78.75,77.08000183105469,78.69999694824219,71.33235168457031,2187000
FIS,2017-01-18,78.87000274658203,79.54000091552734,78.16000366210938,79.45999908447266,72.02120971679688,2633200
FIS,2017-01-19,79.26000213623047,79.30999755859375,78.58000183105469,79.1500015258789,71.74022674560547,1590900
FIS,2017-01-20,79.55999755859375,79.9800033569336,79.23999786376953,79.79000091552734,72.32030487060547,3061400
FIS,2017-01-23,79.80000305175781,80.3499984741211,79.62000274658203,80.06999969482422,72.57408905029297,2794700
FIS,2017-01-24,80.0,80.08000183105469,79.47000122070312,80.02999877929688,72.53782653808594,1901700
FIS,2017-01-25,80.0,80.27999877929688,79.72000122070312,79.87999725341797,72.40187072753906,1741600
FIS,2017-01-26,79.9000015258789,79.95999908447266,79.27999877929688,79.55999755859375,72.11183166503906,1703200
FIS,2017-01-27,79.9000015258789,79.93000030517578,79.52999877929688,79.80999755859375,72.33843231201172,952100
FIS,2017-01-30,79.88999938964844,79.88999938964844,78.88999938964844,79.5999984741211,72.14810943603516,670500
FIS,2017-01-31,79.56999969482422,79.81999969482422,78.87000274658203,79.41999816894531,71.98495483398438,1308300
FIS,2017-02-01,79.68000030517578,79.79000091552734,78.76000213623047,79.0199966430664,71.62239074707031,1315200
FIS,2017-02-02,78.86000061035156,79.37999725341797,78.55999755859375,79.05999755859375,71.65863037109375,1023000
FIS,2017-02-03,79.58000183105469,80.30000305175781,79.08999633789062,79.4000015258789,71.96680450439453,1601500
FIS,2017-02-06,79.38999938964844,79.58000183105469,78.9000015258789,79.3499984741211,71.92149353027344,2472700
FIS,2017-02-07,76.76000213623047,77.7300033569336,75.5199966430664,77.30000305175781,70.06340789794922,6834000
FIS,2017-02-08,78.0,80.36000061035156,77.62999725341797,79.83999633789062,72.3656005859375,4696000
FIS,2017-02-09,79.83999633789062,81.0,79.6500015258789,80.75,73.19043731689453,2147200
FIS,2017-02-10,80.95999908447266,81.38999938964844,80.45999908447266,80.45999908447266,72.92758178710938,1924900
FIS,2017-02-13,80.87000274658203,81.12000274658203,80.47000122070312,80.91000366210938,73.33544158935547,1068800
FIS,2017-02-14,80.80000305175781,80.95999908447266,80.30999755859375,80.5,72.96383666992188,1168500
FIS,2017-02-15,80.5,81.4800033569336,80.37999725341797,81.41000366210938,73.78864288330078,1620400
FIS,2017-02-16,81.33000183105469,81.73999786376953,80.80999755859375,81.72000122070312,74.06961822509766,1052700
FIS,2017-02-17,81.56999969482422,82.05000305175781,81.04000091552734,82.05000305175781,74.36873626708984,1028100
FIS,2017-02-21,81.73999786376953,82.37000274658203,81.7300033569336,82.16999816894531,74.47749328613281,1294300
FIS,2017-02-22,81.91000366210938,82.98999786376953,81.80999755859375,82.81999969482422,75.06664276123047,1130800
FIS,2017-02-23,83.0,83.19999694824219,82.5,83.08999633789062,75.3113784790039,1508900
FIS,2017-02-24,82.0,83.86000061035156,81.7300033569336,83.83999633789062,75.99115753173828,2348300
FIS,2017-02-27,83.75,83.80000305175781,82.23999786376953,82.62999725341797,74.89442443847656,2054400
FIS,2017-02-28,82.69000244140625,82.75,82.05000305175781,82.2699966430664,74.56812286376953,1752900
FIS,2017-03-01,82.68000030517578,83.37000274658203,82.51000213623047,83.0199966430664,75.24790954589844,1535500
FIS,2017-03-02,82.69999694824219,82.97000122070312,82.22000122070312,82.2699966430664,74.56812286376953,1080100
FIS,2017-03-03,82.2300033569336,83.08000183105469,82.0,82.94999694824219,75.18445587158203,1104500
FIS,2017-03-06,82.43000030517578,83.0,82.31999969482422,82.69999694824219,74.95787811279297,1198300
FIS,2017-03-07,82.4800033569336,82.9800033569336,82.41000366210938,82.63999938964844,74.90348815917969,974000
FIS,2017-03-08,82.69999694824219,82.7300033569336,82.04000091552734,82.22000122070312,74.52281188964844,1336000
FIS,2017-03-09,82.25,82.61000061035156,81.6500015258789,81.9800033569336,74.30530548095703,1453800
FIS,2017-03-10,82.25,82.62999725341797,81.5199966430664,82.2300033569336,74.53187561035156,2445900
FIS,2017-03-13,82.19999694824219,82.88999938964844,82.02999877929688,82.72000122070312,74.97599792480469,1315000
FIS,2017-03-14,82.58999633789062,82.91000366210938,82.0999984741211,82.45999908447266,74.7403564453125,848600
FIS,2017-03-15,82.5199966430664,82.69999694824219,82.05999755859375,82.5199966430664,75.05870056152344,1494800
FIS,2017-03-16,82.5,82.62000274658203,81.83999633789062,81.94999694824219,74.54023742675781,1095300
FIS,2017-03-17,82.3499984741211,82.38999938964844,81.75,81.83000183105469,74.43108367919922,1929900
FIS,2017-03-20,81.91999816894531,81.91999816894531,80.54000091552734,81.0199966430664,73.69432830810547,1652000
FIS,2017-03-21,80.77999877929688,81.11000061035156,79.83999633789062,80.05000305175781,72.81204986572266,1813900
FIS,2017-03-22,80.26000213623047,80.4800033569336,79.81999969482422,79.9000015258789,72.67560577392578,1352800
FIS,2017-03-23,79.80000305175781,80.16999816894531,79.45999908447266,79.81999969482422,72.60284423828125,1249600
FIS,2017-03-24,79.9000015258789,80.37999725341797,79.80999755859375,80.12000274658203,72.8757095336914,1188900
FIS,2017-03-27,79.62999725341797,80.48999786376953,79.37000274658203,80.41000366210938,73.13948059082031,1818500
FIS,2017-03-28,79.54000091552734,80.69000244140625,79.11000061035156,80.29000091552734,73.03032684326172,2350300
FIS,2017-03-29,79.80999755859375,80.19000244140625,79.0,80.02999877929688,72.79381561279297,1067500
FIS,2017-03-30,79.80000305175781,80.44000244140625,79.69000244140625,80.05000305175781,72.81204986572266,1458600
FIS,2017-03-31,80.0999984741211,80.4800033569336,79.58000183105469,79.62000274658203,72.42091369628906,1727900
FIS,2017-04-03,79.87000274658203,80.38999938964844,78.94999694824219,79.44000244140625,72.2572021484375,3242500
FIS,2017-04-04,79.4000015258789,79.66000366210938,78.88999938964844,79.12999725341797,71.97521209716797,1850400
FIS,2017-04-05,79.33000183105469,80.16999816894531,79.26000213623047,79.5,72.31175231933594,1755400
FIS,2017-04-06,79.41999816894531,79.80999755859375,79.23999786376953,79.5999984741211,72.4027328491211,2364900
FIS,2017-04-07,79.63999938964844,80.11000061035156,79.43000030517578,79.87000274658203,72.6483154296875,1228600
FIS,2017-04-10,79.9000015258789,80.61000061035156,79.83000183105469,80.54000091552734,73.25773620605469,2171600
FIS,2017-04-11,80.25,80.30000305175781,79.72000122070312,80.08000183105469,72.83934783935547,1174800
FIS,2017-04-12,79.76000213623047,80.56999969482422,79.5199966430664,80.5199966430664,73.2395248413086,1345400
FIS,2017-04-13,80.37999725341797,80.86000061035156,80.16000366210938,80.16000366210938,72.91209411621094,1058000
FIS,2017-04-17,80.38999938964844,80.73999786376953,80.38999938964844,80.62999725341797,73.3395767211914,1754800
FIS,2017-04-18,80.45999908447266,80.80000305175781,80.33999633789062,80.75,73.44873809814453,801100
FIS,2017-04-19,80.80999755859375,81.08999633789062,80.51000213623047,80.6500015258789,73.35778045654297,1030700
FIS,2017-04-20,81.0199966430664,81.66000366210938,80.66000366210938,81.56999969482422,74.19459533691406,1002100
FIS,2017-04-21,81.54000091552734,82.7699966430664,81.5,82.52999877929688,75.06777954101562,2399600
FIS,2017-04-24,83.12999725341797,83.58000183105469,82.97000122070312,83.31999969482422,75.78636169433594,1312700
FIS,2017-04-25,83.62000274658203,84.04000091552734,83.44000244140625,83.86000061035156,76.27752685546875,1235100
FIS,2017-04-26,83.83999633789062,84.0999984741211,83.66000366210938,83.87999725341797,76.29573059082031,929900
FIS,2017-04-27,84.0,84.58000183105469,83.87999725341797,84.08999633789062,76.48672485351562,949100
FIS,2017-04-28,84.06999969482422,84.30000305175781,83.30000305175781,84.19000244140625,76.57768249511719,1472400
FIS,2017-05-01,84.26000213623047,84.93000030517578,84.01000213623047,84.41999816894531,76.78691864013672,2962400
FIS,2017-05-02,84.41999816894531,84.97000122070312,82.0199966430664,83.26000213623047,75.73180389404297,3247800
FIS,2017-05-03,82.2699966430664,83.0,81.72000122070312,82.9800033569336,75.47711181640625,2527200
FIS,2017-05-04,83.36000061035156,84.0999984741211,83.06999969482422,83.5199966430664,75.96829223632812,1813800
FIS,2017-05-05,83.75,83.76000213623047,82.55000305175781,83.05000305175781,75.54078674316406,1542400
FIS,2017-05-08,82.95999908447266,83.4000015258789,82.8499984741211,83.33999633789062,75.80455780029297,1158100
FIS,2017-05-09,83.23999786376953,83.30000305175781,82.66000366210938,83.1500015258789,75.63175201416016,1543400
FIS,2017-05-10,82.81999969482422,83.58999633789062,82.68000030517578,83.58000183105469,76.02286529541016,1633500
FIS,2017-05-11,83.30999755859375,83.61000061035156,83.05000305175781,83.5999984741211,76.0410385131836,1255800
FIS,2017-05-12,83.37000274658203,83.55000305175781,83.05000305175781,83.11000061035156,75.59537506103516,1152100
FIS,2017-05-15,83.06999969482422,83.5999984741211,83.0199966430664,83.41000366210938,75.86825561523438,1204700
FIS,2017-05-16,83.63999938964844,83.88999938964844,83.41999816894531,83.77999877929688,76.20475769042969,1331300
FIS,2017-05-17,83.77999877929688,83.77999877929688,82.79000091552734,82.8499984741211,75.3588638305664,1943200
FIS,2017-05-18,82.8499984741211,83.44999694824219,82.58000183105469,82.80999755859375,75.3224868774414,1477900
FIS,2017-05-19,83.19000244140625,83.5199966430664,82.94000244140625,83.19999694824219,75.67719268798828,1330000
FIS,2017-05-22,83.44000244140625,84.30000305175781,83.25,84.02999877929688,76.43215942382812,1452500
FIS,2017-05-23,84.1500015258789,84.5,83.55000305175781,83.66000366210938,76.09563446044922,1467700
FIS,2017-05-24,83.61000061035156,84.05000305175781,83.4800033569336,83.94999694824219,76.35939025878906,1432800
FIS,2017-05-25,84.30000305175781,85.55999755859375,84.0,85.36000061035156,77.64191436767578,1421100
FIS,2017-05-26,85.05000305175781,85.63999938964844,85.05000305175781,85.27999877929688,77.56912994384766,1392600
FIS,2017-05-30,85.0,85.38999938964844,84.79000091552734,85.29000091552734,77.57823944091797,1518100
FIS,2017-05-31,85.52999877929688,85.95999908447266,85.27999877929688,85.87000274658203,78.10579681396484,2401400
FIS,2017-06-01,85.87000274658203,86.7699966430664,85.87000274658203,86.7699966430664,78.9244155883789,1628000
FIS,2017-06-02,86.69000244140625,87.31999969482422,86.38999938964844,86.66999816894531,78.8334732055664,1360000
FIS,2017-06-05,86.66999816894531,86.98999786376953,86.48999786376953,86.55000305175781,78.72431182861328,1169100
FIS,2017-06-06,86.0199966430664,86.83000183105469,86.0199966430664,86.25,78.45144653320312,1091800
FIS,2017-06-07,86.41999816894531,86.63999938964844,86.12000274658203,86.55000305175781,78.72431182861328,1112600
FIS,2017-06-08,86.55000305175781,86.62999725341797,84.8499984741211,85.29000091552734,77.57823944091797,2027400
FIS,2017-06-09,85.30000305175781,85.63999938964844,83.94000244140625,84.61000061035156,76.95972442626953,1309600
FIS,2017-06-12,84.36000061035156,84.93000030517578,83.36000061035156,84.93000030517578,77.25077819824219,1918100
FIS,2017-06-13,85.06999969482422,85.98999786376953,85.06999969482422,85.73999786376953,77.98755645751953,1452900
FIS,2017-06-14,85.88999938964844,86.29000091552734,85.23999786376953,85.7300033569336,78.24309539794922,1516500
FIS,2017-06-15,85.19999694824219,86.26000213623047,84.66000366210938,86.02999877929688,78.51691436767578,1922500
FIS,2017-06-16,86.0,86.30999755859375,85.0,85.19000244140625,77.7502670288086,2316400
FIS,2017-06-19,85.51000213623047,85.62999725341797,84.56999969482422,85.06999969482422,77.64073944091797,1563100
FIS,2017-06-20,84.87999725341797,85.2699966430664,84.62000274658203,85.1500015258789,77.71375274658203,2021700
FIS,2017-06-21,85.23999786376953,85.51000213623047,84.69999694824219,84.98999786376953,77.5677261352539,1152300
FIS,2017-06-22,85.01000213623047,85.20999908447266,84.44000244140625,84.86000061035156,77.44906616210938,846800
FIS,2017-06-23,84.88999938964844,85.11000061035156,84.47000122070312,84.83999633789062,77.43081665039062,1351800
FIS,2017-06-26,85.06999969482422,85.12999725341797,84.37999725341797,84.9000015258789,77.48558044433594,1117700
FIS,2017-06-27,84.73999786376953,85.61000061035156,84.4800033569336,85.22000122070312,77.77763366699219,1937200
FIS,2017-06-28,85.52999877929688,86.06999969482422,84.77999877929688,85.9800033569336,78.47126007080078,1132100
FIS,2017-06-29,85.73999786376953,85.83999633789062,83.98999786376953,84.80999755859375,77.4034423828125,1511700
FIS,2017-06-30,85.0,85.75,84.80000305175781,85.4000015258789,77.94192504882812,1470900
FIS,2017-07-03,85.70999908447266,86.08000183105469,85.36000061035156,85.44999694824219,77.98753356933594,826300
FIS,2017-07-05,85.66999816894531,86.31999969482422,85.44999694824219,86.11000061035156,78.58992767333984,1646100
FIS,2017-07-06,85.80000305175781,85.83999633789062,85.2300033569336,85.55000305175781,78.0788345336914,1521400
FIS,2017-07-07,85.7699966430664,86.94999694824219,85.7699966430664,86.77999877929688,79.201416015625,1808800
FIS,2017-07-10,86.80999755859375,87.54000091552734,86.48999786376953,87.30000305175781,79.67601013183594,1486400
FIS,2017-07-11,87.27999877929688,87.88999938964844,87.01000213623047,87.81999969482422,80.15056610107422,1971800
FIS,2017-07-12,88.0,88.66000366210938,87.94000244140625,88.5999984741211,80.86245727539062,1803600
FIS,2017-07-13,88.87000274658203,89.3499984741211,88.45999908447266,89.25,81.45570373535156,1726000
FIS,2017-07-14,89.5,89.7699966430664,89.26000213623047,89.58000183105469,81.75688171386719,1142300
FIS,2017-07-17,89.62000274658203,89.75,89.30999755859375,89.62999725341797,81.80249786376953,1149300
FIS,2017-07-18,89.54000091552734,89.8499984741211,89.19000244140625,89.8499984741211,82.0033187866211,949300
FIS,2017-07-19,89.9000015258789,90.2699966430664,89.6500015258789,89.87000274658203,82.02154541015625,1272400
FIS,2017-07-20,89.8499984741211,90.11000061035156,89.55000305175781,89.80999755859375,81.96678924560547,1476400
FIS,2017-07-21,89.77999877929688,90.25,89.76000213623047,90.0,82.14019775390625,1033400
FIS,2017-07-24,89.98999786376953,90.29000091552734,89.37999725341797,90.12000274658205,82.24971771240234,958500
FIS,2017-07-25,90.08999633789062,90.22000122070312,89.56999969482422,89.69999694824219,81.86638641357422,1297800
FIS,2017-07-26,90.0,90.69000244140624,89.70999908447266,90.69000244140624,82.76995086669922,1120500
FIS,2017-07-27,90.91999816894533,91.05999755859376,90.25,91.0500030517578,83.0985107421875,2895200
FIS,2017-07-28,91.0,91.12999725341795,90.33000183105467,90.83000183105467,82.89769744873047,1330200
FIS,2017-07-31,91.18000030517578,91.55999755859376,90.98999786376952,91.22000122070312,83.25365447998047,1849200
FIS,2017-08-01,91.70999908447266,91.9000015258789,91.23999786376952,91.87000274658205,83.8469009399414,1949500
FIS,2017-08-02,91.9000015258789,92.77999877929688,90.88999938964844,91.23999786376952,83.27191925048828,2262600
FIS,2017-08-03,91.05999755859376,91.5199966430664,89.8499984741211,90.41000366210938,82.51439666748047,2176200
FIS,2017-08-04,90.62000274658205,90.87000274658205,89.98999786376953,90.37000274658205,82.4778823852539,2748900
FIS,2017-08-07,90.19000244140624,90.5999984741211,90.16999816894533,90.5500030517578,82.64215850830078,2385500
FIS,2017-08-08,90.43000030517578,90.66000366210938,89.9000015258789,89.98999786376953,82.13105010986328,953300
FIS,2017-08-09,89.44000244140625,89.62999725341797,89.11000061035156,89.38999938964844,81.58346557617188,1140400
FIS,2017-08-10,89.2699966430664,89.7300033569336,89.05000305175781,89.26000213623047,81.4648208618164,1637800
FIS,2017-08-11,89.05999755859375,89.63999938964844,89.04000091552734,89.22000122070312,81.42830657958984,780600
FIS,2017-08-14,90.0,90.61000061035156,89.83999633789062,90.4499969482422,82.55088806152344,728000
FIS,2017-08-15,90.47000122070312,90.87999725341795,90.43000030517578,90.66000366210938,82.74256134033203,842800
FIS,2017-08-16,90.16999816894533,91.93000030517578,90.0,91.4499969482422,83.46355438232422,1508700
FIS,2017-08-17,91.44000244140624,91.52999877929688,89.5,89.56999969482422,81.74774169921875,1183400
FIS,2017-08-18,89.5,90.12999725341795,88.97000122070312,89.83000183105469,81.98504638671875,3093600
FIS,2017-08-21,89.83000183105469,90.9000015258789,89.80000305175781,90.86000061035156,82.92509460449219,1377700
FIS,2017-08-22,91.12999725341795,91.66000366210938,90.87999725341795,91.58000183105467,83.58223724365234,1218500
FIS,2017-08-23,91.3499984741211,91.48999786376952,91.0500030517578,91.33999633789062,83.3631591796875,976200
FIS,2017-08-24,91.58000183105467,91.58000183105467,91.0500030517578,91.25,83.28103637695312,1185200
FIS,2017-08-25,91.58999633789062,91.75,91.18000030517578,91.33999633789062,83.3631591796875,830400
FIS,2017-08-28,91.63999938964844,91.86000061035156,91.36000061035156,91.79000091552734,83.77387237548828,671600
FIS,2017-08-29,91.33999633789062,92.2300033569336,91.27999877929688,91.94000244140624,83.9107666015625,930600
FIS,2017-08-30,91.9499969482422,92.48999786376952,91.72000122070312,92.38999938964844,84.32146453857422,883000
FIS,2017-08-31,92.72000122070312,93.05999755859376,92.48999786376952,92.91999816894533,84.80519104003906,1430400
FIS,2017-09-01,93.1500015258789,93.29000091552734,91.98999786376952,92.33999633789062,84.27581787109375,1022200
FIS,2017-09-05,92.0999984741211,92.31999969482422,91.6999969482422,92.20999908447266,84.15721893310547,905200
FIS,2017-09-06,92.38999938964844,92.61000061035156,91.86000061035156,92.47000122070312,84.39450073242188,966500
FIS,2017-09-07,92.6500015258789,92.83999633789062,92.2300033569336,92.52999877929688,84.44924926757812,956800
FIS,2017-09-08,92.51000213623048,92.72000122070312,92.12999725341795,92.3000030517578,84.23931884765625,1060400
FIS,2017-09-11,92.8000030517578,93.38999938964844,92.4800033569336,93.38999938964844,85.23413848876953,1101100
FIS,2017-09-12,93.5,93.7300033569336,92.9499969482422,93.33000183105467,85.17940521240234,771800
FIS,2017-09-13,93.08000183105467,93.18000030517578,92.41000366210938,92.41999816894533,84.34886932373047,874200
FIS,2017-09-14,92.0999984741211,92.4800033569336,91.77999877929688,92.11000061035156,84.33055114746094,997100
FIS,2017-09-15,92.05999755859376,92.33000183105467,91.72000122070312,92.01000213623048,84.23896789550781,2102100
FIS,2017-09-18,92.19000244140624,93.61000061035156,92.0999984741211,93.54000091552734,85.63977813720703,2223400
FIS,2017-09-19,93.47000122070312,93.68000030517578,92.66000366210938,92.7699966430664,84.93479919433594,1272300
FIS,2017-09-20,92.87000274658205,93.12999725341795,92.18000030517578,92.8000030517578,84.9622573852539,1136600
FIS,2017-09-21,92.66999816894533,92.93000030517578,92.3499984741211,92.72000122070312,84.88902282714844,849200
FIS,2017-09-22,92.68000030517578,93.12000274658205,92.54000091552734,93.0500030517578,85.19116973876953,968900
FIS,2017-09-25,93.0500030517578,93.20999908447266,92.13999938964844,92.83000183105467,84.98974609375,1362000
FIS,2017-09-26,92.93000030517578,93.16999816894533,92.51000213623048,92.6500015258789,84.82493591308594,933100
FIS,2017-09-27,92.9800033569336,93.4499969482422,92.77999877929688,93.0,85.14537048339844,955500
FIS,2017-09-28,92.56999969482422,93.38999938964844,92.5199966430664,93.33999633789062,85.45664978027344,891400
FIS,2017-09-29,93.36000061035156,93.6500015258789,93.0,93.38999938964844,85.50244140625,1076600
FIS,2017-10-02,93.45999908447266,93.86000061035156,93.13999938964844,93.33000183105467,85.44751739501953,867500
FIS,2017-10-03,93.33000183105467,93.58999633789062,93.05999755859376,93.4000015258789,85.51156616210938,519800
FIS,2017-10-04,93.44000244140624,93.94000244140624,93.2699966430664,93.70999908447266,85.79539489746094,1107200
FIS,2017-10-05,93.91000366210938,93.9499969482422,93.36000061035156,93.81999969482422,85.89612579345703,733100
FIS,2017-10-06,93.76000213623048,93.98999786376952,93.5,93.91000366210938,85.97850799560547,1380400
FIS,2017-10-09,94.0,94.4499969482422,93.80999755859376,94.3499984741211,86.38133239746094,742000
FIS,2017-10-10,94.51000213623048,94.9499969482422,94.31999969482422,94.61000061035156,86.61940002441406,1332000
FIS,2017-10-11,94.58000183105467,94.72000122070312,94.33999633789062,94.63999938964844,86.6468505859375,858600
FIS,2017-10-12,94.55999755859376,94.98999786376952,94.41999816894533,94.61000061035156,86.61940002441406,1051600
FIS,2017-10-13,94.9000015258789,95.13999938964844,94.63999938964844,94.95999908447266,86.93983459472656,1042800
FIS,2017-10-16,95.05999755859376,95.2699966430664,94.76000213623048,95.20999908447266,87.1687240600586,1019500
FIS,2017-10-17,95.23999786376952,95.23999786376952,94.12999725341795,94.37999725341795,86.40882873535156,964000
FIS,2017-10-18,94.37000274658205,95.20999908447266,94.29000091552734,94.80999755859376,86.80248260498047,652400
FIS,2017-10-19,94.77999877929688,95.20999908447266,94.18000030517578,95.1500015258789,87.11378479003906,1166500
FIS,2017-10-20,95.48999786376952,95.5,94.8000030517578,95.27999877929688,87.23281860351562,976700
FIS,2017-10-23,95.5,96.0,95.48999786376952,95.70999908447266,87.62650299072266,743400
FIS,2017-10-24,95.83999633789062,95.97000122070312,95.23999786376952,95.2699966430664,87.22364807128906,813300
FIS,2017-10-25,95.30999755859376,95.9499969482422,95.02999877929688,95.52999877929688,87.46168518066406,864400
FIS,2017-10-26,96.0999984741211,96.36000061035156,95.73999786376952,95.94000244140624,87.83705139160156,888000
FIS,2017-10-27,96.13999938964844,96.66999816894533,95.87999725341795,96.62000274658205,88.45964813232422,994500
FIS,2017-10-30,96.4499969482422,96.45999908447266,95.73999786376952,96.06999969482422,87.95606994628906,1241200
FIS,2017-10-31,91.25,93.3000030517578,90.8000030517578,92.76000213623048,84.9256362915039,4394200
FIS,2017-11-01,94.12000274658205,94.88999938964844,92.47000122070312,93.11000061035156,85.24609375,2849500
FIS,2017-11-02,93.44000244140624,93.62999725341795,92.91000366210938,93.36000061035156,85.4749526977539,1489400
FIS,2017-11-03,93.01000213623048,93.4499969482422,92.58999633789062,93.18000030517578,85.31017303466797,1264400
FIS,2017-11-06,93.31999969482422,93.6999969482422,93.0,93.12999725341795,85.26438903808594,1620700
FIS,2017-11-07,92.94000244140624,92.98999786376952,89.30999755859375,90.47000122070312,82.82906341552734,4748900
FIS,2017-11-08,90.41000366210938,92.11000061035156,90.0,91.6500015258789,83.9094009399414,2400600
FIS,2017-11-09,91.5,92.79000091552734,90.95999908447266,92.5199966430664,84.70591735839844,2704700
FIS,2017-11-10,92.33000183105467,92.97000122070312,92.12000274658205,92.76000213623048,84.9256362915039,1800200
FIS,2017-11-13,91.83000183105467,92.88999938964844,91.51000213623048,92.8499984741211,85.0080337524414,1561600
FIS,2017-11-14,92.3499984741211,93.72000122070312,91.66000366210938,93.43000030517578,85.53907775878906,2111000
FIS,2017-11-15,93.2699966430664,93.81999969482422,92.13999938964844,93.54000091552734,85.63977813720703,2414600
FIS,2017-11-16,93.80999755859376,94.23999786376952,93.16999816894533,93.1999969482422,85.3284683227539,2711900
FIS,2017-11-17,92.98999786376952,93.2300033569336,91.83000183105467,92.05999755859376,84.28475952148438,1692900
FIS,2017-11-20,92.38999938964844,92.58999633789062,91.79000091552734,91.97000122070312,84.2023696899414,1429400
FIS,2017-11-21,92.13999938964844,92.25,91.56999969482422,91.73999786376952,83.99176788330078,1924400
FIS,2017-11-22,91.58999633789062,91.80999755859376,91.33000183105467,91.58999633789062,83.85446166992188,792600
FIS,2017-11-24,91.58999633789062,92.1999969482422,91.5,92.11000061035156,84.33055114746094,469200
FIS,2017-11-27,92.33999633789062,92.37000274658205,91.52999877929688,91.97000122070312,84.2023696899414,1155000
FIS,2017-11-28,92.0,92.83999633789062,91.91999816894533,92.72000122070312,84.88902282714844,938800
FIS,2017-11-29,93.02999877929688,93.02999877929688,91.91000366210938,92.72000122070312,84.88902282714844,1068700
FIS,2017-11-30,93.08999633789062,94.4000015258789,92.87000274658205,94.33000183105467,86.363037109375,1802900
FIS,2017-12-01,94.12999725341795,94.37999725341795,92.8499984741211,93.75,85.83203125,1488800
FIS,2017-12-04,94.5199966430664,94.58999633789062,93.58999633789062,93.62999725341795,85.72216796875,1668400
FIS,2017-12-05,93.80999755859376,95.2300033569336,93.3000030517578,95.16999816894533,87.13211059570312,2017200
FIS,2017-12-06,94.95999908447266,95.54000091552734,94.43000030517578,95.3000030517578,87.25112915039062,1817100
FIS,2017-12-07,95.43000030517578,96.01000213623048,95.1999969482422,95.87000274658205,87.77297973632812,2004000
FIS,2017-12-08,96.16999816894533,96.44000244140624,95.51000213623048,95.8499984741211,87.75467681884766,1683500
FIS,2017-12-11,95.80999755859376,96.0,95.12999725341795,95.70999908447266,87.62650299072266,1188300
FIS,2017-12-12,95.4000015258789,95.87000274658205,94.11000061035156,94.23999786376952,86.2806396484375,2546100
FIS,2017-12-13,94.06999969482422,95.18000030517578,93.9800033569336,94.26000213623048,86.29896545410156,1496500
FIS,2017-12-14,94.04000091552734,94.45999908447266,93.56999969482422,93.5999984741211,85.95917510986328,1487900
FIS,2017-12-15,93.80999755859376,94.97000122070312,93.5199966430664,94.83000183105467,87.08876037597656,2735000
FIS,2017-12-18,95.48999786376952,95.75,95.06999969482422,95.25,87.47444152832031,1579600
FIS,2017-12-19,95.37999725341795,95.54000091552734,94.58000183105467,95.0,87.24486541748047,1357600
FIS,2017-12-20,95.52999877929688,95.87999725341795,94.95999908447266,95.08000183105467,87.31835174560547,983600
FIS,2017-12-21,95.2699966430664,95.51000213623048,94.70999908447266,94.86000061035156,87.11630249023438,964700
FIS,2017-12-22,94.72000122070312,95.0500030517578,94.30999755859376,94.31999969482422,86.62037658691406,881900
FIS,2017-12-26,94.20999908447266,94.37999725341795,93.87000274658205,94.12999725341795,86.44589233398438,691900
FIS,2017-12-27,94.45999908447266,94.61000061035156,93.83999633789062,94.0,86.3265151977539,674300
FIS,2017-12-28,94.20999908447266,94.47000122070312,93.86000061035156,94.27999877929688,86.58364868164062,1371900
FIS,2017-12-29,94.55999755859376,94.55999755859376,94.08999633789062,94.08999633789062,86.40917205810547,808300
FIS,2018-01-02,94.30999755859376,94.62000274658205,93.25,93.6999969482422,86.05099487304688,1231700
FIS,2018-01-03,93.63999938964844,94.4499969482422,93.56999969482422,94.25,86.55609893798828,1370600
FIS,2018-01-04,94.33000183105467,95.56999969482422,94.33000183105467,94.9499969482422,87.1989517211914,1673900
FIS,2018-01-05,95.13999938964844,95.48999786376952,94.43000030517578,95.48999786376952,87.69488525390625,1721000
FIS,2018-01-08,95.37999725341795,96.3499984741211,95.05999755859376,95.7300033569336,87.915283203125,1185900
FIS,2018-01-09,95.79000091552734,96.16999816894533,95.52999877929688,96.04000091552734,88.19998168945312,1338500
FIS,2018-01-10,96.02999877929688,97.29000091552734,95.4499969482422,97.27999877929688,89.33873748779297,2110700
FIS,2018-01-11,97.33000183105467,97.8000030517578,97.05999755859376,97.77999877929688,89.79794311523438,1239200
FIS,2018-01-12,97.86000061035156,97.98999786376952,96.91000366210938,97.61000061035156,89.6418228149414,1773300
FIS,2018-01-16,97.8000030517578,98.36000061035156,96.9499969482422,97.16999816894533,89.23773193359375,1448600
FIS,2018-01-17,97.7699966430664,97.97000122070312,97.25,97.5999984741211,89.63263702392578,1407300
FIS,2018-01-18,97.9499969482422,98.05999755859376,97.51000213623048,97.54000091552734,89.57752227783203,1235500
FIS,2018-01-19,97.87000274658205,98.58999633789062,97.62999725341795,98.47000122070312,90.43162536621094,1627100
FIS,2018-01-22,98.62999725341795,99.1999969482422,98.41000366210938,99.19000244140624,91.09284973144533,1111900
FIS,2018-01-23,99.02999877929688,99.80999755859376,98.94000244140624,99.12999725341795,91.03772735595705,971600
FIS,2018-01-24,99.5999984741211,100.80999755859376,99.22000122070312,100.55999755859376,92.35099792480467,1542900
FIS,2018-01-25,100.66000366210938,101.8000030517578,100.54000091552734,101.5,93.21426391601562,1194500
FIS,2018-01-26,101.8000030517578,103.06999969482422,101.58000183105467,102.87999725341795,94.48160552978516,1419700
FIS,2018-01-29,102.91000366210938,103.6500015258789,102.48999786376952,102.69000244140624,94.30714416503906,1248400
FIS,2018-01-30,102.36000061035156,103.08000183105467,102.18000030517578,102.66000366210938,94.2795639038086,1222100
FIS,2018-01-31,102.66999816894533,103.18000030517578,102.16999816894533,102.36000061035156,94.00407409667967,1500400
FIS,2018-02-01,102.3000030517578,102.87999725341795,101.72000122070312,102.11000061035156,93.7744598388672,1530800
FIS,2018-02-02,101.55999755859376,102.22000122070312,100.77999877929688,100.80999755859376,92.5805892944336,1612600
FIS,2018-02-05,100.58999633789062,101.41000366210938,97.02999877929688,97.1999969482422,89.26527404785156,2636000
FIS,2018-02-06,95.3499984741211,96.20999908447266,92.4499969482422,95.72000122070312,87.90609741210938,5946300
FIS,2018-02-07,95.73999786376952,98.20999908447266,95.4800033569336,96.7699966430664,88.87039184570312,3099800
FIS,2018-02-08,96.81999969482422,97.98999786376952,92.69000244140624,92.73999786376952,85.16935729980469,3058300
FIS,2018-02-09,93.38999938964844,95.72000122070312,92.12000274658205,95.02999877929688,87.27240753173828,2572000
FIS,2018-02-12,95.7699966430664,96.37999725341795,94.9000015258789,95.1500015258789,87.38263702392578,1789900
FIS,2018-02-13,95.08000183105467,96.29000091552734,94.43000030517578,96.16999816894533,88.31936645507812,1144100
FIS,2018-02-14,95.68000030517578,96.41000366210938,95.33000183105467,96.0,88.16324615478516,1590800
FIS,2018-02-15,96.31999969482422,96.56999969482422,95.52999877929688,96.55999755859376,88.67753601074219,1538100
FIS,2018-02-16,96.54000091552734,98.16000366210938,96.54000091552734,97.81999969482422,89.83466339111328,1098100
FIS,2018-02-20,97.23999786376952,98.01000213623048,96.29000091552734,97.31999969482422,89.37548828125,1501200
FIS,2018-02-21,97.5500030517578,98.91999816894533,97.13999938964844,97.1500015258789,89.21936798095703,1215000
FIS,2018-02-22,97.63999938964844,99.1500015258789,97.26000213623048,98.02999877929688,90.02751159667969,2315300
FIS,2018-02-23,98.61000061035156,99.83999633789062,98.08000183105467,99.81999969482422,91.67140197753906,1805300
FIS,2018-02-26,100.01000213623048,101.0999984741211,99.70999908447266,99.91999816894533,91.76323699951172,2047900
FIS,2018-02-27,99.9499969482422,100.22000122070312,98.43000030517578,98.44000244140624,90.40406036376952,1253400
FIS,2018-02-28,98.5,99.48999786376952,97.1500015258789,97.18000030517578,89.24690246582031,1987200
FIS,2018-03-01,97.25,97.56999969482422,95.5199966430664,95.95999908447266,88.12651824951172,1350800
FIS,2018-03-02,95.27999877929688,97.05999755859376,94.75,96.9000015258789,88.98977661132812,1260800
FIS,2018-03-05,96.23999786376952,99.62999725341795,96.23999786376952,99.58999633789062,91.46016693115234,2357000
FIS,2018-03-06,99.81999969482422,100.18000030517578,98.44000244140624,98.70999908447266,90.65202331542967,1419500
FIS,2018-03-07,97.91000366210938,98.75,97.79000091552734,98.56999969482422,90.52345275878906,1398500
FIS,2018-03-08,99.13999938964844,99.3499984741211,98.52999877929688,99.27999877929688,91.17548370361328,1220700
FIS,2018-03-09,99.9000015258789,100.83000183105467,99.38999938964844,100.7699966430664,92.5438461303711,1703100
FIS,2018-03-12,100.77999877929688,101.58999633789062,100.3000030517578,101.2300033569336,92.96632385253906,2355000
FIS,2018-03-13,101.22000122070312,101.69000244140624,99.98999786376952,100.41000366210938,92.21324157714844,1501200
FIS,2018-03-14,100.38999938964844,100.9800033569336,99.8499984741211,100.31999969482422,92.13058471679688,1233000
FIS,2018-03-15,100.38999938964844,101.0500030517578,99.8499984741211,100.0999984741211,92.22273254394533,783000
FIS,2018-03-16,100.27999877929688,100.87999725341795,100.26000213623048,100.63999938964844,92.72023010253906,1700800
FIS,2018-03-19,100.38999938964844,100.6999969482422,99.37999725341795,100.0500030517578,92.17665100097656,715800
FIS,2018-03-20,100.33999633789062,101.0500030517578,99.8499984741211,100.91999816894533,92.97818756103516,962600
FIS,2018-03-21,101.11000061035156,101.73999786376952,100.4800033569336,100.58000183105467,92.66493225097656,1023500
FIS,2018-03-22,99.97000122070312,99.97000122070312,97.41000366210938,97.5199966430664,89.84574127197266,1754300
FIS,2018-03-23,97.62999725341795,97.80999755859376,94.83999633789062,94.86000061035156,87.39508819580078,1665400
FIS,2018-03-26,95.79000091552734,96.3499984741211,94.5500030517578,96.16000366210938,88.59278106689453,1942400
FIS,2018-03-27,96.54000091552734,96.79000091552734,94.08000183105467,94.68000030517578,87.229248046875,1356800
FIS,2018-03-28,94.86000061035156,96.01000213623048,93.9499969482422,95.31999969482422,87.81887817382812,1644400
FIS,2018-03-29,95.7300033569336,97.20999908447266,94.9499969482422,96.3000030517578,88.7217788696289,1244800
FIS,2018-04-02,95.9000015258789,96.56999969482422,93.91999816894533,94.70999908447266,87.25688171386719,2329900
FIS,2018-04-03,94.77999877929688,95.33999633789062,93.87000274658205,95.0,87.52405548095703,2589200
FIS,2018-04-04,93.8000030517578,96.20999908447266,93.70999908447266,96.0,88.44536590576172,2107500
FIS,2018-04-05,96.63999938964844,98.0,96.48999786376952,97.45999908447266,89.79048156738281,1870500
FIS,2018-04-06,96.58000183105467,97.08000183105467,95.12000274658205,95.52999877929688,88.01234436035156,1480700
FIS,2018-04-09,96.04000091552734,97.36000061035156,95.4000015258789,96.0,88.44536590576172,1688900
FIS,2018-04-10,97.08999633789062,97.62000274658205,96.54000091552734,96.83000183105467,89.21005249023438,1050700
FIS,2018-04-11,96.08000183105467,97.41999816894533,96.0500030517578,96.33999633789062,88.75861358642578,1212700
FIS,2018-04-12,96.91999816894533,97.16999816894533,96.55999755859376,96.68000030517578,89.07186889648438,665000
FIS,2018-04-13,97.30999755859376,97.41000366210938,95.86000061035156,96.2300033569336,88.65727996826172,972200
FIS,2018-04-16,97.05999755859376,97.54000091552734,96.5,97.29000091552734,89.63385772705078,793700
FIS,2018-04-17,97.87999725341795,97.87999725341795,97.22000122070312,97.61000061035156,89.92868041992188,2055600
FIS,2018-04-18,98.0,98.0,97.33000183105467,97.52999877929688,89.85494995117188,1599000
FIS,2018-04-19,97.43000030517578,97.8000030517578,96.5999984741211,97.05999755859376,89.42195129394531,908700
FIS,2018-04-20,96.83999633789062,97.22000122070312,95.77999877929688,96.01000213623048,88.45458221435547,1156000
FIS,2018-04-23,96.43000030517578,96.62999725341795,95.45999908447266,95.6999969482422,88.16896057128906,1158100
FIS,2018-04-24,95.9499969482422,96.27999877929688,94.37000274658205,94.7699966430664,87.3121566772461,1355300
FIS,2018-04-25,94.8000030517578,94.83999633789062,93.87000274658205,94.11000061035156,86.7040786743164,1619900
FIS,2018-04-26,94.6999969482422,95.5,94.5199966430664,95.0,87.52405548095703,1798700
FIS,2018-04-27,95.08999633789062,95.58999633789062,94.54000091552734,94.6999969482422,87.24766540527344,2038200
FIS,2018-04-30,95.12999725341795,96.30999755859376,94.9000015258789,94.97000122070312,87.49641418457031,2914500
FIS,2018-05-01,97.0,99.70999908447266,96.37000274658205,99.66000366210938,91.81735229492188,4051800
FIS,2018-05-02,99.76000213623048,100.12000274658205,98.11000061035156,98.48999786376952,90.73941802978516,2866200
FIS,2018-05-03,98.0,99.45999908447266,97.7699966430664,99.41000366210938,91.58702087402344,2282400
FIS,2018-05-04,99.0199966430664,100.83999633789062,98.61000061035156,100.66000366210938,92.73865509033205,2020900
FIS,2018-05-07,100.6500015258789,102.25,100.4800033569336,102.20999908447266,94.16667175292967,2203500
FIS,2018-05-08,101.8000030517578,103.5,101.70999908447266,103.19000244140624,95.069580078125,2751900
FIS,2018-05-09,103.38999938964844,103.93000030517578,102.94000244140624,103.91000366210938,95.73287963867188,3287500
FIS,2018-05-10,103.6999969482422,105.0199966430664,103.63999938964844,104.91000366210938,96.65420532226562,1965700
FIS,2018-05-11,104.7300033569336,105.0,104.0500030517578,104.88999938964844,96.63578033447266,2149300
FIS,2018-05-14,105.0,105.0,104.11000061035156,104.6999969482422,96.46070861816406,1926300
FIS,2018-05-15,104.1500015258789,104.72000122070312,103.36000061035156,104.6999969482422,96.46070861816406,1580900
FIS,2018-05-16,104.6999969482422,104.9800033569336,104.16999816894533,104.83999633789062,96.5896987915039,1329200
FIS,2018-05-17,104.51000213623048,104.9499969482422,103.5500030517578,103.81999969482422,95.64998626708984,1686700
FIS,2018-05-18,103.75,104.5500030517578,103.5999984741211,104.12000274658205,95.9263916015625,1338700
FIS,2018-05-21,104.72000122070312,104.91000366210938,104.22000122070312,104.4499969482422,96.23040771484376,824600
FIS,2018-05-22,104.48999786376952,104.48999786376952,103.12000274658205,103.5,95.35514831542967,1348200
FIS,2018-05-23,103.0,103.93000030517578,102.6999969482422,103.87000274658205,95.69603729248048,1022700
FIS,2018-05-24,103.95999908447266,104.19000244140624,103.3000030517578,103.8000030517578,95.63155364990234,1299800
FIS,2018-05-25,103.76000213623048,103.8499984741211,103.3499984741211,103.45999908447266,95.31830596923828,837600
FIS,2018-05-29,102.88999938964844,103.01000213623048,101.81999969482422,102.37999725341795,94.32330322265624,902900
FIS,2018-05-30,102.54000091552734,103.62999725341795,102.54000091552734,103.26000213623048,95.134033203125,1161600
FIS,2018-05-31,103.31999969482422,103.55999755859376,102.12999725341795,102.22000122070312,94.17589569091795,1640000
FIS,2018-06-01,102.9499969482422,103.38999938964844,102.6500015258789,103.22000122070312,95.09719848632812,1108500
FIS,2018-06-04,102.91999816894533,103.94000244140624,102.91999816894533,103.7699966430664,95.60391235351562,2946400
FIS,2018-06-05,104.0,104.9000015258789,103.8000030517578,104.76000213623048,96.5160140991211,1619500
FIS,2018-06-06,104.9499969482422,107.05999755859376,104.6500015258789,106.93000030517578,98.51525115966795,2699600
FIS,2018-06-07,106.93000030517578,106.93000030517578,104.6999969482422,105.47000122070312,97.17013549804688,1110400
FIS,2018-06-08,105.47000122070312,106.16999816894533,105.12999725341795,106.13999938964844,97.78741455078124,915800
FIS,2018-06-11,106.08999633789062,106.12999725341795,105.66000366210938,105.86000061035156,97.52944946289062,721700
FIS,2018-06-12,106.04000091552734,107.1999969482422,105.43000030517578,107.16999816894533,98.73635864257812,2442100
FIS,2018-06-13,107.16999816894533,107.87999725341795,106.8000030517578,107.0999984741211,98.671875,1313500
FIS,2018-06-14,106.91999816894533,107.80999755859376,106.83000183105467,107.72000122070312,99.5404815673828,1372400
FIS,2018-06-15,107.33000183105467,107.45999908447266,106.55999755859376,107.44000244140624,99.2817611694336,2173500
FIS,2018-06-18,106.73999786376952,107.3499984741211,106.13999938964844,107.2699966430664,99.1246566772461,1891200
FIS,2018-06-19,106.4499969482422,107.45999908447266,106.13999938964844,107.38999938964844,99.23553466796876,1659600
FIS,2018-06-20,107.5999984741211,107.79000091552734,106.81999969482422,107.0,98.87516784667967,966500
FIS,2018-06-21,107.16000366210938,107.9000015258789,106.98999786376952,107.38999938964844,99.23553466796876,1223500
FIS,2018-06-22,107.58000183105467,108.0,106.87000274658205,107.62999725341795,99.4573211669922,2014700
FIS,2018-06-25,107.2699966430664,107.48999786376952,106.05999755859376,106.58000183105467,98.48705291748048,1740900
FIS,2018-06-26,106.52999877929688,107.0500030517578,106.05999755859376,106.0999984741211,98.04349517822266,1634200
FIS,2018-06-27,106.45999908447266,106.5999984741211,104.8000030517578,104.86000061035156,96.89765167236328,1425100
FIS,2018-06-28,104.76000213623048,106.68000030517578,104.76000213623048,105.70999908447266,97.68311309814452,1422300
FIS,2018-06-29,105.9000015258789,106.8000030517578,105.8000030517578,106.02999877929688,97.9788055419922,1689900
FIS,2018-07-02,105.20999908447266,106.6999969482422,105.16999816894533,106.6999969482422,98.59793090820312,1574400
FIS,2018-07-03,107.05999755859376,107.41000366210938,106.45999908447266,106.5999984741211,98.50553131103516,945100
FIS,2018-07-05,106.5,107.70999908447266,106.31999969482422,107.54000091552734,99.37415313720705,1413900
FIS,2018-07-06,107.51000213623048,108.83000183105467,107.13999938964844,108.37000274658205,100.14112091064452,1569700
FIS,2018-07-09,108.66000366210938,109.1500015258789,108.0,108.22000122070312,100.00251770019533,1645200
FIS,2018-07-10,108.23999786376952,108.58999633789062,107.37000274658205,107.63999938964844,99.46653747558594,1243600
FIS,2018-07-11,107.1500015258789,108.3000030517578,107.05999755859376,107.7300033569336,99.54974365234376,1046300
FIS,2018-07-12,108.38999938964844,108.86000061035156,108.13999938964844,108.5500030517578,100.30746459960938,1618800
FIS,2018-07-13,108.48999786376952,108.69000244140624,107.81999969482422,108.12999725341795,99.91934967041016,1020700
FIS,2018-07-16,108.20999908447266,108.5,107.33999633789062,107.6999969482422,99.5220184326172,1233200
FIS,2018-07-17,107.77999877929688,108.5,107.41999816894533,108.33999633789062,100.1134033203125,907000
FIS,2018-07-18,108.33999633789062,109.04000091552734,108.0199966430664,108.97000122070312,100.695556640625,1234100
FIS,2018-07-19,108.97000122070312,109.01000213623048,108.20999908447266,108.72000122070312,100.46456146240234,1300800
FIS,2018-07-20,108.5500030517578,109.13999938964844,108.25,108.9000015258789,100.63089752197266,587800
FIS,2018-07-23,108.5999984741211,109.36000061035156,108.51000213623048,109.33999633789062,101.0374755859375,826600
FIS,2018-07-24,109.58999633789062,109.9499969482422,108.2699966430664,108.66999816894533,100.41835021972656,1545500
FIS,2018-07-25,108.56999969482422,109.56999969482422,108.37999725341795,109.48999786376952,101.17608642578124,1221500
FIS,2018-07-26,109.37000274658205,109.62000274658205,108.88999938964844,109.12999725341795,100.84342193603516,888600
FIS,2018-07-27,109.37000274658205,109.37999725341795,107.16999816894533,107.44000244140624,99.2817611694336,861500
FIS,2018-07-30,107.33000183105467,107.87999725341795,104.63999938964844,105.05999755859376,97.08246612548828,1480400
FIS,2018-07-31,103.5,105.75,102.37000274658205,103.12999725341795,95.29901123046876,3882100
FIS,2018-08-01,103.2699966430664,105.0999984741211,102.41000366210938,102.9499969482422,95.13267517089844,3051600
FIS,2018-08-02,102.4800033569336,103.66999816894533,102.2300033569336,103.2699966430664,95.42838287353516,1694900
FIS,2018-08-03,103.38999938964844,104.2699966430664,102.69000244140624,104.22000122070312,96.3062515258789,1415700
FIS,2018-08-06,104.16999816894533,104.87000274658205,104.02999877929688,104.77999877929688,96.82373046875,1192100
FIS,2018-08-07,104.88999938964844,105.37000274658205,104.70999908447266,105.16000366210938,97.17488861083984,1526300
FIS,2018-08-08,105.30999755859376,106.19000244140624,105.1500015258789,105.87000274658205,97.83097839355467,1279900
FIS,2018-08-09,105.80999755859376,107.1999969482422,105.68000030517578,106.9499969482422,98.82894897460938,1529600
FIS,2018-08-10,106.5,107.56999969482422,106.19000244140624,106.87999725341795,98.76426696777344,1424800
FIS,2018-08-13,106.86000061035156,107.37000274658205,106.08000183105467,106.13999938964844,98.08047485351562,757100
FIS,2018-08-14,106.2699966430664,107.1999969482422,105.95999908447266,106.69000244140624,98.58870697021484,2009600
FIS,2018-08-15,106.25,106.58000183105467,105.62000274658205,106.0199966430664,97.96954345703124,1158900
FIS,2018-08-16,106.62000274658205,106.9499969482422,106.12999725341795,106.33999633789062,98.26527404785156,791400
FIS,2018-08-17,106.5,107.29000091552734,106.4000015258789,107.0999984741211,98.96758270263672,1283000
FIS,2018-08-20,107.01000213623048,107.70999908447266,106.61000061035156,107.4800033569336,99.31871795654295,2076200
FIS,2018-08-21,107.9000015258789,108.04000091552734,107.48999786376952,107.58000183105467,99.4111099243164,1355600
FIS,2018-08-22,107.47000122070312,108.51000213623048,107.27999877929688,108.25,100.03023529052734,968000
FIS,2018-08-23,108.3000030517578,108.8499984741211,108.2300033569336,108.37999725341795,100.15037536621094,969400
FIS,2018-08-24,108.47000122070312,108.91999816894533,108.13999938964844,108.87000274658205,100.60316467285156,644100
FIS,2018-08-27,109.16000366210938,109.38999938964844,107.81999969482422,107.9000015258789,99.70682525634766,1195100
FIS,2018-08-28,108.29000091552734,108.72000122070312,107.4800033569336,107.58999633789062,99.42037200927734,983400
FIS,2018-08-29,107.68000030517578,108.3000030517578,107.58000183105467,108.05999755859376,99.85466003417967,973800
FIS,2018-08-30,107.9800033569336,108.1999969482422,107.48999786376952,107.6999969482422,99.5220184326172,603900
FIS,2018-08-31,107.55999755859376,108.27999877929688,107.55999755859376,108.16999816894533,99.9563217163086,863700
FIS,2018-09-04,108.02999877929688,108.30999755859376,107.36000061035156,107.87000274658205,99.67908477783205,1008700
FIS,2018-09-05,107.5500030517578,107.73999786376952,106.11000061035156,106.54000091552734,98.45010375976562,1121500
FIS,2018-09-06,106.54000091552734,107.81999969482422,106.2699966430664,107.5999984741211,99.42960357666016,785300
FIS,2018-09-07,107.37999725341795,107.9800033569336,107.12000274658205,107.4499969482422,99.29098510742188,1066700
FIS,2018-09-10,108.0,108.88999938964844,107.6999969482422,108.72000122070312,100.46456146240234,862500
FIS,2018-09-11,108.58000183105467,109.47000122070312,108.2300033569336,109.16000366210938,100.87116241455078,1077500
FIS,2018-09-12,109.1500015258789,109.7300033569336,108.77999877929688,109.5,101.18533325195312,807500
FIS,2018-09-13,109.76000213623048,110.25,108.9800033569336,110.0500030517578,101.99160766601562,1338600
FIS,2018-09-14,109.91999816894533,110.19000244140624,109.1999969482422,110.12000274658205,102.0564956665039,1306600
FIS,2018-09-17,110.3000030517578,110.5,109.29000091552734,109.43000030517578,101.41700744628906,2197900
FIS,2018-09-18,109.2300033569336,109.97000122070312,109.02999877929688,109.76000213623048,101.72286224365234,1290800
FIS,2018-09-19,110.05999755859376,110.05999755859376,108.68000030517578,108.7699966430664,100.80535888671876,1264700
FIS,2018-09-20,108.91999816894533,109.83000183105467,108.76000213623048,109.79000091552734,101.75064849853516,1084500
FIS,2018-09-21,110.31999969482422,110.83000183105467,110.16000366210938,110.58000183105467,102.4828109741211,2813000
FIS,2018-09-24,110.3000030517578,110.4499969482422,108.7300033569336,109.93000030517578,101.8803939819336,1146800
FIS,2018-09-25,110.0,110.58000183105467,108.4000015258789,109.80999755859376,101.7691879272461,1128800
FIS,2018-09-26,110.0199966430664,110.5,109.37999725341795,109.5199966430664,101.50042724609376,1002600
FIS,2018-09-27,109.52999877929688,109.83999633789062,108.16999816894533,108.7699966430664,100.80535888671876,1721200
FIS,2018-09-28,108.4499969482422,109.61000061035156,108.41999816894533,109.06999969482422,101.0833740234375,1507600
FIS,2018-10-01,109.41000366210938,109.58000183105467,106.8499984741211,107.18000030517578,99.33177947998048,1444700
FIS,2018-10-02,106.93000030517578,107.68000030517578,106.18000030517578,107.5199966430664,99.64686584472656,1605700
FIS,2018-10-03,108.04000091552734,108.26000213623048,107.3000030517578,108.01000213623048,100.10099792480467,1395100
FIS,2018-10-04,107.58999633789062,107.9499969482422,106.81999969482422,107.62999725341795,99.7488250732422,2200900
FIS,2018-10-05,107.43000030517578,108.58999633789062,106.91000366210938,108.18000030517578,100.25855255126952,1518800
FIS,2018-10-08,107.6999969482422,108.4800033569336,106.22000122070312,107.29000091552734,99.43372344970705,2042500
FIS,2018-10-09,106.8499984741211,108.2300033569336,106.8499984741211,107.80999755859376,99.91563415527344,1447600
FIS,2018-10-10,107.3499984741211,107.52999877929688,102.70999908447266,102.83000183105467,95.30030822753906,1940400
FIS,2018-10-11,102.75,103.25,101.08999633789062,101.16999816894533,93.76185607910156,2996000
FIS,2018-10-12,102.47000122070312,103.18000030517578,101.23999786376952,102.37999725341795,94.88323211669922,2966000
FIS,2018-10-15,102.16000366210938,102.29000091552734,101.1999969482422,101.22000122070312,93.80818939208984,1835000
FIS,2018-10-16,102.06999969482422,104.98999786376952,102.01000213623048,104.81999969482422,97.14458465576172,2344500
FIS,2018-10-17,104.58999633789062,105.26000213623048,103.83999633789062,104.87000274658205,97.19092559814452,1214800
FIS,2018-10-18,104.72000122070312,105.2699966430664,103.1999969482422,104.06999969482422,96.44950103759766,1002200
FIS,2018-10-19,104.4000015258789,105.3000030517578,103.52999877929688,103.75,96.15293884277344,1080100
FIS,2018-10-22,104.33000183105467,104.7300033569336,103.63999938964844,103.94000244140624,96.32902526855467,1434400
FIS,2018-10-23,102.47000122070312,103.87999725341795,101.4800033569336,103.16000366210938,95.60613250732422,1691200
FIS,2018-10-24,102.88999938964844,103.55999755859376,100.55999755859376,100.6999969482422,93.32624816894533,1187400
FIS,2018-10-25,101.69000244140624,103.1500015258789,101.12000274658205,102.91999816894533,95.38371276855467,1387000
FIS,2018-10-26,100.93000030517578,102.5999984741211,100.3000030517578,101.37000274658205,93.94721221923828,1244400
FIS,2018-10-29,102.3499984741211,103.08999633789062,98.3499984741211,99.12999725341795,91.8712158203125,2485000
FIS,2018-10-30,100.12000274658205,103.66000366210938,98.76000213623048,103.62000274658205,96.03246307373048,3478200
FIS,2018-10-31,104.8000030517578,105.81999969482422,103.56999969482422,104.0999984741211,96.47728729248048,2471000
FIS,2018-11-01,103.9800033569336,104.4000015258789,102.16999816894533,103.9499969482422,96.33827209472656,1769400
FIS,2018-11-02,104.27999877929688,105.13999938964844,102.88999938964844,103.6500015258789,96.06026458740234,1232000
FIS,2018-11-05,103.66999816894533,104.58000183105467,103.29000091552734,103.97000122070312,96.3568344116211,991400
FIS,2018-11-06,104.0500030517578,104.87999725341795,103.76000213623048,104.66999816894533,97.0055694580078,1255600
FIS,2018-11-07,105.69000244140624,107.62999725341795,105.43000030517578,107.33999633789062,99.48006439208984,1920100
FIS,2018-11-08,106.9800033569336,107.79000091552734,106.77999877929688,107.68000030517578,99.79515838623048,1273800
FIS,2018-11-09,107.3499984741211,107.75,106.47000122070312,107.47000122070312,99.60055541992188,906800
FIS,2018-11-12,107.20999908447266,107.4000015258789,105.61000061035156,105.69000244140624,97.9508819580078,965300
FIS,2018-11-13,105.80999755859376,106.36000061035156,104.45999908447266,104.8000030517578,97.12605285644533,1164800
FIS,2018-11-14,105.79000091552734,105.91000366210938,104.31999969482422,104.51000213623048,96.85729217529295,1130000
FIS,2018-11-15,104.1999969482422,107.06999969482422,103.83999633789062,106.81999969482422,98.99813079833984,1115200
FIS,2018-11-16,106.13999938964844,108.63999938964844,106.0500030517578,107.86000061035156,99.96197509765624,1504300
FIS,2018-11-19,107.4800033569336,107.88999938964844,103.9499969482422,104.33999633789062,96.69972229003906,1394400
FIS,2018-11-20,102.33000183105467,103.52999877929688,101.75,102.4499969482422,94.9481201171875,1380400
FIS,2018-11-21,103.08999633789062,104.20999908447266,102.2699966430664,103.3499984741211,95.78219604492188,734900
FIS,2018-11-23,102.45999908447266,103.91999816894533,102.45999908447266,103.26000213623048,95.69880676269533,313800
FIS,2018-11-26,104.25,104.58000183105467,103.5199966430664,104.38999938964844,96.7460708618164,759300
FIS,2018-11-27,104.0,104.45999908447266,103.12000274658205,104.12000274658205,96.495849609375,1066000
FIS,2018-11-28,104.68000030517578,108.11000061035156,104.68000030517578,107.9499969482422,100.0453872680664,1213800
FIS,2018-11-29,107.27999877929688,107.5500030517578,105.7699966430664,105.8499984741211,98.0991668701172,1255700
FIS,2018-11-30,105.87999725341795,108.11000061035156,105.87999725341795,107.9499969482422,100.0453872680664,1933600
FIS,2018-12-03,109.0,109.33000183105467,107.98999786376952,109.12000274658205,101.12973022460938,1337700
FIS,2018-12-04,108.41999816894533,109.9800033569336,105.95999908447266,106.12000274658205,98.34938049316406,1812900
FIS,2018-12-06,103.9000015258789,105.9000015258789,102.66999816894533,105.79000091552734,98.04354858398438,2241400
FIS,2018-12-07,105.63999938964844,106.41000366210938,103.56999969482422,104.62000274658205,96.95923614501952,1516800
FIS,2018-12-10,104.58999633789062,106.08000183105467,103.38999938964844,105.68000030517578,97.94161224365234,1075800
FIS,2018-12-11,107.91999816894533,107.91999816894533,105.2699966430664,105.83000183105467,98.08065032958984,1082800
FIS,2018-12-12,107.37000274658205,108.31999969482422,106.51000213623048,106.73999786376952,98.92398071289062,1688900
FIS,2018-12-13,106.37000274658205,107.48999786376952,104.95999908447266,105.8499984741211,98.39414978027344,1235500
FIS,2018-12-14,104.73999786376952,105.4499969482422,104.06999969482422,104.58999633789062,97.22289276123048,1201500
FIS,2018-12-17,104.0500030517578,104.77999877929688,101.44000244140624,102.05999755859376,94.87109375,2520700
FIS,2018-12-18,103.4000015258789,103.7300033569336,101.08999633789062,101.56999969482422,94.41561889648438,1589700
FIS,2018-12-19,101.43000030517578,103.75,100.0500030517578,101.04000091552734,93.92295837402344,1614800
FIS,2018-12-20,100.58000183105467,101.12000274658205,97.88999938964844,99.13999938964844,92.15676879882812,1742700
FIS,2018-12-21,98.70999908447266,101.11000061035156,97.5,97.8499984741211,90.9576416015625,2608800
FIS,2018-12-24,97.18000030517578,97.94000244140624,95.44000244140624,95.83000183105467,89.0799331665039,776100
FIS,2018-12-26,96.25,99.43000030517578,94.52999877929688,99.43000030517578,92.42635345458984,1100800
FIS,2018-12-27,98.01000213623048,100.8499984741211,97.13999938964844,100.81999969482422,93.71844482421876,1393400
FIS,2018-12-28,101.41999816894533,102.19000244140624,100.08000183105467,100.80999755859376,93.70915222167967,975300
FIS,2018-12-31,101.12999725341795,102.5500030517578,99.75,102.5500030517578,95.32659149169922,1226700
FIS,2019-01-02,100.87999725341795,102.4000015258789,100.5,101.43000030517578,94.28547668457033,1704300
FIS,2019-01-03,99.83999633789062,100.8000030517578,98.0999984741211,98.30999755859376,91.3852310180664,1612700
FIS,2019-01-04,99.7300033569336,102.08000183105467,99.45999908447266,101.77999877929688,94.6108169555664,2534200
FIS,2019-01-07,102.05999755859376,103.5199966430664,101.48999786376952,102.41999816894533,95.20573425292967,2246100
FIS,2019-01-08,103.44000244140624,104.0199966430664,102.80999755859376,103.19000244140624,95.9215087890625,2029300
FIS,2019-01-09,103.62000274658205,104.13999938964844,102.20999908447266,102.6999969482422,95.4660186767578,1942500
FIS,2019-01-10,102.58999633789062,103.91000366210938,102.31999969482422,103.83000183105467,96.51642608642578,2121100
FIS,2019-01-11,103.1999969482422,103.77999877929688,102.69000244140624,103.52999877929688,96.237548828125,1306000
FIS,2019-01-14,102.76000213623048,104.0,102.5199966430664,103.66000366210938,96.3583984375,1342900
FIS,2019-01-15,103.9000015258789,105.13999938964844,103.56999969482422,104.70999908447266,97.33445739746094,1160200
FIS,2019-01-16,104.87999725341795,105.0,101.73999786376952,103.66999816894533,96.36770629882812,2492400
FIS,2019-01-17,102.93000030517578,104.75,102.93000030517578,104.20999908447266,96.86965942382812,1618600
FIS,2019-01-18,105.0,106.58999633789062,104.41999816894533,105.83999633789062,98.38484191894533,1778600
FIS,2019-01-22,105.47000122070312,105.81999969482422,104.30999755859376,105.33999633789062,97.9200668334961,1458700
FIS,2019-01-23,105.87000274658205,106.41999816894533,104.9000015258789,105.88999938964844,98.43132781982422,1219400
FIS,2019-01-24,105.75,105.79000091552734,105.02999877929688,105.16000366210938,97.75275421142578,1348600
FIS,2019-01-25,106.0,106.0199966430664,104.91999816894533,105.43000030517578,98.00371551513672,1470700
FIS,2019-01-28,104.16999816894533,104.62999725341795,103.68000030517578,104.29000091552734,96.94401550292967,926100
FIS,2019-01-29,104.3499984741211,104.4499969482422,103.41000366210938,103.58999633789062,96.2933120727539,1009400
FIS,2019-01-30,103.97000122070312,105.81999969482422,103.75,105.5199966430664,98.08737182617188,1381400
FIS,2019-01-31,105.26000213623048,105.9000015258789,104.3000030517578,104.52999877929688,97.16712951660156,1632200
FIS,2019-02-01,104.54000091552734,107.25,104.54000091552734,107.1999969482422,99.6490478515625,1820900
FIS,2019-02-04,107.4000015258789,108.97000122070312,106.91999816894533,108.97000122070312,101.29436492919922,1285500
FIS,2019-02-05,109.0,109.94000244140624,108.87000274658205,109.9000015258789,102.15885925292967,1185100
FIS,2019-02-06,109.7300033569336,109.79000091552734,109.0500030517578,109.6999969482422,101.97296142578124,1033000
FIS,2019-02-07,108.8000030517578,109.0,107.51000213623048,108.66999816894533,101.01551055908205,2819300
FIS,2019-02-08,107.91000366210938,109.22000122070312,107.86000061035156,109.0,101.322265625,2602100
FIS,2019-02-11,109.61000061035156,110.0500030517578,108.9800033569336,109.0999984741211,101.41522216796876,1574200
FIS,2019-02-12,106.8000030517578,108.43000030517578,104.97000122070312,106.5500030517578,99.04483032226562,3944500
FIS,2019-02-13,107.44000244140624,109.0999984741211,106.33000183105467,106.79000091552734,99.26792907714844,3539800
FIS,2019-02-14,106.72000122070312,106.93000030517578,105.72000122070312,106.3000030517578,98.81244659423828,3246800
FIS,2019-02-15,107.26000213623048,109.25,106.68000030517578,108.93000030517578,101.2572021484375,3211800
FIS,2019-02-19,108.9000015258789,109.16999816894533,107.9499969482422,108.70999908447266,101.0526885986328,2224100
FIS,2019-02-20,108.58999633789062,108.68000030517578,106.9499969482422,107.05999755859376,99.51892852783205,3753900
FIS,2019-02-21,107.13999938964844,107.72000122070312,106.52999877929688,107.12000274658205,99.57469177246094,2370900
FIS,2019-02-22,107.47000122070312,107.61000061035156,106.77999877929688,107.08999633789062,99.54679870605467,1762000
FIS,2019-02-25,107.72000122070312,107.72000122070312,106.62000274658205,106.79000091552734,99.26792907714844,1424000
FIS,2019-02-26,106.93000030517578,107.2699966430664,106.41999816894533,106.80999755859376,99.28652954101562,2759700
FIS,2019-02-27,106.5,107.36000061035156,106.2699966430664,107.20999908447266,99.65834045410156,2177800
FIS,2019-02-28,107.1999969482422,108.4499969482422,106.88999938964844,108.1500015258789,100.53214263916016,3075800
FIS,2019-03-01,109.0,109.4800033569336,107.83000183105467,108.38999938964844,100.75524139404295,1756000
FIS,2019-03-04,108.9499969482422,109.43000030517578,106.8000030517578,107.31999969482422,99.7605972290039,1751700
FIS,2019-03-05,107.27999877929688,107.69000244140624,106.80999755859376,106.88999938964844,99.36087799072266,1520000
FIS,2019-03-06,107.19000244140624,107.19000244140624,106.41999816894533,106.5999984741211,99.09130859375,1245500
FIS,2019-03-07,106.66999816894533,106.66999816894533,105.43000030517578,105.6500015258789,98.2082290649414,1875000
FIS,2019-03-08,104.98999786376952,105.73999786376952,104.7300033569336,105.70999908447266,98.2640151977539,1768200
FIS,2019-03-11,106.22000122070312,107.11000061035156,105.87000274658205,107.04000091552734,99.50031280517578,2322100
FIS,2019-03-12,107.38999938964844,107.76000213623048,106.86000061035156,107.37000274658205,99.80707550048828,1415300
FIS,2019-03-13,107.02999877929688,108.4000015258789,106.91999816894533,107.5999984741211,100.02088165283205,2070900
FIS,2019-03-14,107.5,108.25,106.91000366210938,107.77999877929688,100.51515197753906,1893100
FIS,2019-03-15,107.5999984741211,109.16999816894533,107.5500030517578,108.87999725341795,101.54100799560548,3613300
FIS,2019-03-18,111.79000091552734,112.16999816894533,106.5,108.12000274658205,100.8322296142578,16711100
FIS,2019-03-19,107.48999786376952,107.48999786376952,105.76000213623048,106.5999984741211,99.41468048095705,6677400
FIS,2019-03-20,106.52999877929688,107.5999984741211,104.87000274658205,106.75,99.55457305908205,10713400
FIS,2019-03-21,106.25,110.30999755859376,106.04000091552734,110.16000366210938,102.7347412109375,5331000
FIS,2019-03-22,110.16000366210938,111.33000183105467,109.4800033569336,110.41000366210938,102.96788787841795,6868700
FIS,2019-03-25,110.41000366210938,110.47000122070312,108.33000183105467,108.41999816894533,101.11199951171876,3464500
FIS,2019-03-26,108.9000015258789,109.98999786376952,108.63999938964844,109.91000366210938,102.5015869140625,2948100
FIS,2019-03-27,110.0,110.47000122070312,108.79000091552734,109.97000122070312,102.55754089355467,3894600
FIS,2019-03-28,110.5,111.2300033569336,109.69000244140624,111.18000030517578,103.68598175048828,3116900
FIS,2019-03-29,111.61000061035156,113.3000030517578,111.20999908447266,113.0999984741211,105.47654724121094,5454600
FIS,2019-04-01,113.4800033569336,114.01000213623048,112.72000122070312,113.77999877929688,106.1107177734375,2937300
FIS,2019-04-02,114.0,114.22000122070312,113.23999786376952,114.12000274658205,106.42782592773438,2543400
FIS,2019-04-03,114.5500030517578,115.55999755859376,113.88999938964844,114.93000030517578,107.18319702148438,3899100
FIS,2019-04-04,115.01000213623048,115.08000183105467,113.5,114.02999877929688,106.34386444091795,2506800
FIS,2019-04-05,114.23999786376952,114.56999969482422,113.25,113.38999938964844,105.74700927734376,2537400
FIS,2019-04-08,113.37000274658205,113.81999969482422,112.16000366210938,113.6500015258789,105.989501953125,5314700
FIS,2019-04-09,113.16999816894533,114.04000091552734,112.75,113.76000213623048,106.09207916259766,2863000
FIS,2019-04-10,114.41000366210938,114.41000366210938,111.9800033569336,112.37999725341795,104.80508422851562,3674800
FIS,2019-04-11,112.62000274658205,113.3000030517578,111.73999786376952,112.9000015258789,105.2900390625,3352000
FIS,2019-04-12,113.66999816894533,113.6999969482422,112.83999633789062,113.16000366210938,105.53253173828124,2983500
FIS,2019-04-15,113.02999877929688,113.19000244140624,112.23999786376952,113.13999938964844,105.51386260986328,1934800
FIS,2019-04-16,113.51000213623048,113.7300033569336,111.22000122070312,111.58000183105467,104.05902862548828,4615400
FIS,2019-04-17,111.72000122070312,111.8000030517578,110.8499984741211,111.0999984741211,103.61136627197266,1879100
FIS,2019-04-18,111.06999969482422,111.51000213623048,110.2699966430664,110.88999938964844,103.41552734375,2079100
FIS,2019-04-22,110.87999725341795,112.20999908447266,110.5,112.20999908447266,104.64655303955078,2954000
FIS,2019-04-23,112.48999786376952,113.1999969482422,111.81999969482422,112.8000030517578,105.19676208496094,2779800
FIS,2019-04-24,112.76000213623048,113.11000061035156,112.02999877929688,112.04000091552734,104.48802185058594,2351000
FIS,2019-04-25,111.9800033569336,112.27999877929688,110.94000244140624,111.5500030517578,104.03104400634766,3692100
FIS,2019-04-26,111.87000274658205,111.87000274658205,110.5,110.9000015258789,103.42485809326172,3044600
FIS,2019-04-29,110.69000244140624,111.83999633789062,109.95999908447266,111.54000091552734,104.0217056274414,7539300
FIS,2019-04-30,116.18000030517578,117.9800033569336,115.11000061035156,115.93000030517578,108.11581420898438,8346600
FIS,2019-05-01,115.7699966430664,117.4499969482422,115.0999984741211,115.22000122070312,107.45366668701172,6462400
FIS,2019-05-02,116.30999755859376,117.81999969482422,115.83000183105467,117.8000030517578,109.8597640991211,5374900
FIS,2019-05-03,117.95999908447266,117.98999786376952,116.6500015258789,117.76000213623048,109.82247161865234,2907300
FIS,2019-05-06,116.08000183105467,117.77999877929688,115.8499984741211,117.31999969482422,109.41210174560548,2627300
FIS,2019-05-07,116.83999633789062,117.08999633789062,114.87999725341795,115.88999938964844,108.07850646972656,3309200
FIS,2019-05-08,115.76000213623048,116.87999725341795,115.47000122070312,116.13999938964844,108.31163024902344,3286900
FIS,2019-05-09,115.16000366210938,116.06999969482422,114.0,115.87000274658205,108.05984497070312,3041300
FIS,2019-05-10,115.45999908447266,116.73999786376952,114.01000213623048,116.72000122070312,108.85256958007812,2040000
FIS,2019-05-13,114.94000244140624,115.87999725341795,114.3499984741211,115.4499969482422,107.6681671142578,3211000
FIS,2019-05-14,116.0,117.7300033569336,115.9000015258789,116.91999816894533,109.03907012939452,2855300
FIS,2019-05-15,116.13999938964844,117.61000061035156,115.9499969482422,117.25,109.3468246459961,2216400
FIS,2019-05-16,117.83000183105467,119.77999877929688,117.58999633789062,119.0999984741211,111.07212829589844,3405300
FIS,2019-05-17,117.83000183105467,119.62999725341795,117.83000183105467,118.7300033569336,110.72708129882812,2664900
FIS,2019-05-20,118.0,119.02999877929688,117.87000274658205,118.31999969482422,110.34469604492188,1914600
FIS,2019-05-21,119.87999725341795,121.13999938964844,119.51000213623048,120.41000366210938,112.2938461303711,4226200
FIS,2019-05-22,120.1500015258789,121.75,119.80999755859376,121.0,112.84405517578124,3108100
FIS,2019-05-23,120.12999725341795,120.5,118.68000030517578,120.41000366210938,112.2938461303711,2815800
FIS,2019-05-24,121.16000366210938,121.86000061035156,118.47000122070312,118.73999786376952,110.73639678955078,2998100
FIS,2019-05-28,119.37000274658205,120.6999969482422,118.56999969482422,119.3499984741211,111.30529022216795,4177800
FIS,2019-05-29,119.08999633789062,119.18000030517578,118.05999755859376,119.06999969482422,111.04415130615234,2340800
FIS,2019-05-30,119.20999908447266,119.8499984741211,118.31999969482422,119.5500030517578,111.4917984008789,2602800
FIS,2019-05-31,119.05999755859376,120.66000366210938,118.76000213623048,120.3000030517578,112.19125366210938,3747300
FIS,2019-06-03,120.80999755859376,121.55999755859376,115.81999969482422,116.56999969482422,108.71266174316406,4191000
FIS,2019-06-04,117.4499969482422,120.31999969482422,116.80999755859376,120.23999786376952,112.13530731201172,2765700
FIS,2019-06-05,121.19000244140624,121.9800033569336,120.58000183105467,121.79000091552734,113.5808334350586,2277800
FIS,2019-06-06,121.83999633789062,122.12999725341795,120.41999816894533,121.56999969482422,113.37564849853516,2142100
FIS,2019-06-07,122.0,123.0500030517578,122.0,122.54000091552734,114.2802734375,3003900
FIS,2019-06-10,123.12000274658205,123.2699966430664,121.5500030517578,122.29000091552734,114.0470962524414,2220700
FIS,2019-06-11,123.27999877929688,123.27999877929688,121.06999969482422,121.69000244140624,113.48756408691406,2770300
FIS,2019-06-12,121.7300033569336,121.7300033569336,120.62000274658205,120.9499969482422,112.79742431640624,1864800
FIS,2019-06-13,121.1500015258789,121.29000091552734,120.18000030517578,120.83999633789062,113.02190399169922,2085600
FIS,2019-06-14,120.69000244140624,121.6500015258789,120.4499969482422,121.4000015258789,113.54566955566406,2368200
FIS,2019-06-17,121.66999816894533,122.13999938964844,120.76000213623048,121.52999877929688,113.66727447509766,1698900
FIS,2019-06-18,122.4800033569336,123.0199966430664,121.83999633789062,122.62000274658205,114.68675994873048,2847800
FIS,2019-06-19,123.0,123.87000274658205,121.91000366210938,123.29000091552734,115.31340789794922,2533100
FIS,2019-06-20,124.0,125.26000213623048,123.62999725341795,123.87999725341795,115.86522674560548,2532100
FIS,2019-06-21,123.86000061035156,123.88999938964844,122.27999877929688,122.6999969482422,114.76155853271484,3239800
FIS,2019-06-24,122.5999984741211,122.6500015258789,121.1500015258789,121.22000122070312,113.37731170654295,2249400
FIS,2019-06-25,121.3000030517578,122.37999725341795,120.95999908447266,121.26000213623048,113.41474151611328,2352000
FIS,2019-06-26,121.37999725341795,121.77999877929688,120.26000213623048,121.2699966430664,113.42408752441406,2736500
FIS,2019-06-27,121.7300033569336,121.91000366210938,120.5500030517578,121.33999633789062,113.4895477294922,2552100
FIS,2019-06-28,121.48999786376952,123.0999984741211,121.41000366210938,122.68000030517578,114.74286651611328,8997000
FIS,2019-07-01,123.6500015258789,127.0,122.75,124.56999969482422,116.51058959960938,3249000
FIS,2019-07-02,124.62999725341795,125.58999633789062,124.04000091552734,124.91000366210938,116.82859802246094,2302400
FIS,2019-07-03,125.38999938964844,126.66999816894533,125.16999816894533,126.62000274658205,118.4279556274414,1706600
FIS,2019-07-05,126.01000213623048,126.87999725341795,124.33999633789062,126.8000030517578,118.59632110595705,2886100
FIS,2019-07-08,126.44000244140624,127.1500015258789,126.25,126.83000183105467,118.62437438964844,2434800
FIS,2019-07-09,126.63999938964844,127.5,126.12999725341795,127.0,118.78337860107422,2182500
FIS,2019-07-10,127.20999908447266,127.87000274658205,126.4000015258789,126.91999816894533,118.70854949951172,1919900
FIS,2019-07-11,127.25,127.93000030517578,126.5500030517578,127.81999969482422,119.5503158569336,2637900
FIS,2019-07-12,127.9499969482422,129.47999572753906,127.72000122070312,129.36000061035156,120.99068450927734,2748400
FIS,2019-07-15,129.75999450683594,130.67999267578125,129.0,130.36000061035156,121.9259796142578,2534100
FIS,2019-07-16,130.25999450683594,130.7100067138672,129.42999267578125,129.7100067138672,121.31804656982422,2960700
FIS,2019-07-17,129.92999267578125,130.8800048828125,129.5500030517578,130.60000610351562,122.15046691894533,1973400
FIS,2019-07-18,130.75999450683594,132.10000610351562,130.1699981689453,131.3300018310547,122.8332290649414,2890200
FIS,2019-07-19,131.91000366210938,132.1699981689453,129.7100067138672,129.74000549316406,121.3460922241211,2323200
FIS,2019-07-22,130.0,132.0399932861328,129.9499969482422,131.08999633789062,122.60873413085938,2184500
FIS,2019-07-23,131.44000244140625,131.8800048828125,129.99000549316406,131.05999755859375,122.5806884765625,1972500
FIS,2019-07-24,131.05999755859375,131.05999755859375,127.80999755859376,130.1199951171875,121.70149993896484,3139200
FIS,2019-07-25,129.44000244140625,133.47999572753906,127.73999786376952,132.47999572753906,123.9088363647461,6365800
FIS,2019-07-26,133.47000122070312,136.42999267578125,133.08999633789062,135.61000061035156,126.83631134033205,6351900
FIS,2019-07-29,135.61000061035156,137.02999877929688,135.1999969482422,136.7100067138672,127.86516571044922,5312600
FIS,2019-07-30,135.77999877929688,136.55999755859375,133.2899932861328,133.69000244140625,125.04051971435548,13807700
FIS,2019-07-31,134.5500030517578,135.42999267578125,130.7899932861328,133.25,124.6290054321289,65404200
FIS,2019-08-01,133.58999633789062,133.75,131.0399932861328,131.2100067138672,122.72100830078124,9160100
FIS,2019-08-02,130.72999572753906,130.86000061035156,128.91000366210938,130.16000366210938,121.73892974853516,4516800
FIS,2019-08-05,127.80999755859376,129.0,124.58999633789062,125.9499969482422,117.8012924194336,7125000
FIS,2019-08-06,130.5500030517578,132.49000549316406,128.64999389648438,130.9199981689453,122.44976806640624,7268200
FIS,2019-08-07,129.02999877929688,134.85000610351562,127.6500015258789,134.47999572753906,125.77943420410156,6887800
FIS,2019-08-08,134.16000366210938,136.86000061035156,134.1300048828125,136.38999938964844,127.5658721923828,4860600
FIS,2019-08-09,136.05999755859375,137.25,135.66000366210938,136.5,127.6687240600586,5806600
FIS,2019-08-12,135.55999755859375,136.64999389648438,132.35000610351562,132.47000122070312,123.89949035644533,4240500
FIS,2019-08-13,132.1999969482422,134.9600067138672,132.1199951171875,134.85000610351562,126.12550354003906,3510000
FIS,2019-08-14,132.80999755859375,133.33999633789062,129.9499969482422,130.67999267578125,122.22528076171876,4123200
FIS,2019-08-15,131.83999633789062,135.19000244140625,131.07000732421875,134.94000244140625,126.20966339111328,6064900
FIS,2019-08-16,136.13999938964844,138.4499969482422,135.58999633789062,138.30999755859375,129.36166381835938,5668400
FIS,2019-08-19,139.94000244140625,140.11000061035156,138.3800048828125,138.88999938964844,129.90415954589844,4317000
FIS,2019-08-20,138.5500030517578,139.86000061035156,137.4499969482422,139.6199951171875,130.5868682861328,2817900
FIS,2019-08-21,140.3699951171875,140.72999572753906,137.91000366210938,138.1999969482422,129.2587432861328,3696800
FIS,2019-08-22,138.6300048828125,138.80999755859375,136.0399932861328,137.97000122070312,129.0436248779297,2919900
FIS,2019-08-23,137.5399932861328,138.36000061035156,133.75999450683594,134.47000122070312,125.7700653076172,3620200
FIS,2019-08-26,135.47999572753906,136.1199951171875,134.0399932861328,135.64999389648438,126.8737335205078,2367700
FIS,2019-08-27,136.24000549316406,137.00999450683594,135.02999877929688,136.72999572753906,127.8838348388672,3600000
FIS,2019-08-28,135.86000061035156,137.6199951171875,134.80999755859375,137.00999450683594,128.1457061767578,2894000
FIS,2019-08-29,138.19000244140625,139.0,137.1699981689453,137.3300018310547,128.44503784179688,1848500
FIS,2019-08-30,138.3699951171875,138.64999389648438,135.72999572753906,136.22000122070312,127.40682220458984,3266500
FIS,2019-09-03,136.02000427246094,137.42999267578125,135.47999572753906,136.57000732421875,127.73422241210938,3695400
FIS,2019-09-04,135.47000122070312,137.89999389648438,135.4199981689453,137.72000122070312,128.809814453125,2071100
FIS,2019-09-05,141.22999572753906,141.35000610351562,138.80999755859375,139.0500030517578,130.05374145507812,3881800
FIS,2019-09-06,138.9600067138672,139.6999969482422,137.57000732421875,137.6699981689453,128.76304626464844,2187400
FIS,2019-09-09,138.1199951171875,138.14999389648438,132.89999389648438,133.83999633789062,125.18083953857422,3770400
FIS,2019-09-10,133.50999450683594,133.75999450683594,129.7899932861328,131.36000061035156,122.8612823486328,4940900
FIS,2019-09-11,130.75999450683594,132.52999877929688,130.10000610351562,131.2899932861328,122.7957992553711,4542100
FIS,2019-09-12,132.89999389648438,134.60000610351562,132.69000244140625,133.44000244140625,125.14030456542967,5056800
FIS,2019-09-13,133.0,133.2899932861328,130.57000732421875,130.8800048828125,122.7395477294922,3090100
FIS,2019-09-16,132.07000732421875,133.8300018310547,130.50999450683594,133.05999755859375,124.78395080566406,3944200
FIS,2019-09-17,133.60000610351562,135.5500030517578,133.60000610351562,134.41000366210938,126.04998779296876,3748400
FIS,2019-09-18,134.36000061035156,134.52999877929688,130.4600067138672,132.88999938964844,124.62454223632812,2997700
FIS,2019-09-19,132.8800048828125,134.72999572753906,132.75,133.89999389648438,125.57169342041016,2451200
FIS,2019-09-20,134.00999450683594,134.8699951171875,131.57000732421875,131.80999755859375,123.6116943359375,4130500
FIS,2019-09-23,131.67999267578125,132.57000732421875,131.08999633789062,131.52000427246094,123.33975219726562,2032700
FIS,2019-09-24,132.5800018310547,133.8800048828125,131.5,132.89999389648438,124.63391876220705,2500500
FIS,2019-09-25,132.52999877929688,133.58999633789062,130.83999633789062,133.52999877929688,125.22472381591795,2953400
FIS,2019-09-26,133.6699981689453,134.22000122070312,132.72999572753906,133.4199981689453,125.1215591430664,2124000
FIS,2019-09-27,133.9199981689453,133.9199981689453,129.50999450683594,130.67999267578125,122.55199432373048,2140600
FIS,2019-09-30,130.97000122070312,132.8800048828125,130.60000610351562,132.75999450683594,124.50260925292967,3190800
FIS,2019-10-01,133.22999572753906,133.91000366210938,130.92999267578125,131.25999450683594,123.0959243774414,3500500
FIS,2019-10-02,130.25999450683594,130.85000610351562,128.0399932861328,129.3800048828125,121.33283233642578,3479100
FIS,2019-10-03,129.60000610351562,130.22000122070312,127.91999816894533,129.8800048828125,121.8017349243164,5527400
FIS,2019-10-04,130.3699951171875,131.75,130.16000366210938,131.41000366210938,123.236572265625,3920200
FIS,2019-10-07,130.67999267578125,131.14999389648438,129.64999389648438,130.57000732421875,122.44884490966795,3559900
FIS,2019-10-08,129.8800048828125,131.6199951171875,128.49000549316406,129.52999877929688,121.47350311279295,2333400
FIS,2019-10-09,130.42999267578125,131.8800048828125,129.8000030517578,131.6300048828125,123.4428939819336,1927900
FIS,2019-10-10,130.9499969482422,132.36000061035156,130.17999267578125,131.5399932861328,123.3584976196289,2467300
FIS,2019-10-11,132.55999755859375,133.55999755859375,131.66000366210938,132.02999877929688,123.8179931640625,2973300
FIS,2019-10-14,131.7100067138672,132.88999938964844,131.60000610351562,132.74000549316406,124.48387908935548,1558600
FIS,2019-10-15,132.69000244140625,133.02999877929688,132.08999633789062,132.80999755859375,124.54950714111328,2068200
FIS,2019-10-16,132.2100067138672,132.30999755859375,129.97999572753906,131.75999450683594,123.5647964477539,2175600
FIS,2019-10-17,132.14999389648438,132.99000549316406,130.1699981689453,130.52999877929688,122.41130828857422,2530200
FIS,2019-10-18,130.5399932861328,130.80999755859375,128.00999450683594,128.3300018310547,120.34815216064452,4189000
FIS,2019-10-21,128.8699951171875,129.8800048828125,127.12000274658205,128.8300018310547,120.81704711914062,2384700
FIS,2019-10-22,129.1699981689453,129.80999755859375,125.33999633789062,125.44000244140624,117.63790130615234,2865000
FIS,2019-10-23,125.5500030517578,127.20999908447266,125.01000213623048,126.97000122070312,119.07273864746094,3765100
FIS,2019-10-24,127.7699966430664,129.74000549316406,127.62999725341795,129.2100067138672,121.17343139648438,1808400
FIS,2019-10-25,128.61000061035156,130.36000061035156,128.22000122070312,129.32000732421875,121.27659606933594,1979000
FIS,2019-10-28,129.86000061035156,131.3000030517578,128.94000244140625,130.22000122070312,122.12059020996094,2623700
FIS,2019-10-29,130.0800018310547,132.05999755859375,129.6699981689453,130.74000549316406,122.6082534790039,2383200
FIS,2019-10-30,131.05999755859375,132.22999572753906,130.07000732421875,131.9600067138672,123.75238800048828,2097500
FIS,2019-10-31,131.9199981689453,133.0399932861328,130.89999389648438,131.75999450683594,123.5647964477539,3385800
FIS,2019-11-01,132.7899932861328,134.2100067138672,132.5500030517578,134.14999389648438,125.80618286132812,3137200
FIS,2019-11-04,134.52000427246094,134.8699951171875,130.99000549316406,131.0,122.8520736694336,5304400
FIS,2019-11-05,135.0800018310547,135.22999572753906,128.1999969482422,132.19000244140625,123.96807861328124,5902800
FIS,2019-11-06,132.00999450683594,133.5800018310547,130.3800048828125,130.88999938964844,122.74893188476562,3296800
FIS,2019-11-07,131.1999969482422,133.7899932861328,131.07000732421875,132.35000610351562,124.11813354492188,3039400
FIS,2019-11-08,131.7100067138672,132.25,130.24000549316406,130.69000244140625,122.56136322021484,2863100
FIS,2019-11-11,130.5500030517578,132.77000427246094,130.0,132.36000061035156,124.12751770019533,3106700
FIS,2019-11-12,132.7100067138672,133.58999633789062,132.0800018310547,132.6199951171875,124.371337890625,4478900
FIS,2019-11-13,132.36000061035156,134.52000427246094,132.2100067138672,133.82000732421875,125.49671173095705,3815400
FIS,2019-11-14,133.6699981689453,135.6300048828125,132.72000122070312,135.5,127.07219696044922,2947800
FIS,2019-11-15,136.39999389648438,136.69000244140625,134.25999450683594,135.82000732421875,127.37230682373048,4150700
FIS,2019-11-18,135.74000549316406,137.4199981689453,135.5,137.0399932861328,128.51638793945312,3992100
FIS,2019-11-19,137.36000061035156,137.88999938964844,136.8000030517578,137.66000366210938,129.0978546142578,3140600
FIS,2019-11-20,137.64999389648438,138.83999633789062,136.8300018310547,137.47000122070312,128.91964721679688,2282700
FIS,2019-11-21,137.30999755859375,137.91000366210938,136.3000030517578,136.47000122070312,127.98186492919922,1828500
FIS,2019-11-22,136.92999267578125,137.30999755859375,135.10000610351562,135.4600067138672,127.03469848632812,2298300
FIS,2019-11-25,136.02999877929688,137.6199951171875,135.69000244140625,136.8800048828125,128.36636352539062,2460500
FIS,2019-11-26,137.3699951171875,138.52999877929688,136.91000366210938,137.5399932861328,128.98532104492188,4292700
FIS,2019-11-27,137.85000610351562,138.4600067138672,137.00999450683594,138.42999267578125,129.81996154785156,2061400
FIS,2019-11-29,138.27000427246094,138.64999389648438,137.4499969482422,138.14999389648438,129.55735778808594,851300
FIS,2019-12-02,138.0,138.2899932861328,134.67999267578125,135.74000549316406,127.29724884033205,3963100
FIS,2019-12-03,134.63999938964844,136.5399932861328,134.17999267578125,136.22000122070312,127.74739837646484,2253000
FIS,2019-12-04,136.41000366210938,136.69000244140625,135.3300018310547,135.74000549316406,127.29724884033205,2703600
FIS,2019-12-05,136.36000061035156,137.25,135.42999267578125,136.92999267578125,128.4132537841797,3466600
FIS,2019-12-06,137.61000061035156,139.0,137.27999877929688,138.5800018310547,129.9606170654297,2476000
FIS,2019-12-09,138.27999877929688,138.6300048828125,136.7899932861328,136.9600067138672,128.44142150878906,2843300
FIS,2019-12-10,136.82000732421875,137.27999877929688,135.36000061035156,135.52999877929688,127.100341796875,2474200
FIS,2019-12-11,135.1300048828125,135.77000427246094,134.0399932861328,135.5,127.07219696044922,3953800
FIS,2019-12-12,134.8699951171875,137.1300048828125,134.60000610351562,136.72999572753906,128.5577392578125,2555200
FIS,2019-12-13,136.52999877929688,138.27999877929688,135.86000061035156,138.19000244140625,129.9304962158203,2613700
FIS,2019-12-16,138.97000122070312,139.67999267578125,136.25,137.00999450683594,128.8209991455078,5944900
FIS,2019-12-17,137.00999450683594,138.4499969482422,136.2899932861328,137.86000061035156,129.6202392578125,4338000
FIS,2019-12-18,138.44000244140625,139.1199951171875,137.60000610351562,137.7100067138672,129.4792022705078,4068900
FIS,2019-12-19,137.63999938964844,138.55999755859375,136.88999938964844,138.0800018310547,129.8270721435547,3454300
FIS,2019-12-20,139.19000244140625,139.49000549316406,138.27999877929688,138.8000030517578,130.50404357910156,5665400
FIS,2019-12-23,138.8000030517578,139.1199951171875,137.91000366210938,138.2100067138672,129.94931030273438,1742900
FIS,2019-12-24,138.25999450683594,138.7100067138672,137.41000366210938,137.8800048828125,129.6390380859375,854900
FIS,2019-12-26,138.22999572753906,138.86000061035156,138.0800018310547,138.6999969482422,130.41000366210938,918800
FIS,2019-12-27,139.0,139.7899932861328,138.4600067138672,139.75,131.39724731445312,1470500
FIS,2019-12-30,139.2100067138672,139.3800048828125,137.91000366210938,138.60000610351562,130.31600952148438,1949900
FIS,2019-12-31,138.33999633789062,139.1199951171875,137.75,139.08999633789062,130.77667236328125,2486200
FIS,2020-01-02,139.8699951171875,140.83999633789062,139.1999969482422,139.89999389648438,131.53826904296875,3002300
FIS,2020-01-03,137.88999938964844,140.32000732421875,137.80999755859375,139.02000427246094,130.7108917236328,2365700
FIS,2020-01-06,138.1300048828125,140.35000610351562,137.82000732421875,140.35000610351562,131.9613800048828,3685700
FIS,2020-01-07,139.66000366210938,140.0,138.10000610351562,138.19000244140625,129.9304962158203,3568500
FIS,2020-01-08,138.7899932861328,140.75,138.57000732421875,140.22000122070312,131.8391571044922,3206700
FIS,2020-01-09,140.99000549316406,143.0500030517578,140.52000427246094,142.9199981689453,134.37779235839844,4133200
FIS,2020-01-10,143.3800048828125,143.91000366210938,141.47999572753906,141.94000244140625,133.4563751220703,2170800
FIS,2020-01-13,142.49000549316406,142.9499969482422,141.42999267578125,142.72999572753906,134.1991424560547,4227700
FIS,2020-01-14,142.86000061035156,143.22999572753906,141.36000061035156,142.4499969482422,133.93588256835938,1936700
FIS,2020-01-15,143.02000427246094,145.0,142.4499969482422,144.47999572753906,135.84454345703125,2941200
FIS,2020-01-16,145.3000030517578,146.3300018310547,144.33999633789062,146.24000549316406,137.49937438964844,3871300
FIS,2020-01-17,147.30999755859375,147.30999755859375,144.85000610351562,147.08999633789062,138.2985382080078,3715800
FIS,2020-01-21,146.75999450683594,148.66000366210938,146.58999633789062,147.6199951171875,138.79685974121094,3844900
FIS,2020-01-22,149.02999877929688,149.72999572753906,148.52999877929688,148.58999633789062,139.7089080810547,3017800
FIS,2020-01-23,148.94000244140625,149.5399932861328,147.8800048828125,149.00999450683594,140.10379028320312,1902200
FIS,2020-01-24,149.5,150.4199981689453,147.22999572753906,147.9199981689453,139.07896423339844,2359000
FIS,2020-01-27,145.69000244140625,147.19000244140625,145.1300048828125,146.38999938964844,137.640380859375,1985000
FIS,2020-01-28,146.60000610351562,149.47000122070312,146.60000610351562,147.9600067138672,139.11656188964844,2391500
FIS,2020-01-29,148.4199981689453,149.61000061035156,147.85000610351562,148.08999633789062,139.23878479003906,1661200
FIS,2020-01-30,147.1699981689453,148.13999938964844,146.61000061035156,147.5,138.68405151367188,3983100
FIS,2020-01-31,147.3300018310547,147.3300018310547,142.9600067138672,143.66000366210938,135.07359313964844,3984700
FIS,2020-02-03,145.10000610351562,145.97999572753906,144.3000030517578,145.75,137.0386505126953,2868400
FIS,2020-02-04,147.17999267578125,148.83999633789062,146.88999938964844,147.4199981689453,138.6088409423828,1957300
FIS,2020-02-05,148.44000244140625,149.1300048828125,144.94000244140625,146.1199951171875,137.38648986816406,2968100
FIS,2020-02-06,146.47000122070312,147.55999755859375,145.8699951171875,147.33999633789062,138.5336151123047,2310000
FIS,2020-02-07,146.82000732421875,147.08999633789062,145.89999389648438,146.4600067138672,137.7062225341797,2494500
FIS,2020-02-10,146.16000366210938,150.3800048828125,146.00999450683594,149.97999572753906,141.01580810546875,4263000
FIS,2020-02-11,150.50999450683594,150.92999267578125,149.1999969482422,149.50999450683594,140.5738983154297,2908800
FIS,2020-02-12,149.14999389648438,149.5800018310547,147.4499969482422,147.9600067138672,139.11656188964844,3407000
FIS,2020-02-13,148.85000610351562,156.82000732421875,147.47999572753906,154.32000732421875,145.096435546875,7114800
FIS,2020-02-14,154.35000610351562,158.2100067138672,153.8699951171875,157.44000244140625,148.0299530029297,4133600
FIS,2020-02-18,157.4499969482422,157.5800018310547,151.2100067138672,155.64999389648438,146.34690856933594,4518900
FIS,2020-02-19,156.5500030517578,157.9199981689453,156.35000610351562,157.2899932861328,147.88890075683594,2328500
FIS,2020-02-20,157.0,157.2899932861328,152.9600067138672,156.77999877929688,147.4093780517578,2326700
FIS,2020-02-21,155.77999877929688,156.3699951171875,153.74000549316406,154.92999267578125,145.66995239257812,2759400
FIS,2020-02-24,150.57000732421875,152.9600067138672,149.55999755859375,150.72000122070312,141.71156311035156,3651200
FIS,2020-02-25,151.0500030517578,151.67999267578125,144.38999938964844,144.66000366210938,136.0137939453125,5343900
FIS,2020-02-26,144.97000122070312,148.1300048828125,143.55999755859375,143.89999389648438,135.29922485351562,4085900
FIS,2020-02-27,141.22999572753906,145.3800048828125,138.75,138.8699951171875,130.56985473632812,4392500
FIS,2020-02-28,135.8699951171875,141.1199951171875,135.14999389648438,139.72000122070312,131.36900329589844,8619900
FIS,2020-03-02,140.05999755859375,148.8699951171875,139.2899932861328,148.61000061035156,139.7277069091797,6618600
FIS,2020-03-03,149.05999755859375,150.44000244140625,141.60000610351562,143.08999633789062,134.53758239746094,4561500
FIS,2020-03-04,145.24000549316406,150.0,144.05999755859375,149.92999267578125,140.9687957763672,2692500
FIS,2020-03-05,145.7899932861328,147.14999389648438,141.0500030517578,142.75,134.2179412841797,4238000
FIS,2020-03-06,139.94000244140625,140.6999969482422,135.60000610351562,139.91000366210938,131.5476837158203,5042700
FIS,2020-03-09,130.1199951171875,133.8300018310547,127.0,130.0399932861328,122.26761627197266,6199900
FIS,2020-03-10,134.99000549316406,141.0,131.24000549316406,140.89999389648438,132.47853088378906,6580800
FIS,2020-03-11,136.52999877929688,138.74000549316406,131.4600067138672,132.9600067138672,125.01307678222656,4872900
FIS,2020-03-12,123.26000213623048,129.35000610351562,118.4000015258789,118.45999908447266,111.6737060546875,8314700
FIS,2020-03-13,124.5199966430664,130.72999572753906,119.25,129.89999389648438,122.45832824707033,6787400
FIS,2020-03-16,111.5,118.55999755859376,108.3499984741211,108.3499984741211,102.14287567138672,8147000
FIS,2020-03-17,110.01000213623048,116.38999938964844,105.5999984741211,113.95999908447266,107.43151092529295,7426100
FIS,2020-03-18,105.2300033569336,108.1500015258789,91.68000030517578,102.94000244140624,97.04281616210938,10211800
FIS,2020-03-19,102.0,108.5,96.93000030517578,105.2300033569336,99.2016372680664,8058800
FIS,2020-03-20,106.3000030517578,109.27999877929688,99.0999984741211,102.81999969482422,96.92970275878906,10109400
FIS,2020-03-23,100.58000183105467,104.79000091552734,98.33000183105467,102.4499969482422,96.58087921142578,8300700
FIS,2020-03-24,109.01000213623048,120.26000213623048,108.63999938964844,119.16000366210938,112.33360290527344,7863600
FIS,2020-03-25,119.45999908447266,124.73999786376952,115.0500030517578,120.37000274658205,113.47429656982422,5841200
FIS,2020-03-26,121.76000213623048,124.3000030517578,118.33999633789062,123.63999938964844,116.55695343017578,6534500
FIS,2020-03-27,119.91999816894533,124.26000213623048,117.02999877929688,120.0999984741211,113.21975708007812,3940600
FIS,2020-03-30,123.0999984741211,125.88999938964844,120.68000030517578,125.29000091552734,118.11243438720705,3758400
FIS,2020-03-31,123.9800033569336,125.11000061035156,119.0999984741211,121.63999938964844,114.67153930664062,8623600
FIS,2020-04-01,116.27999877929688,117.51000213623048,113.19000244140624,114.55999755859376,107.99712371826172,5207300
FIS,2020-04-02,113.29000091552734,118.4499969482422,112.47000122070312,117.11000061035156,110.40105438232422,3565700
FIS,2020-04-03,116.54000091552734,117.18000030517578,112.1999969482422,115.22000122070312,108.61930847167967,3741300
FIS,2020-04-06,121.7300033569336,123.72000122070312,119.3499984741211,123.0199966430664,115.97248840332033,5708200
FIS,2020-04-07,128.8300018310547,130.8300018310547,119.91000366210938,120.13999938964844,113.25746154785156,5157200
FIS,2020-04-08,121.87999725341795,126.05999755859376,120.33999633789062,124.7699966430664,117.62222290039062,3645500
FIS,2020-04-09,126.41999816894533,128.66000366210938,123.87999725341795,125.12000274658205,117.95217895507812,4682600
FIS,2020-04-13,124.16999816894533,124.6500015258789,120.41000366210938,123.5999984741211,116.51924896240234,4525600
FIS,2020-04-14,122.9000015258789,124.8499984741211,118.01000213623048,123.79000091552734,116.69837951660156,6022800
FIS,2020-04-15,121.16999816894533,121.22000122070312,117.68000030517578,120.16000366210938,113.27632904052734,4517600
FIS,2020-04-16,122.22000122070312,123.05999755859376,119.9499969482422,122.98999786376952,115.94419860839844,5082900
FIS,2020-04-17,125.73999786376952,128.22000122070312,124.36000061035156,127.95999908447266,120.62947082519533,3901100
FIS,2020-04-20,125.86000061035156,125.91999816894533,122.33000183105467,122.62000274658205,115.59540557861328,4281200
FIS,2020-04-21,120.08999633789062,120.63999938964844,117.0500030517578,117.47000122070312,110.74041748046876,3654000
FIS,2020-04-22,120.30999755859376,123.63999938964844,120.01000213623048,122.5500030517578,115.52940368652344,3016200
FIS,2020-04-23,123.27999877929688,123.86000061035156,120.87999725341795,121.18000030517578,114.23787689208984,2160100
FIS,2020-04-24,122.5,126.19000244140624,121.6999969482422,125.7300033569336,118.5272216796875,4006700
FIS,2020-04-27,126.63999938964844,128.0,124.18000030517578,127.63999938964844,120.32782745361328,3401200
FIS,2020-04-28,129.67999267578125,131.38999938964844,125.22000122070312,129.1300048828125,121.73245239257812,4376000
FIS,2020-04-29,133.0,137.19000244140625,132.1699981689453,134.2899932861328,126.59683227539062,5650100
FIS,2020-04-30,132.97999572753906,133.52000427246094,130.39999389648438,131.88999938964844,124.3343276977539,3433900
FIS,2020-05-01,128.5800018310547,130.6300048828125,128.0,129.2899932861328,121.88329315185548,2579700
FIS,2020-05-04,128.11000061035156,129.11000061035156,127.13999938964844,128.5800018310547,121.2139663696289,2622600
FIS,2020-05-05,130.5,132.80999755859375,128.9199981689453,131.9499969482422,124.39088439941406,3103700
FIS,2020-05-06,134.14999389648438,135.4499969482422,131.82000732421875,131.91000366210938,124.35318756103516,4160000
FIS,2020-05-07,130.4499969482422,134.44000244140625,128.1699981689453,129.44000244140625,122.02469635009766,5933600
FIS,2020-05-08,131.16000366210938,134.1300048828125,127.62000274658205,128.22999572753906,120.88399505615234,4530100
FIS,2020-05-11,127.27999877929688,130.4499969482422,126.22000122070312,128.24000549316406,120.89344787597656,4449700
FIS,2020-05-12,128.8699951171875,130.3800048828125,127.7699966430664,127.91000366210938,120.58235168457033,3356900
FIS,2020-05-13,128.10000610351562,130.2899932861328,126.11000061035156,127.48999786376952,120.1864013671875,6441600
FIS,2020-05-14,125.94000244140624,130.1999969482422,125.58000183105467,129.77000427246094,122.33577728271484,5089300
FIS,2020-05-15,129.0399932861328,132.63999938964844,128.02000427246094,132.22000122070312,124.64543914794922,3965900
FIS,2020-05-18,135.0500030517578,139.6199951171875,134.97999572753906,136.33999633789062,128.52938842773438,4653300
FIS,2020-05-19,135.41000366210938,138.0,135.19000244140625,135.44000244140625,127.68096923828124,2427100
FIS,2020-05-20,137.36000061035156,139.8300018310547,136.50999450683594,138.11000061035156,130.19798278808594,3007100
FIS,2020-05-21,137.72000122070312,138.41000366210938,135.57000732421875,136.5,128.6802520751953,4023400
FIS,2020-05-22,136.64999389648438,137.02000427246094,135.27000427246094,136.16000366210938,128.35972595214844,1894000
FIS,2020-05-26,140.0,140.5800018310547,136.38999938964844,136.60000610351562,128.77452087402344,3253600
FIS,2020-05-27,138.00999450683594,138.44000244140625,134.67999267578125,138.02999877929688,130.12258911132812,3096800
FIS,2020-05-28,139.02000427246094,140.3000030517578,138.02999877929688,138.3699951171875,130.443115234375,2803700
FIS,2020-05-29,138.5500030517578,139.35000610351562,136.4499969482422,138.8300018310547,130.87673950195312,3804200
FIS,2020-06-01,138.91000366210938,139.52000427246094,137.8699951171875,138.8699951171875,130.9144744873047,2028200
FIS,2020-06-02,139.5,139.97000122070312,137.69000244140625,138.9600067138672,130.99932861328125,5925600
FIS,2020-06-03,139.5500030517578,140.0,137.85000610351562,139.57000732421875,131.57440185546875,3268300
FIS,2020-06-04,138.8699951171875,139.5,134.38999938964844,136.27000427246094,128.46343994140625,4680800
FIS,2020-06-05,138.50999450683594,143.2100067138672,136.7100067138672,143.07000732421875,134.87388610839844,4920700
FIS,2020-06-08,142.4199981689453,143.39999389648438,140.52000427246094,142.57000732421875,134.40252685546875,3135100
FIS,2020-06-09,142.00999450683594,143.05999755859375,141.0800018310547,141.3699951171875,133.27125549316406,2322400
FIS,2020-06-10,141.88999938964844,142.58999633789062,139.66000366210938,141.22000122070312,133.12985229492188,2786700
FIS,2020-06-11,138.16000366210938,139.02000427246094,134.2100067138672,134.22999572753906,126.8546905517578,3560100
FIS,2020-06-12,137.3300018310547,138.5,134.0500030517578,137.0800018310547,129.54808044433594,3495400
FIS,2020-06-15,134.25999450683594,138.74000549316406,133.72000122070312,137.44000244140625,129.8883056640625,4925900
FIS,2020-06-16,141.41000366210938,143.00999450683594,139.11000061035156,140.5800018310547,132.85577392578125,5258200
FIS,2020-06-17,138.55999755859375,141.1999969482422,138.24000549316406,138.58999633789062,130.97511291503906,3585100
FIS,2020-06-18,137.85000610351562,140.91000366210938,137.85000610351562,139.9499969482422,132.26039123535156,2072200
FIS,2020-06-19,142.27999877929688,142.8000030517578,135.0,135.0,127.58238220214844,6306300
FIS,2020-06-22,135.64999389648438,139.25,135.16000366210938,138.9499969482422,131.3153533935547,3170800
FIS,2020-06-23,140.69000244140625,140.69000244140625,137.49000549316406,137.9600067138672,130.37974548339844,2301800
FIS,2020-06-24,137.22000122070312,137.94000244140625,131.77999877929688,132.3000030517578,125.03070831298828,5811100
FIS,2020-06-25,133.0,134.0,131.42999267578125,133.27999877929688,125.95687103271484,3267800
FIS,2020-06-26,132.75,133.61000061035156,130.22000122070312,130.50999450683594,123.33907318115234,10841600
FIS,2020-06-29,131.64999389648438,131.7899932861328,129.3800048828125,131.1699981689453,123.9627914428711,3436200
FIS,2020-06-30,131.16000366210938,134.8699951171875,130.6999969482422,134.08999633789062,126.72235107421876,3774200
FIS,2020-07-01,134.5399932861328,137.66000366210938,133.6999969482422,136.86000061035156,129.34017944335938,3299600
FIS,2020-07-02,138.5399932861328,139.49000549316406,136.47000122070312,136.77999877929688,129.2645721435547,2009700
FIS,2020-07-06,139.1699981689453,139.1699981689453,136.6999969482422,137.52999877929688,129.97335815429688,2336600
FIS,2020-07-07,136.5500030517578,139.02000427246094,135.64999389648438,136.5,128.99996948242188,3525400
FIS,2020-07-08,136.83999633789062,137.58999633789062,135.35000610351562,136.8000030517578,129.28346252441406,4408500
FIS,2020-07-09,137.11000061035156,137.55999755859375,134.07000732421875,135.7899932861328,128.32894897460938,4387900
FIS,2020-07-10,135.4600067138672,137.0800018310547,134.6300048828125,136.8800048828125,129.35906982421875,1993900
FIS,2020-07-13,138.1300048828125,138.72999572753906,135.10000610351562,135.47999572753906,128.03599548339844,3469400
FIS,2020-07-14,134.99000549316406,136.4600067138672,133.22999572753906,136.4199981689453,128.9243621826172,3600600
FIS,2020-07-15,138.0500030517578,140.92999267578125,137.55999755859375,140.42999267578125,132.7140350341797,4440100
FIS,2020-07-16,139.5399932861328,139.94000244140625,138.17999267578125,138.85000610351562,131.22085571289062,1835500
FIS,2020-07-17,139.44000244140625,141.2100067138672,138.42999267578125,140.47000122070312,132.75184631347656,2066000
FIS,2020-07-20,140.39999389648438,141.97000122070312,139.1999969482422,141.5500030517578,133.77249145507812,2328500
FIS,2020-07-21,142.49000549316406,144.1999969482422,141.99000549316406,143.39999389648438,135.52084350585938,3412400
FIS,2020-07-22,143.75999450683594,144.9600067138672,143.19000244140625,144.77000427246094,136.81553649902344,2083000
FIS,2020-07-23,144.91000366210938,148.1699981689453,144.19000244140625,144.99000549316406,137.02346801757812,3354800
FIS,2020-07-24,144.0399932861328,144.6199951171875,142.67999267578125,143.6999969482422,135.8043670654297,2435900
FIS,2020-07-27,143.60000610351562,144.72999572753906,142.3300018310547,143.44000244140625,135.5586395263672,2733900
FIS,2020-07-28,142.9600067138672,144.08999633789062,142.39999389648438,142.6300048828125,134.7931365966797,1842100
FIS,2020-07-29,142.69000244140625,145.17999267578125,141.91000366210938,144.72999572753906,136.7777557373047,2264000
FIS,2020-07-30,142.61000061035156,145.52000427246094,142.02000427246094,145.1999969482422,137.22193908691406,2697500
FIS,2020-07-31,144.88999938964844,146.39999389648438,144.19000244140625,146.30999755859375,138.27093505859375,3557100
FIS,2020-08-03,147.1199951171875,149.36000061035156,146.8800048828125,148.92999267578125,140.74697875976562,4490100
FIS,2020-08-04,146.72999572753906,149.25999450683594,145.0,147.1999969482422,139.11204528808594,6052200
FIS,2020-08-05,148.47999572753906,148.8800048828125,145.02000427246094,146.5,138.45050048828125,6465100
FIS,2020-08-06,145.82000732421875,147.69000244140625,145.47999572753906,147.0,138.9230194091797,4396900
FIS,2020-08-07,146.22999572753906,147.97999572753906,145.39999389648438,147.77999877929688,139.66018676757812,3380100
FIS,2020-08-10,148.0,148.42999267578125,145.24000549316406,146.16000366210938,138.12918090820312,3389800
FIS,2020-08-11,146.4199981689453,146.57000732421875,142.7100067138672,143.0500030517578,135.19007873535156,2843200
FIS,2020-08-12,143.74000549316406,144.89999389648438,143.14999389648438,143.82000732421875,135.91778564453125,2216500
FIS,2020-08-13,142.75,145.61000061035156,142.75,145.1999969482422,137.22193908691406,2854900
FIS,2020-08-14,145.1300048828125,145.3000030517578,143.1999969482422,143.8800048828125,135.9744873046875,1749900
FIS,2020-08-17,144.5800018310547,145.55999755859375,143.8000030517578,144.27000427246094,136.3430633544922,2631300
FIS,2020-08-18,144.89999389648438,145.00999450683594,142.82000732421875,143.80999755859375,135.90830993652344,3792900
FIS,2020-08-19,145.0,145.0,142.4499969482422,142.61000061035156,134.77426147460938,3700300
FIS,2020-08-20,141.6300048828125,142.14999389648438,140.6999969482422,141.24000549316406,133.47952270507812,3496700
FIS,2020-08-21,141.32000732421875,142.47999572753906,140.6999969482422,141.8000030517578,134.00872802734375,3310000
FIS,2020-08-24,143.22000122070312,143.22999572753906,140.22999572753906,141.6699981689453,133.88589477539062,3145900
FIS,2020-08-25,141.9600067138672,145.4600067138672,140.8300018310547,145.3699951171875,137.382568359375,2649300
FIS,2020-08-26,145.75,148.5399932861328,144.69000244140625,147.88999938964844,139.7641143798828,4660100
FIS,2020-08-27,148.75999450683594,151.4499969482422,147.66000366210938,151.1999969482422,142.89224243164062,4061900
FIS,2020-08-28,151.08999633789062,152.52000427246094,150.32000732421875,152.47000122070312,144.09249877929688,2512300
FIS,2020-08-31,152.47000122070312,152.47000122070312,150.6999969482422,150.85000610351562,142.56149291992188,3896500
FIS,2020-09-01,150.75,152.52999877929688,150.36000061035156,152.35000610351562,143.97911071777344,2640000
FIS,2020-09-02,152.5,156.72999572753906,151.55999755859375,155.75999450683594,147.20169067382812,3186700
FIS,2020-09-03,154.52000427246094,154.69000244140625,148.85000610351562,150.89999389648438,142.60870361328125,2512500
FIS,2020-09-04,151.00999450683594,151.47999572753906,145.85000610351562,148.0,139.8680877685547,3205600
FIS,2020-09-08,144.77000427246094,147.02999877929688,144.0,145.6999969482422,137.69444274902344,4134000
FIS,2020-09-09,147.60000610351562,149.47000122070312,145.77999877929688,148.5,140.34059143066406,3693500
FIS,2020-09-10,149.05999755859375,150.5399932861328,145.19000244140625,145.86000061035156,138.1713104248047,2206200
FIS,2020-09-11,145.8000030517578,146.67999267578125,142.72999572753906,144.22999572753906,136.62722778320312,2586500
FIS,2020-09-14,145.69000244140625,147.57000732421875,144.77999877929688,146.22999572753906,138.52183532714844,2848200
FIS,2020-09-15,147.6199951171875,149.10000610351562,146.9600067138672,148.5,140.6721649169922,2112600
FIS,2020-09-16,149.69000244140625,150.8300018310547,148.60000610351562,148.6699981689453,140.8332061767578,2691400
FIS,2020-09-17,145.75,148.89999389648438,145.4600067138672,148.80999755859375,140.9658203125,2907400
FIS,2020-09-18,148.50999450683594,149.94000244140625,145.5,146.64999389648438,138.919677734375,3620100
FIS,2020-09-21,144.07000732421875,144.5399932861328,141.1999969482422,144.02000427246094,136.4283447265625,2950500
FIS,2020-09-22,144.22000122070312,146.61000061035156,142.99000549316406,146.19000244140625,138.48394775390625,2106600
FIS,2020-09-23,146.39999389648438,146.64999389648438,143.2100067138672,143.61000061035156,136.03994750976562,1875600
FIS,2020-09-24,143.25999450683594,145.3800048828125,138.4600067138672,144.2100067138672,136.6082763671875,3426700
FIS,2020-09-25,143.1699981689453,146.63999938964844,142.3000030517578,146.0,138.30393981933594,2023700
FIS,2020-09-28,147.6300048828125,148.75999450683594,147.1199951171875,147.92999267578125,140.13218688964844,1722700
FIS,2020-09-29,148.2899932861328,149.19000244140625,147.72999572753906,148.8000030517578,140.95635986328125,2018200
FIS,2020-09-30,148.75,149.27999877929688,145.9199981689453,147.2100067138672,139.45016479492188,3403100
FIS,2020-10-01,148.99000549316406,150.30999755859375,145.52000427246094,146.8699951171875,139.1280975341797,3731300
FIS,2020-10-02,145.05999755859375,145.9199981689453,143.02999877929688,145.14999389648438,137.49876403808594,2082200
FIS,2020-10-05,146.1300048828125,146.88999938964844,144.24000549316406,145.57000732421875,137.89662170410156,2158700
FIS,2020-10-06,145.57000732421875,147.97999572753906,144.02000427246094,144.3699951171875,136.75987243652344,3034400
FIS,2020-10-07,145.74000549316406,146.27000427246094,144.02000427246094,144.60000610351562,136.977783203125,3226100
FIS,2020-10-08,146.27999877929688,146.91000366210938,145.1699981689453,146.60000610351562,138.87229919433594,1995300
FIS,2020-10-09,147.52999877929688,149.1699981689453,146.8300018310547,149.02999877929688,141.17420959472656,2793600
FIS,2020-10-12,149.60000610351562,150.27999877929688,148.27999877929688,149.19000244140625,141.3257598876953,2969200
FIS,2020-10-13,149.52000427246094,149.97999572753906,145.30999755859375,145.9600067138672,138.2660675048828,2432000
FIS,2020-10-14,146.32000732421875,146.8000030517578,143.00999450683594,144.07000732421875,136.4756622314453,2337800
FIS,2020-10-15,141.57000732421875,143.88999938964844,140.75999450683594,143.8800048828125,136.295654296875,3528300
FIS,2020-10-16,144.13999938964844,146.08999633789062,143.77000427246094,143.8800048828125,136.295654296875,3520800
FIS,2020-10-19,144.25,144.67999267578125,139.25999450683594,139.77999877929688,132.41180419921875,2931900
FIS,2020-10-20,140.0800018310547,142.14999389648438,139.39999389648438,140.6999969482422,133.28330993652344,2726700
FIS,2020-10-21,140.4600067138672,142.55999755859375,140.02000427246094,141.41000366210938,133.9558868408203,1897500
FIS,2020-10-22,141.36000061035156,143.19000244140625,140.19000244140625,142.72000122070312,135.1968231201172,1745600
FIS,2020-10-23,144.30999755859375,144.94000244140625,142.92999267578125,144.39999389648438,136.7882537841797,2971000
FIS,2020-10-26,142.50999450683594,142.9600067138672,138.27000427246094,139.4199981689453,132.07078552246094,2613500
FIS,2020-10-27,140.19000244140625,141.52000427246094,137.72000122070312,137.86000061035156,130.59304809570312,3162500
FIS,2020-10-28,135.6199951171875,136.14999389648438,132.27000427246094,132.50999450683594,125.52503967285156,4285600
FIS,2020-10-29,122.87999725341795,129.11000061035156,120.16999816894533,125.0199966430664,118.42986297607422,9668100
FIS,2020-10-30,124.47000122070312,127.6500015258789,122.86000061035156,124.58999633789062,118.02252960205078,5496100
FIS,2020-11-02,125.75,126.5500030517578,123.25,123.97000122070312,117.43521118164062,4401000
FIS,2020-11-03,125.97000122070312,129.25999450683594,125.12999725341795,128.49000549316406,121.71695709228516,3219500
FIS,2020-11-04,130.6199951171875,134.94000244140625,129.85000610351562,132.8000030517578,125.7997589111328,3558400
FIS,2020-11-05,134.7899932861328,134.88999938964844,131.69000244140625,132.58999633789062,125.60079956054688,3728400
FIS,2020-11-06,133.3800048828125,133.75,131.92999267578125,133.13999938964844,126.121826171875,1564900
FIS,2020-11-09,141.3699951171875,146.0399932861328,140.0,141.69000244140625,134.2211456298828,6479400
FIS,2020-11-10,141.3699951171875,145.13999938964844,141.02000427246094,144.36000061035156,136.75038146972656,3466200
FIS,2020-11-11,144.13999938964844,144.24000549316406,141.6999969482422,143.5500030517578,135.9830780029297,2247600
FIS,2020-11-12,143.83999633789062,144.02999877929688,141.6999969482422,142.1699981689453,134.6758270263672,2027900
FIS,2020-11-13,142.77000427246094,145.5,142.5399932861328,144.72000122070312,137.0914306640625,1926600
FIS,2020-11-16,147.0,148.25,145.8699951171875,147.88999938964844,140.0943145751953,2459500
FIS,2020-11-17,146.9600067138672,148.7899932861328,145.17999267578125,146.97000122070312,139.22283935546875,2363400
FIS,2020-11-18,146.41000366210938,146.5,144.97000122070312,144.97000122070312,137.32823181152344,2325500
FIS,2020-11-19,144.89999389648438,148.0,142.83999633789062,147.6999969482422,139.91432189941406,2997700
FIS,2020-11-20,147.39999389648438,147.5500030517578,144.11000061035156,144.1699981689453,136.57040405273438,2252500
FIS,2020-11-23,144.66000366210938,146.36000061035156,144.14999389648438,145.32000732421875,137.6597900390625,2370700
FIS,2020-11-24,146.22999572753906,149.44000244140625,145.42999267578125,148.9199981689453,141.0700225830078,2959600
FIS,2020-11-25,148.25,148.64999389648438,145.97999572753906,147.97000122070312,140.1700897216797,1689000
FIS,2020-11-27,148.8300018310547,149.7100067138672,147.7100067138672,148.27999877929688,140.46376037597656,1990400
FIS,2020-11-30,147.0,148.5,145.17999267578125,148.41000366210938,140.58692932128906,4582500
FIS,2020-12-01,149.72000122070312,151.3300018310547,149.14999389648438,150.3800048828125,142.4530487060547,3466500
FIS,2020-12-02,150.3800048828125,150.52999877929688,147.82000732421875,148.58999633789062,140.75741577148438,2962400
FIS,2020-12-03,148.67999267578125,149.13999938964844,146.63999938964844,147.27999877929688,139.51644897460938,2608300
FIS,2020-12-04,147.8300018310547,149.9499969482422,147.39999389648438,149.86000061035156,141.96044921875,2090600
FIS,2020-12-07,150.60000610351562,151.61000061035156,149.77000427246094,150.55999755859375,142.6235809326172,3104700
FIS,2020-12-08,150.72000122070312,151.3699951171875,149.69000244140625,151.17999267578125,143.21087646484375,1879600
FIS,2020-12-09,151.1699981689453,151.1699981689453,146.77000427246094,147.77000427246094,139.98069763183594,4007600
FIS,2020-12-10,147.92999267578125,149.02999877929688,146.4600067138672,147.47000122070312,139.6964569091797,2381500
FIS,2020-12-11,145.8300018310547,148.25,145.8300018310547,147.82000732421875,140.3611297607422,2044100
FIS,2020-12-14,147.82000732421875,148.13999938964844,144.02000427246094,144.22000122070312,136.94281005859375,4316500
FIS,2020-12-15,145.07000732421875,145.74000549316406,143.30999755859375,145.08999633789062,137.76889038085938,3015300
FIS,2020-12-16,142.52999877929688,145.5500030517578,141.0,143.60000610351562,136.35406494140625,4472500
FIS,2020-12-17,144.27000427246094,146.5399932861328,143.97000122070312,145.97000122070312,138.60447692871094,2126100
FIS,2020-12-18,145.75999450683594,146.9199981689453,144.0500030517578,145.22000122070312,137.89231872558594,4727800
FIS,2020-12-21,142.30999755859375,142.97999572753906,135.9499969482422,139.91000366210938,132.8502655029297,6277100
FIS,2020-12-22,140.11000061035156,140.1699981689453,134.60000610351562,134.80999755859375,128.0076141357422,5573000
FIS,2020-12-23,135.41000366210938,135.5800018310547,133.9499969482422,134.7100067138672,127.91268157958984,5749200
FIS,2020-12-24,134.6300048828125,141.7899932861328,134.50999450683594,140.7899932861328,133.68585205078125,6349900
FIS,2020-12-28,140.5,140.99000549316406,139.25,140.27999877929688,133.20159912109375,3389400
FIS,2020-12-29,141.7100067138672,142.5,140.80999755859375,141.2899932861328,134.16061401367188,2890800
FIS,2020-12-30,141.75999450683594,141.85000610351562,139.44000244140625,139.52999877929688,132.4894256591797,2279600
FIS,2020-12-31,139.50999450683594,141.72000122070312,139.50999450683594,141.4600067138672,134.3220672607422,2696500
FIS,2021-01-04,141.4600067138672,141.86000061035156,138.19000244140625,139.91000366210938,132.8502655029297,4078900
FIS,2021-01-05,139.6999969482422,140.67999267578125,136.44000244140625,136.67999267578125,129.7832489013672,3532700
FIS,2021-01-06,136.8800048828125,139.6199951171875,135.5800018310547,137.99000549316406,131.02716064453125,3966900
FIS,2021-01-07,137.55999755859375,138.99000549316406,135.47000122070312,135.77000427246094,128.91917419433594,4984000
FIS,2021-01-08,135.32000732421875,138.72000122070312,135.32000732421875,138.66000366210938,131.663330078125,6412400
FIS,2021-01-11,136.88999938964844,139.67999267578125,135.82000732421875,136.05999755859375,129.19451904296875,4036200
FIS,2021-01-12,136.05999755859375,136.89999389648438,132.86000061035156,133.6300048828125,126.88714599609376,3783900
FIS,2021-01-13,134.1199951171875,135.25999450683594,130.7899932861328,130.94000244140625,124.33287048339844,7738700
FIS,2021-01-14,131.44000244140625,131.47000122070312,128.7899932861328,129.19000244140625,122.67118072509766,11781500
FIS,2021-01-15,128.55999755859375,130.4199981689453,126.0,129.72999572753906,123.18392944335938,6515200
FIS,2021-01-19,130.35000610351562,130.83999633789062,127.94000244140624,128.05999755859375,121.5981903076172,3886500
FIS,2021-01-20,128.6199951171875,131.60000610351562,127.55999755859376,131.08999633789062,124.4752960205078,3646800
FIS,2021-01-21,130.75,134.0,130.5,133.60000610351562,126.85867309570312,4439400
FIS,2021-01-22,132.67999267578125,132.9199981689453,129.05999755859375,129.0800018310547,122.5667495727539,5505000
FIS,2021-01-25,128.8800048828125,129.5399932861328,125.87999725341795,127.80999755859376,121.36080169677734,5320100
FIS,2021-01-26,128.5800018310547,129.72000122070312,126.54000091552734,128.16000366210938,121.6931610107422,4343000
FIS,2021-01-27,126.70999908447266,126.9499969482422,121.87999725341795,122.52999877929688,116.34724426269533,6258900
FIS,2021-01-28,123.44000244140624,127.26000213623048,122.66000366210938,125.31999969482422,118.9964599609375,4705900
FIS,2021-01-29,125.25,125.48999786376952,123.12999725341795,123.45999908447266,117.23031616210938,4543700
FIS,2021-02-01,126.63999938964844,130.25999450683594,126.0,129.22999572753906,122.70916748046876,6556100
FIS,2021-02-02,130.5500030517578,134.97000122070312,130.0,132.32000732421875,125.64324188232422,4846900
FIS,2021-02-03,130.05999755859375,133.3699951171875,130.05999755859375,131.57000732421875,124.93109130859376,2480500
FIS,2021-02-04,132.39999389648438,134.1199951171875,132.16000366210938,132.77999877929688,126.0800552368164,2214200
FIS,2021-02-05,133.3300018310547,134.61000061035156,131.7100067138672,132.22999572753906,125.55779266357422,2829900
FIS,2021-02-08,133.27999877929688,134.24000549316406,131.5500030517578,133.42999267578125,126.697265625,3690700
FIS,2021-02-09,127.0,133.67999267578125,125.61000061035156,132.8699951171875,126.16548919677734,7568000
FIS,2021-02-10,133.5,133.97999572753906,131.4199981689453,133.36000061035156,126.63076782226562,4995200
FIS,2021-02-11,133.77000427246094,135.5,133.07000732421875,135.14999389648438,128.33042907714844,4044900
FIS,2021-02-12,135.22000122070312,136.6300048828125,134.67999267578125,135.60000610351562,128.75775146484375,4128200
FIS,2021-02-16,136.24000549316406,136.27000427246094,132.39999389648438,133.11000061035156,126.39337158203124,5258700
FIS,2021-02-17,133.0800018310547,133.6199951171875,130.69000244140625,132.99000549316406,126.27942657470705,2604600
FIS,2021-02-18,131.97000122070312,135.0,131.97000122070312,134.25999450683594,127.48536682128906,2736300
FIS,2021-02-19,134.2899932861328,134.52999877929688,130.89999389648438,130.99000549316406,124.38036346435548,5532700
FIS,2021-02-22,131.67999267578125,136.02999877929688,129.5500030517578,135.52999877929688,128.6912841796875,4368400
FIS,2021-02-23,135.7100067138672,138.6999969482422,135.3000030517578,136.72000122070312,129.8212432861328,5472000
FIS,2021-02-24,136.5800018310547,141.0,136.05999755859375,139.44000244140625,132.4039764404297,6780400
FIS,2021-02-25,138.42999267578125,140.99000549316406,138.0,138.80999755859375,131.80575561523438,4656200
FIS,2021-02-26,139.3000030517578,139.69000244140625,136.77999877929688,138.0,131.03660583496094,4181800
FIS,2021-03-01,139.8800048828125,141.1999969482422,138.6699981689453,139.60000610351562,132.55593872070312,3529800
FIS,2021-03-02,138.32000732421875,140.07000732421875,137.61000061035156,138.92999267578125,131.91969299316406,4389600
FIS,2021-03-03,138.4600067138672,139.61000061035156,137.67999267578125,138.92999267578125,131.91969299316406,3516300
FIS,2021-03-04,139.0500030517578,139.67999267578125,135.58999633789062,136.92999267578125,130.02061462402344,5527100
FIS,2021-03-05,138.83999633789062,141.91000366210938,137.36000061035156,141.13999938964844,134.01820373535156,5338300
FIS,2021-03-08,142.57000732421875,146.66000366210938,141.80999755859375,144.52000427246094,137.22763061523438,5506400
FIS,2021-03-09,145.3699951171875,146.2899932861328,142.72999572753906,142.83999633789062,135.6324005126953,3961800
FIS,2021-03-10,143.17999267578125,145.57000732421875,141.8300018310547,145.52000427246094,138.17721557617188,4028900
FIS,2021-03-11,146.0,147.9199981689453,145.0399932861328,145.05999755859375,138.11053466796875,3615000
FIS,2021-03-12,145.0,146.5399932861328,144.2899932861328,146.2899932861328,139.28160095214844,2566700
FIS,2021-03-15,146.17999267578125,146.9199981689453,144.7100067138672,145.75,138.76747131347656,2232600
FIS,2021-03-16,145.88999938964844,146.27000427246094,144.4499969482422,145.83999633789062,138.8531494140625,2496900
FIS,2021-03-17,145.9600067138672,147.05999755859375,144.69000244140625,144.9199981689453,137.97727966308594,2811800
FIS,2021-03-18,143.2899932861328,144.9199981689453,142.72000122070312,143.4199981689453,136.54913330078125,2309500
FIS,2021-03-19,143.36000061035156,144.08999633789062,141.6199951171875,141.74000549316406,134.94960021972656,3778100
FIS,2021-03-22,141.55999755859375,142.60000610351562,140.60000610351562,141.17999267578125,134.4164276123047,2208600
FIS,2021-03-23,141.25,142.9499969482422,141.11000061035156,142.02999877929688,135.22569274902344,2256900
FIS,2021-03-24,142.0800018310547,144.22000122070312,142.00999450683594,143.39999389648438,136.5300750732422,2365300
FIS,2021-03-25,143.0,143.66000366210938,142.0500030517578,142.82000732421875,135.9778594970703,2936700
FIS,2021-03-26,142.8699951171875,146.5500030517578,142.5800018310547,146.4199981689453,139.4053955078125,3643400
FIS,2021-03-29,144.74000549316406,145.5500030517578,142.74000549316406,143.97000122070312,137.07278442382812,3098100
FIS,2021-03-30,144.92999267578125,145.1999969482422,142.2100067138672,142.50999450683594,135.6826934814453,2705700
FIS,2021-03-31,142.52999877929688,143.38999938964844,140.52000427246094,140.61000061035156,133.87371826171875,3237400
FIS,2021-04-01,141.6300048828125,144.08999633789062,140.63999938964844,144.0500030517578,137.14892578125,2824100
FIS,2021-04-05,145.0,146.80999755859375,144.27999877929688,146.07000732421875,139.07217407226562,2401400
FIS,2021-04-06,145.00999450683594,146.07000732421875,144.36000061035156,145.47999572753906,138.51043701171875,2559900
FIS,2021-04-07,145.58999633789062,147.32000732421875,145.58999633789062,146.8800048828125,139.84335327148438,2676400
FIS,2021-04-08,147.1699981689453,150.0,147.10000610351562,148.8800048828125,141.74754333496094,4535500
FIS,2021-04-09,148.9499969482422,149.97000122070312,148.47000122070312,149.92999267578125,142.7472381591797,2639200
FIS,2021-04-12,149.35000610351562,150.33999633789062,148.91000366210938,150.07000732421875,142.88052368164062,2112700
FIS,2021-04-13,149.75,150.5,149.52000427246094,150.13999938964844,142.94717407226562,1782600
FIS,2021-04-14,149.77000427246094,150.9499969482422,148.25999450683594,149.99000549316406,142.80438232421875,1647800
FIS,2021-04-15,150.97999572753906,153.10000610351562,150.41000366210938,152.75999450683594,145.44163513183594,3045400
FIS,2021-04-16,153.5800018310547,153.9199981689453,151.7899932861328,152.6199951171875,145.30836486816406,2297100
FIS,2021-04-19,152.89999389648438,153.17999267578125,151.86000061035156,152.22000122070312,144.92755126953125,1615500
FIS,2021-04-20,152.36000061035156,153.44000244140625,151.75,151.77999877929688,144.50860595703125,2858900
FIS,2021-04-21,152.75999450683594,153.41000366210938,151.61000061035156,152.44000244140625,145.13699340820312,2897900
FIS,2021-04-22,151.97000122070312,153.67999267578125,151.27000427246094,152.52999877929688,145.22268676757812,2823900
FIS,2021-04-23,152.27000427246094,153.97000122070312,152.22000122070312,153.00999450683594,145.67967224121094,2308500
FIS,2021-04-26,153.30999755859375,155.35000610351562,153.24000549316406,153.83999633789062,146.46994018554688,2319100
FIS,2021-04-27,154.22000122070312,154.22000122070312,151.9199981689453,152.80999755859375,145.48927307128906,2654500
FIS,2021-04-28,152.94000244140625,154.7899932861328,152.7899932861328,154.42999267578125,147.0316619873047,1720900
FIS,2021-04-29,154.5500030517578,155.9600067138672,153.8699951171875,155.69000244140625,148.23129272460938,1950500
FIS,2021-04-30,154.9499969482422,155.36000061035156,151.07000732421875,152.89999389648438,145.57493591308594,2740200
FIS,2021-05-03,153.72000122070312,154.27000427246094,151.82000732421875,151.88999938964844,144.61334228515625,2675300
FIS,2021-05-04,151.02999877929688,151.7100067138672,148.72000122070312,150.4600067138672,143.2518310546875,3219800
FIS,2021-05-05,151.5500030517578,151.60000610351562,147.94000244140625,148.33999633789062,141.23338317871094,3021900
FIS,2021-05-06,148.5500030517578,153.1300048828125,146.2899932861328,151.8000030517578,144.5276336669922,4422800
FIS,2021-05-07,152.11000061035156,153.39999389648438,149.77999877929688,151.58999633789062,144.32772827148438,3095500
FIS,2021-05-10,151.60000610351562,152.3300018310547,149.4199981689453,149.4600067138672,142.2997589111328,2568800
FIS,2021-05-11,148.0,148.8000030517578,147.10000610351562,148.0399932861328,140.94778442382812,2580200
FIS,2021-05-12,146.99000549316406,147.82000732421875,144.47000122070312,144.7899932861328,137.8534698486328,3178100
FIS,2021-05-13,145.55999755859375,149.44000244140625,145.0399932861328,148.5500030517578,141.433349609375,2848200
FIS,2021-05-14,149.64999389648438,150.97000122070312,149.41000366210938,150.0,142.81387329101562,2315400
FIS,2021-05-17,149.0399932861328,149.83999633789062,148.2899932861328,148.9499969482422,141.8141632080078,1671000
FIS,2021-05-18,149.3000030517578,150.10000610351562,148.16000366210938,148.2100067138672,141.109619140625,2162100
FIS,2021-05-19,146.9499969482422,147.61000061035156,145.55999755859375,147.57000732421875,140.50030517578125,1888300
FIS,2021-05-20,148.16000366210938,150.1199951171875,147.74000549316406,149.82000732421875,142.64251708984375,2468500
FIS,2021-05-21,150.00999450683594,150.89999389648438,149.82000732421875,150.3699951171875,143.1661376953125,2449500
FIS,2021-05-24,151.57000732421875,152.08999633789062,150.5500030517578,151.0399932861328,143.80406188964844,1677200
FIS,2021-05-25,151.36000061035156,151.36000061035156,149.52000427246094,150.75,143.5279541015625,2562700
FIS,2021-05-26,150.6699981689453,151.0399932861328,148.5500030517578,148.94000244140625,141.80465698242188,2483900
FIS,2021-05-27,149.00999450683594,150.36000061035156,148.50999450683594,149.8000030517578,142.62347412109375,5675600
FIS,2021-05-28,150.25,150.5399932861328,148.5,148.97999572753906,141.84274291992188,2506000
FIS,2021-06-01,149.77000427246094,149.89999389648438,148.1699981689453,148.42999267578125,141.31910705566406,1792300
FIS,2021-06-02,149.0,150.17999267578125,146.2899932861328,149.19000244140625,142.04269409179688,2552800
FIS,2021-06-03,148.24000549316406,148.77999877929688,146.0,146.47000122070312,139.45301818847656,3672300
FIS,2021-06-04,146.9199981689453,147.85000610351562,146.1999969482422,146.86000061035156,139.82432556152344,1879100
FIS,2021-06-07,146.0,146.75999450683594,142.69000244140625,143.52999877929688,136.65383911132812,4027400
FIS,2021-06-08,143.61000061035156,145.0,142.92999267578125,144.52999877929688,137.60594177246094,2923200
FIS,2021-06-09,145.0399932861328,145.88999938964844,144.08999633789062,145.1300048828125,138.17718505859375,2181800
FIS,2021-06-10,145.4199981689453,145.5,144.16000366210938,145.3800048828125,138.7881622314453,2716000
FIS,2021-06-11,145.7100067138672,147.0399932861328,145.0399932861328,145.64999389648438,139.04592895507812,3165900
FIS,2021-06-14,145.8300018310547,146.52000427246094,144.4199981689453,146.5,139.85739135742188,2071600
FIS,2021-06-15,146.77999877929688,147.02000427246094,145.36000061035156,145.97999572753906,139.3609619140625,1407900
FIS,2021-06-16,146.35000610351562,146.64999389648438,143.6999969482422,144.4199981689453,137.87168884277344,1979500
FIS,2021-06-17,144.97999572753906,147.2899932861328,144.69000244140625,145.8699951171875,139.25596618652344,2616400
FIS,2021-06-18,144.41000366210938,145.77000427246094,143.8000030517578,143.82000732421875,137.29891967773438,4040200
FIS,2021-06-21,144.52000427246094,146.10000610351562,143.64999389648438,145.57000732421875,138.96958923339844,2900400
FIS,2021-06-22,145.6300048828125,146.25999450683594,144.50999450683594,145.92999267578125,139.31324768066406,1700900
FIS,2021-06-23,145.6300048828125,145.67999267578125,144.74000549316406,145.30999755859375,138.72134399414062,1970700
FIS,2021-06-24,146.41000366210938,146.9499969482422,145.6199951171875,145.75999450683594,139.1509246826172,1771000
FIS,2021-06-25,145.6999969482422,147.1699981689453,145.27000427246094,146.97000122070312,140.3060760498047,1795500
FIS,2021-06-28,147.02999877929688,147.2100067138672,142.39999389648438,143.5399932861328,137.03158569335938,3161500
FIS,2021-06-29,143.6199951171875,143.86000061035156,141.67999267578125,141.9199981689453,135.48504638671875,2972100
FIS,2021-06-30,142.1300048828125,142.2899932861328,141.55999755859375,141.6699981689453,135.2463836669922,2404000
FIS,2021-07-01,141.6999969482422,144.69000244140625,141.6999969482422,143.72000122070312,137.2034149169922,4401100
FIS,2021-07-02,144.41000366210938,145.7899932861328,143.80999755859375,145.57000732421875,138.96958923339844,1778000
FIS,2021-07-06,145.8300018310547,145.8300018310547,143.63999938964844,145.24000549316406,138.654541015625,1835300
FIS,2021-07-07,145.72000122070312,146.24000549316406,145.0,145.6199951171875,139.01730346679688,1551500
FIS,2021-07-08,144.08999633789062,144.36000061035156,142.6999969482422,143.14999389648438,136.65927124023438,1918300
FIS,2021-07-09,144.2100067138672,144.9499969482422,143.94000244140625,144.4199981689453,137.87168884277344,1200700
FIS,2021-07-12,143.92999267578125,145.1199951171875,143.3000030517578,145.0399932861328,138.4635772705078,1590400
FIS,2021-07-13,145.22999572753906,148.0500030517578,145.0800018310547,146.22999572753906,139.59963989257812,2722100
FIS,2021-07-14,146.6699981689453,148.22999572753906,146.4499969482422,148.02000427246094,141.30848693847656,2061800
FIS,2021-07-15,147.6999969482422,149.49000549316406,147.27000427246094,148.58999633789062,141.85263061523438,1967000
FIS,2021-07-16,149.52999877929688,149.75999450683594,148.32000732421875,148.5399932861328,141.8048553466797,1484500
FIS,2021-07-19,147.36000061035156,147.6300048828125,141.66000366210938,142.44000244140625,135.98147583007812,2431400
FIS,2021-07-20,142.97999572753906,146.10000610351562,142.8300018310547,144.8300018310547,138.26312255859375,1826000
FIS,2021-07-21,145.27000427246094,146.00999450683594,144.1199951171875,145.47000122070312,138.87408447265625,1343300
FIS,2021-07-22,145.47999572753906,146.14999389648438,144.25999450683594,146.11000061035156,139.48507690429688,2169300
FIS,2021-07-23,147.38999938964844,149.4199981689453,147.38999938964844,148.8300018310547,142.0817413330078,2333100
FIS,2021-07-26,148.5,148.97999572753906,147.32000732421875,148.4199981689453,141.69032287597656,1576000
FIS,2021-07-27,148.30999755859375,151.33999633789062,148.00999450683594,150.86000061035156,144.01971435546875,3084600
FIS,2021-07-28,151.14999389648438,152.1999969482422,148.00999450683594,148.7100067138672,141.9672088623047,2202400
FIS,2021-07-29,149.69000244140625,151.38999938964844,149.19000244140625,149.6300048828125,142.84547424316406,2211700
FIS,2021-07-30,148.8699951171875,150.02000427246094,148.5,149.0500030517578,142.29176330566406,1595900
FIS,2021-08-02,150.02999877929688,150.74000549316406,137.5399932861328,139.1199951171875,132.81201171875,8891500
FIS,2021-08-03,134.17999267578125,134.17999267578125,126.66000366210938,130.39999389648438,124.48738861083984,13405600
FIS,2021-08-04,129.8800048828125,131.02999877929688,127.83000183105467,128.77000427246094,122.93130493164062,4961000
FIS,2021-08-05,128.72999572753906,130.69000244140625,127.95999908447266,129.52000427246094,123.64729309082033,4702500
FIS,2021-08-06,129.6300048828125,135.19000244140625,128.5,133.82000732421875,127.7523193359375,5823400
FIS,2021-08-09,133.6300048828125,135.10000610351562,133.22999572753906,134.07000732421875,127.99100494384766,2866900
FIS,2021-08-10,133.9499969482422,134.52999877929688,131.47999572753906,132.5,126.49219512939452,3833600
FIS,2021-08-11,132.9199981689453,134.44000244140625,132.72999572753906,133.8699951171875,127.80007934570312,2551300
FIS,2021-08-12,134.0,135.5500030517578,133.67999267578125,133.88999938964844,127.81914520263672,2554000
FIS,2021-08-13,133.7899932861328,134.77999877929688,133.52999877929688,134.05999755859375,127.9814453125,3270300
FIS,2021-08-16,133.3699951171875,133.74000549316406,131.85000610351562,133.02000427246094,126.98858642578124,3078100
FIS,2021-08-17,132.13999938964844,135.4499969482422,131.7899932861328,134.3000030517578,128.2105712890625,3608600
FIS,2021-08-18,134.0399932861328,135.6199951171875,133.27999877929688,134.44000244140625,128.34423828125,3746600
FIS,2021-08-19,133.4600067138672,133.8000030517578,128.4600067138672,128.8699951171875,123.02677154541016,5012200
FIS,2021-08-20,128.66000366210938,130.1300048828125,128.2100067138672,129.97999572753906,124.0864486694336,3251000
FIS,2021-08-23,130.3699951171875,130.52999877929688,129.3800048828125,129.6699981689453,123.79049682617188,4614500
FIS,2021-08-24,129.6199951171875,130.25999450683594,128.82000732421875,130.00999450683594,124.1150894165039,4650900
FIS,2021-08-25,129.88999938964844,130.41000366210938,128.6999969482422,130.00999450683594,124.1150894165039,3792800
FIS,2021-08-26,129.47000122070312,130.27000427246094,127.7300033569336,128.33999633789062,122.5207977294922,4489500
FIS,2021-08-27,128.6999969482422,128.7899932861328,127.61000061035156,128.58999633789062,122.75945281982422,2439500
FIS,2021-08-30,127.69000244140624,129.14999389648438,126.66999816894533,127.22000122070312,121.45158386230467,3575400
FIS,2021-08-31,127.80999755859376,129.10000610351562,126.91000366210938,127.7699966430664,121.97664642333984,4791200
FIS,2021-09-01,127.88999938964844,130.1699981689453,127.37000274658205,129.2899932861328,123.427734375,4135700
FIS,2021-09-02,129.66000366210938,129.8300018310547,126.2300033569336,126.86000061035156,121.10791015625,3821500
FIS,2021-09-03,126.6500015258789,127.38999938964844,124.8499984741211,125.38999938964844,119.70455932617188,4771700
FIS,2021-09-07,125.4000015258789,126.37999725341795,125.25,125.7300033569336,120.02915954589844,3425200
FIS,2021-09-08,126.1999969482422,130.5500030517578,125.80999755859376,130.0,124.10552978515624,5081300
FIS,2021-09-09,129.35000610351562,130.1699981689453,126.9499969482422,127.02999877929688,121.63510131835938,2684800
FIS,2021-09-10,127.68000030517578,127.98999786376952,123.61000061035156,123.79000091552734,118.53270721435548,3768900
FIS,2021-09-13,124.41999816894533,125.19000244140624,123.56999969482422,124.62999725341795,119.3370361328125,3845300
FIS,2021-09-14,125.20999908447266,125.4499969482422,122.56999969482422,123.41999816894533,118.17841339111328,3210900
FIS,2021-09-15,123.58999633789062,125.66000366210938,122.95999908447266,125.0999984741211,119.78707122802734,4893400
FIS,2021-09-16,125.11000061035156,126.18000030517578,124.7300033569336,125.4000015258789,120.0743408203125,3445800
FIS,2021-09-17,124.6500015258789,125.19000244140624,123.05999755859376,123.7300033569336,118.47526550292967,4251800
FIS,2021-09-20,122.19000244140624,123.4499969482422,121.66000366210938,123.12000274658205,117.89116668701172,2830200
FIS,2021-09-21,123.5199966430664,123.87000274658205,121.1999969482422,121.37999725341795,116.2250518798828,3901300
FIS,2021-09-22,121.95999908447266,122.55999755859376,120.95999908447266,122.06999969482422,116.88575744628906,2247100
FIS,2021-09-23,122.58999633789062,123.56999969482422,121.97000122070312,122.30999755859376,117.11555480957033,3556000
FIS,2021-09-24,122.05999755859376,123.19000244140624,121.54000091552734,122.02999877929688,116.8474578857422,2308300
FIS,2021-09-27,121.9000015258789,124.66999816894533,121.7699966430664,124.31999969482422,119.04021453857422,2597400
FIS,2021-09-28,123.6999969482422,123.9000015258789,121.79000091552734,122.23999786376952,117.04853057861328,2483000
FIS,2021-09-29,122.25,124.19000244140624,121.62000274658205,123.33999633789062,118.1018295288086,2884000
FIS,2021-09-30,124.19000244140624,124.37000274658205,121.04000091552734,121.68000030517578,116.51231384277344,3148400
FIS,2021-10-01,122.43000030517578,123.88999938964844,121.08999633789062,123.2699966430664,118.03479766845705,2850400
FIS,2021-10-04,123.22000122070312,123.95999908447266,120.27999877929688,121.02999877929688,115.88992309570312,2803200
FIS,2021-10-05,120.5,122.69000244140624,120.2300033569336,120.33999633789062,115.2292251586914,2566300
FIS,2021-10-06,119.16999816894533,121.19000244140624,118.27999877929688,121.12000274658205,115.97610473632812,2411400
FIS,2021-10-07,121.77999877929688,122.98999786376952,121.11000061035156,121.3000030517578,116.1484603881836,2210000
FIS,2021-10-08,121.73999786376952,122.31999969482422,119.9499969482422,120.02999877929688,114.9323959350586,1641400
FIS,2021-10-11,119.51000213623048,119.72000122070312,115.7699966430664,115.87000274658205,110.94908142089844,3954300
FIS,2021-10-12,116.19000244140624,117.94000244140624,114.81999969482422,116.08999633789062,111.15972137451172,2849000
FIS,2021-10-13,116.1999969482422,116.80999755859376,114.33999633789062,116.77999877929688,111.82040405273438,2439100
FIS,2021-10-14,117.98999786376952,122.30999755859376,117.5999984741211,121.68000030517578,116.51231384277344,4098100
FIS,2021-10-15,122.43000030517578,125.11000061035156,122.27999877929688,124.8000030517578,119.49981689453124,3606200
FIS,2021-10-18,124.18000030517578,124.7300033569336,122.4499969482422,123.02999877929688,117.8049774169922,2868700
FIS,2021-10-19,123.33999633789062,124.54000091552734,122.62000274658205,124.0500030517578,118.78166198730467,1732000
FIS,2021-10-20,124.5999984741211,126.1999969482422,123.81999969482422,124.62000274658205,119.32746124267578,3969100
FIS,2021-10-21,123.4800033569336,124.52999877929688,122.9000015258789,124.43000030517578,119.1455307006836,2427400
FIS,2021-10-22,123.91000366210938,126.04000091552734,123.8499984741211,125.04000091552734,119.72962951660156,1898200
FIS,2021-10-25,125.66999816894533,125.7699966430664,122.04000091552734,122.44000244140624,117.24004364013672,3040100
FIS,2021-10-26,123.1500015258789,124.19000244140624,121.6500015258789,122.4000015258789,117.20173645019533,3601200
FIS,2021-10-27,121.5500030517578,122.05999755859376,113.33999633789062,114.20999908447266,109.35956573486328,8857600
FIS,2021-10-28,115.0999984741211,115.0999984741211,111.43000030517578,111.9000015258789,107.14766693115234,6871400
FIS,2021-10-29,111.87000274658205,113.08999633789062,110.29000091552734,110.73999786376952,106.03693389892578,5448300
FIS,2021-11-01,110.7699966430664,114.61000061035156,110.51000213623048,114.0,109.1584930419922,4403900
FIS,2021-11-02,111.98999786376952,112.70999908447266,104.29000091552734,109.16999816894533,104.53361511230467,8386400
FIS,2021-11-03,109.16999816894533,111.20999908447266,107.94000244140624,110.91999816894533,106.20930480957033,5525600
FIS,2021-11-04,107.91000366210938,119.6999969482422,107.4499969482422,111.75,107.0040512084961,10902800
FIS,2021-11-05,113.41999816894533,116.08000183105467,112.20999908447266,113.66000366210938,108.83293151855467,4244100
FIS,2021-11-08,114.01000213623048,115.88999938964844,113.95999908447266,114.73999786376952,109.86705780029295,4150800
FIS,2021-11-09,114.7699966430664,117.2300033569336,114.11000061035156,115.47000122070312,110.56605529785156,4795700
FIS,2021-11-10,115.5999984741211,119.2699966430664,114.68000030517578,118.38999938964844,113.36205291748048,5980200
FIS,2021-11-11,118.0500030517578,119.6500015258789,116.52999877929688,119.41000366210938,114.33872985839844,4859200
FIS,2021-11-12,119.6999969482422,120.95999908447266,116.83000183105467,116.86000061035156,111.89702606201172,3900100
FIS,2021-11-15,117.44000244140624,117.55999755859376,115.44000244140624,115.66999816894533,110.75756072998048,3443900
FIS,2021-11-16,116.6500015258789,116.9800033569336,114.73999786376952,115.11000061035156,110.22135162353516,3322200
FIS,2021-11-17,114.22000122070312,114.76000213623048,108.3000030517578,110.44000244140624,105.74967956542967,5864400
FIS,2021-11-18,111.41999816894533,111.62999725341795,108.38999938964844,109.01000213623048,104.38040161132812,4388500
FIS,2021-11-19,109.37999725341795,111.04000091552734,108.55999755859376,109.94000244140624,105.27091979980467,3407500
FIS,2021-11-22,110.11000061035156,111.8000030517578,107.33000183105467,107.87999725341795,103.29839324951172,5995100
FIS,2021-11-23,108.51000213623048,109.04000091552734,106.63999938964844,108.66000366210938,104.04528045654295,3464500
FIS,2021-11-24,107.98999786376952,111.01000213623048,107.6500015258789,109.86000061035156,105.19430541992188,4470300
FIS,2021-11-26,106.44000244140624,108.97000122070312,105.58999633789062,108.01000213623048,103.42288208007812,2392900
FIS,2021-11-29,109.12999725341795,110.01000213623048,105.36000061035156,105.38999938964844,100.91415405273438,3114500
FIS,2021-11-30,105.16000366210938,106.58000183105467,102.8000030517578,104.5,100.06194305419922,7066100
FIS,2021-12-01,105.77999877929688,106.9000015258789,102.27999877929688,102.36000061035156,98.01283264160156,4530200
FIS,2021-12-02,103.02999877929688,106.30999755859376,102.58000183105467,105.7300033569336,101.23971557617188,3192100
FIS,2021-12-03,105.51000213623048,106.16000366210938,101.79000091552734,103.3000030517578,98.91291809082033,4643600
FIS,2021-12-06,104.0,107.86000061035156,103.41999816894533,107.02999877929688,102.4844970703125,6515200
FIS,2021-12-07,107.87000274658205,108.95999908447266,106.37999725341795,106.9499969482422,102.40789794921876,4785700
FIS,2021-12-08,107.12999725341795,108.6500015258789,106.16000366210938,108.33000183105467,103.72928619384766,3848200
FIS,2021-12-09,108.3000030517578,108.66000366210938,104.47000122070312,104.98999786376952,100.53113555908205,4701300
FIS,2021-12-10,103.0199966430664,105.5,102.79000091552734,104.5,100.43502807617188,4982700
FIS,2021-12-13,104.44000244140624,105.5999984741211,103.7699966430664,104.75,100.67530059814452,3716200
FIS,2021-12-14,104.62999725341795,107.16000366210938,103.6999969482422,106.83000183105467,102.67439270019533,6918000
FIS,2021-12-15,106.5999984741211,107.44000244140624,104.70999908447266,106.81999969482422,102.6647720336914,4844300
FIS,2021-12-16,107.76000213623048,109.18000030517578,105.52999877929688,108.47000122070312,104.25059509277344,4464400
FIS,2021-12-17,108.5999984741211,109.63999938964844,106.33000183105467,107.9800033569336,103.7796630859375,6495200
FIS,2021-12-20,106.3499984741211,106.3499984741211,104.02999877929688,104.6500015258789,100.57918548583984,4697900
FIS,2021-12-21,105.6999969482422,110.91999816894533,105.20999908447266,109.9000015258789,105.62496948242188,4214500
FIS,2021-12-22,109.6500015258789,110.91000366210938,108.73999786376952,110.0,105.72108459472656,2163300
FIS,2021-12-23,109.77999877929688,110.23999786376952,109.0199966430664,109.0500030517578,104.80802917480467,2598500
FIS,2021-12-27,109.02999877929688,109.11000061035156,106.5,108.44000244140624,104.22176361083984,2699300
FIS,2021-12-28,108.54000091552734,110.51000213623048,107.66999816894533,109.29000091552734,105.03868865966795,2253500
FIS,2021-12-29,109.05999755859376,110.0999984741211,108.70999908447266,109.25,105.000244140625,1600900
FIS,2021-12-30,109.33999633789062,110.79000091552734,109.2300033569336,109.98999786376952,105.7114715576172,1972600
FIS,2021-12-31,109.68000030517578,110.48999786376952,109.0500030517578,109.1500015258789,104.90413665771484,2133900
FIS,2022-01-03,109.3499984741211,114.37999725341795,109.02999877929688,113.87999725341795,109.45014190673828,4647600
FIS,2022-01-04,114.30999755859376,115.66000366210938,113.3499984741211,114.51000213623048,110.0556411743164,5683500
FIS,2022-01-05,114.6999969482422,118.69000244140624,114.3000030517578,116.52999877929688,111.99706268310548,5234800
FIS,2022-01-06,116.66000366210938,118.9800033569336,116.0,116.6500015258789,112.11239624023438,3610600
FIS,2022-01-07,116.16999816894533,118.2300033569336,115.70999908447266,117.63999938964844,113.06388092041016,2937100
FIS,2022-01-10,118.19000244140624,118.63999938964844,112.62999725341795,116.37000274658205,111.84329986572266,5774900
FIS,2022-01-11,116.38999938964844,118.12999725341795,115.1999969482422,117.5500030517578,112.97738647460938,2842000
FIS,2022-01-12,116.81999969482422,117.87999725341795,115.4800033569336,117.51000213623048,112.9389419555664,3040700
FIS,2022-01-13,118.16000366210938,119.91000366210938,117.22000122070312,117.44000244140624,112.87167358398438,3354400
FIS,2022-01-14,116.1500015258789,118.93000030517578,115.69000244140624,118.04000091552734,113.44831848144533,3448500
FIS,2022-01-18,117.22000122070312,118.08000183105467,114.01000213623048,114.5,110.04602813720705,5823900
FIS,2022-01-19,114.38999938964844,115.88999938964844,113.19000244140624,113.3000030517578,108.8927230834961,3179500
FIS,2022-01-20,113.4499969482422,116.2300033569336,112.95999908447266,113.1999969482422,108.79659271240234,2478000
FIS,2022-01-21,113.73999786376952,114.8000030517578,111.56999969482422,111.77999877929688,107.43183135986328,3217600
FIS,2022-01-24,110.31999969482422,111.87999725341795,107.52999877929688,111.79000091552734,107.4414520263672,4897000
FIS,2022-01-25,109.62000274658205,111.68000030517578,106.80999755859376,110.1999969482422,105.91329193115234,3718200
FIS,2022-01-26,112.02999877929688,112.58999633789062,107.95999908447266,108.98999786376952,104.75035095214844,5140600
FIS,2022-01-27,109.94000244140624,111.38999938964844,108.33000183105467,109.23999786376952,104.99063110351562,4805500
FIS,2022-01-28,110.2699966430664,117.5199966430664,109.37000274658205,117.4000015258789,112.8332290649414,6401200
FIS,2022-01-31,116.30999755859376,120.2300033569336,115.58000183105467,119.91999816894533,115.25519561767578,5150500
FIS,2022-02-01,119.73999786376952,122.05999755859376,118.87000274658205,121.70999908447266,116.9755630493164,5404100
FIS,2022-02-02,120.94000244140624,121.66000366210938,119.0,120.11000061035156,115.43780517578124,4355300
FIS,2022-02-03,118.87000274658205,119.22000122070312,114.86000061035156,115.43000030517578,110.93984985351562,4387200
FIS,2022-02-04,114.58000183105467,115.04000091552734,111.55999755859376,113.76000213623048,109.3348159790039,5869800
FIS,2022-02-07,114.3000030517578,115.70999908447266,112.61000061035156,114.0999984741211,109.66159057617188,2542800
FIS,2022-02-08,113.0,113.29000091552734,110.02999877929688,111.45999908447266,107.12427520751952,3830200
FIS,2022-02-09,113.58999633789062,115.13999938964844,111.87999725341795,114.98999786376952,110.5169677734375,2817300
FIS,2022-02-10,113.45999908447266,116.2699966430664,112.8000030517578,113.69000244140624,109.2675323486328,2799500
FIS,2022-02-11,113.8000030517578,115.20999908447266,111.20999908447266,111.91999816894533,107.56639862060548,3070700
FIS,2022-02-14,112.08999633789062,112.73999786376952,110.66999816894533,111.5,107.16272735595705,4129000
FIS,2022-02-15,103.66000366210938,107.88999938964844,100.83999633789062,102.8499984741211,98.84920501708984,9586900
FIS,2022-02-16,102.62000274658205,104.58000183105467,98.95999908447266,100.43000030517578,96.52335357666016,6925000
FIS,2022-02-17,99.5500030517578,101.1999969482422,97.36000061035156,97.56999969482422,93.77460479736328,4239700
FIS,2022-02-18,96.62000274658205,97.81999969482422,94.91000366210938,95.63999938964844,91.91967010498048,5164300
FIS,2022-02-22,94.61000061035156,96.3000030517578,94.4499969482422,95.41000366210938,91.69861602783205,3723400
FIS,2022-02-23,95.38999938964844,95.86000061035156,92.0999984741211,92.25,88.66153717041016,5550700
FIS,2022-02-24,91.41999816894533,95.91999816894533,90.4800033569336,95.77999877929688,92.0542221069336,7766700
FIS,2022-02-25,95.52999877929688,97.66999816894533,94.58999633789062,96.94000244140624,93.16910552978516,2825000
FIS,2022-02-28,95.62000274658205,96.56999969482422,94.02999877929688,95.2300033569336,91.52561950683594,5721400
FIS,2022-03-01,94.94000244140624,96.1500015258789,93.30999755859376,93.66999816894533,90.02629089355469,6172300
FIS,2022-03-02,93.75,96.18000030517578,92.91000366210938,95.25,91.54483032226562,4502600
FIS,2022-03-03,96.12000274658205,96.12000274658205,92.36000061035156,92.66999816894533,89.0652084350586,3813200
FIS,2022-03-04,91.70999908447266,92.6500015258789,89.25,90.47000122070312,86.9507827758789,3319200
FIS,2022-03-07,90.25,90.7300033569336,87.05000305175781,87.11000061035156,83.72148895263672,3241100
FIS,2022-03-08,86.12999725341797,88.47000122070312,85.0,86.25,82.89493560791016,4620100
FIS,2022-03-09,88.19999694824219,92.22000122070312,88.19999694824219,91.9800033569336,88.40204620361328,5046800
FIS,2022-03-10,89.44000244140625,91.54000091552734,88.7300033569336,90.41000366210938,87.33940887451172,3969500
FIS,2022-03-11,91.45999908447266,91.68000030517578,89.25,89.33999633789062,86.30574035644531,2333500
FIS,2022-03-14,90.16000366210938,91.62999725341795,88.87999725341797,89.05999755859375,86.03524017333984,2770300
FIS,2022-03-15,89.47000122070312,92.6999969482422,89.47000122070312,92.5999984741211,89.45501708984375,5435500
FIS,2022-03-16,93.66999816894533,95.5500030517578,93.0,95.37999725341795,92.1406021118164,4176600
FIS,2022-03-17,94.48999786376952,95.30999755859376,93.87000274658205,95.1999969482422,91.96672058105467,2971200
FIS,2022-03-18,94.73999786376952,96.1999969482422,94.36000061035156,95.81999969482422,92.56565856933594,4937000
FIS,2022-03-21,94.87999725341795,96.04000091552734,93.79000091552734,94.97000122070312,91.7445297241211,3338400
FIS,2022-03-22,95.72000122070312,98.41999816894533,95.72000122070312,96.93000030517578,93.6379623413086,2314200
FIS,2022-03-23,95.5,96.68000030517578,94.91000366210938,95.43000030517578,92.18890380859376,2125900
FIS,2022-03-24,95.9000015258789,96.81999969482422,95.26000213623048,96.41000366210938,93.13562774658205,2320900
FIS,2022-03-25,96.54000091552734,97.81999969482422,95.88999938964844,97.4499969482422,94.14029693603516,2865800
FIS,2022-03-28,96.98999786376952,97.76000213623048,96.5500030517578,97.6500015258789,94.33350372314452,3623900
FIS,2022-03-29,98.16999816894533,102.9800033569336,98.16999816894533,101.98999786376952,98.5261001586914,6208000
FIS,2022-03-30,101.02999877929688,102.2300033569336,100.23999786376952,101.0199966430664,97.58904266357422,3915300
FIS,2022-03-31,101.0199966430664,101.98999786376952,100.22000122070312,100.41999816894533,97.00943756103516,4133300
FIS,2022-04-01,100.66000366210938,103.63999938964844,100.47000122070312,103.37000274658205,99.85923767089844,3719500
FIS,2022-04-04,103.31999969482422,104.33999633789062,102.91999816894533,103.26000213623048,99.7529754638672,3543800
FIS,2022-04-05,102.9499969482422,104.91999816894533,102.37000274658205,103.55999755859376,100.04277801513672,3867800
FIS,2022-04-06,102.5199966430664,102.93000030517578,101.31999969482422,101.55999755859376,98.1107177734375,3562600
FIS,2022-04-07,100.94000244140624,102.68000030517578,99.5999984741211,101.52999877929688,98.08173370361328,3439400
FIS,2022-04-08,100.9499969482422,103.26000213623048,100.58999633789062,102.02999877929688,98.56475067138672,3405900
FIS,2022-04-11,101.27999877929688,102.88999938964844,101.23999786376952,101.91999816894533,98.45848083496094,2408400
FIS,2022-04-12,102.01000213623048,102.83000183105467,101.12999725341795,101.94000244140624,98.47781372070312,4368900
FIS,2022-04-13,101.38999938964844,102.56999969482422,100.94000244140624,101.5,98.05274963378906,3040100
FIS,2022-04-14,101.86000061035156,103.54000091552734,101.56999969482422,102.4499969482422,98.9704818725586,3085700
FIS,2022-04-18,102.12000274658205,103.91999816894533,101.48999786376952,102.4800033569336,98.99947357177734,2349700
FIS,2022-04-19,102.58999633789062,105.22000122070312,102.48999786376952,104.88999938964844,101.3276138305664,2891100
FIS,2022-04-20,104.63999938964844,105.27999877929688,102.6500015258789,103.0,99.50180053710938,2933200
FIS,2022-04-21,104.91000366210938,105.12999725341795,102.55999755859376,103.0,99.50180053710938,3447800
FIS,2022-04-22,102.1500015258789,103.0500030517578,99.79000091552734,99.97000122070312,96.57471466064452,3939400
FIS,2022-04-25,100.0199966430664,100.23999786376952,96.91999816894533,99.22000122070312,95.85018920898438,5036300
FIS,2022-04-26,98.12000274658205,98.2300033569336,95.23999786376952,95.2699966430664,92.03433990478516,4352300
FIS,2022-04-27,95.5,99.68000030517578,95.27999877929688,98.83999633789062,95.48309326171876,4620200
FIS,2022-04-28,100.6500015258789,104.62000274658205,100.0,103.79000091552734,100.26497650146484,4328500
FIS,2022-04-29,102.1999969482422,103.0999984741211,98.73999786376952,99.1500015258789,95.78257751464844,3538500
FIS,2022-05-02,98.70999908447266,99.31999969482422,95.18000030517578,97.5,94.18860626220705,4716000
FIS,2022-05-03,101.25,102.87000274658205,96.91999816894533,99.62999725341795,96.24626159667967,4637100
FIS,2022-05-04,100.37000274658205,104.6999969482422,99.23999786376952,104.3000030517578,100.75765228271484,4194200
FIS,2022-05-05,102.1500015258789,103.25,98.88999938964844,100.5999984741211,97.18331909179688,4949100
FIS,2022-05-06,100.29000091552734,100.29000091552734,97.33000183105467,98.2699966430664,94.93244934082033,4569500
FIS,2022-05-09,96.88999938964844,97.41999816894533,93.93000030517578,94.54000091552734,91.32913208007812,5011500
FIS,2022-05-10,95.98999786376952,96.8000030517578,93.16999816894533,94.73999786376952,91.5223388671875,2712900
FIS,2022-05-11,93.9499969482422,97.0,93.05999755859376,93.4499969482422,90.27615356445312,4061800
FIS,2022-05-12,92.7300033569336,94.37999725341795,91.68000030517578,93.9499969482422,90.75917053222656,3506000
FIS,2022-05-13,95.33999633789062,97.27999877929688,94.95999908447266,96.5,93.22256469726562,2371700
FIS,2022-05-16,95.45999908447266,96.80999755859376,95.12000274658205,96.3000030517578,93.02936553955078,2228400
FIS,2022-05-17,98.20999908447266,98.8499984741211,96.22000122070312,98.3000030517578,94.96144104003906,3022600
FIS,2022-05-18,97.2699966430664,98.7699966430664,96.43000030517578,96.7300033569336,93.44475555419922,3042700
FIS,2022-05-19,95.83999633789062,98.93000030517578,95.4499969482422,97.16999816894533,93.86981201171876,2046300
FIS,2022-05-20,98.55999755859376,99.83000183105467,96.94000244140624,99.68000030517578,96.29456329345705,3195200
FIS,2022-05-23,100.29000091552734,102.3499984741211,99.5999984741211,101.70999908447266,98.255615234375,2603700
FIS,2022-05-24,100.54000091552734,101.08999633789062,98.08000183105467,100.51000213623048,97.09638214111328,3245700
FIS,2022-05-25,99.86000061035156,101.6999969482422,99.61000061035156,101.38999938964844,97.9464874267578,3084900
FIS,2022-05-26,102.97000122070312,105.5500030517578,102.01000213623048,104.1999969482422,100.66104888916016,2947400
FIS,2022-05-27,104.36000061035156,105.52999877929688,104.0,105.16000366210938,101.58844757080078,3102400
FIS,2022-05-31,104.87000274658205,105.0,103.5199966430664,104.5,100.95085906982422,6127200
FIS,2022-06-01,105.7300033569336,105.83000183105467,102.87999725341795,103.22000122070312,99.7143325805664,3056500
FIS,2022-06-02,103.6500015258789,106.1999969482422,101.63999938964844,106.19000244140624,102.58346557617188,3066800
FIS,2022-06-03,105.3499984741211,105.3499984741211,103.4499969482422,103.81999969482422,100.29395294189452,2847900
FIS,2022-06-06,105.0,106.6500015258789,104.6999969482422,105.3000030517578,101.72369384765624,2375800
FIS,2022-06-07,103.97000122070312,105.72000122070312,103.30999755859376,104.56999969482422,101.01849365234376,3223400
FIS,2022-06-08,104.36000061035156,105.23999786376952,103.2300033569336,103.76000213623048,100.23600006103516,2035300
FIS,2022-06-09,102.43000030517578,102.55999755859376,99.72000122070312,99.73999786376952,96.79094696044922,2148900
FIS,2022-06-10,97.98999786376952,98.97000122070312,96.29000091552734,97.8000030517578,94.9083251953125,2924000
FIS,2022-06-13,96.44000244140624,96.87999725341795,94.33000183105467,94.95999908447266,92.15228271484376,4360000
FIS,2022-06-14,95.0,97.27999877929688,94.98999786376952,95.25,92.43370819091795,4450500
FIS,2022-06-15,96.33000183105467,96.6500015258789,93.8499984741211,95.47000122070312,92.64720153808594,4435500
FIS,2022-06-16,93.0,93.43000030517578,90.25,90.6999969482422,88.01824188232422,4840300
FIS,2022-06-17,90.5,92.70999908447266,90.43000030517578,91.83999633789062,89.12454223632812,6834400
FIS,2022-06-21,93.5500030517578,94.30999755859376,91.79000091552734,92.97000122070312,90.22113037109376,3454400
FIS,2022-06-22,91.4000015258789,93.2300033569336,90.5,92.06999969482422,89.34773254394531,2621900
FIS,2022-06-23,92.72000122070312,93.55999755859376,91.4000015258789,92.93000030517578,90.18231201171876,3595700
FIS,2022-06-24,94.31999969482422,98.91000366210938,94.02999877929688,98.62999725341795,95.7137680053711,3907200
FIS,2022-06-27,98.5,98.5,95.88999938964844,96.73999786376952,93.87965393066406,2626800
FIS,2022-06-28,97.47000122070312,99.13999938964844,94.0,94.2699966430664,91.48268127441406,2730500
FIS,2022-06-29,94.2699966430664,94.79000091552734,93.16000366210938,94.56999969482422,91.77381134033205,2722700
FIS,2022-06-30,92.63999938964844,93.0500030517578,89.97000122070312,91.66999816894533,88.95956420898438,3689300
FIS,2022-07-01,91.2699966430664,93.63999938964844,91.0999984741211,93.58000183105467,90.81309509277344,2957700
FIS,2022-07-05,92.04000091552734,95.06999969482422,91.36000061035156,95.0,92.19110107421876,3489500
FIS,2022-07-06,95.27999877929688,95.88999938964844,93.9499969482422,94.81999969482422,92.01642608642578,3050800
FIS,2022-07-07,95.1500015258789,95.1500015258789,92.63999938964844,93.86000061035156,91.0848159790039,3342800
FIS,2022-07-08,93.41000366210938,95.31999969482422,93.1500015258789,94.37999725341795,91.58943176269533,2166700
FIS,2022-07-11,93.33000183105467,94.44000244140624,92.8499984741211,93.97000122070312,91.19155883789062,2605900
FIS,2022-07-12,93.44000244140624,95.0199966430664,93.44000244140624,93.98999786376952,91.21096801757812,1983900
FIS,2022-07-13,92.19000244140624,93.93000030517578,91.72000122070312,93.58000183105467,90.81309509277344,2226800
FIS,2022-07-14,91.0,92.38999938964844,90.33000183105467,92.16999816894533,89.44477081298828,3418200
FIS,2022-07-15,94.16000366210938,95.5,93.5199966430664,95.22000122070312,92.40460205078124,3335700
FIS,2022-07-18,96.0500030517578,96.33999633789062,94.06999969482422,94.16000366210938,91.37594604492188,1676000
FIS,2022-07-19,95.4800033569336,97.94000244140624,95.27999877929688,97.0999984741211,94.22901153564452,2085700
FIS,2022-07-20,97.18000030517578,97.66000366210938,96.33999633789062,97.36000061035156,94.4813232421875,2221700
FIS,2022-07-21,97.33000183105467,99.20999908447266,97.22000122070312,98.91000366210938,95.9854965209961,2091600
FIS,2022-07-22,98.91999816894533,99.95999908447266,98.43000030517578,99.0199966430664,96.0922393798828,1790100
FIS,2022-07-25,99.27999877929688,99.41999816894533,97.4000015258789,98.05999755859376,95.16062927246094,2396300
FIS,2022-07-26,98.55999755859376,99.08000183105467,96.37999725341795,97.08999633789062,94.21930694580078,4143900
FIS,2022-07-27,97.47000122070312,99.0500030517578,97.0199966430664,98.43000030517578,95.51969146728516,3732200
FIS,2022-07-28,99.27999877929688,101.0,98.05999755859376,100.93000030517578,97.94577026367188,2561400
FIS,2022-07-29,101.1999969482422,102.97000122070312,100.7300033569336,102.16000366210938,99.139404296875,3186200
FIS,2022-08-01,100.97000122070312,104.23999786376952,100.1999969482422,103.29000091552734,100.23599243164062,3172000
FIS,2022-08-02,102.25,102.6500015258789,101.4800033569336,102.19000244140624,99.16851806640624,1980400
FIS,2022-08-03,103.0,105.16000366210938,102.79000091552734,104.12999725341795,101.0511474609375,2972600
FIS,2022-08-04,100.6500015258789,100.6500015258789,95.5,96.56999969482422,93.71467590332033,8663800
FIS,2022-08-05,95.37000274658205,98.37000274658205,95.13999938964844,97.37000274658205,94.49103546142578,3426000
FIS,2022-08-08,98.69000244140624,99.5999984741211,97.8499984741211,98.08000183105467,95.18003845214844,2876500
FIS,2022-08-09,98.08000183105467,100.62999725341795,97.98999786376952,98.01000213623048,95.1121063232422,4256100
FIS,2022-08-10,100.16999816894533,101.0999984741211,99.18000030517578,99.87999725341795,96.92681121826172,4200700
FIS,2022-08-11,100.81999969482422,102.01000213623048,100.25,100.51000213623048,97.53819274902344,4595500
FIS,2022-08-12,101.23999786376952,102.55999755859376,100.83000183105467,102.12000274658205,99.10057830810548,2494600
FIS,2022-08-15,101.3499984741211,103.19000244140624,101.3499984741211,102.79000091552734,99.7507781982422,3276100
FIS,2022-08-16,101.94000244140624,103.62000274658205,101.9000015258789,103.51000213623048,100.44949340820312,3011600
FIS,2022-08-17,102.1500015258789,102.38999938964844,101.18000030517578,101.5999984741211,98.59596252441406,2880300
FIS,2022-08-18,101.37999725341795,101.56999969482422,99.6999969482422,100.3000030517578,97.33440399169922,4993000
FIS,2022-08-19,99.66999816894533,100.62999725341795,99.33999633789062,100.0999984741211,97.14031219482422,3124500
FIS,2022-08-22,98.94000244140624,99.27999877929688,97.3000030517578,97.47000122070312,94.58806610107422,3336700
FIS,2022-08-23,96.83000183105467,97.73999786376952,95.51000213623048,95.55999755859376,92.73454284667967,3120300
FIS,2022-08-24,95.45999908447266,95.91000366210938,94.18000030517578,95.02999877929688,92.22022247314452,3965800
FIS,2022-08-25,94.98999786376952,96.66999816894533,94.18000030517578,96.16999816894533,93.3265151977539,4623100
FIS,2022-08-26,96.38999938964844,96.5999984741211,93.0500030517578,93.08999633789062,90.33757019042967,2725200
FIS,2022-08-29,92.38999938964844,93.86000061035156,91.98999786376952,93.08000183105467,90.32787322998048,3457500
FIS,2022-08-30,93.76000213623048,94.41999816894533,92.43000030517578,92.80999755859376,90.06585693359375,2978800
FIS,2022-08-31,93.77999877929688,93.77999877929688,91.31999969482422,91.37000274658205,88.6684341430664,4084100
FIS,2022-09-01,91.18000030517578,91.47000122070312,89.47000122070312,90.62999725341795,87.95030975341797,3440000
FIS,2022-09-02,91.55999755859376,91.87000274658205,89.54000091552734,89.97000122070312,87.30982208251953,2508600
FIS,2022-09-06,90.29000091552734,90.66999816894533,88.7699966430664,89.4000015258789,86.75668334960938,3667500
FIS,2022-09-07,89.38999938964844,91.2300033569336,88.52999877929688,90.9000015258789,88.21232604980469,4208500
FIS,2022-09-08,89.44000244140625,90.73999786376952,88.6500015258789,89.79000091552734,87.1351547241211,5663700
FIS,2022-09-09,90.02999877929688,91.87999725341795,89.23999786376953,91.4800033569336,88.77518463134766,4145800
FIS,2022-09-12,92.05999755859376,93.9000015258789,92.0,93.0500030517578,90.29876708984376,3748400
FIS,2022-09-13,90.6999969482422,92.0500030517578,89.06999969482422,89.29000091552734,86.64993286132812,3183100
FIS,2022-09-14,88.87999725341797,89.23999786376953,86.47000122070312,87.05999755859375,84.48587036132812,6237100
FIS,2022-09-15,86.23999786376953,88.05999755859375,85.30999755859375,85.69000244140625,83.60773468017578,7220100
FIS,2022-09-16,84.41999816894531,84.54000091552734,82.9800033569336,84.26000213623047,82.21249389648438,11194400
FIS,2022-09-19,83.44000244140625,83.63999938964844,81.58999633789062,82.38999938964844,80.38792419433594,7106000
FIS,2022-09-20,81.45999908447266,82.05999755859375,80.5199966430664,81.7300033569336,79.74396514892578,6486900
FIS,2022-09-21,82.8499984741211,83.86000061035156,80.44000244140625,80.44999694824219,78.49506378173828,4869300
FIS,2022-09-22,80.19999694824219,80.9000015258789,78.7699966430664,80.51000213623047,78.5536117553711,5864600
FIS,2022-09-23,79.44999694824219,81.95999908447266,79.4000015258789,80.29000091552734,78.33895874023438,8467400
FIS,2022-09-26,79.98999786376953,80.44000244140625,77.52999877929688,77.58999633789062,75.70455932617188,7202400
FIS,2022-09-27,78.5199966430664,78.73999786376953,75.8499984741211,76.80000305175781,74.93376159667969,5670000
FIS,2022-09-28,77.0,78.33000183105469,76.37000274658203,77.30000305175781,75.42161560058594,4101000
FIS,2022-09-29,76.54000091552734,77.56999969482422,75.66000366210938,76.56999969482422,74.7093505859375,5096100
FIS,2022-09-30,76.31999969482422,77.48999786376953,75.54000091552734,75.56999969482422,73.73365783691406,4351500
FIS,2022-10-03,76.13999938964844,76.86000061035156,74.69999694824219,76.33999633789062,74.48493957519531,7853600
FIS,2022-10-04,77.87000274658203,79.94000244140625,77.41000366210938,79.54000091552734,77.607177734375,3300300
FIS,2022-10-05,78.69000244140625,80.12999725341797,78.37999725341797,79.5999984741211,77.66571807861328,2786400
FIS,2022-10-06,79.0999984741211,79.73999786376953,77.55999755859375,77.6500015258789,75.76310729980469,4435200
FIS,2022-10-07,76.58999633789062,77.30000305175781,76.16000366210938,77.0999984741211,75.22647094726562,4823900
FIS,2022-10-10,77.13999938964844,77.13999938964844,75.26000213623047,75.7300033569336,73.8897705078125,4304900
FIS,2022-10-11,75.19000244140625,75.54000091552734,73.66999816894531,74.27999877929688,72.47500610351562,6002700
FIS,2022-10-12,73.93000030517578,74.5999984741211,73.02999877929688,73.77999877929688,71.98715209960938,4086800
FIS,2022-10-13,72.5,76.54000091552734,72.37000274658203,76.0,74.15321350097656,4031200
FIS,2022-10-14,77.0,77.5199966430664,75.91999816894531,76.13999938964844,74.28980255126953,4726000
FIS,2022-10-17,77.9000015258789,78.16999816894531,76.77999877929688,77.02999877929688,75.15817260742188,4427800
FIS,2022-10-18,78.79000091552734,79.20999908447266,77.01000213623047,78.08999633789062,76.1924057006836,5588700
FIS,2022-10-19,77.63999938964844,77.80999755859375,76.41999816894531,76.7300033569336,74.86547088623047,3318400
FIS,2022-10-20,76.95999908447266,77.88999938964844,76.16000366210938,76.55000305175781,74.68984985351562,3085600
FIS,2022-10-21,76.23999786376953,78.0999984741211,74.81999969482422,77.83000183105469,75.93873596191406,4712000
FIS,2022-10-24,77.88999938964844,78.43000030517578,76.76000213623047,78.0,76.10460662841797,3264300
FIS,2022-10-25,78.05999755859375,80.0,78.05999755859375,79.94999694824219,78.00721740722656,5692200
FIS,2022-10-26,80.33000183105469,82.86000061035156,80.30000305175781,82.13999938964844,80.14400482177734,5255500
FIS,2022-10-27,82.19999694824219,83.55999755859375,80.95999908447266,83.08000183105469,81.0611572265625,7521900
FIS,2022-10-28,83.31999969482422,85.18000030517578,83.1500015258789,84.9000015258789,82.8369369506836,6560100
FIS,2022-10-31,84.58000183105469,84.69000244140625,81.97000122070312,82.98999786376953,80.97334289550781,6770600
FIS,2022-11-01,83.93000030517578,84.18000030517578,82.47000122070312,83.04000091552734,81.02213287353516,4008500
FIS,2022-11-02,82.79000091552734,83.12000274658203,79.16000366210938,79.47000122070312,77.53888702392578,6890700
FIS,2022-11-03,67.52999877929688,68.36000061035156,56.52999877929688,57.18000030517578,55.79053115844727,26902100
FIS,2022-11-04,57.59999847412109,60.369998931884766,57.0099983215332,60.16999816894531,58.70787048339844,22112500
FIS,2022-11-07,61.0,62.04999923706055,58.91999816894531,61.84999847412109,60.347049713134766,9384200
FIS,2022-11-08,62.22999954223633,63.540000915527344,61.83000183105469,62.66999816894531,61.14712142944336,6487700
FIS,2022-11-09,62.13999938964844,62.77000045776367,61.5,61.720001220703125,60.220211029052734,8165600
FIS,2022-11-10,64.76000213623047,65.37000274658203,63.650001525878906,64.0,62.44480514526367,8951100
FIS,2022-11-11,64.4000015258789,65.94999694824219,63.22999954223633,65.4000015258789,63.81078720092773,8269300
FIS,2022-11-14,64.80999755859375,65.7300033569336,63.880001068115234,64.5199966430664,62.95216751098633,10272500
FIS,2022-11-15,66.01000213623047,66.37999725341797,63.380001068115234,63.869998931884766,62.317962646484375,6645600
FIS,2022-11-16,63.369998931884766,63.650001525878906,61.81999969482422,61.91999816894531,60.41534423828125,6747900
FIS,2022-11-17,60.66999816894531,61.79999923706055,60.66999816894531,61.060001373291016,59.57624816894531,7665200
FIS,2022-11-18,61.20000076293945,61.869998931884766,60.84999847412109,61.40999984741211,59.91773986816406,9157900
FIS,2022-11-21,61.22999954223633,61.810001373291016,60.34000015258789,61.560001373291016,60.0640983581543,7537300
FIS,2022-11-22,61.869998931884766,65.36000061035156,61.77999877929688,65.19000244140625,63.60588836669922,8847200
FIS,2022-11-23,64.66000366210938,66.5999984741211,64.62000274658203,65.93000030517578,64.32791137695312,6970900
FIS,2022-11-25,65.98999786376953,66.18000030517578,65.29000091552734,65.9800033569336,64.37669372558594,2400000
FIS,2022-11-28,65.33000183105469,67.16999816894531,65.16999816894531,65.52999877929688,63.9376220703125,6872700
FIS,2022-11-29,65.69999694824219,68.68000030517578,65.55000305175781,67.52999877929688,65.8890151977539,8373600
FIS,2022-11-30,67.93000030517578,72.62000274658203,67.70999908447266,72.58000183105469,70.81631469726562,13852900
FIS,2022-12-01,72.69000244140625,74.30000305175781,72.3499984741211,73.18000030517578,71.40172576904297,8105200
FIS,2022-12-02,72.75,75.0,72.58999633789062,74.05999755859375,72.26034545898438,8741900
FIS,2022-12-05,73.33999633789062,74.0199966430664,72.5999984741211,72.87000274658203,71.09925842285156,7357800
FIS,2022-12-06,72.5,72.79000091552734,68.75,69.7300033569336,68.03556823730469,9632700
FIS,2022-12-07,69.33000183105469,69.69000244140625,67.37999725341797,69.2300033569336,67.54772186279297,9114600
FIS,2022-12-08,69.16999816894531,70.12000274658203,69.01000213623047,69.79000091552734,68.55956268310547,5633700
FIS,2022-12-09,68.06999969482422,70.91000366210938,67.87000274658203,70.2699966430664,69.03108978271484,12298500
FIS,2022-12-12,70.05000305175781,71.38999938964844,69.44999694824219,71.22000122070312,69.96434783935547,5616500
FIS,2022-12-13,73.43000030517578,74.2699966430664,72.62999725341797,73.0,71.71295928955078,8155500
FIS,2022-12-14,72.83999633789062,73.55000305175781,71.30000305175781,72.41000366210938,71.13336181640625,4358600
FIS,2022-12-15,74.0,74.88999938964844,69.11000061035156,69.79000091552734,68.55956268310547,15023800
FIS,2022-12-16,69.31999969482422,70.66000366210938,68.93000030517578,69.22000122070312,67.99960327148438,11648100
FIS,2022-12-19,69.08999633789062,69.5199966430664,67.0,67.3499984741211,66.1625747680664,6866800
FIS,2022-12-20,67.02999877929688,67.94999694824219,67.0,67.69000244140625,66.49658203125,5477700
FIS,2022-12-21,67.95999908447266,68.1500015258789,66.61000061035156,66.81999969482422,65.64191436767578,5855400
FIS,2022-12-22,65.87000274658203,66.75,64.94000244140625,66.58000183105469,65.4061508178711,5303800
FIS,2022-12-23,66.4000015258789,67.5,65.98999786376953,66.91999816894531,65.74015045166016,2279500
FIS,2022-12-27,66.69999694824219,67.69999694824219,66.0999984741211,67.2699966430664,66.083984375,3369400
FIS,2022-12-28,67.05000305175781,67.68000030517578,65.95999908447266,66.55000305175781,65.37667846679688,2528900
FIS,2022-12-29,66.93000030517578,68.33000183105469,66.5999984741211,67.9000015258789,66.702880859375,3267900
FIS,2022-12-30,67.0999984741211,67.86000061035156,66.94999694824219,67.8499984741211,66.65375518798828,2604400
FIS,2023-01-03,68.72000122070312,69.54000091552734,67.80000305175781,68.54000091552734,67.33159637451172,5364400
FIS,2023-01-04,69.56999969482422,70.29000091552734,68.9000015258789,69.2699966430664,68.04871368408203,5978800
FIS,2023-01-05,68.8499984741211,69.0,67.80999755859375,68.19000244140625,66.98776245117188,3532500
FIS,2023-01-06,68.55999755859375,69.94999694824219,68.05999755859375,69.30000305175781,68.07819366455078,4872100
FIS,2023-01-09,69.48999786376953,70.63999938964844,68.8499984741211,70.0,68.76585388183594,4706400
FIS,2023-01-10,70.04000091552734,70.04000091552734,68.33999633789062,69.0,67.78348541259766,4014100
FIS,2023-01-11,68.94000244140625,69.4800033569336,68.16999816894531,69.47000122070312,68.24520111083984,6241300
FIS,2023-01-12,69.80000305175781,70.04000091552734,68.2699966430664,69.27999877929688,68.05854797363281,9572500
FIS,2023-01-13,68.52999877929688,69.7699966430664,68.5,69.75,68.52025604248047,6474400
FIS,2023-01-17,69.08999633789062,71.55999755859375,68.77999877929688,71.41000366210938,70.15099334716797,6474900
FIS,2023-01-18,71.94000244140625,71.9800033569336,69.58999633789062,69.63999938964844,68.41219329833984,5699900
FIS,2023-01-19,68.66999816894531,72.12000274658203,68.31999969482422,71.02999877929688,69.77769470214844,11258200
FIS,2023-01-20,71.55000305175781,74.27999877929688,70.87000274658203,73.91999816894531,72.61673736572266,7548200
FIS,2023-01-23,74.48999786376953,75.04000091552734,73.44000244140625,74.4800033569336,73.1668701171875,4296900
FIS,2023-01-24,73.86000061035156,75.0199966430664,73.73999786376953,74.41000366210938,73.09810638427734,2761300
FIS,2023-01-25,73.55999755859375,74.22000122070312,72.51000213623047,74.22000122070312,72.91145324707031,3511700
FIS,2023-01-26,75.0199966430664,75.1500015258789,73.44000244140625,74.88999938964844,73.56964111328125,2536400
FIS,2023-01-27,74.98999786376953,75.41999816894531,74.41999816894531,75.33000183105469,74.00188446044922,3510200
FIS,2023-01-30,74.37999725341797,74.91999816894531,73.8499984741211,74.38999938964844,73.07845306396484,4117200
FIS,2023-01-31,74.51000213623047,75.06999969482422,73.62000274658203,75.04000091552734,73.71699523925781,5182200
FIS,2023-02-01,74.91999816894531,77.27999877929688,74.51000213623047,76.79000091552734,75.43614196777344,3360700
FIS,2023-02-02,77.5199966430664,79.31999969482422,77.27999877929688,77.80999755859375,76.43815612792969,4320100
FIS,2023-02-03,76.62999725341797,76.7300033569336,74.33999633789062,75.38999938964844,74.06082916259766,3890700
FIS,2023-02-06,74.3499984741211,74.75,72.7300033569336,73.08999633789062,71.80137634277344,4536800
FIS,2023-02-07,73.26000213623047,75.41000366210938,72.91000366210938,75.23999786376953,73.91346740722656,7222200
FIS,2023-02-08,74.58000183105469,74.94000244140625,73.19000244140625,73.36000061035156,72.06661224365234,2743000
FIS,2023-02-09,75.75,76.27999877929688,73.38999938964844,73.94999694824219,72.64620971679688,6712400
FIS,2023-02-10,73.52999877929688,75.66999816894531,73.41000366210938,75.43000030517578,74.1001205444336,4047700
FIS,2023-02-13,65.41000366210938,66.04000091552734,63.5099983215332,66.0,64.83637237548828,20327200
FIS,2023-02-14,66.06999969482422,69.61000061035156,66.0,67.80999755859375,66.61446380615234,11465200
FIS,2023-02-15,66.6500015258789,67.6500015258789,65.91000366210938,67.44999694824219,66.26080322265625,6793900
FIS,2023-02-16,66.87999725341797,69.5199966430664,66.5,69.16000366210938,67.94066619873047,8059100
FIS,2023-02-17,68.72000122070312,69.6500015258789,67.83000183105469,69.5,68.27467346191406,6132800
FIS,2023-02-21,69.0999984741211,69.0999984741211,66.4800033569336,67.11000061035156,65.92680358886719,6191100
FIS,2023-02-22,67.79000091552734,68.22000122070312,66.4000015258789,67.02999877929688,65.84821319580078,4871200
FIS,2023-02-23,67.41999816894531,67.47000122070312,65.02999877929688,66.18000030517578,65.01319885253906,5704000
FIS,2023-02-24,65.05000305175781,65.62000274658203,64.25,64.9000015258789,63.75577163696289,6299200
FIS,2023-02-27,65.0,65.36000061035156,64.4000015258789,64.5199966430664,63.382469177246094,3774200
FIS,2023-02-28,64.26000213623047,64.68000030517578,63.27000045776367,63.369998931884766,62.252742767333984,5809700
FIS,2023-03-01,63.66999816894531,63.9900016784668,61.91999816894531,62.84999847412109,61.74190902709961,9882500
FIS,2023-03-02,63.02999877929688,63.95000076293945,62.22999954223633,63.88999938964844,62.76357650756836,6656500
FIS,2023-03-03,64.36000061035156,64.69999694824219,63.310001373291016,63.93000030517578,62.80287170410156,5114300
FIS,2023-03-06,64.2300033569336,64.80000305175781,63.68000030517578,63.880001068115234,62.753753662109375,3342900
FIS,2023-03-07,63.880001068115234,64.4800033569336,62.459999084472656,62.630001068115234,61.52579498291016,4832300
FIS,2023-03-08,62.33000183105469,62.959999084472656,61.9900016784668,62.91999816894531,61.81067657470703,3275300
FIS,2023-03-09,62.5099983215332,62.81999969482422,59.68000030517578,59.7599983215332,59.19561004638672,5938600
FIS,2023-03-10,59.119998931884766,59.400001525878906,56.720001220703125,57.220001220703125,56.67960357666016,7361400
FIS,2023-03-13,56.36000061035156,56.43000030517578,49.63999938964844,49.81999969482422,49.3494873046875,16367000
FIS,2023-03-14,52.81999969482422,54.34000015258789,52.34000015258789,53.31999969482422,52.81643295288086,9912600
FIS,2023-03-15,51.5,51.970001220703125,50.41999816894531,51.56999969482422,51.08296203613281,13603100
FIS,2023-03-16,50.650001525878906,52.43999862670898,49.13999938964844,52.150001525878906,51.65748596191406,10721600
FIS,2023-03-17,52.27000045776367,52.90999984741211,51.619998931884766,51.63999938964844,51.15229797363281,17111500
FIS,2023-03-20,51.790000915527344,52.709999084472656,51.040000915527344,51.54999923706055,51.06314849853516,8089800
FIS,2023-03-21,53.16999816894531,53.40999984741211,52.119998931884766,53.09000015258789,52.58860397338867,6940600
FIS,2023-03-22,52.91999816894531,52.91999816894531,51.220001220703125,51.27000045776367,50.78579330444336,5787600
FIS,2023-03-23,51.119998931884766,51.75,49.90999984741211,49.970001220703125,49.49807357788086,6570500
FIS,2023-03-24,49.130001068115234,49.93000030517578,48.56999969482422,49.70000076293945,49.23062133789063,7601700
FIS,2023-03-27,50.959999084472656,51.59000015258789,50.09999847412109,50.209999084472656,49.73580551147461,7104700
FIS,2023-03-28,50.209999084472656,50.9900016784668,49.959999084472656,50.650001525878906,50.17164993286133,4622200
FIS,2023-03-29,51.369998931884766,51.59000015258789,50.93000030517578,51.470001220703125,50.98390579223633,6846700
FIS,2023-03-30,52.22999954223633,52.97999954223633,51.59999847412109,52.16999816894531,51.67729187011719,7118100
FIS,2023-03-31,52.68000030517578,54.43999862670898,52.560001373291016,54.33000183105469,53.81689453125,7492400
FIS,2023-04-03,54.5,54.709999084472656,53.77999877929688,54.09000015258789,53.57916259765625,5743700
FIS,2023-04-04,54.25,54.27999877929688,52.88999938964844,52.95000076293945,52.449928283691406,6982400
FIS,2023-04-05,52.5099983215332,54.09999847412109,52.5099983215332,53.720001220703125,53.2126579284668,6628100
FIS,2023-04-06,53.630001068115234,55.4900016784668,53.59999847412109,55.43000030517578,54.9065055847168,5721700
FIS,2023-04-10,55.18000030517578,55.43000030517578,53.970001220703125,54.68999862670898,54.17349243164063,4372200
FIS,2023-04-11,54.68999862670898,56.40999984741211,54.52999877929688,56.0,55.47112274169922,4954800
FIS,2023-04-12,56.790000915527344,57.16999816894531,54.93000030517578,55.310001373291016,54.78763961791992,4471300
FIS,2023-04-13,55.15999984741211,57.18000030517578,55.060001373291016,56.70000076293945,56.164512634277344,5090900
FIS,2023-04-14,57.02000045776367,57.810001373291016,56.7400016784668,57.40999984741211,56.86780548095703,4702800
FIS,2023-04-17,57.2400016784668,58.09000015258789,57.060001373291016,58.040000915527344,57.49185562133789,4898500
FIS,2023-04-18,58.09999847412109,58.27999877929688,56.59000015258789,56.65999984741211,56.1248893737793,4137800
FIS,2023-04-19,56.7599983215332,56.810001373291016,55.84999847412109,56.0099983215332,55.48102569580078,4705400
FIS,2023-04-20,55.58000183105469,56.43999862670898,55.16999816894531,56.27999877929688,55.748477935791016,4504800
FIS,2023-04-21,56.34999847412109,56.61000061035156,55.900001525878906,56.27999877929688,55.748477935791016,3763200
FIS,2023-04-24,56.470001220703125,56.54999923706055,55.61000061035156,55.86000061035156,55.33244705200195,5842700
FIS,2023-04-25,55.59999847412109,56.150001525878906,55.08000183105469,55.27999877929688,54.7579231262207,2923200
FIS,2023-04-26,55.0,55.959999084472656,54.619998931884766,54.84000015258789,54.322078704833984,5129000
FIS,2023-04-27,58.4900016784668,59.310001373291016,56.150001525878906,56.310001373291016,55.7781982421875,8197400
FIS,2023-04-28,57.290000915527344,58.810001373291016,56.7599983215332,58.720001220703125,58.165435791015625,5818000
FIS,2023-05-01,57.970001220703125,58.34000015258789,56.54999923706055,56.68999862670898,56.15460586547852,3898600
FIS,2023-05-02,56.38999938964844,56.560001373291016,53.02999877929688,53.130001068115234,52.62822723388672,5895800
FIS,2023-05-03,53.220001220703125,54.18999862670898,52.43999862670898,52.86000061035156,52.36077880859375,7877900
FIS,2023-05-04,52.27000045776367,53.34000015258789,51.91999816894531,53.22999954223633,52.7272834777832,6083100
FIS,2023-05-05,54.02999877929688,55.79999923706055,53.40999984741211,55.75,55.22348403930664,4910400
FIS,2023-05-08,55.58000183105469,56.2400016784668,55.43999862670898,55.959999084472656,55.43149948120117,4017000
FIS,2023-05-09,55.33000183105469,56.209999084472656,55.09000015258789,55.650001525878906,55.12443161010742,3639100
FIS,2023-05-10,56.13999938964844,56.43000030517578,54.52000045776367,55.13999938964844,54.61924362182617,3414400
FIS,2023-05-11,54.56999969482422,55.290000915527344,54.20000076293945,55.0,54.480567932128906,3697700
FIS,2023-05-12,55.380001068115234,55.38999938964844,54.27999877929688,55.06999969482422,54.549903869628906,2178400
FIS,2023-05-15,55.4900016784668,55.709999084472656,54.72999954223633,55.52999877929688,55.00556182861328,2747700
FIS,2023-05-16,55.40999984741211,55.630001068115234,54.56999969482422,54.90999984741211,54.39141845703125,3358200
FIS,2023-05-17,55.310001373291016,56.31999969482422,55.09000015258789,55.97999954223633,55.45131301879883,3735800
FIS,2023-05-18,55.88999938964844,57.900001525878906,55.52999877929688,57.84999847412109,57.30364990234375,4434200
FIS,2023-05-19,58.27999877929688,58.59000015258789,56.68999862670898,56.84000015258789,56.30318832397461,3827600
FIS,2023-05-22,57.0,58.58000183105469,56.84999847412109,57.470001220703125,56.927242279052734,3835300
FIS,2023-05-23,57.0099983215332,57.18000030517578,55.68999862670898,55.790000915527344,55.26310729980469,3583300
FIS,2023-05-24,55.02000045776367,55.290000915527344,53.650001525878906,53.86000061035156,53.35133361816406,5055300
FIS,2023-05-25,53.7599983215332,53.93000030517578,52.84000015258789,53.27999877929688,52.77680969238281,2936400
FIS,2023-05-26,53.52000045776367,54.4900016784668,53.400001525878906,54.459999084472656,53.9456672668457,2696500
FIS,2023-05-30,54.5,54.61000061035156,53.34000015258789,53.970001220703125,53.460296630859375,4006400
FIS,2023-05-31,53.5,54.77000045776367,53.06999969482422,54.56999969482422,54.05462646484375,14522500
FIS,2023-06-01,54.86000061035156,55.59999847412109,54.59999847412109,55.0,54.480567932128906,4123500
FIS,2023-06-02,55.7400016784668,56.0,54.880001068115234,55.380001068115234,54.85697937011719,8896800
FIS,2023-06-05,55.59000015258789,55.59000015258789,54.18000030517578,54.70000076293945,54.18339920043945,4351700
FIS,2023-06-06,54.72999954223633,55.369998931884766,54.65999984741211,54.97999954223633,54.46075439453125,8332200
FIS,2023-06-07,55.369998931884766,55.43000030517578,54.810001373291016,55.060001373291016,54.540000915527344,11502000
FIS,2023-06-08,54.52999877929688,54.869998931884766,53.72999954223633,54.4900016784668,54.4900016784668,3246300
FIS,2023-06-09,54.68999862670898,54.959999084472656,54.220001220703125,54.65999984741211,54.65999984741211,2765000
FIS,2023-06-12,54.86000061035156,55.20000076293945,54.18999862670898,54.47999954223633,54.47999954223633,6077000
FIS,2023-06-13,54.95000076293945,55.66999816894531,54.4900016784668,55.20000076293945,55.20000076293945,4476700
FIS,2023-06-14,55.34999847412109,56.209999084472656,54.61000061035156,54.70000076293945,54.70000076293945,4577200
FIS,2023-06-15,54.29999923706055,54.54999923706055,53.790000915527344,54.04999923706055,54.04999923706055,7761500
FIS,2023-06-16,54.5,55.34999847412109,54.18000030517578,54.77999877929688,54.77999877929688,6076900
FIS,2023-06-20,54.20000076293945,54.97999954223633,53.45000076293945,54.650001525878906,54.650001525878906,4268600
FIS,2023-06-21,54.2599983215332,54.75,53.54999923706055,53.619998931884766,53.619998931884766,4725500
FIS,2023-06-22,53.220001220703125,53.56999969482422,52.77000045776367,53.540000915527344,53.540000915527344,3078100
FIS,2023-06-23,52.959999084472656,53.540000915527344,52.56999969482422,52.75,52.75,11462400
FIS,2023-06-26,52.540000915527344,53.380001068115234,52.540000915527344,52.68000030517578,52.68000030517578,3027300
FIS,2023-06-27,52.83000183105469,53.11000061035156,52.02999877929688,52.41999816894531,52.41999816894531,2992100
FIS,2023-06-28,52.52000045776367,53.11000061035156,52.119998931884766,53.09999847412109,53.09999847412109,3315000
FIS,2023-06-29,53.31999969482422,53.83000183105469,52.86000061035156,52.91999816894531,52.91999816894531,4538500
FIS,2023-06-30,53.84999847412109,54.81999969482422,53.66999816894531,54.70000076293945,54.70000076293945,5354000
FIS,2023-07-03,58.0,58.70000076293945,56.61000061035156,58.0,58.0,8777000
FIS,2023-07-05,58.0099983215332,60.560001373291016,57.83000183105469,59.79999923706055,59.79999923706055,14526900
FIS,2023-07-06,59.119998931884766,59.84000015258789,57.68999862670898,59.09000015258789,59.09000015258789,14910600
FIS,2023-07-07,58.45000076293945,59.810001373291016,58.13999938964844,59.27000045776367,59.27000045776367,8498400
FIS,2023-07-10,59.400001525878906,59.650001525878906,58.08000183105469,58.38999938964844,58.38999938964844,5578700
FIS,2023-07-11,58.40999984741211,59.470001220703125,58.20000076293945,59.290000915527344,59.290000915527344,3934600
FIS,2023-07-12,60.290000915527344,60.45000076293945,58.93000030517578,59.2400016784668,59.2400016784668,3591300
FIS,2023-07-13,59.34999847412109,59.9900016784668,58.7400016784668,59.630001068115234,59.630001068115234,3198800
FIS,2023-07-14,59.709999084472656,59.880001068115234,58.7599983215332,59.16999816894531,59.16999816894531,3385900
FIS,2023-07-17,58.81999969482422,59.150001525878906,58.34000015258789,58.36000061035156,58.36000061035156,2953000
FIS,2023-07-18,58.36000061035156,60.31999969482422,58.33000183105469,60.16999816894531,60.16999816894531,5236400
FIS,2023-07-19,60.41999816894531,61.380001068115234,60.220001220703125,60.83000183105469,60.83000183105469,4490000
FIS,2023-07-20,60.86000061035156,61.43000030517578,60.66999816894531,61.18000030517578,61.18000030517578,4054400
FIS,2023-07-21,61.619998931884766,61.880001068115234,60.84999847412109,61.560001373291016,61.560001373291016,3861000
FIS,2023-07-24,61.619998931884766,62.08000183105469,61.41999816894531,61.84000015258789,61.84000015258789,3084900
FIS,2023-07-25,62.0,62.38999938964844,61.84999847412109,62.119998931884766,62.119998931884766,3528500
FIS,2023-07-26,62.0,62.02000045776367,61.13999938964844,61.4900016784668,61.4900016784668,4411800
FIS,2023-07-27,61.58000183105469,61.93999862670898,60.84999847412109,60.970001220703125,60.970001220703125,4340100
FIS,2023-07-28,61.810001373291016,61.869998931884766,59.380001068115234,59.650001525878906,59.650001525878906,3379400
FIS,2023-07-31,60.040000915527344,60.88999938964844,59.95000076293945,60.380001068115234,60.380001068115234,3294900
FIS,2023-08-01,60.400001525878906,61.15999984741211,60.22999954223633,61.06999969482422,61.06999969482422,3289900
FIS,2023-08-02,62.15999984741211,62.58000183105469,58.43999862670898,59.5099983215332,59.5099983215332,7092400
FIS,2023-08-03,59.15999984741211,59.275001525878906,57.290000915527344,57.45000076293945,57.45000076293945,3228991
